{"type": "FeatureCollection", "features": [{"type": "Feature", "properties": {"id": "4790", "id1": "4790", "laenge": 29.15, "name": "Baerwaldstr.", "dtv_2020": 6978, "dtv_2025": 6414, "no2_2020": 19.39, "pm10_2020": 20.37, "pm25_2020": 14.47, "no2_2025": 14.58, "pm10_2025": 19.84, "pm25_2025": 14.01, "n_betrof": 35, "index_2020": 0.99, "index_no2": 0.48, "index_pm10": 0.5}, "geometry": {"type": "MultiLineString", "coordinates": [[[13.40216676, 52.4927262], [13.4023507, 52.492963]]]}}, {"type": "Feature", "properties": {"id": "4791", "id1": "4791", "laenge": 63.18, "name": "Baerwaldstr.", "dtv_2020": 6978, "dtv_2025": 6414, "no2_2020": 21.3, "pm10_2020": 20.81, "pm25_2020": 14.72, "no2_2025": 15.54, "pm10_2025": 20.23, "pm25_2025": 14.22, "n_betrof": 39, "index_2020": 1.05, "index_no2": 0.53, "index_pm10": 0.52}, "geometry": {"type": "MultiLineString", "coordinates": [[[13.4023507, 52.492963], [13.40274926, 52.4934762]]]}}, {"type": "Feature", "properties": {"id": "4792", "id1": "4792", "laenge": 28.36, "name": "Baerwaldstr.", "dtv_2020": 6978, "dtv_2025": 6414, "no2_2020": 19.6, "pm10_2020": 20.41, "pm25_2020": 14.49, "no2_2025": 14.7, "pm10_2025": 19.89, "pm25_2025": 14.02, "n_betrof": 35, "index_2020": 1.0, "index_no2": 0.49, "index_pm10": 0.51}, "geometry": {"type": "MultiLineString", "coordinates": [[[13.40274926, 52.4934762], [13.40285517, 52.49358606], [13.40296108, 52.49369592]]]}}, {"type": "Feature", "properties": {"id": "4793", "id1": "4793", "laenge": 144.85, "name": "Baerwaldstr.", "dtv_2020": 9970, "dtv_2025": 8752, "no2_2020": 20.18, "pm10_2020": 20.57, "pm25_2020": 14.48, "no2_2025": 14.91, "pm10_2025": 20.0, "pm25_2025": 13.99, "n_betrof": 142, "index_2020": 1.01, "index_no2": 0.5, "index_pm10": 0.51}, "geometry": {"type": "MultiLineString", "coordinates": [[[13.40326674, 52.49403757], [13.40417271, 52.49521639]]]}}, {"type": "Feature", "properties": {"id": "4794", "id1": "4794", "laenge": 94.67, "name": "Baerwaldstr.", "dtv_2020": 10089, "dtv_2025": 8947, "no2_2020": 19.77, "pm10_2020": 20.48, "pm25_2020": 14.44, "no2_2025": 14.8, "pm10_2025": 19.92, "pm25_2025": 13.97, "n_betrof": 93, "index_2020": 1.0, "index_no2": 0.49, "index_pm10": 0.51}, "geometry": {"type": "MultiLineString", "coordinates": [[[13.40426671, 52.49533805], [13.40486257, 52.49610745]]]}}, {"type": "Feature", "properties": {"id": "4802", "id1": "4802", "laenge": 93.86, "name": "Gitschiner Str.", "dtv_2020": 31818, "dtv_2025": 29576, "no2_2020": 27.88, "pm10_2020": 23.01, "pm25_2020": 15.65, "no2_2025": 19.27, "pm10_2025": 22.17, "pm25_2025": 15.0, "n_betrof": 60, "index_2020": 1.27, "index_no2": 0.69, "index_pm10": 0.57}, "geometry": {"type": "MultiLineString", "coordinates": [[[13.40344279, 52.49837159], [13.40475252, 52.49837856], [13.40482528, 52.49837891]]]}}, {"type": "Feature", "properties": {"id": "4803", "id1": "4803", "laenge": 113.64, "name": "Gitschiner Str.", "dtv_2020": 31818, "dtv_2025": 29576, "no2_2020": 24.85, "pm10_2020": 22.19, "pm25_2020": 15.28, "no2_2025": 17.67, "pm10_2025": 21.46, "pm25_2025": 14.71, "n_betrof": 53, "index_2020": 1.17, "index_no2": 0.62, "index_pm10": 0.55}, "geometry": {"type": "MultiLineString", "coordinates": [[[13.40482528, 52.49837891], [13.40562567, 52.49838323], [13.40569844, 52.49838358], [13.40613516, 52.49838587], [13.40649898, 52.4983878]]]}}, {"type": "Feature", "properties": {"id": "4804", "id1": "4804", "laenge": 266.58, "name": "Gitschiner Str.", "dtv_2020": 30194, "dtv_2025": 27338, "no2_2020": 24.4, "pm10_2020": 22.03, "pm25_2020": 15.16, "no2_2025": 17.01, "pm10_2025": 21.23, "pm25_2025": 14.56, "n_betrof": 276, "index_2020": 1.16, "index_no2": 0.61, "index_pm10": 0.55}, "geometry": {"type": "MultiLineString", "coordinates": [[[13.40661795, 52.49839354], [13.40834032, 52.49839658], [13.40910805, 52.49842831], [13.4092498, 52.49843579], [13.40988766, 52.49846963], [13.41010028, 52.49848085], [13.41053439, 52.49851887]]]}}, {"type": "Feature", "properties": {"id": "4805", "id1": "4805", "laenge": 105.75, "name": "Gitschiner Str.", "dtv_2020": 30581, "dtv_2025": 27912, "no2_2020": 21.02, "pm10_2020": 21.21, "pm25_2020": 14.84, "no2_2025": 15.44, "pm10_2025": 20.58, "pm25_2025": 14.33, "n_betrof": 66, "index_2020": 1.05, "index_no2": 0.52, "index_pm10": 0.53}, "geometry": {"type": "MultiLineString", "coordinates": [[[13.41053439, 52.49851887], [13.41068085, 52.49852632], [13.41082717, 52.49853377], [13.41104686, 52.49854499], [13.41119332, 52.49855253], [13.41133979, 52.49855999], [13.41140774, 52.49856315], [13.41208692, 52.49859501]]]}}, {"type": "Feature", "properties": {"id": "4809", "id1": "4809", "laenge": 288.65, "name": "Hasenheide", "dtv_2020": 22995, "dtv_2025": 20305, "no2_2020": 24.53, "pm10_2020": 21.71, "pm25_2020": 15.13, "no2_2025": 16.94, "pm10_2025": 20.8, "pm25_2025": 14.47, "n_betrof": 307, "index_2020": 1.15, "index_no2": 0.61, "index_pm10": 0.54}, "geometry": {"type": "MultiLineString", "coordinates": [[[13.40800022, 52.4889786], [13.4084553, 52.48892691], [13.4103611, 52.48868127], [13.41215977, 52.48844487]]]}}, {"type": "Feature", "properties": {"id": "4810", "id1": "4810", "laenge": 98.05, "name": "Hasenheide", "dtv_2020": 22995, "dtv_2025": 20305, "no2_2020": 17.02, "pm10_2020": 19.77, "pm25_2020": 14.16, "no2_2025": 12.99, "pm10_2025": 19.27, "pm25_2025": 13.72, "n_betrof": 8, "index_2020": 0.92, "index_no2": 0.42, "index_pm10": 0.49}, "geometry": {"type": "MultiLineString", "coordinates": [[[13.41215977, 52.48844487], [13.41237568, 52.48841647], [13.41309506, 52.48832192], [13.41340007, 52.48829391], [13.41357348, 52.48826765]]]}}, {"type": "Feature", "properties": {"id": "4811", "id1": "4811", "laenge": 31.26, "name": "Hasenheide", "dtv_2020": 23085, "dtv_2025": 20292, "no2_2020": 17.42, "pm10_2020": 19.92, "pm25_2020": 14.25, "no2_2025": 13.23, "pm10_2025": 19.4, "pm25_2025": 13.8, "n_betrof": 9, "index_2020": 0.93, "index_no2": 0.43, "index_pm10": 0.49}, "geometry": {"type": "MultiLineString", "coordinates": [[[13.41364052, 52.48825902], [13.41397582, 52.48821595], [13.4140849, 52.48818882]]]}}, {"type": "Feature", "properties": {"id": "4812", "id1": "4812", "laenge": 18.63, "name": "Hasenheide", "dtv_2020": 22315, "dtv_2025": 20259, "no2_2020": 16.82, "pm10_2020": 19.67, "pm25_2020": 14.1, "no2_2025": 12.87, "pm10_2025": 19.18, "pm25_2025": 13.67, "n_betrof": 16, "index_2020": 0.91, "index_no2": 0.42, "index_pm10": 0.49}, "geometry": {"type": "MultiLineString", "coordinates": [[[13.4140849, 52.48818882], [13.41435479, 52.48815854]]]}}, {"type": "Feature", "properties": {"id": "4813", "id1": "4813", "laenge": 158.3, "name": "Hasenheide", "dtv_2020": 22315, "dtv_2025": 20259, "no2_2020": 20.06, "pm10_2020": 20.49, "pm25_2020": 14.52, "no2_2025": 14.65, "pm10_2025": 19.85, "pm25_2025": 14.0, "n_betrof": 140, "index_2020": 1.01, "index_no2": 0.5, "index_pm10": 0.51}, "geometry": {"type": "MultiLineString", "coordinates": [[[13.41435479, 52.48815854], [13.41663363, 52.487859]]]}}, {"type": "Feature", "properties": {"id": "4814", "id1": "4814", "laenge": 147.61, "name": "Hasenheide", "dtv_2020": 22315, "dtv_2025": 20259, "no2_2020": 21.41, "pm10_2020": 20.8, "pm25_2020": 14.67, "no2_2025": 15.37, "pm10_2025": 20.09, "pm25_2025": 14.11, "n_betrof": 173, "index_2020": 1.05, "index_no2": 0.53, "index_pm10": 0.52}, "geometry": {"type": "MultiLineString", "coordinates": [[[13.41663363, 52.487859], [13.41783772, 52.48770212], [13.41875946, 52.48758228]]]}}, {"type": "Feature", "properties": {"id": "4815", "id1": "4815", "laenge": 39.24, "name": "Hasenheide", "dtv_2020": 22315, "dtv_2025": 20259, "no2_2020": 17.1, "pm10_2020": 19.71, "pm25_2020": 14.13, "no2_2025": 13.08, "pm10_2025": 19.22, "pm25_2025": 13.69, "n_betrof": 16, "index_2020": 0.92, "index_no2": 0.42, "index_pm10": 0.49}, "geometry": {"type": "MultiLineString", "coordinates": [[[13.41875946, 52.48758228], [13.41911401, 52.48753613], [13.41925592, 52.48751771], [13.41932364, 52.48750611]]]}}, {"type": "Feature", "properties": {"id": "4816", "id1": "4816", "laenge": 119.83, "name": "Hasenheide", "dtv_2020": 22263, "dtv_2025": 19914, "no2_2020": 19.81, "pm10_2020": 20.39, "pm25_2020": 14.48, "no2_2025": 14.52, "pm10_2025": 19.77, "pm25_2025": 13.97, "n_betrof": 70, "index_2020": 1.0, "index_no2": 0.49, "index_pm10": 0.5}, "geometry": {"type": "MultiLineString", "coordinates": [[[13.41960036, 52.48747007], [13.42043049, 52.48736211], [13.42062882, 52.48733527], [13.42069483, 52.48732635], [13.42109132, 52.48727284], [13.42132349, 52.48723845]]]}}, {"type": "Feature", "properties": {"id": "4817", "id1": "4817", "laenge": 141.85, "name": "Hasenheide", "dtv_2020": 22263, "dtv_2025": 19914, "no2_2020": 23.54, "pm10_2020": 21.32, "pm25_2020": 14.96, "no2_2025": 16.53, "pm10_2025": 20.52, "pm25_2025": 14.35, "n_betrof": 137, "index_2020": 1.12, "index_no2": 0.58, "index_pm10": 0.53}, "geometry": {"type": "MultiLineString", "coordinates": [[[13.42132349, 52.48723845], [13.4217015, 52.48712931], [13.42212414, 52.48699927], [13.42225682, 52.48696714], [13.42307498, 52.48672828], [13.42321057, 52.48669259]]]}}, {"type": "Feature", "properties": {"id": "4818", "id1": "4818", "laenge": 80.05, "name": "Hasenheide", "dtv_2020": 22202, "dtv_2025": 19946, "no2_2020": 24.43, "pm10_2020": 21.38, "pm25_2020": 14.95, "no2_2025": 16.81, "pm10_2025": 20.57, "pm25_2025": 14.34, "n_betrof": 80, "index_2020": 1.14, "index_no2": 0.61, "index_pm10": 0.53}, "geometry": {"type": "MultiLineString", "coordinates": [[[13.42321057, 52.48669259], [13.4238837, 52.48650187], [13.42403461, 52.48645389], [13.4242065, 52.48639163], [13.4242638, 52.4863709]]]}}, {"type": "Feature", "properties": {"id": "4819", "id1": "4819", "laenge": 19.57, "name": "Mariannenstr.", "dtv_2020": 5381, "dtv_2025": 4653, "no2_2020": 19.63, "pm10_2020": 20.95, "pm25_2020": 14.84, "no2_2025": 15.07, "pm10_2025": 20.41, "pm25_2025": 14.38, "n_betrof": 33, "index_2020": 1.01, "index_no2": 0.49, "index_pm10": 0.52}, "geometry": {"type": "MultiLineString", "coordinates": [[[13.4223724, 52.49923153], [13.42248401, 52.49939378]]]}}, {"type": "Feature", "properties": {"id": "4820", "id1": "4820", "laenge": 53.83, "name": "Mariannenstr.", "dtv_2020": 5381, "dtv_2025": 4653, "no2_2020": 21.13, "pm10_2020": 21.23, "pm25_2020": 15.03, "no2_2025": 15.79, "pm10_2025": 20.62, "pm25_2025": 14.52, "n_betrof": 41, "index_2020": 1.05, "index_no2": 0.52, "index_pm10": 0.53}, "geometry": {"type": "MultiLineString", "coordinates": [[[13.42256775, 52.49951547], [13.42262348, 52.49959659], [13.42279082, 52.49983996], [13.42281884, 52.49988053], [13.42287457, 52.49996165]]]}}, {"type": "Feature", "properties": {"id": "4821", "id1": "4821", "laenge": 24.46, "name": "Mariannenstr.", "dtv_2020": 5381, "dtv_2025": 4653, "no2_2020": 19.31, "pm10_2020": 20.89, "pm25_2020": 14.74, "no2_2025": 14.83, "pm10_2025": 20.36, "pm25_2025": 14.28, "n_betrof": 33, "index_2020": 1.0, "index_no2": 0.48, "index_pm10": 0.52}, "geometry": {"type": "MultiLineString", "coordinates": [[[13.42287457, 52.49996165], [13.42301405, 52.50016437]]]}}, {"type": "Feature", "properties": {"id": "4836", "id1": "4836", "laenge": 158.61, "name": "Oranienstr.", "dtv_2020": 10884, "dtv_2025": 9997, "no2_2020": 34.54, "pm10_2020": 25.05, "pm25_2020": 16.47, "no2_2025": 22.12, "pm10_2025": 23.99, "pm25_2025": 15.69, "n_betrof": 132, "index_2020": 1.49, "index_no2": 0.86, "index_pm10": 0.62}, "geometry": {"type": "MultiLineString", "coordinates": [[[13.42367995, 52.50007848], [13.42400339, 52.49999036], [13.42413702, 52.49995321], [13.42580719, 52.49948902]]]}}, {"type": "Feature", "properties": {"id": "4837", "id1": "4837", "laenge": 70.6, "name": "Oranienstr.", "dtv_2020": 10884, "dtv_2025": 9997, "no2_2020": 21.46, "pm10_2020": 21.44, "pm25_2020": 14.99, "no2_2025": 15.8, "pm10_2025": 20.84, "pm25_2025": 14.49, "n_betrof": 63, "index_2020": 1.07, "index_no2": 0.53, "index_pm10": 0.53}, "geometry": {"type": "MultiLineString", "coordinates": [[[13.42580719, 52.49948902], [13.4261411, 52.49939618], [13.42626018, 52.49935785], [13.42649806, 52.49928108], [13.42673607, 52.49920431]]]}}, {"type": "Feature", "properties": {"id": "4838", "id1": "4838", "laenge": 143.36, "name": "Pannierstr.", "dtv_2020": 7540, "dtv_2025": 6691, "no2_2020": 27.33, "pm10_2020": 22.4, "pm25_2020": 15.22, "no2_2025": 17.72, "pm10_2025": 21.52, "pm25_2025": 14.57, "n_betrof": 152, "index_2020": 1.24, "index_no2": 0.68, "index_pm10": 0.56}, "geometry": {"type": "MultiLineString", "coordinates": [[[13.43040991, 52.4862736], [13.43114023, 52.48702379], [13.43148641, 52.48738218]]]}}, {"type": "Feature", "properties": {"id": "4839", "id1": "4839", "laenge": 14.86, "name": "Prinzenstr.", "dtv_2020": 10115, "dtv_2025": 8724, "no2_2020": 19.41, "pm10_2020": 20.46, "pm25_2020": 14.47, "no2_2025": 14.81, "pm10_2025": 19.93, "pm25_2025": 14.02, "n_betrof": 6, "index_2020": 0.99, "index_no2": 0.48, "index_pm10": 0.51}, "geometry": {"type": "MultiLineString", "coordinates": [[[13.40537798, 52.49678055], [13.40547098, 52.49690148]]]}}, {"type": "Feature", "properties": {"id": "4840", "id1": "4840", "laenge": 109.01, "name": "Prinzenstr.", "dtv_2020": 10115, "dtv_2025": 8724, "no2_2020": 21.18, "pm10_2020": 21.02, "pm25_2020": 14.71, "no2_2025": 15.62, "pm10_2025": 20.4, "pm25_2025": 14.2, "n_betrof": 39, "index_2020": 1.05, "index_no2": 0.52, "index_pm10": 0.52}, "geometry": {"type": "MultiLineString", "coordinates": [[[13.40581188, 52.49734511], [13.40602898, 52.49762738], [13.40618388, 52.49782898], [13.40636989, 52.49807092], [13.40643194, 52.4981516], [13.40649384, 52.49823227]]]}}, {"type": "Feature", "properties": {"id": "4846", "id1": "4846", "laenge": 126.59, "name": "Schlesische Str.", "dtv_2020": 20458, "dtv_2025": 20656, "no2_2020": 36.24, "pm10_2020": 25.71, "pm25_2020": 16.72, "no2_2025": 24.89, "pm10_2025": 25.04, "pm25_2025": 16.06, "n_betrof": 127, "index_2020": 1.54, "index_no2": 0.9, "index_pm10": 0.64}, "geometry": {"type": "MultiLineString", "coordinates": [[[13.44395298, 52.50004062], [13.4453153, 52.49932279], [13.44536309, 52.49929608]]]}}, {"type": "Feature", "properties": {"id": "4847", "id1": "4847", "laenge": 137.41, "name": "Schlesische Str.", "dtv_2020": 20861, "dtv_2025": 20851, "no2_2020": 30.37, "pm10_2020": 24.14, "pm25_2020": 16.07, "no2_2025": 21.08, "pm10_2025": 23.5, "pm25_2025": 15.47, "n_betrof": 125, "index_2020": 1.36, "index_no2": 0.75, "index_pm10": 0.6}, "geometry": {"type": "MultiLineString", "coordinates": [[[13.44562903, 52.49913244], [13.44712381, 52.49829962]]]}}, {"type": "Feature", "properties": {"id": "4848", "id1": "4848", "laenge": 14.72, "name": "Schlesische Str.", "dtv_2020": 20861, "dtv_2025": 20851, "no2_2020": 19.8, "pm10_2020": 20.97, "pm25_2020": 14.74, "no2_2025": 15.1, "pm10_2025": 20.48, "pm25_2025": 14.29, "n_betrof": 11, "index_2020": 1.01, "index_no2": 0.49, "index_pm10": 0.52}, "geometry": {"type": "MultiLineString", "coordinates": [[[13.44712381, 52.49829962], [13.447284, 52.49821038]]]}}, {"type": "Feature", "properties": {"id": "4849", "id1": "4849", "laenge": 101.97, "name": "Schlesische Str.", "dtv_2020": 20731, "dtv_2025": 21026, "no2_2020": 21.67, "pm10_2020": 21.5, "pm25_2020": 14.96, "no2_2025": 16.25, "pm10_2025": 21.01, "pm25_2025": 14.49, "n_betrof": 66, "index_2020": 1.07, "index_no2": 0.54, "index_pm10": 0.53}, "geometry": {"type": "MultiLineString", "coordinates": [[[13.447284, 52.49821038], [13.44742126, 52.49813189], [13.44755866, 52.49804981], [13.44791156, 52.49782606], [13.44799683, 52.49776829], [13.44808225, 52.49771061], [13.44818789, 52.49765167], [13.44834657, 52.4975633]]]}}, {"type": "Feature", "properties": {"id": "4850", "id1": "4850", "laenge": 104.88, "name": "Skalitzer Str.", "dtv_2020": 20885, "dtv_2025": 19033, "no2_2020": 24.13, "pm10_2020": 21.93, "pm25_2020": 15.42, "no2_2025": 17.31, "pm10_2025": 21.2, "pm25_2025": 14.84, "n_betrof": 109, "index_2020": 1.15, "index_no2": 0.6, "index_pm10": 0.54}, "geometry": {"type": "MultiLineString", "coordinates": [[[13.42864744, 52.49930371], [13.42974028, 52.49936597], [13.43018722, 52.49937549]]]}}, {"type": "Feature", "properties": {"id": "4851", "id1": "4851", "laenge": 40.83, "name": "Skalitzer Str.", "dtv_2020": 20885, "dtv_2025": 19033, "no2_2020": 20.73, "pm10_2020": 21.19, "pm25_2020": 14.99, "no2_2025": 15.59, "pm10_2025": 20.6, "pm25_2025": 14.5, "n_betrof": 45, "index_2020": 1.04, "index_no2": 0.51, "index_pm10": 0.52}, "geometry": {"type": "MultiLineString", "coordinates": [[[13.42673607, 52.49920431], [13.42704443, 52.49921237], [13.42726306, 52.49922481], [13.42733598, 52.49922892]]]}}, {"type": "Feature", "properties": {"id": "4852", "id1": "4852", "laenge": 89.42, "name": "Skalitzer Str.", "dtv_2020": 20885, "dtv_2025": 19033, "no2_2020": 29.24, "pm10_2020": 23.32, "pm25_2020": 16.24, "no2_2025": 20.14, "pm10_2025": 22.39, "pm25_2025": 15.53, "n_betrof": 60, "index_2020": 1.31, "index_no2": 0.73, "index_pm10": 0.58}, "geometry": {"type": "MultiLineString", "coordinates": [[[13.42733598, 52.49922892], [13.42740876, 52.49923313], [13.42755446, 52.49924145], [13.42762738, 52.49924557], [13.42770016, 52.49924968], [13.42777308, 52.49925389], [13.42842882, 52.49929119], [13.42864744, 52.49930371]]]}}, {"type": "Feature", "properties": {"id": "4855", "id1": "4855", "laenge": 31.49, "name": "Urbanstr.", "dtv_2020": 20568, "dtv_2025": 19591, "no2_2020": 23.11, "pm10_2020": 21.23, "pm25_2020": 14.76, "no2_2025": 16.46, "pm10_2025": 20.65, "pm25_2025": 14.25, "n_betrof": 21, "index_2020": 1.1, "index_no2": 0.57, "index_pm10": 0.53}, "geometry": {"type": "MultiLineString", "coordinates": [[[13.39967076, 52.49447738], [13.39985755, 52.49445725], [13.39992323, 52.49444546], [13.40012059, 52.49441001]]]}}, {"type": "Feature", "properties": {"id": "4856", "id1": "4856", "laenge": 19.79, "name": "Urbanstr.", "dtv_2020": 20568, "dtv_2025": 19591, "no2_2020": 21.14, "pm10_2020": 20.82, "pm25_2020": 14.6, "no2_2025": 15.46, "pm10_2025": 20.27, "pm25_2025": 14.12, "n_betrof": 21, "index_2020": 1.04, "index_no2": 0.52, "index_pm10": 0.52}, "geometry": {"type": "MultiLineString", "coordinates": [[[13.40019111, 52.49439891], [13.40033215, 52.49437672], [13.40040267, 52.49436563], [13.40047334, 52.49435445]]]}}, {"type": "Feature", "properties": {"id": "4857", "id1": "4857", "laenge": 149.03, "name": "Urbanstr.", "dtv_2020": 20568, "dtv_2025": 19591, "no2_2020": 33.7, "pm10_2020": 24.15, "pm25_2020": 16.01, "no2_2025": 21.98, "pm10_2025": 23.33, "pm25_2025": 15.3, "n_betrof": 158, "index_2020": 1.44, "index_no2": 0.84, "index_pm10": 0.6}, "geometry": {"type": "MultiLineString", "coordinates": [[[13.40047334, 52.49435445], [13.40061439, 52.49433226], [13.40068491, 52.49432116], [13.40075543, 52.49431007], [13.40131989, 52.49422122], [13.40259603, 52.49401368]]]}}, {"type": "Feature", "properties": {"id": "4858", "id1": "4858", "laenge": 13.55, "name": "Urbanstr.", "dtv_2020": 20568, "dtv_2025": 19591, "no2_2020": 20.79, "pm10_2020": 20.69, "pm25_2020": 14.53, "no2_2025": 15.24, "pm10_2025": 20.16, "pm25_2025": 14.06, "n_betrof": 21, "index_2020": 1.03, "index_no2": 0.51, "index_pm10": 0.51}, "geometry": {"type": "MultiLineString", "coordinates": [[[13.40259603, 52.49401368], [13.40278842, 52.49398103]]]}}, {"type": "Feature", "properties": {"id": "4859", "id1": "4859", "laenge": 148.18, "name": "Urbanstr.", "dtv_2020": 20160, "dtv_2025": 19313, "no2_2020": 25.89, "pm10_2020": 21.72, "pm25_2020": 15.17, "no2_2025": 18.12, "pm10_2025": 21.05, "pm25_2025": 14.58, "n_betrof": 98, "index_2020": 1.19, "index_no2": 0.64, "index_pm10": 0.54}, "geometry": {"type": "MultiLineString", "coordinates": [[[13.40372385, 52.49382157], [13.40420587, 52.49373924], [13.40501302, 52.49361931], [13.40583731, 52.49349007]]]}}, {"type": "Feature", "properties": {"id": "4860", "id1": "4860", "laenge": 188.87, "name": "Urbanstr.", "dtv_2020": 20289, "dtv_2025": 19291, "no2_2020": 19.47, "pm10_2020": 20.6, "pm25_2020": 14.65, "no2_2025": 14.68, "pm10_2025": 20.07, "pm25_2025": 14.19, "n_betrof": 26, "index_2020": 1.0, "index_no2": 0.48, "index_pm10": 0.51}, "geometry": {"type": "MultiLineString", "coordinates": [[[13.40583731, 52.49349007], [13.40610716, 52.4934456], [13.40732132, 52.49324365], [13.40759095, 52.49319729], [13.40765839, 52.4931857], [13.40772568, 52.4931742], [13.40813018, 52.49310465], [13.40851122, 52.4930241]]]}}, {"type": "Feature", "properties": {"id": "4861", "id1": "4861", "laenge": 32.98, "name": "Urbanstr.", "dtv_2020": 20289, "dtv_2025": 19291, "no2_2020": 18.19, "pm10_2020": 20.37, "pm25_2020": 14.54, "no2_2025": 13.99, "pm10_2025": 19.88, "pm25_2025": 14.1, "n_betrof": 0, "index_2020": 0.96, "index_no2": 0.45, "index_pm10": 0.5}, "geometry": {"type": "MultiLineString", "coordinates": [[[13.40851122, 52.4930241], [13.4089713, 52.49292886]]]}}, {"type": "Feature", "properties": {"id": "4862", "id1": "4862", "laenge": 218.43, "name": "Urbanstr.", "dtv_2020": 19042, "dtv_2025": 17810, "no2_2020": 32.26, "pm10_2020": 23.83, "pm25_2020": 15.93, "no2_2025": 21.27, "pm10_2025": 22.94, "pm25_2025": 15.2, "n_betrof": 214, "index_2020": 1.4, "index_no2": 0.8, "index_pm10": 0.59}, "geometry": {"type": "MultiLineString", "coordinates": [[[13.41630721, 52.49093444], [13.41743328, 52.49061891], [13.4174995, 52.49060028], [13.41756571, 52.49058175], [13.41763192, 52.49056321], [13.41802935, 52.49045174], [13.41916509, 52.49013263], [13.41922912, 52.49011343]]]}}, {"type": "Feature", "properties": {"id": "4863", "id1": "4863", "laenge": 33.85, "name": "Urbanstr.", "dtv_2020": 19042, "dtv_2025": 17810, "no2_2020": 19.99, "pm10_2020": 20.58, "pm25_2020": 14.54, "no2_2025": 14.75, "pm10_2025": 20.03, "pm25_2025": 14.07, "n_betrof": 24, "index_2020": 1.01, "index_no2": 0.49, "index_pm10": 0.51}, "geometry": {"type": "MultiLineString", "coordinates": [[[13.41922912, 52.49011343], [13.41967655, 52.48997915]]]}}, {"type": "Feature", "properties": {"id": "4864", "id1": "4864", "laenge": 78.85, "name": "Urbanstr.", "dtv_2020": 18818, "dtv_2025": 17806, "no2_2020": 21.14, "pm10_2020": 20.81, "pm25_2020": 14.63, "no2_2025": 15.36, "pm10_2025": 20.25, "pm25_2025": 14.14, "n_betrof": 86, "index_2020": 1.04, "index_no2": 0.52, "index_pm10": 0.52}, "geometry": {"type": "MultiLineString", "coordinates": [[[13.41967655, 52.48997915], [13.41980909, 52.48994271], [13.41999332, 52.48987378], [13.42011619, 52.48982786], [13.42067045, 52.48961408]]]}}, {"type": "Feature", "properties": {"id": "4865", "id1": "4865", "laenge": 336.39, "name": "Urbanstr.", "dtv_2020": 18818, "dtv_2025": 17806, "no2_2020": 33.71, "pm10_2020": 24.03, "pm25_2020": 16.01, "no2_2025": 22.21, "pm10_2025": 23.17, "pm25_2025": 15.27, "n_betrof": 379, "index_2020": 1.44, "index_no2": 0.84, "index_pm10": 0.6}, "geometry": {"type": "MultiLineString", "coordinates": [[[13.42067045, 52.48961408], [13.42485794, 52.48799874]]]}}, {"type": "Feature", "properties": {"id": "4866", "id1": "4866", "laenge": 28.95, "name": "Urbanstr.", "dtv_2020": 18818, "dtv_2025": 17806, "no2_2020": 21.58, "pm10_2020": 20.82, "pm25_2020": 14.66, "no2_2025": 15.62, "pm10_2025": 20.25, "pm25_2025": 14.15, "n_betrof": 86, "index_2020": 1.06, "index_no2": 0.53, "index_pm10": 0.52}, "geometry": {"type": "MultiLineString", "coordinates": [[[13.42485794, 52.48799874], [13.42498115, 52.4879512], [13.42521504, 52.48785649]]]}}, {"type": "Feature", "properties": {"id": "4867", "id1": "4867", "laenge": 54.99, "name": "Vor dem Schlesischen Tor", "dtv_2020": 18211, "dtv_2025": 18506, "no2_2020": 23.32, "pm10_2020": 21.96, "pm25_2020": 15.18, "no2_2025": 17.31, "pm10_2025": 21.47, "pm25_2025": 14.7, "n_betrof": 39, "index_2020": 1.13, "index_no2": 0.58, "index_pm10": 0.54}, "geometry": {"type": "MultiLineString", "coordinates": [[[13.44892236, 52.49722631], [13.44929376, 52.4970082], [13.44950601, 52.49688358]]]}}, {"type": "Feature", "properties": {"id": "4869", "id1": "4869", "laenge": 102.23, "name": "Wiener Str.", "dtv_2020": 8381, "dtv_2025": 6950, "no2_2020": 20.87, "pm10_2020": 21.1, "pm25_2020": 14.83, "no2_2025": 15.32, "pm10_2025": 20.46, "pm25_2025": 14.31, "n_betrof": 75, "index_2020": 1.04, "index_no2": 0.52, "index_pm10": 0.52}, "geometry": {"type": "MultiLineString", "coordinates": [[[13.43064593, 52.49788394], [13.43181972, 52.49743412], [13.43191856, 52.49739291]]]}}, {"type": "Feature", "properties": {"id": "4895", "id1": "4895", "laenge": 112.5, "name": "Elsenstr.", "dtv_2020": 9818, "dtv_2025": 7230, "no2_2020": 30.83, "pm10_2020": 22.93, "pm25_2020": 15.26, "no2_2025": 17.65, "pm10_2025": 21.65, "pm25_2025": 14.44, "n_betrof": 110, "index_2020": 1.34, "index_no2": 0.77, "index_pm10": 0.57}, "geometry": {"type": "MultiLineString", "coordinates": [[[13.45283017, 52.48806768], [13.45316605, 52.48832175], [13.45387233, 52.48885382]]]}}, {"type": "Feature", "properties": {"id": "4896", "id1": "4896", "laenge": 71.38, "name": "Elsenstr.", "dtv_2020": 21094, "dtv_2025": 16583, "no2_2020": 39.46, "pm10_2020": 25.9, "pm25_2020": 16.42, "no2_2025": 21.29, "pm10_2025": 23.65, "pm25_2025": 15.23, "n_betrof": 82, "index_2020": 1.63, "index_no2": 0.98, "index_pm10": 0.64}, "geometry": {"type": "MultiLineString", "coordinates": [[[13.45411015, 52.48902766], [13.4541509, 52.48905823], [13.45450421, 52.48933662], [13.45461186, 52.48943801], [13.45474562, 52.4895383]]]}}, {"type": "Feature", "properties": {"id": "4897", "id1": "4897", "laenge": 74.53, "name": "Elsenstr.", "dtv_2020": 21094, "dtv_2025": 16583, "no2_2020": 29.12, "pm10_2020": 23.0, "pm25_2020": 15.32, "no2_2025": 17.41, "pm10_2025": 21.63, "pm25_2025": 14.52, "n_betrof": 45, "index_2020": 1.3, "index_no2": 0.72, "index_pm10": 0.57}, "geometry": {"type": "MultiLineString", "coordinates": [[[13.45514719, 52.48983926], [13.45545294, 52.49006722], [13.45580232, 52.49032775], [13.45584808, 52.49035451]]]}}, {"type": "Feature", "properties": {"id": "4898", "id1": "4898", "laenge": 129.32, "name": "Elsenstr.", "dtv_2020": 22458, "dtv_2025": 17671, "no2_2020": 34.61, "pm10_2020": 24.15, "pm25_2020": 15.71, "no2_2025": 19.34, "pm10_2025": 22.43, "pm25_2025": 14.71, "n_betrof": 107, "index_2020": 1.46, "index_no2": 0.86, "index_pm10": 0.6}, "geometry": {"type": "MultiLineString", "coordinates": [[[13.45611805, 52.4905357], [13.45687105, 52.49110711], [13.45731109, 52.49144183]]]}}, {"type": "Feature", "properties": {"id": "4899", "id1": "4899", "laenge": 140.96, "name": "Elsenstr.", "dtv_2020": 37583, "dtv_2025": 45614, "no2_2020": 25.68, "pm10_2020": 22.67, "pm25_2020": 15.05, "no2_2025": 20.46, "pm10_2025": 23.01, "pm25_2025": 14.76, "n_betrof": 78, "index_2020": 1.2, "index_no2": 0.64, "index_pm10": 0.56}, "geometry": {"type": "MultiLineString", "coordinates": [[[13.45795926, 52.49190738], [13.45805801, 52.49197323], [13.45886054, 52.49253636], [13.4590874, 52.49273379], [13.45930401, 52.49287067]]]}}, {"type": "Feature", "properties": {"id": "4900", "id1": "4900", "laenge": 34.94, "name": "Elsenstr.", "dtv_2020": 48428, "dtv_2025": 53342, "no2_2020": 19.17, "pm10_2020": 20.65, "pm25_2020": 14.39, "no2_2025": 14.76, "pm10_2025": 20.33, "pm25_2025": 13.99, "n_betrof": 10, "index_2020": 0.99, "index_no2": 0.47, "index_pm10": 0.51}, "geometry": {"type": "MultiLineString", "coordinates": [[[13.45971992, 52.49318475], [13.45981249, 52.49325456], [13.45990491, 52.49332436], [13.46004355, 52.49342902]]]}}, {"type": "Feature", "properties": {"id": "4901", "id1": "4901", "laenge": 39.44, "name": "Elsenstr.", "dtv_2020": 48428, "dtv_2025": 53342, "no2_2020": 21.21, "pm10_2020": 21.29, "pm25_2020": 14.62, "no2_2025": 16.24, "pm10_2025": 21.05, "pm25_2025": 14.22, "n_betrof": 15, "index_2020": 1.06, "index_no2": 0.53, "index_pm10": 0.53}, "geometry": {"type": "MultiLineString", "coordinates": [[[13.46013598, 52.49349883], [13.46035788, 52.49367425], [13.4604909, 52.49377956]]]}}, {"type": "Feature", "properties": {"id": "4905", "id1": "4905", "laenge": 26.33, "name": "Hermannplatz", "dtv_2020": 27382, "dtv_2025": 24087, "no2_2020": 19.95, "pm10_2020": 20.3, "pm25_2020": 14.4, "no2_2025": 14.39, "pm10_2025": 19.7, "pm25_2025": 13.91, "n_betrof": 19, "index_2020": 1.0, "index_no2": 0.49, "index_pm10": 0.5}, "geometry": {"type": "MultiLineString", "coordinates": [[[13.4242638, 52.4863709], [13.42430333, 52.48647213], [13.42440072, 52.48659067]]]}}, {"type": "Feature", "properties": {"id": "4906", "id1": "4906", "laenge": 134.18, "name": "Hermannplatz", "dtv_2020": 27382, "dtv_2025": 24087, "no2_2020": 35.13, "pm10_2020": 23.96, "pm25_2020": 15.9, "no2_2025": 21.11, "pm10_2025": 22.61, "pm25_2025": 15.02, "n_betrof": 171, "index_2020": 1.47, "index_no2": 0.87, "index_pm10": 0.59}, "geometry": {"type": "MultiLineString", "coordinates": [[[13.42440072, 52.48659067], [13.42446564, 52.48666976], [13.42469273, 52.48694647], [13.42529235, 52.48766709]]]}}, {"type": "Feature", "properties": {"id": "4913", "id1": "4913", "laenge": 92.63, "name": "Kottbusser Damm", "dtv_2020": 21942, "dtv_2025": 19865, "no2_2020": 20.53, "pm10_2020": 20.99, "pm25_2020": 14.83, "no2_2025": 15.41, "pm10_2025": 20.39, "pm25_2025": 14.34, "n_betrof": 22, "index_2020": 1.03, "index_no2": 0.51, "index_pm10": 0.52}, "geometry": {"type": "MultiLineString", "coordinates": [[[13.41982172, 52.49636539], [13.41984689, 52.49632922], [13.41989735, 52.49625698], [13.42024078, 52.49577092], [13.42030894, 52.49570233], [13.42041996, 52.49562173]]]}}, {"type": "Feature", "properties": {"id": "4914", "id1": "4914", "laenge": 158.41, "name": "An den Treptowers", "dtv_2020": 49200, "dtv_2025": 53748, "no2_2020": 26.22, "pm10_2020": 23.06, "pm25_2020": 15.28, "no2_2025": 19.78, "pm10_2025": 23.14, "pm25_2025": 14.89, "n_betrof": 173, "index_2020": 1.23, "index_no2": 0.65, "index_pm10": 0.57}, "geometry": {"type": "MultiLineString", "coordinates": [[[13.4609265, 52.49412914], [13.46101244, 52.49419886], [13.46109854, 52.49426858], [13.46131356, 52.49444292], [13.46174376, 52.49479162], [13.46185868, 52.4948921], [13.46189699, 52.49492569], [13.46201065, 52.49501627], [13.46211951, 52.49508368], [13.46232418, 52.49526778]]]}}, {"type": "Feature", "properties": {"id": "4964", "id1": "4964", "laenge": 77.65, "name": "Sonnenallee", "dtv_2020": 26594, "dtv_2025": 25506, "no2_2020": 34.08, "pm10_2020": 23.84, "pm25_2020": 15.86, "no2_2025": 22.11, "pm10_2025": 23.07, "pm25_2025": 15.15, "n_betrof": 75, "index_2020": 1.44, "index_no2": 0.85, "index_pm10": 0.59}, "geometry": {"type": "MultiLineString", "coordinates": [[[13.42795569, 52.48690788], [13.42812428, 52.48685123], [13.42839634, 52.48676385], [13.42877513, 52.4866279], [13.42894405, 52.48655795]]]}}, {"type": "Feature", "properties": {"id": "4965", "id1": "4965", "laenge": 18.34, "name": "Sonnenallee", "dtv_2020": 26960, "dtv_2025": 26500, "no2_2020": 24.62, "pm10_2020": 21.36, "pm25_2020": 14.85, "no2_2025": 17.19, "pm10_2025": 20.84, "pm25_2025": 14.34, "n_betrof": 20, "index_2020": 1.14, "index_no2": 0.61, "index_pm10": 0.53}, "geometry": {"type": "MultiLineString", "coordinates": [[[13.42894405, 52.48655795], [13.42917651, 52.486474]]]}}, {"type": "Feature", "properties": {"id": "4966", "id1": "4966", "laenge": 72.08, "name": "Sonnenallee", "dtv_2020": 26960, "dtv_2025": 26500, "no2_2020": 39.12, "pm10_2020": 24.93, "pm25_2020": 16.26, "no2_2025": 25.16, "pm10_2025": 24.31, "pm25_2025": 15.54, "n_betrof": 76, "index_2020": 1.6, "index_no2": 0.97, "index_pm10": 0.62}, "geometry": {"type": "MultiLineString", "coordinates": [[[13.42917651, 52.486474], [13.42940911, 52.48639015], [13.42968103, 52.48630627], [13.4301014, 52.48615658]]]}}, {"type": "Feature", "properties": {"id": "4967", "id1": "4967", "laenge": 84.58, "name": "Sonnenallee", "dtv_2020": 28307, "dtv_2025": 26944, "no2_2020": 37.58, "pm10_2020": 24.46, "pm25_2020": 16.29, "no2_2025": 24.73, "pm10_2025": 23.74, "pm25_2025": 15.53, "n_betrof": 83, "index_2020": 1.55, "index_no2": 0.93, "index_pm10": 0.61}, "geometry": {"type": "MultiLineString", "coordinates": [[[13.430349, 52.48605647], [13.43045109, 52.48601853], [13.43062576, 52.48595665], [13.43142397, 52.48567242]]]}}, {"type": "Feature", "properties": {"id": "4968", "id1": "4968", "laenge": 73.48, "name": "Wildenbruchstr.", "dtv_2020": 11130, "dtv_2025": 9212, "no2_2020": 24.61, "pm10_2020": 21.57, "pm25_2020": 15.12, "no2_2025": 15.92, "pm10_2025": 20.62, "pm25_2025": 14.47, "n_betrof": 57, "index_2020": 1.15, "index_no2": 0.61, "index_pm10": 0.53}, "geometry": {"type": "MultiLineString", "coordinates": [[[13.44645445, 52.48647083], [13.44673381, 52.4866768], [13.44716177, 52.48697058]]]}}, {"type": "Feature", "properties": {"id": "4969", "id1": "4969", "laenge": 33.91, "name": "Wildenbruchstr.", "dtv_2020": 11130, "dtv_2025": 9212, "no2_2020": 18.03, "pm10_2020": 20.08, "pm25_2020": 14.38, "no2_2025": 13.52, "pm10_2025": 19.55, "pm25_2025": 13.93, "n_betrof": 23, "index_2020": 0.95, "index_no2": 0.45, "index_pm10": 0.5}, "geometry": {"type": "MultiLineString", "coordinates": [[[13.44716177, 52.48697058], [13.44730442, 52.48706848], [13.44749578, 52.48719723]]]}}, {"type": "Feature", "properties": {"id": "4970", "id1": "4970", "laenge": 116.23, "name": "Wildenbruchstr.", "dtv_2020": 11130, "dtv_2025": 9212, "no2_2020": 21.94, "pm10_2020": 20.94, "pm25_2020": 14.79, "no2_2025": 14.91, "pm10_2025": 20.15, "pm25_2025": 14.21, "n_betrof": 96, "index_2020": 1.07, "index_no2": 0.54, "index_pm10": 0.52}, "geometry": {"type": "MultiLineString", "coordinates": [[[13.44749578, 52.48719723], [13.44845211, 52.48784113], [13.44864383, 52.48797212]]]}}, {"type": "Feature", "properties": {"id": "5059", "id1": "5059", "laenge": 21.62, "name": "Am Treptower Park", "dtv_2020": 8082, "dtv_2025": 8042, "no2_2020": 17.8, "pm10_2020": 20.11, "pm25_2020": 14.22, "no2_2025": 13.64, "pm10_2025": 19.68, "pm25_2025": 13.81, "n_betrof": 21, "index_2020": 0.94, "index_no2": 0.44, "index_pm10": 0.5}, "geometry": {"type": "MultiLineString", "coordinates": [[[13.45744668, 52.49185224], [13.45766319, 52.49170968]]]}}, {"type": "Feature", "properties": {"id": "5060", "id1": "5060", "laenge": 157.99, "name": "Am Treptower Park", "dtv_2020": 8082, "dtv_2025": 8042, "no2_2020": 17.29, "pm10_2020": 20.04, "pm25_2020": 14.21, "no2_2025": 13.41, "pm10_2025": 19.6, "pm25_2025": 13.81, "n_betrof": 21, "index_2020": 0.93, "index_no2": 0.43, "index_pm10": 0.5}, "geometry": {"type": "MultiLineString", "coordinates": [[[13.45454401, 52.4937468], [13.45468908, 52.49365519], [13.45482741, 52.49356654], [13.45501171, 52.49344829], [13.45505767, 52.49341877], [13.45539123, 52.49320267], [13.45565136, 52.49302624], [13.45580177, 52.49292921], [13.45600236, 52.49279993], [13.4560454, 52.49276957], [13.45613164, 52.49270883]]]}}, {"type": "Feature", "properties": {"id": "5061", "id1": "5061", "laenge": 117.46, "name": "Am Treptower Park", "dtv_2020": 8082, "dtv_2025": 8042, "no2_2020": 19.94, "pm10_2020": 20.59, "pm25_2020": 14.44, "no2_2025": 14.98, "pm10_2025": 20.14, "pm25_2025": 14.0, "n_betrof": 90, "index_2020": 1.01, "index_no2": 0.49, "index_pm10": 0.51}, "geometry": {"type": "MultiLineString", "coordinates": [[[13.45617468, 52.49267847], [13.45693365, 52.49221787], [13.45722742, 52.49199746], [13.45735892, 52.49191034]]]}}, {"type": "Feature", "properties": {"id": "5062", "id1": "5062", "laenge": 89.73, "name": "Am Treptower Park", "dtv_2020": 25846, "dtv_2025": 30635, "no2_2020": 20.63, "pm10_2020": 21.14, "pm25_2020": 14.62, "no2_2025": 16.27, "pm10_2025": 21.2, "pm25_2025": 14.3, "n_betrof": 78, "index_2020": 1.04, "index_no2": 0.51, "index_pm10": 0.52}, "geometry": {"type": "MultiLineString", "coordinates": [[[13.45785112, 52.4915965], [13.45845204, 52.49119812], [13.45849945, 52.49116475], [13.45873683, 52.490998]]]}}, {"type": "Feature", "properties": {"id": "5063", "id1": "5063", "laenge": 56.12, "name": "Am Treptower Park", "dtv_2020": 24544, "dtv_2025": 19826, "no2_2020": 21.18, "pm10_2020": 21.17, "pm25_2020": 14.62, "no2_2025": 14.96, "pm10_2025": 20.28, "pm25_2025": 14.04, "n_betrof": 35, "index_2020": 1.05, "index_no2": 0.52, "index_pm10": 0.52}, "geometry": {"type": "MultiLineString", "coordinates": [[[13.46458657, 52.48699268], [13.46472575, 52.48689945], [13.46514331, 52.48661985]]]}}, {"type": "Feature", "properties": {"id": "5377", "id1": "5377", "laenge": 14.91, "name": "Köpenicker Chaussee", "dtv_2020": 25953, "dtv_2025": 23443, "no2_2020": 14.27, "pm10_2020": 19.22, "pm25_2020": 13.52, "no2_2025": 11.09, "pm10_2025": 18.71, "pm25_2025": 13.11, "n_betrof": 13, "index_2020": 0.83, "index_no2": 0.35, "index_pm10": 0.48}, "geometry": {"type": "MultiLineString", "coordinates": [[[13.49240901, 52.49149808], [13.49252354, 52.49138364]]]}}, {"type": "Feature", "properties": {"id": "5378", "id1": "5378", "laenge": 166.59, "name": "Köpenicker Chaussee", "dtv_2020": 25953, "dtv_2025": 23443, "no2_2020": 17.5, "pm10_2020": 20.37, "pm25_2020": 13.98, "no2_2025": 12.77, "pm10_2025": 19.66, "pm25_2025": 13.48, "n_betrof": 58, "index_2020": 0.94, "index_no2": 0.43, "index_pm10": 0.5}, "geometry": {"type": "MultiLineString", "coordinates": [[[13.49252354, 52.49138364], [13.49384126, 52.49012047]]]}}, {"type": "Feature", "properties": {"id": "5379", "id1": "5379", "laenge": 332.89, "name": "Köpenicker Chaussee", "dtv_2020": 25953, "dtv_2025": 23443, "no2_2020": 21.95, "pm10_2020": 21.3, "pm25_2020": 14.53, "no2_2025": 15.02, "pm10_2025": 20.43, "pm25_2025": 13.91, "n_betrof": 406, "index_2020": 1.08, "index_no2": 0.54, "index_pm10": 0.53}, "geometry": {"type": "MultiLineString", "coordinates": [[[13.49446205, 52.48952237], [13.49539428, 52.48861967], [13.49591455, 52.48813025], [13.496778, 52.48729931], [13.496935, 52.48714828], [13.497092, 52.48699715]]]}}, {"type": "Feature", "properties": {"id": "5380", "id1": "5380", "laenge": 41.99, "name": "Köpenicker Chaussee", "dtv_2020": 25953, "dtv_2025": 23443, "no2_2020": 14.1, "pm10_2020": 18.94, "pm25_2020": 13.43, "no2_2025": 11.01, "pm10_2025": 18.47, "pm25_2025": 13.03, "n_betrof": 13, "index_2020": 0.82, "index_no2": 0.35, "index_pm10": 0.47}, "geometry": {"type": "MultiLineString", "coordinates": [[[13.49717042, 52.48692164], [13.49750496, 52.48660419]]]}}, {"type": "Feature", "properties": {"id": "5456", "id1": "5456", "laenge": 58.07, "name": "Markgrafendamm", "dtv_2020": 16461, "dtv_2025": 16344, "no2_2020": 22.25, "pm10_2020": 21.53, "pm25_2020": 14.79, "no2_2025": 16.39, "pm10_2025": 21.06, "pm25_2025": 14.33, "n_betrof": 66, "index_2020": 1.09, "index_no2": 0.55, "index_pm10": 0.53}, "geometry": {"type": "MultiLineString", "coordinates": [[[13.46474089, 52.49750637], [13.46479884, 52.49758094], [13.46497832, 52.49785444], [13.46499168, 52.49788968], [13.46503189, 52.49799557]]]}}, {"type": "Feature", "properties": {"id": "5457", "id1": "5457", "laenge": 67.88, "name": "Markgrafendamm", "dtv_2020": 16461, "dtv_2025": 16344, "no2_2020": 29.87, "pm10_2020": 23.54, "pm25_2020": 15.58, "no2_2025": 20.89, "pm10_2025": 22.98, "pm25_2025": 15.01, "n_betrof": 65, "index_2020": 1.33, "index_no2": 0.74, "index_pm10": 0.58}, "geometry": {"type": "MultiLineString", "coordinates": [[[13.46503189, 52.49799557], [13.46538982, 52.49851756], [13.46541682, 52.49855873]]]}}, {"type": "Feature", "properties": {"id": "5458", "id1": "5458", "laenge": 19.78, "name": "Markgrafendamm", "dtv_2020": 16461, "dtv_2025": 16344, "no2_2020": 22.2, "pm10_2020": 21.58, "pm25_2020": 14.81, "no2_2025": 16.32, "pm10_2025": 21.09, "pm25_2025": 14.34, "n_betrof": 66, "index_2020": 1.09, "index_no2": 0.55, "index_pm10": 0.53}, "geometry": {"type": "MultiLineString", "coordinates": [[[13.46541682, 52.49855873], [13.46552539, 52.49872377]]]}}, {"type": "Feature", "properties": {"id": "5459", "id1": "5459", "laenge": 20.07, "name": "Markgrafendamm", "dtv_2020": 17928, "dtv_2025": 17506, "no2_2020": 20.09, "pm10_2020": 21.11, "pm25_2020": 14.63, "no2_2025": 15.05, "pm10_2025": 20.64, "pm25_2025": 14.19, "n_betrof": 18, "index_2020": 1.03, "index_no2": 0.5, "index_pm10": 0.52}, "geometry": {"type": "MultiLineString", "coordinates": [[[13.46552539, 52.49872377], [13.46562823, 52.49889297]]]}}, {"type": "Feature", "properties": {"id": "5460", "id1": "5460", "laenge": 109.76, "name": "Markgrafendamm", "dtv_2020": 17928, "dtv_2025": 17506, "no2_2020": 28.73, "pm10_2020": 23.36, "pm25_2020": 15.49, "no2_2025": 19.89, "pm10_2025": 22.73, "pm25_2025": 14.92, "n_betrof": 101, "index_2020": 1.3, "index_no2": 0.71, "index_pm10": 0.58}, "geometry": {"type": "MultiLineString", "coordinates": [[[13.46562823, 52.49889297], [13.46579465, 52.49926268], [13.46584656, 52.49938797], [13.46593328, 52.49959679], [13.46603741, 52.49984746]]]}}, {"type": "Feature", "properties": {"id": "5557", "id1": "5557", "laenge": 34.47, "name": "Puschkinallee", "dtv_2020": 18211, "dtv_2025": 18506, "no2_2020": 17.34, "pm10_2020": 20.34, "pm25_2020": 14.48, "no2_2025": 13.75, "pm10_2025": 19.89, "pm25_2025": 14.06, "n_betrof": 0, "index_2020": 0.94, "index_no2": 0.43, "index_pm10": 0.5}, "geometry": {"type": "MultiLineString", "coordinates": [[[13.45016537, 52.49650731], [13.45052153, 52.49628648]]]}}, {"type": "Feature", "properties": {"id": "5558", "id1": "5558", "laenge": 188.25, "name": "Puschkinallee", "dtv_2020": 18211, "dtv_2025": 18506, "no2_2020": 17.42, "pm10_2020": 20.27, "pm25_2020": 14.37, "no2_2025": 13.58, "pm10_2025": 19.83, "pm25_2025": 13.96, "n_betrof": 26, "index_2020": 0.94, "index_no2": 0.43, "index_pm10": 0.5}, "geometry": {"type": "MultiLineString", "coordinates": [[[13.45115031, 52.49590792], [13.45188335, 52.49547147], [13.45229695, 52.4952254], [13.45255558, 52.49507153], [13.45296932, 52.49482537], [13.45312488, 52.49472041]]]}}, {"type": "Feature", "properties": {"id": "5559", "id1": "5559", "laenge": 34.16, "name": "Puschkinallee", "dtv_2020": 7640, "dtv_2025": 8600, "no2_2020": 17.24, "pm10_2020": 20.11, "pm25_2020": 14.27, "no2_2025": 13.49, "pm10_2025": 19.69, "pm25_2025": 13.87, "n_betrof": 11, "index_2020": 0.93, "index_no2": 0.43, "index_pm10": 0.5}, "geometry": {"type": "MultiLineString", "coordinates": [[[13.45336612, 52.49450769], [13.45344653, 52.49443682], [13.45369883, 52.49427846]]]}}, {"type": "Feature", "properties": {"id": "5583", "id1": "5583", "laenge": 56.12, "name": "Rochowstr.", "dtv_2020": 7128, "dtv_2025": 7389, "no2_2020": 18.52, "pm10_2020": 20.69, "pm25_2020": 14.54, "no2_2025": 14.34, "pm10_2025": 20.24, "pm25_2025": 14.12, "n_betrof": 31, "index_2020": 0.98, "index_no2": 0.46, "index_pm10": 0.51}, "geometry": {"type": "MultiLineString", "coordinates": [[[13.45813407, 52.49950412], [13.45819281, 52.49964847], [13.45838377, 52.49998462]]]}}, {"type": "Feature", "properties": {"id": "5584", "id1": "5584", "laenge": 118.72, "name": "Rochowstr.", "dtv_2020": 7128, "dtv_2025": 7389, "no2_2020": 21.75, "pm10_2020": 21.39, "pm25_2020": 14.69, "no2_2025": 16.35, "pm10_2025": 20.93, "pm25_2025": 14.23, "n_betrof": 101, "index_2020": 1.07, "index_no2": 0.54, "index_pm10": 0.53}, "geometry": {"type": "MultiLineString", "coordinates": [[[13.45838377, 52.49998462], [13.45895652, 52.50099296]]]}}, {"type": "Feature", "properties": {"id": "5621", "id1": "5621", "laenge": 13.07, "name": "Schlichtallee", "dtv_2020": 11307, "dtv_2025": 11219, "no2_2020": 16.18, "pm10_2020": 20.04, "pm25_2020": 13.96, "no2_2025": 12.51, "pm10_2025": 19.52, "pm25_2025": 13.54, "n_betrof": 0, "index_2020": 0.9, "index_no2": 0.4, "index_pm10": 0.5}, "geometry": {"type": "MultiLineString", "coordinates": [[[13.48058653, 52.49909879], [13.48072892, 52.49917794]]]}}, {"type": "Feature", "properties": {"id": "5622", "id1": "5622", "laenge": 154.73, "name": "Schlichtallee", "dtv_2020": 11307, "dtv_2025": 11219, "no2_2020": 16.5, "pm10_2020": 20.24, "pm25_2020": 14.0, "no2_2025": 12.72, "pm10_2025": 19.69, "pm25_2025": 13.58, "n_betrof": 3, "index_2020": 0.91, "index_no2": 0.41, "index_pm10": 0.5}, "geometry": {"type": "MultiLineString", "coordinates": [[[13.4807848, 52.49920644], [13.48156822, 52.49960545], [13.48168013, 52.49966245], [13.48190382, 52.49977645], [13.48254615, 52.50008894]]]}}, {"type": "Feature", "properties": {"id": "5660", "id1": "5660", "laenge": 86.18, "name": "Stralauer Allee", "dtv_2020": 33446, "dtv_2025": 35103, "no2_2020": 34.7, "pm10_2020": 25.75, "pm25_2020": 16.45, "no2_2025": 25.21, "pm10_2025": 25.74, "pm25_2025": 15.94, "n_betrof": 54, "index_2020": 1.51, "index_no2": 0.86, "index_pm10": 0.64}, "geometry": {"type": "MultiLineString", "coordinates": [[[13.46247834, 52.49812443], [13.46266128, 52.49807026], [13.46277952, 52.49803394], [13.46283864, 52.49801574], [13.46313424, 52.49792481], [13.46360721, 52.49777038]]]}}, {"type": "Feature", "properties": {"id": "5661", "id1": "5661", "laenge": 63.93, "name": "Stralauer Allee", "dtv_2020": 33446, "dtv_2025": 35103, "no2_2020": 24.7, "pm10_2020": 22.55, "pm25_2020": 15.19, "no2_2025": 18.48, "pm10_2025": 22.3, "pm25_2025": 14.74, "n_betrof": 31, "index_2020": 1.18, "index_no2": 0.61, "index_pm10": 0.56}, "geometry": {"type": "MultiLineString", "coordinates": [[[13.46360721, 52.49777038], [13.46384686, 52.49769562], [13.46408664, 52.49762088], [13.46426641, 52.49756486], [13.46444488, 52.49750783]]]}}, {"type": "Feature", "properties": {"id": "5662", "id1": "5662", "laenge": 186.47, "name": "Stralauer Allee", "dtv_2020": 34329, "dtv_2025": 35739, "no2_2020": 28.92, "pm10_2020": 24.27, "pm25_2020": 15.96, "no2_2025": 21.02, "pm10_2025": 24.12, "pm25_2025": 15.47, "n_betrof": 119, "index_2020": 1.32, "index_no2": 0.72, "index_pm10": 0.6}, "geometry": {"type": "MultiLineString", "coordinates": [[[13.45985686, 52.4989274], [13.45996058, 52.49889341], [13.46082747, 52.49861375], [13.46101328, 52.49855377], [13.46166787, 52.49834982], [13.46173326, 52.49832945], [13.46179879, 52.49830909], [13.46186417, 52.49828863], [13.46212601, 52.49820707], [13.46230217, 52.49816575]]]}}, {"type": "Feature", "properties": {"id": "5663", "id1": "5663", "laenge": 12.55, "name": "Stralauer Allee", "dtv_2020": 35290, "dtv_2025": 36711, "no2_2020": 21.45, "pm10_2020": 21.62, "pm25_2020": 14.85, "no2_2025": 16.21, "pm10_2025": 21.27, "pm25_2025": 14.41, "n_betrof": 15, "index_2020": 1.07, "index_no2": 0.53, "index_pm10": 0.54}, "geometry": {"type": "MultiLineString", "coordinates": [[[13.45828542, 52.49941852], [13.45845157, 52.4993689]]]}}, {"type": "Feature", "properties": {"id": "5664", "id1": "5664", "laenge": 84.42, "name": "Stralauer Allee", "dtv_2020": 35290, "dtv_2025": 36711, "no2_2020": 30.87, "pm10_2020": 24.75, "pm25_2020": 16.08, "no2_2025": 22.41, "pm10_2025": 24.57, "pm25_2025": 15.57, "n_betrof": 49, "index_2020": 1.39, "index_no2": 0.77, "index_pm10": 0.61}, "geometry": {"type": "MultiLineString", "coordinates": [[[13.45845157, 52.4993689], [13.459558, 52.49902259]]]}}, {"type": "Feature", "properties": {"id": "5666", "id1": "5666", "laenge": 133.31, "name": "Stralauer Allee", "dtv_2020": 33043, "dtv_2025": 33849, "no2_2020": 22.63, "pm10_2020": 22.14, "pm25_2020": 15.11, "no2_2025": 16.89, "pm10_2025": 21.77, "pm25_2025": 14.65, "n_betrof": 84, "index_2020": 1.11, "index_no2": 0.56, "index_pm10": 0.55}, "geometry": {"type": "MultiLineString", "coordinates": [[[13.4563798, 52.50002395], [13.45650511, 52.49998368], [13.45656769, 52.49996355], [13.45675558, 52.49990324], [13.4570062, 52.49982281], [13.45712986, 52.49978342], [13.45811928, 52.49946805]]]}}, {"type": "Feature", "properties": {"id": "5683", "id1": "5683", "laenge": 114.65, "name": "Tunnelstr.", "dtv_2020": 1416, "dtv_2025": 1416, "no2_2020": 14.56, "pm10_2020": 19.08, "pm25_2020": 13.56, "no2_2025": 11.51, "pm10_2025": 18.66, "pm25_2025": 13.17, "n_betrof": 4, "index_2020": 0.84, "index_no2": 0.36, "index_pm10": 0.47}, "geometry": {"type": "MultiLineString", "coordinates": [[[13.47794037, 52.49250754], [13.478003, 52.49247274], [13.4789893, 52.49170078]]]}}, {"type": "Feature", "properties": {"id": "5684", "id1": "5684", "laenge": 14.41, "name": "Tunnelstr.", "dtv_2020": 1416, "dtv_2025": 1416, "no2_2020": 14.38, "pm10_2020": 18.92, "pm25_2020": 13.46, "no2_2025": 11.35, "pm10_2025": 18.49, "pm25_2025": 13.08, "n_betrof": 4, "index_2020": 0.83, "index_no2": 0.35, "index_pm10": 0.47}, "geometry": {"type": "MultiLineString", "coordinates": [[[13.48091753, 52.49019339], [13.48104947, 52.49009187]]]}}, {"type": "Feature", "properties": {"id": "5685", "id1": "5685", "laenge": 96.97, "name": "Tunnelstr.", "dtv_2020": 1416, "dtv_2025": 1416, "no2_2020": 14.8, "pm10_2020": 18.93, "pm25_2020": 13.48, "no2_2025": 11.44, "pm10_2025": 18.49, "pm25_2025": 13.08, "n_betrof": 27, "index_2020": 0.84, "index_no2": 0.37, "index_pm10": 0.47}, "geometry": {"type": "MultiLineString", "coordinates": [[[13.48109334, 52.49005809], [13.48118125, 52.48999043], [13.48122528, 52.48995665], [13.48131319, 52.489889], [13.48139708, 52.48981815], [13.48148112, 52.4897473], [13.48152314, 52.48971187], [13.48160718, 52.48964103], [13.48173324, 52.48953475], [13.48194318, 52.48935771]]]}}, {"type": "Feature", "properties": {"id": "5686", "id1": "5686", "laenge": 108.43, "name": "Tunnelstr.", "dtv_2020": 1416, "dtv_2025": 1416, "no2_2020": 14.85, "pm10_2020": 19.0, "pm25_2020": 13.52, "no2_2025": 11.51, "pm10_2025": 18.57, "pm25_2025": 13.13, "n_betrof": 30, "index_2020": 0.84, "index_no2": 0.37, "index_pm10": 0.47}, "geometry": {"type": "MultiLineString", "coordinates": [[[13.4793003, 52.4914559], [13.47947805, 52.49131595], [13.47956197, 52.49125724], [13.47964574, 52.49119861], [13.47978657, 52.49112139], [13.47983356, 52.49109574], [13.47992273, 52.49102577], [13.48014602, 52.4908508], [13.48032466, 52.49071076]]]}}, {"type": "Feature", "properties": {"id": "5687", "id1": "5687", "laenge": 70.31, "name": "Tunnelstr.", "dtv_2020": 1416, "dtv_2025": 1416, "no2_2020": 15.23, "pm10_2020": 19.01, "pm25_2020": 13.53, "no2_2025": 11.61, "pm10_2025": 18.57, "pm25_2025": 13.13, "n_betrof": 23, "index_2020": 0.85, "index_no2": 0.38, "index_pm10": 0.47}, "geometry": {"type": "MultiLineString", "coordinates": [[[13.48032466, 52.49071076], [13.48050329, 52.49057082], [13.48075967, 52.49032893], [13.48082962, 52.49026104], [13.48087365, 52.49022717], [13.48091753, 52.49019339]]]}}, {"type": "Feature", "properties": {"id": "5921", "id1": "5921", "laenge": 58.88, "name": "Skalitzer Str.", "dtv_2020": 19552, "dtv_2025": 18237, "no2_2020": 21.06, "pm10_2020": 21.23, "pm25_2020": 14.9, "no2_2025": 15.81, "pm10_2025": 20.65, "pm25_2025": 14.42, "n_betrof": 31, "index_2020": 1.05, "index_no2": 0.52, "index_pm10": 0.53}, "geometry": {"type": "MultiLineString", "coordinates": [[[13.41871613, 52.49905433], [13.41958301, 52.49907014]]]}}, {"type": "Feature", "properties": {"id": "5922", "id1": "5922", "laenge": 163.92, "name": "Skalitzer Str.", "dtv_2020": 19552, "dtv_2025": 18237, "no2_2020": 27.86, "pm10_2020": 22.96, "pm25_2020": 15.68, "no2_2025": 19.6, "pm10_2025": 22.17, "pm25_2025": 15.06, "n_betrof": 132, "index_2020": 1.27, "index_no2": 0.69, "index_pm10": 0.57}, "geometry": {"type": "MultiLineString", "coordinates": [[[13.41958301, 52.49907014], [13.42016694, 52.49909223], [13.42089863, 52.49909831], [13.42199616, 52.49910738]]]}}, {"type": "Feature", "properties": {"id": "5923", "id1": "5923", "laenge": 28.88, "name": "Adalbertstr.", "dtv_2020": 7753, "dtv_2025": 7804, "no2_2020": 20.5, "pm10_2020": 21.16, "pm25_2020": 14.86, "no2_2025": 15.4, "pm10_2025": 20.59, "pm25_2025": 14.4, "n_betrof": 51, "index_2020": 1.04, "index_no2": 0.51, "index_pm10": 0.52}, "geometry": {"type": "MultiLineString", "coordinates": [[[13.41812918, 52.49935856], [13.41809056, 52.49944526], [13.41808662, 52.49954689], [13.41810498, 52.49961412]]]}}, {"type": "Feature", "properties": {"id": "5924", "id1": "5924", "laenge": 48.36, "name": "Adalbertstr.", "dtv_2020": 7753, "dtv_2025": 7804, "no2_2020": 23.68, "pm10_2020": 22.09, "pm25_2020": 15.29, "no2_2025": 17.1, "pm10_2025": 21.42, "pm25_2025": 14.77, "n_betrof": 36, "index_2020": 1.14, "index_no2": 0.59, "index_pm10": 0.55}, "geometry": {"type": "MultiLineString", "coordinates": [[[13.41810498, 52.49961412], [13.41814886, 52.49968862], [13.41829417, 52.49989241], [13.41838142, 52.50001468]]]}}, {"type": "Feature", "properties": {"id": "5927", "id1": "5927", "laenge": 55.0, "name": "Kottbusser Tor", "dtv_2020": 19796, "dtv_2025": 18456, "no2_2020": 22.27, "pm10_2020": 21.61, "pm25_2020": 15.12, "no2_2025": 16.52, "pm10_2025": 20.99, "pm25_2025": 14.61, "n_betrof": 13, "index_2020": 1.09, "index_no2": 0.55, "index_pm10": 0.54}, "geometry": {"type": "MultiLineString", "coordinates": [[[13.41871609, 52.49905567], [13.41868173, 52.49914683], [13.41861688, 52.49921736], [13.41850532, 52.49927997], [13.41838335, 52.49931646], [13.41826592, 52.4993291], [13.4181493, 52.49931927]]]}}, {"type": "Feature", "properties": {"id": "6050", "id1": "6050", "laenge": 80.62, "name": "Urbanstr.", "dtv_2020": 20289, "dtv_2025": 19291, "no2_2020": 22.8, "pm10_2020": 21.41, "pm25_2020": 14.92, "no2_2025": 16.35, "pm10_2025": 20.81, "pm25_2025": 14.39, "n_betrof": 81, "index_2020": 1.1, "index_no2": 0.57, "index_pm10": 0.53}, "geometry": {"type": "MultiLineString", "coordinates": [[[13.40948441, 52.49281313], [13.40967659, 52.4927695], [13.40986892, 52.49272587], [13.41051341, 52.49254931], [13.41057782, 52.49253165]]]}}, {"type": "Feature", "properties": {"id": "6051", "id1": "6051", "laenge": 97.43, "name": "Urbanstr.", "dtv_2020": 20289, "dtv_2025": 19291, "no2_2020": 28.57, "pm10_2020": 22.99, "pm25_2020": 15.61, "no2_2025": 19.49, "pm10_2025": 22.25, "pm25_2025": 14.97, "n_betrof": 85, "index_2020": 1.28, "index_no2": 0.71, "index_pm10": 0.57}, "geometry": {"type": "MultiLineString", "coordinates": [[[13.41064224, 52.492514], [13.41109346, 52.49239041], [13.41181679, 52.49218793], [13.41194818, 52.49215112]]]}}, {"type": "Feature", "properties": {"id": "6052", "id1": "6052", "laenge": 34.39, "name": "Urbanstr.", "dtv_2020": 20289, "dtv_2025": 19291, "no2_2020": 22.62, "pm10_2020": 21.37, "pm25_2020": 14.91, "no2_2025": 16.23, "pm10_2025": 20.78, "pm25_2025": 14.38, "n_betrof": 81, "index_2020": 1.1, "index_no2": 0.56, "index_pm10": 0.53}, "geometry": {"type": "MultiLineString", "coordinates": [[[13.41194818, 52.49215112], [13.41240857, 52.49202226]]]}}, {"type": "Feature", "properties": {"id": "6055", "id1": "6055", "laenge": 180.37, "name": "Urbanstr.", "dtv_2020": 18188, "dtv_2025": 17339, "no2_2020": 31.95, "pm10_2020": 23.77, "pm25_2020": 15.91, "no2_2025": 21.36, "pm10_2025": 22.98, "pm25_2025": 15.21, "n_betrof": 172, "index_2020": 1.39, "index_no2": 0.79, "index_pm10": 0.59}, "geometry": {"type": "MultiLineString", "coordinates": [[[13.41363365, 52.49167905], [13.41549026, 52.49116123], [13.41605026, 52.49100608]]]}}, {"type": "Feature", "properties": {"id": "6056", "id1": "6056", "laenge": 23.0, "name": "Fichtestr.", "dtv_2020": 2162, "dtv_2025": 1734, "no2_2020": 17.31, "pm10_2020": 19.94, "pm25_2020": 14.28, "no2_2025": 13.38, "pm10_2025": 19.46, "pm25_2025": 13.85, "n_betrof": 13, "index_2020": 0.93, "index_no2": 0.43, "index_pm10": 0.49}, "geometry": {"type": "MultiLineString", "coordinates": [[[13.41312336, 52.49163939], [13.41298298, 52.49145121]]]}}, {"type": "Feature", "properties": {"id": "6057", "id1": "6057", "laenge": 34.27, "name": "Körtestr.", "dtv_2020": 2015, "dtv_2025": 1757, "no2_2020": 17.41, "pm10_2020": 19.97, "pm25_2020": 14.3, "no2_2025": 13.44, "pm10_2025": 19.49, "pm25_2025": 13.87, "n_betrof": 24, "index_2020": 0.93, "index_no2": 0.43, "index_pm10": 0.49}, "geometry": {"type": "MultiLineString", "coordinates": [[[13.41220944, 52.49155573], [13.4123229, 52.4916077], [13.41248009, 52.49180734]]]}}, {"type": "Feature", "properties": {"id": "6058", "id1": "6058", "laenge": 48.17, "name": "Grimmstr.", "dtv_2020": 2066, "dtv_2025": 2066, "no2_2020": 17.5, "pm10_2020": 19.97, "pm25_2020": 14.3, "no2_2025": 13.5, "pm10_2025": 19.49, "pm25_2025": 13.88, "n_betrof": 27, "index_2020": 0.93, "index_no2": 0.43, "index_pm10": 0.49}, "geometry": {"type": "MultiLineString", "coordinates": [[[13.41220944, 52.49155573], [13.41234397, 52.49157489], [13.41243737, 52.49155807], [13.41288143, 52.49145695]]]}}, {"type": "Feature", "properties": {"id": "6060", "id1": "6060", "laenge": 117.03, "name": "Puschkinallee", "dtv_2020": 11456, "dtv_2025": 10397, "no2_2020": 17.34, "pm10_2020": 20.07, "pm25_2020": 14.23, "no2_2025": 13.4, "pm10_2025": 19.63, "pm25_2025": 13.81, "n_betrof": 32, "index_2020": 0.93, "index_no2": 0.43, "index_pm10": 0.5}, "geometry": {"type": "MultiLineString", "coordinates": [[[13.45473188, 52.49421589], [13.45491483, 52.49416137], [13.45504106, 52.49412372], [13.45549777, 52.49398754], [13.45588913, 52.49387073], [13.45608473, 52.49381241], [13.45628048, 52.49375401]]]}}, {"type": "Feature", "properties": {"id": "6061", "id1": "6061", "laenge": 162.69, "name": "Puschkinallee", "dtv_2020": 11456, "dtv_2025": 10397, "no2_2020": 18.84, "pm10_2020": 20.4, "pm25_2020": 14.33, "no2_2025": 14.23, "pm10_2025": 19.95, "pm25_2025": 13.9, "n_betrof": 60, "index_2020": 0.98, "index_no2": 0.47, "index_pm10": 0.51}, "geometry": {"type": "MultiLineString", "coordinates": [[[13.45667184, 52.49363719], [13.45680239, 52.49359826], [13.45699799, 52.49353994], [13.45804178, 52.49322852], [13.45882447, 52.49299498]]]}}, {"type": "Feature", "properties": {"id": "6062", "id1": "6062", "laenge": 20.61, "name": "Puschkinallee", "dtv_2020": 11456, "dtv_2025": 10397, "no2_2020": 18.26, "pm10_2020": 20.27, "pm25_2020": 14.25, "no2_2025": 14.02, "pm10_2025": 19.86, "pm25_2025": 13.85, "n_betrof": 32, "index_2020": 0.96, "index_no2": 0.45, "index_pm10": 0.5}, "geometry": {"type": "MultiLineString", "coordinates": [[[13.45902021, 52.49293657], [13.45930401, 52.49287067]]]}}, {"type": "Feature", "properties": {"id": "6064", "id1": "6064", "laenge": 28.9, "name": "Elsenstr.", "dtv_2020": 4211, "dtv_2025": 2105, "no2_2020": 16.44, "pm10_2020": 19.68, "pm25_2020": 14.16, "no2_2025": 12.82, "pm10_2025": 19.2, "pm25_2025": 13.73, "n_betrof": 15, "index_2020": 0.9, "index_no2": 0.41, "index_pm10": 0.49}, "geometry": {"type": "MultiLineString", "coordinates": [[[13.45119862, 52.48684512], [13.45128087, 52.48691876], [13.45141048, 52.48701945], [13.45145363, 52.48705301]]]}}, {"type": "Feature", "properties": {"id": "6065", "id1": "6065", "laenge": 120.71, "name": "Elsenstr.", "dtv_2020": 4211, "dtv_2025": 2105, "no2_2020": 17.65, "pm10_2020": 19.91, "pm25_2020": 14.32, "no2_2025": 13.12, "pm10_2025": 19.27, "pm25_2025": 13.79, "n_betrof": 85, "index_2020": 0.93, "index_no2": 0.44, "index_pm10": 0.49}, "geometry": {"type": "MultiLineString", "coordinates": [[[13.45149678, 52.48708657], [13.45171284, 52.48725438], [13.45214316, 52.48756607], [13.4526334, 52.48792071]]]}}, {"type": "Feature", "properties": {"id": "6118", "id1": "6118", "laenge": 52.64, "name": "Baerwaldstr.", "dtv_2020": 6999, "dtv_2025": 6474, "no2_2020": 19.13, "pm10_2020": 20.18, "pm25_2020": 14.4, "no2_2025": 14.41, "pm10_2025": 19.66, "pm25_2025": 13.94, "n_betrof": 54, "index_2020": 0.98, "index_no2": 0.47, "index_pm10": 0.5}, "geometry": {"type": "MultiLineString", "coordinates": [[[13.40055595, 52.49064125], [13.40089937, 52.4910655]]]}}, {"type": "Feature", "properties": {"id": "6119", "id1": "6119", "laenge": 158.68, "name": "Baerwaldstr.", "dtv_2020": 6999, "dtv_2025": 6474, "no2_2020": 20.86, "pm10_2020": 20.54, "pm25_2020": 14.65, "no2_2025": 15.3, "pm10_2025": 19.98, "pm25_2025": 14.15, "n_betrof": 123, "index_2020": 1.03, "index_no2": 0.52, "index_pm10": 0.51}, "geometry": {"type": "MultiLineString", "coordinates": [[[13.40089937, 52.4910655], [13.40163093, 52.49200156], [13.40189233, 52.49235665]]]}}, {"type": "Feature", "properties": {"id": "6120", "id1": "6120", "laenge": 148.06, "name": "Gneisenaustr.", "dtv_2020": 23767, "dtv_2025": 22173, "no2_2020": 20.31, "pm10_2020": 20.65, "pm25_2020": 14.67, "no2_2025": 15.14, "pm10_2025": 20.09, "pm25_2025": 14.19, "n_betrof": 38, "index_2020": 1.02, "index_no2": 0.5, "index_pm10": 0.51}, "geometry": {"type": "MultiLineString", "coordinates": [[[13.39808087, 52.49084188], [13.39932271, 52.49059067], [13.40015055, 52.4904233]]]}}, {"type": "Feature", "properties": {"id": "6127", "id1": "6127", "laenge": 139.32, "name": "Gitschiner Str.", "dtv_2020": 31625, "dtv_2025": 29373, "no2_2020": 32.69, "pm10_2020": 24.4, "pm25_2020": 16.28, "no2_2025": 21.87, "pm10_2025": 23.37, "pm25_2025": 15.52, "n_betrof": 125, "index_2020": 1.42, "index_no2": 0.81, "index_pm10": 0.61}, "geometry": {"type": "MultiLineString", "coordinates": [[[13.3997816, 52.49835009], [13.40014806, 52.49835226], [13.40022126, 52.49835271], [13.40029461, 52.49835316], [13.40036781, 52.49835352], [13.40080762, 52.49835614], [13.40176029, 52.49836191], [13.40183349, 52.49836227]]]}}, {"type": "Feature", "properties": {"id": "6128", "id1": "6128", "laenge": 79.61, "name": "Gitschiner Str.", "dtv_2020": 31625, "dtv_2025": 29373, "no2_2020": 28.05, "pm10_2020": 23.01, "pm25_2020": 15.64, "no2_2025": 19.34, "pm10_2025": 22.16, "pm25_2025": 14.99, "n_betrof": 47, "index_2020": 1.27, "index_no2": 0.7, "index_pm10": 0.57}, "geometry": {"type": "MultiLineString", "coordinates": [[[13.40183349, 52.49836227], [13.40190684, 52.49836272], [13.40205339, 52.49836362], [13.40212674, 52.49836407], [13.40219995, 52.49836452], [13.40300606, 52.49836929]]]}}, {"type": "Feature", "properties": {"id": "6130", "id1": "6130", "laenge": 34.27, "name": "Skalitzer Str.", "dtv_2020": 26994, "dtv_2025": 24884, "no2_2020": 21.64, "pm10_2020": 21.16, "pm25_2020": 14.91, "no2_2025": 15.91, "pm10_2025": 20.53, "pm25_2025": 14.4, "n_betrof": 66, "index_2020": 1.07, "index_no2": 0.54, "index_pm10": 0.52}, "geometry": {"type": "MultiLineString", "coordinates": [[[13.41420436, 52.49851372], [13.4147014, 52.49856759]]]}}, {"type": "Feature", "properties": {"id": "6131", "id1": "6131", "laenge": 143.07, "name": "Skalitzer Str.", "dtv_2020": 26994, "dtv_2025": 24884, "no2_2020": 32.35, "pm10_2020": 23.67, "pm25_2020": 16.31, "no2_2025": 21.78, "pm10_2025": 22.65, "pm25_2025": 15.55, "n_betrof": 180, "index_2020": 1.4, "index_no2": 0.8, "index_pm10": 0.59}, "geometry": {"type": "MultiLineString", "coordinates": [[[13.4147014, 52.49856759], [13.41580343, 52.49873403], [13.41675521, 52.49885466]]]}}, {"type": "Feature", "properties": {"id": "6132", "id1": "6132", "laenge": 75.52, "name": "Skalitzer Str.", "dtv_2020": 26994, "dtv_2025": 24884, "no2_2020": 21.65, "pm10_2020": 21.2, "pm25_2020": 14.94, "no2_2025": 15.98, "pm10_2025": 20.58, "pm25_2025": 14.43, "n_betrof": 66, "index_2020": 1.07, "index_no2": 0.54, "index_pm10": 0.53}, "geometry": {"type": "MultiLineString", "coordinates": [[[13.41675521, 52.49885466], [13.4172413, 52.49891026], [13.41750978, 52.49894541], [13.41784543, 52.49898928]]]}}, {"type": "Feature", "properties": {"id": "6135", "id1": "6135", "laenge": 119.07, "name": "Prinzenstr.", "dtv_2020": 13836, "dtv_2025": 12918, "no2_2020": 29.07, "pm10_2020": 23.26, "pm25_2020": 15.65, "no2_2025": 19.73, "pm10_2025": 22.43, "pm25_2025": 15.0, "n_betrof": 120, "index_2020": 1.3, "index_no2": 0.72, "index_pm10": 0.58}, "geometry": {"type": "MultiLineString", "coordinates": [[[13.40702123, 52.49894194], [13.40778148, 52.49990649]]]}}, {"type": "Feature", "properties": {"id": "6136", "id1": "6136", "laenge": 62.08, "name": "Prinzenstr.", "dtv_2020": 13731, "dtv_2025": 12601, "no2_2020": 25.38, "pm10_2020": 22.14, "pm25_2020": 15.2, "no2_2025": 17.85, "pm10_2025": 21.42, "pm25_2025": 14.64, "n_betrof": 34, "index_2020": 1.18, "index_no2": 0.63, "index_pm10": 0.55}, "geometry": {"type": "MultiLineString", "coordinates": [[[13.40664494, 52.49843346], [13.40675275, 52.49859307], [13.40678259, 52.49863177], [13.40702123, 52.49894194]]]}}, {"type": "Feature", "properties": {"id": "6169", "id1": "6169", "laenge": 72.9, "name": "Alt-Stralau", "dtv_2020": 4745, "dtv_2025": 4724, "no2_2020": 19.51, "pm10_2020": 20.73, "pm25_2020": 14.51, "no2_2025": 14.5, "pm10_2025": 20.26, "pm25_2025": 14.07, "n_betrof": 41, "index_2020": 1.0, "index_no2": 0.48, "index_pm10": 0.51}, "geometry": {"type": "MultiLineString", "coordinates": [[[13.46757787, 52.49585598], [13.46828907, 52.49536502]]]}}, {"type": "Feature", "properties": {"id": "6170", "id1": "6170", "laenge": 10.22, "name": "Alt-Stralau", "dtv_2020": 4745, "dtv_2025": 4724, "no2_2020": 16.96, "pm10_2020": 20.08, "pm25_2020": 14.22, "no2_2025": 13.18, "pm10_2025": 19.65, "pm25_2025": 13.82, "n_betrof": 6, "index_2020": 0.92, "index_no2": 0.42, "index_pm10": 0.5}, "geometry": {"type": "MultiLineString", "coordinates": [[[13.46828907, 52.49536502], [13.46840584, 52.49530702]]]}}, {"type": "Feature", "properties": {"id": "6173", "id1": "6173", "laenge": 152.47, "name": "Markgrafendamm", "dtv_2020": 22142, "dtv_2025": 21738, "no2_2020": 23.31, "pm10_2020": 21.77, "pm25_2020": 14.72, "no2_2025": 16.82, "pm10_2025": 21.19, "pm25_2025": 14.22, "n_betrof": 59, "index_2020": 1.12, "index_no2": 0.58, "index_pm10": 0.54}, "geometry": {"type": "MultiLineString", "coordinates": [[[13.46608532, 52.49995229], [13.46612734, 52.50006558], [13.46614135, 52.50010334], [13.46618718, 52.50020041], [13.46636146, 52.5006239], [13.46641376, 52.50075099], [13.46643114, 52.50079329], [13.46644838, 52.50083568], [13.46646561, 52.50087808], [13.46656889, 52.50113224], [13.46657766, 52.50121462], [13.46657885, 52.5012863]]]}}, {"type": "Feature", "properties": {"id": "6177", "id1": "6177", "laenge": 26.39, "name": "Persiusstr.", "dtv_2020": 6319, "dtv_2025": 6308, "no2_2020": 18.13, "pm10_2020": 20.49, "pm25_2020": 14.16, "no2_2025": 13.87, "pm10_2025": 20.02, "pm25_2025": 13.74, "n_betrof": 14, "index_2020": 0.96, "index_no2": 0.45, "index_pm10": 0.51}, "geometry": {"type": "MultiLineString", "coordinates": [[[13.46559525, 52.50008961], [13.46594577, 52.49998707]]]}}, {"type": "Feature", "properties": {"id": "6185", "id1": "6185", "laenge": 147.86, "name": "Südstern", "dtv_2020": 9939, "dtv_2025": 9067, "no2_2020": 17.31, "pm10_2020": 19.72, "pm25_2020": 14.08, "no2_2025": 12.99, "pm10_2025": 19.19, "pm25_2025": 13.63, "n_betrof": 129, "index_2020": 0.92, "index_no2": 0.43, "index_pm10": 0.49}, "geometry": {"type": "MultiLineString", "coordinates": [[[13.4056755, 52.48910194], [13.40580367, 52.48906473], [13.40599537, 52.48901373], [13.40606174, 52.48899907], [13.40626055, 52.4889549], [13.40640006, 52.48893808], [13.40653956, 52.48892117], [13.40672403, 52.48891125], [13.40686879, 52.48891203], [13.40744781, 52.48891551], [13.40766487, 52.48891681], [13.40776287, 52.48897235]]]}}, {"type": "Feature", "properties": {"id": "6186", "id1": "6186", "laenge": 35.81, "name": "Südstern", "dtv_2020": 10619, "dtv_2025": 9140, "no2_2020": 16.78, "pm10_2020": 19.4, "pm25_2020": 13.92, "no2_2025": 12.83, "pm10_2025": 18.91, "pm25_2025": 13.48, "n_betrof": 34, "index_2020": 0.9, "index_no2": 0.41, "index_pm10": 0.48}, "geometry": {"type": "MultiLineString", "coordinates": [[[13.4058573, 52.4895204], [13.4061324, 52.48951341], [13.40638401, 52.4895043]]]}}, {"type": "Feature", "properties": {"id": "6187", "id1": "6187", "laenge": 101.14, "name": "Südstern", "dtv_2020": 10619, "dtv_2025": 9140, "no2_2020": 17.86, "pm10_2020": 19.79, "pm25_2020": 14.21, "no2_2025": 13.38, "pm10_2025": 19.25, "pm25_2025": 13.73, "n_betrof": 83, "index_2020": 0.94, "index_no2": 0.44, "index_pm10": 0.49}, "geometry": {"type": "MultiLineString", "coordinates": [[[13.40638401, 52.4895043], [13.4065713, 52.48947743], [13.40663379, 52.48946838], [13.40683713, 52.48942122], [13.40695323, 52.48938771], [13.40718557, 52.48932071], [13.40736602, 52.48925508], [13.40772676, 52.48912399]]]}}, {"type": "Feature", "properties": {"id": "6188", "id1": "6188", "laenge": 11.48, "name": "Südstern", "dtv_2020": 10619, "dtv_2025": 9140, "no2_2020": 16.59, "pm10_2020": 19.49, "pm25_2020": 14.01, "no2_2025": 12.69, "pm10_2025": 19.0, "pm25_2025": 13.57, "n_betrof": 34, "index_2020": 0.9, "index_no2": 0.41, "index_pm10": 0.48}, "geometry": {"type": "MultiLineString", "coordinates": [[[13.4077869, 52.48910214], [13.40781195, 52.48900007]]]}}, {"type": "Feature", "properties": {"id": "6210", "id1": "6210", "laenge": 24.91, "name": "Glogauer Str.", "dtv_2020": 4379, "dtv_2025": 3485, "no2_2020": 17.71, "pm10_2020": 20.25, "pm25_2020": 14.52, "no2_2025": 13.8, "pm10_2025": 19.74, "pm25_2025": 14.07, "n_betrof": 24, "index_2020": 0.94, "index_no2": 0.44, "index_pm10": 0.5}, "geometry": {"type": "MultiLineString", "coordinates": [[[13.43752746, 52.49357228], [13.43771598, 52.49376439]]]}}, {"type": "Feature", "properties": {"id": "6211", "id1": "6211", "laenge": 139.47, "name": "Glogauer Str.", "dtv_2020": 4379, "dtv_2025": 3485, "no2_2020": 20.01, "pm10_2020": 20.79, "pm25_2020": 14.87, "no2_2025": 14.95, "pm10_2025": 20.14, "pm25_2025": 14.32, "n_betrof": 107, "index_2020": 1.02, "index_no2": 0.5, "index_pm10": 0.51}, "geometry": {"type": "MultiLineString", "coordinates": [[[13.43771598, 52.49376439], [13.43779147, 52.49384118], [13.43782915, 52.49387962], [13.43786682, 52.49391797], [13.43790465, 52.49395641], [13.43805549, 52.49411008], [13.43809317, 52.49414843], [13.43813084, 52.49418687], [13.43816852, 52.49422522], [13.43820634, 52.49426367], [13.43824401, 52.4943021], [13.43877192, 52.49483982]]]}}, {"type": "Feature", "properties": {"id": "6212", "id1": "6212", "laenge": 83.13, "name": "Glogauer Str.", "dtv_2020": 3780, "dtv_2025": 3056, "no2_2020": 21.6, "pm10_2020": 20.78, "pm25_2020": 14.77, "no2_2025": 15.39, "pm10_2025": 20.11, "pm25_2025": 14.23, "n_betrof": 71, "index_2020": 1.05, "index_no2": 0.54, "index_pm10": 0.51}, "geometry": {"type": "MultiLineString", "coordinates": [[[13.43577894, 52.49180041], [13.43641083, 52.49244048]]]}}, {"type": "Feature", "properties": {"id": "6213", "id1": "6213", "laenge": 117.36, "name": "Glogauer Str.", "dtv_2020": 3780, "dtv_2025": 3056, "no2_2020": 22.72, "pm10_2020": 21.03, "pm25_2020": 14.9, "no2_2025": 15.79, "pm10_2025": 20.3, "pm25_2025": 14.32, "n_betrof": 128, "index_2020": 1.09, "index_no2": 0.56, "index_pm10": 0.52}, "geometry": {"type": "MultiLineString", "coordinates": [[[13.43641083, 52.49244048], [13.43648505, 52.49251581], [13.43670815, 52.49274174], [13.43674526, 52.49277936], [13.43681963, 52.4928547], [13.43685674, 52.49289233], [13.43730281, 52.49334409]]]}}, {"type": "Feature", "properties": {"id": "6214", "id1": "6214", "laenge": 66.76, "name": "Wiener Str.", "dtv_2020": 6920, "dtv_2025": 5827, "no2_2020": 20.95, "pm10_2020": 21.08, "pm25_2020": 14.85, "no2_2025": 15.33, "pm10_2025": 20.43, "pm25_2025": 14.34, "n_betrof": 75, "index_2020": 1.05, "index_no2": 0.52, "index_pm10": 0.52}, "geometry": {"type": "MultiLineString", "coordinates": [[[13.42979022, 52.49817954], [13.43064593, 52.49788394]]]}}, {"type": "Feature", "properties": {"id": "6215", "id1": "6215", "laenge": 13.88, "name": "Wiener Str.", "dtv_2020": 7931, "dtv_2025": 7176, "no2_2020": 18.7, "pm10_2020": 20.63, "pm25_2020": 14.63, "no2_2025": 14.43, "pm10_2025": 20.12, "pm25_2025": 14.19, "n_betrof": 14, "index_2020": 0.98, "index_no2": 0.46, "index_pm10": 0.51}, "geometry": {"type": "MultiLineString", "coordinates": [[[13.42727673, 52.49902746], [13.42745695, 52.49896853]]]}}, {"type": "Feature", "properties": {"id": "6216", "id1": "6216", "laenge": 157.12, "name": "Wiener Str.", "dtv_2020": 7931, "dtv_2025": 7176, "no2_2020": 22.75, "pm10_2020": 21.56, "pm25_2020": 15.06, "no2_2025": 16.3, "pm10_2025": 20.9, "pm25_2025": 14.51, "n_betrof": 183, "index_2020": 1.1, "index_no2": 0.56, "index_pm10": 0.53}, "geometry": {"type": "MultiLineString", "coordinates": [[[13.42751702, 52.49894892], [13.42789653, 52.49882054], [13.42954146, 52.49826453]]]}}, {"type": "Feature", "properties": {"id": "6217", "id1": "6217", "laenge": 161.72, "name": "Wiener Str.", "dtv_2020": 7179, "dtv_2025": 6414, "no2_2020": 19.62, "pm10_2020": 20.66, "pm25_2020": 14.76, "no2_2025": 15.04, "pm10_2025": 20.11, "pm25_2025": 14.28, "n_betrof": 91, "index_2020": 1.0, "index_no2": 0.49, "index_pm10": 0.51}, "geometry": {"type": "MultiLineString", "coordinates": [[[13.43228442, 52.4972708], [13.43282881, 52.49708713], [13.43435728, 52.49655478]]]}}, {"type": "Feature", "properties": {"id": "6218", "id1": "6218", "laenge": 22.98, "name": "Wiener Str.", "dtv_2020": 7236, "dtv_2025": 6454, "no2_2020": 17.68, "pm10_2020": 20.15, "pm25_2020": 14.43, "no2_2025": 13.89, "pm10_2025": 19.67, "pm25_2025": 14.0, "n_betrof": 18, "index_2020": 0.94, "index_no2": 0.44, "index_pm10": 0.5}, "geometry": {"type": "MultiLineString", "coordinates": [[[13.43455964, 52.49646899], [13.43467348, 52.49644909], [13.43478752, 52.49641967], [13.43487049, 52.49638984]]]}}, {"type": "Feature", "properties": {"id": "6219", "id1": "6219", "laenge": 133.99, "name": "Wiener Str.", "dtv_2020": 7236, "dtv_2025": 6454, "no2_2020": 19.22, "pm10_2020": 20.45, "pm25_2020": 14.64, "no2_2025": 14.75, "pm10_2025": 19.91, "pm25_2025": 14.16, "n_betrof": 99, "index_2020": 0.99, "index_no2": 0.48, "index_pm10": 0.51}, "geometry": {"type": "MultiLineString", "coordinates": [[[13.43487049, 52.49638984], [13.43659453, 52.49580367]]]}}, {"type": "Feature", "properties": {"id": "6220", "id1": "6220", "laenge": 43.42, "name": "Wiener Str.", "dtv_2020": 7383, "dtv_2025": 6625, "no2_2020": 17.53, "pm10_2020": 20.36, "pm25_2020": 14.59, "no2_2025": 13.84, "pm10_2025": 19.89, "pm25_2025": 14.16, "n_betrof": 14, "index_2020": 0.94, "index_no2": 0.43, "index_pm10": 0.5}, "geometry": {"type": "MultiLineString", "coordinates": [[[13.43837288, 52.49519257], [13.43849769, 52.49514989], [13.43862265, 52.49510731], [13.43892277, 52.49499348]]]}}, {"type": "Feature", "properties": {"id": "6221", "id1": "6221", "laenge": 24.29, "name": "Wiener Str.", "dtv_2020": 7383, "dtv_2025": 6625, "no2_2020": 17.82, "pm10_2020": 20.31, "pm25_2020": 14.54, "no2_2025": 14.1, "pm10_2025": 19.84, "pm25_2025": 14.11, "n_betrof": 14, "index_2020": 0.95, "index_no2": 0.44, "index_pm10": 0.5}, "geometry": {"type": "MultiLineString", "coordinates": [[[13.43699907, 52.49566175], [13.43724885, 52.49557639], [13.43731132, 52.4955551]]]}}, {"type": "Feature", "properties": {"id": "6222", "id1": "6222", "laenge": 82.59, "name": "Wiener Str.", "dtv_2020": 7383, "dtv_2025": 6625, "no2_2020": 19.14, "pm10_2020": 20.64, "pm25_2020": 14.78, "no2_2025": 14.71, "pm10_2025": 20.1, "pm25_2025": 14.31, "n_betrof": 61, "index_2020": 0.99, "index_no2": 0.47, "index_pm10": 0.51}, "geometry": {"type": "MultiLineString", "coordinates": [[[13.43731132, 52.4955551], [13.43737366, 52.49553381], [13.43743614, 52.49551242], [13.43749862, 52.49549113], [13.43756109, 52.49546984], [13.43762343, 52.49544845], [13.43774838, 52.49540587], [13.43837288, 52.49519257]]]}}, {"type": "Feature", "properties": {"id": "6225", "id1": "6225", "laenge": 11.44, "name": "Skalitzer Str.", "dtv_2020": 20369, "dtv_2025": 18345, "no2_2020": 18.46, "pm10_2020": 20.59, "pm25_2020": 14.64, "no2_2025": 14.31, "pm10_2025": 20.08, "pm25_2025": 14.19, "n_betrof": 19, "index_2020": 0.97, "index_no2": 0.46, "index_pm10": 0.51}, "geometry": {"type": "MultiLineString", "coordinates": [[[13.43327761, 52.49959196], [13.43344129, 52.49961661]]]}}, {"type": "Feature", "properties": {"id": "6226", "id1": "6226", "laenge": 294.52, "name": "Skalitzer Str.", "dtv_2020": 20369, "dtv_2025": 18345, "no2_2020": 22.11, "pm10_2020": 21.51, "pm25_2020": 15.2, "no2_2025": 16.15, "pm10_2025": 20.84, "pm25_2025": 14.65, "n_betrof": 263, "index_2020": 1.09, "index_no2": 0.55, "index_pm10": 0.53}, "geometry": {"type": "MultiLineString", "coordinates": [[[13.43344129, 52.49961661], [13.43428488, 52.49973666], [13.43563371, 52.49995069], [13.43765958, 52.50023361]]]}}, {"type": "Feature", "properties": {"id": "6227", "id1": "6227", "laenge": 78.2, "name": "Skalitzer Str.", "dtv_2020": 20369, "dtv_2025": 18345, "no2_2020": 19.8, "pm10_2020": 20.92, "pm25_2020": 14.84, "no2_2025": 14.98, "pm10_2025": 20.35, "pm25_2025": 14.36, "n_betrof": 55, "index_2020": 1.01, "index_no2": 0.49, "index_pm10": 0.52}, "geometry": {"type": "MultiLineString", "coordinates": [[[13.43215743, 52.49942805], [13.43327761, 52.49959196]]]}}, {"type": "Feature", "properties": {"id": "6296", "id1": "6296", "laenge": 196.72, "name": "Hauptstr.", "dtv_2020": 25739, "dtv_2025": 23372, "no2_2020": 18.79, "pm10_2020": 20.67, "pm25_2020": 14.24, "no2_2025": 13.5, "pm10_2025": 19.97, "pm25_2025": 13.72, "n_betrof": 48, "index_2020": 0.98, "index_no2": 0.46, "index_pm10": 0.51}, "geometry": {"type": "MultiLineString", "coordinates": [[[13.48864858, 52.49500604], [13.48896586, 52.49471006], [13.48916414, 52.49452513], [13.48940214, 52.49430322], [13.48948142, 52.49422924], [13.48956085, 52.49415527], [13.48971941, 52.49400724], [13.4902351, 52.49352642]]]}}, {"type": "Feature", "properties": {"id": "6302", "id1": "6302", "laenge": 243.15, "name": "Hauptstr.", "dtv_2020": 21814, "dtv_2025": 21143, "no2_2020": 20.98, "pm10_2020": 21.15, "pm25_2020": 14.61, "no2_2025": 15.14, "pm10_2025": 20.49, "pm25_2025": 14.1, "n_betrof": 158, "index_2020": 1.05, "index_no2": 0.52, "index_pm10": 0.52}, "geometry": {"type": "MultiLineString", "coordinates": [[[13.4775644, 52.50047908], [13.47913635, 52.49977588], [13.47983145, 52.49945475], [13.48044322, 52.49917895]]]}}, {"type": "Feature", "properties": {"id": "6303", "id1": "6303", "laenge": 13.19, "name": "Hauptstr.", "dtv_2020": 21814, "dtv_2025": 21143, "no2_2020": 15.51, "pm10_2020": 19.75, "pm25_2020": 13.85, "no2_2025": 12.09, "pm10_2025": 19.26, "pm25_2025": 13.44, "n_betrof": 0, "index_2020": 0.88, "index_no2": 0.38, "index_pm10": 0.49}, "geometry": {"type": "MultiLineString", "coordinates": [[[13.48044322, 52.49917895], [13.48058653, 52.49909879]]]}}, {"type": "Feature", "properties": {"id": "6309", "id1": "6309", "laenge": 89.01, "name": "Sewanstr.", "dtv_2020": 11386, "dtv_2025": 10498, "no2_2020": 15.97, "pm10_2020": 19.89, "pm25_2020": 13.89, "no2_2025": 12.02, "pm10_2025": 19.37, "pm25_2025": 13.46, "n_betrof": 33, "index_2020": 0.89, "index_no2": 0.39, "index_pm10": 0.49}, "geometry": {"type": "MultiLineString", "coordinates": [[[13.49794604, 52.49962831], [13.49910213, 52.49925088]]]}}, {"type": "Feature", "properties": {"id": "6310", "id1": "6310", "laenge": 44.51, "name": "Sewanstr.", "dtv_2020": 11386, "dtv_2025": 10498, "no2_2020": 14.67, "pm10_2020": 19.54, "pm25_2020": 13.74, "no2_2025": 11.38, "pm10_2025": 19.07, "pm25_2025": 13.33, "n_betrof": 20, "index_2020": 0.85, "index_no2": 0.36, "index_pm10": 0.48}, "geometry": {"type": "MultiLineString", "coordinates": [[[13.49910213, 52.49925088], [13.49942333, 52.49914599], [13.49948754, 52.49912504], [13.49968031, 52.49906212]]]}}, {"type": "Feature", "properties": {"id": "6311", "id1": "6311", "laenge": 96.28, "name": "Sewanstr.", "dtv_2020": 11386, "dtv_2025": 10498, "no2_2020": 16.93, "pm10_2020": 20.18, "pm25_2020": 14.04, "no2_2025": 12.57, "pm10_2025": 19.63, "pm25_2025": 13.59, "n_betrof": 54, "index_2020": 0.92, "index_no2": 0.42, "index_pm10": 0.5}, "geometry": {"type": "MultiLineString", "coordinates": [[[13.49656444, 52.5000729], [13.49668987, 52.5000325], [13.49694086, 52.49995181], [13.49756812, 52.4997501], [13.49781912, 52.4996694]]]}}, {"type": "Feature", "properties": {"id": "6312", "id1": "6312", "laenge": 151.5, "name": "Sewanstr.", "dtv_2020": 11386, "dtv_2025": 10498, "no2_2020": 14.89, "pm10_2020": 19.41, "pm25_2020": 13.47, "no2_2025": 11.38, "pm10_2025": 18.92, "pm25_2025": 13.06, "n_betrof": 31, "index_2020": 0.85, "index_no2": 0.37, "index_pm10": 0.48}, "geometry": {"type": "MultiLineString", "coordinates": [[[13.49987294, 52.49899929], [13.50172006, 52.49840574], [13.50184741, 52.49836482]]]}}, {"type": "Feature", "properties": {"id": "6337", "id1": "6337", "laenge": 103.83, "name": "Kottbusser Damm", "dtv_2020": 22329, "dtv_2025": 20542, "no2_2020": 29.48, "pm10_2020": 23.34, "pm25_2020": 15.9, "no2_2025": 20.18, "pm10_2025": 22.29, "pm25_2025": 15.17, "n_betrof": 105, "index_2020": 1.32, "index_no2": 0.73, "index_pm10": 0.58}, "geometry": {"type": "MultiLineString", "coordinates": [[[13.42139831, 52.49409857], [13.42160364, 52.49376585], [13.42162929, 52.4937242], [13.42165494, 52.49368265], [13.42168059, 52.493641], [13.42183462, 52.4933914], [13.42193735, 52.49322508]]]}}, {"type": "Feature", "properties": {"id": "6338", "id1": "6338", "laenge": 29.66, "name": "Kottbusser Damm", "dtv_2020": 22329, "dtv_2025": 20542, "no2_2020": 21.08, "pm10_2020": 21.01, "pm25_2020": 14.82, "no2_2025": 15.62, "pm10_2025": 20.38, "pm25_2025": 14.31, "n_betrof": 32, "index_2020": 1.05, "index_no2": 0.52, "index_pm10": 0.52}, "geometry": {"type": "MultiLineString", "coordinates": [[[13.42193735, 52.49322508], [13.42209124, 52.49297548]]]}}, {"type": "Feature", "properties": {"id": "6339", "id1": "6339", "laenge": 93.14, "name": "Kottbusser Damm", "dtv_2020": 22831, "dtv_2025": 20824, "no2_2020": 30.53, "pm10_2020": 23.36, "pm25_2020": 15.9, "no2_2025": 20.56, "pm10_2025": 22.27, "pm25_2025": 15.14, "n_betrof": 98, "index_2020": 1.34, "index_no2": 0.76, "index_pm10": 0.58}, "geometry": {"type": "MultiLineString", "coordinates": [[[13.42211731, 52.49293437], [13.42248171, 52.49235895], [13.42261177, 52.49215344]]]}}, {"type": "Feature", "properties": {"id": "6340", "id1": "6340", "laenge": 174.63, "name": "Kottbusser Damm", "dtv_2020": 22736, "dtv_2025": 20610, "no2_2020": 34.24, "pm10_2020": 24.39, "pm25_2020": 16.35, "no2_2025": 22.34, "pm10_2025": 23.13, "pm25_2025": 15.51, "n_betrof": 178, "index_2020": 1.46, "index_no2": 0.85, "index_pm10": 0.6}, "geometry": {"type": "MultiLineString", "coordinates": [[[13.42047463, 52.49556356], [13.42071925, 52.49518327], [13.4207424, 52.49514546], [13.42076556, 52.49510773], [13.42078856, 52.49507001], [13.42092735, 52.4948434], [13.42095311, 52.49480265], [13.42097888, 52.49476182], [13.4210048, 52.49472098], [13.42103057, 52.49468024], [13.42110802, 52.49455782], [13.4213146, 52.49423133], [13.42139831, 52.49409857]]]}}, {"type": "Feature", "properties": {"id": "6341", "id1": "6341", "laenge": 84.36, "name": "Kottbusser Damm", "dtv_2020": 22964, "dtv_2025": 20665, "no2_2020": 28.3, "pm10_2020": 22.92, "pm25_2020": 15.7, "no2_2025": 19.26, "pm10_2025": 21.87, "pm25_2025": 14.97, "n_betrof": 74, "index_2020": 1.28, "index_no2": 0.7, "index_pm10": 0.57}, "geometry": {"type": "MultiLineString", "coordinates": [[[13.42261177, 52.49215344], [13.42305267, 52.49144444]]]}}, {"type": "Feature", "properties": {"id": "6342", "id1": "6342", "laenge": 41.84, "name": "Kottbusser Damm", "dtv_2020": 22833, "dtv_2025": 20278, "no2_2020": 23.91, "pm10_2020": 21.63, "pm25_2020": 15.09, "no2_2025": 16.86, "pm10_2025": 20.82, "pm25_2025": 14.49, "n_betrof": 23, "index_2020": 1.13, "index_no2": 0.59, "index_pm10": 0.54}, "geometry": {"type": "MultiLineString", "coordinates": [[[13.42305267, 52.49144444], [13.42327716, 52.49109417]]]}}, {"type": "Feature", "properties": {"id": "6343", "id1": "6343", "laenge": 53.17, "name": "Kottbusser Damm", "dtv_2020": 22460, "dtv_2025": 20198, "no2_2020": 24.63, "pm10_2020": 21.8, "pm25_2020": 15.15, "no2_2025": 17.22, "pm10_2025": 20.94, "pm25_2025": 14.53, "n_betrof": 46, "index_2020": 1.16, "index_no2": 0.61, "index_pm10": 0.54}, "geometry": {"type": "MultiLineString", "coordinates": [[[13.42335237, 52.49097217], [13.42362849, 52.49052486]]]}}, {"type": "Feature", "properties": {"id": "6346", "id1": "6346", "laenge": 69.73, "name": "Kottbusser Damm", "dtv_2020": 22504, "dtv_2025": 20235, "no2_2020": 29.18, "pm10_2020": 22.72, "pm25_2020": 15.56, "no2_2025": 19.38, "pm10_2025": 21.71, "pm25_2025": 14.84, "n_betrof": 74, "index_2020": 1.29, "index_no2": 0.72, "index_pm10": 0.56}, "geometry": {"type": "MultiLineString", "coordinates": [[[13.42362849, 52.49052486], [13.42398899, 52.48993796]]]}}, {"type": "Feature", "properties": {"id": "6347", "id1": "6347", "laenge": 207.09, "name": "Kottbusser Damm", "dtv_2020": 21573, "dtv_2025": 19374, "no2_2020": 34.76, "pm10_2020": 24.25, "pm25_2020": 16.16, "no2_2025": 21.84, "pm10_2025": 22.89, "pm25_2025": 15.29, "n_betrof": 231, "index_2020": 1.47, "index_no2": 0.86, "index_pm10": 0.6}, "geometry": {"type": "MultiLineString", "coordinates": [[[13.42398899, 52.48993796], [13.42426055, 52.48950686], [13.4245447, 52.48905686], [13.4247874, 52.48866638], [13.42508038, 52.48819968]]]}}, {"type": "Feature", "properties": {"id": "6348", "id1": "6348", "laenge": 63.81, "name": "Pannierstr.", "dtv_2020": 8348, "dtv_2025": 7052, "no2_2020": 25.34, "pm10_2020": 22.05, "pm25_2020": 15.08, "no2_2025": 16.78, "pm10_2025": 21.13, "pm25_2025": 14.45, "n_betrof": 65, "index_2020": 1.18, "index_no2": 0.63, "index_pm10": 0.55}, "geometry": {"type": "MultiLineString", "coordinates": [[[13.43458389, 52.49058142], [13.43507245, 52.49107142]]]}}, {"type": "Feature", "properties": {"id": "6349", "id1": "6349", "laenge": 77.71, "name": "Pannierstr.", "dtv_2020": 7816, "dtv_2025": 6724, "no2_2020": 26.77, "pm10_2020": 22.34, "pm25_2020": 15.23, "no2_2025": 17.47, "pm10_2025": 21.47, "pm25_2025": 14.57, "n_betrof": 82, "index_2020": 1.22, "index_no2": 0.66, "index_pm10": 0.55}, "geometry": {"type": "MultiLineString", "coordinates": [[[13.43400074, 52.48998038], [13.43458389, 52.49058142]]]}}, {"type": "Feature", "properties": {"id": "6350", "id1": "6350", "laenge": 118.33, "name": "Pannierstr.", "dtv_2020": 7663, "dtv_2025": 6718, "no2_2020": 26.71, "pm10_2020": 22.39, "pm25_2020": 15.21, "no2_2025": 17.36, "pm10_2025": 21.47, "pm25_2025": 14.57, "n_betrof": 117, "index_2020": 1.22, "index_no2": 0.66, "index_pm10": 0.55}, "geometry": {"type": "MultiLineString", "coordinates": [[[13.4329312, 52.4888756], [13.4338176, 52.48979139]]]}}, {"type": "Feature", "properties": {"id": "6351", "id1": "6351", "laenge": 75.81, "name": "Sonnenallee", "dtv_2020": 26858, "dtv_2025": 25615, "no2_2020": 33.63, "pm10_2020": 23.74, "pm25_2020": 15.79, "no2_2025": 21.59, "pm10_2025": 22.96, "pm25_2025": 15.09, "n_betrof": 76, "index_2020": 1.43, "index_no2": 0.84, "index_pm10": 0.59}, "geometry": {"type": "MultiLineString", "coordinates": [[[13.42698317, 52.48724255], [13.4271047, 52.48720073], [13.42746943, 52.48707521], [13.42795569, 52.48690788]]]}}, {"type": "Feature", "properties": {"id": "6352", "id1": "6352", "laenge": 123.9, "name": "Sonnenallee", "dtv_2020": 25684, "dtv_2025": 24896, "no2_2020": 32.99, "pm10_2020": 23.4, "pm25_2020": 15.67, "no2_2025": 21.53, "pm10_2025": 22.69, "pm25_2025": 15.01, "n_betrof": 95, "index_2020": 1.4, "index_no2": 0.82, "index_pm10": 0.58}, "geometry": {"type": "MultiLineString", "coordinates": [[[13.42539034, 52.48778545], [13.42557653, 52.48772724], [13.42602419, 52.48757298], [13.42615198, 52.48752891], [13.42627993, 52.48748485], [13.4263439, 52.48746287], [13.42647169, 52.4874188], [13.42698317, 52.48724255]]]}}, {"type": "Feature", "properties": {"id": "6468", "id1": "6468", "laenge": 154.23, "name": "Hauptstr.", "dtv_2020": 25739, "dtv_2025": 23372, "no2_2020": 19.16, "pm10_2020": 20.7, "pm25_2020": 14.28, "no2_2025": 13.95, "pm10_2025": 20.02, "pm25_2025": 13.76, "n_betrof": 62, "index_2020": 0.99, "index_no2": 0.47, "index_pm10": 0.51}, "geometry": {"type": "MultiLineString", "coordinates": [[[13.48070237, 52.49904642], [13.48151332, 52.49868038], [13.4817389, 52.49857691], [13.48224189, 52.49834483], [13.48252137, 52.49821598]]]}}, {"type": "Feature", "properties": {"id": "6469", "id1": "6469", "laenge": 53.77, "name": "Hauptstr.", "dtv_2020": 25739, "dtv_2025": 23372, "no2_2020": 15.66, "pm10_2020": 19.77, "pm25_2020": 13.84, "no2_2025": 12.09, "pm10_2025": 19.25, "pm25_2025": 13.42, "n_betrof": 10, "index_2020": 0.88, "index_no2": 0.39, "index_pm10": 0.49}, "geometry": {"type": "MultiLineString", "coordinates": [[[13.48280757, 52.4980846], [13.4829803, 52.49800545], [13.48326814, 52.49787347], [13.48344087, 52.49779431]]]}}, {"type": "Feature", "properties": {"id": "6470", "id1": "6470", "laenge": 191.29, "name": "Hauptstr.", "dtv_2020": 25739, "dtv_2025": 23372, "no2_2020": 19.77, "pm10_2020": 20.85, "pm25_2020": 14.34, "no2_2025": 14.2, "pm10_2025": 20.13, "pm25_2025": 13.8, "n_betrof": 85, "index_2020": 1.01, "index_no2": 0.49, "index_pm10": 0.52}, "geometry": {"type": "MultiLineString", "coordinates": [[[13.48355523, 52.49774165], [13.48423563, 52.49742643], [13.48433877, 52.49737902], [13.48465399, 52.49723425], [13.48568913, 52.49675992], [13.48580327, 52.4967051]]]}}, {"type": "Feature", "properties": {"id": "6521", "id1": "6521", "laenge": 19.62, "name": "Am Treptower Park", "dtv_2020": 26001, "dtv_2025": 20332, "no2_2020": 17.73, "pm10_2020": 20.21, "pm25_2020": 14.24, "no2_2025": 13.61, "pm10_2025": 19.72, "pm25_2025": 13.83, "n_betrof": 9, "index_2020": 0.94, "index_no2": 0.44, "index_pm10": 0.5}, "geometry": {"type": "MultiLineString", "coordinates": [[[13.45975138, 52.49029903], [13.45994595, 52.49016859]]]}}, {"type": "Feature", "properties": {"id": "6522", "id1": "6522", "laenge": 154.6, "name": "Am Treptower Park", "dtv_2020": 26001, "dtv_2025": 20332, "no2_2020": 21.81, "pm10_2020": 21.56, "pm25_2020": 14.8, "no2_2025": 15.34, "pm10_2025": 20.63, "pm25_2025": 14.21, "n_betrof": 75, "index_2020": 1.08, "index_no2": 0.54, "index_pm10": 0.53}, "geometry": {"type": "MultiLineString", "coordinates": [[[13.46033604, 52.4899096], [13.4604336, 52.48984488], [13.46149435, 52.4890992], [13.46154252, 52.4890653], [13.46173549, 52.48892971], [13.46183182, 52.48886191]]]}}, {"type": "Feature", "properties": {"id": "6523", "id1": "6523", "laenge": 71.36, "name": "Am Treptower Park", "dtv_2020": 26001, "dtv_2025": 20332, "no2_2020": 21.7, "pm10_2020": 21.4, "pm25_2020": 14.74, "no2_2025": 15.24, "pm10_2025": 20.48, "pm25_2025": 14.14, "n_betrof": 37, "index_2020": 1.07, "index_no2": 0.54, "index_pm10": 0.53}, "geometry": {"type": "MultiLineString", "coordinates": [[[13.4620217, 52.48873041], [13.46272209, 52.48825211]]]}}, {"type": "Feature", "properties": {"id": "6524", "id1": "6524", "laenge": 110.46, "name": "Am Treptower Park", "dtv_2020": 26001, "dtv_2025": 20332, "no2_2020": 20.13, "pm10_2020": 20.88, "pm25_2020": 14.51, "no2_2025": 14.57, "pm10_2025": 20.1, "pm25_2025": 13.98, "n_betrof": 30, "index_2020": 1.02, "index_no2": 0.5, "index_pm10": 0.52}, "geometry": {"type": "MultiLineString", "coordinates": [[[13.46286417, 52.4881565], [13.46348411, 52.48774206], [13.46372267, 52.48758269], [13.46381797, 52.48751892], [13.46386563, 52.487487], [13.46396108, 52.48742332]]]}}, {"type": "Feature", "properties": {"id": "6525", "id1": "6525", "laenge": 19.87, "name": "Am Treptower Park", "dtv_2020": 26001, "dtv_2025": 20332, "no2_2020": 17.38, "pm10_2020": 19.97, "pm25_2020": 14.13, "no2_2025": 13.35, "pm10_2025": 19.44, "pm25_2025": 13.7, "n_betrof": 9, "index_2020": 0.93, "index_no2": 0.43, "index_pm10": 0.49}, "geometry": {"type": "MultiLineString", "coordinates": [[[13.46410641, 52.4873228], [13.46430004, 52.48718883]]]}}, {"type": "Feature", "properties": {"id": "6554", "id1": "6554", "laenge": 66.78, "name": "Alt-Stralau", "dtv_2020": 6127, "dtv_2025": 6107, "no2_2020": 18.16, "pm10_2020": 20.63, "pm25_2020": 14.45, "no2_2025": 14.09, "pm10_2025": 20.2, "pm25_2025": 14.04, "n_betrof": 14, "index_2020": 0.97, "index_no2": 0.45, "index_pm10": 0.51}, "geometry": {"type": "MultiLineString", "coordinates": [[[13.46611387, 52.49684248], [13.46618244, 52.49679401], [13.46623089, 52.49676047], [13.46627935, 52.49672693], [13.46637611, 52.49665994], [13.46642457, 52.49662641], [13.46652147, 52.49655942], [13.46661838, 52.49649235], [13.46666684, 52.49645881], [13.46676374, 52.49639182]]]}}, {"type": "Feature", "properties": {"id": "6555", "id1": "6555", "laenge": 88.89, "name": "Alt-Stralau", "dtv_2020": 11189, "dtv_2025": 11140, "no2_2020": 19.75, "pm10_2020": 21.19, "pm25_2020": 14.68, "no2_2025": 15.21, "pm10_2025": 20.76, "pm25_2025": 14.26, "n_betrof": 18, "index_2020": 1.02, "index_no2": 0.49, "index_pm10": 0.52}, "geometry": {"type": "MultiLineString", "coordinates": [[[13.46502908, 52.49728129], [13.46545307, 52.497137], [13.4655082, 52.4971191], [13.46561831, 52.49708349], [13.46574843, 52.49703995], [13.46586742, 52.49698197], [13.46597079, 52.49692388], [13.46611387, 52.49684248]]]}}, {"type": "Feature", "properties": {"id": "6602", "id1": "6602", "laenge": 67.71, "name": "Alt-Stralau", "dtv_2020": 1416, "dtv_2025": 1416, "no2_2020": 15.12, "pm10_2020": 19.17, "pm25_2020": 13.61, "no2_2025": 11.78, "pm10_2025": 18.74, "pm25_2025": 13.22, "n_betrof": 60, "index_2020": 0.85, "index_no2": 0.37, "index_pm10": 0.47}, "geometry": {"type": "MultiLineString", "coordinates": [[[13.47479193, 52.49294279], [13.47492156, 52.49291299], [13.47520097, 52.49287524], [13.47541068, 52.49284692], [13.47555038, 52.49282804], [13.47562023, 52.49281869], [13.47569009, 52.49280925], [13.47575994, 52.49279981]]]}}, {"type": "Feature", "properties": {"id": "6603", "id1": "6603", "laenge": 47.3, "name": "Alt-Stralau", "dtv_2020": 1416, "dtv_2025": 1416, "no2_2020": 15.46, "pm10_2020": 19.32, "pm25_2020": 13.69, "no2_2025": 12.05, "pm10_2025": 18.89, "pm25_2025": 13.29, "n_betrof": 60, "index_2020": 0.86, "index_no2": 0.38, "index_pm10": 0.48}, "geometry": {"type": "MultiLineString", "coordinates": [[[13.47169953, 52.49379066], [13.47201071, 52.49369515], [13.47232189, 52.49359963]]]}}, {"type": "Feature", "properties": {"id": "6604", "id1": "6604", "laenge": 58.3, "name": "Alt-Stralau", "dtv_2020": 1416, "dtv_2025": 1416, "no2_2020": 16.25, "pm10_2020": 19.32, "pm25_2020": 13.72, "no2_2025": 12.2, "pm10_2025": 18.87, "pm25_2025": 13.31, "n_betrof": 30, "index_2020": 0.88, "index_no2": 0.4, "index_pm10": 0.48}, "geometry": {"type": "MultiLineString", "coordinates": [[[13.47575994, 52.49279981], [13.47659831, 52.49268663]]]}}, {"type": "Feature", "properties": {"id": "6605", "id1": "6605", "laenge": 38.21, "name": "Alt-Stralau", "dtv_2020": 1416, "dtv_2025": 1416, "no2_2020": 14.93, "pm10_2020": 19.12, "pm25_2020": 13.58, "no2_2025": 11.63, "pm10_2025": 18.69, "pm25_2025": 13.19, "n_betrof": 60, "index_2020": 0.85, "index_no2": 0.37, "index_pm10": 0.47}, "geometry": {"type": "MultiLineString", "coordinates": [[[13.47680486, 52.49266015], [13.47735555, 52.49258956]]]}}, {"type": "Feature", "properties": {"id": "6606", "id1": "6606", "laenge": 40.77, "name": "Alt-Stralau", "dtv_2020": 1416, "dtv_2025": 1416, "no2_2020": 15.89, "pm10_2020": 19.26, "pm25_2020": 13.68, "no2_2025": 12.0, "pm10_2025": 18.82, "pm25_2025": 13.27, "n_betrof": 14, "index_2020": 0.87, "index_no2": 0.39, "index_pm10": 0.48}, "geometry": {"type": "MultiLineString", "coordinates": [[[13.47735555, 52.49258956], [13.4778373, 52.4925277], [13.47794037, 52.49250754]]]}}, {"type": "Feature", "properties": {"id": "6607", "id1": "6607", "laenge": 74.61, "name": "Alt-Stralau", "dtv_2020": 1416, "dtv_2025": 1416, "no2_2020": 16.41, "pm10_2020": 19.39, "pm25_2020": 13.75, "no2_2025": 12.36, "pm10_2025": 18.95, "pm25_2025": 13.34, "n_betrof": 32, "index_2020": 0.89, "index_no2": 0.41, "index_pm10": 0.48}, "geometry": {"type": "MultiLineString", "coordinates": [[[13.47257068, 52.49352319], [13.47324478, 52.49330531], [13.47355438, 52.49322542]]]}}, {"type": "Feature", "properties": {"id": "6608", "id1": "6608", "laenge": 89.72, "name": "Alt-Stralau", "dtv_2020": 1416, "dtv_2025": 1416, "no2_2020": 15.67, "pm10_2020": 19.26, "pm25_2020": 13.67, "no2_2025": 12.04, "pm10_2025": 18.83, "pm25_2025": 13.27, "n_betrof": 48, "index_2020": 0.87, "index_no2": 0.39, "index_pm10": 0.48}, "geometry": {"type": "MultiLineString", "coordinates": [[[13.47355438, 52.49322542], [13.47388043, 52.49315114], [13.47407597, 52.49310655], [13.47420648, 52.49307676], [13.47427166, 52.49306196], [13.47453253, 52.49300247], [13.47479193, 52.49294279]]]}}, {"type": "Feature", "properties": {"id": "6620", "id1": "6620", "laenge": 17.63, "name": "Gneisenaustr.", "dtv_2020": 9291, "dtv_2025": 8908, "no2_2020": 16.94, "pm10_2020": 19.56, "pm25_2020": 13.99, "no2_2025": 13.04, "pm10_2025": 19.08, "pm25_2025": 13.57, "n_betrof": 15, "index_2020": 0.91, "index_no2": 0.42, "index_pm10": 0.48}, "geometry": {"type": "MultiLineString", "coordinates": [[[13.40525509, 52.48922538], [13.4053136, 52.4892081], [13.40548883, 52.48915642]]]}}, {"type": "Feature", "properties": {"id": "6621", "id1": "6621", "laenge": 347.18, "name": "Gneisenaustr.", "dtv_2020": 9291, "dtv_2025": 8908, "no2_2020": 20.43, "pm10_2020": 20.51, "pm25_2020": 14.48, "no2_2025": 15.07, "pm10_2025": 19.91, "pm25_2025": 13.98, "n_betrof": 352, "index_2020": 1.02, "index_no2": 0.51, "index_pm10": 0.51}, "geometry": {"type": "MultiLineString", "coordinates": [[[13.4004118, 52.49022166], [13.40055113, 52.49019351], [13.40076006, 52.4901512], [13.40124779, 52.49005251], [13.40131753, 52.49003844], [13.40138712, 52.49002436], [13.40145687, 52.4900102], [13.40243232, 52.48981289], [13.40250192, 52.48979873], [13.40278058, 52.48974234], [13.40285031, 52.48972827], [13.4036167, 52.48957318], [13.40368629, 52.4895591], [13.40466173, 52.48936169], [13.40507971, 52.48927714], [13.40525509, 52.48922538]]]}}, {"type": "Feature", "properties": {"id": "6642", "id1": "6642", "laenge": 53.06, "name": "Wildenbruchstr.", "dtv_2020": 11248, "dtv_2025": 8992, "no2_2020": 23.03, "pm10_2020": 21.29, "pm25_2020": 14.94, "no2_2025": 15.29, "pm10_2025": 20.42, "pm25_2025": 14.34, "n_betrof": 13, "index_2020": 1.1, "index_no2": 0.57, "index_pm10": 0.53}, "geometry": {"type": "MultiLineString", "coordinates": [[[13.44888352, 52.48813369], [13.44941035, 52.48848594]]]}}, {"type": "Feature", "properties": {"id": "6643", "id1": "6643", "laenge": 82.2, "name": "Wildenbruchstr.", "dtv_2020": 11248, "dtv_2025": 8992, "no2_2020": 24.56, "pm10_2020": 21.51, "pm25_2020": 14.99, "no2_2025": 15.62, "pm10_2025": 20.5, "pm25_2025": 14.33, "n_betrof": 62, "index_2020": 1.15, "index_no2": 0.61, "index_pm10": 0.53}, "geometry": {"type": "MultiLineString", "coordinates": [[[13.44955411, 52.48858205], [13.45003302, 52.48890239], [13.45037395, 52.48912569]]]}}, {"type": "Feature", "properties": {"id": "6644", "id1": "6644", "laenge": 45.18, "name": "Karl-Kunger-Str.", "dtv_2020": 9202, "dtv_2025": 7435, "no2_2020": 22.9, "pm10_2020": 21.19, "pm25_2020": 14.67, "no2_2025": 15.1, "pm10_2025": 20.43, "pm25_2025": 14.11, "n_betrof": 37, "index_2020": 1.1, "index_no2": 0.57, "index_pm10": 0.52}, "geometry": {"type": "MultiLineString", "coordinates": [[[13.450616, 52.48916591], [13.45070756, 52.48910875], [13.45097526, 52.48897677], [13.45111832, 52.48890015]]]}}, {"type": "Feature", "properties": {"id": "6645", "id1": "6645", "laenge": 28.36, "name": "Skalitzer Str.", "dtv_2020": 20385, "dtv_2025": 18701, "no2_2020": 21.16, "pm10_2020": 21.39, "pm25_2020": 15.01, "no2_2025": 15.87, "pm10_2025": 20.8, "pm25_2025": 14.52, "n_betrof": 33, "index_2020": 1.06, "index_no2": 0.52, "index_pm10": 0.53}, "geometry": {"type": "MultiLineString", "coordinates": [[[13.42269007, 52.4991152], [13.42289063, 52.49911787], [13.4231077, 52.49912004]]]}}, {"type": "Feature", "properties": {"id": "6646", "id1": "6646", "laenge": 139.3, "name": "Skalitzer Str.", "dtv_2020": 20385, "dtv_2025": 18701, "no2_2020": 25.65, "pm10_2020": 22.55, "pm25_2020": 15.5, "no2_2025": 18.18, "pm10_2025": 21.79, "pm25_2025": 14.91, "n_betrof": 87, "index_2020": 1.2, "index_no2": 0.64, "index_pm10": 0.56}, "geometry": {"type": "MultiLineString", "coordinates": [[[13.42318001, 52.49912083], [13.42404802, 52.4991297], [13.42488324, 52.49914082], [13.42495289, 52.49914175], [13.42523135, 52.49914545]]]}}, {"type": "Feature", "properties": {"id": "6647", "id1": "6647", "laenge": 61.04, "name": "Skalitzer Str.", "dtv_2020": 20385, "dtv_2025": 18701, "no2_2020": 20.89, "pm10_2020": 21.34, "pm25_2020": 14.99, "no2_2025": 15.72, "pm10_2025": 20.76, "pm25_2025": 14.51, "n_betrof": 33, "index_2020": 1.05, "index_no2": 0.52, "index_pm10": 0.53}, "geometry": {"type": "MultiLineString", "coordinates": [[[13.42523135, 52.49914545], [13.42571082, 52.49915975], [13.42598484, 52.49916798], [13.4261291, 52.49917547]]]}}, {"type": "Feature", "properties": {"id": "6661", "id1": "6661", "laenge": 111.72, "name": "Körtestr.", "dtv_2020": 4088, "dtv_2025": 3505, "no2_2020": 18.27, "pm10_2020": 20.13, "pm25_2020": 14.42, "no2_2025": 13.85, "pm10_2025": 19.6, "pm25_2025": 13.95, "n_betrof": 105, "index_2020": 0.96, "index_no2": 0.45, "index_pm10": 0.5}, "geometry": {"type": "MultiLineString", "coordinates": [[[13.41090038, 52.49094744], [13.41169717, 52.4913177], [13.41220944, 52.49155573]]]}}, {"type": "Feature", "properties": {"id": "6662", "id1": "6662", "laenge": 39.23, "name": "Körtestr.", "dtv_2020": 4088, "dtv_2025": 3505, "no2_2020": 16.98, "pm10_2020": 19.72, "pm25_2020": 14.15, "no2_2025": 13.03, "pm10_2025": 19.24, "pm25_2025": 13.72, "n_betrof": 34, "index_2020": 0.91, "index_no2": 0.42, "index_pm10": 0.49}, "geometry": {"type": "MultiLineString", "coordinates": [[[13.40797699, 52.48920585], [13.40803247, 52.48928059], [13.40808781, 52.48935533], [13.40820226, 52.48953049]]]}}, {"type": "Feature", "properties": {"id": "6663", "id1": "6663", "laenge": 209.11, "name": "Körtestr.", "dtv_2020": 4088, "dtv_2025": 3505, "no2_2020": 18.75, "pm10_2020": 20.14, "pm25_2020": 14.44, "no2_2025": 14.02, "pm10_2025": 19.58, "pm25_2025": 13.95, "n_betrof": 228, "index_2020": 0.97, "index_no2": 0.46, "index_pm10": 0.5}, "geometry": {"type": "MultiLineString", "coordinates": [[[13.40820226, 52.48953049], [13.40828059, 52.4896291], [13.40843586, 52.48975491], [13.40864172, 52.48987888], [13.4088757, 52.48998677], [13.41050624, 52.49075468]]]}}, {"type": "Feature", "properties": {"id": "6664", "id1": "6664", "laenge": 24.31, "name": "Körtestr.", "dtv_2020": 4088, "dtv_2025": 3505, "no2_2020": 17.2, "pm10_2020": 19.88, "pm25_2020": 14.25, "no2_2025": 13.25, "pm10_2025": 19.4, "pm25_2025": 13.82, "n_betrof": 34, "index_2020": 0.92, "index_no2": 0.43, "index_pm10": 0.49}, "geometry": {"type": "MultiLineString", "coordinates": [[[13.41062269, 52.49080956], [13.41073929, 52.49086436], [13.41090038, 52.49094744]]]}}, {"type": "Feature", "properties": {"id": "6667", "id1": "6667", "laenge": 104.04, "name": "Pannierstr.", "dtv_2020": 7662, "dtv_2025": 6722, "no2_2020": 24.13, "pm10_2020": 21.54, "pm25_2020": 14.94, "no2_2025": 16.38, "pm10_2025": 20.83, "pm25_2025": 14.36, "n_betrof": 82, "index_2020": 1.14, "index_no2": 0.6, "index_pm10": 0.53}, "geometry": {"type": "MultiLineString", "coordinates": [[[13.43162976, 52.48752992], [13.43200065, 52.48791003], [13.43233858, 52.48825644], [13.43241257, 52.48833385]]]}}, {"type": "Feature", "properties": {"id": "6668", "id1": "6668", "laenge": 69.8, "name": "Pannierstr.", "dtv_2020": 7662, "dtv_2025": 6722, "no2_2020": 19.22, "pm10_2020": 20.32, "pm25_2020": 14.47, "no2_2025": 14.33, "pm10_2025": 19.79, "pm25_2025": 14.01, "n_betrof": 33, "index_2020": 0.98, "index_no2": 0.48, "index_pm10": 0.5}, "geometry": {"type": "MultiLineString", "coordinates": [[[13.43241257, 52.48833385], [13.43267188, 52.48860477], [13.43270895, 52.48864347], [13.4329312, 52.4888756]]]}}, {"type": "Feature", "properties": {"id": "6676", "id1": "6676", "laenge": 87.79, "name": "Alt-Stralau", "dtv_2020": 3865, "dtv_2025": 3851, "no2_2020": 17.36, "pm10_2020": 20.02, "pm25_2020": 14.02, "no2_2025": 13.24, "pm10_2025": 19.57, "pm25_2025": 13.6, "n_betrof": 47, "index_2020": 0.93, "index_no2": 0.43, "index_pm10": 0.5}, "geometry": {"type": "MultiLineString", "coordinates": [[[13.46840584, 52.49530702], [13.46859659, 52.49517588], [13.46864428, 52.49514305], [13.46878735, 52.49504474], [13.46902579, 52.49488077], [13.46926424, 52.49471681]]]}}, {"type": "Feature", "properties": {"id": "6677", "id1": "6677", "laenge": 146.82, "name": "Alt-Stralau", "dtv_2020": 3865, "dtv_2025": 3851, "no2_2020": 15.7, "pm10_2020": 19.42, "pm25_2020": 13.71, "no2_2025": 12.22, "pm10_2025": 18.99, "pm25_2025": 13.31, "n_betrof": 91, "index_2020": 0.87, "index_no2": 0.39, "index_pm10": 0.48}, "geometry": {"type": "MultiLineString", "coordinates": [[[13.46955515, 52.49459002], [13.46986894, 52.49447495], [13.47060352, 52.49419592], [13.47072592, 52.4941494], [13.47078712, 52.49412619], [13.47097088, 52.49405637], [13.47121463, 52.49396412], [13.47139492, 52.4938965]]]}}, {"type": "Feature", "properties": {"id": "6680", "id1": "6680", "laenge": 119.63, "name": "Bossestr.", "dtv_2020": 3990, "dtv_2025": 3979, "no2_2020": 20.24, "pm10_2020": 21.06, "pm25_2020": 14.73, "no2_2025": 15.35, "pm10_2025": 20.57, "pm25_2025": 14.28, "n_betrof": 114, "index_2020": 1.03, "index_no2": 0.5, "index_pm10": 0.52}, "geometry": {"type": "MultiLineString", "coordinates": [[[13.45979951, 52.4990465], [13.46035595, 52.50006686]]]}}, {"type": "Feature", "properties": {"id": "6698", "id1": "6698", "laenge": 94.06, "name": "Hauptstr.", "dtv_2020": 25739, "dtv_2025": 23372, "no2_2020": 21.88, "pm10_2020": 21.46, "pm25_2020": 14.62, "no2_2025": 15.32, "pm10_2025": 20.63, "pm25_2025": 14.03, "n_betrof": 28, "index_2020": 1.08, "index_no2": 0.54, "index_pm10": 0.53}, "geometry": {"type": "MultiLineString", "coordinates": [[[13.48603357, 52.49659638], [13.48626561, 52.49648849], [13.48684556, 52.4962189], [13.48696159, 52.49616491], [13.48713569, 52.49608406]]]}}, {"type": "Feature", "properties": {"id": "6699", "id1": "6699", "laenge": 23.41, "name": "Hauptstr.", "dtv_2020": 25739, "dtv_2025": 23372, "no2_2020": 16.03, "pm10_2020": 19.84, "pm25_2020": 13.86, "no2_2025": 12.21, "pm10_2025": 19.29, "pm25_2025": 13.42, "n_betrof": 6, "index_2020": 0.89, "index_no2": 0.4, "index_pm10": 0.49}, "geometry": {"type": "MultiLineString", "coordinates": [[[13.48725171, 52.49603006], [13.48736758, 52.49597616], [13.4875251, 52.49590184]]]}}, {"type": "Feature", "properties": {"id": "6706", "id1": "6706", "laenge": 103.49, "name": "Köpenicker Chaussee", "dtv_2020": 25739, "dtv_2025": 23372, "no2_2020": 21.53, "pm10_2020": 21.41, "pm25_2020": 14.57, "no2_2025": 14.82, "pm10_2025": 20.57, "pm25_2025": 13.98, "n_betrof": 52, "index_2020": 1.07, "index_no2": 0.53, "index_pm10": 0.53}, "geometry": {"type": "MultiLineString", "coordinates": [[[13.49027498, 52.49348898], [13.49067359, 52.49311456], [13.49103246, 52.49277766], [13.49107436, 52.49274565], [13.49111611, 52.49271354]]]}}, {"type": "Feature", "properties": {"id": "6707", "id1": "6707", "laenge": 116.52, "name": "Köpenicker Chaussee", "dtv_2020": 25739, "dtv_2025": 23372, "no2_2020": 16.98, "pm10_2020": 20.07, "pm25_2020": 13.93, "no2_2025": 12.5, "pm10_2025": 19.45, "pm25_2025": 13.46, "n_betrof": 53, "index_2020": 0.92, "index_no2": 0.42, "index_pm10": 0.5}, "geometry": {"type": "MultiLineString", "coordinates": [[[13.49111611, 52.49271354], [13.49119991, 52.49264943], [13.49167207, 52.49220868], [13.49175074, 52.49213524], [13.49206555, 52.49184138]]]}}, {"type": "Feature", "properties": {"id": "6718", "id1": "6718", "laenge": 127.51, "name": "Puschkinallee", "dtv_2020": 22090, "dtv_2025": 20052, "no2_2020": 17.11, "pm10_2020": 19.69, "pm25_2020": 13.81, "no2_2025": 12.66, "pm10_2025": 19.15, "pm25_2025": 13.36, "n_betrof": 28, "index_2020": 0.92, "index_no2": 0.42, "index_pm10": 0.49}, "geometry": {"type": "MultiLineString", "coordinates": [[[13.47410743, 52.4884237], [13.47566146, 52.48795517], [13.47579095, 52.48791611]]]}}, {"type": "Feature", "properties": {"id": "6771", "id1": "6771", "laenge": 31.5, "name": "Kottbusser Str.", "dtv_2020": 13411, "dtv_2025": 12615, "no2_2020": 21.11, "pm10_2020": 21.18, "pm25_2020": 14.86, "no2_2025": 15.71, "pm10_2025": 20.56, "pm25_2025": 14.36, "n_betrof": 91, "index_2020": 1.05, "index_no2": 0.52, "index_pm10": 0.52}, "geometry": {"type": "MultiLineString", "coordinates": [[[13.41856436, 52.49862423], [13.41858161, 52.49848025], [13.41865512, 52.49834888]]]}}, {"type": "Feature", "properties": {"id": "6772", "id1": "6772", "laenge": 155.01, "name": "Kottbusser Str.", "dtv_2020": 13411, "dtv_2025": 12615, "no2_2020": 26.99, "pm10_2020": 22.66, "pm25_2020": 15.49, "no2_2025": 18.82, "pm10_2025": 21.77, "pm25_2025": 14.87, "n_betrof": 176, "index_2020": 1.24, "index_no2": 0.67, "index_pm10": 0.56}, "geometry": {"type": "MultiLineString", "coordinates": [[[13.41865512, 52.49834888], [13.41891847, 52.4978783], [13.41939262, 52.49703012]]]}}, {"type": "Feature", "properties": {"id": "6773", "id1": "6773", "laenge": 66.33, "name": "Kottbusser Str.", "dtv_2020": 13411, "dtv_2025": 12615, "no2_2020": 20.66, "pm10_2020": 20.98, "pm25_2020": 14.77, "no2_2025": 15.48, "pm10_2025": 20.38, "pm25_2025": 14.29, "n_betrof": 91, "index_2020": 1.04, "index_no2": 0.51, "index_pm10": 0.52}, "geometry": {"type": "MultiLineString", "coordinates": [[[13.41939262, 52.49703012], [13.4195951, 52.49669548], [13.41974096, 52.4964731]]]}}, {"type": "Feature", "properties": {"id": "6793", "id1": "6793", "laenge": 102.51, "name": "Mariannenstr.", "dtv_2020": 6445, "dtv_2025": 5613, "no2_2020": 23.9, "pm10_2020": 21.67, "pm25_2020": 15.4, "no2_2025": 17.33, "pm10_2025": 20.94, "pm25_2025": 14.8, "n_betrof": 105, "index_2020": 1.13, "index_no2": 0.59, "index_pm10": 0.54}, "geometry": {"type": "MultiLineString", "coordinates": [[[13.42013309, 52.49649426], [13.42074782, 52.49723874], [13.42081263, 52.49731711]]]}}, {"type": "Feature", "properties": {"id": "6794", "id1": "6794", "laenge": 87.86, "name": "Mariannenstr.", "dtv_2020": 6445, "dtv_2025": 5613, "no2_2020": 23.16, "pm10_2020": 21.58, "pm25_2020": 15.32, "no2_2025": 16.96, "pm10_2025": 20.89, "pm25_2025": 14.74, "n_betrof": 86, "index_2020": 1.11, "index_no2": 0.57, "index_pm10": 0.53}, "geometry": {"type": "MultiLineString", "coordinates": [[[13.42081263, 52.49731711], [13.42110377, 52.49766976], [13.42139505, 52.49802241]]]}}, {"type": "Feature", "properties": {"id": "6795", "id1": "6795", "laenge": 14.37, "name": "Mariannenstr.", "dtv_2020": 6445, "dtv_2025": 5613, "no2_2020": 19.41, "pm10_2020": 20.84, "pm25_2020": 14.8, "no2_2025": 15.02, "pm10_2025": 20.32, "pm25_2025": 14.35, "n_betrof": 8, "index_2020": 1.0, "index_no2": 0.48, "index_pm10": 0.52}, "geometry": {"type": "MultiLineString", "coordinates": [[[13.42139505, 52.49802241], [13.42148277, 52.49814002]]]}}, {"type": "Feature", "properties": {"id": "6796", "id1": "6796", "laenge": 72.58, "name": "Mariannenstr.", "dtv_2020": 6445, "dtv_2025": 5613, "no2_2020": 21.64, "pm10_2020": 21.37, "pm25_2020": 15.14, "no2_2025": 16.19, "pm10_2025": 20.75, "pm25_2025": 14.62, "n_betrof": 58, "index_2020": 1.07, "index_no2": 0.54, "index_pm10": 0.53}, "geometry": {"type": "MultiLineString", "coordinates": [[[13.42161171, 52.49829521], [13.4220953, 52.49887709]]]}}, {"type": "Feature", "properties": {"id": "6797", "id1": "6797", "laenge": 19.35, "name": "Mariannenstr.", "dtv_2020": 6445, "dtv_2025": 5613, "no2_2020": 19.58, "pm10_2020": 20.97, "pm25_2020": 14.85, "no2_2025": 15.1, "pm10_2025": 20.44, "pm25_2025": 14.4, "n_betrof": 8, "index_2020": 1.01, "index_no2": 0.48, "index_pm10": 0.52}, "geometry": {"type": "MultiLineString", "coordinates": [[[13.4220953, 52.49887709], [13.42222425, 52.49903229]]]}}, {"type": "Feature", "properties": {"id": "6798", "id1": "6798", "laenge": 93.73, "name": "Skalitzer Str.", "dtv_2020": 18306, "dtv_2025": 17212, "no2_2020": 18.83, "pm10_2020": 20.9, "pm25_2020": 14.84, "no2_2025": 14.69, "pm10_2025": 20.4, "pm25_2025": 14.4, "n_betrof": 16, "index_2020": 0.99, "index_no2": 0.47, "index_pm10": 0.52}, "geometry": {"type": "MultiLineString", "coordinates": [[[13.43065967, 52.49932647], [13.4310028, 52.49929712], [13.43113042, 52.49929612], [13.43120811, 52.49930308], [13.43143164, 52.49932241], [13.43201747, 52.49940759]]]}}, {"type": "Feature", "properties": {"id": "6832", "id1": "6832", "laenge": 42.01, "name": "Karl-Kunger-Str.", "dtv_2020": 9241, "dtv_2025": 7771, "no2_2020": 24.65, "pm10_2020": 21.68, "pm25_2020": 14.82, "no2_2025": 15.7, "pm10_2025": 20.84, "pm25_2025": 14.22, "n_betrof": 24, "index_2020": 1.15, "index_no2": 0.61, "index_pm10": 0.54}, "geometry": {"type": "MultiLineString", "coordinates": [[[13.45126997, 52.48881798], [13.45172336, 52.48856101]]]}}, {"type": "Feature", "properties": {"id": "6833", "id1": "6833", "laenge": 82.39, "name": "Karl-Kunger-Str.", "dtv_2020": 9241, "dtv_2025": 7771, "no2_2020": 33.63, "pm10_2020": 24.05, "pm25_2020": 15.65, "no2_2025": 19.06, "pm10_2025": 22.74, "pm25_2025": 14.81, "n_betrof": 87, "index_2020": 1.44, "index_no2": 0.84, "index_pm10": 0.6}, "geometry": {"type": "MultiLineString", "coordinates": [[[13.45172336, 52.48856101], [13.45182135, 52.48850547], [13.45261975, 52.48806187]]]}}, {"type": "Feature", "properties": {"id": "6852", "id1": "6852", "laenge": 602.32, "name": "A 100 BAB Stadtring", "dtv_2020": 70607, "dtv_2025": 70457, "no2_2020": 21.17, "pm10_2020": 20.75, "pm25_2020": 14.62, "no2_2025": 15.82, "pm10_2025": 20.28, "pm25_2025": 14.19, "n_betrof": 2, "index_2020": 1.04, "index_no2": 0.52, "index_pm10": 0.51}, "geometry": {"type": "MultiLineString", "coordinates": [[[13.40785818, 52.46164889], [13.40827173, 52.46156949], [13.40834065, 52.4615563], [13.40847865, 52.46152983], [13.41063747, 52.46113304], [13.41163015, 52.4609822], [13.4127836, 52.46082632], [13.41360763, 52.46073937], [13.41409732, 52.46068705], [13.41455101, 52.46065743], [13.41520959, 52.46061987], [13.41627092, 52.46058949], [13.41651195, 52.46059568]]]}}, {"type": "Feature", "properties": {"id": "6853", "id1": "6853", "laenge": 22.91, "name": "A 100 BAB Stadtring", "dtv_2020": 71145, "dtv_2025": 71677, "no2_2020": 20.34, "pm10_2020": 20.57, "pm25_2020": 14.55, "no2_2025": 15.08, "pm10_2025": 20.1, "pm25_2025": 14.12, "n_betrof": 6, "index_2020": 1.02, "index_no2": 0.5, "index_pm10": 0.51}, "geometry": {"type": "MultiLineString", "coordinates": [[[13.4161495, 52.46071635], [13.4158131, 52.46073027]]]}}, {"type": "Feature", "properties": {"id": "6854", "id1": "6854", "laenge": 177.01, "name": "A 100 BAB Stadtring", "dtv_2020": 71145, "dtv_2025": 71677, "no2_2020": 25.94, "pm10_2020": 21.58, "pm25_2020": 15.04, "no2_2025": 18.32, "pm10_2025": 21.07, "pm25_2025": 14.56, "n_betrof": 55, "index_2020": 1.18, "index_no2": 0.64, "index_pm10": 0.53}, "geometry": {"type": "MultiLineString", "coordinates": [[[13.41547669, 52.46074429], [13.41487689, 52.46077239], [13.41433805, 52.46081219], [13.41399826, 52.46084252], [13.41311, 52.46093068], [13.41289721, 52.46095776]]]}}, {"type": "Feature", "properties": {"id": "6867", "id1": "6867", "laenge": 80.63, "name": "A 100 BAB Stadtring", "dtv_2020": 82996, "dtv_2025": 83271, "no2_2020": 34.13, "pm10_2020": 22.97, "pm25_2020": 15.71, "no2_2025": 22.58, "pm10_2025": 22.38, "pm25_2025": 15.13, "n_betrof": 53, "index_2020": 1.42, "index_no2": 0.85, "index_pm10": 0.57}, "geometry": {"type": "MultiLineString", "coordinates": [[[13.40794523, 52.46175337], [13.40781198, 52.4617789], [13.40761218, 52.46181712], [13.40694606, 52.46194455], [13.40681281, 52.46197009]]]}}, {"type": "Feature", "properties": {"id": "6873", "id1": "6873", "laenge": 114.68, "name": "AS Buschkrugallee", "dtv_2020": 8506, "dtv_2025": 9123, "no2_2020": 24.89, "pm10_2020": 21.78, "pm25_2020": 15.28, "no2_2025": 18.17, "pm10_2025": 21.33, "pm25_2025": 14.83, "n_betrof": 19, "index_2020": 1.16, "index_no2": 0.62, "index_pm10": 0.54}, "geometry": {"type": "MultiLineString", "coordinates": [[[13.44259638, 52.46262987], [13.44288121, 52.46263416], [13.44331314, 52.46264128], [13.44352925, 52.46264485], [13.44374522, 52.46264841], [13.44396133, 52.46265197], [13.44402537, 52.46265596], [13.44408956, 52.46265995], [13.44428197, 52.46267183]]]}}, {"type": "Feature", "properties": {"id": "6874", "id1": "6874", "laenge": 40.94, "name": "AS Buschkrugallee", "dtv_2020": 8506, "dtv_2025": 9123, "no2_2020": 23.3, "pm10_2020": 21.37, "pm25_2020": 15.06, "no2_2025": 17.13, "pm10_2025": 20.93, "pm25_2025": 14.62, "n_betrof": 14, "index_2020": 1.11, "index_no2": 0.58, "index_pm10": 0.53}, "geometry": {"type": "MultiLineString", "coordinates": [[[13.44428197, 52.46267183], [13.44447439, 52.46268372], [13.44487788, 52.46272499]]]}}, {"type": "Feature", "properties": {"id": "6875", "id1": "6875", "laenge": 130.4, "name": "AS Buschkrugallee", "dtv_2020": 8506, "dtv_2025": 9123, "no2_2020": 19.24, "pm10_2020": 20.62, "pm25_2020": 14.73, "no2_2025": 14.75, "pm10_2025": 20.21, "pm25_2025": 14.33, "n_betrof": 40, "index_2020": 0.99, "index_no2": 0.48, "index_pm10": 0.51}, "geometry": {"type": "MultiLineString", "coordinates": [[[13.44062291, 52.46272399], [13.44068399, 52.46271589], [13.44074507, 52.46270779], [13.44080615, 52.46269961], [13.44092816, 52.46268342], [13.4412685, 52.46264151], [13.44161416, 52.46261576], [13.44195565, 52.46262026], [13.44202686, 52.46262138], [13.44238275, 52.4626267], [13.44252517, 52.46262884]]]}}, {"type": "Feature", "properties": {"id": "6876", "id1": "6876", "laenge": 38.07, "name": "AD Neukölln Verb-Fb v A 100 >W", "dtv_2020": 5862, "dtv_2025": 11277, "no2_2020": 20.39, "pm10_2020": 20.66, "pm25_2020": 14.66, "no2_2025": 16.13, "pm10_2025": 20.46, "pm25_2025": 14.33, "n_betrof": 2, "index_2020": 1.02, "index_no2": 0.5, "index_pm10": 0.51}, "geometry": {"type": "MultiLineString", "coordinates": [[[13.45640657, 52.4649169], [13.45592759, 52.46473919]]]}}, {"type": "Feature", "properties": {"id": "6877", "id1": "6877", "laenge": 115.74, "name": "AD Neukölln Verb-Fb v A 100 >W", "dtv_2020": 5862, "dtv_2025": 17422, "no2_2020": 19.9, "pm10_2020": 20.38, "pm25_2020": 14.53, "no2_2025": 16.31, "pm10_2025": 20.52, "pm25_2025": 14.37, "n_betrof": 58, "index_2020": 1.0, "index_no2": 0.49, "index_pm10": 0.5}, "geometry": {"type": "MultiLineString", "coordinates": [[[13.45592759, 52.46473919], [13.45554389, 52.46460246], [13.45524309, 52.46456212], [13.45476432, 52.46449608], [13.45451768, 52.46443513], [13.45434469, 52.46438099]]]}}, {"type": "Feature", "properties": {"id": "6878", "id1": "6878", "laenge": 430.7, "name": "AD Neukölln Verb-Fb v A 100 >W", "dtv_2020": 31292, "dtv_2025": 30939, "no2_2020": 22.07, "pm10_2020": 20.9, "pm25_2020": 14.8, "no2_2025": 16.73, "pm10_2025": 20.54, "pm25_2025": 14.4, "n_betrof": 2, "index_2020": 1.07, "index_no2": 0.55, "index_pm10": 0.52}, "geometry": {"type": "MultiLineString", "coordinates": [[[13.45428703, 52.46436297], [13.45395512, 52.46419805], [13.45379067, 52.46408091], [13.45367046, 52.46397019], [13.45354495, 52.4637292], [13.45347046, 52.46359066], [13.45343493, 52.46326445], [13.45359735, 52.46293121], [13.45384921, 52.46266666], [13.45405876, 52.46253399], [13.45430934, 52.46241526], [13.45469946, 52.4622123], [13.45514814, 52.46192182], [13.45546435, 52.46164776], [13.45560599, 52.46149092], [13.45591379, 52.46120893]]]}}, {"type": "Feature", "properties": {"id": "6883", "id1": "6883", "laenge": 94.14, "name": "AS Buschkrugallee", "dtv_2020": 7845, "dtv_2025": 10345, "no2_2020": 21.68, "pm10_2020": 20.99, "pm25_2020": 14.89, "no2_2025": 16.34, "pm10_2025": 20.6, "pm25_2025": 14.49, "n_betrof": 37, "index_2020": 1.06, "index_no2": 0.54, "index_pm10": 0.52}, "geometry": {"type": "MultiLineString", "coordinates": [[[13.44432347, 52.46306889], [13.4438479, 52.46304267], [13.44329229, 52.46302763], [13.44294046, 52.46302389]]]}}, {"type": "Feature", "properties": {"id": "6884", "id1": "6884", "laenge": 56.96, "name": "AS Buschkrugallee", "dtv_2020": 7845, "dtv_2025": 10345, "no2_2020": 26.46, "pm10_2020": 22.18, "pm25_2020": 15.48, "no2_2025": 19.59, "pm10_2025": 21.83, "pm25_2025": 15.09, "n_betrof": 11, "index_2020": 1.21, "index_no2": 0.66, "index_pm10": 0.55}, "geometry": {"type": "MultiLineString", "coordinates": [[[13.44287056, 52.46302342], [13.44280081, 52.46302287], [13.442661, 52.46302192], [13.44259124, 52.46302136], [13.44238153, 52.46301986], [13.44203231, 52.46301733]]]}}, {"type": "Feature", "properties": {"id": "6885", "id1": "6885", "laenge": 92.29, "name": "AS Buschkrugallee", "dtv_2020": 7845, "dtv_2025": 10345, "no2_2020": 20.78, "pm10_2020": 20.83, "pm25_2020": 14.83, "no2_2025": 15.76, "pm10_2025": 20.44, "pm25_2025": 14.44, "n_betrof": 37, "index_2020": 1.04, "index_no2": 0.51, "index_pm10": 0.52}, "geometry": {"type": "MultiLineString", "coordinates": [[[13.44203231, 52.46301733], [13.4418958, 52.46301059], [13.4416911, 52.46300034], [13.44135303, 52.46297799], [13.44114366, 52.46295023], [13.44082916, 52.4628898], [13.44070328, 52.46286558]]]}}, {"type": "Feature", "properties": {"id": "6909", "id1": "6909", "laenge": 128.04, "name": "Bergiusstr.", "dtv_2020": 17841, "dtv_2025": 17578, "no2_2020": 25.25, "pm10_2020": 22.26, "pm25_2020": 15.16, "no2_2025": 18.41, "pm10_2025": 21.75, "pm25_2025": 14.67, "n_betrof": 66, "index_2020": 1.18, "index_no2": 0.63, "index_pm10": 0.55}, "geometry": {"type": "MultiLineString", "coordinates": [[[13.46083493, 52.46197906], [13.46094624, 52.46188952], [13.46100432, 52.46181547], [13.46105088, 52.46173398], [13.46107331, 52.46165219], [13.46107397, 52.46148973], [13.46104659, 52.46086521]]]}}, {"type": "Feature", "properties": {"id": "6910", "id1": "6910", "laenge": 18.26, "name": "Blaschkoallee", "dtv_2020": 22649, "dtv_2025": 22491, "no2_2020": 17.82, "pm10_2020": 20.35, "pm25_2020": 14.59, "no2_2025": 13.43, "pm10_2025": 19.91, "pm25_2025": 14.17, "n_betrof": 8, "index_2020": 0.95, "index_no2": 0.44, "index_pm10": 0.5}, "geometry": {"type": "MultiLineString", "coordinates": [[[13.4442735, 52.45238652], [13.44440304, 52.45238122], [13.44454181, 52.45237747]]]}}, {"type": "Feature", "properties": {"id": "6913", "id1": "6913", "laenge": 52.06, "name": "Britzer Damm", "dtv_2020": 24295, "dtv_2025": 20875, "no2_2020": 21.44, "pm10_2020": 20.92, "pm25_2020": 14.8, "no2_2025": 15.25, "pm10_2025": 20.29, "pm25_2025": 14.28, "n_betrof": 19, "index_2020": 1.05, "index_no2": 0.53, "index_pm10": 0.52}, "geometry": {"type": "MultiLineString", "coordinates": [[[13.43457118, 52.46233717], [13.43451665, 52.46246358], [13.43449908, 52.46250642], [13.43441156, 52.46272051], [13.4343592, 52.46278554]]]}}, {"type": "Feature", "properties": {"id": "6915", "id1": "6915", "laenge": 69.14, "name": "Britzer Damm", "dtv_2020": 20661, "dtv_2025": 18004, "no2_2020": 26.44, "pm10_2020": 22.25, "pm25_2020": 15.39, "no2_2025": 17.57, "pm10_2025": 21.35, "pm25_2025": 14.72, "n_betrof": 52, "index_2020": 1.21, "index_no2": 0.66, "index_pm10": 0.55}, "geometry": {"type": "MultiLineString", "coordinates": [[[13.43490306, 52.46137187], [13.43481652, 52.4615626], [13.43470102, 52.46190956], [13.43468694, 52.46197861]]]}}, {"type": "Feature", "properties": {"id": "6916", "id1": "6916", "laenge": 36.38, "name": "Britzer Damm", "dtv_2020": 20101, "dtv_2025": 18701, "no2_2020": 19.85, "pm10_2020": 20.63, "pm25_2020": 14.66, "no2_2025": 14.59, "pm10_2025": 20.1, "pm25_2025": 14.19, "n_betrof": 24, "index_2020": 1.01, "index_no2": 0.49, "index_pm10": 0.51}, "geometry": {"type": "MultiLineString", "coordinates": [[[13.43503889, 52.46097438], [13.43493756, 52.46129555]]]}}, {"type": "Feature", "properties": {"id": "6917", "id1": "6917", "laenge": 64.19, "name": "Britzer Damm", "dtv_2020": 16907, "dtv_2025": 15509, "no2_2020": 27.86, "pm10_2020": 22.61, "pm25_2020": 15.53, "no2_2025": 18.46, "pm10_2025": 21.79, "pm25_2025": 14.87, "n_betrof": 52, "index_2020": 1.26, "index_no2": 0.69, "index_pm10": 0.56}, "geometry": {"type": "MultiLineString", "coordinates": [[[13.43529212, 52.4602133], [13.43527732, 52.46025716], [13.43526251, 52.46030102], [13.43511448, 52.4607399], [13.43510192, 52.46077848]]]}}, {"type": "Feature", "properties": {"id": "6918", "id1": "6918", "laenge": 13.11, "name": "Britzer Damm", "dtv_2020": 16907, "dtv_2025": 15509, "no2_2020": 19.24, "pm10_2020": 20.46, "pm25_2020": 14.58, "no2_2025": 14.21, "pm10_2025": 19.95, "pm25_2025": 14.13, "n_betrof": 8, "index_2020": 0.99, "index_no2": 0.48, "index_pm10": 0.51}, "geometry": {"type": "MultiLineString", "coordinates": [[[13.43510192, 52.46077848], [13.43506426, 52.46089406]]]}}, {"type": "Feature", "properties": {"id": "6919", "id1": "6919", "laenge": 65.43, "name": "Britzer Damm", "dtv_2020": 17149, "dtv_2025": 15524, "no2_2020": 18.3, "pm10_2020": 20.3, "pm25_2020": 14.51, "no2_2025": 13.72, "pm10_2025": 19.8, "pm25_2025": 14.06, "n_betrof": 42, "index_2020": 0.96, "index_no2": 0.45, "index_pm10": 0.5}, "geometry": {"type": "MultiLineString", "coordinates": [[[13.43601289, 52.45856568], [13.43597558, 52.45864242], [13.43581358, 52.45901044], [13.43575962, 52.45913318]]]}}, {"type": "Feature", "properties": {"id": "6920", "id1": "6920", "laenge": 110.94, "name": "Britzer Damm", "dtv_2020": 17149, "dtv_2025": 15524, "no2_2020": 22.68, "pm10_2020": 21.45, "pm25_2020": 15.02, "no2_2025": 15.92, "pm10_2025": 20.77, "pm25_2025": 14.47, "n_betrof": 102, "index_2020": 1.1, "index_no2": 0.56, "index_pm10": 0.53}, "geometry": {"type": "MultiLineString", "coordinates": [[[13.43575962, 52.45913318], [13.43551119, 52.45965569], [13.43539492, 52.45991697], [13.43537309, 52.45998447], [13.43533339, 52.46009543]]]}}, {"type": "Feature", "properties": {"id": "6921", "id1": "6921", "laenge": 31.14, "name": "Britzer Damm", "dtv_2020": 17149, "dtv_2025": 15524, "no2_2020": 17.48, "pm10_2020": 20.09, "pm25_2020": 14.41, "no2_2025": 13.34, "pm10_2025": 19.62, "pm25_2025": 13.99, "n_betrof": 21, "index_2020": 0.93, "index_no2": 0.43, "index_pm10": 0.5}, "geometry": {"type": "MultiLineString", "coordinates": [[[13.43725664, 52.45588839], [13.43723339, 52.45595066], [13.43714869, 52.45616047]]]}}, {"type": "Feature", "properties": {"id": "6922", "id1": "6922", "laenge": 73.26, "name": "Britzer Damm", "dtv_2020": 17149, "dtv_2025": 15524, "no2_2020": 24.58, "pm10_2020": 21.95, "pm25_2020": 15.25, "no2_2025": 16.87, "pm10_2025": 21.2, "pm25_2025": 14.64, "n_betrof": 58, "index_2020": 1.16, "index_no2": 0.61, "index_pm10": 0.54}, "geometry": {"type": "MultiLineString", "coordinates": [[[13.43714869, 52.45616047], [13.4370472, 52.45641223], [13.43702817, 52.45645504], [13.43693331, 52.45666913], [13.43687622, 52.45679758]]]}}, {"type": "Feature", "properties": {"id": "6923", "id1": "6923", "laenge": 112.19, "name": "Britzer Damm", "dtv_2020": 17149, "dtv_2025": 15524, "no2_2020": 20.59, "pm10_2020": 20.93, "pm25_2020": 14.81, "no2_2025": 14.93, "pm10_2025": 20.35, "pm25_2025": 14.31, "n_betrof": 58, "index_2020": 1.03, "index_no2": 0.51, "index_pm10": 0.52}, "geometry": {"type": "MultiLineString", "coordinates": [[[13.43687622, 52.45679758], [13.43659941, 52.45741125], [13.43654882, 52.45752234], [13.43651956, 52.45757554], [13.43642093, 52.45776682]]]}}, {"type": "Feature", "properties": {"id": "6924", "id1": "6924", "laenge": 31.69, "name": "Britzer Damm", "dtv_2020": 16109, "dtv_2025": 14508, "no2_2020": 21.21, "pm10_2020": 21.09, "pm25_2020": 14.83, "no2_2025": 14.94, "pm10_2025": 20.46, "pm25_2025": 14.32, "n_betrof": 21, "index_2020": 1.05, "index_no2": 0.53, "index_pm10": 0.52}, "geometry": {"type": "MultiLineString", "coordinates": [[[13.43737077, 52.45561216], [13.43725664, 52.45588839]]]}}, {"type": "Feature", "properties": {"id": "6925", "id1": "6925", "laenge": 57.77, "name": "Britzer Damm", "dtv_2020": 16433, "dtv_2025": 14826, "no2_2020": 21.51, "pm10_2020": 21.18, "pm25_2020": 14.88, "no2_2025": 15.11, "pm10_2025": 20.55, "pm25_2025": 14.36, "n_betrof": 34, "index_2020": 1.06, "index_no2": 0.53, "index_pm10": 0.52}, "geometry": {"type": "MultiLineString", "coordinates": [[[13.43757992, 52.45510881], [13.43753219, 52.45521005], [13.4374999, 52.45529045], [13.4374192, 52.45549151], [13.43740305, 52.45553176], [13.43737077, 52.45561216]]]}}, {"type": "Feature", "properties": {"id": "6926", "id1": "6926", "laenge": 97.19, "name": "Britzer Damm", "dtv_2020": 16518, "dtv_2025": 15086, "no2_2020": 22.9, "pm10_2020": 21.68, "pm25_2020": 15.15, "no2_2025": 15.68, "pm10_2025": 20.99, "pm25_2025": 14.6, "n_betrof": 65, "index_2020": 1.11, "index_no2": 0.57, "index_pm10": 0.54}, "geometry": {"type": "MultiLineString", "coordinates": [[[13.43791815, 52.45426002], [13.43785013, 52.45442294], [13.43783309, 52.45446363], [13.43779901, 52.45454509], [13.43761954, 52.45499587], [13.43757992, 52.45510881]]]}}, {"type": "Feature", "properties": {"id": "6927", "id1": "6927", "laenge": 149.3, "name": "Britzer Damm", "dtv_2020": 16130, "dtv_2025": 14883, "no2_2020": 27.64, "pm10_2020": 22.71, "pm25_2020": 15.53, "no2_2025": 17.93, "pm10_2025": 21.93, "pm25_2025": 14.9, "n_betrof": 118, "index_2020": 1.25, "index_no2": 0.69, "index_pm10": 0.56}, "geometry": {"type": "MultiLineString", "coordinates": [[[13.43856985, 52.45275372], [13.4384821, 52.45295432], [13.43838381, 52.45314525], [13.43831397, 52.45331795], [13.43829655, 52.45336114], [13.4381046, 52.45383631], [13.43801719, 52.45405229]]]}}, {"type": "Feature", "properties": {"id": "6928", "id1": "6928", "laenge": 48.36, "name": "Britzer Damm", "dtv_2020": 19892, "dtv_2025": 19393, "no2_2020": 18.44, "pm10_2020": 20.75, "pm25_2020": 14.77, "no2_2025": 13.81, "pm10_2025": 20.3, "pm25_2025": 14.35, "n_betrof": 14, "index_2020": 0.97, "index_no2": 0.46, "index_pm10": 0.51}, "geometry": {"type": "MultiLineString", "coordinates": [[[13.43852949, 52.45219708], [13.43857799, 52.4524154], [13.43858662, 52.45249994], [13.43858189, 52.45262962]]]}}, {"type": "Feature", "properties": {"id": "6929", "id1": "6929", "laenge": 69.01, "name": "Britzer Damm", "dtv_2020": 19892, "dtv_2025": 19393, "no2_2020": 19.43, "pm10_2020": 20.96, "pm25_2020": 14.83, "no2_2025": 14.16, "pm10_2025": 20.48, "pm25_2025": 14.38, "n_betrof": 43, "index_2020": 1.0, "index_no2": 0.48, "index_pm10": 0.52}, "geometry": {"type": "MultiLineString", "coordinates": [[[13.43817994, 52.4516156], [13.43823547, 52.45169743], [13.43826316, 52.45173843], [13.43842975, 52.45198402], [13.43852949, 52.45219708]]]}}, {"type": "Feature", "properties": {"id": "6931", "id1": "6931", "laenge": 163.31, "name": "Britzer Damm", "dtv_2020": 19892, "dtv_2025": 19393, "no2_2020": 26.79, "pm10_2020": 22.85, "pm25_2020": 15.52, "no2_2025": 17.81, "pm10_2025": 22.21, "pm25_2025": 14.95, "n_betrof": 106, "index_2020": 1.24, "index_no2": 0.66, "index_pm10": 0.57}, "geometry": {"type": "MultiLineString", "coordinates": [[[13.43641243, 52.44915384], [13.43661613, 52.44943131], [13.43665449, 52.4495032], [13.43698096, 52.44995833], [13.43737848, 52.45049757]]]}}, {"type": "Feature", "properties": {"id": "6932", "id1": "6932", "laenge": 135.78, "name": "Britzer Damm", "dtv_2020": 19892, "dtv_2025": 19393, "no2_2020": 31.87, "pm10_2020": 24.39, "pm25_2020": 16.23, "no2_2025": 20.63, "pm10_2025": 23.64, "pm25_2025": 15.58, "n_betrof": 92, "index_2020": 1.4, "index_no2": 0.79, "index_pm10": 0.6}, "geometry": {"type": "MultiLineString", "coordinates": [[[13.43737848, 52.45049757], [13.43764665, 52.45086633], [13.43767655, 52.45090728], [13.4377063, 52.45094822], [13.43791498, 52.45123501], [13.43817994, 52.4516156]]]}}, {"type": "Feature", "properties": {"id": "6978", "id1": "6978", "laenge": 77.41, "name": "Buschkrugallee", "dtv_2020": 27944, "dtv_2025": 26040, "no2_2020": 32.51, "pm10_2020": 23.78, "pm25_2020": 16.1, "no2_2025": 21.76, "pm10_2025": 22.91, "pm25_2025": 15.47, "n_betrof": 39, "index_2020": 1.4, "index_no2": 0.81, "index_pm10": 0.59}, "geometry": {"type": "MultiLineString", "coordinates": [[[13.44417678, 52.46372205], [13.44426908, 52.46361348], [13.44433299, 52.46353763], [13.44457439, 52.46324581], [13.44460468, 52.46320934], [13.44466488, 52.46313434], [13.44469311, 52.46310171]]]}}, {"type": "Feature", "properties": {"id": "6980", "id1": "6980", "laenge": 108.25, "name": "Buschkrugallee", "dtv_2020": 19531, "dtv_2025": 19136, "no2_2020": 30.06, "pm10_2020": 23.56, "pm25_2020": 15.99, "no2_2025": 20.56, "pm10_2025": 22.9, "pm25_2025": 15.4, "n_betrof": 61, "index_2020": 1.34, "index_no2": 0.75, "index_pm10": 0.58}, "geometry": {"type": "MultiLineString", "coordinates": [[[13.44510571, 52.46239612], [13.44524433, 52.46219277], [13.44528779, 52.46211655], [13.44535923, 52.46199809], [13.44543924, 52.46188307], [13.44573015, 52.46150153]]]}}, {"type": "Feature", "properties": {"id": "6981", "id1": "6981", "laenge": 58.74, "name": "Buschkrugallee", "dtv_2020": 20604, "dtv_2025": 19934, "no2_2020": 26.35, "pm10_2020": 22.5, "pm25_2020": 15.5, "no2_2025": 18.43, "pm10_2025": 21.89, "pm25_2025": 14.95, "n_betrof": 36, "index_2020": 1.22, "index_no2": 0.65, "index_pm10": 0.56}, "geometry": {"type": "MultiLineString", "coordinates": [[[13.44580088, 52.46139897], [13.44616192, 52.46091919]]]}}, {"type": "Feature", "properties": {"id": "6982", "id1": "6982", "laenge": 78.53, "name": "Buschkrugallee", "dtv_2020": 20604, "dtv_2025": 19934, "no2_2020": 20.27, "pm10_2020": 20.79, "pm25_2020": 14.74, "no2_2025": 15.09, "pm10_2025": 20.32, "pm25_2025": 14.29, "n_betrof": 31, "index_2020": 1.02, "index_no2": 0.5, "index_pm10": 0.51}, "geometry": {"type": "MultiLineString", "coordinates": [[[13.44625226, 52.46079927], [13.44637255, 52.46063937], [13.44643334, 52.46055996], [13.44646359, 52.46052026], [13.44658502, 52.46036136], [13.44673788, 52.46015864]]]}}, {"type": "Feature", "properties": {"id": "6983", "id1": "6983", "laenge": 169.77, "name": "Buschkrugallee", "dtv_2020": 20028, "dtv_2025": 19506, "no2_2020": 22.97, "pm10_2020": 21.3, "pm25_2020": 15.23, "no2_2025": 16.41, "pm10_2025": 20.76, "pm25_2025": 14.72, "n_betrof": 105, "index_2020": 1.1, "index_no2": 0.57, "index_pm10": 0.53}, "geometry": {"type": "MultiLineString", "coordinates": [[[13.44766944, 52.45887903], [13.44798902, 52.4584219], [13.44812711, 52.45823274], [13.4482652, 52.45804367], [13.44862508, 52.45760773], [13.4487098, 52.45749214]]]}}, {"type": "Feature", "properties": {"id": "6984", "id1": "6984", "laenge": 98.17, "name": "Buschkrugallee", "dtv_2020": 19311, "dtv_2025": 18813, "no2_2020": 20.39, "pm10_2020": 20.79, "pm25_2020": 14.75, "no2_2025": 15.01, "pm10_2025": 20.3, "pm25_2025": 14.29, "n_betrof": 15, "index_2020": 1.02, "index_no2": 0.5, "index_pm10": 0.51}, "geometry": {"type": "MultiLineString", "coordinates": [[[13.44901534, 52.45702762], [13.44906554, 52.45696049], [13.44949639, 52.45638927], [13.44958871, 52.45626685], [13.44961958, 52.45622608]]]}}, {"type": "Feature", "properties": {"id": "6985", "id1": "6985", "laenge": 14.99, "name": "Buschkrugallee", "dtv_2020": 19311, "dtv_2025": 18813, "no2_2020": 17.28, "pm10_2020": 19.97, "pm25_2020": 14.37, "no2_2025": 13.27, "pm10_2025": 19.55, "pm25_2025": 13.96, "n_betrof": 6, "index_2020": 0.93, "index_no2": 0.43, "index_pm10": 0.49}, "geometry": {"type": "MultiLineString", "coordinates": [[[13.44961958, 52.45622608], [13.44971189, 52.45610366]]]}}, {"type": "Feature", "properties": {"id": "6986", "id1": "6986", "laenge": 49.45, "name": "Buschkrugallee", "dtv_2020": 19311, "dtv_2025": 18813, "no2_2020": 21.09, "pm10_2020": 21.07, "pm25_2020": 14.88, "no2_2025": 15.35, "pm10_2025": 20.56, "pm25_2025": 14.41, "n_betrof": 5, "index_2020": 1.05, "index_no2": 0.52, "index_pm10": 0.52}, "geometry": {"type": "MultiLineString", "coordinates": [[[13.44977242, 52.45602281], [13.44992376, 52.4558207], [13.45007509, 52.45561849]]]}}, {"type": "Feature", "properties": {"id": "6987", "id1": "6987", "laenge": 29.0, "name": "Buschkrugallee", "dtv_2020": 19388, "dtv_2025": 18801, "no2_2020": 18.14, "pm10_2020": 20.2, "pm25_2020": 14.46, "no2_2025": 13.67, "pm10_2025": 19.76, "pm25_2025": 14.04, "n_betrof": 8, "index_2020": 0.95, "index_no2": 0.45, "index_pm10": 0.5}, "geometry": {"type": "MultiLineString", "coordinates": [[[13.45118787, 52.4541223], [13.4512743, 52.45400358], [13.45136281, 52.45388453]]]}}, {"type": "Feature", "properties": {"id": "6988", "id1": "6988", "laenge": 115.1, "name": "Buschkrugallee", "dtv_2020": 19388, "dtv_2025": 18801, "no2_2020": 19.99, "pm10_2020": 20.56, "pm25_2020": 14.59, "no2_2025": 14.69, "pm10_2025": 20.09, "pm25_2025": 14.14, "n_betrof": 32, "index_2020": 1.01, "index_no2": 0.49, "index_pm10": 0.51}, "geometry": {"type": "MultiLineString", "coordinates": [[[13.45150601, 52.4536832], [13.45158462, 52.45356519], [13.45170079, 52.45341683], [13.4518247, 52.45321148], [13.45207028, 52.45280137], [13.45211937, 52.45271938]]]}}, {"type": "Feature", "properties": {"id": "6989", "id1": "6989", "laenge": 14.8, "name": "Buschkrugallee", "dtv_2020": 19388, "dtv_2025": 18801, "no2_2020": 16.86, "pm10_2020": 19.99, "pm25_2020": 14.37, "no2_2025": 13.03, "pm10_2025": 19.59, "pm25_2025": 13.97, "n_betrof": 0, "index_2020": 0.92, "index_no2": 0.42, "index_pm10": 0.49}, "geometry": {"type": "MultiLineString", "coordinates": [[[13.45213608, 52.45266242], [13.45217921, 52.45253198]]]}}, {"type": "Feature", "properties": {"id": "6990", "id1": "6990", "laenge": 51.87, "name": "Buschkrugallee", "dtv_2020": 21910, "dtv_2025": 21434, "no2_2020": 17.27, "pm10_2020": 20.12, "pm25_2020": 14.43, "no2_2025": 13.26, "pm10_2025": 19.71, "pm25_2025": 14.03, "n_betrof": 7, "index_2020": 0.93, "index_no2": 0.43, "index_pm10": 0.5}, "geometry": {"type": "MultiLineString", "coordinates": [[[13.45217921, 52.45253198], [13.45220643, 52.4523981], [13.45222639, 52.45235332], [13.45231568, 52.45214041], [13.45233544, 52.45207638]]]}}, {"type": "Feature", "properties": {"id": "6991", "id1": "6991", "laenge": 198.83, "name": "Buschkrugallee", "dtv_2020": 21911, "dtv_2025": 21510, "no2_2020": 21.85, "pm10_2020": 21.4, "pm25_2020": 15.03, "no2_2025": 15.59, "pm10_2025": 20.88, "pm25_2025": 14.54, "n_betrof": 153, "index_2020": 1.08, "index_no2": 0.54, "index_pm10": 0.53}, "geometry": {"type": "MultiLineString", "coordinates": [[[13.45233544, 52.45207638], [13.45241985, 52.45191879], [13.45254494, 52.45167947], [13.45256801, 52.45160487], [13.45273974, 52.45120207], [13.45308645, 52.45034984]]]}}, {"type": "Feature", "properties": {"id": "6992", "id1": "6992", "laenge": 53.73, "name": "Buschkrugallee", "dtv_2020": 21911, "dtv_2025": 21510, "no2_2020": 15.82, "pm10_2020": 19.81, "pm25_2020": 14.3, "no2_2025": 12.22, "pm10_2025": 19.4, "pm25_2025": 13.9, "n_betrof": 24, "index_2020": 0.89, "index_no2": 0.39, "index_pm10": 0.49}, "geometry": {"type": "MultiLineString", "coordinates": [[[13.45308645, 52.45034984], [13.45324234, 52.44996634], [13.45327711, 52.44988111]]]}}, {"type": "Feature", "properties": {"id": "7001", "id1": "7001", "laenge": 104.75, "name": "Columbiadamm", "dtv_2020": 13677, "dtv_2025": 11736, "no2_2020": 17.38, "pm10_2020": 19.59, "pm25_2020": 13.96, "no2_2025": 13.13, "pm10_2025": 19.08, "pm25_2025": 13.51, "n_betrof": 33, "index_2020": 0.92, "index_no2": 0.43, "index_pm10": 0.48}, "geometry": {"type": "MultiLineString", "coordinates": [[[13.39869593, 52.48384478], [13.3991325, 52.483815], [13.39926383, 52.48380392], [13.39932956, 52.48379842], [13.39946089, 52.48378734], [13.40006195, 52.48372939], [13.40022066, 52.48370654]]]}}, {"type": "Feature", "properties": {"id": "7002", "id1": "7002", "laenge": 176.49, "name": "Columbiadamm", "dtv_2020": 12754, "dtv_2025": 11023, "no2_2020": 16.11, "pm10_2020": 19.4, "pm25_2020": 13.86, "no2_2025": 12.26, "pm10_2025": 18.93, "pm25_2025": 13.44, "n_betrof": 19, "index_2020": 0.88, "index_no2": 0.4, "index_pm10": 0.48}, "geometry": {"type": "MultiLineString", "coordinates": [[[13.40022066, 52.48370654], [13.40047314, 52.48367255], [13.40079598, 52.48363942], [13.40122735, 52.48358636], [13.40129749, 52.48357715], [13.40171775, 52.48352169], [13.40207243, 52.48347164], [13.40248604, 52.48340889], [13.40275797, 52.48336617]]]}}, {"type": "Feature", "properties": {"id": "7003", "id1": "7003", "laenge": 214.71, "name": "Columbiadamm", "dtv_2020": 12754, "dtv_2025": 11023, "no2_2020": 15.46, "pm10_2020": 19.2, "pm25_2020": 13.77, "no2_2025": 11.99, "pm10_2025": 18.75, "pm25_2025": 13.36, "n_betrof": 0, "index_2020": 0.86, "index_no2": 0.38, "index_pm10": 0.48}, "geometry": {"type": "MultiLineString", "coordinates": [[[13.40317569, 52.48329152], [13.40399384, 52.48313128], [13.40616735, 52.48266823]]]}}, {"type": "Feature", "properties": {"id": "7004", "id1": "7004", "laenge": 146.75, "name": "Columbiadamm", "dtv_2020": 16319, "dtv_2025": 14800, "no2_2020": 16.8, "pm10_2020": 19.59, "pm25_2020": 14.03, "no2_2025": 12.62, "pm10_2025": 19.1, "pm25_2025": 13.59, "n_betrof": 37, "index_2020": 0.91, "index_no2": 0.42, "index_pm10": 0.48}, "geometry": {"type": "MultiLineString", "coordinates": [[[13.40632356, 52.48263284], [13.40708339, 52.4824718], [13.40715063, 52.48245715], [13.40795767, 52.48228163], [13.40809215, 52.48225233], [13.40822663, 52.48222312], [13.40836111, 52.48219382]]]}}, {"type": "Feature", "properties": {"id": "7005", "id1": "7005", "laenge": 28.39, "name": "Columbiadamm", "dtv_2020": 16319, "dtv_2025": 14800, "no2_2020": 15.31, "pm10_2020": 19.19, "pm25_2020": 13.84, "no2_2025": 11.87, "pm10_2025": 18.75, "pm25_2025": 13.44, "n_betrof": 1, "index_2020": 0.86, "index_no2": 0.38, "index_pm10": 0.47}, "geometry": {"type": "MultiLineString", "coordinates": [[[13.40869731, 52.48212066], [13.40909083, 52.48203442]]]}}, {"type": "Feature", "properties": {"id": "7006", "id1": "7006", "laenge": 194.92, "name": "Columbiadamm", "dtv_2020": 16319, "dtv_2025": 14800, "no2_2020": 15.19, "pm10_2020": 19.15, "pm25_2020": 13.82, "no2_2025": 11.81, "pm10_2025": 18.71, "pm25_2025": 13.42, "n_betrof": 1, "index_2020": 0.85, "index_no2": 0.37, "index_pm10": 0.47}, "geometry": {"type": "MultiLineString", "coordinates": [[[13.40909083, 52.48203442], [13.40962803, 52.4819208], [13.40990395, 52.48186131], [13.4101107, 52.48181661], [13.4111449, 52.48159323], [13.41179862, 52.48145402]]]}}, {"type": "Feature", "properties": {"id": "7007", "id1": "7007", "laenge": 281.4, "name": "Columbiadamm", "dtv_2020": 16319, "dtv_2025": 14800, "no2_2020": 15.29, "pm10_2020": 19.16, "pm25_2020": 13.84, "no2_2025": 11.9, "pm10_2025": 18.72, "pm25_2025": 13.44, "n_betrof": 1, "index_2020": 0.86, "index_no2": 0.38, "index_pm10": 0.47}, "geometry": {"type": "MultiLineString", "coordinates": [[[13.41179862, 52.48145402], [13.41264108, 52.48127085], [13.41415776, 52.48094324], [13.41548301, 52.48065953], [13.41570671, 52.48061433]]]}}, {"type": "Feature", "properties": {"id": "7008", "id1": "7008", "laenge": 62.33, "name": "Columbiadamm", "dtv_2020": 16324, "dtv_2025": 14822, "no2_2020": 16.4, "pm10_2020": 19.43, "pm25_2020": 13.99, "no2_2025": 12.51, "pm10_2025": 18.96, "pm25_2025": 13.56, "n_betrof": 17, "index_2020": 0.89, "index_no2": 0.41, "index_pm10": 0.48}, "geometry": {"type": "MultiLineString", "coordinates": [[[13.41570671, 52.48061433], [13.4159483, 52.48055867], [13.41629571, 52.48048834], [13.41636474, 52.48047317], [13.41657194, 52.48042784]]]}}, {"type": "Feature", "properties": {"id": "7009", "id1": "7009", "laenge": 150.94, "name": "Columbiadamm", "dtv_2020": 16324, "dtv_2025": 14822, "no2_2020": 17.45, "pm10_2020": 19.71, "pm25_2020": 14.13, "no2_2025": 13.1, "pm10_2025": 19.2, "pm25_2025": 13.69, "n_betrof": 24, "index_2020": 0.92, "index_no2": 0.43, "index_pm10": 0.49}, "geometry": {"type": "MultiLineString", "coordinates": [[[13.41718791, 52.48029304], [13.41738962, 52.48024898], [13.41827484, 52.48009619], [13.41853309, 52.48006872], [13.41885502, 52.48005162], [13.41903935, 52.48004869], [13.41916778, 52.48005221], [13.41935731, 52.48006013]]]}}, {"type": "Feature", "properties": {"id": "7010", "id1": "7010", "laenge": 77.35, "name": "Columbiadamm", "dtv_2020": 16324, "dtv_2025": 14822, "no2_2020": 16.62, "pm10_2020": 19.48, "pm25_2020": 14.02, "no2_2025": 12.7, "pm10_2025": 19.0, "pm25_2025": 13.6, "n_betrof": 30, "index_2020": 0.9, "index_no2": 0.41, "index_pm10": 0.48}, "geometry": {"type": "MultiLineString", "coordinates": [[[13.41979998, 52.48010525], [13.41986552, 52.48011323], [13.4199312, 52.4801213], [13.42039071, 52.48017743], [13.42071976, 52.48021635], [13.42091729, 52.48023975]]]}}, {"type": "Feature", "properties": {"id": "7029", "id1": "7029", "laenge": 14.32, "name": "Erkstr.", "dtv_2020": 9549, "dtv_2025": 8581, "no2_2020": 19.76, "pm10_2020": 20.36, "pm25_2020": 14.51, "no2_2025": 14.22, "pm10_2025": 19.81, "pm25_2025": 14.03, "n_betrof": 13, "index_2020": 1.0, "index_no2": 0.49, "index_pm10": 0.5}, "geometry": {"type": "MultiLineString", "coordinates": [[[13.4375968, 52.48121038], [13.43780206, 52.48124006]]]}}, {"type": "Feature", "properties": {"id": "7030", "id1": "7030", "laenge": 138.32, "name": "Erkstr.", "dtv_2020": 9549, "dtv_2025": 8581, "no2_2020": 31.52, "pm10_2020": 22.69, "pm25_2020": 15.29, "no2_2025": 19.72, "pm10_2025": 21.79, "pm25_2025": 14.59, "n_betrof": 145, "index_2020": 1.35, "index_no2": 0.78, "index_pm10": 0.56}, "geometry": {"type": "MultiLineString", "coordinates": [[[13.43561329, 52.48092873], [13.43629665, 52.48102237], [13.43663876, 52.48107185], [13.4367756, 52.48109164], [13.43684402, 52.48110153], [13.43691244, 52.48111143], [13.43698086, 52.48112132], [13.43704928, 52.48113122], [13.43732297, 52.4811708], [13.4375968, 52.48121038]]]}}, {"type": "Feature", "properties": {"id": "7031", "id1": "7031", "laenge": 59.3, "name": "Erkstr.", "dtv_2020": 9707, "dtv_2025": 8581, "no2_2020": 27.7, "pm10_2020": 22.17, "pm25_2020": 15.27, "no2_2025": 17.85, "pm10_2025": 21.38, "pm25_2025": 14.64, "n_betrof": 46, "index_2020": 1.24, "index_no2": 0.69, "index_pm10": 0.55}, "geometry": {"type": "MultiLineString", "coordinates": [[[13.43780206, 52.48124006], [13.4380351, 52.48127551], [13.43843631, 52.4813361], [13.43850736, 52.48134666], [13.43864975, 52.48136796]]]}}, {"type": "Feature", "properties": {"id": "7032", "id1": "7032", "laenge": 89.54, "name": "Erkstr.", "dtv_2020": 9707, "dtv_2025": 8581, "no2_2020": 37.48, "pm10_2020": 24.4, "pm25_2020": 16.09, "no2_2025": 22.35, "pm10_2025": 23.27, "pm25_2025": 15.24, "n_betrof": 84, "index_2020": 1.54, "index_no2": 0.93, "index_pm10": 0.61}, "geometry": {"type": "MultiLineString", "coordinates": [[[13.43864975, 52.48136796], [13.43993036, 52.48155919]]]}}, {"type": "Feature", "properties": {"id": "7033", "id1": "7033", "laenge": 252.32, "name": "Flughafenstr.", "dtv_2020": 16203, "dtv_2025": 14870, "no2_2020": 25.46, "pm10_2020": 21.55, "pm25_2020": 14.97, "no2_2025": 17.15, "pm10_2025": 20.78, "pm25_2025": 14.37, "n_betrof": 235, "index_2020": 1.17, "index_no2": 0.63, "index_pm10": 0.53}, "geometry": {"type": "MultiLineString", "coordinates": [[[13.42126735, 52.48028012], [13.4216915, 52.48032849], [13.42272467, 52.48044405], [13.42355705, 52.48053723], [13.42492231, 52.48068561]]]}}, {"type": "Feature", "properties": {"id": "7034", "id1": "7034", "laenge": 12.14, "name": "Flughafenstr.", "dtv_2020": 16203, "dtv_2025": 14870, "no2_2020": 17.4, "pm10_2020": 19.69, "pm25_2020": 14.18, "no2_2025": 13.31, "pm10_2025": 19.21, "pm25_2025": 13.75, "n_betrof": 0, "index_2020": 0.92, "index_no2": 0.43, "index_pm10": 0.49}, "geometry": {"type": "MultiLineString", "coordinates": [[[13.42492231, 52.48068561], [13.42509685, 52.48070942]]]}}, {"type": "Feature", "properties": {"id": "7035", "id1": "7035", "laenge": 88.68, "name": "Flughafenstr.", "dtv_2020": 11535, "dtv_2025": 9889, "no2_2020": 22.24, "pm10_2020": 20.7, "pm25_2020": 14.66, "no2_2025": 15.61, "pm10_2025": 19.98, "pm25_2025": 14.1, "n_betrof": 89, "index_2020": 1.07, "index_no2": 0.55, "index_pm10": 0.51}, "geometry": {"type": "MultiLineString", "coordinates": [[[13.42536414, 52.48075039], [13.42555268, 52.4807903], [13.42578989, 52.48086125], [13.42604995, 52.4809397], [13.42610801, 52.48095117], [13.42645249, 52.48099145], [13.42659019, 52.48100757]]]}}, {"type": "Feature", "properties": {"id": "7036", "id1": "7036", "laenge": 71.89, "name": "Flughafenstr.", "dtv_2020": 11535, "dtv_2025": 9889, "no2_2020": 28.0, "pm10_2020": 22.02, "pm25_2020": 15.31, "no2_2025": 18.5, "pm10_2025": 21.03, "pm25_2025": 14.59, "n_betrof": 51, "index_2020": 1.25, "index_no2": 0.7, "index_pm10": 0.55}, "geometry": {"type": "MultiLineString", "coordinates": [[[13.42659019, 52.48100757], [13.42714116, 52.48107199], [13.42762998, 52.48112839]]]}}, {"type": "Feature", "properties": {"id": "7037", "id1": "7037", "laenge": 93.54, "name": "Flughafenstr.", "dtv_2020": 11130, "dtv_2025": 9481, "no2_2020": 32.17, "pm10_2020": 23.09, "pm25_2020": 15.82, "no2_2025": 20.23, "pm10_2025": 21.81, "pm25_2025": 14.95, "n_betrof": 102, "index_2020": 1.38, "index_no2": 0.8, "index_pm10": 0.57}, "geometry": {"type": "MultiLineString", "coordinates": [[[13.42790053, 52.48116076], [13.4292541, 52.48131577]]]}}, {"type": "Feature", "properties": {"id": "7038", "id1": "7038", "laenge": 112.1, "name": "Flughafenstr.", "dtv_2020": 10542, "dtv_2025": 8957, "no2_2020": 31.06, "pm10_2020": 22.8, "pm25_2020": 15.69, "no2_2025": 19.78, "pm10_2025": 21.61, "pm25_2025": 14.86, "n_betrof": 120, "index_2020": 1.34, "index_no2": 0.77, "index_pm10": 0.57}, "geometry": {"type": "MultiLineString", "coordinates": [[[13.42950852, 52.48134603], [13.42962054, 52.48136001], [13.43003387, 52.48140659], [13.4304472, 52.48145307], [13.43060123, 52.48147831], [13.43112805, 52.48153889]]]}}, {"type": "Feature", "properties": {"id": "7039", "id1": "7039", "laenge": 38.3, "name": "Flughafenstr.", "dtv_2020": 10542, "dtv_2025": 8957, "no2_2020": 20.51, "pm10_2020": 20.42, "pm25_2020": 14.56, "no2_2025": 14.78, "pm10_2025": 19.78, "pm25_2025": 14.04, "n_betrof": 33, "index_2020": 1.02, "index_no2": 0.51, "index_pm10": 0.51}, "geometry": {"type": "MultiLineString", "coordinates": [[[13.43112805, 52.48153889], [13.43168414, 52.48159616]]]}}, {"type": "Feature", "properties": {"id": "7040", "id1": "7040", "laenge": 114.98, "name": "Flughafenstr.", "dtv_2020": 10557, "dtv_2025": 8885, "no2_2020": 32.36, "pm10_2020": 23.09, "pm25_2020": 15.81, "no2_2025": 20.31, "pm10_2025": 21.81, "pm25_2025": 14.93, "n_betrof": 150, "index_2020": 1.38, "index_no2": 0.8, "index_pm10": 0.57}, "geometry": {"type": "MultiLineString", "coordinates": [[[13.43168414, 52.48159616], [13.43187057, 52.48161293], [13.43215151, 52.48164723], [13.43222175, 52.4816558], [13.43229198, 52.48166437], [13.4324326, 52.48168152], [13.4333458, 52.48179315]]]}}, {"type": "Feature", "properties": {"id": "7041", "id1": "7041", "laenge": 35.46, "name": "Flughafenstr.", "dtv_2020": 10557, "dtv_2025": 8885, "no2_2020": 20.0, "pm10_2020": 20.3, "pm25_2020": 14.49, "no2_2025": 14.5, "pm10_2025": 19.67, "pm25_2025": 13.98, "n_betrof": 35, "index_2020": 1.0, "index_no2": 0.5, "index_pm10": 0.5}, "geometry": {"type": "MultiLineString", "coordinates": [[[13.4333458, 52.48179315], [13.43357489, 52.48182783], [13.4337149, 52.48184551], [13.43385506, 52.4818631]]]}}, {"type": "Feature", "properties": {"id": "7073", "id1": "7073", "laenge": 12.99, "name": "Germaniastr.", "dtv_2020": 4136, "dtv_2025": 3889, "no2_2020": 19.74, "pm10_2020": 20.18, "pm25_2020": 14.25, "no2_2025": 14.69, "pm10_2025": 19.72, "pm25_2025": 13.82, "n_betrof": 16, "index_2020": 0.99, "index_no2": 0.49, "index_pm10": 0.5}, "geometry": {"type": "MultiLineString", "coordinates": [[[13.40307917, 52.4624396], [13.40322541, 52.46236434]]]}}, {"type": "Feature", "properties": {"id": "7074", "id1": "7074", "laenge": 54.36, "name": "Germaniastr.", "dtv_2020": 4136, "dtv_2025": 3889, "no2_2020": 19.93, "pm10_2020": 20.23, "pm25_2020": 14.26, "no2_2025": 14.72, "pm10_2025": 19.76, "pm25_2025": 13.82, "n_betrof": 16, "index_2020": 1.0, "index_no2": 0.49, "index_pm10": 0.5}, "geometry": {"type": "MultiLineString", "coordinates": [[[13.40211453, 52.4634646], [13.4020636, 52.4633508], [13.40206004, 52.46328656], [13.4020705, 52.4631601], [13.40209367, 52.46308543], [13.40215269, 52.46298804]]]}}, {"type": "Feature", "properties": {"id": "7075", "id1": "7075", "laenge": 87.9, "name": "Germaniastr.", "dtv_2020": 4136, "dtv_2025": 3889, "no2_2020": 20.7, "pm10_2020": 20.47, "pm25_2020": 14.37, "no2_2025": 15.18, "pm10_2025": 19.97, "pm25_2025": 13.91, "n_betrof": 29, "index_2020": 1.02, "index_no2": 0.51, "index_pm10": 0.51}, "geometry": {"type": "MultiLineString", "coordinates": [[[13.40215269, 52.46298804], [13.40229702, 52.46287221], [13.40248796, 52.46276204], [13.40258517, 52.46270752], [13.40263458, 52.46268058], [13.40268413, 52.46265356], [13.40273354, 52.46262653], [13.40303042, 52.46246466], [13.40307917, 52.4624396]]]}}, {"type": "Feature", "properties": {"id": "7076", "id1": "7076", "laenge": 27.81, "name": "Germaniastr.", "dtv_2020": 2239, "dtv_2025": 1888, "no2_2020": 20.16, "pm10_2020": 20.27, "pm25_2020": 14.31, "no2_2025": 14.99, "pm10_2025": 19.81, "pm25_2025": 13.87, "n_betrof": 3, "index_2020": 1.01, "index_no2": 0.5, "index_pm10": 0.5}, "geometry": {"type": "MultiLineString", "coordinates": [[[13.40332291, 52.46231414], [13.4034917, 52.46222605], [13.40365009, 52.46216498]]]}}, {"type": "Feature", "properties": {"id": "7077", "id1": "7077", "laenge": 67.26, "name": "Germaniastr.", "dtv_2020": 2239, "dtv_2025": 1888, "no2_2020": 20.56, "pm10_2020": 20.33, "pm25_2020": 14.36, "no2_2025": 15.15, "pm10_2025": 19.82, "pm25_2025": 13.9, "n_betrof": 21, "index_2020": 1.02, "index_no2": 0.51, "index_pm10": 0.5}, "geometry": {"type": "MultiLineString", "coordinates": [[[13.40365009, 52.46216498], [13.40385352, 52.46211603], [13.40437894, 52.46204103], [13.4045088, 52.46200349], [13.40456535, 52.46196236]]]}}, {"type": "Feature", "properties": {"id": "7078", "id1": "7078", "laenge": 59.78, "name": "Gottlieb-Dunkel-Str.", "dtv_2020": 15206, "dtv_2025": 14386, "no2_2020": 21.32, "pm10_2020": 20.14, "pm25_2020": 14.31, "no2_2025": 17.2, "pm10_2025": 19.67, "pm25_2025": 13.89, "n_betrof": 40, "index_2020": 1.03, "index_no2": 0.53, "index_pm10": 0.5}, "geometry": {"type": "MultiLineString", "coordinates": [[[13.4099397, 52.45535854], [13.41028142, 52.45585378]]]}}, {"type": "Feature", "properties": {"id": "7079", "id1": "7079", "laenge": 29.97, "name": "Gottlieb-Dunkel-Str.", "dtv_2020": 15206, "dtv_2025": 14386, "no2_2020": 19.11, "pm10_2020": 20.22, "pm25_2020": 14.32, "no2_2025": 14.73, "pm10_2025": 19.74, "pm25_2025": 13.89, "n_betrof": 40, "index_2020": 0.98, "index_no2": 0.47, "index_pm10": 0.5}, "geometry": {"type": "MultiLineString", "coordinates": [[[13.4114656, 52.45681116], [13.41178628, 52.45699619]]]}}, {"type": "Feature", "properties": {"id": "7080", "id1": "7080", "laenge": 135.81, "name": "Gottlieb-Dunkel-Str.", "dtv_2020": 15206, "dtv_2025": 14386, "no2_2020": 23.29, "pm10_2020": 21.26, "pm25_2020": 14.7, "no2_2025": 17.34, "pm10_2025": 20.66, "pm25_2025": 14.21, "n_betrof": 87, "index_2020": 1.11, "index_no2": 0.58, "index_pm10": 0.53}, "geometry": {"type": "MultiLineString", "coordinates": [[[13.41028142, 52.45585378], [13.41048059, 52.45614274], [13.41053724, 52.45621264], [13.41059389, 52.45628246], [13.41065433, 52.4563329], [13.41075201, 52.45639562], [13.41103794, 52.45656445], [13.41114493, 52.45662613], [13.41135876, 52.45674948], [13.4114656, 52.45681116]]]}}, {"type": "Feature", "properties": {"id": "7081", "id1": "7081", "laenge": 67.34, "name": "Gottlieb-Dunkel-Str.", "dtv_2020": 15206, "dtv_2025": 14386, "no2_2020": 23.6, "pm10_2020": 21.64, "pm25_2020": 14.9, "no2_2025": 16.8, "pm10_2025": 21.04, "pm25_2025": 14.4, "n_betrof": 22, "index_2020": 1.13, "index_no2": 0.59, "index_pm10": 0.54}, "geometry": {"type": "MultiLineString", "coordinates": [[[13.41442685, 52.45853341], [13.4146255, 52.45865368], [13.41506552, 52.45893848], [13.41511612, 52.45896829]]]}}, {"type": "Feature", "properties": {"id": "7082", "id1": "7082", "laenge": 84.35, "name": "Gottlieb-Dunkel-Str.", "dtv_2020": 15206, "dtv_2025": 14386, "no2_2020": 22.88, "pm10_2020": 21.33, "pm25_2020": 14.84, "no2_2025": 16.51, "pm10_2025": 20.79, "pm25_2025": 14.36, "n_betrof": 22, "index_2020": 1.1, "index_no2": 0.57, "index_pm10": 0.53}, "geometry": {"type": "MultiLineString", "coordinates": [[[13.41511612, 52.45896829], [13.41531819, 52.45908752], [13.41541923, 52.45914723], [13.41587398, 52.45941559], [13.41601584, 52.4594905]]]}}, {"type": "Feature", "properties": {"id": "7083", "id1": "7083", "laenge": 157.32, "name": "Gottlieb-Dunkel-Str.", "dtv_2020": 24321, "dtv_2025": 22863, "no2_2020": 29.94, "pm10_2020": 23.13, "pm25_2020": 15.65, "no2_2025": 20.29, "pm10_2025": 22.44, "pm25_2025": 15.06, "n_betrof": 72, "index_2020": 1.32, "index_no2": 0.74, "index_pm10": 0.57}, "geometry": {"type": "MultiLineString", "coordinates": [[[13.41619053, 52.45958941], [13.41628915, 52.45964701], [13.4163386, 52.45967582], [13.41683182, 52.45996357], [13.41743993, 52.4602739], [13.4177351, 52.46040391], [13.41795746, 52.46049967]]]}}, {"type": "Feature", "properties": {"id": "7084", "id1": "7084", "laenge": 28.53, "name": "Gottlieb-Dunkel-Str.", "dtv_2020": 16301, "dtv_2025": 15329, "no2_2020": 28.01, "pm10_2020": 22.54, "pm25_2020": 15.53, "no2_2025": 19.69, "pm10_2025": 22.0, "pm25_2025": 15.03, "n_betrof": 2, "index_2020": 1.26, "index_no2": 0.7, "index_pm10": 0.56}, "geometry": {"type": "MultiLineString", "coordinates": [[[13.4183916, 52.46069933], [13.41850006, 52.46074924], [13.41855531, 52.4607765], [13.41861056, 52.46080377], [13.41866581, 52.46083103], [13.41872107, 52.46085829]]]}}, {"type": "Feature", "properties": {"id": "7085", "id1": "7085", "laenge": 109.93, "name": "Gottlieb-Dunkel-Str.", "dtv_2020": 13091, "dtv_2025": 12150, "no2_2020": 25.0, "pm10_2020": 21.96, "pm25_2020": 15.17, "no2_2025": 17.4, "pm10_2025": 21.33, "pm25_2025": 14.65, "n_betrof": 38, "index_2020": 1.17, "index_no2": 0.62, "index_pm10": 0.54}, "geometry": {"type": "MultiLineString", "coordinates": [[[13.41916087, 52.46107663], [13.41992629, 52.46145873], [13.41998052, 52.4614858], [13.42003461, 52.46151278], [13.42041364, 52.46170198]]]}}, {"type": "Feature", "properties": {"id": "7086", "id1": "7086", "laenge": 14.85, "name": "Gottlieb-Dunkel-Str.", "dtv_2020": 13492, "dtv_2025": 12250, "no2_2020": 20.24, "pm10_2020": 20.67, "pm25_2020": 14.61, "no2_2025": 14.88, "pm10_2025": 20.18, "pm25_2025": 14.16, "n_betrof": 14, "index_2020": 1.02, "index_no2": 0.5, "index_pm10": 0.51}, "geometry": {"type": "MultiLineString", "coordinates": [[[13.42041364, 52.46170198], [13.42058163, 52.46178739]]]}}, {"type": "Feature", "properties": {"id": "7087", "id1": "7087", "laenge": 69.32, "name": "Gottlieb-Dunkel-Str.", "dtv_2020": 13492, "dtv_2025": 12250, "no2_2020": 22.18, "pm10_2020": 21.27, "pm25_2020": 14.85, "no2_2025": 15.73, "pm10_2025": 20.65, "pm25_2025": 14.35, "n_betrof": 25, "index_2020": 1.08, "index_no2": 0.55, "index_pm10": 0.53}, "geometry": {"type": "MultiLineString", "coordinates": [[[13.42091761, 52.46195821], [13.42125359, 52.46212903], [13.42164566, 52.46232839], [13.42170176, 52.46235692]]]}}, {"type": "Feature", "properties": {"id": "7088", "id1": "7088", "laenge": 24.75, "name": "Gottlieb-Dunkel-Str.", "dtv_2020": 13492, "dtv_2025": 12250, "no2_2020": 18.87, "pm10_2020": 20.35, "pm25_2020": 14.46, "no2_2025": 14.09, "pm10_2025": 19.87, "pm25_2025": 14.02, "n_betrof": 14, "index_2020": 0.98, "index_no2": 0.47, "index_pm10": 0.5}, "geometry": {"type": "MultiLineString", "coordinates": [[[13.42170176, 52.46235692], [13.4219818, 52.46249921]]]}}, {"type": "Feature", "properties": {"id": "7093", "id1": "7093", "laenge": 67.32, "name": "Gradestr.", "dtv_2020": 25774, "dtv_2025": 25344, "no2_2020": 16.4, "pm10_2020": 21.35, "pm25_2020": 15.22, "no2_2025": 12.62, "pm10_2025": 20.94, "pm25_2025": 14.83, "n_betrof": 40, "index_2020": 0.94, "index_no2": 0.41, "index_pm10": 0.53}, "geometry": {"type": "MultiLineString", "coordinates": [[[13.42102532, 52.45223457], [13.4215911, 52.45224482], [13.42180333, 52.45224864], [13.4220154, 52.45225255]]]}}, {"type": "Feature", "properties": {"id": "7094", "id1": "7094", "laenge": 236.61, "name": "Gradestr.", "dtv_2020": 25774, "dtv_2025": 25344, "no2_2020": 19.2, "pm10_2020": 24.07, "pm25_2020": 16.97, "no2_2025": 14.32, "pm10_2025": 23.66, "pm25_2025": 16.57, "n_betrof": 67, "index_2020": 1.08, "index_no2": 0.48, "index_pm10": 0.6}, "geometry": {"type": "MultiLineString", "coordinates": [[[13.42258493, 52.45226105], [13.42352851, 52.45226671], [13.42439955, 52.45227184], [13.42476224, 52.45227425], [13.42606598, 52.45228693]]]}}, {"type": "Feature", "properties": {"id": "7095", "id1": "7095", "laenge": 78.76, "name": "Gradestr.", "dtv_2020": 25774, "dtv_2025": 25344, "no2_2020": 17.11, "pm10_2020": 24.32, "pm25_2020": 17.35, "no2_2025": 13.25, "pm10_2025": 23.97, "pm25_2025": 17.0, "n_betrof": 40, "index_2020": 1.03, "index_no2": 0.42, "index_pm10": 0.6}, "geometry": {"type": "MultiLineString", "coordinates": [[[13.42606598, 52.45228693], [13.42642803, 52.4522904], [13.42664532, 52.45229248], [13.42722467, 52.45229812]]]}}, {"type": "Feature", "properties": {"id": "7096", "id1": "7096", "laenge": 24.74, "name": "Gradestr.", "dtv_2020": 25815, "dtv_2025": 25426, "no2_2020": 16.13, "pm10_2020": 23.06, "pm25_2020": 16.53, "no2_2025": 12.63, "pm10_2025": 22.71, "pm25_2025": 16.18, "n_betrof": 12, "index_2020": 0.98, "index_no2": 0.4, "index_pm10": 0.57}, "geometry": {"type": "MultiLineString", "coordinates": [[[13.42722467, 52.45229812], [13.42758851, 52.45230512]]]}}, {"type": "Feature", "properties": {"id": "7097", "id1": "7097", "laenge": 193.42, "name": "Gradestr.", "dtv_2020": 25815, "dtv_2025": 25426, "no2_2020": 21.56, "pm10_2020": 23.07, "pm25_2020": 16.05, "no2_2025": 15.65, "pm10_2025": 22.59, "pm25_2025": 15.6, "n_betrof": 113, "index_2020": 1.11, "index_no2": 0.53, "index_pm10": 0.57}, "geometry": {"type": "MultiLineString", "coordinates": [[[13.42758851, 52.45230512], [13.42918875, 52.45233574], [13.42940822, 52.4523427], [13.43043195, 52.4523749]]]}}, {"type": "Feature", "properties": {"id": "7098", "id1": "7098", "laenge": 112.61, "name": "Gradestr.", "dtv_2020": 25815, "dtv_2025": 25426, "no2_2020": 19.36, "pm10_2020": 21.41, "pm25_2020": 15.05, "no2_2025": 14.35, "pm10_2025": 20.94, "pm25_2025": 14.61, "n_betrof": 53, "index_2020": 1.01, "index_no2": 0.48, "index_pm10": 0.53}, "geometry": {"type": "MultiLineString", "coordinates": [[[13.43137943, 52.45240743], [13.43232235, 52.45244412], [13.43268491, 52.45245828], [13.43303346, 52.45246515]]]}}, {"type": "Feature", "properties": {"id": "7099", "id1": "7099", "laenge": 59.33, "name": "Gradestr.", "dtv_2020": 15020, "dtv_2025": 15049, "no2_2020": 21.55, "pm10_2020": 21.84, "pm25_2020": 15.1, "no2_2025": 15.74, "pm10_2025": 21.37, "pm25_2025": 14.65, "n_betrof": 32, "index_2020": 1.08, "index_no2": 0.53, "index_pm10": 0.54}, "geometry": {"type": "MultiLineString", "coordinates": [[[13.43321227, 52.4524899], [13.43357551, 52.45250155], [13.43408413, 52.452518]]]}}, {"type": "Feature", "properties": {"id": "7100", "id1": "7100", "laenge": 146.65, "name": "Gradestr.", "dtv_2020": 15075, "dtv_2025": 15201, "no2_2020": 21.51, "pm10_2020": 21.8, "pm25_2020": 15.08, "no2_2025": 15.57, "pm10_2025": 21.34, "pm25_2025": 14.62, "n_betrof": 70, "index_2020": 1.08, "index_no2": 0.53, "index_pm10": 0.54}, "geometry": {"type": "MultiLineString", "coordinates": [[[13.43408413, 52.452518], [13.43473074, 52.45253573], [13.43494628, 52.45254164], [13.43509007, 52.45254561], [13.43516182, 52.45254755], [13.43523371, 52.45254958], [13.43530561, 52.45255152], [13.43559304, 52.45255937], [13.43623965, 52.45257718]]]}}, {"type": "Feature", "properties": {"id": "7101", "id1": "7101", "laenge": 49.53, "name": "Gradestr.", "dtv_2020": 15075, "dtv_2025": 15201, "no2_2020": 21.36, "pm10_2020": 21.68, "pm25_2020": 15.0, "no2_2025": 15.46, "pm10_2025": 21.21, "pm25_2025": 14.55, "n_betrof": 21, "index_2020": 1.07, "index_no2": 0.53, "index_pm10": 0.54}, "geometry": {"type": "MultiLineString", "coordinates": [[[13.43623965, 52.45257718], [13.43645824, 52.45258016], [13.43696822, 52.45258726]]]}}, {"type": "Feature", "properties": {"id": "7102", "id1": "7102", "laenge": 91.57, "name": "Gradestr.", "dtv_2020": 15044, "dtv_2025": 15201, "no2_2020": 28.7, "pm10_2020": 23.64, "pm25_2020": 15.72, "no2_2025": 19.87, "pm10_2025": 23.11, "pm25_2025": 15.18, "n_betrof": 66, "index_2020": 1.3, "index_no2": 0.71, "index_pm10": 0.59}, "geometry": {"type": "MultiLineString", "coordinates": [[[13.43696822, 52.45258726], [13.43712287, 52.45260027], [13.43792854, 52.45261092], [13.43831398, 52.45261061]]]}}, {"type": "Feature", "properties": {"id": "7103", "id1": "7103", "laenge": 13.99, "name": "Gradestr.", "dtv_2020": 15044, "dtv_2025": 15201, "no2_2020": 17.26, "pm10_2020": 20.34, "pm25_2020": 14.54, "no2_2025": 13.2, "pm10_2025": 19.92, "pm25_2025": 14.14, "n_betrof": 0, "index_2020": 0.94, "index_no2": 0.43, "index_pm10": 0.5}, "geometry": {"type": "MultiLineString", "coordinates": [[[13.43837829, 52.45261057], [13.43858189, 52.45262962]]]}}, {"type": "Feature", "properties": {"id": "7104", "id1": "7104", "laenge": 18.16, "name": "Grenzallee", "dtv_2020": 14582, "dtv_2025": 16673, "no2_2020": 22.42, "pm10_2020": 21.26, "pm25_2020": 14.95, "no2_2025": 16.71, "pm10_2025": 20.89, "pm25_2025": 14.53, "n_betrof": 16, "index_2020": 1.09, "index_no2": 0.56, "index_pm10": 0.53}, "geometry": {"type": "MultiLineString", "coordinates": [[[13.4470899, 52.46427625], [13.44734521, 52.46432473]]]}}, {"type": "Feature", "properties": {"id": "7105", "id1": "7105", "laenge": 20.1, "name": "Grenzallee", "dtv_2020": 14582, "dtv_2025": 16673, "no2_2020": 24.31, "pm10_2020": 21.69, "pm25_2020": 15.17, "no2_2025": 17.88, "pm10_2025": 21.29, "pm25_2025": 14.74, "n_betrof": 16, "index_2020": 1.15, "index_no2": 0.6, "index_pm10": 0.54}, "geometry": {"type": "MultiLineString", "coordinates": [[[13.44417678, 52.46372205], [13.44432199, 52.46374536], [13.44445963, 52.46377459]]]}}, {"type": "Feature", "properties": {"id": "7106", "id1": "7106", "laenge": 187.27, "name": "Grenzallee", "dtv_2020": 14582, "dtv_2025": 16673, "no2_2020": 29.6, "pm10_2020": 23.25, "pm25_2020": 15.78, "no2_2025": 21.93, "pm10_2025": 23.1, "pm25_2025": 15.37, "n_betrof": 92, "index_2020": 1.32, "index_no2": 0.74, "index_pm10": 0.58}, "geometry": {"type": "MultiLineString", "coordinates": [[[13.44445963, 52.46377459], [13.44452845, 52.46378916], [13.44459727, 52.46380374], [13.44501018, 52.46389143], [13.44528546, 52.46394981], [13.44568227, 52.46402228], [13.44574838, 52.46403439], [13.44621116, 52.46411896], [13.4470899, 52.46427625]]]}}, {"type": "Feature", "properties": {"id": "7107", "id1": "7107", "laenge": 69.57, "name": "Grenzallee", "dtv_2020": 10838, "dtv_2025": 13541, "no2_2020": 27.11, "pm10_2020": 22.42, "pm25_2020": 15.38, "no2_2025": 20.96, "pm10_2025": 22.39, "pm25_2025": 15.02, "n_betrof": 34, "index_2020": 1.23, "index_no2": 0.67, "index_pm10": 0.56}, "geometry": {"type": "MultiLineString", "coordinates": [[[13.44734521, 52.46432473], [13.44761777, 52.4643854], [13.44773982, 52.46440993], [13.44792298, 52.46444677], [13.44804503, 52.4644713], [13.44831804, 52.46451912]]]}}, {"type": "Feature", "properties": {"id": "7108", "id1": "7108", "laenge": 69.15, "name": "Grenzallee", "dtv_2020": 11085, "dtv_2025": 14462, "no2_2020": 26.51, "pm10_2020": 22.28, "pm25_2020": 15.28, "no2_2025": 20.46, "pm10_2025": 22.31, "pm25_2025": 14.95, "n_betrof": 25, "index_2020": 1.22, "index_no2": 0.66, "index_pm10": 0.55}, "geometry": {"type": "MultiLineString", "coordinates": [[[13.44843708, 52.46453714], [13.44939667, 52.4647442]]]}}, {"type": "Feature", "properties": {"id": "7109", "id1": "7109", "laenge": 29.95, "name": "Grenzallee", "dtv_2020": 11085, "dtv_2025": 14462, "no2_2020": 21.99, "pm10_2020": 21.09, "pm25_2020": 14.85, "no2_2025": 16.66, "pm10_2025": 20.79, "pm25_2025": 14.45, "n_betrof": 9, "index_2020": 1.07, "index_no2": 0.54, "index_pm10": 0.52}, "geometry": {"type": "MultiLineString", "coordinates": [[[13.44939667, 52.4647442], [13.44953595, 52.46477291], [13.44960551, 52.46478731], [13.44981436, 52.46483032]]]}}, {"type": "Feature", "properties": {"id": "7110", "id1": "7110", "laenge": 90.93, "name": "Grenzallee", "dtv_2020": 11085, "dtv_2025": 14462, "no2_2020": 27.71, "pm10_2020": 22.6, "pm25_2020": 15.38, "no2_2025": 21.63, "pm10_2025": 22.76, "pm25_2025": 15.09, "n_betrof": 56, "index_2020": 1.25, "index_no2": 0.69, "index_pm10": 0.56}, "geometry": {"type": "MultiLineString", "coordinates": [[[13.44981436, 52.46483032], [13.45071918, 52.4650167], [13.45108472, 52.46508748]]]}}, {"type": "Feature", "properties": {"id": "7111", "id1": "7111", "laenge": 106.49, "name": "Grenzallee", "dtv_2020": 11085, "dtv_2025": 14462, "no2_2020": 21.09, "pm10_2020": 20.86, "pm25_2020": 14.63, "no2_2025": 17.07, "pm10_2025": 20.8, "pm25_2025": 14.32, "n_betrof": 100, "index_2020": 1.04, "index_no2": 0.52, "index_pm10": 0.52}, "geometry": {"type": "MultiLineString", "coordinates": [[[13.45130156, 52.46512538], [13.45144502, 52.46514399], [13.45164264, 52.46517157], [13.4518404, 52.46519915], [13.4522393, 52.46523818], [13.452767, 52.46526477], [13.45284866, 52.46526584]]]}}, {"type": "Feature", "properties": {"id": "7112", "id1": "7112", "laenge": 152.1, "name": "Grenzallee", "dtv_2020": 11085, "dtv_2025": 14462, "no2_2020": 21.78, "pm10_2020": 20.97, "pm25_2020": 14.71, "no2_2025": 17.41, "pm10_2025": 20.96, "pm25_2025": 14.42, "n_betrof": 89, "index_2020": 1.06, "index_no2": 0.54, "index_pm10": 0.52}, "geometry": {"type": "MultiLineString", "coordinates": [[[13.45371024, 52.46527531], [13.45417479, 52.46527239], [13.45429561, 52.46528207], [13.45441643, 52.46529165], [13.45460236, 52.46532078], [13.45495384, 52.46537716], [13.45524386, 52.46543984], [13.45566065, 52.46555237], [13.45584693, 52.46561369]]]}}, {"type": "Feature", "properties": {"id": "7113", "id1": "7113", "laenge": 10.95, "name": "Grenzallee", "dtv_2020": 11085, "dtv_2025": 14462, "no2_2020": 18.43, "pm10_2020": 20.18, "pm25_2020": 14.4, "no2_2025": 14.73, "pm10_2025": 19.97, "pm25_2025": 14.08, "n_betrof": 0, "index_2020": 0.96, "index_no2": 0.46, "index_pm10": 0.5}, "geometry": {"type": "MultiLineString", "coordinates": [[[13.45603321, 52.46567501], [13.45616854, 52.46572848]]]}}, {"type": "Feature", "properties": {"id": "7114", "id1": "7114", "laenge": 162.53, "name": "Grenzallee", "dtv_2020": 27472, "dtv_2025": 11768, "no2_2020": 19.46, "pm10_2020": 20.94, "pm25_2020": 14.7, "no2_2025": 15.08, "pm10_2025": 20.57, "pm25_2025": 14.35, "n_betrof": 7, "index_2020": 1.01, "index_no2": 0.48, "index_pm10": 0.52}, "geometry": {"type": "MultiLineString", "coordinates": [[[13.46075306, 52.46819937], [13.46104248, 52.46836839], [13.4611366, 52.46842213], [13.46127792, 52.46850264], [13.46137203, 52.46855637], [13.46162984, 52.46869917], [13.46199763, 52.46889681], [13.46215738, 52.46898089], [13.46253023, 52.46917698]]]}}, {"type": "Feature", "properties": {"id": "7115", "id1": "7115", "laenge": 115.91, "name": "Grenzallee", "dtv_2020": 27472, "dtv_2025": 11768, "no2_2020": 24.79, "pm10_2020": 21.99, "pm25_2020": 15.05, "no2_2025": 14.72, "pm10_2025": 20.28, "pm25_2025": 14.16, "n_betrof": 76, "index_2020": 1.16, "index_no2": 0.61, "index_pm10": 0.54}, "geometry": {"type": "MultiLineString", "coordinates": [[[13.46314151, 52.46949359], [13.46367561, 52.46976927], [13.46379852, 52.46984576], [13.46442377, 52.47018043]]]}}, {"type": "Feature", "properties": {"id": "7157", "id1": "7157", "laenge": 10.0, "name": "Hermannstr.", "dtv_2020": 22902, "dtv_2025": 20044, "no2_2020": 19.1, "pm10_2020": 20.19, "pm25_2020": 14.39, "no2_2025": 14.19, "pm10_2025": 19.63, "pm25_2025": 13.91, "n_betrof": 8, "index_2020": 0.98, "index_no2": 0.47, "index_pm10": 0.5}, "geometry": {"type": "MultiLineString", "coordinates": [[[13.42425346, 52.48632644], [13.42424312, 52.48628188], [13.42423278, 52.48623742]]]}}, {"type": "Feature", "properties": {"id": "7158", "id1": "7158", "laenge": 156.56, "name": "Hermannstr.", "dtv_2020": 22902, "dtv_2025": 20044, "no2_2020": 28.59, "pm10_2020": 22.64, "pm25_2020": 15.45, "no2_2025": 18.75, "pm10_2025": 21.59, "pm25_2025": 14.72, "n_betrof": 138, "index_2020": 1.28, "index_no2": 0.71, "index_pm10": 0.56}, "geometry": {"type": "MultiLineString", "coordinates": [[[13.42423278, 52.48623742], [13.42421196, 52.48583929], [13.42421151, 52.48569111], [13.42425474, 52.4852727], [13.424379, 52.48488252], [13.42439277, 52.48483919]]]}}, {"type": "Feature", "properties": {"id": "7159", "id1": "7159", "laenge": 295.39, "name": "Hermannstr.", "dtv_2020": 22902, "dtv_2025": 20044, "no2_2020": 26.56, "pm10_2020": 22.1, "pm25_2020": 15.25, "no2_2025": 17.72, "pm10_2025": 21.15, "pm25_2025": 14.57, "n_betrof": 149, "index_2020": 1.21, "index_no2": 0.66, "index_pm10": 0.55}, "geometry": {"type": "MultiLineString", "coordinates": [[[13.42440669, 52.48479586], [13.4245034, 52.48449235], [13.42461703, 52.48424697], [13.42463587, 52.48420604], [13.42474964, 52.48396057], [13.42480114, 52.48374358], [13.4248189, 52.48357604], [13.4248316, 52.48338542], [13.42481273, 52.48299855], [13.42481479, 52.48268937], [13.42481505, 52.48264514], [13.42481545, 52.482601], [13.42481595, 52.48251272], [13.4248266, 52.48235479], [13.42483466, 52.4822364], [13.42485539, 52.48217149]]]}}, {"type": "Feature", "properties": {"id": "7160", "id1": "7160", "laenge": 33.0, "name": "Hermannstr.", "dtv_2020": 22888, "dtv_2025": 20096, "no2_2020": 23.41, "pm10_2020": 21.33, "pm25_2020": 14.89, "no2_2025": 16.0, "pm10_2025": 20.52, "pm25_2025": 14.29, "n_betrof": 28, "index_2020": 1.11, "index_no2": 0.58, "index_pm10": 0.53}, "geometry": {"type": "MultiLineString", "coordinates": [[[13.42485539, 52.48217149], [13.42486788, 52.48209802], [13.42489092, 52.48194368], [13.42488745, 52.48187584]]]}}, {"type": "Feature", "properties": {"id": "7161", "id1": "7161", "laenge": 44.65, "name": "Hermannstr.", "dtv_2020": 23697, "dtv_2025": 20404, "no2_2020": 35.11, "pm10_2020": 23.8, "pm25_2020": 15.86, "no2_2025": 21.02, "pm10_2025": 22.5, "pm25_2025": 14.96, "n_betrof": 46, "index_2020": 1.47, "index_no2": 0.87, "index_pm10": 0.59}, "geometry": {"type": "MultiLineString", "coordinates": [[[13.42516789, 52.48051374], [13.4252541, 52.48022771], [13.42529007, 52.4801193]]]}}, {"type": "Feature", "properties": {"id": "7162", "id1": "7162", "laenge": 35.8, "name": "Hermannstr.", "dtv_2020": 23505, "dtv_2025": 20548, "no2_2020": 29.98, "pm10_2020": 22.53, "pm25_2020": 15.31, "no2_2025": 18.78, "pm10_2025": 21.51, "pm25_2025": 14.57, "n_betrof": 30, "index_2020": 1.31, "index_no2": 0.74, "index_pm10": 0.56}, "geometry": {"type": "MultiLineString", "coordinates": [[[13.42530526, 52.48007752], [13.42541106, 52.47976226]]]}}, {"type": "Feature", "properties": {"id": "7163", "id1": "7163", "laenge": 66.11, "name": "Hermannstr.", "dtv_2020": 23584, "dtv_2025": 20436, "no2_2020": 32.92, "pm10_2020": 23.44, "pm25_2020": 15.71, "no2_2025": 20.12, "pm10_2025": 22.22, "pm25_2025": 14.87, "n_betrof": 59, "index_2020": 1.4, "index_no2": 0.82, "index_pm10": 0.58}, "geometry": {"type": "MultiLineString", "coordinates": [[[13.42541106, 52.47976226], [13.42548594, 52.47954558], [13.425593, 52.47917846]]]}}, {"type": "Feature", "properties": {"id": "7164", "id1": "7164", "laenge": 100.23, "name": "Hermannstr.", "dtv_2020": 21373, "dtv_2025": 19343, "no2_2020": 35.25, "pm10_2020": 24.14, "pm25_2020": 15.95, "no2_2025": 21.67, "pm10_2025": 22.97, "pm25_2025": 15.12, "n_betrof": 121, "index_2020": 1.48, "index_no2": 0.88, "index_pm10": 0.6}, "geometry": {"type": "MultiLineString", "coordinates": [[[13.42563794, 52.47904977], [13.42588613, 52.47823956], [13.42592672, 52.47816691]]]}}, {"type": "Feature", "properties": {"id": "7165", "id1": "7165", "laenge": 53.18, "name": "Hermannstr.", "dtv_2020": 20711, "dtv_2025": 18738, "no2_2020": 27.31, "pm10_2020": 22.08, "pm25_2020": 15.15, "no2_2025": 18.01, "pm10_2025": 21.24, "pm25_2025": 14.51, "n_betrof": 41, "index_2020": 1.23, "index_no2": 0.68, "index_pm10": 0.55}, "geometry": {"type": "MultiLineString", "coordinates": [[[13.42592672, 52.47816691], [13.42594441, 52.47812489], [13.42596211, 52.47808277], [13.42597981, 52.47804066], [13.42612142, 52.47770385]]]}}, {"type": "Feature", "properties": {"id": "7166", "id1": "7166", "laenge": 66.98, "name": "Hermannstr.", "dtv_2020": 24318, "dtv_2025": 22634, "no2_2020": 30.73, "pm10_2020": 22.61, "pm25_2020": 15.51, "no2_2025": 20.52, "pm10_2025": 21.74, "pm25_2025": 14.82, "n_betrof": 64, "index_2020": 1.33, "index_no2": 0.76, "index_pm10": 0.56}, "geometry": {"type": "MultiLineString", "coordinates": [[[13.42618916, 52.47748924], [13.42644536, 52.47690777]]]}}, {"type": "Feature", "properties": {"id": "7167", "id1": "7167", "laenge": 89.62, "name": "Hermannstr.", "dtv_2020": 24318, "dtv_2025": 22634, "no2_2020": 28.51, "pm10_2020": 22.27, "pm25_2020": 15.33, "no2_2025": 19.09, "pm10_2025": 21.42, "pm25_2025": 14.67, "n_betrof": 85, "index_2020": 1.26, "index_no2": 0.71, "index_pm10": 0.55}, "geometry": {"type": "MultiLineString", "coordinates": [[[13.42644536, 52.47690777], [13.42678266, 52.47612896]]]}}, {"type": "Feature", "properties": {"id": "7168", "id1": "7168", "laenge": 53.29, "name": "Hermannstr.", "dtv_2020": 25031, "dtv_2025": 23169, "no2_2020": 27.42, "pm10_2020": 22.15, "pm25_2020": 15.29, "no2_2025": 18.39, "pm10_2025": 21.31, "pm25_2025": 14.64, "n_betrof": 43, "index_2020": 1.23, "index_no2": 0.68, "index_pm10": 0.55}, "geometry": {"type": "MultiLineString", "coordinates": [[[13.42741544, 52.47477693], [13.42755591, 52.47451679], [13.42765053, 52.47431998]]]}}, {"type": "Feature", "properties": {"id": "7169", "id1": "7169", "laenge": 104.8, "name": "Hermannstr.", "dtv_2020": 25430, "dtv_2025": 23212, "no2_2020": 28.06, "pm10_2020": 22.4, "pm25_2020": 15.42, "no2_2025": 18.69, "pm10_2025": 21.5, "pm25_2025": 14.74, "n_betrof": 59, "index_2020": 1.26, "index_no2": 0.7, "index_pm10": 0.56}, "geometry": {"type": "MultiLineString", "coordinates": [[[13.42765053, 52.47431998], [13.4277168, 52.47419166], [13.42773894, 52.47414888], [13.42776108, 52.47410611], [13.42778322, 52.47406334], [13.428115, 52.47342156]]]}}, {"type": "Feature", "properties": {"id": "7170", "id1": "7170", "laenge": 90.65, "name": "Hermannstr.", "dtv_2020": 25848, "dtv_2025": 23211, "no2_2020": 23.52, "pm10_2020": 21.12, "pm25_2020": 14.82, "no2_2025": 16.3, "pm10_2025": 20.39, "pm25_2025": 14.25, "n_betrof": 28, "index_2020": 1.11, "index_no2": 0.58, "index_pm10": 0.52}, "geometry": {"type": "MultiLineString", "coordinates": [[[13.4281428, 52.47338093], [13.42823693, 52.47319786], [13.42825576, 52.47316125], [13.42833842, 52.47300239], [13.42840024, 52.47288318], [13.42850346, 52.47268459], [13.42854535, 52.47260396]]]}}, {"type": "Feature", "properties": {"id": "7171", "id1": "7171", "laenge": 33.84, "name": "Hermannstr.", "dtv_2020": 25848, "dtv_2025": 23211, "no2_2020": 18.54, "pm10_2020": 19.93, "pm25_2020": 14.29, "no2_2025": 13.97, "pm10_2025": 19.41, "pm25_2025": 13.84, "n_betrof": 5, "index_2020": 0.96, "index_no2": 0.46, "index_pm10": 0.49}, "geometry": {"type": "MultiLineString", "coordinates": [[[13.42877425, 52.47216311], [13.42883335, 52.47204998], [13.42889244, 52.47193684], [13.42892402, 52.47187298]]]}}, {"type": "Feature", "properties": {"id": "7172", "id1": "7172", "laenge": 89.81, "name": "Hermannstr.", "dtv_2020": 25224, "dtv_2025": 22823, "no2_2020": 32.08, "pm10_2020": 23.4, "pm25_2020": 15.87, "no2_2025": 20.73, "pm10_2025": 22.32, "pm25_2025": 15.09, "n_betrof": 79, "index_2020": 1.38, "index_no2": 0.8, "index_pm10": 0.58}, "geometry": {"type": "MultiLineString", "coordinates": [[[13.42896632, 52.47179298], [13.42917772, 52.4713929], [13.42934576, 52.4710647], [13.4293668, 52.47102362]]]}}, {"type": "Feature", "properties": {"id": "7173", "id1": "7173", "laenge": 14.34, "name": "Hermannstr.", "dtv_2020": 25224, "dtv_2025": 22823, "no2_2020": 20.41, "pm10_2020": 20.39, "pm25_2020": 14.49, "no2_2025": 14.92, "pm10_2025": 19.8, "pm25_2025": 14.01, "n_betrof": 16, "index_2020": 1.02, "index_no2": 0.51, "index_pm10": 0.5}, "geometry": {"type": "MultiLineString", "coordinates": [[[13.4293668, 52.47102362], [13.42942978, 52.47090056]]]}}, {"type": "Feature", "properties": {"id": "7174", "id1": "7174", "laenge": 63.56, "name": "Hermannstr.", "dtv_2020": 25198, "dtv_2025": 22812, "no2_2020": 30.7, "pm10_2020": 23.19, "pm25_2020": 15.75, "no2_2025": 19.95, "pm10_2025": 22.16, "pm25_2025": 15.0, "n_betrof": 58, "index_2020": 1.34, "index_no2": 0.76, "index_pm10": 0.57}, "geometry": {"type": "MultiLineString", "coordinates": [[[13.42942978, 52.47090056], [13.42971417, 52.47035624]]]}}, {"type": "Feature", "properties": {"id": "7175", "id1": "7175", "laenge": 60.46, "name": "Hermannstr.", "dtv_2020": 25206, "dtv_2025": 22823, "no2_2020": 29.39, "pm10_2020": 22.87, "pm25_2020": 15.6, "no2_2025": 19.28, "pm10_2025": 21.89, "pm25_2025": 14.89, "n_betrof": 57, "index_2020": 1.3, "index_no2": 0.73, "index_pm10": 0.57}, "geometry": {"type": "MultiLineString", "coordinates": [[[13.42971417, 52.47035624], [13.42973517, 52.47031651], [13.42975617, 52.47027669], [13.42998685, 52.46983883]]]}}, {"type": "Feature", "properties": {"id": "7176", "id1": "7176", "laenge": 76.45, "name": "Hermannstr.", "dtv_2020": 26057, "dtv_2025": 23704, "no2_2020": 28.0, "pm10_2020": 22.34, "pm25_2020": 15.36, "no2_2025": 18.78, "pm10_2025": 21.46, "pm25_2025": 14.7, "n_betrof": 46, "index_2020": 1.25, "index_no2": 0.7, "index_pm10": 0.55}, "geometry": {"type": "MultiLineString", "coordinates": [[[13.42998685, 52.46983883], [13.43000891, 52.46979812], [13.43007539, 52.46967582], [13.43014187, 52.46955353], [13.43016394, 52.46951273], [13.43018615, 52.46947194], [13.43020836, 52.46943123], [13.43023042, 52.46939044], [13.43034117, 52.46918655]]]}}, {"type": "Feature", "properties": {"id": "7177", "id1": "7177", "laenge": 69.34, "name": "Hermannstr.", "dtv_2020": 26464, "dtv_2025": 24026, "no2_2020": 30.44, "pm10_2020": 22.89, "pm25_2020": 15.6, "no2_2025": 20.08, "pm10_2025": 21.94, "pm25_2025": 14.89, "n_betrof": 57, "index_2020": 1.33, "index_no2": 0.76, "index_pm10": 0.57}, "geometry": {"type": "MultiLineString", "coordinates": [[[13.43038544, 52.46910505], [13.43049757, 52.46889965], [13.43056079, 52.46881525], [13.43067426, 52.46859279], [13.43071382, 52.46851545]]]}}, {"type": "Feature", "properties": {"id": "7178", "id1": "7178", "laenge": 56.12, "name": "Hermannstr.", "dtv_2020": 25449, "dtv_2025": 23137, "no2_2020": 35.04, "pm10_2020": 24.44, "pm25_2020": 16.12, "no2_2025": 21.52, "pm10_2025": 23.31, "pm25_2025": 15.3, "n_betrof": 52, "index_2020": 1.48, "index_no2": 0.87, "index_pm10": 0.61}, "geometry": {"type": "MultiLineString", "coordinates": [[[13.43079095, 52.46834196], [13.43099262, 52.46800747], [13.4310725, 52.46790144], [13.43109091, 52.4678722]]]}}, {"type": "Feature", "properties": {"id": "7179", "id1": "7179", "laenge": 65.87, "name": "Hermannstr.", "dtv_2020": 25936, "dtv_2025": 23148, "no2_2020": 43.6, "pm10_2020": 26.68, "pm25_2020": 16.93, "no2_2025": 25.07, "pm10_2025": 25.13, "pm25_2025": 15.88, "n_betrof": 67, "index_2020": 1.75, "index_no2": 1.09, "index_pm10": 0.66}, "geometry": {"type": "MultiLineString", "coordinates": [[[13.43158644, 52.46708575], [13.43168495, 52.46694428], [13.43187491, 52.46661143], [13.43190132, 52.466527]]]}}, {"type": "Feature", "properties": {"id": "7180", "id1": "7180", "laenge": 13.88, "name": "Hermannstr.", "dtv_2020": 24965, "dtv_2025": 22595, "no2_2020": 21.61, "pm10_2020": 20.92, "pm25_2020": 14.69, "no2_2025": 15.21, "pm10_2025": 20.31, "pm25_2025": 14.18, "n_betrof": 9, "index_2020": 1.06, "index_no2": 0.54, "index_pm10": 0.52}, "geometry": {"type": "MultiLineString", "coordinates": [[[13.43194974, 52.4664032], [13.43201576, 52.46628512]]]}}, {"type": "Feature", "properties": {"id": "7181", "id1": "7181", "laenge": 62.68, "name": "Hermannstr.", "dtv_2020": 24965, "dtv_2025": 22595, "no2_2020": 36.28, "pm10_2020": 24.71, "pm25_2020": 16.26, "no2_2025": 22.07, "pm10_2025": 23.53, "pm25_2025": 15.41, "n_betrof": 58, "index_2020": 1.52, "index_no2": 0.9, "index_pm10": 0.61}, "geometry": {"type": "MultiLineString", "coordinates": [[[13.43201576, 52.46628512], [13.43206182, 52.46620302], [13.43210772, 52.466121], [13.43231442, 52.46575195]]]}}, {"type": "Feature", "properties": {"id": "7182", "id1": "7182", "laenge": 103.18, "name": "Hermannstr.", "dtv_2020": 24876, "dtv_2025": 22472, "no2_2020": 40.6, "pm10_2020": 25.53, "pm25_2020": 16.6, "no2_2025": 24.9, "pm10_2025": 24.26, "pm25_2025": 15.67, "n_betrof": 102, "index_2020": 1.65, "index_no2": 1.01, "index_pm10": 0.63}, "geometry": {"type": "MultiLineString", "coordinates": [[[13.43231442, 52.46575195], [13.43248335, 52.46543483], [13.43281001, 52.46487533]]]}}, {"type": "Feature", "properties": {"id": "7183", "id1": "7183", "laenge": 14.72, "name": "Hermannstr.", "dtv_2020": 24876, "dtv_2025": 22472, "no2_2020": 22.22, "pm10_2020": 20.97, "pm25_2020": 14.72, "no2_2025": 15.65, "pm10_2025": 20.36, "pm25_2025": 14.2, "n_betrof": 10, "index_2020": 1.08, "index_no2": 0.55, "index_pm10": 0.52}, "geometry": {"type": "MultiLineString", "coordinates": [[[13.43281001, 52.46487533], [13.43287032, 52.46474818]]]}}, {"type": "Feature", "properties": {"id": "7184", "id1": "7184", "laenge": 76.87, "name": "Hermannstr.", "dtv_2020": 24170, "dtv_2025": 20783, "no2_2020": 33.17, "pm10_2020": 23.71, "pm25_2020": 15.98, "no2_2025": 20.57, "pm10_2025": 22.51, "pm25_2025": 15.13, "n_betrof": 72, "index_2020": 1.42, "index_no2": 0.82, "index_pm10": 0.59}, "geometry": {"type": "MultiLineString", "coordinates": [[[13.43291057, 52.46466339], [13.43299792, 52.46452096], [13.43315804, 52.4642858], [13.43318425, 52.46424848], [13.43334161, 52.46402462]]]}}, {"type": "Feature", "properties": {"id": "7185", "id1": "7185", "laenge": 106.44, "name": "Hermannstr.", "dtv_2020": 24308, "dtv_2025": 20746, "no2_2020": 31.18, "pm10_2020": 23.51, "pm25_2020": 15.91, "no2_2025": 19.54, "pm10_2025": 22.3, "pm25_2025": 15.09, "n_betrof": 89, "index_2020": 1.36, "index_no2": 0.77, "index_pm10": 0.58}, "geometry": {"type": "MultiLineString", "coordinates": [[[13.43334161, 52.46402462], [13.43361843, 52.46366198], [13.43374837, 52.46351391], [13.43391068, 52.46332869], [13.43404482, 52.46316997]]]}}, {"type": "Feature", "properties": {"id": "7186", "id1": "7186", "laenge": 43.68, "name": "Hermannstr.", "dtv_2020": 24295, "dtv_2025": 20875, "no2_2020": 29.06, "pm10_2020": 22.94, "pm25_2020": 15.69, "no2_2025": 18.75, "pm10_2025": 21.85, "pm25_2025": 14.92, "n_betrof": 40, "index_2020": 1.3, "index_no2": 0.72, "index_pm10": 0.57}, "geometry": {"type": "MultiLineString", "coordinates": [[[13.4340736, 52.46313484], [13.4341884, 52.46299439], [13.43424242, 52.46295303], [13.43432789, 52.46285067], [13.4343592, 52.46278554]]]}}, {"type": "Feature", "properties": {"id": "7187", "id1": "7187", "laenge": 22.91, "name": "Hertastr.", "dtv_2020": 10427, "dtv_2025": 8657, "no2_2020": 18.77, "pm10_2020": 20.26, "pm25_2020": 14.43, "no2_2025": 13.93, "pm10_2025": 19.71, "pm25_2025": 13.97, "n_betrof": 24, "index_2020": 0.97, "index_no2": 0.46, "index_pm10": 0.5}, "geometry": {"type": "MultiLineString", "coordinates": [[[13.43436242, 52.46579796], [13.43456173, 52.46596415]]]}}, {"type": "Feature", "properties": {"id": "7188", "id1": "7188", "laenge": 56.29, "name": "Hertastr.", "dtv_2020": 10427, "dtv_2025": 8657, "no2_2020": 22.73, "pm10_2020": 21.4, "pm25_2020": 14.96, "no2_2025": 15.75, "pm10_2025": 20.61, "pm25_2025": 14.37, "n_betrof": 45, "index_2020": 1.1, "index_no2": 0.56, "index_pm10": 0.53}, "geometry": {"type": "MultiLineString", "coordinates": [[[13.43295374, 52.46469138], [13.43316974, 52.46483118], [13.43325817, 52.46490275], [13.43330239, 52.46493858], [13.43339067, 52.46501024], [13.43343489, 52.46504598], [13.43347896, 52.46508181]]]}}, {"type": "Feature", "properties": {"id": "7189", "id1": "7189", "laenge": 99.75, "name": "Hertastr.", "dtv_2020": 10427, "dtv_2025": 8657, "no2_2020": 26.54, "pm10_2020": 22.46, "pm25_2020": 15.42, "no2_2025": 17.42, "pm10_2025": 21.41, "pm25_2025": 14.69, "n_betrof": 121, "index_2020": 1.22, "index_no2": 0.66, "index_pm10": 0.56}, "geometry": {"type": "MultiLineString", "coordinates": [[[13.43347896, 52.46508181], [13.43361161, 52.46518921], [13.43374411, 52.46529661], [13.43378818, 52.46533244], [13.4338324, 52.46536827], [13.43436242, 52.46579796]]]}}, {"type": "Feature", "properties": {"id": "7190", "id1": "7190", "laenge": 14.87, "name": "Hertastr.", "dtv_2020": 10423, "dtv_2025": 8648, "no2_2020": 18.87, "pm10_2020": 20.3, "pm25_2020": 14.46, "no2_2025": 14.02, "pm10_2025": 19.75, "pm25_2025": 14.0, "n_betrof": 15, "index_2020": 0.97, "index_no2": 0.47, "index_pm10": 0.5}, "geometry": {"type": "MultiLineString", "coordinates": [[[13.43456173, 52.46596415], [13.43464989, 52.46603527], [13.43469383, 52.46607073]]]}}, {"type": "Feature", "properties": {"id": "7191", "id1": "7191", "laenge": 111.95, "name": "Hertastr.", "dtv_2020": 10423, "dtv_2025": 8648, "no2_2020": 23.12, "pm10_2020": 21.5, "pm25_2020": 14.99, "no2_2025": 15.92, "pm10_2025": 20.68, "pm25_2025": 14.39, "n_betrof": 72, "index_2020": 1.11, "index_no2": 0.57, "index_pm10": 0.53}, "geometry": {"type": "MultiLineString", "coordinates": [[[13.43469383, 52.46607073], [13.43473791, 52.46610629], [13.43478199, 52.46614185], [13.43500225, 52.46631946], [13.43548685, 52.46671034], [13.43552946, 52.46674174], [13.43570019, 52.46686735]]]}}, {"type": "Feature", "properties": {"id": "7192", "id1": "7192", "laenge": 49.12, "name": "Industriestr.", "dtv_2020": 2732, "dtv_2025": 2920, "no2_2020": 17.36, "pm10_2020": 19.53, "pm25_2020": 14.0, "no2_2025": 13.93, "pm10_2025": 19.15, "pm25_2025": 13.62, "n_betrof": 11, "index_2020": 0.92, "index_no2": 0.43, "index_pm10": 0.48}, "geometry": {"type": "MultiLineString", "coordinates": [[[13.40445911, 52.45574489], [13.40488948, 52.45571186], [13.40510466, 52.45569543], [13.40517639, 52.45568992]]]}}, {"type": "Feature", "properties": {"id": "7193", "id1": "7193", "laenge": 39.67, "name": "Industriestr.", "dtv_2020": 2732, "dtv_2025": 2920, "no2_2020": 16.87, "pm10_2020": 19.63, "pm25_2020": 14.05, "no2_2025": 13.26, "pm10_2025": 19.26, "pm25_2025": 13.67, "n_betrof": 14, "index_2020": 0.91, "index_no2": 0.42, "index_pm10": 0.49}, "geometry": {"type": "MultiLineString", "coordinates": [[[13.39997067, 52.45609182], [13.40054983, 52.45604705]]]}}, {"type": "Feature", "properties": {"id": "7194", "id1": "7194", "laenge": 171.93, "name": "Industriestr.", "dtv_2020": 2732, "dtv_2025": 2920, "no2_2020": 16.85, "pm10_2020": 19.57, "pm25_2020": 14.1, "no2_2025": 13.54, "pm10_2025": 19.18, "pm25_2025": 13.71, "n_betrof": 62, "index_2020": 0.91, "index_no2": 0.42, "index_pm10": 0.48}, "geometry": {"type": "MultiLineString", "coordinates": [[[13.40517639, 52.45568992], [13.40567833, 52.45565146], [13.40582179, 52.45564045], [13.40589351, 52.45563494], [13.40653906, 52.45558547], [13.40682597, 52.45556353], [13.40696942, 52.45555252], [13.40711273, 52.4555415], [13.40768655, 52.45549753]]]}}, {"type": "Feature", "properties": {"id": "7195", "id1": "7195", "laenge": 136.45, "name": "Industriestr.", "dtv_2020": 2732, "dtv_2025": 2920, "no2_2020": 21.07, "pm10_2020": 20.17, "pm25_2020": 14.43, "no2_2025": 16.97, "pm10_2025": 19.81, "pm25_2025": 14.03, "n_betrof": 125, "index_2020": 1.03, "index_no2": 0.52, "index_pm10": 0.5}, "geometry": {"type": "MultiLineString", "coordinates": [[[13.40768655, 52.45549753], [13.40967993, 52.45535037]]]}}, {"type": "Feature", "properties": {"id": "7196", "id1": "7196", "laenge": 11.32, "name": "Industriestr.", "dtv_2020": 2732, "dtv_2025": 2920, "no2_2020": 17.6, "pm10_2020": 19.59, "pm25_2020": 14.11, "no2_2025": 14.26, "pm10_2025": 19.19, "pm25_2025": 13.72, "n_betrof": 27, "index_2020": 0.92, "index_no2": 0.44, "index_pm10": 0.48}, "geometry": {"type": "MultiLineString", "coordinates": [[[13.40975106, 52.45534513], [13.40991131, 52.45531734]]]}}, {"type": "Feature", "properties": {"id": "7197", "id1": "7197", "laenge": 79.34, "name": "Industriestr.", "dtv_2020": 2732, "dtv_2025": 2920, "no2_2020": 15.57, "pm10_2020": 19.3, "pm25_2020": 13.88, "no2_2025": 12.39, "pm10_2025": 18.92, "pm25_2025": 13.5, "n_betrof": 27, "index_2020": 0.87, "index_no2": 0.38, "index_pm10": 0.48}, "geometry": {"type": "MultiLineString", "coordinates": [[[13.40054983, 52.45604705], [13.40069462, 52.45603589], [13.4009842, 52.45601346], [13.40105666, 52.45600787], [13.40112898, 52.45600229], [13.40127377, 52.45599112], [13.40149103, 52.45597436], [13.40170814, 52.45595752]]]}}, {"type": "Feature", "properties": {"id": "7198", "id1": "7198", "laenge": 114.06, "name": "Industriestr.", "dtv_2020": 2732, "dtv_2025": 2920, "no2_2020": 17.6, "pm10_2020": 19.72, "pm25_2020": 14.1, "no2_2025": 13.77, "pm10_2025": 19.36, "pm25_2025": 13.71, "n_betrof": 64, "index_2020": 0.93, "index_no2": 0.44, "index_pm10": 0.49}, "geometry": {"type": "MultiLineString", "coordinates": [[[13.40170814, 52.45595752], [13.40337328, 52.45582887]]]}}, {"type": "Feature", "properties": {"id": "7199", "id1": "7199", "laenge": 44.62, "name": "Industriestr.", "dtv_2020": 2732, "dtv_2025": 2920, "no2_2020": 16.99, "pm10_2020": 19.55, "pm25_2020": 14.01, "no2_2025": 13.51, "pm10_2025": 19.17, "pm25_2025": 13.63, "n_betrof": 12, "index_2020": 0.91, "index_no2": 0.42, "index_pm10": 0.48}, "geometry": {"type": "MultiLineString", "coordinates": [[[13.40337328, 52.45582887], [13.40402475, 52.45577841]]]}}, {"type": "Feature", "properties": {"id": "7211", "id1": "7211", "laenge": 147.24, "name": "Karl-Marx-Str.", "dtv_2020": 12382, "dtv_2025": 11103, "no2_2020": 25.54, "pm10_2020": 21.53, "pm25_2020": 15.24, "no2_2025": 17.36, "pm10_2025": 20.72, "pm25_2025": 14.58, "n_betrof": 143, "index_2020": 1.17, "index_no2": 0.63, "index_pm10": 0.53}, "geometry": {"type": "MultiLineString", "coordinates": [[[13.42459131, 52.48621945], [13.42517393, 52.4859563], [13.42569677, 52.48573786], [13.42634263, 52.48543958]]]}}, {"type": "Feature", "properties": {"id": "7212", "id1": "7212", "laenge": 27.28, "name": "Karl-Marx-Str.", "dtv_2020": 12382, "dtv_2025": 11103, "no2_2020": 19.04, "pm10_2020": 20.04, "pm25_2020": 14.37, "no2_2025": 14.13, "pm10_2025": 19.5, "pm25_2025": 13.9, "n_betrof": 28, "index_2020": 0.97, "index_no2": 0.47, "index_pm10": 0.5}, "geometry": {"type": "MultiLineString", "coordinates": [[[13.42634263, 52.48543958], [13.42667137, 52.48529866]]]}}, {"type": "Feature", "properties": {"id": "7213", "id1": "7213", "laenge": 21.86, "name": "Karl-Marx-Str.", "dtv_2020": 10487, "dtv_2025": 9151, "no2_2020": 18.53, "pm10_2020": 20.07, "pm25_2020": 14.4, "no2_2025": 13.97, "pm10_2025": 19.53, "pm25_2025": 13.93, "n_betrof": 24, "index_2020": 0.96, "index_no2": 0.46, "index_pm10": 0.5}, "geometry": {"type": "MultiLineString", "coordinates": [[[13.42891968, 52.48427047], [13.42917676, 52.48415224]]]}}, {"type": "Feature", "properties": {"id": "7214", "id1": "7214", "laenge": 180.33, "name": "Karl-Marx-Str.", "dtv_2020": 10487, "dtv_2025": 9151, "no2_2020": 24.52, "pm10_2020": 21.71, "pm25_2020": 15.19, "no2_2025": 17.08, "pm10_2025": 20.8, "pm25_2025": 14.53, "n_betrof": 193, "index_2020": 1.15, "index_no2": 0.61, "index_pm10": 0.54}, "geometry": {"type": "MultiLineString", "coordinates": [[[13.42917676, 52.48415224], [13.43014706, 52.48371188], [13.43130746, 52.48318493]]]}}, {"type": "Feature", "properties": {"id": "7215", "id1": "7215", "laenge": 186.77, "name": "Karl-Marx-Str.", "dtv_2020": 8499, "dtv_2025": 7952, "no2_2020": 23.32, "pm10_2020": 21.37, "pm25_2020": 15.0, "no2_2025": 16.61, "pm10_2025": 20.61, "pm25_2025": 14.43, "n_betrof": 222, "index_2020": 1.11, "index_no2": 0.58, "index_pm10": 0.53}, "geometry": {"type": "MultiLineString", "coordinates": [[[13.43145531, 52.48312323], [13.43238091, 52.48267992], [13.43315954, 52.48231441], [13.43332051, 52.48222726], [13.43359169, 52.48206812]]]}}, {"type": "Feature", "properties": {"id": "7216", "id1": "7216", "laenge": 19.32, "name": "Karl-Marx-Str.", "dtv_2020": 8499, "dtv_2025": 7952, "no2_2020": 18.87, "pm10_2020": 20.18, "pm25_2020": 14.44, "no2_2025": 14.14, "pm10_2025": 19.63, "pm25_2025": 13.97, "n_betrof": 17, "index_2020": 0.97, "index_no2": 0.47, "index_pm10": 0.5}, "geometry": {"type": "MultiLineString", "coordinates": [[[13.43359169, 52.48206812], [13.43376722, 52.48193144]]]}}, {"type": "Feature", "properties": {"id": "7217", "id1": "7217", "laenge": 68.47, "name": "Karl-Marx-Str.", "dtv_2020": 12537, "dtv_2025": 11653, "no2_2020": 24.06, "pm10_2020": 21.48, "pm25_2020": 15.0, "no2_2025": 16.39, "pm10_2025": 20.45, "pm25_2025": 14.39, "n_betrof": 75, "index_2020": 1.13, "index_no2": 0.6, "index_pm10": 0.53}, "geometry": {"type": "MultiLineString", "coordinates": [[[13.43385506, 52.4818631], [13.43390294, 52.48182534], [13.43404659, 52.48172807], [13.43414241, 52.48166317], [13.43419039, 52.48163072], [13.43428606, 52.4815659], [13.43452553, 52.48140363]]]}}, {"type": "Feature", "properties": {"id": "7218", "id1": "7218", "laenge": 51.35, "name": "Karl-Marx-Str.", "dtv_2020": 12537, "dtv_2025": 11653, "no2_2020": 19.89, "pm10_2020": 20.33, "pm25_2020": 14.42, "no2_2025": 14.25, "pm10_2025": 19.56, "pm25_2025": 13.9, "n_betrof": 81, "index_2020": 1.0, "index_no2": 0.49, "index_pm10": 0.5}, "geometry": {"type": "MultiLineString", "coordinates": [[[13.43452553, 52.48140363], [13.43473824, 52.48125665], [13.434782, 52.4812272], [13.4348256, 52.48119784], [13.43495685, 52.48110967], [13.43503163, 52.48106066]]]}}, {"type": "Feature", "properties": {"id": "7219", "id1": "7219", "laenge": 19.36, "name": "Karl-Marx-Str.", "dtv_2020": 12510, "dtv_2025": 11602, "no2_2020": 17.76, "pm10_2020": 19.78, "pm25_2020": 14.17, "no2_2025": 13.25, "pm10_2025": 19.18, "pm25_2025": 13.71, "n_betrof": 37, "index_2020": 0.93, "index_no2": 0.44, "index_pm10": 0.49}, "geometry": {"type": "MultiLineString", "coordinates": [[[13.43504658, 52.48105016], [13.43524669, 52.48092613]]]}}, {"type": "Feature", "properties": {"id": "7220", "id1": "7220", "laenge": 54.38, "name": "Karl-Marx-Str.", "dtv_2020": 6549, "dtv_2025": 5828, "no2_2020": 20.77, "pm10_2020": 20.69, "pm25_2020": 14.57, "no2_2025": 14.63, "pm10_2025": 20.04, "pm25_2025": 14.06, "n_betrof": 54, "index_2020": 1.03, "index_no2": 0.51, "index_pm10": 0.51}, "geometry": {"type": "MultiLineString", "coordinates": [[[13.43536364, 52.48081762], [13.43554742, 52.48068923], [13.43558944, 52.48065877], [13.43588327, 52.4804457]]]}}, {"type": "Feature", "properties": {"id": "7221", "id1": "7221", "laenge": 65.13, "name": "Karl-Marx-Str.", "dtv_2020": 6171, "dtv_2025": 5846, "no2_2020": 21.74, "pm10_2020": 20.93, "pm25_2020": 14.62, "no2_2025": 15.04, "pm10_2025": 20.26, "pm25_2025": 14.1, "n_betrof": 92, "index_2020": 1.06, "index_no2": 0.54, "index_pm10": 0.52}, "geometry": {"type": "MultiLineString", "coordinates": [[[13.43588327, 52.4804457], [13.43601316, 52.48037072], [13.43639406, 52.4800902], [13.43650835, 52.48000261]]]}}, {"type": "Feature", "properties": {"id": "7222", "id1": "7222", "laenge": 62.43, "name": "Karl-Marx-Str.", "dtv_2020": 6453, "dtv_2025": 6119, "no2_2020": 19.9, "pm10_2020": 20.41, "pm25_2020": 14.42, "no2_2025": 14.24, "pm10_2025": 19.82, "pm25_2025": 13.94, "n_betrof": 77, "index_2020": 1.0, "index_no2": 0.49, "index_pm10": 0.51}, "geometry": {"type": "MultiLineString", "coordinates": [[[13.43650835, 52.48000261], [13.43655941, 52.4799622], [13.43673606, 52.47984324], [13.43685296, 52.4797609], [13.43705115, 52.47961184], [13.4370905, 52.47956956]]]}}, {"type": "Feature", "properties": {"id": "7223", "id1": "7223", "laenge": 67.42, "name": "Karl-Marx-Str.", "dtv_2020": 7062, "dtv_2025": 6632, "no2_2020": 20.42, "pm10_2020": 20.57, "pm25_2020": 14.48, "no2_2025": 14.47, "pm10_2025": 19.95, "pm25_2025": 13.98, "n_betrof": 90, "index_2020": 1.02, "index_no2": 0.51, "index_pm10": 0.51}, "geometry": {"type": "MultiLineString", "coordinates": [[[13.4370905, 52.47956956], [13.43713876, 52.4795292], [13.43720586, 52.47945159], [13.43733153, 52.47928368], [13.4374275, 52.47913516], [13.43749219, 52.47901751]]]}}, {"type": "Feature", "properties": {"id": "7224", "id1": "7224", "laenge": 14.35, "name": "Karl-Marx-Str.", "dtv_2020": 7599, "dtv_2025": 5882, "no2_2020": 18.02, "pm10_2020": 20.21, "pm25_2020": 14.49, "no2_2025": 13.42, "pm10_2025": 19.57, "pm25_2025": 14.01, "n_betrof": 21, "index_2020": 0.95, "index_no2": 0.45, "index_pm10": 0.5}, "geometry": {"type": "MultiLineString", "coordinates": [[[13.43753962, 52.4789383], [13.43761691, 52.47881821]]]}}, {"type": "Feature", "properties": {"id": "7225", "id1": "7225", "laenge": 50.91, "name": "Karl-Marx-Str.", "dtv_2020": 7599, "dtv_2025": 5882, "no2_2020": 21.46, "pm10_2020": 21.17, "pm25_2020": 14.92, "no2_2025": 14.86, "pm10_2025": 20.19, "pm25_2025": 14.29, "n_betrof": 56, "index_2020": 1.06, "index_no2": 0.53, "index_pm10": 0.52}, "geometry": {"type": "MultiLineString", "coordinates": [[[13.43761691, 52.47881821], [13.43781113, 52.4785318], [13.43792966, 52.47840308]]]}}, {"type": "Feature", "properties": {"id": "7226", "id1": "7226", "laenge": 15.18, "name": "Karl-Marx-Str.", "dtv_2020": 7599, "dtv_2025": 5882, "no2_2020": 17.95, "pm10_2020": 20.18, "pm25_2020": 14.48, "no2_2025": 13.39, "pm10_2025": 19.55, "pm25_2025": 14.0, "n_betrof": 21, "index_2020": 0.95, "index_no2": 0.44, "index_pm10": 0.5}, "geometry": {"type": "MultiLineString", "coordinates": [[[13.43792966, 52.47840308], [13.43802066, 52.47827841]]]}}, {"type": "Feature", "properties": {"id": "7227", "id1": "7227", "laenge": 87.02, "name": "Karl-Marx-Str.", "dtv_2020": 7512, "dtv_2025": 6116, "no2_2020": 20.88, "pm10_2020": 21.03, "pm25_2020": 14.87, "no2_2025": 14.81, "pm10_2025": 20.16, "pm25_2025": 14.28, "n_betrof": 80, "index_2020": 1.04, "index_no2": 0.52, "index_pm10": 0.52}, "geometry": {"type": "MultiLineString", "coordinates": [[[13.43861804, 52.47745588], [13.43869805, 52.47733385], [13.43881363, 52.47720509], [13.43897178, 52.47697611], [13.43912305, 52.47673795]]]}}, {"type": "Feature", "properties": {"id": "7228", "id1": "7228", "laenge": 95.51, "name": "Karl-Marx-Str.", "dtv_2020": 7512, "dtv_2025": 6115, "no2_2020": 21.57, "pm10_2020": 21.24, "pm25_2020": 14.96, "no2_2025": 15.13, "pm10_2025": 20.29, "pm25_2025": 14.34, "n_betrof": 89, "index_2020": 1.07, "index_no2": 0.53, "index_pm10": 0.53}, "geometry": {"type": "MultiLineString", "coordinates": [[[13.43915888, 52.4766656], [13.43921264, 52.47655716], [13.43954693, 52.47584039]]]}}, {"type": "Feature", "properties": {"id": "7229", "id1": "7229", "laenge": 66.11, "name": "Karl-Marx-Str.", "dtv_2020": 7769, "dtv_2025": 6364, "no2_2020": 20.27, "pm10_2020": 20.87, "pm25_2020": 14.78, "no2_2025": 14.53, "pm10_2025": 20.04, "pm25_2025": 14.22, "n_betrof": 60, "index_2020": 1.02, "index_no2": 0.5, "index_pm10": 0.52}, "geometry": {"type": "MultiLineString", "coordinates": [[[13.43954693, 52.47584039], [13.43957283, 52.47578661], [13.43964619, 52.47561099], [13.43970624, 52.47548681], [13.43978874, 52.47526492]]]}}, {"type": "Feature", "properties": {"id": "7230", "id1": "7230", "laenge": 161.82, "name": "Karl-Marx-Str.", "dtv_2020": 7818, "dtv_2025": 6360, "no2_2020": 21.25, "pm10_2020": 20.95, "pm25_2020": 15.05, "no2_2025": 14.95, "pm10_2025": 20.08, "pm25_2025": 14.41, "n_betrof": 169, "index_2020": 1.05, "index_no2": 0.53, "index_pm10": 0.52}, "geometry": {"type": "MultiLineString", "coordinates": [[[13.43978874, 52.47526492], [13.43984528, 52.47510688], [13.43991648, 52.47493798], [13.4400031, 52.47475363], [13.44017474, 52.47446351], [13.44052259, 52.47388295]]]}}, {"type": "Feature", "properties": {"id": "7231", "id1": "7231", "laenge": 13.0, "name": "Karl-Marx-Str.", "dtv_2020": 7818, "dtv_2025": 6360, "no2_2020": 16.34, "pm10_2020": 19.73, "pm25_2020": 14.29, "no2_2025": 12.74, "pm10_2025": 19.24, "pm25_2025": 13.87, "n_betrof": 7, "index_2020": 0.9, "index_no2": 0.4, "index_pm10": 0.49}, "geometry": {"type": "MultiLineString", "coordinates": [[[13.44052259, 52.47388295], [13.44054142, 52.47384571], [13.4405791, 52.47377131]]]}}, {"type": "Feature", "properties": {"id": "7233", "id1": "7233", "laenge": 69.92, "name": "Karl-Marx-Str.", "dtv_2020": 6188, "dtv_2025": 5365, "no2_2020": 18.48, "pm10_2020": 20.41, "pm25_2020": 14.55, "no2_2025": 13.8, "pm10_2025": 19.79, "pm25_2025": 14.07, "n_betrof": 51, "index_2020": 0.97, "index_no2": 0.46, "index_pm10": 0.51}, "geometry": {"type": "MultiLineString", "coordinates": [[[13.44140365, 52.47101661], [13.44141073, 52.47097471], [13.44141781, 52.47093273], [13.44143196, 52.47084894], [13.44145318, 52.47072325], [13.44148163, 52.47055558], [13.44151671, 52.47039187]]]}}, {"type": "Feature", "properties": {"id": "7234", "id1": "7234", "laenge": 68.07, "name": "Karl-Marx-Str.", "dtv_2020": 7567, "dtv_2025": 6037, "no2_2020": 20.01, "pm10_2020": 20.86, "pm25_2020": 14.72, "no2_2025": 14.35, "pm10_2025": 20.07, "pm25_2025": 14.18, "n_betrof": 58, "index_2020": 1.02, "index_no2": 0.5, "index_pm10": 0.52}, "geometry": {"type": "MultiLineString", "coordinates": [[[13.44151671, 52.47039187], [13.44153098, 52.47031716], [13.44156947, 52.47021957], [13.44158318, 52.47013991], [13.4416246, 52.46990094], [13.44164237, 52.46978555]]]}}, {"type": "Feature", "properties": {"id": "7235", "id1": "7235", "laenge": 153.93, "name": "Karl-Marx-Str.", "dtv_2020": 13153, "dtv_2025": 10727, "no2_2020": 19.49, "pm10_2020": 20.73, "pm25_2020": 14.67, "no2_2025": 14.15, "pm10_2025": 20.04, "pm25_2025": 14.17, "n_betrof": 40, "index_2020": 1.0, "index_no2": 0.48, "index_pm10": 0.51}, "geometry": {"type": "MultiLineString", "coordinates": [[[13.44165436, 52.46970865], [13.44166556, 52.469625], [13.44169446, 52.46941121], [13.44171441, 52.46934252], [13.44183012, 52.46876753], [13.44184408, 52.46868068], [13.44185091, 52.46863734], [13.44185789, 52.46859392], [13.44189948, 52.46833337]]]}}, {"type": "Feature", "properties": {"id": "7236", "id1": "7236", "laenge": 41.73, "name": "Karl-Marx-Str.", "dtv_2020": 12533, "dtv_2025": 10454, "no2_2020": 28.38, "pm10_2020": 23.28, "pm25_2020": 15.72, "no2_2025": 17.75, "pm10_2025": 21.86, "pm25_2025": 14.92, "n_betrof": 38, "index_2020": 1.29, "index_no2": 0.7, "index_pm10": 0.58}, "geometry": {"type": "MultiLineString", "coordinates": [[[13.44192108, 52.46820544], [13.44196508, 52.46795175], [13.44198681, 52.46783245]]]}}, {"type": "Feature", "properties": {"id": "7237", "id1": "7237", "laenge": 14.14, "name": "Karl-Marx-Str.", "dtv_2020": 12533, "dtv_2025": 10454, "no2_2020": 20.17, "pm10_2020": 20.91, "pm25_2020": 14.76, "no2_2025": 14.46, "pm10_2025": 20.2, "pm25_2025": 14.25, "n_betrof": 7, "index_2020": 1.02, "index_no2": 0.5, "index_pm10": 0.52}, "geometry": {"type": "MultiLineString", "coordinates": [[[13.44198681, 52.46783245], [13.44199792, 52.46770547]]]}}, {"type": "Feature", "properties": {"id": "7238", "id1": "7238", "laenge": 48.04, "name": "Karl-Marx-Str.", "dtv_2020": 15492, "dtv_2025": 13469, "no2_2020": 27.54, "pm10_2020": 23.0, "pm25_2020": 15.69, "no2_2025": 17.55, "pm10_2025": 21.64, "pm25_2025": 14.93, "n_betrof": 35, "index_2020": 1.26, "index_no2": 0.68, "index_pm10": 0.57}, "geometry": {"type": "MultiLineString", "coordinates": [[[13.44201035, 52.4676203], [13.44201893, 52.46757744], [13.44209703, 52.46719167]]]}}, {"type": "Feature", "properties": {"id": "7239", "id1": "7239", "laenge": 33.74, "name": "Karl-Marx-Str.", "dtv_2020": 15492, "dtv_2025": 13469, "no2_2020": 19.89, "pm10_2020": 20.8, "pm25_2020": 14.74, "no2_2025": 14.46, "pm10_2025": 20.14, "pm25_2025": 14.26, "n_betrof": 22, "index_2020": 1.01, "index_no2": 0.49, "index_pm10": 0.52}, "geometry": {"type": "MultiLineString", "coordinates": [[[13.44209703, 52.46719167], [13.4421404, 52.46697664], [13.44215772, 52.46689064]]]}}, {"type": "Feature", "properties": {"id": "7240", "id1": "7240", "laenge": 111.07, "name": "Karl-Marx-Str.", "dtv_2020": 15492, "dtv_2025": 13469, "no2_2020": 26.58, "pm10_2020": 22.66, "pm25_2020": 15.55, "no2_2025": 17.26, "pm10_2025": 21.43, "pm25_2025": 14.84, "n_betrof": 76, "index_2020": 1.23, "index_no2": 0.66, "index_pm10": 0.56}, "geometry": {"type": "MultiLineString", "coordinates": [[[13.44215772, 52.46689064], [13.44225304, 52.46641752], [13.44235304, 52.46589934]]]}}, {"type": "Feature", "properties": {"id": "7241", "id1": "7241", "laenge": 14.51, "name": "Karl-Marx-Str.", "dtv_2020": 15492, "dtv_2025": 13469, "no2_2020": 20.59, "pm10_2020": 20.9, "pm25_2020": 14.8, "no2_2025": 15.02, "pm10_2025": 20.26, "pm25_2025": 14.32, "n_betrof": 22, "index_2020": 1.03, "index_no2": 0.51, "index_pm10": 0.52}, "geometry": {"type": "MultiLineString", "coordinates": [[[13.44235304, 52.46589934], [13.44237807, 52.46576974]]]}}, {"type": "Feature", "properties": {"id": "7242", "id1": "7242", "laenge": 85.8, "name": "Karl-Marx-Str.", "dtv_2020": 18987, "dtv_2025": 15860, "no2_2020": 23.04, "pm10_2020": 21.49, "pm25_2020": 15.09, "no2_2025": 16.4, "pm10_2025": 20.68, "pm25_2025": 14.53, "n_betrof": 40, "index_2020": 1.11, "index_no2": 0.57, "index_pm10": 0.53}, "geometry": {"type": "MultiLineString", "coordinates": [[[13.44237807, 52.46576974], [13.44242521, 52.46559369], [13.44246676, 52.46549264], [13.44253829, 52.4653722], [13.44260302, 52.46530247], [13.44263546, 52.46526765], [13.44273248, 52.46516311], [13.44282965, 52.46505856]]]}}, {"type": "Feature", "properties": {"id": "7243", "id1": "7243", "laenge": 19.95, "name": "Karl-Marx-Str.", "dtv_2020": 18420, "dtv_2025": 15651, "no2_2020": 23.05, "pm10_2020": 21.46, "pm25_2020": 15.06, "no2_2025": 16.38, "pm10_2025": 20.71, "pm25_2025": 14.52, "n_betrof": 21, "index_2020": 1.11, "index_no2": 0.57, "index_pm10": 0.53}, "geometry": {"type": "MultiLineString", "coordinates": [[[13.44282965, 52.46505856], [13.44297849, 52.46490389]]]}}, {"type": "Feature", "properties": {"id": "7244", "id1": "7244", "laenge": 79.78, "name": "Karl-Marx-Str.", "dtv_2020": 18420, "dtv_2025": 15651, "no2_2020": 28.9, "pm10_2020": 23.04, "pm25_2020": 15.77, "no2_2025": 19.05, "pm10_2025": 21.83, "pm25_2025": 15.04, "n_betrof": 39, "index_2020": 1.29, "index_no2": 0.72, "index_pm10": 0.57}, "geometry": {"type": "MultiLineString", "coordinates": [[[13.44297849, 52.46490389], [13.44357338, 52.46428559]]]}}, {"type": "Feature", "properties": {"id": "7245", "id1": "7245", "laenge": 60.8, "name": "Karl-Marx-Str.", "dtv_2020": 18704, "dtv_2025": 15608, "no2_2020": 32.87, "pm10_2020": 23.81, "pm25_2020": 16.12, "no2_2025": 21.03, "pm10_2025": 22.47, "pm25_2025": 15.31, "n_betrof": 48, "index_2020": 1.41, "index_no2": 0.82, "index_pm10": 0.59}, "geometry": {"type": "MultiLineString", "coordinates": [[[13.4436478, 52.46420834], [13.44372917, 52.46415511], [13.44384702, 52.46404418], [13.4438863, 52.4640072], [13.44408271, 52.4638225], [13.44414543, 52.46375553]]]}}, {"type": "Feature", "properties": {"id": "7246", "id1": "7246", "laenge": 84.8, "name": "Komturstr.", "dtv_2020": 7669, "dtv_2025": 8470, "no2_2020": 18.79, "pm10_2020": 20.12, "pm25_2020": 14.19, "no2_2025": 14.51, "pm10_2025": 19.84, "pm25_2025": 13.81, "n_betrof": 95, "index_2020": 0.97, "index_no2": 0.46, "index_pm10": 0.5}, "geometry": {"type": "MultiLineString", "coordinates": [[[13.39997355, 52.45790825], [13.40002796, 52.45835207], [13.40006052, 52.45858269], [13.4000773, 52.45866788]]]}}, {"type": "Feature", "properties": {"id": "7247", "id1": "7247", "laenge": 14.3, "name": "Komturstr.", "dtv_2020": 7669, "dtv_2025": 8470, "no2_2020": 15.88, "pm10_2020": 19.27, "pm25_2020": 13.82, "no2_2025": 12.5, "pm10_2025": 18.9, "pm25_2025": 13.44, "n_betrof": 19, "index_2020": 0.87, "index_no2": 0.39, "index_pm10": 0.48}, "geometry": {"type": "MultiLineString", "coordinates": [[[13.4000773, 52.45866788], [13.40010255, 52.45879553]]]}}, {"type": "Feature", "properties": {"id": "7248", "id1": "7248", "laenge": 177.99, "name": "Lahnstr.", "dtv_2020": 14160, "dtv_2025": 12937, "no2_2020": 37.82, "pm10_2020": 25.11, "pm25_2020": 16.7, "no2_2025": 23.2, "pm10_2025": 23.78, "pm25_2025": 15.84, "n_betrof": 142, "index_2020": 1.57, "index_no2": 0.94, "index_pm10": 0.62}, "geometry": {"type": "MultiLineString", "coordinates": [[[13.44213193, 52.46770858], [13.44235039, 52.46774643], [13.44299615, 52.46782812], [13.44378062, 52.46790471], [13.44470771, 52.46799522]]]}}, {"type": "Feature", "properties": {"id": "7249", "id1": "7249", "laenge": 24.61, "name": "Lahnstr.", "dtv_2020": 14777, "dtv_2025": 10657, "no2_2020": 20.03, "pm10_2020": 20.73, "pm25_2020": 14.72, "no2_2025": 14.14, "pm10_2025": 19.97, "pm25_2025": 14.18, "n_betrof": 21, "index_2020": 1.01, "index_no2": 0.5, "index_pm10": 0.51}, "geometry": {"type": "MultiLineString", "coordinates": [[[13.44470771, 52.46799522], [13.44506287, 52.46803909]]]}}, {"type": "Feature", "properties": {"id": "7250", "id1": "7250", "laenge": 158.12, "name": "Lahnstr.", "dtv_2020": 14777, "dtv_2025": 10657, "no2_2020": 31.07, "pm10_2020": 23.55, "pm25_2020": 16.14, "no2_2025": 18.06, "pm10_2025": 21.67, "pm25_2025": 15.08, "n_betrof": 144, "index_2020": 1.36, "index_no2": 0.77, "index_pm10": 0.58}, "geometry": {"type": "MultiLineString", "coordinates": [[[13.44506287, 52.46803909], [13.44735594, 52.46828221]]]}}, {"type": "Feature", "properties": {"id": "7251", "id1": "7251", "laenge": 49.4, "name": "Lahnstr.", "dtv_2020": 14777, "dtv_2025": 10657, "no2_2020": 26.51, "pm10_2020": 22.33, "pm25_2020": 15.51, "no2_2025": 16.35, "pm10_2025": 20.91, "pm25_2025": 14.67, "n_betrof": 34, "index_2020": 1.22, "index_no2": 0.66, "index_pm10": 0.55}, "geometry": {"type": "MultiLineString", "coordinates": [[[13.44742767, 52.46828981], [13.44814417, 52.46836575]]]}}, {"type": "Feature", "properties": {"id": "7252", "id1": "7252", "laenge": 123.68, "name": "Lahnstr.", "dtv_2020": 13487, "dtv_2025": 12228, "no2_2020": 18.91, "pm10_2020": 20.69, "pm25_2020": 14.7, "no2_2025": 14.34, "pm10_2025": 20.21, "pm25_2025": 14.28, "n_betrof": 41, "index_2020": 0.99, "index_no2": 0.47, "index_pm10": 0.51}, "geometry": {"type": "MultiLineString", "coordinates": [[[13.44828747, 52.46838093], [13.44993153, 52.46857629], [13.45007448, 52.46859327]]]}}, {"type": "Feature", "properties": {"id": "7253", "id1": "7253", "laenge": 113.4, "name": "Lahnstr.", "dtv_2020": 13406, "dtv_2025": 12821, "no2_2020": 18.14, "pm10_2020": 20.41, "pm25_2020": 14.55, "no2_2025": 13.97, "pm10_2025": 19.99, "pm25_2025": 14.15, "n_betrof": 12, "index_2020": 0.96, "index_no2": 0.45, "index_pm10": 0.51}, "geometry": {"type": "MultiLineString", "coordinates": [[[13.45014602, 52.46860176], [13.45052789, 52.46864434], [13.45085665, 52.46868596], [13.4511854, 52.46872767], [13.45163902, 52.46879403], [13.45177915, 52.46881151]]]}}, {"type": "Feature", "properties": {"id": "7254", "id1": "7254", "laenge": 43.7, "name": "Lahnstr.", "dtv_2020": 13406, "dtv_2025": 12821, "no2_2020": 23.98, "pm10_2020": 21.73, "pm25_2020": 15.26, "no2_2025": 16.99, "pm10_2025": 21.16, "pm25_2025": 14.76, "n_betrof": 20, "index_2020": 1.14, "index_no2": 0.59, "index_pm10": 0.54}, "geometry": {"type": "MultiLineString", "coordinates": [[[13.45177915, 52.46881151], [13.45240944, 52.46889016]]]}}, {"type": "Feature", "properties": {"id": "7255", "id1": "7255", "laenge": 115.75, "name": "Lahnstr.", "dtv_2020": 13406, "dtv_2025": 12821, "no2_2020": 21.51, "pm10_2020": 21.09, "pm25_2020": 14.91, "no2_2025": 15.7, "pm10_2025": 20.61, "pm25_2025": 14.46, "n_betrof": 84, "index_2020": 1.06, "index_no2": 0.53, "index_pm10": 0.52}, "geometry": {"type": "MultiLineString", "coordinates": [[[13.45240944, 52.46889016], [13.45338673, 52.46901533], [13.45380546, 52.469069], [13.45407382, 52.4691118]]]}}, {"type": "Feature", "properties": {"id": "7319", "id1": "7319", "laenge": 119.4, "name": "Naumburger Str.", "dtv_2020": 7595, "dtv_2025": 5061, "no2_2020": 21.84, "pm10_2020": 21.24, "pm25_2020": 14.85, "no2_2025": 15.36, "pm10_2025": 20.45, "pm25_2025": 14.32, "n_betrof": 57, "index_2020": 1.07, "index_no2": 0.54, "index_pm10": 0.53}, "geometry": {"type": "MultiLineString", "coordinates": [[[13.44714964, 52.46574501], [13.44722401, 52.4656772], [13.44743991, 52.46546128], [13.44751178, 52.46538931], [13.44769221, 52.465215], [13.44776429, 52.46514537], [13.44780041, 52.46511051], [13.44794472, 52.46497106], [13.44808053, 52.46483474]]]}}, {"type": "Feature", "properties": {"id": "7320", "id1": "7320", "laenge": 58.45, "name": "Naumburger Str.", "dtv_2020": 7595, "dtv_2025": 5061, "no2_2020": 25.41, "pm10_2020": 22.47, "pm25_2020": 15.29, "no2_2025": 16.17, "pm10_2025": 21.01, "pm25_2025": 14.53, "n_betrof": 37, "index_2020": 1.19, "index_no2": 0.63, "index_pm10": 0.56}, "geometry": {"type": "MultiLineString", "coordinates": [[[13.44474437, 52.46795758], [13.44518398, 52.46750589]]]}}, {"type": "Feature", "properties": {"id": "7321", "id1": "7321", "laenge": 38.66, "name": "Naumburger Str.", "dtv_2020": 7595, "dtv_2025": 5061, "no2_2020": 20.96, "pm10_2020": 20.89, "pm25_2020": 14.77, "no2_2025": 15.54, "pm10_2025": 20.41, "pm25_2025": 14.34, "n_betrof": 15, "index_2020": 1.04, "index_no2": 0.52, "index_pm10": 0.52}, "geometry": {"type": "MultiLineString", "coordinates": [[[13.44808053, 52.46483474], [13.44817196, 52.46472544], [13.4482181, 52.46466086], [13.44826424, 52.46459637], [13.44831804, 52.46451912]]]}}, {"type": "Feature", "properties": {"id": "7322", "id1": "7322", "laenge": 41.23, "name": "Naumburger Str.", "dtv_2020": 7595, "dtv_2025": 5061, "no2_2020": 18.56, "pm10_2020": 20.49, "pm25_2020": 14.59, "no2_2025": 13.96, "pm10_2025": 19.96, "pm25_2025": 14.16, "n_betrof": 15, "index_2020": 0.97, "index_no2": 0.46, "index_pm10": 0.51}, "geometry": {"type": "MultiLineString", "coordinates": [[[13.44518398, 52.46750589], [13.4452573, 52.46743061], [13.44533047, 52.46735542], [13.44550583, 52.46719175]]]}}, {"type": "Feature", "properties": {"id": "7323", "id1": "7323", "laenge": 191.69, "name": "Naumburger Str.", "dtv_2020": 7595, "dtv_2025": 5061, "no2_2020": 20.09, "pm10_2020": 20.92, "pm25_2020": 14.77, "no2_2025": 14.66, "pm10_2025": 20.28, "pm25_2025": 14.29, "n_betrof": 74, "index_2020": 1.02, "index_no2": 0.5, "index_pm10": 0.52}, "geometry": {"type": "MultiLineString", "coordinates": [[[13.44550583, 52.46719175], [13.44567779, 52.46706202], [13.44584989, 52.4669322], [13.44602185, 52.46680247], [13.44635534, 52.4665293], [13.44654345, 52.46634188], [13.447038, 52.46584667], [13.44711238, 52.46577886]]]}}, {"type": "Feature", "properties": {"id": "7356", "id1": "7356", "laenge": 103.94, "name": "Neuköllnische Allee", "dtv_2020": 15683, "dtv_2025": 17758, "no2_2020": 20.86, "pm10_2020": 21.11, "pm25_2020": 14.75, "no2_2025": 16.41, "pm10_2025": 20.99, "pm25_2025": 14.44, "n_betrof": 50, "index_2020": 1.04, "index_no2": 0.52, "index_pm10": 0.52}, "geometry": {"type": "MultiLineString", "coordinates": [[[13.45651733, 52.46911035], [13.45676437, 52.46910611], [13.45716398, 52.46908795], [13.45730206, 52.46907995], [13.45761562, 52.46905095], [13.45803506, 52.46900463]]]}}, {"type": "Feature", "properties": {"id": "7357", "id1": "7357", "laenge": 176.99, "name": "Neuköllnische Allee", "dtv_2020": 15683, "dtv_2025": 17758, "no2_2020": 18.39, "pm10_2020": 20.56, "pm25_2020": 14.56, "no2_2025": 15.28, "pm10_2025": 20.55, "pm25_2025": 14.33, "n_betrof": 6, "index_2020": 0.97, "index_no2": 0.45, "index_pm10": 0.51}, "geometry": {"type": "MultiLineString", "coordinates": [[[13.45803506, 52.46900463], [13.45834898, 52.4689403], [13.4584117, 52.46892745], [13.45859909, 52.46888179], [13.45898959, 52.46877449], [13.45917571, 52.46870625], [13.45929993, 52.46866075], [13.45974548, 52.4684737], [13.46008312, 52.46833685], [13.46030816, 52.46824564]]]}}, {"type": "Feature", "properties": {"id": "7358", "id1": "7358", "laenge": 41.37, "name": "Neuköllnische Allee", "dtv_2020": 13785, "dtv_2025": 13731, "no2_2020": 18.88, "pm10_2020": 20.61, "pm25_2020": 14.56, "no2_2025": 15.27, "pm10_2025": 20.51, "pm25_2025": 14.28, "n_betrof": 42, "index_2020": 0.98, "index_no2": 0.47, "index_pm10": 0.51}, "geometry": {"type": "MultiLineString", "coordinates": [[[13.46074708, 52.46805436], [13.46086559, 52.46801202], [13.46108559, 52.46790079], [13.46122541, 52.46782582]]]}}, {"type": "Feature", "properties": {"id": "7359", "id1": "7359", "laenge": 44.2, "name": "Neuköllnische Allee", "dtv_2020": 13785, "dtv_2025": 13731, "no2_2020": 24.51, "pm10_2020": 22.32, "pm25_2020": 15.27, "no2_2025": 18.48, "pm10_2025": 22.08, "pm25_2025": 14.89, "n_betrof": 15, "index_2020": 1.17, "index_no2": 0.61, "index_pm10": 0.55}, "geometry": {"type": "MultiLineString", "coordinates": [[[13.46133173, 52.46776589], [13.46180973, 52.46749635]]]}}, {"type": "Feature", "properties": {"id": "7360", "id1": "7360", "laenge": 113.5, "name": "Neuköllnische Allee", "dtv_2020": 13785, "dtv_2025": 13731, "no2_2020": 20.43, "pm10_2020": 21.08, "pm25_2020": 14.77, "no2_2025": 15.88, "pm10_2025": 20.83, "pm25_2025": 14.42, "n_betrof": 39, "index_2020": 1.03, "index_no2": 0.51, "index_pm10": 0.52}, "geometry": {"type": "MultiLineString", "coordinates": [[[13.46180973, 52.46749635], [13.46186289, 52.46746638], [13.46244719, 52.4671369], [13.46282391, 52.46692601], [13.46303921, 52.46680554]]]}}, {"type": "Feature", "properties": {"id": "7361", "id1": "7361", "laenge": 54.55, "name": "Neuköllnische Allee", "dtv_2020": 13785, "dtv_2025": 13731, "no2_2020": 18.7, "pm10_2020": 20.5, "pm25_2020": 14.52, "no2_2025": 14.68, "pm10_2025": 20.19, "pm25_2025": 14.16, "n_betrof": 42, "index_2020": 0.98, "index_no2": 0.46, "index_pm10": 0.51}, "geometry": {"type": "MultiLineString", "coordinates": [[[13.46314686, 52.46674526], [13.46373872, 52.46641381]]]}}, {"type": "Feature", "properties": {"id": "7362", "id1": "7362", "laenge": 104.59, "name": "Neuköllnische Allee", "dtv_2020": 14216, "dtv_2025": 12085, "no2_2020": 21.23, "pm10_2020": 21.16, "pm25_2020": 14.76, "no2_2025": 15.42, "pm10_2025": 20.56, "pm25_2025": 14.28, "n_betrof": 69, "index_2020": 1.05, "index_no2": 0.53, "index_pm10": 0.52}, "geometry": {"type": "MultiLineString", "coordinates": [[[13.46373872, 52.46641381], [13.46411247, 52.4661991], [13.46480661, 52.46580037], [13.46486009, 52.46576968]]]}}, {"type": "Feature", "properties": {"id": "7363", "id1": "7363", "laenge": 59.76, "name": "Neuköllnische Allee", "dtv_2020": 14216, "dtv_2025": 12085, "no2_2020": 25.2, "pm10_2020": 22.3, "pm25_2020": 15.22, "no2_2025": 17.34, "pm10_2025": 21.45, "pm25_2025": 14.62, "n_betrof": 21, "index_2020": 1.18, "index_no2": 0.63, "index_pm10": 0.55}, "geometry": {"type": "MultiLineString", "coordinates": [[[13.46486009, 52.46576968], [13.46550075, 52.46540154]]]}}, {"type": "Feature", "properties": {"id": "7364", "id1": "7364", "laenge": 29.87, "name": "Neuköllnische Allee", "dtv_2020": 14216, "dtv_2025": 12085, "no2_2020": 21.5, "pm10_2020": 20.26, "pm25_2020": 14.41, "no2_2025": 17.38, "pm10_2025": 19.81, "pm25_2025": 14.0, "n_betrof": 17, "index_2020": 1.04, "index_no2": 0.53, "index_pm10": 0.5}, "geometry": {"type": "MultiLineString", "coordinates": [[[13.46550075, 52.46540154], [13.465821, 52.46521751]]]}}, {"type": "Feature", "properties": {"id": "7365", "id1": "7365", "laenge": 54.94, "name": "Neuköllnische Allee", "dtv_2020": 7067, "dtv_2025": 3329, "no2_2020": 20.73, "pm10_2020": 20.77, "pm25_2020": 14.66, "no2_2025": 15.06, "pm10_2025": 19.81, "pm25_2025": 14.04, "n_betrof": 28, "index_2020": 1.03, "index_no2": 0.51, "index_pm10": 0.51}, "geometry": {"type": "MultiLineString", "coordinates": [[[13.46608822, 52.465064], [13.46667719, 52.46472557]]]}}, {"type": "Feature", "properties": {"id": "7366", "id1": "7366", "laenge": 101.93, "name": "Neuköllnische Allee", "dtv_2020": 7067, "dtv_2025": 3329, "no2_2020": 18.59, "pm10_2020": 20.37, "pm25_2020": 14.5, "no2_2025": 13.96, "pm10_2025": 19.67, "pm25_2025": 13.99, "n_betrof": 43, "index_2020": 0.97, "index_no2": 0.46, "index_pm10": 0.5}, "geometry": {"type": "MultiLineString", "coordinates": [[[13.46673067, 52.46469479], [13.46731963, 52.46435627], [13.46744583, 52.46426602], [13.46757188, 52.46417576], [13.46777551, 52.46403877]]]}}, {"type": "Feature", "properties": {"id": "7367", "id1": "7367", "laenge": 230.67, "name": "Neuköllnische Allee", "dtv_2020": 6827, "dtv_2025": 3631, "no2_2020": 17.6, "pm10_2020": 19.96, "pm25_2020": 14.22, "no2_2025": 13.38, "pm10_2025": 19.33, "pm25_2025": 13.75, "n_betrof": 107, "index_2020": 0.93, "index_no2": 0.44, "index_pm10": 0.49}, "geometry": {"type": "MultiLineString", "coordinates": [[[13.46777551, 52.46403877], [13.46787545, 52.46397982], [13.46792534, 52.46395044], [13.46802528, 52.46389149], [13.46842473, 52.46365597], [13.46852452, 52.46359712], [13.4689585, 52.4633544], [13.46917557, 52.46323304], [13.46928396, 52.46317232], [13.46950102, 52.46305096], [13.46960955, 52.46299033], [13.47026044, 52.46262625]]]}}, {"type": "Feature", "properties": {"id": "7368", "id1": "7368", "laenge": 145.66, "name": "Neuköllnische Allee", "dtv_2020": 6772, "dtv_2025": 3248, "no2_2020": 17.77, "pm10_2020": 19.87, "pm25_2020": 14.22, "no2_2025": 13.79, "pm10_2025": 19.28, "pm25_2025": 13.76, "n_betrof": 40, "index_2020": 0.94, "index_no2": 0.44, "index_pm10": 0.49}, "geometry": {"type": "MultiLineString", "coordinates": [[[13.47043769, 52.46253647], [13.47075442, 52.46235095], [13.47091293, 52.46225823], [13.47101726, 52.46219979], [13.47138278, 52.46199529], [13.47143501, 52.46196603], [13.4714871, 52.46193685], [13.47190485, 52.46170308], [13.47200784, 52.46164516]]]}}, {"type": "Feature", "properties": {"id": "7369", "id1": "7369", "laenge": 62.97, "name": "Neuköllnische Allee", "dtv_2020": 6967, "dtv_2025": 3301, "no2_2020": 19.52, "pm10_2020": 20.15, "pm25_2020": 14.42, "no2_2025": 15.29, "pm10_2025": 19.49, "pm25_2025": 13.93, "n_betrof": 22, "index_2020": 0.99, "index_no2": 0.48, "index_pm10": 0.5}, "geometry": {"type": "MultiLineString", "coordinates": [[[13.47211208, 52.46158483], [13.47221729, 52.46152217], [13.47226989, 52.46149085], [13.47253291, 52.46133411], [13.47278715, 52.46119722]]]}}, {"type": "Feature", "properties": {"id": "7370", "id1": "7370", "laenge": 91.04, "name": "Neuköllnische Allee", "dtv_2020": 4538, "dtv_2025": 2647, "no2_2020": 18.7, "pm10_2020": 19.93, "pm25_2020": 14.29, "no2_2025": 14.7, "pm10_2025": 19.35, "pm25_2025": 13.84, "n_betrof": 26, "index_2020": 0.96, "index_no2": 0.46, "index_pm10": 0.49}, "geometry": {"type": "MultiLineString", "coordinates": [[[13.47278715, 52.46119722], [13.47288547, 52.46114644], [13.47293462, 52.46112109], [13.47303279, 52.4610703], [13.47340791, 52.46086007], [13.47378302, 52.46064994]]]}}, {"type": "Feature", "properties": {"id": "7371", "id1": "7371", "laenge": 14.81, "name": "Neuköllnische Allee", "dtv_2020": 4538, "dtv_2025": 2647, "no2_2020": 17.75, "pm10_2020": 19.68, "pm25_2020": 14.18, "no2_2025": 14.27, "pm10_2025": 19.21, "pm25_2025": 13.77, "n_betrof": 5, "index_2020": 0.93, "index_no2": 0.44, "index_pm10": 0.49}, "geometry": {"type": "MultiLineString", "coordinates": [[[13.47378302, 52.46064994], [13.47394363, 52.46055985]]]}}, {"type": "Feature", "properties": {"id": "7372", "id1": "7372", "laenge": 88.6, "name": "Neuköllnische Allee", "dtv_2020": 4538, "dtv_2025": 2647, "no2_2020": 17.28, "pm10_2020": 19.64, "pm25_2020": 14.13, "no2_2025": 13.79, "pm10_2025": 19.16, "pm25_2025": 13.73, "n_betrof": 13, "index_2020": 0.92, "index_no2": 0.43, "index_pm10": 0.49}, "geometry": {"type": "MultiLineString", "coordinates": [[[13.47404759, 52.46050752], [13.47429874, 52.46039576], [13.47441858, 52.46035262], [13.47459833, 52.46028778], [13.47477828, 52.46024721], [13.47495837, 52.46020664], [13.47521882, 52.4601922]]]}}, {"type": "Feature", "properties": {"id": "7374", "id1": "7374", "laenge": 54.87, "name": "Niemetzstr.", "dtv_2020": 11116, "dtv_2025": 10378, "no2_2020": 22.14, "pm10_2020": 21.52, "pm25_2020": 14.98, "no2_2025": 16.27, "pm10_2025": 20.92, "pm25_2025": 14.49, "n_betrof": 25, "index_2020": 1.09, "index_no2": 0.55, "index_pm10": 0.53}, "geometry": {"type": "MultiLineString", "coordinates": [[[13.45267605, 52.47054414], [13.45309498, 52.47012236]]]}}, {"type": "Feature", "properties": {"id": "7375", "id1": "7375", "laenge": 123.21, "name": "Niemetzstr.", "dtv_2020": 11116, "dtv_2025": 10378, "no2_2020": 19.24, "pm10_2020": 20.75, "pm25_2020": 14.66, "no2_2025": 14.68, "pm10_2025": 20.3, "pm25_2025": 14.24, "n_betrof": 45, "index_2020": 0.99, "index_no2": 0.48, "index_pm10": 0.51}, "geometry": {"type": "MultiLineString", "coordinates": [[[13.45309498, 52.47012236], [13.45374236, 52.46947052], [13.45381852, 52.46939384], [13.45393282, 52.46927872], [13.45405771, 52.46918495]]]}}, {"type": "Feature", "properties": {"id": "7376", "id1": "7376", "laenge": 222.98, "name": "Nobelstr.", "dtv_2020": 2446, "dtv_2025": 2183, "no2_2020": 18.52, "pm10_2020": 20.0, "pm25_2020": 14.36, "no2_2025": 14.25, "pm10_2025": 19.59, "pm25_2025": 13.96, "n_betrof": 145, "index_2020": 0.96, "index_no2": 0.46, "index_pm10": 0.5}, "geometry": {"type": "MultiLineString", "coordinates": [[[13.46111374, 52.46072915], [13.46286955, 52.46067637], [13.4630869, 52.46066966], [13.46388393, 52.46064513], [13.46417377, 52.46063622], [13.46439111, 52.46062951]]]}}, {"type": "Feature", "properties": {"id": "7377", "id1": "7377", "laenge": 160.12, "name": "Nobelstr.", "dtv_2020": 2446, "dtv_2025": 2183, "no2_2020": 17.52, "pm10_2020": 19.82, "pm25_2020": 14.27, "no2_2025": 13.75, "pm10_2025": 19.41, "pm25_2025": 13.88, "n_betrof": 66, "index_2020": 0.93, "index_no2": 0.43, "index_pm10": 0.49}, "geometry": {"type": "MultiLineString", "coordinates": [[[13.46439111, 52.46062951], [13.46526049, 52.46060276], [13.46533284, 52.46060056], [13.46547784, 52.46059605], [13.46554826, 52.46059427], [13.46568895, 52.4605907], [13.46674512, 52.46056394]]]}}, {"type": "Feature", "properties": {"id": "7378", "id1": "7378", "laenge": 158.83, "name": "Nobelstr.", "dtv_2020": 2842, "dtv_2025": 1355, "no2_2020": 18.35, "pm10_2020": 19.9, "pm25_2020": 14.34, "no2_2025": 14.31, "pm10_2025": 19.36, "pm25_2025": 13.9, "n_betrof": 93, "index_2020": 0.95, "index_no2": 0.45, "index_pm10": 0.49}, "geometry": {"type": "MultiLineString", "coordinates": [[[13.46695339, 52.46055981], [13.46743932, 52.46055019], [13.46928857, 52.46049762]]]}}, {"type": "Feature", "properties": {"id": "7379", "id1": "7379", "laenge": 167.39, "name": "Nobelstr.", "dtv_2020": 2842, "dtv_2025": 1355, "no2_2020": 38.18, "pm10_2020": 30.74, "pm25_2020": 24.31, "no2_2025": 34.09, "pm10_2025": 23.57, "pm25_2025": 17.78, "n_betrof": 137, "index_2020": 1.72, "index_no2": 0.95, "index_pm10": 0.76}, "geometry": {"type": "MultiLineString", "coordinates": [[[13.46942766, 52.46049376], [13.47035408, 52.4604687], [13.47127901, 52.46044751]]]}}, {"type": "Feature", "properties": {"id": "7380", "id1": "7380", "laenge": 65.68, "name": "Oberlandstr.", "dtv_2020": 19715, "dtv_2025": 19311, "no2_2020": 20.37, "pm10_2020": 20.49, "pm25_2020": 14.32, "no2_2025": 14.83, "pm10_2025": 20.0, "pm25_2025": 13.87, "n_betrof": 49, "index_2020": 1.02, "index_no2": 0.5, "index_pm10": 0.51}, "geometry": {"type": "MultiLineString", "coordinates": [[[13.4009217, 52.46373754], [13.40115216, 52.46366207], [13.40145621, 52.46357888], [13.40181192, 52.4635123]]]}}, {"type": "Feature", "properties": {"id": "7383", "id1": "7383", "laenge": 46.56, "name": "Oberlandstr.", "dtv_2020": 12366, "dtv_2025": 11601, "no2_2020": 22.43, "pm10_2020": 20.79, "pm25_2020": 14.51, "no2_2025": 16.16, "pm10_2025": 20.28, "pm25_2025": 14.05, "n_betrof": 17, "index_2020": 1.08, "index_no2": 0.56, "index_pm10": 0.51}, "geometry": {"type": "MultiLineString", "coordinates": [[[13.40408448, 52.4634591], [13.40475414, 52.46354797]]]}}, {"type": "Feature", "properties": {"id": "7384", "id1": "7384", "laenge": 49.58, "name": "Oberlandstr.", "dtv_2020": 12366, "dtv_2025": 11601, "no2_2020": 23.8, "pm10_2020": 21.71, "pm25_2020": 14.94, "no2_2025": 16.65, "pm10_2025": 21.04, "pm25_2025": 14.41, "n_betrof": 25, "index_2020": 1.13, "index_no2": 0.59, "index_pm10": 0.54}, "geometry": {"type": "MultiLineString", "coordinates": [[[13.41110265, 52.46421004], [13.41117468, 52.46421712], [13.41182319, 52.46428068]]]}}, {"type": "Feature", "properties": {"id": "7385", "id1": "7385", "laenge": 108.75, "name": "Oberlandstr.", "dtv_2020": 12366, "dtv_2025": 11601, "no2_2020": 20.96, "pm10_2020": 20.97, "pm25_2020": 14.65, "no2_2025": 15.28, "pm10_2025": 20.42, "pm25_2025": 14.18, "n_betrof": 31, "index_2020": 1.04, "index_no2": 0.52, "index_pm10": 0.52}, "geometry": {"type": "MultiLineString", "coordinates": [[[13.41189522, 52.46428776], [13.41211129, 52.46430891], [13.41217994, 52.46431568], [13.41272931, 52.46436917], [13.41293526, 52.46438929], [13.41327853, 52.46442276], [13.41347567, 52.46444231]]]}}, {"type": "Feature", "properties": {"id": "7386", "id1": "7386", "laenge": 192.29, "name": "Oberlandstr.", "dtv_2020": 12366, "dtv_2025": 11601, "no2_2020": 21.84, "pm10_2020": 20.94, "pm25_2020": 14.64, "no2_2025": 15.71, "pm10_2025": 20.4, "pm25_2025": 14.17, "n_betrof": 88, "index_2020": 1.06, "index_no2": 0.54, "index_pm10": 0.52}, "geometry": {"type": "MultiLineString", "coordinates": [[[13.40524009, 52.46362448], [13.40544838, 52.46365732], [13.40598389, 52.46371093], [13.40704157, 52.46381662], [13.40802885, 52.46391533]]]}}, {"type": "Feature", "properties": {"id": "7387", "id1": "7387", "laenge": 147.22, "name": "Oberlandstr.", "dtv_2020": 12366, "dtv_2025": 11601, "no2_2020": 25.76, "pm10_2020": 22.25, "pm25_2020": 15.18, "no2_2025": 17.75, "pm10_2025": 21.54, "pm25_2025": 14.61, "n_betrof": 69, "index_2020": 1.2, "index_no2": 0.64, "index_pm10": 0.55}, "geometry": {"type": "MultiLineString", "coordinates": [[[13.40824125, 52.46393626], [13.40874078, 52.46398362], [13.41038226, 52.4641394]]]}}, {"type": "Feature", "properties": {"id": "7388", "id1": "7388", "laenge": 44.61, "name": "Oberlandstr.", "dtv_2020": 12366, "dtv_2025": 11601, "no2_2020": 19.21, "pm10_2020": 20.37, "pm25_2020": 14.38, "no2_2025": 14.33, "pm10_2025": 19.88, "pm25_2025": 13.95, "n_betrof": 17, "index_2020": 0.98, "index_no2": 0.48, "index_pm10": 0.5}, "geometry": {"type": "MultiLineString", "coordinates": [[[13.41045429, 52.46414648], [13.41095861, 52.46419587], [13.41103063, 52.46420296], [13.41110265, 52.46421004]]]}}, {"type": "Feature", "properties": {"id": "7389", "id1": "7389", "laenge": 17.66, "name": "Oberlandstr.", "dtv_2020": 12366, "dtv_2025": 11601, "no2_2020": 21.06, "pm10_2020": 20.92, "pm25_2020": 14.65, "no2_2025": 15.25, "pm10_2025": 20.34, "pm25_2025": 14.18, "n_betrof": 6, "index_2020": 1.04, "index_no2": 0.52, "index_pm10": 0.52}, "geometry": {"type": "MultiLineString", "coordinates": [[[13.41347567, 52.46444231], [13.41373272, 52.46446625]]]}}, {"type": "Feature", "properties": {"id": "7390", "id1": "7390", "laenge": 68.06, "name": "Oberlandstr.", "dtv_2020": 12366, "dtv_2025": 11601, "no2_2020": 27.74, "pm10_2020": 22.75, "pm25_2020": 15.49, "no2_2025": 18.6, "pm10_2025": 21.85, "pm25_2025": 14.87, "n_betrof": 37, "index_2020": 1.26, "index_no2": 0.69, "index_pm10": 0.56}, "geometry": {"type": "MultiLineString", "coordinates": [[[13.41373272, 52.46446625], [13.41425387, 52.46451433], [13.41472256, 52.46456018]]]}}, {"type": "Feature", "properties": {"id": "7391", "id1": "7391", "laenge": 72.92, "name": "Oberlandstr.", "dtv_2020": 12366, "dtv_2025": 11601, "no2_2020": 24.01, "pm10_2020": 21.72, "pm25_2020": 15.12, "no2_2025": 16.77, "pm10_2025": 21.01, "pm25_2025": 14.58, "n_betrof": 33, "index_2020": 1.14, "index_no2": 0.6, "index_pm10": 0.54}, "geometry": {"type": "MultiLineString", "coordinates": [[[13.41512439, 52.4645982], [13.41532528, 52.46461609], [13.41546862, 52.46462952], [13.41618546, 52.46469684]]]}}, {"type": "Feature", "properties": {"id": "7392", "id1": "7392", "laenge": 14.78, "name": "Oberlandstr.", "dtv_2020": 12366, "dtv_2025": 11601, "no2_2020": 19.36, "pm10_2020": 20.51, "pm25_2020": 14.51, "no2_2025": 14.4, "pm10_2025": 20.0, "pm25_2025": 14.07, "n_betrof": 9, "index_2020": 0.99, "index_no2": 0.48, "index_pm10": 0.51}, "geometry": {"type": "MultiLineString", "coordinates": [[[13.41618546, 52.46469684], [13.41640054, 52.46471707]]]}}, {"type": "Feature", "properties": {"id": "7393", "id1": "7393", "laenge": 79.39, "name": "Oberlandstr.", "dtv_2020": 12282, "dtv_2025": 11600, "no2_2020": 24.54, "pm10_2020": 21.88, "pm25_2020": 15.21, "no2_2025": 17.11, "pm10_2025": 21.16, "pm25_2025": 14.66, "n_betrof": 36, "index_2020": 1.16, "index_no2": 0.61, "index_pm10": 0.54}, "geometry": {"type": "MultiLineString", "coordinates": [[[13.41654475, 52.46473096], [13.41769884, 52.46484261]]]}}, {"type": "Feature", "properties": {"id": "7394", "id1": "7394", "laenge": 117.84, "name": "Oberlandstr.", "dtv_2020": 9090, "dtv_2025": 8406, "no2_2020": 20.75, "pm10_2020": 20.82, "pm25_2020": 14.75, "no2_2025": 15.11, "pm10_2025": 20.28, "pm25_2025": 14.27, "n_betrof": 36, "index_2020": 1.03, "index_no2": 0.51, "index_pm10": 0.52}, "geometry": {"type": "MultiLineString", "coordinates": [[[13.41769884, 52.46484261], [13.41828009, 52.46489831], [13.41849253, 52.46491824], [13.41891727, 52.46495817], [13.41898799, 52.46496478], [13.41941273, 52.46500462]]]}}, {"type": "Feature", "properties": {"id": "7395", "id1": "7395", "laenge": 119.31, "name": "Oberlandstr.", "dtv_2020": 8271, "dtv_2025": 7520, "no2_2020": 23.32, "pm10_2020": 21.41, "pm25_2020": 15.07, "no2_2025": 16.2, "pm10_2025": 20.71, "pm25_2025": 14.51, "n_betrof": 77, "index_2020": 1.11, "index_no2": 0.58, "index_pm10": 0.53}, "geometry": {"type": "MultiLineString", "coordinates": [[[13.41955431, 52.46501794], [13.42123245, 52.46517153], [13.42129068, 52.4651777]]]}}, {"type": "Feature", "properties": {"id": "7402", "id1": "7402", "laenge": 104.56, "name": "Ordensmeisterstr.", "dtv_2020": 10217, "dtv_2025": 10177, "no2_2020": 17.14, "pm10_2020": 19.72, "pm25_2020": 14.06, "no2_2025": 13.31, "pm10_2025": 19.3, "pm25_2025": 13.65, "n_betrof": 64, "index_2020": 0.92, "index_no2": 0.42, "index_pm10": 0.49}, "geometry": {"type": "MultiLineString", "coordinates": [[[13.39861453, 52.45897635], [13.39922234, 52.45904347], [13.39936651, 52.45905792], [13.39951052, 52.45907236], [13.39974923, 52.45909349], [13.39994131, 52.45911389], [13.4000493, 52.45911535], [13.400134, 52.45911748]]]}}, {"type": "Feature", "properties": {"id": "7429", "id1": "7429", "laenge": 68.58, "name": "Reuterstr.", "dtv_2020": 5481, "dtv_2025": 4263, "no2_2020": 22.52, "pm10_2020": 20.83, "pm25_2020": 14.87, "no2_2025": 15.64, "pm10_2025": 19.98, "pm25_2025": 14.22, "n_betrof": 67, "index_2020": 1.08, "index_no2": 0.56, "index_pm10": 0.52}, "geometry": {"type": "MultiLineString", "coordinates": [[[13.42891165, 52.48538005], [13.42886851, 52.48476412]]]}}, {"type": "Feature", "properties": {"id": "7430", "id1": "7430", "laenge": 49.78, "name": "Reuterstr.", "dtv_2020": 5481, "dtv_2025": 4263, "no2_2020": 18.52, "pm10_2020": 19.94, "pm25_2020": 14.34, "no2_2025": 13.87, "pm10_2025": 19.38, "pm25_2025": 13.86, "n_betrof": 40, "index_2020": 0.96, "index_no2": 0.46, "index_pm10": 0.49}, "geometry": {"type": "MultiLineString", "coordinates": [[[13.42886851, 52.48476412], [13.42886236, 52.48467611], [13.42883397, 52.48445212], [13.42881696, 52.48431775]]]}}, {"type": "Feature", "properties": {"id": "7431", "id1": "7431", "laenge": 97.07, "name": "Reuterstr.", "dtv_2020": 5738, "dtv_2025": 4517, "no2_2020": 23.32, "pm10_2020": 21.04, "pm25_2020": 14.98, "no2_2025": 16.1, "pm10_2025": 20.18, "pm25_2025": 14.32, "n_betrof": 87, "index_2020": 1.1, "index_no2": 0.58, "index_pm10": 0.52}, "geometry": {"type": "MultiLineString", "coordinates": [[[13.42894172, 52.48647061], [13.42891882, 52.48564178], [13.42891772, 52.48559816]]]}}, {"type": "Feature", "properties": {"id": "7432", "id1": "7432", "laenge": 24.26, "name": "Reuterstr.", "dtv_2020": 5738, "dtv_2025": 4517, "no2_2020": 19.2, "pm10_2020": 20.12, "pm25_2020": 14.43, "no2_2025": 14.26, "pm10_2025": 19.55, "pm25_2025": 13.94, "n_betrof": 29, "index_2020": 0.98, "index_no2": 0.48, "index_pm10": 0.5}, "geometry": {"type": "MultiLineString", "coordinates": [[[13.42891772, 52.48559816], [13.42891165, 52.48538005]]]}}, {"type": "Feature", "properties": {"id": "7443", "id1": "7443", "laenge": 67.09, "name": "Rohdestr.", "dtv_2020": 2239, "dtv_2025": 1888, "no2_2020": 17.91, "pm10_2020": 19.71, "pm25_2020": 14.06, "no2_2025": 13.79, "pm10_2025": 19.27, "pm25_2025": 13.64, "n_betrof": 40, "index_2020": 0.94, "index_no2": 0.44, "index_pm10": 0.49}, "geometry": {"type": "MultiLineString", "coordinates": [[[13.40404678, 52.45981304], [13.40406993, 52.45992179], [13.40414497, 52.46018705], [13.40420749, 52.46040799]]]}}, {"type": "Feature", "properties": {"id": "7444", "id1": "7444", "laenge": 119.77, "name": "Rohdestr.", "dtv_2020": 2239, "dtv_2025": 1888, "no2_2020": 18.86, "pm10_2020": 19.89, "pm25_2020": 14.16, "no2_2025": 14.19, "pm10_2025": 19.4, "pm25_2025": 13.71, "n_betrof": 51, "index_2020": 0.96, "index_no2": 0.47, "index_pm10": 0.49}, "geometry": {"type": "MultiLineString", "coordinates": [[[13.40420749, 52.46040799], [13.40450767, 52.46146895]]]}}, {"type": "Feature", "properties": {"id": "7445", "id1": "7445", "laenge": 56.25, "name": "Rohdestr.", "dtv_2020": 2239, "dtv_2025": 1888, "no2_2020": 19.35, "pm10_2020": 20.05, "pm25_2020": 14.21, "no2_2025": 14.53, "pm10_2025": 19.59, "pm25_2025": 13.78, "n_betrof": 40, "index_2020": 0.98, "index_no2": 0.48, "index_pm10": 0.5}, "geometry": {"type": "MultiLineString", "coordinates": [[[13.40450767, 52.46146895], [13.40453274, 52.46155732], [13.40455766, 52.46164577], [13.40460779, 52.46182258], [13.4046116, 52.46190858], [13.40456535, 52.46196236]]]}}, {"type": "Feature", "properties": {"id": "7467", "id1": "7467", "laenge": 13.05, "name": "Saalestr.", "dtv_2020": 8404, "dtv_2025": 6817, "no2_2020": 18.35, "pm10_2020": 20.36, "pm25_2020": 14.52, "no2_2025": 13.78, "pm10_2025": 19.79, "pm25_2025": 14.07, "n_betrof": 11, "index_2020": 0.96, "index_no2": 0.45, "index_pm10": 0.5}, "geometry": {"type": "MultiLineString", "coordinates": [[[13.44171507, 52.4697072], [13.44183649, 52.46970422], [13.44190568, 52.46971268]]]}}, {"type": "Feature", "properties": {"id": "7468", "id1": "7468", "laenge": 71.81, "name": "Saalestr.", "dtv_2020": 8404, "dtv_2025": 6817, "no2_2020": 23.94, "pm10_2020": 21.83, "pm25_2020": 15.18, "no2_2025": 16.36, "pm10_2025": 20.9, "pm25_2025": 14.53, "n_betrof": 50, "index_2020": 1.14, "index_no2": 0.59, "index_pm10": 0.54}, "geometry": {"type": "MultiLineString", "coordinates": [[[13.44190568, 52.46971268], [13.442182, 52.46974671], [13.44225104, 52.46975517], [13.44232023, 52.46976373], [13.44238927, 52.46977219], [13.44252736, 52.4697892], [13.44294191, 52.46984015]]]}}, {"type": "Feature", "properties": {"id": "7469", "id1": "7469", "laenge": 14.0, "name": "Saalestr.", "dtv_2020": 8404, "dtv_2025": 6817, "no2_2020": 18.52, "pm10_2020": 20.4, "pm25_2020": 14.54, "no2_2025": 13.86, "pm10_2025": 19.83, "pm25_2025": 14.08, "n_betrof": 11, "index_2020": 0.97, "index_no2": 0.46, "index_pm10": 0.51}, "geometry": {"type": "MultiLineString", "coordinates": [[[13.44294191, 52.46984015], [13.44314293, 52.46986789]]]}}, {"type": "Feature", "properties": {"id": "7470", "id1": "7470", "laenge": 73.21, "name": "Saalestr.", "dtv_2020": 7778, "dtv_2025": 6371, "no2_2020": 27.59, "pm10_2020": 22.92, "pm25_2020": 15.67, "no2_2025": 18.2, "pm10_2025": 21.82, "pm25_2025": 14.9, "n_betrof": 39, "index_2020": 1.26, "index_no2": 0.68, "index_pm10": 0.57}, "geometry": {"type": "MultiLineString", "coordinates": [[[13.44327684, 52.46988637], [13.44433431, 52.47001312]]]}}, {"type": "Feature", "properties": {"id": "7471", "id1": "7471", "laenge": 78.09, "name": "Saalestr.", "dtv_2020": 7778, "dtv_2025": 6371, "no2_2020": 18.39, "pm10_2020": 20.43, "pm25_2020": 14.55, "no2_2025": 13.86, "pm10_2025": 19.88, "pm25_2025": 14.1, "n_betrof": 23, "index_2020": 0.97, "index_no2": 0.45, "index_pm10": 0.51}, "geometry": {"type": "MultiLineString", "coordinates": [[[13.44454586, 52.47003847], [13.44510986, 52.47010604], [13.44525089, 52.47012291], [13.44532126, 52.47013139], [13.44567386, 52.4701736]]]}}, {"type": "Feature", "properties": {"id": "7472", "id1": "7472", "laenge": 139.31, "name": "Saalestr.", "dtv_2020": 7774, "dtv_2025": 6494, "no2_2020": 18.53, "pm10_2020": 20.37, "pm25_2020": 14.52, "no2_2025": 13.9, "pm10_2025": 19.83, "pm25_2025": 14.07, "n_betrof": 68, "index_2020": 0.97, "index_no2": 0.46, "index_pm10": 0.5}, "geometry": {"type": "MultiLineString", "coordinates": [[[13.44567386, 52.4701736], [13.44588903, 52.4702008], [13.44768209, 52.470427]]]}}, {"type": "Feature", "properties": {"id": "7473", "id1": "7473", "laenge": 119.61, "name": "Saalestr.", "dtv_2020": 8060, "dtv_2025": 6848, "no2_2020": 17.43, "pm10_2020": 20.12, "pm25_2020": 14.41, "no2_2025": 13.48, "pm10_2025": 19.67, "pm25_2025": 14.0, "n_betrof": 20, "index_2020": 0.93, "index_no2": 0.43, "index_pm10": 0.5}, "geometry": {"type": "MultiLineString", "coordinates": [[[13.44868513, 52.47054041], [13.4488999, 52.47056247], [13.44904018, 52.47058004], [13.44995281, 52.47069406], [13.45027718, 52.47074371], [13.45040692, 52.47076357]]]}}, {"type": "Feature", "properties": {"id": "7474", "id1": "7474", "laenge": 102.13, "name": "Saalestr.", "dtv_2020": 8351, "dtv_2025": 7175, "no2_2020": 23.95, "pm10_2020": 21.79, "pm25_2020": 15.11, "no2_2025": 16.68, "pm10_2025": 21.0, "pm25_2025": 14.51, "n_betrof": 51, "index_2020": 1.14, "index_no2": 0.59, "index_pm10": 0.54}, "geometry": {"type": "MultiLineString", "coordinates": [[[13.4504773, 52.47077627], [13.45118128, 52.47090373], [13.45124797, 52.47091665], [13.45191404, 52.47104639]]]}}, {"type": "Feature", "properties": {"id": "7475", "id1": "7475", "laenge": 30.29, "name": "Saalestr.", "dtv_2020": 9048, "dtv_2025": 6513, "no2_2020": 18.51, "pm10_2020": 20.43, "pm25_2020": 14.5, "no2_2025": 13.76, "pm10_2025": 19.84, "pm25_2025": 14.03, "n_betrof": 16, "index_2020": 0.97, "index_no2": 0.46, "index_pm10": 0.51}, "geometry": {"type": "MultiLineString", "coordinates": [[[13.45224498, 52.47110593], [13.45243837, 52.47112896], [13.45253761, 52.47117485], [13.45263671, 52.47122074]]]}}, {"type": "Feature", "properties": {"id": "7476", "id1": "7476", "laenge": 116.75, "name": "Saalestr.", "dtv_2020": 9048, "dtv_2025": 6513, "no2_2020": 25.44, "pm10_2020": 22.3, "pm25_2020": 15.29, "no2_2025": 16.54, "pm10_2025": 21.04, "pm25_2025": 14.52, "n_betrof": 70, "index_2020": 1.19, "index_no2": 0.63, "index_pm10": 0.55}, "geometry": {"type": "MultiLineString", "coordinates": [[[13.45275279, 52.47126928], [13.4529851, 52.47136628], [13.45336498, 52.47153354], [13.45390321, 52.47184573], [13.45406185, 52.47194455]]]}}, {"type": "Feature", "properties": {"id": "7477", "id1": "7477", "laenge": 107.51, "name": "Sachsenhauser Str.", "dtv_2020": 1837, "dtv_2025": 1846, "no2_2020": 17.39, "pm10_2020": 19.67, "pm25_2020": 14.03, "no2_2025": 13.46, "pm10_2025": 19.25, "pm25_2025": 13.63, "n_betrof": 42, "index_2020": 0.92, "index_no2": 0.43, "index_pm10": 0.49}, "geometry": {"type": "MultiLineString", "coordinates": [[[13.40236177, 52.4594497], [13.40238227, 52.45962756], [13.40239602, 52.45967045], [13.40242382, 52.45975642], [13.40252068, 52.46005713], [13.40253443, 52.46010012], [13.40263144, 52.46040083]]]}}, {"type": "Feature", "properties": {"id": "7478", "id1": "7478", "laenge": 70.78, "name": "Sachsenhauser Str.", "dtv_2020": 1837, "dtv_2025": 1846, "no2_2020": 18.84, "pm10_2020": 19.97, "pm25_2020": 14.17, "no2_2025": 14.25, "pm10_2025": 19.53, "pm25_2025": 13.75, "n_betrof": 16, "index_2020": 0.97, "index_no2": 0.47, "index_pm10": 0.49}, "geometry": {"type": "MultiLineString", "coordinates": [[[13.40300226, 52.46155491], [13.4030562, 52.46172386], [13.40313608, 52.46197328], [13.40320237, 52.46217935]]]}}, {"type": "Feature", "properties": {"id": "7479", "id1": "7479", "laenge": 17.08, "name": "Sachsenhauser Str.", "dtv_2020": 1837, "dtv_2025": 1846, "no2_2020": 19.36, "pm10_2020": 20.08, "pm25_2020": 14.22, "no2_2025": 14.53, "pm10_2025": 19.63, "pm25_2025": 13.79, "n_betrof": 42, "index_2020": 0.98, "index_no2": 0.48, "index_pm10": 0.5}, "geometry": {"type": "MultiLineString", "coordinates": [[[13.40320237, 52.46217935], [13.40332291, 52.46231414]]]}}, {"type": "Feature", "properties": {"id": "7488", "id1": "7488", "laenge": 10.09, "name": "Sieversufer", "dtv_2020": 12940, "dtv_2025": 13639, "no2_2020": 17.34, "pm10_2020": 19.94, "pm25_2020": 14.33, "no2_2025": 13.5, "pm10_2025": 19.55, "pm25_2025": 13.93, "n_betrof": 0, "index_2020": 0.93, "index_no2": 0.43, "index_pm10": 0.49}, "geometry": {"type": "MultiLineString", "coordinates": [[[13.44684899, 52.46001697], [13.4469772, 52.46006289]]]}}, {"type": "Feature", "properties": {"id": "7489", "id1": "7489", "laenge": 189.58, "name": "Sieversufer", "dtv_2020": 12940, "dtv_2025": 13639, "no2_2020": 24.25, "pm10_2020": 21.99, "pm25_2020": 15.16, "no2_2025": 18.09, "pm10_2025": 21.66, "pm25_2025": 14.72, "n_betrof": 144, "index_2020": 1.15, "index_no2": 0.6, "index_pm10": 0.54}, "geometry": {"type": "MultiLineString", "coordinates": [[[13.44724624, 52.46013475], [13.44832256, 52.46042239], [13.44838978, 52.46044035], [13.44865883, 52.46051221], [13.44872606, 52.46053018], [13.44879343, 52.46054814], [13.4498024, 52.46081771]]]}}, {"type": "Feature", "properties": {"id": "7490", "id1": "7490", "laenge": 128.65, "name": "Silbersteinstr.", "dtv_2020": 5945, "dtv_2025": 5359, "no2_2020": 23.05, "pm10_2020": 21.2, "pm25_2020": 15.04, "no2_2025": 16.03, "pm10_2025": 20.56, "pm25_2025": 14.48, "n_betrof": 104, "index_2020": 1.1, "index_no2": 0.57, "index_pm10": 0.53}, "geometry": {"type": "MultiLineString", "coordinates": [[[13.4217824, 52.46523416], [13.42364098, 52.46545514]]]}}, {"type": "Feature", "properties": {"id": "7491", "id1": "7491", "laenge": 101.43, "name": "Silbersteinstr.", "dtv_2020": 5945, "dtv_2025": 5359, "no2_2020": 20.17, "pm10_2020": 20.52, "pm25_2020": 14.65, "no2_2025": 14.62, "pm10_2025": 19.97, "pm25_2025": 14.16, "n_betrof": 64, "index_2020": 1.01, "index_no2": 0.5, "index_pm10": 0.51}, "geometry": {"type": "MultiLineString", "coordinates": [[[13.42364098, 52.46545514], [13.42405997, 52.46550406], [13.42412975, 52.46551218], [13.42482801, 52.46559368], [13.42510728, 52.46562635]]]}}, {"type": "Feature", "properties": {"id": "7492", "id1": "7492", "laenge": 104.02, "name": "Silbersteinstr.", "dtv_2020": 5945, "dtv_2025": 5359, "no2_2020": 20.92, "pm10_2020": 20.69, "pm25_2020": 14.76, "no2_2025": 15.0, "pm10_2025": 20.12, "pm25_2025": 14.25, "n_betrof": 68, "index_2020": 1.04, "index_no2": 0.52, "index_pm10": 0.51}, "geometry": {"type": "MultiLineString", "coordinates": [[[13.42517706, 52.46563447], [13.42582118, 52.46571102], [13.42589271, 52.46571962], [13.42596425, 52.46572812], [13.42603593, 52.46573663], [13.42610747, 52.46574513], [13.42625054, 52.46576214], [13.4266799, 52.46581317]]]}}, {"type": "Feature", "properties": {"id": "7493", "id1": "7493", "laenge": 163.9, "name": "Silbersteinstr.", "dtv_2020": 5880, "dtv_2025": 5386, "no2_2020": 22.14, "pm10_2020": 20.97, "pm25_2020": 14.92, "no2_2025": 15.58, "pm10_2025": 20.37, "pm25_2025": 14.39, "n_betrof": 135, "index_2020": 1.07, "index_no2": 0.55, "index_pm10": 0.52}, "geometry": {"type": "MultiLineString", "coordinates": [[[13.4266799, 52.46581317], [13.427347, 52.46589343], [13.42784341, 52.46595101], [13.42791437, 52.46595933], [13.42904896, 52.46609093]]]}}, {"type": "Feature", "properties": {"id": "7494", "id1": "7494", "laenge": 19.65, "name": "Silbersteinstr.", "dtv_2020": 5880, "dtv_2025": 5386, "no2_2020": 17.47, "pm10_2020": 19.93, "pm25_2020": 14.3, "no2_2025": 13.37, "pm10_2025": 19.46, "pm25_2025": 13.88, "n_betrof": 18, "index_2020": 0.93, "index_no2": 0.43, "index_pm10": 0.49}, "geometry": {"type": "MultiLineString", "coordinates": [[[13.42904896, 52.46609093], [13.42933275, 52.466125]]]}}, {"type": "Feature", "properties": {"id": "7495", "id1": "7495", "laenge": 166.25, "name": "Silbersteinstr.", "dtv_2020": 5880, "dtv_2025": 5386, "no2_2020": 23.17, "pm10_2020": 21.19, "pm25_2020": 15.05, "no2_2025": 16.06, "pm10_2025": 20.56, "pm25_2025": 14.5, "n_betrof": 152, "index_2020": 1.1, "index_no2": 0.57, "index_pm10": 0.52}, "geometry": {"type": "MultiLineString", "coordinates": [[[13.42933275, 52.466125], [13.43160295, 52.46639779], [13.43173289, 52.4664157]]]}}, {"type": "Feature", "properties": {"id": "7496", "id1": "7496", "laenge": 44.65, "name": "Silbersteinstr.", "dtv_2020": 6639, "dtv_2025": 6324, "no2_2020": 20.8, "pm10_2020": 20.63, "pm25_2020": 14.68, "no2_2025": 14.93, "pm10_2025": 20.1, "pm25_2025": 14.2, "n_betrof": 27, "index_2020": 1.03, "index_no2": 0.52, "index_pm10": 0.51}, "geometry": {"type": "MultiLineString", "coordinates": [[[13.43470357, 52.46675868], [13.43534908, 52.46683439]]]}}, {"type": "Feature", "properties": {"id": "7497", "id1": "7497", "laenge": 18.53, "name": "Silbersteinstr.", "dtv_2020": 6639, "dtv_2025": 6324, "no2_2020": 17.94, "pm10_2020": 20.03, "pm25_2020": 14.35, "no2_2025": 13.61, "pm10_2025": 19.56, "pm25_2025": 13.93, "n_betrof": 19, "index_2020": 0.94, "index_no2": 0.44, "index_pm10": 0.5}, "geometry": {"type": "MultiLineString", "coordinates": [[[13.43199523, 52.46644858], [13.43213025, 52.46646044], [13.43226526, 52.46647239]]]}}, {"type": "Feature", "properties": {"id": "7498", "id1": "7498", "laenge": 148.86, "name": "Silbersteinstr.", "dtv_2020": 6639, "dtv_2025": 6324, "no2_2020": 23.3, "pm10_2020": 21.22, "pm25_2020": 15.01, "no2_2025": 16.18, "pm10_2025": 20.63, "pm25_2025": 14.48, "n_betrof": 102, "index_2020": 1.11, "index_no2": 0.58, "index_pm10": 0.53}, "geometry": {"type": "MultiLineString", "coordinates": [[[13.43233695, 52.4664808], [13.43269554, 52.46652296], [13.43276723, 52.46653137], [13.43283906, 52.46653978], [13.43291075, 52.4665482], [13.43298244, 52.46655661], [13.43312582, 52.46657343], [13.43448851, 52.46673336]]]}}, {"type": "Feature", "properties": {"id": "7499", "id1": "7499", "laenge": 14.88, "name": "Silbersteinstr.", "dtv_2020": 6639, "dtv_2025": 6324, "no2_2020": 18.4, "pm10_2020": 20.14, "pm25_2020": 14.41, "no2_2025": 13.85, "pm10_2025": 19.66, "pm25_2025": 13.98, "n_betrof": 19, "index_2020": 0.96, "index_no2": 0.46, "index_pm10": 0.5}, "geometry": {"type": "MultiLineString", "coordinates": [[[13.43448851, 52.46673336], [13.4345602, 52.46674177], [13.43470357, 52.46675868]]]}}, {"type": "Feature", "properties": {"id": "7500", "id1": "7500", "laenge": 94.03, "name": "Silbersteinstr.", "dtv_2020": 14619, "dtv_2025": 13037, "no2_2020": 31.07, "pm10_2020": 23.35, "pm25_2020": 16.08, "no2_2025": 19.41, "pm10_2025": 22.21, "pm25_2025": 15.32, "n_betrof": 64, "index_2020": 1.36, "index_no2": 0.77, "index_pm10": 0.58}, "geometry": {"type": "MultiLineString", "coordinates": [[[13.43811408, 52.46715442], [13.43862108, 52.4672174], [13.43869204, 52.46722562], [13.438763, 52.46723384], [13.43883396, 52.46724206], [13.43890492, 52.46725028], [13.43940151, 52.46730799], [13.43947247, 52.46731621]]]}}, {"type": "Feature", "properties": {"id": "7501", "id1": "7501", "laenge": 53.98, "name": "Silbersteinstr.", "dtv_2020": 14619, "dtv_2025": 13037, "no2_2020": 32.34, "pm10_2020": 23.63, "pm25_2020": 16.22, "no2_2025": 19.96, "pm10_2025": 22.42, "pm25_2025": 15.42, "n_betrof": 43, "index_2020": 1.39, "index_no2": 0.8, "index_pm10": 0.59}, "geometry": {"type": "MultiLineString", "coordinates": [[[13.43954343, 52.46732443], [13.44032401, 52.46741502]]]}}, {"type": "Feature", "properties": {"id": "7502", "id1": "7502", "laenge": 100.44, "name": "Silbersteinstr.", "dtv_2020": 13834, "dtv_2025": 13033, "no2_2020": 33.44, "pm10_2020": 23.83, "pm25_2020": 16.42, "no2_2025": 21.38, "pm10_2025": 22.87, "pm25_2025": 15.67, "n_betrof": 86, "index_2020": 1.43, "index_no2": 0.83, "index_pm10": 0.59}, "geometry": {"type": "MultiLineString", "coordinates": [[[13.44046402, 52.46743161], [13.44191425, 52.4676069]]]}}, {"type": "Feature", "properties": {"id": "7510", "id1": "7510", "laenge": 24.54, "name": "Teilestr.", "dtv_2020": 10527, "dtv_2025": 10229, "no2_2020": 16.01, "pm10_2020": 19.33, "pm25_2020": 13.85, "no2_2025": 12.49, "pm10_2025": 18.92, "pm25_2025": 13.46, "n_betrof": 14, "index_2020": 0.88, "index_no2": 0.4, "index_pm10": 0.48}, "geometry": {"type": "MultiLineString", "coordinates": [[[13.400134, 52.45911748], [13.40048573, 52.45916774]]]}}, {"type": "Feature", "properties": {"id": "7511", "id1": "7511", "laenge": 131.31, "name": "Teilestr.", "dtv_2020": 10527, "dtv_2025": 10229, "no2_2020": 18.1, "pm10_2020": 19.94, "pm25_2020": 14.1, "no2_2025": 13.63, "pm10_2025": 19.48, "pm25_2025": 13.68, "n_betrof": 74, "index_2020": 0.95, "index_no2": 0.45, "index_pm10": 0.49}, "geometry": {"type": "MultiLineString", "coordinates": [[[13.40048573, 52.45916774], [13.4011189, 52.4592583], [13.40125962, 52.45927845], [13.40140035, 52.45929852], [13.40163901, 52.4593413], [13.40177048, 52.45936106], [13.40190179, 52.45938073], [13.40196752, 52.45939061], [13.40236177, 52.4594497]]]}}, {"type": "Feature", "properties": {"id": "7512", "id1": "7512", "laenge": 95.27, "name": "Teilestr.", "dtv_2020": 10471, "dtv_2025": 10161, "no2_2020": 20.73, "pm10_2020": 20.71, "pm25_2020": 14.42, "no2_2025": 15.22, "pm10_2025": 20.22, "pm25_2025": 13.97, "n_betrof": 35, "index_2020": 1.03, "index_no2": 0.51, "index_pm10": 0.51}, "geometry": {"type": "MultiLineString", "coordinates": [[[13.40271147, 52.45950334], [13.40292123, 52.45953548], [13.40330731, 52.4596129], [13.40390595, 52.45974694], [13.40403911, 52.4597767]]]}}, {"type": "Feature", "properties": {"id": "7513", "id1": "7513", "laenge": 19.25, "name": "Teilestr.", "dtv_2020": 14260, "dtv_2025": 13599, "no2_2020": 18.52, "pm10_2020": 19.93, "pm25_2020": 14.11, "no2_2025": 14.07, "pm10_2025": 19.47, "pm25_2025": 13.68, "n_betrof": 64, "index_2020": 0.96, "index_no2": 0.46, "index_pm10": 0.49}, "geometry": {"type": "MultiLineString", "coordinates": [[[13.40423903, 52.45982067], [13.40450568, 52.45987929]]]}}, {"type": "Feature", "properties": {"id": "7514", "id1": "7514", "laenge": 92.3, "name": "Teilestr.", "dtv_2020": 14260, "dtv_2025": 13599, "no2_2020": 20.8, "pm10_2020": 20.54, "pm25_2020": 14.48, "no2_2025": 15.52, "pm10_2025": 20.05, "pm25_2025": 14.04, "n_betrof": 64, "index_2020": 1.03, "index_no2": 0.52, "index_pm10": 0.51}, "geometry": {"type": "MultiLineString", "coordinates": [[[13.40930979, 52.4599521], [13.40952265, 52.45994336], [13.41009352, 52.45991732], [13.41066439, 52.45989128]]]}}, {"type": "Feature", "properties": {"id": "7515", "id1": "7515", "laenge": 77.51, "name": "Teilestr.", "dtv_2020": 14260, "dtv_2025": 13599, "no2_2020": 24.1, "pm10_2020": 21.57, "pm25_2020": 14.79, "no2_2025": 17.13, "pm10_2025": 20.98, "pm25_2025": 14.27, "n_betrof": 34, "index_2020": 1.14, "index_no2": 0.6, "index_pm10": 0.53}, "geometry": {"type": "MultiLineString", "coordinates": [[[13.40450568, 52.45987929], [13.40483908, 52.45995257], [13.40518117, 52.46002534], [13.40530251, 52.46004442], [13.4053631, 52.46005396], [13.40559596, 52.46007849]]]}}, {"type": "Feature", "properties": {"id": "7516", "id1": "7516", "laenge": 66.82, "name": "Teilestr.", "dtv_2020": 14260, "dtv_2025": 13599, "no2_2020": 19.13, "pm10_2020": 20.04, "pm25_2020": 14.16, "no2_2025": 14.47, "pm10_2025": 19.57, "pm25_2025": 13.73, "n_betrof": 64, "index_2020": 0.97, "index_no2": 0.47, "index_pm10": 0.5}, "geometry": {"type": "MultiLineString", "coordinates": [[[13.40559596, 52.46007849], [13.40571264, 52.46008357], [13.40582933, 52.46008874], [13.40601633, 52.46008695], [13.40614104, 52.46008584], [13.40657756, 52.460067]]]}}, {"type": "Feature", "properties": {"id": "7517", "id1": "7517", "laenge": 186.1, "name": "Teilestr.", "dtv_2020": 14260, "dtv_2025": 13599, "no2_2020": 22.61, "pm10_2020": 21.18, "pm25_2020": 14.7, "no2_2025": 16.25, "pm10_2025": 20.62, "pm25_2025": 14.21, "n_betrof": 174, "index_2020": 1.09, "index_no2": 0.56, "index_pm10": 0.52}, "geometry": {"type": "MultiLineString", "coordinates": [[[13.40657756, 52.460067], [13.40803277, 52.46000424], [13.4086003, 52.45998104], [13.40902602, 52.45996366], [13.40930979, 52.4599521]]]}}, {"type": "Feature", "properties": {"id": "7519", "id1": "7519", "laenge": 11.4, "name": "Tempelhofer Weg", "dtv_2020": 10270, "dtv_2025": 9749, "no2_2020": 26.1, "pm10_2020": 21.96, "pm25_2020": 15.2, "no2_2025": 18.43, "pm10_2025": 21.43, "pm25_2025": 14.71, "n_betrof": 8, "index_2020": 1.2, "index_no2": 0.65, "index_pm10": 0.54}, "geometry": {"type": "MultiLineString", "coordinates": [[[13.41800392, 52.46048069], [13.4181433, 52.46042358]]]}}, {"type": "Feature", "properties": {"id": "7520", "id1": "7520", "laenge": 122.6, "name": "Tempelhofer Weg", "dtv_2020": 10270, "dtv_2025": 9749, "no2_2020": 26.68, "pm10_2020": 22.49, "pm25_2020": 15.33, "no2_2025": 18.34, "pm10_2025": 21.86, "pm25_2025": 14.79, "n_betrof": 78, "index_2020": 1.22, "index_no2": 0.66, "index_pm10": 0.56}, "geometry": {"type": "MultiLineString", "coordinates": [[[13.4181433, 52.46042358], [13.4186408, 52.46023521], [13.41968648, 52.45985259]]]}}, {"type": "Feature", "properties": {"id": "7521", "id1": "7521", "laenge": 19.41, "name": "Tempelhofer Weg", "dtv_2020": 11503, "dtv_2025": 10733, "no2_2020": 16.92, "pm10_2020": 20.2, "pm25_2020": 14.48, "no2_2025": 13.31, "pm10_2025": 19.78, "pm25_2025": 14.08, "n_betrof": 0, "index_2020": 0.92, "index_no2": 0.42, "index_pm10": 0.5}, "geometry": {"type": "MultiLineString", "coordinates": [[[13.42472149, 52.45801356], [13.42494641, 52.45790596]]]}}, {"type": "Feature", "properties": {"id": "7522", "id1": "7522", "laenge": 172.26, "name": "Tempelhofer Weg", "dtv_2020": 11503, "dtv_2025": 10733, "no2_2020": 20.75, "pm10_2020": 21.15, "pm25_2020": 14.81, "no2_2025": 15.13, "pm10_2025": 20.62, "pm25_2025": 14.34, "n_betrof": 49, "index_2020": 1.04, "index_no2": 0.51, "index_pm10": 0.52}, "geometry": {"type": "MultiLineString", "coordinates": [[[13.42005917, 52.45971686], [13.42037249, 52.45960317], [13.42056054, 52.45953492], [13.42068596, 52.45948948], [13.42093664, 52.45939851], [13.42137537, 52.45923929], [13.42155986, 52.45917172], [13.42162146, 52.45914916], [13.42223667, 52.45892396]]]}}, {"type": "Feature", "properties": {"id": "7523", "id1": "7523", "laenge": 157.34, "name": "Tempelhofer Weg", "dtv_2020": 11503, "dtv_2025": 10733, "no2_2020": 18.59, "pm10_2020": 20.61, "pm25_2020": 14.61, "no2_2025": 14.11, "pm10_2025": 20.14, "pm25_2025": 14.18, "n_betrof": 37, "index_2020": 0.98, "index_no2": 0.46, "index_pm10": 0.51}, "geometry": {"type": "MultiLineString", "coordinates": [[[13.42223667, 52.45892396], [13.42242131, 52.45885638], [13.42303651, 52.45863109], [13.42391018, 52.45831087], [13.42397267, 52.45828797], [13.42422233, 52.45819653]]]}}, {"type": "Feature", "properties": {"id": "7524", "id1": "7524", "laenge": 69.01, "name": "Tempelhofer Weg", "dtv_2020": 11788, "dtv_2025": 11023, "no2_2020": 16.95, "pm10_2020": 20.51, "pm25_2020": 14.7, "no2_2025": 13.27, "pm10_2025": 20.09, "pm25_2025": 14.31, "n_betrof": 40, "index_2020": 0.93, "index_no2": 0.42, "index_pm10": 0.51}, "geometry": {"type": "MultiLineString", "coordinates": [[[13.42809035, 52.45590456], [13.42819094, 52.45584062], [13.42824108, 52.45580874], [13.42879375, 52.45545715]]]}}, {"type": "Feature", "properties": {"id": "7525", "id1": "7525", "laenge": 159.13, "name": "Tempelhofer Weg", "dtv_2020": 11758, "dtv_2025": 11038, "no2_2020": 18.25, "pm10_2020": 21.1, "pm25_2020": 15.01, "no2_2025": 13.87, "pm10_2025": 20.65, "pm25_2025": 14.59, "n_betrof": 114, "index_2020": 0.98, "index_no2": 0.45, "index_pm10": 0.52}, "geometry": {"type": "MultiLineString", "coordinates": [[[13.42879375, 52.45545715], [13.42916111, 52.45523771], [13.42952847, 52.45501826], [13.43044609, 52.45444377]]]}}, {"type": "Feature", "properties": {"id": "7526", "id1": "7526", "laenge": 24.1, "name": "Tempelhofer Weg", "dtv_2020": 11758, "dtv_2025": 11038, "no2_2020": 15.92, "pm10_2020": 20.4, "pm25_2020": 14.69, "no2_2025": 12.6, "pm10_2025": 20.0, "pm25_2025": 14.32, "n_betrof": 12, "index_2020": 0.9, "index_no2": 0.39, "index_pm10": 0.51}, "geometry": {"type": "MultiLineString", "coordinates": [[[13.43059464, 52.45434729], [13.43082753, 52.45418386]]]}}, {"type": "Feature", "properties": {"id": "7527", "id1": "7527", "laenge": 224.08, "name": "Tempelhofer Weg", "dtv_2020": 11758, "dtv_2025": 11038, "no2_2020": 18.92, "pm10_2020": 21.04, "pm25_2020": 14.87, "no2_2025": 14.0, "pm10_2025": 20.55, "pm25_2025": 14.43, "n_betrof": 171, "index_2020": 0.99, "index_no2": 0.47, "index_pm10": 0.52}, "geometry": {"type": "MultiLineString", "coordinates": [[[13.43100889, 52.45405455], [13.43129953, 52.45383569], [13.43152638, 52.45366023], [13.43198006, 52.45330948], [13.43282131, 52.45264971], [13.43303346, 52.45246515]]]}}, {"type": "Feature", "properties": {"id": "7528", "id1": "7528", "laenge": 142.28, "name": "Tempelhofer Weg", "dtv_2020": 22652, "dtv_2025": 21775, "no2_2020": 22.72, "pm10_2020": 22.14, "pm25_2020": 15.4, "no2_2025": 16.1, "pm10_2025": 21.59, "pm25_2025": 14.9, "n_betrof": 61, "index_2020": 1.12, "index_no2": 0.56, "index_pm10": 0.55}, "geometry": {"type": "MultiLineString", "coordinates": [[[13.43317659, 52.45233838], [13.43366637, 52.45195232], [13.43374728, 52.45189531], [13.43381277, 52.45185787], [13.43389063, 52.45180361], [13.43412859, 52.45160068], [13.43424742, 52.45149922], [13.43436639, 52.45139775], [13.43443757, 52.4513202]]]}}, {"type": "Feature", "properties": {"id": "7529", "id1": "7529", "laenge": 37.93, "name": "Tempelhofer Weg", "dtv_2020": 22652, "dtv_2025": 21775, "no2_2020": 17.48, "pm10_2020": 20.75, "pm25_2020": 14.78, "no2_2025": 13.22, "pm10_2025": 20.31, "pm25_2025": 14.37, "n_betrof": 17, "index_2020": 0.95, "index_no2": 0.43, "index_pm10": 0.51}, "geometry": {"type": "MultiLineString", "coordinates": [[[13.43450876, 52.45124265], [13.4346156, 52.45112637], [13.43475491, 52.45093698]]]}}, {"type": "Feature", "properties": {"id": "7530", "id1": "7530", "laenge": 58.44, "name": "Tempelhofer Weg", "dtv_2020": 22664, "dtv_2025": 21708, "no2_2020": 19.88, "pm10_2020": 21.33, "pm25_2020": 15.03, "no2_2025": 14.47, "pm10_2025": 20.82, "pm25_2025": 14.57, "n_betrof": 21, "index_2020": 1.03, "index_no2": 0.49, "index_pm10": 0.53}, "geometry": {"type": "MultiLineString", "coordinates": [[[13.43475491, 52.45093698], [13.43480206, 52.45088977], [13.43482921, 52.45085039], [13.4351007, 52.45045657]]]}}, {"type": "Feature", "properties": {"id": "7531", "id1": "7531", "laenge": 89.42, "name": "Tempelhofer Weg", "dtv_2020": 22664, "dtv_2025": 21708, "no2_2020": 21.86, "pm10_2020": 21.67, "pm25_2020": 15.13, "no2_2025": 15.42, "pm10_2025": 21.11, "pm25_2025": 14.63, "n_betrof": 40, "index_2020": 1.08, "index_no2": 0.54, "index_pm10": 0.54}, "geometry": {"type": "MultiLineString", "coordinates": [[[13.43515748, 52.45037424], [13.43527104, 52.45020968], [13.43529957, 52.45016852], [13.43566877, 52.44963358]]]}}, {"type": "Feature", "properties": {"id": "7550", "id1": "7550", "laenge": 65.72, "name": "Kiefholzstr.", "dtv_2020": 8615, "dtv_2025": 9324, "no2_2020": 21.34, "pm10_2020": 21.14, "pm25_2020": 14.75, "no2_2025": 16.0, "pm10_2025": 20.71, "pm25_2025": 14.33, "n_betrof": 61, "index_2020": 1.06, "index_no2": 0.53, "index_pm10": 0.52}, "geometry": {"type": "MultiLineString", "coordinates": [[[13.4540792, 52.4888727], [13.45471664, 52.48842815]]]}}, {"type": "Feature", "properties": {"id": "7551", "id1": "7551", "laenge": 82.34, "name": "Kiefholzstr.", "dtv_2020": 8615, "dtv_2025": 9324, "no2_2020": 18.15, "pm10_2020": 20.3, "pm25_2020": 14.35, "no2_2025": 14.38, "pm10_2025": 19.96, "pm25_2025": 13.99, "n_betrof": 25, "index_2020": 0.96, "index_no2": 0.45, "index_pm10": 0.5}, "geometry": {"type": "MultiLineString", "coordinates": [[[13.45738396, 52.4865396], [13.45784248, 52.48620607], [13.45793407, 52.4861393], [13.4580258, 52.48607261], [13.45816332, 52.48597253]]]}}, {"type": "Feature", "properties": {"id": "7552", "id1": "7552", "laenge": 34.56, "name": "Kiefholzstr.", "dtv_2020": 8615, "dtv_2025": 9324, "no2_2020": 17.47, "pm10_2020": 20.06, "pm25_2020": 14.26, "no2_2025": 13.58, "pm10_2025": 19.65, "pm25_2025": 13.86, "n_betrof": 23, "index_2020": 0.93, "index_no2": 0.43, "index_pm10": 0.5}, "geometry": {"type": "MultiLineString", "coordinates": [[[13.45471664, 52.48842815], [13.45481149, 52.48836088], [13.45504877, 52.4881927]]]}}, {"type": "Feature", "properties": {"id": "7553", "id1": "7553", "laenge": 153.34, "name": "Kiefholzstr.", "dtv_2020": 8615, "dtv_2025": 9324, "no2_2020": 19.44, "pm10_2020": 20.68, "pm25_2020": 14.54, "no2_2025": 14.98, "pm10_2025": 20.29, "pm25_2025": 14.14, "n_betrof": 78, "index_2020": 1.0, "index_no2": 0.48, "index_pm10": 0.51}, "geometry": {"type": "MultiLineString", "coordinates": [[[13.45504877, 52.4881927], [13.45614016, 52.48741906], [13.45652285, 52.48714848]]]}}, {"type": "Feature", "properties": {"id": "7554", "id1": "7554", "laenge": 24.86, "name": "Kiefholzstr.", "dtv_2020": 8615, "dtv_2025": 9324, "no2_2020": 16.96, "pm10_2020": 19.95, "pm25_2020": 14.2, "no2_2025": 13.51, "pm10_2025": 19.58, "pm25_2025": 13.83, "n_betrof": 23, "index_2020": 0.92, "index_no2": 0.42, "index_pm10": 0.49}, "geometry": {"type": "MultiLineString", "coordinates": [[[13.45652285, 52.48714848], [13.4566186, 52.48708086], [13.45666647, 52.48704705], [13.45676207, 52.48697933]]]}}, {"type": "Feature", "properties": {"id": "7555", "id1": "7555", "laenge": 59.65, "name": "Kiefholzstr.", "dtv_2020": 8615, "dtv_2025": 9324, "no2_2020": 19.65, "pm10_2020": 20.69, "pm25_2020": 14.53, "no2_2025": 15.21, "pm10_2025": 20.32, "pm25_2025": 14.15, "n_betrof": 30, "index_2020": 1.0, "index_no2": 0.49, "index_pm10": 0.51}, "geometry": {"type": "MultiLineString", "coordinates": [[[13.45680994, 52.48694552], [13.45685766, 52.48691171], [13.45690554, 52.4868779], [13.45695341, 52.48684408], [13.45700128, 52.48681027], [13.45704901, 52.48677646], [13.45738396, 52.4865396]]]}}, {"type": "Feature", "properties": {"id": "7556", "id1": "7556", "laenge": 403.63, "name": "Kiefholzstr.", "dtv_2020": 10738, "dtv_2025": 9364, "no2_2020": 16.0, "pm10_2020": 19.57, "pm25_2020": 14.07, "no2_2025": 12.94, "pm10_2025": 19.23, "pm25_2025": 13.72, "n_betrof": 5, "index_2020": 0.88, "index_no2": 0.4, "index_pm10": 0.48}, "geometry": {"type": "MultiLineString", "coordinates": [[[13.46427791, 52.48171479], [13.46441818, 52.48161537], [13.46502562, 52.48118467], [13.46587367, 52.48058878], [13.46596831, 52.48052257], [13.46667784, 52.48002612], [13.46816676, 52.47897125]]]}}, {"type": "Feature", "properties": {"id": "7557", "id1": "7557", "laenge": 584.1, "name": "Kiefholzstr.", "dtv_2020": 10738, "dtv_2025": 9364, "no2_2020": 15.4, "pm10_2020": 19.53, "pm25_2020": 14.04, "no2_2025": 12.15, "pm10_2025": 19.13, "pm25_2025": 13.66, "n_betrof": 1, "index_2020": 0.87, "index_no2": 0.38, "index_pm10": 0.48}, "geometry": {"type": "MultiLineString", "coordinates": [[[13.46816676, 52.47897125], [13.4688621, 52.47846641], [13.46947162, 52.47799436], [13.46999024, 52.47762101], [13.47022396, 52.47745869], [13.47050446, 52.47726389], [13.470598, 52.47719892], [13.47169444, 52.47642098], [13.47293622, 52.47555212], [13.47303174, 52.47548529], [13.47341381, 52.47521797], [13.47350933, 52.47515114], [13.47360484, 52.47508431], [13.47376155, 52.47498519]]]}}, {"type": "Feature", "properties": {"id": "7558", "id1": "7558", "laenge": 47.64, "name": "Kiefholzstr.", "dtv_2020": 10078, "dtv_2025": 10176, "no2_2020": 16.08, "pm10_2020": 19.71, "pm25_2020": 14.09, "no2_2025": 12.37, "pm10_2025": 19.25, "pm25_2025": 13.69, "n_betrof": 3, "index_2020": 0.89, "index_no2": 0.4, "index_pm10": 0.49}, "geometry": {"type": "MultiLineString", "coordinates": [[[13.47376155, 52.47498519], [13.47392917, 52.47486031], [13.4741195, 52.47472565], [13.47421459, 52.47465827]]]}}, {"type": "Feature", "properties": {"id": "7559", "id1": "7559", "laenge": 139.06, "name": "Kiefholzstr.", "dtv_2020": 10078, "dtv_2025": 10176, "no2_2020": 16.44, "pm10_2020": 19.85, "pm25_2020": 14.15, "no2_2025": 12.67, "pm10_2025": 19.41, "pm25_2025": 13.75, "n_betrof": 25, "index_2020": 0.9, "index_no2": 0.41, "index_pm10": 0.49}, "geometry": {"type": "MultiLineString", "coordinates": [[[13.47469049, 52.47432149], [13.47478558, 52.47425412], [13.47536075, 52.47384803], [13.47593351, 52.473443], [13.47602875, 52.47337553]]]}}, {"type": "Feature", "properties": {"id": "7560", "id1": "7560", "laenge": 229.15, "name": "Kiefholzstr.", "dtv_2020": 10078, "dtv_2025": 10176, "no2_2020": 16.66, "pm10_2020": 19.99, "pm25_2020": 14.2, "no2_2025": 12.85, "pm10_2025": 19.55, "pm25_2025": 13.8, "n_betrof": 73, "index_2020": 0.91, "index_no2": 0.41, "index_pm10": 0.49}, "geometry": {"type": "MultiLineString", "coordinates": [[[13.47626691, 52.47320696], [13.47655276, 52.47300475], [13.47693305, 52.47273668], [13.47750181, 52.47233608], [13.47839721, 52.47170645], [13.47848033, 52.47165267]]]}}, {"type": "Feature", "properties": {"id": "7561", "id1": "7561", "laenge": 101.96, "name": "Kiefholzstr.", "dtv_2020": 8031, "dtv_2025": 6753, "no2_2020": 16.42, "pm10_2020": 19.67, "pm25_2020": 13.93, "no2_2025": 12.44, "pm10_2025": 19.11, "pm25_2025": 13.49, "n_betrof": 55, "index_2020": 0.9, "index_no2": 0.41, "index_pm10": 0.49}, "geometry": {"type": "MultiLineString", "coordinates": [[[13.48999517, 52.46351732], [13.49055313, 52.46311985], [13.49069587, 52.46302205], [13.49083861, 52.46292434], [13.4908861, 52.46289168], [13.49098136, 52.46282654]]]}}, {"type": "Feature", "properties": {"id": "7583", "id1": "7583", "laenge": 122.62, "name": "Werbellinstr.", "dtv_2020": 2538, "dtv_2025": 2365, "no2_2020": 19.94, "pm10_2020": 20.08, "pm25_2020": 14.37, "no2_2025": 14.28, "pm10_2025": 19.54, "pm25_2025": 13.91, "n_betrof": 93, "index_2020": 1.0, "index_no2": 0.49, "index_pm10": 0.5}, "geometry": {"type": "MultiLineString", "coordinates": [[[13.42643556, 52.47760742], [13.42700174, 52.47767771], [13.4270724, 52.47768647], [13.42721402, 52.47770409], [13.4274263, 52.47773047], [13.42770924, 52.47776561], [13.42820462, 52.47782713]]]}}, {"type": "Feature", "properties": {"id": "7584", "id1": "7584", "laenge": 34.33, "name": "Werbellinstr.", "dtv_2020": 2538, "dtv_2025": 2365, "no2_2020": 17.61, "pm10_2020": 19.68, "pm25_2020": 14.19, "no2_2025": 13.39, "pm10_2025": 19.2, "pm25_2025": 13.76, "n_betrof": 24, "index_2020": 0.93, "index_no2": 0.44, "index_pm10": 0.49}, "geometry": {"type": "MultiLineString", "coordinates": [[[13.42820462, 52.47782713], [13.42869999, 52.47788864]]]}}, {"type": "Feature", "properties": {"id": "7585", "id1": "7585", "laenge": 18.77, "name": "Werbellinstr.", "dtv_2020": 4951, "dtv_2025": 2397, "no2_2020": 17.61, "pm10_2020": 19.83, "pm25_2020": 14.24, "no2_2025": 13.21, "pm10_2025": 19.23, "pm25_2025": 13.77, "n_betrof": 15, "index_2020": 0.93, "index_no2": 0.44, "index_pm10": 0.49}, "geometry": {"type": "MultiLineString", "coordinates": [[[13.43280011, 52.47840599], [13.43307538, 52.47842106]]]}}, {"type": "Feature", "properties": {"id": "7586", "id1": "7586", "laenge": 115.06, "name": "Werbellinstr.", "dtv_2020": 4951, "dtv_2025": 2397, "no2_2020": 22.7, "pm10_2020": 21.05, "pm25_2020": 14.74, "no2_2025": 14.91, "pm10_2025": 19.81, "pm25_2025": 14.02, "n_betrof": 103, "index_2020": 1.09, "index_no2": 0.56, "index_pm10": 0.52}, "geometry": {"type": "MultiLineString", "coordinates": [[[13.43307538, 52.47842106], [13.43352565, 52.47846748], [13.43473826, 52.47861777]]]}}, {"type": "Feature", "properties": {"id": "7630", "id1": "7630", "laenge": 206.84, "name": "Ballinstr.", "dtv_2020": 7415, "dtv_2025": 7621, "no2_2020": 23.87, "pm10_2020": 21.49, "pm25_2020": 15.1, "no2_2025": 17.37, "pm10_2025": 21.04, "pm25_2025": 14.65, "n_betrof": 44, "index_2020": 1.13, "index_no2": 0.59, "index_pm10": 0.53}, "geometry": {"type": "MultiLineString", "coordinates": [[[13.44741028, 52.4642034], [13.44749679, 52.46404161], [13.44758344, 52.46387983], [13.44773502, 52.46359663], [13.4478563, 52.46340455], [13.44816778, 52.46300278], [13.44820245, 52.46296709], [13.44841019, 52.46275259], [13.4486523, 52.46251498]]]}}, {"type": "Feature", "properties": {"id": "7631", "id1": "7631", "laenge": 106.67, "name": "Ballinstr.", "dtv_2020": 7415, "dtv_2025": 7621, "no2_2020": 21.45, "pm10_2020": 20.95, "pm25_2020": 14.8, "no2_2025": 16.02, "pm10_2025": 20.54, "pm25_2025": 14.37, "n_betrof": 88, "index_2020": 1.06, "index_no2": 0.53, "index_pm10": 0.52}, "geometry": {"type": "MultiLineString", "coordinates": [[[13.4486523, 52.46251498], [13.44912992, 52.4620556], [13.44943309, 52.46168456]]]}}, {"type": "Feature", "properties": {"id": "7632", "id1": "7632", "laenge": 79.29, "name": "Ballinstr.", "dtv_2020": 8556, "dtv_2025": 9257, "no2_2020": 21.94, "pm10_2020": 21.08, "pm25_2020": 14.83, "no2_2025": 16.66, "pm10_2025": 20.76, "pm25_2025": 14.43, "n_betrof": 51, "index_2020": 1.07, "index_no2": 0.54, "index_pm10": 0.52}, "geometry": {"type": "MultiLineString", "coordinates": [[[13.44949369, 52.46161036], [13.44994746, 52.46095367]]]}}, {"type": "Feature", "properties": {"id": "7641", "id1": "7641", "laenge": 17.32, "name": "Dammweg", "dtv_2020": 19901, "dtv_2025": 15731, "no2_2020": 17.26, "pm10_2020": 20.01, "pm25_2020": 14.25, "no2_2025": 13.34, "pm10_2025": 19.57, "pm25_2025": 13.87, "n_betrof": 0, "index_2020": 0.93, "index_no2": 0.43, "index_pm10": 0.5}, "geometry": {"type": "MultiLineString", "coordinates": [[[13.46463527, 52.47027543], [13.46484553, 52.47036357]]]}}, {"type": "Feature", "properties": {"id": "7642", "id1": "7642", "laenge": 98.52, "name": "Dammweg", "dtv_2020": 19901, "dtv_2025": 15731, "no2_2020": 21.95, "pm10_2020": 21.42, "pm25_2020": 14.74, "no2_2025": 15.06, "pm10_2025": 20.45, "pm25_2025": 14.18, "n_betrof": 61, "index_2020": 1.08, "index_no2": 0.54, "index_pm10": 0.53}, "geometry": {"type": "MultiLineString", "coordinates": [[[13.46490047, 52.47039252], [13.46495556, 52.47042138], [13.4650105, 52.47045023], [13.46550512, 52.4707102], [13.46556006, 52.47073914], [13.4659996, 52.47097025]]]}}, {"type": "Feature", "properties": {"id": "7643", "id1": "7643", "laenge": 43.96, "name": "Dammweg", "dtv_2020": 19901, "dtv_2025": 15731, "no2_2020": 18.66, "pm10_2020": 20.41, "pm25_2020": 14.5, "no2_2025": 13.9, "pm10_2025": 19.88, "pm25_2025": 14.06, "n_betrof": 9, "index_2020": 0.97, "index_no2": 0.46, "index_pm10": 0.51}, "geometry": {"type": "MultiLineString", "coordinates": [[[13.4662149, 52.47108723], [13.46648217, 52.47123401], [13.46669599, 52.47135151]]]}}, {"type": "Feature", "properties": {"id": "7644", "id1": "7644", "laenge": 19.85, "name": "Dammweg", "dtv_2020": 19731, "dtv_2025": 16517, "no2_2020": 19.28, "pm10_2020": 20.55, "pm25_2020": 14.55, "no2_2025": 14.03, "pm10_2025": 19.91, "pm25_2025": 14.09, "n_betrof": 6, "index_2020": 0.99, "index_no2": 0.48, "index_pm10": 0.51}, "geometry": {"type": "MultiLineString", "coordinates": [[[13.46685857, 52.47143912], [13.46708114, 52.47155484]]]}}, {"type": "Feature", "properties": {"id": "7645", "id1": "7645", "laenge": 98.48, "name": "Dammweg", "dtv_2020": 19731, "dtv_2025": 16517, "no2_2020": 19.48, "pm10_2020": 20.61, "pm25_2020": 14.57, "no2_2025": 14.09, "pm10_2025": 19.93, "pm25_2025": 14.09, "n_betrof": 34, "index_2020": 1.0, "index_no2": 0.48, "index_pm10": 0.51}, "geometry": {"type": "MultiLineString", "coordinates": [[[13.46713714, 52.47158299], [13.4676964, 52.47186465], [13.46825568, 52.47214621]]]}}, {"type": "Feature", "properties": {"id": "7646", "id1": "7646", "laenge": 132.2, "name": "Dammweg", "dtv_2020": 14663, "dtv_2025": 12869, "no2_2020": 23.17, "pm10_2020": 21.85, "pm25_2020": 14.85, "no2_2025": 15.7, "pm10_2025": 20.94, "pm25_2025": 14.25, "n_betrof": 83, "index_2020": 1.12, "index_no2": 0.57, "index_pm10": 0.54}, "geometry": {"type": "MultiLineString", "coordinates": [[[13.476926, 52.47664167], [13.4776637, 52.47702591], [13.4782932, 52.47736272], [13.47839817, 52.47741892]]]}}, {"type": "Feature", "properties": {"id": "7656", "id1": "7656", "laenge": 90.26, "name": "Hermannstr.", "dtv_2020": 25936, "dtv_2025": 23148, "no2_2020": 29.03, "pm10_2020": 22.81, "pm25_2020": 15.39, "no2_2025": 18.26, "pm10_2025": 21.88, "pm25_2025": 14.7, "n_betrof": 43, "index_2020": 1.29, "index_no2": 0.72, "index_pm10": 0.57}, "geometry": {"type": "MultiLineString", "coordinates": [[[13.43110947, 52.46784304], [13.43113459, 52.46780319], [13.43128516, 52.46756404], [13.43138563, 52.46740461], [13.43158644, 52.46708575]]]}}, {"type": "Feature", "properties": {"id": "7658", "id1": "7658", "laenge": 62.91, "name": "Sonnenallee", "dtv_2020": 28125, "dtv_2025": 27023, "no2_2020": 17.74, "pm10_2020": 20.13, "pm25_2020": 14.34, "no2_2025": 13.67, "pm10_2025": 19.76, "pm25_2025": 13.95, "n_betrof": 19, "index_2020": 0.94, "index_no2": 0.44, "index_pm10": 0.5}, "geometry": {"type": "MultiLineString", "coordinates": [[[13.45756122, 52.47304471], [13.45778367, 52.47293594], [13.45817284, 52.47274555], [13.45828414, 52.47269116]]]}}, {"type": "Feature", "properties": {"id": "7675", "id1": "7675", "laenge": 84.06, "name": "Neue Späthstr.", "dtv_2020": 20962, "dtv_2025": 22638, "no2_2020": 16.87, "pm10_2020": 19.88, "pm25_2020": 14.28, "no2_2025": 13.17, "pm10_2025": 19.51, "pm25_2025": 13.89, "n_betrof": 3, "index_2020": 0.91, "index_no2": 0.42, "index_pm10": 0.49}, "geometry": {"type": "MultiLineString", "coordinates": [[[13.45579374, 52.45314352], [13.45621128, 52.45321038], [13.45648963, 52.45325492], [13.45686325, 52.45332355], [13.4569849, 52.45334653]]]}}, {"type": "Feature", "properties": {"id": "7676", "id1": "7676", "laenge": 123.25, "name": "Neue Späthstr.", "dtv_2020": 20962, "dtv_2025": 22638, "no2_2020": 18.72, "pm10_2020": 20.28, "pm25_2020": 14.42, "no2_2025": 14.44, "pm10_2025": 19.95, "pm25_2025": 14.03, "n_betrof": 19, "index_2020": 0.97, "index_no2": 0.46, "index_pm10": 0.5}, "geometry": {"type": "MultiLineString", "coordinates": [[[13.45726708, 52.45340371], [13.45746713, 52.45344471], [13.45760224, 52.45347381], [13.45814982, 52.45359729], [13.4584236, 52.45365912], [13.45883436, 52.45375169], [13.45897118, 52.45378261]]]}}, {"type": "Feature", "properties": {"id": "7677", "id1": "7677", "laenge": 62.29, "name": "Neue Späthstr.", "dtv_2020": 20962, "dtv_2025": 22638, "no2_2020": 18.0, "pm10_2020": 19.95, "pm25_2020": 14.3, "no2_2025": 13.95, "pm10_2025": 19.59, "pm25_2025": 13.92, "n_betrof": 2, "index_2020": 0.94, "index_no2": 0.45, "index_pm10": 0.49}, "geometry": {"type": "MultiLineString", "coordinates": [[[13.45910815, 52.45381352], [13.45951877, 52.45390608], [13.45968086, 52.45395099], [13.45996155, 52.45401732]]]}}, {"type": "Feature", "properties": {"id": "7716", "id1": "7716", "laenge": 143.69, "name": "Johannisthaler Chaussee", "dtv_2020": 11767, "dtv_2025": 9638, "no2_2020": 14.9, "pm10_2020": 19.48, "pm25_2020": 14.0, "no2_2025": 11.44, "pm10_2025": 19.01, "pm25_2025": 13.58, "n_betrof": 6, "index_2020": 0.85, "index_no2": 0.37, "index_pm10": 0.48}, "geometry": {"type": "MultiLineString", "coordinates": [[[13.48602432, 52.44931705], [13.48610648, 52.4493885], [13.48614764, 52.44942428], [13.48627096, 52.44953159], [13.48634946, 52.44959814], [13.486467, 52.44969792], [13.48658469, 52.44979769], [13.48662387, 52.44983101], [13.48670224, 52.44989747], [13.48677943, 52.44996382], [13.48701087, 52.45016261], [13.48708806, 52.45022887], [13.48712925, 52.45026375], [13.48725266, 52.45036836]]]}}, {"type": "Feature", "properties": {"id": "7719", "id1": "7719", "laenge": 110.58, "name": "Johannisthaler Chaussee", "dtv_2020": 11767, "dtv_2025": 9638, "no2_2020": 14.39, "pm10_2020": 19.32, "pm25_2020": 13.91, "no2_2025": 11.16, "pm10_2025": 18.87, "pm25_2025": 13.5, "n_betrof": 5, "index_2020": 0.84, "index_no2": 0.35, "index_pm10": 0.48}, "geometry": {"type": "MultiLineString", "coordinates": [[[13.48745505, 52.45053459], [13.48769803, 52.45074872], [13.48777902, 52.45082015], [13.48790059, 52.45092717], [13.48806258, 52.45106995], [13.48810301, 52.45110563], [13.488184, 52.45117706], [13.488265, 52.45124841], [13.48836351, 52.45135855]]]}}, {"type": "Feature", "properties": {"id": "7720", "id1": "7720", "laenge": 104.33, "name": "Sonnenallee", "dtv_2020": 28297, "dtv_2025": 26944, "no2_2020": 40.72, "pm10_2020": 25.48, "pm25_2020": 16.72, "no2_2025": 26.42, "pm10_2025": 24.72, "pm25_2025": 15.9, "n_betrof": 110, "index_2020": 1.65, "index_no2": 1.01, "index_pm10": 0.63}, "geometry": {"type": "MultiLineString", "coordinates": [[[13.43142397, 52.48567242], [13.43269012, 52.4852249], [13.43275337, 52.48520245]]]}}, {"type": "Feature", "properties": {"id": "7721", "id1": "7721", "laenge": 14.9, "name": "Sonnenallee", "dtv_2020": 28297, "dtv_2025": 26944, "no2_2020": 21.65, "pm10_2020": 20.72, "pm25_2020": 14.65, "no2_2025": 15.72, "pm10_2025": 20.21, "pm25_2025": 14.16, "n_betrof": 11, "index_2020": 1.05, "index_no2": 0.54, "index_pm10": 0.51}, "geometry": {"type": "MultiLineString", "coordinates": [[[13.43275337, 52.48520245], [13.43294338, 52.48513538]]]}}, {"type": "Feature", "properties": {"id": "7722", "id1": "7722", "laenge": 62.84, "name": "Sonnenallee", "dtv_2020": 27788, "dtv_2025": 26688, "no2_2020": 28.29, "pm10_2020": 22.38, "pm25_2020": 15.39, "no2_2025": 19.43, "pm10_2025": 21.8, "pm25_2025": 14.8, "n_betrof": 45, "index_2020": 1.26, "index_no2": 0.7, "index_pm10": 0.55}, "geometry": {"type": "MultiLineString", "coordinates": [[[13.43294338, 52.48513538], [13.43330735, 52.48500551], [13.43341315, 52.48498732], [13.43353456, 52.48494433], [13.4336446, 52.484894], [13.43373641, 52.4848508]]]}}, {"type": "Feature", "properties": {"id": "7723", "id1": "7723", "laenge": 167.13, "name": "Sonnenallee", "dtv_2020": 28078, "dtv_2025": 26791, "no2_2020": 42.02, "pm10_2020": 25.72, "pm25_2020": 16.87, "no2_2025": 27.46, "pm10_2025": 25.0, "pm25_2025": 16.04, "n_betrof": 186, "index_2020": 1.69, "index_no2": 1.05, "index_pm10": 0.64}, "geometry": {"type": "MultiLineString", "coordinates": [[[13.43377859, 52.48482033], [13.43386263, 52.48475959], [13.43407378, 52.4846571], [13.43422484, 52.48460021], [13.43529604, 52.48406305], [13.43549147, 52.48399263], [13.43570549, 52.48389188]]]}}, {"type": "Feature", "properties": {"id": "7724", "id1": "7724", "laenge": 13.03, "name": "Sonnenallee", "dtv_2020": 28078, "dtv_2025": 26791, "no2_2020": 21.19, "pm10_2020": 20.64, "pm25_2020": 14.65, "no2_2025": 15.53, "pm10_2025": 20.14, "pm25_2025": 14.17, "n_betrof": 10, "index_2020": 1.04, "index_no2": 0.52, "index_pm10": 0.51}, "geometry": {"type": "MultiLineString", "coordinates": [[[13.43570549, 52.48389188], [13.43581243, 52.4838415], [13.43584641, 52.48381363]]]}}, {"type": "Feature", "properties": {"id": "7725", "id1": "7725", "laenge": 172.17, "name": "Sonnenallee", "dtv_2020": 27892, "dtv_2025": 25807, "no2_2020": 39.36, "pm10_2020": 25.43, "pm25_2020": 16.79, "no2_2025": 24.97, "pm10_2025": 24.49, "pm25_2025": 15.93, "n_betrof": 174, "index_2020": 1.62, "index_no2": 0.98, "index_pm10": 0.63}, "geometry": {"type": "MultiLineString", "coordinates": [[[13.43801546, 52.48271553], [13.43869819, 52.48238711], [13.43875512, 52.48235972], [13.43881205, 52.48233242], [13.43886883, 52.48230502], [13.43892577, 52.48227763], [13.43903963, 52.48222294], [13.44000669, 52.48175773]]]}}, {"type": "Feature", "properties": {"id": "7726", "id1": "7726", "laenge": 100.67, "name": "Sonnenallee", "dtv_2020": 29763, "dtv_2025": 27321, "no2_2020": 32.78, "pm10_2020": 23.54, "pm25_2020": 16.0, "no2_2025": 21.49, "pm10_2025": 22.76, "pm25_2025": 15.27, "n_betrof": 98, "index_2020": 1.4, "index_no2": 0.81, "index_pm10": 0.58}, "geometry": {"type": "MultiLineString", "coordinates": [[[13.44022221, 52.4816142], [13.44062073, 52.48141779], [13.44077485, 52.48136156], [13.44139123, 52.48105931]]]}}, {"type": "Feature", "properties": {"id": "7727", "id1": "7727", "laenge": 23.93, "name": "Sonnenallee", "dtv_2020": 29284, "dtv_2025": 27216, "no2_2020": 19.15, "pm10_2020": 20.42, "pm25_2020": 14.6, "no2_2025": 14.27, "pm10_2025": 19.92, "pm25_2025": 14.14, "n_betrof": 14, "index_2020": 0.98, "index_no2": 0.47, "index_pm10": 0.51}, "geometry": {"type": "MultiLineString", "coordinates": [[[13.44150065, 52.481005], [13.44177405, 52.48086933]]]}}, {"type": "Feature", "properties": {"id": "7728", "id1": "7728", "laenge": 72.78, "name": "Sonnenallee", "dtv_2020": 29149, "dtv_2025": 26911, "no2_2020": 26.0, "pm10_2020": 22.06, "pm25_2020": 15.32, "no2_2025": 17.83, "pm10_2025": 21.41, "pm25_2025": 14.73, "n_betrof": 40, "index_2020": 1.2, "index_no2": 0.65, "index_pm10": 0.55}, "geometry": {"type": "MultiLineString", "coordinates": [[[13.44177405, 52.48086933], [13.44182965, 52.48084192], [13.44188525, 52.4808146], [13.44227461, 52.48062301], [13.44233035, 52.48059569], [13.44238596, 52.48056828], [13.44260836, 52.48045882]]]}}, {"type": "Feature", "properties": {"id": "7729", "id1": "7729", "laenge": 98.72, "name": "Sonnenallee", "dtv_2020": 28517, "dtv_2025": 26435, "no2_2020": 33.13, "pm10_2020": 24.01, "pm25_2020": 16.19, "no2_2025": 21.47, "pm10_2025": 23.23, "pm25_2025": 15.45, "n_betrof": 107, "index_2020": 1.42, "index_no2": 0.82, "index_pm10": 0.6}, "geometry": {"type": "MultiLineString", "coordinates": [[[13.44285131, 52.48031789], [13.44295747, 52.48026831], [13.44301047, 52.48024356], [13.44306348, 52.48021873], [13.44322264, 52.48014431], [13.44340372, 52.48006649], [13.4439928, 52.47976908]]]}}, {"type": "Feature", "properties": {"id": "7730", "id1": "7730", "laenge": 87.39, "name": "Sonnenallee", "dtv_2020": 28480, "dtv_2025": 26464, "no2_2020": 38.34, "pm10_2020": 25.19, "pm25_2020": 16.7, "no2_2025": 24.52, "pm10_2025": 24.33, "pm25_2025": 15.87, "n_betrof": 92, "index_2020": 1.58, "index_no2": 0.95, "index_pm10": 0.62}, "geometry": {"type": "MultiLineString", "coordinates": [[[13.4440702, 52.47972901], [13.44461727, 52.47946153], [13.44485102, 52.47936417], [13.44508933, 52.47925006]]]}}, {"type": "Feature", "properties": {"id": "7731", "id1": "7731", "laenge": 38.4, "name": "Sonnenallee", "dtv_2020": 28841, "dtv_2025": 26705, "no2_2020": 20.31, "pm10_2020": 20.49, "pm25_2020": 14.67, "no2_2025": 15.0, "pm10_2025": 19.95, "pm25_2025": 14.21, "n_betrof": 23, "index_2020": 1.02, "index_no2": 0.5, "index_pm10": 0.51}, "geometry": {"type": "MultiLineString", "coordinates": [[[13.44807627, 52.47774417], [13.44818039, 52.47768934], [13.44834187, 52.4776073], [13.44845658, 52.47755289], [13.44851378, 52.47752567]]]}}, {"type": "Feature", "properties": {"id": "7732", "id1": "7732", "laenge": 133.18, "name": "Sonnenallee", "dtv_2020": 28841, "dtv_2025": 26705, "no2_2020": 27.03, "pm10_2020": 21.99, "pm25_2020": 15.45, "no2_2025": 18.26, "pm10_2025": 21.25, "pm25_2025": 14.84, "n_betrof": 72, "index_2020": 1.22, "index_no2": 0.67, "index_pm10": 0.54}, "geometry": {"type": "MultiLineString", "coordinates": [[[13.44851378, 52.47752567], [13.44908703, 52.47725348], [13.44914439, 52.47722627], [13.44920174, 52.47719906], [13.44925909, 52.47717185], [13.44931645, 52.47714464], [13.4500616, 52.47679071]]]}}, {"type": "Feature", "properties": {"id": "7733", "id1": "7733", "laenge": 125.18, "name": "Sonnenallee", "dtv_2020": 27393, "dtv_2025": 26355, "no2_2020": 33.44, "pm10_2020": 23.79, "pm25_2020": 16.45, "no2_2025": 21.94, "pm10_2025": 23.05, "pm25_2025": 15.77, "n_betrof": 124, "index_2020": 1.43, "index_no2": 0.83, "index_pm10": 0.59}, "geometry": {"type": "MultiLineString", "coordinates": [[[13.45305212, 52.4752905], [13.45404722, 52.47480244], [13.45416821, 52.4747534], [13.45449818, 52.47459354]]]}}, {"type": "Feature", "properties": {"id": "7734", "id1": "7734", "laenge": 13.67, "name": "Sonnenallee", "dtv_2020": 27393, "dtv_2025": 26355, "no2_2020": 18.63, "pm10_2020": 20.27, "pm25_2020": 14.51, "no2_2025": 14.09, "pm10_2025": 19.83, "pm25_2025": 14.09, "n_betrof": 7, "index_2020": 0.97, "index_no2": 0.46, "index_pm10": 0.5}, "geometry": {"type": "MultiLineString", "coordinates": [[[13.45449818, 52.47459354], [13.454632, 52.47450169]]]}}, {"type": "Feature", "properties": {"id": "7735", "id1": "7735", "laenge": 101.76, "name": "Sonnenallee", "dtv_2020": 26832, "dtv_2025": 26374, "no2_2020": 27.31, "pm10_2020": 22.68, "pm25_2020": 15.48, "no2_2025": 19.01, "pm10_2025": 22.22, "pm25_2025": 14.96, "n_betrof": 74, "index_2020": 1.25, "index_no2": 0.68, "index_pm10": 0.56}, "geometry": {"type": "MultiLineString", "coordinates": [[[13.45474221, 52.47444927], [13.45496276, 52.47434453], [13.45522766, 52.47420557], [13.45590182, 52.47387037]]]}}, {"type": "Feature", "properties": {"id": "7736", "id1": "7736", "laenge": 128.8, "name": "Sonnenallee", "dtv_2020": 28125, "dtv_2025": 27023, "no2_2020": 22.03, "pm10_2020": 21.3, "pm25_2020": 14.88, "no2_2025": 15.96, "pm10_2025": 20.85, "pm25_2025": 14.42, "n_betrof": 43, "index_2020": 1.08, "index_no2": 0.55, "index_pm10": 0.53}, "geometry": {"type": "MultiLineString", "coordinates": [[[13.45608998, 52.47377402], [13.45619222, 52.47372186], [13.45671606, 52.47345357], [13.45692911, 52.47334423], [13.45709506, 52.47327662], [13.4571986, 52.4732251], [13.45725044, 52.47319935], [13.45756122, 52.47304471]]]}}, {"type": "Feature", "properties": {"id": "7737", "id1": "7737", "laenge": 35.59, "name": "Sonnenallee", "dtv_2020": 31083, "dtv_2025": 26043, "no2_2020": 18.19, "pm10_2020": 20.26, "pm25_2020": 14.4, "no2_2025": 13.88, "pm10_2025": 19.84, "pm25_2025": 14.01, "n_betrof": 7, "index_2020": 0.96, "index_no2": 0.45, "index_pm10": 0.5}, "geometry": {"type": "MultiLineString", "coordinates": [[[13.46422939, 52.47047758], [13.46445216, 52.47037159], [13.46463527, 52.47027543]]]}}, {"type": "Feature", "properties": {"id": "7738", "id1": "7738", "laenge": 241.33, "name": "Sonnenallee", "dtv_2020": 31083, "dtv_2025": 30658, "no2_2020": 17.72, "pm10_2020": 20.44, "pm25_2020": 14.52, "no2_2025": 14.72, "pm10_2025": 20.37, "pm25_2025": 14.28, "n_betrof": 2, "index_2020": 0.95, "index_no2": 0.44, "index_pm10": 0.51}, "geometry": {"type": "MultiLineString", "coordinates": [[[13.45867184, 52.47249634], [13.45916237, 52.47226186], [13.45932588, 52.4721837], [13.46000844, 52.47188042], [13.46058619, 52.47165238], [13.46094426, 52.47152145], [13.4615029, 52.47133424], [13.46162445, 52.47129806]]]}}, {"type": "Feature", "properties": {"id": "7739", "id1": "7739", "laenge": 159.43, "name": "Sonnenallee", "dtv_2020": 31083, "dtv_2025": 26043, "no2_2020": 24.25, "pm10_2020": 21.72, "pm25_2020": 15.02, "no2_2025": 16.51, "pm10_2025": 20.99, "pm25_2025": 14.46, "n_betrof": 121, "index_2020": 1.14, "index_no2": 0.6, "index_pm10": 0.54}, "geometry": {"type": "MultiLineString", "coordinates": [[[13.4621601, 52.47114535], [13.46227602, 52.47111422], [13.46273348, 52.47098269], [13.46306371, 52.47089419], [13.46339433, 52.4707986], [13.46371355, 52.47069206], [13.46399792, 52.47057986], [13.46422939, 52.47047758]]]}}, {"type": "Feature", "properties": {"id": "7740", "id1": "7740", "laenge": 86.72, "name": "Sonnenallee", "dtv_2020": 16055, "dtv_2025": 13879, "no2_2020": 21.67, "pm10_2020": 20.99, "pm25_2020": 14.67, "no2_2025": 15.13, "pm10_2025": 20.4, "pm25_2025": 14.18, "n_betrof": 64, "index_2020": 1.06, "index_no2": 0.54, "index_pm10": 0.52}, "geometry": {"type": "MultiLineString", "coordinates": [[[13.46481975, 52.47015249], [13.46500423, 52.47002964], [13.46537839, 52.46978679], [13.46546156, 52.46974048], [13.46554473, 52.46969418], [13.46569094, 52.46958378]]]}}, {"type": "Feature", "properties": {"id": "7741", "id1": "7741", "laenge": 117.23, "name": "Sonnenallee", "dtv_2020": 16055, "dtv_2025": 13879, "no2_2020": 17.61, "pm10_2020": 20.14, "pm25_2020": 14.35, "no2_2025": 13.51, "pm10_2025": 19.71, "pm25_2025": 13.95, "n_betrof": 12, "index_2020": 0.94, "index_no2": 0.44, "index_pm10": 0.5}, "geometry": {"type": "MultiLineString", "coordinates": [[[13.46569094, 52.46958378], [13.46578931, 52.46951969], [13.46657593, 52.46900706], [13.46687087, 52.46881479]]]}}, {"type": "Feature", "properties": {"id": "7742", "id1": "7742", "laenge": 112.13, "name": "Sonnenallee", "dtv_2020": 15879, "dtv_2025": 15096, "no2_2020": 18.26, "pm10_2020": 20.14, "pm25_2020": 14.26, "no2_2025": 13.77, "pm10_2025": 19.68, "pm25_2025": 13.84, "n_betrof": 51, "index_2020": 0.96, "index_no2": 0.45, "index_pm10": 0.5}, "geometry": {"type": "MultiLineString", "coordinates": [[[13.47118629, 52.46596671], [13.47128174, 52.46590132], [13.47228362, 52.46521387]]]}}, {"type": "Feature", "properties": {"id": "7743", "id1": "7743", "laenge": 120.74, "name": "Sonnenallee", "dtv_2020": 15678, "dtv_2025": 15218, "no2_2020": 17.61, "pm10_2020": 19.96, "pm25_2020": 14.18, "no2_2025": 13.43, "pm10_2025": 19.52, "pm25_2025": 13.77, "n_betrof": 63, "index_2020": 0.93, "index_no2": 0.44, "index_pm10": 0.49}, "geometry": {"type": "MultiLineString", "coordinates": [[[13.47228362, 52.46521387], [13.47281062, 52.46486112], [13.47290647, 52.46479699], [13.47295439, 52.46476488], [13.47309816, 52.46466874], [13.47348153, 52.46441213]]]}}, {"type": "Feature", "properties": {"id": "7745", "id1": "7745", "laenge": 48.3, "name": "Sonnenallee", "dtv_2020": 15156, "dtv_2025": 14560, "no2_2020": 18.02, "pm10_2020": 20.02, "pm25_2020": 14.23, "no2_2025": 13.76, "pm10_2025": 19.57, "pm25_2025": 13.81, "n_betrof": 44, "index_2020": 0.95, "index_no2": 0.45, "index_pm10": 0.5}, "geometry": {"type": "MultiLineString", "coordinates": [[[13.4743079, 52.46385582], [13.47478782, 52.46353546]]]}}, {"type": "Feature", "properties": {"id": "7746", "id1": "7746", "laenge": 122.83, "name": "Sonnenallee", "dtv_2020": 16035, "dtv_2025": 15575, "no2_2020": 17.11, "pm10_2020": 19.8, "pm25_2020": 14.14, "no2_2025": 13.34, "pm10_2025": 19.36, "pm25_2025": 13.73, "n_betrof": 25, "index_2020": 0.92, "index_no2": 0.42, "index_pm10": 0.49}, "geometry": {"type": "MultiLineString", "coordinates": [[[13.47497979, 52.46340729], [13.47519179, 52.46327453], [13.47580074, 52.46290457], [13.47585228, 52.46287413], [13.47626476, 52.46263075]]]}}, {"type": "Feature", "properties": {"id": "7748", "id1": "7748", "laenge": 14.92, "name": "Sonnenallee", "dtv_2020": 16035, "dtv_2025": 15575, "no2_2020": 16.99, "pm10_2020": 19.77, "pm25_2020": 14.1, "no2_2025": 13.11, "pm10_2025": 19.33, "pm25_2025": 13.69, "n_betrof": 5, "index_2020": 0.91, "index_no2": 0.42, "index_pm10": 0.49}, "geometry": {"type": "MultiLineString", "coordinates": [[[13.4768555, 52.46231001], [13.47702163, 52.46222224]]]}}, {"type": "Feature", "properties": {"id": "7749", "id1": "7749", "laenge": 189.99, "name": "Späthstr.", "dtv_2020": 20422, "dtv_2025": 22098, "no2_2020": 21.8, "pm10_2020": 21.33, "pm25_2020": 14.87, "no2_2025": 16.55, "pm10_2025": 21.01, "pm25_2025": 14.46, "n_betrof": 48, "index_2020": 1.07, "index_no2": 0.54, "index_pm10": 0.53}, "geometry": {"type": "MultiLineString", "coordinates": [[[13.45253459, 52.4526127], [13.45315489, 52.45270974], [13.45322382, 52.45272053], [13.4534785, 52.45278572], [13.4536177, 52.45280732], [13.45368722, 52.45281821], [13.45396562, 52.45286141], [13.45452212, 52.45294798], [13.45523153, 52.45305589]]]}}, {"type": "Feature", "properties": {"id": "7750", "id1": "7750", "laenge": 87.42, "name": "Späthstr.", "dtv_2020": 17572, "dtv_2025": 15689, "no2_2020": 19.59, "pm10_2020": 20.45, "pm25_2020": 14.51, "no2_2025": 14.65, "pm10_2025": 19.99, "pm25_2025": 14.09, "n_betrof": 4, "index_2020": 1.0, "index_no2": 0.48, "index_pm10": 0.51}, "geometry": {"type": "MultiLineString", "coordinates": [[[13.46559718, 52.45201183], [13.46568403, 52.45197727], [13.46584471, 52.45194842], [13.46591373, 52.45193979], [13.46605193, 52.45192252], [13.466255, 52.45190618], [13.46632134, 52.45190281], [13.46645388, 52.45189608], [13.46658656, 52.45188935], [13.46685178, 52.4518758]]]}}, {"type": "Feature", "properties": {"id": "7751", "id1": "7751", "laenge": 185.92, "name": "Späthstr.", "dtv_2020": 17572, "dtv_2025": 15689, "no2_2020": 17.21, "pm10_2020": 19.85, "pm25_2020": 14.23, "no2_2025": 13.35, "pm10_2025": 19.45, "pm25_2025": 13.84, "n_betrof": 2, "index_2020": 0.92, "index_no2": 0.43, "index_pm10": 0.49}, "geometry": {"type": "MultiLineString", "coordinates": [[[13.46685178, 52.4518758], [13.46722582, 52.45186878], [13.46764971, 52.45189279], [13.46800309, 52.45191275], [13.46880989, 52.45194576], [13.46957243, 52.45201992]]]}}, {"type": "Feature", "properties": {"id": "7752", "id1": "7752", "laenge": 158.71, "name": "Späthstr.", "dtv_2020": 15103, "dtv_2025": 13329, "no2_2020": 17.67, "pm10_2020": 20.09, "pm25_2020": 14.25, "no2_2025": 13.18, "pm10_2025": 19.58, "pm25_2025": 13.81, "n_betrof": 30, "index_2020": 0.94, "index_no2": 0.44, "index_pm10": 0.5}, "geometry": {"type": "MultiLineString", "coordinates": [[[13.47059127, 52.4524823], [13.47074643, 52.45263391], [13.47086273, 52.45274763], [13.47094031, 52.45282344], [13.4711729, 52.45305086], [13.47121177, 52.45308877], [13.47140565, 52.45327829], [13.47148177, 52.45335381], [13.4715199, 52.45339161], [13.47171028, 52.45358046], [13.47182453, 52.45369378]]]}}, {"type": "Feature", "properties": {"id": "7753", "id1": "7753", "laenge": 86.73, "name": "Späthstr.", "dtv_2020": 15103, "dtv_2025": 13329, "no2_2020": 16.87, "pm10_2020": 19.8, "pm25_2020": 14.14, "no2_2025": 12.85, "pm10_2025": 19.35, "pm25_2025": 13.73, "n_betrof": 5, "index_2020": 0.91, "index_no2": 0.42, "index_pm10": 0.49}, "geometry": {"type": "MultiLineString", "coordinates": [[[13.46962604, 52.452027], [13.46973313, 52.45204106], [13.46987067, 52.45206424], [13.47013282, 52.45213902], [13.47024793, 52.45218924], [13.47035868, 52.45225487], [13.4703974, 52.45229277], [13.47043626, 52.45233068], [13.47047498, 52.45236858], [13.47055256, 52.45244439], [13.47059127, 52.4524823]]]}}, {"type": "Feature", "properties": {"id": "7754", "id1": "7754", "laenge": 270.8, "name": "Späthstr.", "dtv_2020": 15395, "dtv_2025": 16128, "no2_2020": 15.35, "pm10_2020": 19.22, "pm25_2020": 13.8, "no2_2025": 11.96, "pm10_2025": 18.82, "pm25_2025": 13.42, "n_betrof": 19, "index_2020": 0.86, "index_no2": 0.38, "index_pm10": 0.48}, "geometry": {"type": "MultiLineString", "coordinates": [[[13.47265724, 52.45446725], [13.47293964, 52.45464263], [13.47391735, 52.45526745], [13.47401873, 52.45533188], [13.47412011, 52.45539631], [13.47447481, 52.45562197], [13.47462674, 52.4557187], [13.47477882, 52.45581534], [13.4748802, 52.45587985], [13.4752856, 52.45613773], [13.47543721, 52.45620963]]]}}, {"type": "Feature", "properties": {"id": "7769", "id1": "7769", "laenge": 64.91, "name": "Wildenbruchstr.", "dtv_2020": 11656, "dtv_2025": 9425, "no2_2020": 37.96, "pm10_2020": 24.53, "pm25_2020": 16.17, "no2_2025": 21.45, "pm10_2025": 23.04, "pm25_2025": 15.17, "n_betrof": 71, "index_2020": 1.56, "index_no2": 0.94, "index_pm10": 0.61}, "geometry": {"type": "MultiLineString", "coordinates": [[[13.44027281, 52.48180728], [13.44087471, 52.48226054]]]}}, {"type": "Feature", "properties": {"id": "7770", "id1": "7770", "laenge": 67.79, "name": "Wildenbruchstr.", "dtv_2020": 11735, "dtv_2025": 9431, "no2_2020": 35.2, "pm10_2020": 24.47, "pm25_2020": 16.2, "no2_2025": 19.84, "pm10_2025": 22.89, "pm25_2025": 15.22, "n_betrof": 71, "index_2020": 1.49, "index_no2": 0.88, "index_pm10": 0.61}, "geometry": {"type": "MultiLineString", "coordinates": [[[13.44105688, 52.48239808], [13.44168323, 52.48287252]]]}}, {"type": "Feature", "properties": {"id": "7771", "id1": "7771", "laenge": 119.81, "name": "Wildenbruchstr.", "dtv_2020": 11382, "dtv_2025": 9382, "no2_2020": 30.72, "pm10_2020": 23.55, "pm25_2020": 15.84, "no2_2025": 18.35, "pm10_2025": 22.25, "pm25_2025": 15.01, "n_betrof": 126, "index_2020": 1.35, "index_no2": 0.76, "index_pm10": 0.58}, "geometry": {"type": "MultiLineString", "coordinates": [[[13.44186645, 52.48300953], [13.442991, 52.48383938]]]}}, {"type": "Feature", "properties": {"id": "7772", "id1": "7772", "laenge": 76.11, "name": "Wildenbruchstr.", "dtv_2020": 11651, "dtv_2025": 9554, "no2_2020": 28.2, "pm10_2020": 22.65, "pm25_2020": 15.35, "no2_2025": 17.28, "pm10_2025": 21.53, "pm25_2025": 14.61, "n_betrof": 67, "index_2020": 1.27, "index_no2": 0.7, "index_pm10": 0.56}, "geometry": {"type": "MultiLineString", "coordinates": [[[13.44555302, 52.48577972], [13.44623912, 52.48632073]]]}}, {"type": "Feature", "properties": {"id": "7774", "id1": "7774", "laenge": 13.17, "name": "Treptower Str.", "dtv_2020": 7566, "dtv_2025": 6038, "no2_2020": 18.04, "pm10_2020": 20.02, "pm25_2020": 14.46, "no2_2025": 13.94, "pm10_2025": 19.53, "pm25_2025": 14.02, "n_betrof": 6, "index_2020": 0.95, "index_no2": 0.45, "index_pm10": 0.5}, "geometry": {"type": "MultiLineString", "coordinates": [[[13.44809576, 52.4778222], [13.44812506, 52.47793929]]]}}, {"type": "Feature", "properties": {"id": "7775", "id1": "7775", "laenge": 49.13, "name": "Treptower Str.", "dtv_2020": 7566, "dtv_2025": 6038, "no2_2020": 19.95, "pm10_2020": 20.38, "pm25_2020": 14.67, "no2_2025": 14.82, "pm10_2025": 19.79, "pm25_2025": 14.16, "n_betrof": 28, "index_2020": 1.0, "index_no2": 0.49, "index_pm10": 0.5}, "geometry": {"type": "MultiLineString", "coordinates": [[[13.44816472, 52.4780593], [13.44821739, 52.47814028], [13.44856582, 52.47842393]]]}}, {"type": "Feature", "properties": {"id": "7776", "id1": "7776", "laenge": 96.72, "name": "Treptower Str.", "dtv_2020": 8061, "dtv_2025": 6334, "no2_2020": 23.64, "pm10_2020": 21.27, "pm25_2020": 15.21, "no2_2025": 16.51, "pm10_2025": 20.44, "pm25_2025": 14.53, "n_betrof": 89, "index_2020": 1.12, "index_no2": 0.59, "index_pm10": 0.53}, "geometry": {"type": "MultiLineString", "coordinates": [[[13.45082157, 52.48014337], [13.45086603, 52.48017731], [13.45091049, 52.48021125], [13.45095509, 52.48024519], [13.45099955, 52.48027913], [13.45104401, 52.48031307], [13.45171163, 52.48082207]]]}}, {"type": "Feature", "properties": {"id": "7777", "id1": "7777", "laenge": 84.92, "name": "Treptower Str.", "dtv_2020": 8026, "dtv_2025": 6273, "no2_2020": 23.96, "pm10_2020": 21.58, "pm25_2020": 15.09, "no2_2025": 16.7, "pm10_2025": 20.7, "pm25_2025": 14.43, "n_betrof": 76, "index_2020": 1.13, "index_no2": 0.59, "index_pm10": 0.53}, "geometry": {"type": "MultiLineString", "coordinates": [[[13.4523652, 52.48131246], [13.45314539, 52.48190897]]]}}, {"type": "Feature", "properties": {"id": "7843", "id1": "7843", "laenge": 296.04, "name": "Alt-Treptow", "dtv_2020": 22090, "dtv_2025": 20056, "no2_2020": 14.74, "pm10_2020": 18.95, "pm25_2020": 13.47, "no2_2025": 11.49, "pm10_2025": 18.51, "pm25_2025": 13.08, "n_betrof": 1, "index_2020": 0.84, "index_no2": 0.36, "index_pm10": 0.47}, "geometry": {"type": "MultiLineString", "coordinates": [[[13.47687887, 52.48735119], [13.47691332, 52.48731315], [13.47722327, 52.48697026], [13.4779844, 52.48614335], [13.47899766, 52.48502558]]]}}, {"type": "Feature", "properties": {"id": "7857", "id1": "7857", "laenge": 170.19, "name": "Am Treptower Park", "dtv_2020": 24487, "dtv_2025": 19826, "no2_2020": 22.68, "pm10_2020": 21.69, "pm25_2020": 14.86, "no2_2025": 15.64, "pm10_2025": 20.68, "pm25_2025": 14.22, "n_betrof": 89, "index_2020": 1.1, "index_no2": 0.56, "index_pm10": 0.54}, "geometry": {"type": "MultiLineString", "coordinates": [[[13.46533906, 52.48648824], [13.46612207, 52.48596154], [13.46701982, 52.48535352]]]}}, {"type": "Feature", "properties": {"id": "7858", "id1": "7858", "laenge": 127.44, "name": "Am Treptower Park", "dtv_2020": 24401, "dtv_2025": 18921, "no2_2020": 22.49, "pm10_2020": 21.57, "pm25_2020": 14.82, "no2_2025": 15.3, "pm10_2025": 20.49, "pm25_2025": 14.14, "n_betrof": 69, "index_2020": 1.1, "index_no2": 0.56, "index_pm10": 0.53}, "geometry": {"type": "MultiLineString", "coordinates": [[[13.4672112, 52.48522428], [13.46847133, 52.48437539]]]}}, {"type": "Feature", "properties": {"id": "7878", "id1": "7878", "laenge": 33.85, "name": "Baumschulenstr.", "dtv_2020": 18650, "dtv_2025": 15827, "no2_2020": 26.16, "pm10_2020": 22.66, "pm25_2020": 14.94, "no2_2025": 16.9, "pm10_2025": 21.46, "pm25_2025": 14.25, "n_betrof": 30, "index_2020": 1.22, "index_no2": 0.65, "index_pm10": 0.56}, "geometry": {"type": "MultiLineString", "coordinates": [[[13.48884671, 52.46704108], [13.4889268, 52.46712267], [13.48902886, 52.46720309], [13.48913621, 52.46728826]]]}}, {"type": "Feature", "properties": {"id": "7879", "id1": "7879", "laenge": 97.05, "name": "Baumschulenstr.", "dtv_2020": 18237, "dtv_2025": 15827, "no2_2020": 31.53, "pm10_2020": 24.44, "pm25_2020": 15.58, "no2_2025": 19.62, "pm10_2025": 22.9, "pm25_2025": 14.76, "n_betrof": 86, "index_2020": 1.39, "index_no2": 0.78, "index_pm10": 0.61}, "geometry": {"type": "MultiLineString", "coordinates": [[[13.48799566, 52.46634068], [13.48817501, 52.4664943], [13.4886249, 52.46687227], [13.48884671, 52.46704108]]]}}, {"type": "Feature", "properties": {"id": "7880", "id1": "7880", "laenge": 22.2, "name": "Baumschulenstr.", "dtv_2020": 17128, "dtv_2025": 15669, "no2_2020": 17.67, "pm10_2020": 20.1, "pm25_2020": 14.08, "no2_2025": 13.27, "pm10_2025": 19.56, "pm25_2025": 13.64, "n_betrof": 12, "index_2020": 0.94, "index_no2": 0.44, "index_pm10": 0.5}, "geometry": {"type": "MultiLineString", "coordinates": [[[13.48712412, 52.46563354], [13.48723969, 52.46571909], [13.48728278, 52.46575479], [13.48732572, 52.4657905]]]}}, {"type": "Feature", "properties": {"id": "7881", "id1": "7881", "laenge": 72.07, "name": "Baumschulenstr.", "dtv_2020": 17128, "dtv_2025": 15669, "no2_2020": 27.92, "pm10_2020": 23.11, "pm25_2020": 15.13, "no2_2025": 18.47, "pm10_2025": 22.14, "pm25_2025": 14.47, "n_betrof": 58, "index_2020": 1.27, "index_no2": 0.69, "index_pm10": 0.57}, "geometry": {"type": "MultiLineString", "coordinates": [[[13.48732572, 52.4657905], [13.48766939, 52.46607604], [13.48795977, 52.46630992]]]}}, {"type": "Feature", "properties": {"id": "7882", "id1": "7882", "laenge": 154.91, "name": "Baumschulenstr.", "dtv_2020": 17178, "dtv_2025": 15132, "no2_2020": 28.65, "pm10_2020": 23.36, "pm25_2020": 15.36, "no2_2025": 18.27, "pm10_2025": 22.16, "pm25_2025": 14.62, "n_betrof": 130, "index_2020": 1.3, "index_no2": 0.71, "index_pm10": 0.58}, "geometry": {"type": "MultiLineString", "coordinates": [[[13.48422552, 52.46323466], [13.48434114, 52.46333567], [13.48459695, 52.46354664], [13.48463961, 52.4635818], [13.48468226, 52.46361706], [13.48476758, 52.46368738], [13.48493822, 52.46382803], [13.48557797, 52.46435564]]]}}, {"type": "Feature", "properties": {"id": "7883", "id1": "7883", "laenge": 129.18, "name": "Baumschulenstr.", "dtv_2020": 17178, "dtv_2025": 15132, "no2_2020": 29.19, "pm10_2020": 23.57, "pm25_2020": 15.43, "no2_2025": 18.58, "pm10_2025": 22.33, "pm25_2025": 14.68, "n_betrof": 100, "index_2020": 1.31, "index_no2": 0.72, "index_pm10": 0.58}, "geometry": {"type": "MultiLineString", "coordinates": [[[13.4858352, 52.46456833], [13.48652762, 52.46514435], [13.48696044, 52.4655044]]]}}, {"type": "Feature", "properties": {"id": "7884", "id1": "7884", "laenge": 68.21, "name": "Baumschulenstr.", "dtv_2020": 16593, "dtv_2025": 14232, "no2_2020": 24.87, "pm10_2020": 22.16, "pm25_2020": 15.04, "no2_2025": 16.48, "pm10_2025": 21.15, "pm25_2025": 14.36, "n_betrof": 55, "index_2020": 1.17, "index_no2": 0.62, "index_pm10": 0.55}, "geometry": {"type": "MultiLineString", "coordinates": [[[13.48337473, 52.46253989], [13.48356491, 52.4626941], [13.48397385, 52.46303192]]]}}, {"type": "Feature", "properties": {"id": "7885", "id1": "7885", "laenge": 19.18, "name": "Baumschulenstr.", "dtv_2020": 16593, "dtv_2025": 14232, "no2_2020": 16.31, "pm10_2020": 19.65, "pm25_2020": 13.97, "no2_2025": 12.49, "pm10_2025": 19.16, "pm25_2025": 13.55, "n_betrof": 5, "index_2020": 0.89, "index_no2": 0.4, "index_pm10": 0.49}, "geometry": {"type": "MultiLineString", "coordinates": [[[13.48397385, 52.46303192], [13.48405574, 52.46309941], [13.4841485, 52.46316732]]]}}, {"type": "Feature", "properties": {"id": "7886", "id1": "7886", "laenge": 87.7, "name": "Baumschulenstr.", "dtv_2020": 16516, "dtv_2025": 14242, "no2_2020": 24.04, "pm10_2020": 21.87, "pm25_2020": 14.92, "no2_2025": 16.1, "pm10_2025": 20.93, "pm25_2025": 14.27, "n_betrof": 68, "index_2020": 1.14, "index_no2": 0.6, "index_pm10": 0.54}, "geometry": {"type": "MultiLineString", "coordinates": [[[13.48260215, 52.46190834], [13.48294632, 52.46218599], [13.48337473, 52.46253989]]]}}, {"type": "Feature", "properties": {"id": "7887", "id1": "7887", "laenge": 103.17, "name": "Baumschulenstr.", "dtv_2020": 16534, "dtv_2025": 14230, "no2_2020": 29.5, "pm10_2020": 23.42, "pm25_2020": 15.41, "no2_2025": 18.48, "pm10_2025": 22.14, "pm25_2025": 14.62, "n_betrof": 88, "index_2020": 1.32, "index_no2": 0.73, "index_pm10": 0.58}, "geometry": {"type": "MultiLineString", "coordinates": [[[13.48141813, 52.46093209], [13.48232592, 52.46167552]]]}}, {"type": "Feature", "properties": {"id": "7888", "id1": "7888", "laenge": 31.98, "name": "Baumschulenstr.", "dtv_2020": 16534, "dtv_2025": 14230, "no2_2020": 19.43, "pm10_2020": 20.44, "pm25_2020": 14.27, "no2_2025": 13.84, "pm10_2025": 19.77, "pm25_2025": 13.77, "n_betrof": 28, "index_2020": 0.99, "index_no2": 0.48, "index_pm10": 0.51}, "geometry": {"type": "MultiLineString", "coordinates": [[[13.48232592, 52.46167552], [13.48260215, 52.46190834]]]}}, {"type": "Feature", "properties": {"id": "7889", "id1": "7889", "laenge": 33.11, "name": "Baumschulenstr.", "dtv_2020": 24583, "dtv_2025": 20725, "no2_2020": 17.74, "pm10_2020": 19.92, "pm25_2020": 14.1, "no2_2025": 13.07, "pm10_2025": 19.34, "pm25_2025": 13.64, "n_betrof": 12, "index_2020": 0.94, "index_no2": 0.44, "index_pm10": 0.49}, "geometry": {"type": "MultiLineString", "coordinates": [[[13.48058749, 52.46027838], [13.48075055, 52.46041624], [13.48079131, 52.46045075], [13.48087284, 52.46051968]]]}}, {"type": "Feature", "properties": {"id": "7949", "id1": "7949", "laenge": 97.49, "name": "Forsthausallee", "dtv_2020": 4538, "dtv_2025": 2647, "no2_2020": 16.7, "pm10_2020": 19.63, "pm25_2020": 14.01, "no2_2025": 12.44, "pm10_2025": 18.97, "pm25_2025": 13.52, "n_betrof": 40, "index_2020": 0.9, "index_no2": 0.41, "index_pm10": 0.49}, "geometry": {"type": "MultiLineString", "coordinates": [[[13.47889306, 52.46029409], [13.47931508, 52.46032334], [13.47981793, 52.4603522], [13.48032063, 52.46038095]]]}}, {"type": "Feature", "properties": {"id": "7950", "id1": "7950", "laenge": 109.06, "name": "Forsthausallee", "dtv_2020": 4538, "dtv_2025": 2647, "no2_2020": 15.93, "pm10_2020": 19.4, "pm25_2020": 13.95, "no2_2025": 12.52, "pm10_2025": 18.93, "pm25_2025": 13.54, "n_betrof": 13, "index_2020": 0.88, "index_no2": 0.39, "index_pm10": 0.48}, "geometry": {"type": "MultiLineString", "coordinates": [[[13.47521882, 52.4601922], [13.47556147, 52.46016272], [13.47593649, 52.46013357], [13.47605782, 52.46012803], [13.47617915, 52.46012249], [13.47638915, 52.4601323], [13.47667232, 52.46015024], [13.4768139, 52.46015917]]]}}, {"type": "Feature", "properties": {"id": "7951", "id1": "7951", "laenge": 113.37, "name": "Forsthausallee", "dtv_2020": 4538, "dtv_2025": 2647, "no2_2020": 16.66, "pm10_2020": 19.62, "pm25_2020": 14.03, "no2_2025": 12.59, "pm10_2025": 19.01, "pm25_2025": 13.56, "n_betrof": 32, "index_2020": 0.9, "index_no2": 0.41, "index_pm10": 0.49}, "geometry": {"type": "MultiLineString", "coordinates": [[[13.47695256, 52.4601677], [13.47708844, 52.46017574], [13.47722431, 52.46018378], [13.47729217, 52.4601878], [13.47742805, 52.46019585], [13.47776781, 52.46021604], [13.47861171, 52.46027456]]]}}, {"type": "Feature", "properties": {"id": "8065", "id1": "8065", "laenge": 72.94, "name": "Königsheideweg", "dtv_2020": 8617, "dtv_2025": 6572, "no2_2020": 17.34, "pm10_2020": 19.73, "pm25_2020": 14.03, "no2_2025": 12.67, "pm10_2025": 19.14, "pm25_2025": 13.55, "n_betrof": 12, "index_2020": 0.92, "index_no2": 0.43, "index_pm10": 0.49}, "geometry": {"type": "MultiLineString", "coordinates": [[[13.47617363, 52.45581084], [13.47627892, 52.45575384], [13.47659821, 52.45558164], [13.47681579, 52.45546495], [13.47697908, 52.4553775]]]}}, {"type": "Feature", "properties": {"id": "8066", "id1": "8066", "laenge": 118.06, "name": "Königsheideweg", "dtv_2020": 8617, "dtv_2025": 6572, "no2_2020": 15.58, "pm10_2020": 19.32, "pm25_2020": 13.84, "no2_2025": 11.89, "pm10_2025": 18.83, "pm25_2025": 13.41, "n_betrof": 5, "index_2020": 0.87, "index_no2": 0.38, "index_pm10": 0.48}, "geometry": {"type": "MultiLineString", "coordinates": [[[13.47719666, 52.4552609], [13.47730552, 52.45520261], [13.47735995, 52.45517346], [13.47741438, 52.45514422], [13.47823054, 52.45470688], [13.47850254, 52.45456103]]]}}, {"type": "Feature", "properties": {"id": "8067", "id1": "8067", "laenge": 32.6, "name": "Königsheideweg", "dtv_2020": 8617, "dtv_2025": 6572, "no2_2020": 14.29, "pm10_2020": 19.02, "pm25_2020": 13.69, "no2_2025": 11.32, "pm10_2025": 18.61, "pm25_2025": 13.31, "n_betrof": 0, "index_2020": 0.83, "index_no2": 0.35, "index_pm10": 0.47}, "geometry": {"type": "MultiLineString", "coordinates": [[[13.47884203, 52.45437857], [13.479041, 52.45425498], [13.47917254, 52.45416622]]]}}, {"type": "Feature", "properties": {"id": "8079", "id1": "8079", "laenge": 138.26, "name": "Köpenicker Chaussee", "dtv_2020": 25953, "dtv_2025": 23443, "no2_2020": 14.62, "pm10_2020": 19.12, "pm25_2020": 13.52, "no2_2025": 11.3, "pm10_2025": 18.63, "pm25_2025": 13.11, "n_betrof": 21, "index_2020": 0.84, "index_no2": 0.36, "index_pm10": 0.47}, "geometry": {"type": "MultiLineString", "coordinates": [[[13.49758234, 52.48652911], [13.49777534, 52.4863414], [13.49858941, 52.48555261], [13.49866738, 52.48547745]]]}}, {"type": "Feature", "properties": {"id": "8080", "id1": "8080", "laenge": 275.98, "name": "Köpenicker Chaussee", "dtv_2020": 25953, "dtv_2025": 23443, "no2_2020": 18.07, "pm10_2020": 20.13, "pm25_2020": 14.0, "no2_2025": 12.95, "pm10_2025": 19.46, "pm25_2025": 13.49, "n_betrof": 111, "index_2020": 0.95, "index_no2": 0.45, "index_pm10": 0.5}, "geometry": {"type": "MultiLineString", "coordinates": [[[13.4989404, 52.48521451], [13.49960323, 52.48457575], [13.50025848, 52.48397312], [13.50106919, 52.48328065], [13.50118692, 52.48314872]]]}}, {"type": "Feature", "properties": {"id": "8082", "id1": "8082", "laenge": 185.15, "name": "Köpenicker Landstr.", "dtv_2020": 28737, "dtv_2025": 19700, "no2_2020": 16.76, "pm10_2020": 19.92, "pm25_2020": 14.17, "no2_2025": 12.55, "pm10_2025": 19.32, "pm25_2025": 13.71, "n_betrof": 7, "index_2020": 0.91, "index_no2": 0.41, "index_pm10": 0.49}, "geometry": {"type": "MultiLineString", "coordinates": [[[13.47333786, 52.48123587], [13.47381339, 52.48090763], [13.4743363, 52.48054655], [13.47447901, 52.48044805], [13.47515311, 52.47999424]]]}}, {"type": "Feature", "properties": {"id": "8083", "id1": "8083", "laenge": 59.87, "name": "Köpenicker Landstr.", "dtv_2020": 28714, "dtv_2025": 19565, "no2_2020": 19.33, "pm10_2020": 20.73, "pm25_2020": 14.49, "no2_2025": 13.33, "pm10_2025": 19.77, "pm25_2025": 13.88, "n_betrof": 27, "index_2020": 1.0, "index_no2": 0.48, "index_pm10": 0.51}, "geometry": {"type": "MultiLineString", "coordinates": [[[13.47535017, 52.4798612], [13.47594152, 52.47946207]]]}}, {"type": "Feature", "properties": {"id": "8084", "id1": "8084", "laenge": 220.05, "name": "Köpenicker Landstr.", "dtv_2020": 28714, "dtv_2025": 19565, "no2_2020": 22.7, "pm10_2020": 21.8, "pm25_2020": 14.94, "no2_2025": 14.65, "pm10_2025": 20.51, "pm25_2025": 14.17, "n_betrof": 136, "index_2020": 1.11, "index_no2": 0.56, "index_pm10": 0.54}, "geometry": {"type": "MultiLineString", "coordinates": [[[13.47594152, 52.47946207], [13.47723437, 52.47858546], [13.47747573, 52.47842313], [13.47812453, 52.47800063]]]}}, {"type": "Feature", "properties": {"id": "8085", "id1": "8085", "laenge": 63.81, "name": "Köpenicker Landstr.", "dtv_2020": 28714, "dtv_2025": 19565, "no2_2020": 17.12, "pm10_2020": 20.06, "pm25_2020": 14.21, "no2_2025": 12.57, "pm10_2025": 19.41, "pm25_2025": 13.72, "n_betrof": 22, "index_2020": 0.92, "index_no2": 0.42, "index_pm10": 0.5}, "geometry": {"type": "MultiLineString", "coordinates": [[[13.47812453, 52.47800063], [13.47840336, 52.477819], [13.47854285, 52.47772818], [13.47863594, 52.47766761], [13.478746, 52.47757175]]]}}, {"type": "Feature", "properties": {"id": "8179", "id1": "8179", "laenge": 188.51, "name": "Neue Krugallee", "dtv_2020": 10783, "dtv_2025": 7374, "no2_2020": 15.64, "pm10_2020": 19.5, "pm25_2020": 13.95, "no2_2025": 11.71, "pm10_2025": 18.92, "pm25_2025": 13.5, "n_betrof": 58, "index_2020": 0.87, "index_no2": 0.39, "index_pm10": 0.48}, "geometry": {"type": "MultiLineString", "coordinates": [[[13.47932455, 52.48451901], [13.47951562, 52.48448757], [13.48006313, 52.48387818], [13.48026835, 52.48364966], [13.48043942, 52.48345927], [13.48065057, 52.48322506], [13.48075622, 52.48310801]]]}}, {"type": "Feature", "properties": {"id": "8180", "id1": "8180", "laenge": 19.35, "name": "Neue Krugallee", "dtv_2020": 10961, "dtv_2025": 7603, "no2_2020": 15.4, "pm10_2020": 19.46, "pm25_2020": 13.95, "no2_2025": 11.75, "pm10_2025": 18.94, "pm25_2025": 13.52, "n_betrof": 8, "index_2020": 0.87, "index_no2": 0.38, "index_pm10": 0.48}, "geometry": {"type": "MultiLineString", "coordinates": [[[13.48172642, 52.48202644], [13.48186274, 52.48187363]]]}}, {"type": "Feature", "properties": {"id": "8181", "id1": "8181", "laenge": 114.4, "name": "Neue Krugallee", "dtv_2020": 10961, "dtv_2025": 7603, "no2_2020": 18.59, "pm10_2020": 20.39, "pm25_2020": 14.34, "no2_2025": 12.99, "pm10_2025": 19.55, "pm25_2025": 13.77, "n_betrof": 67, "index_2020": 0.97, "index_no2": 0.46, "index_pm10": 0.5}, "geometry": {"type": "MultiLineString", "coordinates": [[[13.48186274, 52.48187363], [13.48221174, 52.48148053], [13.48224653, 52.48144114], [13.48266523, 52.48096945]]]}}, {"type": "Feature", "properties": {"id": "8182", "id1": "8182", "laenge": 102.32, "name": "Neue Krugallee", "dtv_2020": 10961, "dtv_2025": 7603, "no2_2020": 17.5, "pm10_2020": 20.09, "pm25_2020": 14.21, "no2_2025": 12.56, "pm10_2025": 19.35, "pm25_2025": 13.68, "n_betrof": 57, "index_2020": 0.93, "index_no2": 0.43, "index_pm10": 0.5}, "geometry": {"type": "MultiLineString", "coordinates": [[[13.48266523, 52.48096945], [13.48332381, 52.4802409], [13.48339316, 52.4801642]]]}}, {"type": "Feature", "properties": {"id": "8183", "id1": "8183", "laenge": 96.42, "name": "Neue Krugallee", "dtv_2020": 10783, "dtv_2025": 7670, "no2_2020": 17.71, "pm10_2020": 20.16, "pm25_2020": 14.23, "no2_2025": 12.64, "pm10_2025": 19.39, "pm25_2025": 13.7, "n_betrof": 47, "index_2020": 0.94, "index_no2": 0.44, "index_pm10": 0.5}, "geometry": {"type": "MultiLineString", "coordinates": [[[13.48366694, 52.47985931], [13.48400781, 52.47947914], [13.48434852, 52.47909896]]]}}, {"type": "Feature", "properties": {"id": "8184", "id1": "8184", "laenge": 127.4, "name": "Neue Krugallee", "dtv_2020": 10783, "dtv_2025": 7670, "no2_2020": 16.43, "pm10_2020": 19.8, "pm25_2020": 14.08, "no2_2025": 12.17, "pm10_2025": 19.17, "pm25_2025": 13.61, "n_betrof": 55, "index_2020": 0.9, "index_no2": 0.41, "index_pm10": 0.49}, "geometry": {"type": "MultiLineString", "coordinates": [[[13.48434852, 52.47909896], [13.48525355, 52.47809582]]]}}, {"type": "Feature", "properties": {"id": "8185", "id1": "8185", "laenge": 14.69, "name": "Neue Krugallee", "dtv_2020": 10783, "dtv_2025": 7670, "no2_2020": 15.22, "pm10_2020": 19.45, "pm25_2020": 13.93, "no2_2025": 11.71, "pm10_2025": 18.94, "pm25_2025": 13.51, "n_betrof": 7, "index_2020": 0.86, "index_no2": 0.38, "index_pm10": 0.48}, "geometry": {"type": "MultiLineString", "coordinates": [[[13.48528845, 52.47805725], [13.48539285, 52.47794152]]]}}, {"type": "Feature", "properties": {"id": "8186", "id1": "8186", "laenge": 154.49, "name": "Neue Krugallee", "dtv_2020": 10662, "dtv_2025": 7780, "no2_2020": 17.87, "pm10_2020": 20.21, "pm25_2020": 14.25, "no2_2025": 12.77, "pm10_2025": 19.45, "pm25_2025": 13.72, "n_betrof": 69, "index_2020": 0.95, "index_no2": 0.44, "index_pm10": 0.5}, "geometry": {"type": "MultiLineString", "coordinates": [[[13.4855325, 52.47778561], [13.48661911, 52.47656558]]]}}, {"type": "Feature", "properties": {"id": "8187", "id1": "8187", "laenge": 89.71, "name": "Neue Krugallee", "dtv_2020": 10662, "dtv_2025": 7780, "no2_2020": 15.88, "pm10_2020": 19.64, "pm25_2020": 14.01, "no2_2025": 11.99, "pm10_2025": 19.07, "pm25_2025": 13.57, "n_betrof": 37, "index_2020": 0.88, "index_no2": 0.39, "index_pm10": 0.49}, "geometry": {"type": "MultiLineString", "coordinates": [[[13.48661911, 52.47656558], [13.48679432, 52.47636876], [13.48682939, 52.47632947], [13.48700474, 52.47613265], [13.48703966, 52.47609327], [13.48725007, 52.47585716]]]}}, {"type": "Feature", "properties": {"id": "8188", "id1": "8188", "laenge": 88.61, "name": "Neue Krugallee", "dtv_2020": 10670, "dtv_2025": 7855, "no2_2020": 17.76, "pm10_2020": 20.13, "pm25_2020": 14.23, "no2_2025": 12.83, "pm10_2025": 19.42, "pm25_2025": 13.71, "n_betrof": 34, "index_2020": 0.94, "index_no2": 0.44, "index_pm10": 0.5}, "geometry": {"type": "MultiLineString", "coordinates": [[[13.48753139, 52.47554571], [13.48816558, 52.47484964]]]}}, {"type": "Feature", "properties": {"id": "8189", "id1": "8189", "laenge": 242.58, "name": "Neue Krugallee", "dtv_2020": 10670, "dtv_2025": 7855, "no2_2020": 15.79, "pm10_2020": 19.59, "pm25_2020": 13.98, "no2_2025": 11.94, "pm10_2025": 19.03, "pm25_2025": 13.54, "n_betrof": 52, "index_2020": 0.88, "index_no2": 0.39, "index_pm10": 0.48}, "geometry": {"type": "MultiLineString", "coordinates": [[[13.48820077, 52.47481098], [13.48826693, 52.4747363], [13.4889751, 52.47394308], [13.48928248, 52.47360085], [13.4893875, 52.4734836], [13.48991274, 52.47289735]]]}}, {"type": "Feature", "properties": {"id": "8190", "id1": "8190", "laenge": 88.12, "name": "Neue Krugallee", "dtv_2020": 10670, "dtv_2025": 7855, "no2_2020": 17.72, "pm10_2020": 20.1, "pm25_2020": 14.2, "no2_2025": 12.79, "pm10_2025": 19.38, "pm25_2025": 13.68, "n_betrof": 35, "index_2020": 0.94, "index_no2": 0.44, "index_pm10": 0.5}, "geometry": {"type": "MultiLineString", "coordinates": [[[13.48998239, 52.47281965], [13.49029434, 52.47247245], [13.49060628, 52.47212515]]]}}, {"type": "Feature", "properties": {"id": "8230", "id1": "8230", "laenge": 16.59, "name": "Rixdorfer Str.", "dtv_2020": 15806, "dtv_2025": 15731, "no2_2020": 15.28, "pm10_2020": 19.3, "pm25_2020": 13.75, "no2_2025": 11.83, "pm10_2025": 18.84, "pm25_2025": 13.34, "n_betrof": 9, "index_2020": 0.86, "index_no2": 0.38, "index_pm10": 0.48}, "geometry": {"type": "MultiLineString", "coordinates": [[[13.49796867, 52.45850313], [13.49812536, 52.45861751]]]}}, {"type": "Feature", "properties": {"id": "8231", "id1": "8231", "laenge": 174.23, "name": "Rixdorfer Str.", "dtv_2020": 15806, "dtv_2025": 15731, "no2_2020": 17.27, "pm10_2020": 19.94, "pm25_2020": 14.02, "no2_2025": 13.13, "pm10_2025": 19.45, "pm25_2025": 13.59, "n_betrof": 45, "index_2020": 0.93, "index_no2": 0.43, "index_pm10": 0.49}, "geometry": {"type": "MultiLineString", "coordinates": [[[13.4982814, 52.45871201], [13.49916574, 52.45924759], [13.49947797, 52.45943668], [13.499738, 52.45959427], [13.50010216, 52.45981476]]]}}, {"type": "Feature", "properties": {"id": "8341", "id1": "8341", "laenge": 82.32, "name": "Südostallee", "dtv_2020": 17771, "dtv_2025": 16911, "no2_2020": 19.8, "pm10_2020": 20.57, "pm25_2020": 14.39, "no2_2025": 14.42, "pm10_2025": 20.0, "pm25_2025": 13.91, "n_betrof": 34, "index_2020": 1.0, "index_no2": 0.49, "index_pm10": 0.51}, "geometry": {"type": "MultiLineString", "coordinates": [[[13.48162344, 52.46074447], [13.48190338, 52.46069808], [13.48204343, 52.46067488], [13.48225349, 52.46064017], [13.48279633, 52.4605592]]]}}, {"type": "Feature", "properties": {"id": "8342", "id1": "8342", "laenge": 86.48, "name": "Südostallee", "dtv_2020": 17771, "dtv_2025": 16911, "no2_2020": 18.89, "pm10_2020": 20.32, "pm25_2020": 14.27, "no2_2025": 13.91, "pm10_2025": 19.78, "pm25_2025": 13.81, "n_betrof": 37, "index_2020": 0.98, "index_no2": 0.47, "index_pm10": 0.5}, "geometry": {"type": "MultiLineString", "coordinates": [[[13.48339031, 52.4604592], [13.48352237, 52.46043698], [13.48403736, 52.46032229], [13.48417167, 52.46028598], [13.48457475, 52.46017705]]]}}, {"type": "Feature", "properties": {"id": "8343", "id1": "8343", "laenge": 50.52, "name": "Südostallee", "dtv_2020": 17771, "dtv_2025": 16911, "no2_2020": 17.27, "pm10_2020": 19.83, "pm25_2020": 14.05, "no2_2025": 13.12, "pm10_2025": 19.34, "pm25_2025": 13.62, "n_betrof": 15, "index_2020": 0.92, "index_no2": 0.43, "index_pm10": 0.49}, "geometry": {"type": "MultiLineString", "coordinates": [[[13.48482908, 52.46010451], [13.48549471, 52.45990211]]]}}, {"type": "Feature", "properties": {"id": "8346", "id1": "8346", "laenge": 61.73, "name": "Südostallee", "dtv_2020": 10851, "dtv_2025": 8757, "no2_2020": 15.21, "pm10_2020": 19.29, "pm25_2020": 13.73, "no2_2025": 11.61, "pm10_2025": 18.76, "pm25_2025": 13.31, "n_betrof": 8, "index_2020": 0.86, "index_no2": 0.38, "index_pm10": 0.48}, "geometry": {"type": "MultiLineString", "coordinates": [[[13.49741466, 52.45817466], [13.4975203, 52.45807621], [13.49771467, 52.4579831], [13.49781192, 52.4579365], [13.49797982, 52.4578685], [13.49809193, 52.45781364]]]}}, {"type": "Feature", "properties": {"id": "8347", "id1": "8347", "laenge": 68.38, "name": "Südostallee", "dtv_2020": 10851, "dtv_2025": 8757, "no2_2020": 17.16, "pm10_2020": 19.91, "pm25_2020": 13.96, "no2_2025": 12.29, "pm10_2025": 19.17, "pm25_2025": 13.46, "n_betrof": 18, "index_2020": 0.92, "index_no2": 0.42, "index_pm10": 0.49}, "geometry": {"type": "MultiLineString", "coordinates": [[[13.49831629, 52.45770384], [13.49910178, 52.45731964]]]}}, {"type": "Feature", "properties": {"id": "8541", "id1": "8541", "laenge": 12.07, "name": "Sonnenallee", "dtv_2020": 13965, "dtv_2025": 13505, "no2_2020": 16.37, "pm10_2020": 19.58, "pm25_2020": 14.0, "no2_2025": 12.75, "pm10_2025": 19.14, "pm25_2025": 13.6, "n_betrof": 8, "index_2020": 0.89, "index_no2": 0.4, "index_pm10": 0.48}, "geometry": {"type": "MultiLineString", "coordinates": [[[13.47729827, 52.46207583], [13.47744607, 52.46201551]]]}}, {"type": "Feature", "properties": {"id": "8542", "id1": "8542", "laenge": 176.45, "name": "Sonnenallee", "dtv_2020": 13965, "dtv_2025": 13505, "no2_2020": 19.07, "pm10_2020": 20.21, "pm25_2020": 14.23, "no2_2025": 13.97, "pm10_2025": 19.71, "pm25_2025": 13.78, "n_betrof": 77, "index_2020": 0.98, "index_no2": 0.47, "index_pm10": 0.5}, "geometry": {"type": "MultiLineString", "coordinates": [[[13.47763631, 52.46195412], [13.47827014, 52.46174946], [13.47949624, 52.46137106], [13.47994793, 52.46123166]]]}}, {"type": "Feature", "properties": {"id": "8543", "id1": "8543", "laenge": 24.56, "name": "Sonnenallee", "dtv_2020": 13965, "dtv_2025": 13505, "no2_2020": 16.48, "pm10_2020": 19.56, "pm25_2020": 13.96, "no2_2025": 12.63, "pm10_2025": 19.1, "pm25_2025": 13.55, "n_betrof": 8, "index_2020": 0.9, "index_no2": 0.41, "index_pm10": 0.48}, "geometry": {"type": "MultiLineString", "coordinates": [[[13.48007707, 52.46119178], [13.48039962, 52.46109217]]]}}, {"type": "Feature", "properties": {"id": "8544", "id1": "8544", "laenge": 38.51, "name": "Sonnenallee", "dtv_2020": 14568, "dtv_2025": 14296, "no2_2020": 17.98, "pm10_2020": 19.88, "pm25_2020": 14.08, "no2_2025": 13.36, "pm10_2025": 19.41, "pm25_2025": 13.65, "n_betrof": 24, "index_2020": 0.94, "index_no2": 0.44, "index_pm10": 0.49}, "geometry": {"type": "MultiLineString", "coordinates": [[[13.4806094, 52.46102717], [13.48079852, 52.46096801], [13.48086162, 52.46094823], [13.48111383, 52.46086938]]]}}, {"type": "Feature", "properties": {"id": "8545", "id1": "8545", "laenge": 84.64, "name": "Chris-Gueffroy-Allee", "dtv_2020": 5094, "dtv_2025": 5807, "no2_2020": 17.56, "pm10_2020": 19.82, "pm25_2020": 14.24, "no2_2025": 14.02, "pm10_2025": 19.39, "pm25_2025": 13.84, "n_betrof": 1, "index_2020": 0.93, "index_no2": 0.43, "index_pm10": 0.49}, "geometry": {"type": "MultiLineString", "coordinates": [[[13.47278715, 52.46119722], [13.47270446, 52.46113232], [13.4722285, 52.46087523], [13.47217089, 52.460796], [13.47215969, 52.46076258], [13.47213742, 52.46069558], [13.47212532, 52.46059446]]]}}, {"type": "Feature", "properties": {"id": "8564", "id1": "8564", "laenge": 34.12, "name": "Werbellinstr.", "dtv_2020": 3861, "dtv_2025": 3877, "no2_2020": 17.37, "pm10_2020": 19.74, "pm25_2020": 14.18, "no2_2025": 13.26, "pm10_2025": 19.28, "pm25_2025": 13.76, "n_betrof": 30, "index_2020": 0.92, "index_no2": 0.43, "index_pm10": 0.49}, "geometry": {"type": "MultiLineString", "coordinates": [[[13.43473826, 52.47861777], [13.43523024, 52.47867993]]]}}, {"type": "Feature", "properties": {"id": "8565", "id1": "8565", "laenge": 112.6, "name": "Werbellinstr.", "dtv_2020": 3861, "dtv_2025": 3877, "no2_2020": 20.64, "pm10_2020": 20.49, "pm25_2020": 14.49, "no2_2025": 14.8, "pm10_2025": 19.97, "pm25_2025": 14.02, "n_betrof": 108, "index_2020": 1.02, "index_no2": 0.51, "index_pm10": 0.51}, "geometry": {"type": "MultiLineString", "coordinates": [[[13.43523024, 52.47867993], [13.4367062, 52.47886633], [13.43684529, 52.47890152]]]}}, {"type": "Feature", "properties": {"id": "8566", "id1": "8566", "laenge": 32.34, "name": "Werbellinstr.", "dtv_2020": 3861, "dtv_2025": 3877, "no2_2020": 25.39, "pm10_2020": 21.63, "pm25_2020": 14.95, "no2_2025": 17.1, "pm10_2025": 21.02, "pm25_2025": 14.4, "n_betrof": 38, "index_2020": 1.17, "index_no2": 0.63, "index_pm10": 0.54}, "geometry": {"type": "MultiLineString", "coordinates": [[[13.43684529, 52.47890152], [13.43731327, 52.47895527]]]}}, {"type": "Feature", "properties": {"id": "8567", "id1": "8567", "laenge": 13.85, "name": "Werbellinstr.", "dtv_2020": 3861, "dtv_2025": 3877, "no2_2020": 17.55, "pm10_2020": 19.8, "pm25_2020": 14.22, "no2_2025": 13.4, "pm10_2025": 19.34, "pm25_2025": 13.8, "n_betrof": 30, "index_2020": 0.93, "index_no2": 0.43, "index_pm10": 0.49}, "geometry": {"type": "MultiLineString", "coordinates": [[[13.43731327, 52.47895527], [13.43738, 52.47896298], [13.43751376, 52.47897832]]]}}, {"type": "Feature", "properties": {"id": "8568", "id1": "8568", "laenge": 59.64, "name": "Treptower Str.", "dtv_2020": 8026, "dtv_2025": 6273, "no2_2020": 21.6, "pm10_2020": 21.04, "pm25_2020": 14.84, "no2_2025": 15.5, "pm10_2025": 20.29, "pm25_2025": 14.26, "n_betrof": 35, "index_2020": 1.06, "index_no2": 0.54, "index_pm10": 0.52}, "geometry": {"type": "MultiLineString", "coordinates": [[[13.45337669, 52.48208264], [13.45393474, 52.4824966]]]}}, {"type": "Feature", "properties": {"id": "8569", "id1": "8569", "laenge": 128.55, "name": "Elsenstr.", "dtv_2020": 3088, "dtv_2025": 1899, "no2_2020": 18.45, "pm10_2020": 20.06, "pm25_2020": 14.47, "no2_2025": 13.67, "pm10_2025": 19.41, "pm25_2025": 13.93, "n_betrof": 119, "index_2020": 0.96, "index_no2": 0.46, "index_pm10": 0.5}, "geometry": {"type": "MultiLineString", "coordinates": [[[13.44898401, 52.48515618], [13.44921283, 52.48532902], [13.45017423, 52.4860547]]]}}, {"type": "Feature", "properties": {"id": "8570", "id1": "8570", "laenge": 14.62, "name": "Elsenstr.", "dtv_2020": 3088, "dtv_2025": 1899, "no2_2020": 16.56, "pm10_2020": 19.7, "pm25_2020": 14.19, "no2_2025": 12.96, "pm10_2025": 19.24, "pm25_2025": 13.77, "n_betrof": 15, "index_2020": 0.9, "index_no2": 0.41, "index_pm10": 0.49}, "geometry": {"type": "MultiLineString", "coordinates": [[[13.45017423, 52.4860547], [13.45026327, 52.48612348], [13.45030787, 52.48615778]]]}}, {"type": "Feature", "properties": {"id": "8571", "id1": "8571", "laenge": 87.74, "name": "Elsenstr.", "dtv_2020": 3088, "dtv_2025": 1899, "no2_2020": 17.73, "pm10_2020": 19.92, "pm25_2020": 14.36, "no2_2025": 13.36, "pm10_2025": 19.34, "pm25_2025": 13.85, "n_betrof": 76, "index_2020": 0.94, "index_no2": 0.44, "index_pm10": 0.49}, "geometry": {"type": "MultiLineString", "coordinates": [[[13.45030787, 52.48615778], [13.45110958, 52.48677634]]]}}, {"type": "Feature", "properties": {"id": "8572", "id1": "8572", "laenge": 143.08, "name": "Harzer Str.", "dtv_2020": 2773, "dtv_2025": 2659, "no2_2020": 19.46, "pm10_2020": 20.21, "pm25_2020": 14.56, "no2_2025": 14.39, "pm10_2025": 19.7, "pm25_2025": 14.1, "n_betrof": 142, "index_2020": 0.99, "index_no2": 0.48, "index_pm10": 0.5}, "geometry": {"type": "MultiLineString", "coordinates": [[[13.44643596, 52.48633114], [13.44749135, 52.48578809], [13.44754699, 52.48575951], [13.44760249, 52.48573093], [13.447658, 52.48570225], [13.44793579, 52.48555934], [13.44799129, 52.48553076], [13.44804679, 52.48550218]]]}}, {"type": "Feature", "properties": {"id": "8573", "id1": "8573", "laenge": 64.13, "name": "Harzer Str.", "dtv_2020": 2773, "dtv_2025": 2659, "no2_2020": 18.56, "pm10_2020": 20.05, "pm25_2020": 14.45, "no2_2025": 13.97, "pm10_2025": 19.56, "pm25_2025": 14.0, "n_betrof": 59, "index_2020": 0.96, "index_no2": 0.46, "index_pm10": 0.5}, "geometry": {"type": "MultiLineString", "coordinates": [[[13.44804679, 52.48550218], [13.44876885, 52.48513061]]]}}, {"type": "Feature", "properties": {"id": "8578", "id1": "8578", "laenge": 39.04, "name": "Silbersteinstr.", "dtv_2020": 13998, "dtv_2025": 13233, "no2_2020": 23.56, "pm10_2020": 21.37, "pm25_2020": 15.18, "no2_2025": 16.64, "pm10_2025": 20.75, "pm25_2025": 14.64, "n_betrof": 24, "index_2020": 1.12, "index_no2": 0.58, "index_pm10": 0.53}, "geometry": {"type": "MultiLineString", "coordinates": [[[13.43570019, 52.46686735], [13.43606975, 52.46691603], [13.43626232, 52.46694042]]]}}, {"type": "Feature", "properties": {"id": "8579", "id1": "8579", "laenge": 109.65, "name": "Silbersteinstr.", "dtv_2020": 14087, "dtv_2025": 13345, "no2_2020": 32.55, "pm10_2020": 23.54, "pm25_2020": 16.28, "no2_2025": 21.08, "pm10_2025": 22.66, "pm25_2025": 15.56, "n_betrof": 102, "index_2020": 1.4, "index_no2": 0.81, "index_pm10": 0.58}, "geometry": {"type": "MultiLineString", "coordinates": [[[13.43652777, 52.46697315], [13.43721278, 52.46705602], [13.43811408, 52.46715442]]]}}, {"type": "Feature", "properties": {"id": "8665", "id1": "8665", "laenge": 17.17, "name": "Dammweg", "dtv_2020": 14605, "dtv_2025": 13066, "no2_2020": 15.69, "pm10_2020": 19.62, "pm25_2020": 14.05, "no2_2025": 12.21, "pm10_2025": 19.18, "pm25_2025": 13.66, "n_betrof": 0, "index_2020": 0.88, "index_no2": 0.39, "index_pm10": 0.49}, "geometry": {"type": "MultiLineString", "coordinates": [[[13.47376155, 52.47498519], [13.47395634, 52.47508355]]]}}, {"type": "Feature", "properties": {"id": "8666", "id1": "8666", "laenge": 141.31, "name": "Dammweg", "dtv_2020": 14605, "dtv_2025": 13066, "no2_2020": 19.53, "pm10_2020": 20.77, "pm25_2020": 14.46, "no2_2025": 14.02, "pm10_2025": 20.1, "pm25_2025": 13.98, "n_betrof": 76, "index_2020": 1.0, "index_no2": 0.48, "index_pm10": 0.51}, "geometry": {"type": "MultiLineString", "coordinates": [[[13.47401071, 52.47511212], [13.47558761, 52.47594066]]]}}, {"type": "Feature", "properties": {"id": "8672", "id1": "8672", "laenge": 105.84, "name": "Kiefholzstr.", "dtv_2020": 10471, "dtv_2025": 9735, "no2_2020": 21.05, "pm10_2020": 21.07, "pm25_2020": 14.56, "no2_2025": 15.14, "pm10_2025": 20.41, "pm25_2025": 14.03, "n_betrof": 91, "index_2020": 1.05, "index_no2": 0.52, "index_pm10": 0.52}, "geometry": {"type": "MultiLineString", "coordinates": [[[13.48459577, 52.46733096], [13.48561449, 52.46661115]]]}}, {"type": "Feature", "properties": {"id": "8673", "id1": "8673", "laenge": 19.24, "name": "Kiefholzstr.", "dtv_2020": 10471, "dtv_2025": 9735, "no2_2020": 16.57, "pm10_2020": 19.8, "pm25_2020": 14.01, "no2_2025": 12.75, "pm10_2025": 19.3, "pm25_2025": 13.59, "n_betrof": 16, "index_2020": 0.9, "index_no2": 0.41, "index_pm10": 0.49}, "geometry": {"type": "MultiLineString", "coordinates": [[[13.48561449, 52.46661115], [13.48579976, 52.46648027]]]}}, {"type": "Feature", "properties": {"id": "8674", "id1": "8674", "laenge": 29.53, "name": "Kiefholzstr.", "dtv_2020": 10374, "dtv_2025": 9906, "no2_2020": 16.87, "pm10_2020": 19.87, "pm25_2020": 14.04, "no2_2025": 12.95, "pm10_2025": 19.39, "pm25_2025": 13.62, "n_betrof": 20, "index_2020": 0.91, "index_no2": 0.42, "index_pm10": 0.49}, "geometry": {"type": "MultiLineString", "coordinates": [[[13.48579976, 52.46648027], [13.48608472, 52.46627982]]]}}, {"type": "Feature", "properties": {"id": "8675", "id1": "8675", "laenge": 93.5, "name": "Kiefholzstr.", "dtv_2020": 10374, "dtv_2025": 9906, "no2_2020": 21.49, "pm10_2020": 21.17, "pm25_2020": 14.58, "no2_2025": 15.48, "pm10_2025": 20.54, "pm25_2025": 14.07, "n_betrof": 76, "index_2020": 1.06, "index_no2": 0.53, "index_pm10": 0.52}, "geometry": {"type": "MultiLineString", "coordinates": [[[13.48608472, 52.46627982], [13.48698726, 52.46564528]]]}}, {"type": "Feature", "properties": {"id": "8691", "id1": "8691", "laenge": 83.62, "name": "Wildenbruchstr.", "dtv_2020": 11728, "dtv_2025": 9435, "no2_2020": 26.67, "pm10_2020": 22.46, "pm25_2020": 15.3, "no2_2025": 16.91, "pm10_2025": 21.33, "pm25_2025": 14.57, "n_betrof": 78, "index_2020": 1.22, "index_no2": 0.66, "index_pm10": 0.56}, "geometry": {"type": "MultiLineString", "coordinates": [[[13.44478147, 52.48519388], [13.44487212, 52.48526277], [13.44491759, 52.48529727], [13.44555302, 52.48577972]]]}}, {"type": "Feature", "properties": {"id": "8697", "id1": "8697", "laenge": 66.37, "name": "Karl-Marx-Str.", "dtv_2020": 11209, "dtv_2025": 10214, "no2_2020": 22.62, "pm10_2020": 20.81, "pm25_2020": 14.9, "no2_2025": 16.16, "pm10_2025": 20.17, "pm25_2025": 14.33, "n_betrof": 73, "index_2020": 1.08, "index_no2": 0.56, "index_pm10": 0.52}, "geometry": {"type": "MultiLineString", "coordinates": [[[13.42667137, 52.48529866], [13.42734266, 52.48498903], [13.42744979, 52.48493795]]]}}, {"type": "Feature", "properties": {"id": "8698", "id1": "8698", "laenge": 24.1, "name": "Karl-Marx-Str.", "dtv_2020": 11334, "dtv_2025": 10212, "no2_2020": 19.63, "pm10_2020": 20.25, "pm25_2020": 14.42, "no2_2025": 14.47, "pm10_2025": 19.69, "pm25_2025": 13.94, "n_betrof": 32, "index_2020": 0.99, "index_no2": 0.49, "index_pm10": 0.5}, "geometry": {"type": "MultiLineString", "coordinates": [[[13.42744979, 52.48493795], [13.42750667, 52.48491209], [13.42773466, 52.48480876]]]}}, {"type": "Feature", "properties": {"id": "8699", "id1": "8699", "laenge": 72.3, "name": "Karl-Marx-Str.", "dtv_2020": 11334, "dtv_2025": 10212, "no2_2020": 23.88, "pm10_2020": 21.35, "pm25_2020": 14.94, "no2_2025": 16.64, "pm10_2025": 20.62, "pm25_2025": 14.35, "n_betrof": 74, "index_2020": 1.13, "index_no2": 0.59, "index_pm10": 0.53}, "geometry": {"type": "MultiLineString", "coordinates": [[[13.42773466, 52.48480876], [13.42858913, 52.48442109]]]}}, {"type": "Feature", "properties": {"id": "8708", "id1": "8708", "laenge": 71.3, "name": "Wildenbruchstr.", "dtv_2020": 11452, "dtv_2025": 9378, "no2_2020": 23.86, "pm10_2020": 21.55, "pm25_2020": 14.95, "no2_2025": 16.17, "pm10_2025": 20.68, "pm25_2025": 14.33, "n_betrof": 41, "index_2020": 1.13, "index_no2": 0.59, "index_pm10": 0.53}, "geometry": {"type": "MultiLineString", "coordinates": [[[13.44343249, 52.48416976], [13.44375463, 52.48441874], [13.44404425, 52.4846458], [13.44408142, 52.48467362]]]}}, {"type": "Feature", "properties": {"id": "8709", "id1": "8709", "laenge": 47.43, "name": "Wildenbruchstr.", "dtv_2020": 11503, "dtv_2025": 9358, "no2_2020": 28.31, "pm10_2020": 22.95, "pm25_2020": 15.59, "no2_2025": 17.68, "pm10_2025": 21.75, "pm25_2025": 14.83, "n_betrof": 43, "index_2020": 1.28, "index_no2": 0.7, "index_pm10": 0.57}, "geometry": {"type": "MultiLineString", "coordinates": [[[13.442991, 52.48383938], [13.44343249, 52.48416976]]]}}, {"type": "Feature", "properties": {"id": "8721", "id1": "8721", "laenge": 93.69, "name": "Werbellinstr.", "dtv_2020": 827, "dtv_2025": 2414, "no2_2020": 18.32, "pm10_2020": 19.74, "pm25_2020": 14.26, "no2_2025": 14.13, "pm10_2025": 19.56, "pm25_2025": 13.92, "n_betrof": 65, "index_2020": 0.95, "index_no2": 0.45, "index_pm10": 0.49}, "geometry": {"type": "MultiLineString", "coordinates": [[[13.42905475, 52.47793319], [13.4304053, 52.47810441]]]}}, {"type": "Feature", "properties": {"id": "8722", "id1": "8722", "laenge": 107.3, "name": "Werbellinstr.", "dtv_2020": 827, "dtv_2025": 2414, "no2_2020": 17.85, "pm10_2020": 19.7, "pm25_2020": 14.24, "no2_2025": 13.85, "pm10_2025": 19.49, "pm25_2025": 13.89, "n_betrof": 71, "index_2020": 0.93, "index_no2": 0.44, "index_pm10": 0.49}, "geometry": {"type": "MultiLineString", "coordinates": [[[13.43104502, 52.47818555], [13.4317476, 52.47827579], [13.43181796, 52.47828481], [13.4325909, 52.47838416]]]}}, {"type": "Feature", "properties": {"id": "8723", "id1": "8723", "laenge": 68.29, "name": "Kiefholzstr.", "dtv_2020": 10495, "dtv_2025": 9740, "no2_2020": 15.96, "pm10_2020": 19.69, "pm25_2020": 13.98, "no2_2025": 12.47, "pm10_2025": 19.23, "pm25_2025": 13.57, "n_betrof": 23, "index_2020": 0.89, "index_no2": 0.39, "index_pm10": 0.49}, "geometry": {"type": "MultiLineString", "coordinates": [[[13.48395314, 52.46780303], [13.48422848, 52.46760066], [13.4843203, 52.46753324], [13.48445804, 52.46743205], [13.48450395, 52.46739839], [13.48459577, 52.46733096]]]}}, {"type": "Feature", "properties": {"id": "8724", "id1": "8724", "laenge": 56.11, "name": "Hermannstr.", "dtv_2020": 24880, "dtv_2025": 22899, "no2_2020": 28.2, "pm10_2020": 22.08, "pm25_2020": 15.26, "no2_2025": 18.89, "pm10_2025": 21.23, "pm25_2025": 14.6, "n_betrof": 58, "index_2020": 1.25, "index_no2": 0.7, "index_pm10": 0.55}, "geometry": {"type": "MultiLineString", "coordinates": [[[13.42682901, 52.47601026], [13.42685658, 52.47593492], [13.42695206, 52.47571843], [13.42704734, 52.47552396]]]}}, {"type": "Feature", "properties": {"id": "8725", "id1": "8725", "laenge": 16.51, "name": "Saalestr.", "dtv_2020": 9070, "dtv_2025": 6086, "no2_2020": 18.36, "pm10_2020": 20.37, "pm25_2020": 14.48, "no2_2025": 13.71, "pm10_2025": 19.78, "pm25_2025": 14.01, "n_betrof": 17, "index_2020": 0.96, "index_no2": 0.45, "index_pm10": 0.5}, "geometry": {"type": "MultiLineString", "coordinates": [[[13.45534646, 52.47307955], [13.45539695, 52.47314701], [13.45544744, 52.47321457]]]}}, {"type": "Feature", "properties": {"id": "8726", "id1": "8726", "laenge": 60.05, "name": "Saalestr.", "dtv_2020": 9070, "dtv_2025": 6086, "no2_2020": 23.23, "pm10_2020": 21.72, "pm25_2020": 15.04, "no2_2025": 15.54, "pm10_2025": 20.58, "pm25_2025": 14.35, "n_betrof": 33, "index_2020": 1.12, "index_no2": 0.58, "index_pm10": 0.54}, "geometry": {"type": "MultiLineString", "coordinates": [[[13.45544744, 52.47321457], [13.45580235, 52.47370895]]]}}, {"type": "Feature", "properties": {"id": "8727", "id1": "8727", "laenge": 19.18, "name": "Saalestr.", "dtv_2020": 9070, "dtv_2025": 6086, "no2_2020": 18.28, "pm10_2020": 20.33, "pm25_2020": 14.46, "no2_2025": 13.66, "pm10_2025": 19.74, "pm25_2025": 14.0, "n_betrof": 17, "index_2020": 0.96, "index_no2": 0.45, "index_pm10": 0.5}, "geometry": {"type": "MultiLineString", "coordinates": [[[13.45580235, 52.47370895], [13.45582729, 52.47374937], [13.45590182, 52.47387037]]]}}, {"type": "Feature", "properties": {"id": "8728", "id1": "8728", "laenge": 87.47, "name": "Saalestr.", "dtv_2020": 9076, "dtv_2025": 6248, "no2_2020": 22.07, "pm10_2020": 21.34, "pm25_2020": 14.91, "no2_2025": 15.12, "pm10_2025": 20.42, "pm25_2025": 14.26, "n_betrof": 51, "index_2020": 1.08, "index_no2": 0.55, "index_pm10": 0.53}, "geometry": {"type": "MultiLineString", "coordinates": [[[13.45406185, 52.47194455], [13.45422269, 52.4720478], [13.45439474, 52.47217565], [13.45448084, 52.47223963], [13.45468938, 52.47240599], [13.45486576, 52.47255763]]]}}, {"type": "Feature", "properties": {"id": "8729", "id1": "8729", "laenge": 11.95, "name": "Saalestr.", "dtv_2020": 9076, "dtv_2025": 6248, "no2_2020": 17.5, "pm10_2020": 20.12, "pm25_2020": 14.37, "no2_2025": 13.33, "pm10_2025": 19.62, "pm25_2025": 13.94, "n_betrof": 7, "index_2020": 0.94, "index_no2": 0.43, "index_pm10": 0.5}, "geometry": {"type": "MultiLineString", "coordinates": [[[13.45486576, 52.47255763], [13.45494738, 52.47265284]]]}}, {"type": "Feature", "properties": {"id": "8730", "id1": "8730", "laenge": 32.25, "name": "Saalestr.", "dtv_2020": 9057, "dtv_2025": 6216, "no2_2020": 18.42, "pm10_2020": 20.38, "pm25_2020": 14.49, "no2_2025": 13.77, "pm10_2025": 19.82, "pm25_2025": 14.03, "n_betrof": 16, "index_2020": 0.97, "index_no2": 0.46, "index_pm10": 0.5}, "geometry": {"type": "MultiLineString", "coordinates": [[[13.45500832, 52.47272044], [13.45507589, 52.47279226], [13.45524496, 52.47297177]]]}}, {"type": "Feature", "properties": {"id": "8731", "id1": "8731", "laenge": 83.56, "name": "Karl-Marx-Str.", "dtv_2020": 5146, "dtv_2025": 4747, "no2_2020": 17.88, "pm10_2020": 20.2, "pm25_2020": 14.44, "no2_2025": 13.48, "pm10_2025": 19.62, "pm25_2025": 13.99, "n_betrof": 65, "index_2020": 0.95, "index_no2": 0.44, "index_pm10": 0.5}, "geometry": {"type": "MultiLineString", "coordinates": [[[13.44118225, 52.47227811], [13.44122739, 52.47201742], [13.44124238, 52.47193059], [13.4412498, 52.47188717], [13.44128751, 52.47166999], [13.44131039, 52.47153102]]]}}, {"type": "Feature", "properties": {"id": "8732", "id1": "8732", "laenge": 32.13, "name": "Karl-Marx-Str.", "dtv_2020": 4518, "dtv_2025": 4117, "no2_2020": 16.82, "pm10_2020": 19.91, "pm25_2020": 14.32, "no2_2025": 12.99, "pm10_2025": 19.4, "pm25_2025": 13.89, "n_betrof": 18, "index_2020": 0.91, "index_no2": 0.42, "index_pm10": 0.49}, "geometry": {"type": "MultiLineString", "coordinates": [[[13.44131039, 52.47153102], [13.44134206, 52.47136375], [13.44136166, 52.47130512], [13.44136762, 52.4712446]]]}}, {"type": "Feature", "properties": {"id": "8741", "id1": "8741", "laenge": 245.81, "name": "Bulgarische Str.", "dtv_2020": 15316, "dtv_2025": 13009, "no2_2020": 16.11, "pm10_2020": 19.67, "pm25_2020": 14.05, "no2_2025": 12.34, "pm10_2025": 19.18, "pm25_2025": 13.64, "n_betrof": 2, "index_2020": 0.89, "index_no2": 0.4, "index_pm10": 0.49}, "geometry": {"type": "MultiLineString", "coordinates": [[[13.47334628, 52.48156676], [13.47352731, 52.48167186], [13.47385963, 52.48183107], [13.4739703, 52.48188419], [13.47457945, 52.48217608], [13.4761873, 52.48293452]]]}}, {"type": "Feature", "properties": {"id": "8743", "id1": "8743", "laenge": 56.5, "name": "Baumschulenstr.", "dtv_2020": 17415, "dtv_2025": 14518, "no2_2020": 28.88, "pm10_2020": 23.44, "pm25_2020": 15.17, "no2_2025": 17.9, "pm10_2025": 21.98, "pm25_2025": 14.38, "n_betrof": 51, "index_2020": 1.3, "index_no2": 0.72, "index_pm10": 0.58}, "geometry": {"type": "MultiLineString", "coordinates": [[[13.49060965, 52.46851996], [13.49066488, 52.46860123], [13.49106213, 52.468944]]]}}, {"type": "Feature", "properties": {"id": "8876", "id1": "8876", "laenge": 263.05, "name": "Südostallee", "dtv_2020": 10822, "dtv_2025": 8728, "no2_2020": 15.55, "pm10_2020": 19.15, "pm25_2020": 13.49, "no2_2025": 11.53, "pm10_2025": 18.54, "pm25_2025": 13.03, "n_betrof": 82, "index_2020": 0.86, "index_no2": 0.38, "index_pm10": 0.47}, "geometry": {"type": "MultiLineString", "coordinates": [[[13.4992691, 52.45723824], [13.49982123, 52.45697272], [13.49998686, 52.4568931], [13.50004208, 52.45686655], [13.5001525, 52.45681347], [13.50042856, 52.45668066], [13.5013381, 52.45623958], [13.50162242, 52.45610176], [13.50179286, 52.45601904], [13.50230449, 52.45577089]]]}}, {"type": "Feature", "properties": {"id": "8906", "id1": "8906", "laenge": 149.11, "name": "Köpenicker Landstr.", "dtv_2020": 35523, "dtv_2025": 32051, "no2_2020": 22.11, "pm10_2020": 21.68, "pm25_2020": 14.72, "no2_2025": 15.38, "pm10_2025": 20.85, "pm25_2025": 14.14, "n_betrof": 83, "index_2020": 1.09, "index_no2": 0.55, "index_pm10": 0.54}, "geometry": {"type": "MultiLineString", "coordinates": [[[13.49336413, 52.4677271], [13.49408953, 52.46723374], [13.49422561, 52.46715446], [13.49484097, 52.46673603]]]}}, {"type": "Feature", "properties": {"id": "8907", "id1": "8907", "laenge": 13.33, "name": "Köpenicker Landstr.", "dtv_2020": 34185, "dtv_2025": 30397, "no2_2020": 16.23, "pm10_2020": 19.83, "pm25_2020": 14.04, "no2_2025": 12.31, "pm10_2025": 19.29, "pm25_2025": 13.61, "n_betrof": 0, "index_2020": 0.9, "index_no2": 0.4, "index_pm10": 0.49}, "geometry": {"type": "MultiLineString", "coordinates": [[[13.49131682, 52.46910765], [13.49144376, 52.46901621]]]}}, {"type": "Feature", "properties": {"id": "8908", "id1": "8908", "laenge": 156.24, "name": "Köpenicker Landstr.", "dtv_2020": 34185, "dtv_2025": 30397, "no2_2020": 25.66, "pm10_2020": 22.88, "pm25_2020": 15.18, "no2_2025": 16.9, "pm10_2025": 21.79, "pm25_2025": 14.49, "n_betrof": 133, "index_2020": 1.21, "index_no2": 0.64, "index_pm10": 0.57}, "geometry": {"type": "MultiLineString", "coordinates": [[[13.49154082, 52.46895047], [13.49226904, 52.4684576], [13.49246335, 52.4683334], [13.4930968, 52.46791637]]]}}, {"type": "Feature", "properties": {"id": "8909", "id1": "8909", "laenge": 10.43, "name": "Baumschulenstr.", "dtv_2020": 18286, "dtv_2025": 15255, "no2_2020": 18.03, "pm10_2020": 20.33, "pm25_2020": 14.14, "no2_2025": 13.2, "pm10_2025": 19.64, "pm25_2025": 13.66, "n_betrof": 10, "index_2020": 0.95, "index_no2": 0.45, "index_pm10": 0.5}, "geometry": {"type": "MultiLineString", "coordinates": [[[13.48980204, 52.46783515], [13.48988442, 52.46791433]]]}}, {"type": "Feature", "properties": {"id": "8910", "id1": "8910", "laenge": 59.15, "name": "Baumschulenstr.", "dtv_2020": 18286, "dtv_2025": 15255, "no2_2020": 27.61, "pm10_2020": 23.28, "pm25_2020": 15.23, "no2_2025": 17.5, "pm10_2025": 21.82, "pm25_2025": 14.45, "n_betrof": 54, "index_2020": 1.27, "index_no2": 0.69, "index_pm10": 0.58}, "geometry": {"type": "MultiLineString", "coordinates": [[[13.48988442, 52.46791433], [13.49027154, 52.4682345], [13.49039914, 52.46834321]]]}}, {"type": "Feature", "properties": {"id": "8911", "id1": "8911", "laenge": 12.72, "name": "Baumschulenstr.", "dtv_2020": 19013, "dtv_2025": 15860, "no2_2020": 18.87, "pm10_2020": 20.61, "pm25_2020": 14.25, "no2_2025": 13.68, "pm10_2025": 19.9, "pm25_2025": 13.75, "n_betrof": 2, "index_2020": 0.98, "index_no2": 0.47, "index_pm10": 0.51}, "geometry": {"type": "MultiLineString", "coordinates": [[[13.48913621, 52.46728826], [13.489244, 52.46738179]]]}}, {"type": "Feature", "properties": {"id": "8912", "id1": "8912", "laenge": 53.16, "name": "Baumschulenstr.", "dtv_2020": 19013, "dtv_2025": 15860, "no2_2020": 25.82, "pm10_2020": 22.78, "pm25_2020": 15.0, "no2_2025": 16.74, "pm10_2025": 21.53, "pm25_2025": 14.3, "n_betrof": 14, "index_2020": 1.21, "index_no2": 0.64, "index_pm10": 0.56}, "geometry": {"type": "MultiLineString", "coordinates": [[[13.489244, 52.46738179], [13.48931577, 52.46744412], [13.48971364, 52.46776398]]]}}, {"type": "Feature", "properties": {"id": "8913", "id1": "8913", "laenge": 93.46, "name": "Baumschulenstr.", "dtv_2020": 11156, "dtv_2025": 8802, "no2_2020": 17.79, "pm10_2020": 20.14, "pm25_2020": 14.2, "no2_2025": 12.92, "pm10_2025": 19.49, "pm25_2025": 13.7, "n_betrof": 63, "index_2020": 0.94, "index_no2": 0.44, "index_pm10": 0.5}, "geometry": {"type": "MultiLineString", "coordinates": [[[13.49153247, 52.46928519], [13.49235196, 52.46996007]]]}}, {"type": "Feature", "properties": {"id": "8914", "id1": "8914", "laenge": 200.01, "name": "Neue Krugallee", "dtv_2020": 10670, "dtv_2025": 7855, "no2_2020": 18.3, "pm10_2020": 20.31, "pm25_2020": 14.26, "no2_2025": 12.98, "pm10_2025": 19.52, "pm25_2025": 13.72, "n_betrof": 85, "index_2020": 0.96, "index_no2": 0.45, "index_pm10": 0.5}, "geometry": {"type": "MultiLineString", "coordinates": [[[13.49102071, 52.47166128], [13.491262, 52.47139058], [13.49238524, 52.47014517], [13.49240533, 52.47007836]]]}}, {"type": "Feature", "properties": {"id": "8915", "id1": "8915", "laenge": 109.1, "name": "Köpenicker Landstr.", "dtv_2020": 26123, "dtv_2025": 21128, "no2_2020": 20.51, "pm10_2020": 21.18, "pm25_2020": 14.62, "no2_2025": 14.11, "pm10_2025": 20.23, "pm25_2025": 14.02, "n_betrof": 72, "index_2020": 1.04, "index_no2": 0.51, "index_pm10": 0.52}, "geometry": {"type": "MultiLineString", "coordinates": [[[13.49025915, 52.46984401], [13.49044657, 52.4697279], [13.49095377, 52.46937877], [13.49123044, 52.46918837], [13.49131682, 52.46910765]]]}}, {"type": "Feature", "properties": {"id": "8918", "id1": "8918", "laenge": 88.71, "name": "Am Treptower Park", "dtv_2020": 22673, "dtv_2025": 18923, "no2_2020": 20.75, "pm10_2020": 21.19, "pm25_2020": 14.74, "no2_2025": 14.55, "pm10_2025": 20.37, "pm25_2025": 14.16, "n_betrof": 43, "index_2020": 1.04, "index_no2": 0.51, "index_pm10": 0.52}, "geometry": {"type": "MultiLineString", "coordinates": [[[13.46876254, 52.48417911], [13.46905465, 52.48398194], [13.46910336, 52.48394913], [13.46915192, 52.48391622], [13.46920063, 52.4838834], [13.46924934, 52.4838505], [13.46929805, 52.48381768], [13.46963887, 52.48358769]]]}}, {"type": "Feature", "properties": {"id": "8919", "id1": "8919", "laenge": 74.55, "name": "Am Treptower Park", "dtv_2020": 22726, "dtv_2025": 18907, "no2_2020": 20.51, "pm10_2020": 21.13, "pm25_2020": 14.7, "no2_2025": 14.41, "pm10_2025": 20.31, "pm25_2025": 14.13, "n_betrof": 33, "index_2020": 1.04, "index_no2": 0.51, "index_pm10": 0.52}, "geometry": {"type": "MultiLineString", "coordinates": [[[13.46998074, 52.48335682], [13.47071681, 52.4828596]]]}}, {"type": "Feature", "properties": {"id": "8920", "id1": "8920", "laenge": 128.98, "name": "Am Treptower Park", "dtv_2020": 22998, "dtv_2025": 18828, "no2_2020": 16.79, "pm10_2020": 19.92, "pm25_2020": 14.18, "no2_2025": 12.66, "pm10_2025": 19.37, "pm25_2025": 13.73, "n_betrof": 27, "index_2020": 0.91, "index_no2": 0.41, "index_pm10": 0.49}, "geometry": {"type": "MultiLineString", "coordinates": [[[13.47091403, 52.48272729], [13.47155758, 52.48229855], [13.47170606, 52.48219968], [13.47220441, 52.48187659]]]}}, {"type": "Feature", "properties": {"id": "8921", "id1": "8921", "laenge": 84.53, "name": "Am Treptower Park", "dtv_2020": 22998, "dtv_2025": 18828, "no2_2020": 15.59, "pm10_2020": 19.52, "pm25_2020": 13.99, "no2_2025": 12.1, "pm10_2025": 19.07, "pm25_2025": 13.59, "n_betrof": 0, "index_2020": 0.87, "index_no2": 0.38, "index_pm10": 0.48}, "geometry": {"type": "MultiLineString", "coordinates": [[[13.47220441, 52.48187659], [13.47273144, 52.48153311], [13.47293642, 52.48143586], [13.4731336, 52.48138482]]]}}, {"type": "Feature", "properties": {"id": "8922", "id1": "8922", "laenge": 14.91, "name": "Kiefholzstr.", "dtv_2020": 10845, "dtv_2025": 9775, "no2_2020": 15.76, "pm10_2020": 19.81, "pm25_2020": 14.09, "no2_2025": 12.26, "pm10_2025": 19.34, "pm25_2025": 13.69, "n_betrof": 3, "index_2020": 0.88, "index_no2": 0.39, "index_pm10": 0.49}, "geometry": {"type": "MultiLineString", "coordinates": [[[13.478653, 52.47153837], [13.47879709, 52.47143727]]]}}, {"type": "Feature", "properties": {"id": "8923", "id1": "8923", "laenge": 79.17, "name": "Kiefholzstr.", "dtv_2020": 10845, "dtv_2025": 9775, "no2_2020": 18.67, "pm10_2020": 20.62, "pm25_2020": 14.43, "no2_2025": 13.75, "pm10_2025": 20.0, "pm25_2025": 13.95, "n_betrof": 8, "index_2020": 0.98, "index_no2": 0.46, "index_pm10": 0.51}, "geometry": {"type": "MultiLineString", "coordinates": [[[13.47942201, 52.47099953], [13.47995066, 52.47062915], [13.48018999, 52.47046428]]]}}, {"type": "Feature", "properties": {"id": "8924", "id1": "8924", "laenge": 183.63, "name": "Kiefholzstr.", "dtv_2020": 10845, "dtv_2025": 9775, "no2_2020": 15.39, "pm10_2020": 19.6, "pm25_2020": 14.02, "no2_2025": 12.09, "pm10_2025": 19.15, "pm25_2025": 13.62, "n_betrof": 23, "index_2020": 0.87, "index_no2": 0.38, "index_pm10": 0.49}, "geometry": {"type": "MultiLineString", "coordinates": [[[13.48123117, 52.46972914], [13.48141939, 52.46959472], [13.48151357, 52.4695275], [13.48165484, 52.46942664], [13.48174902, 52.46935934], [13.48213154, 52.46908885], [13.48294841, 52.46851294], [13.48299653, 52.46847912]]]}}, {"type": "Feature", "properties": {"id": "8925", "id1": "8925", "laenge": 79.64, "name": "Kiefholzstr.", "dtv_2020": 10845, "dtv_2025": 9775, "no2_2020": 20.2, "pm10_2020": 20.8, "pm25_2020": 14.45, "no2_2025": 14.52, "pm10_2025": 20.1, "pm25_2025": 13.93, "n_betrof": 50, "index_2020": 1.02, "index_no2": 0.5, "index_pm10": 0.52}, "geometry": {"type": "MultiLineString", "coordinates": [[[13.48304466, 52.46844521], [13.48371742, 52.46797093], [13.48381174, 52.4679038]]]}}, {"type": "Feature", "properties": {"id": "8926", "id1": "8926", "laenge": 14.76, "name": "Kiefholzstr.", "dtv_2020": 10845, "dtv_2025": 9775, "no2_2020": 15.36, "pm10_2020": 19.5, "pm25_2020": 13.9, "no2_2025": 12.12, "pm10_2025": 19.05, "pm25_2025": 13.5, "n_betrof": 6, "index_2020": 0.87, "index_no2": 0.38, "index_pm10": 0.48}, "geometry": {"type": "MultiLineString", "coordinates": [[[13.48381174, 52.4679038], [13.48395314, 52.46780303]]]}}, {"type": "Feature", "properties": {"id": "8964", "id1": "8964", "laenge": 107.51, "name": "Königsheideweg", "dtv_2020": 8792, "dtv_2025": 6589, "no2_2020": 15.11, "pm10_2020": 19.51, "pm25_2020": 13.99, "no2_2025": 11.61, "pm10_2025": 19.02, "pm25_2025": 13.56, "n_betrof": 21, "index_2020": 0.86, "index_no2": 0.37, "index_pm10": 0.48}, "geometry": {"type": "MultiLineString", "coordinates": [[[13.48065075, 52.45305001], [13.48088093, 52.45288313], [13.48111095, 52.45271633], [13.48123063, 52.45263398], [13.48127058, 52.45260653], [13.48140161, 52.45252792], [13.48144534, 52.45250169], [13.48158525, 52.45243039], [13.48163184, 52.45240653], [13.48174753, 52.45235893]]]}}, {"type": "Feature", "properties": {"id": "8965", "id1": "8965", "laenge": 104.83, "name": "Königsheideweg", "dtv_2020": 7288, "dtv_2025": 5129, "no2_2020": 13.92, "pm10_2020": 19.21, "pm25_2020": 13.84, "no2_2025": 10.94, "pm10_2025": 18.77, "pm25_2025": 13.45, "n_betrof": 4, "index_2020": 0.82, "index_no2": 0.34, "index_pm10": 0.48}, "geometry": {"type": "MultiLineString", "coordinates": [[[13.48643234, 52.45185056], [13.48662862, 52.45180452], [13.48695865, 52.45172037], [13.48709063, 52.45168663], [13.48734671, 52.45162184], [13.48766692, 52.45154088], [13.48785887, 52.45149227]]]}}, {"type": "Feature", "properties": {"id": "8966", "id1": "8966", "laenge": 119.41, "name": "Königsheideweg", "dtv_2020": 7288, "dtv_2025": 5129, "no2_2020": 14.61, "pm10_2020": 19.4, "pm25_2020": 13.94, "no2_2025": 11.29, "pm10_2025": 18.92, "pm25_2025": 13.52, "n_betrof": 6, "index_2020": 0.85, "index_no2": 0.36, "index_pm10": 0.48}, "geometry": {"type": "MultiLineString", "coordinates": [[[13.48255884, 52.45212388], [13.48269752, 52.45209671], [13.48275932, 52.45208851], [13.48294486, 52.45206374], [13.48300666, 52.45205545], [13.48314088, 52.45204674], [13.48334222, 52.45203359], [13.48354587, 52.45203009], [13.48368178, 52.45202779], [13.48381755, 52.45202539], [13.48402397, 52.45202255], [13.4842993, 52.45201871]]]}}, {"type": "Feature", "properties": {"id": "8967", "id1": "8967", "laenge": 114.23, "name": "Königsheideweg", "dtv_2020": 7288, "dtv_2025": 5129, "no2_2020": 14.29, "pm10_2020": 19.32, "pm25_2020": 13.89, "no2_2025": 11.1, "pm10_2025": 18.85, "pm25_2025": 13.48, "n_betrof": 16, "index_2020": 0.84, "index_no2": 0.35, "index_pm10": 0.48}, "geometry": {"type": "MultiLineString", "coordinates": [[[13.48464733, 52.4520149], [13.48485755, 52.4520131], [13.48492776, 52.45201247], [13.48506791, 52.45201121], [13.4852082, 52.45200995], [13.48534226, 52.452006], [13.48540929, 52.45200398], [13.48554334, 52.45200003], [13.48567775, 52.45198575], [13.48587074, 52.4519626], [13.4859879, 52.45194495], [13.48617049, 52.45191195], [13.48630134, 52.45188126]]]}}, {"type": "Feature", "properties": {"id": "9034", "id1": "9034", "laenge": 14.42, "name": "Mariendorfer Weg", "dtv_2020": 10599, "dtv_2025": 9964, "no2_2020": 18.15, "pm10_2020": 20.13, "pm25_2020": 14.34, "no2_2025": 13.68, "pm10_2025": 19.66, "pm25_2025": 13.92, "n_betrof": 102, "index_2020": 0.95, "index_no2": 0.45, "index_pm10": 0.5}, "geometry": {"type": "MultiLineString", "coordinates": [[[13.4222588, 52.46263984], [13.42231332, 52.46266736], [13.42242233, 52.46272258]]]}}, {"type": "Feature", "properties": {"id": "9035", "id1": "9035", "laenge": 132.88, "name": "Mariendorfer Weg", "dtv_2020": 10599, "dtv_2025": 9964, "no2_2020": 20.56, "pm10_2020": 20.83, "pm25_2020": 14.66, "no2_2025": 14.92, "pm10_2025": 20.28, "pm25_2025": 14.18, "n_betrof": 118, "index_2020": 1.03, "index_no2": 0.51, "index_pm10": 0.52}, "geometry": {"type": "MultiLineString", "coordinates": [[[13.42515581, 52.46369346], [13.42707515, 52.46392256]]]}}, {"type": "Feature", "properties": {"id": "9036", "id1": "9036", "laenge": 24.6, "name": "Mariendorfer Weg", "dtv_2020": 10599, "dtv_2025": 9964, "no2_2020": 17.33, "pm10_2020": 19.93, "pm25_2020": 14.27, "no2_2025": 13.28, "pm10_2025": 19.47, "pm25_2025": 13.85, "n_betrof": 102, "index_2020": 0.93, "index_no2": 0.43, "index_pm10": 0.49}, "geometry": {"type": "MultiLineString", "coordinates": [[[13.42721719, 52.46393955], [13.42743046, 52.46396505], [13.42757265, 52.46398195]]]}}, {"type": "Feature", "properties": {"id": "9037", "id1": "9037", "laenge": 53.12, "name": "Mariendorfer Weg", "dtv_2020": 10599, "dtv_2025": 9964, "no2_2020": 19.46, "pm10_2020": 20.56, "pm25_2020": 14.58, "no2_2025": 14.45, "pm10_2025": 20.05, "pm25_2025": 14.12, "n_betrof": 10, "index_2020": 1.0, "index_no2": 0.48, "index_pm10": 0.51}, "geometry": {"type": "MultiLineString", "coordinates": [[[13.42820597, 52.46405942], [13.42848175, 52.46409492], [13.42882891, 52.46413891], [13.42897168, 52.46415591]]]}}, {"type": "Feature", "properties": {"id": "9038", "id1": "9038", "laenge": 19.77, "name": "Mariendorfer Weg", "dtv_2020": 10599, "dtv_2025": 9964, "no2_2020": 17.39, "pm10_2020": 19.94, "pm25_2020": 14.28, "no2_2025": 13.33, "pm10_2025": 19.49, "pm25_2025": 13.87, "n_betrof": 102, "index_2020": 0.93, "index_no2": 0.43, "index_pm10": 0.49}, "geometry": {"type": "MultiLineString", "coordinates": [[[13.42897168, 52.46415591], [13.42904322, 52.46416441], [13.42925738, 52.46418992]]]}}, {"type": "Feature", "properties": {"id": "9039", "id1": "9039", "laenge": 74.17, "name": "Mariendorfer Weg", "dtv_2020": 10599, "dtv_2025": 9964, "no2_2020": 21.91, "pm10_2020": 21.2, "pm25_2020": 14.82, "no2_2025": 15.58, "pm10_2025": 20.6, "pm25_2025": 14.31, "n_betrof": 49, "index_2020": 1.07, "index_no2": 0.54, "index_pm10": 0.53}, "geometry": {"type": "MultiLineString", "coordinates": [[[13.42961446, 52.46423251], [13.43068585, 52.46436029]]]}}, {"type": "Feature", "properties": {"id": "9040", "id1": "9040", "laenge": 124.91, "name": "Mariendorfer Weg", "dtv_2020": 10599, "dtv_2025": 9964, "no2_2020": 26.35, "pm10_2020": 22.54, "pm25_2020": 15.44, "no2_2025": 18.0, "pm10_2025": 21.81, "pm25_2025": 14.84, "n_betrof": 116, "index_2020": 1.22, "index_no2": 0.65, "index_pm10": 0.56}, "geometry": {"type": "MultiLineString", "coordinates": [[[13.43082862, 52.46437729], [13.43176642, 52.46449088], [13.43263196, 52.46459568]]]}}, {"type": "Feature", "properties": {"id": "9041", "id1": "9041", "laenge": 12.22, "name": "Mariendorfer Weg", "dtv_2020": 10599, "dtv_2025": 9964, "no2_2020": 17.74, "pm10_2020": 20.05, "pm25_2020": 14.35, "no2_2025": 13.54, "pm10_2025": 19.59, "pm25_2025": 13.93, "n_betrof": 102, "index_2020": 0.94, "index_no2": 0.44, "index_pm10": 0.5}, "geometry": {"type": "MultiLineString", "coordinates": [[[13.43263196, 52.46459568], [13.43279907, 52.46463629]]]}}, {"type": "Feature", "properties": {"id": "9042", "id1": "9042", "laenge": 100.78, "name": "Mariendorfer Weg", "dtv_2020": 10599, "dtv_2025": 9964, "no2_2020": 19.01, "pm10_2020": 20.38, "pm25_2020": 14.46, "no2_2025": 14.13, "pm10_2025": 19.89, "pm25_2025": 14.02, "n_betrof": 58, "index_2020": 0.98, "index_no2": 0.47, "index_pm10": 0.5}, "geometry": {"type": "MultiLineString", "coordinates": [[[13.42242233, 52.46272258], [13.42253135, 52.46277771], [13.42258586, 52.46280523], [13.423349, 52.46319124], [13.42340308, 52.46321848], [13.4235111, 52.46327279], [13.42356518, 52.46330003]]]}}, {"type": "Feature", "properties": {"id": "9043", "id1": "9043", "laenge": 119.62, "name": "Mariendorfer Weg", "dtv_2020": 10599, "dtv_2025": 9964, "no2_2020": 17.45, "pm10_2020": 19.96, "pm25_2020": 14.27, "no2_2025": 13.31, "pm10_2025": 19.5, "pm25_2025": 13.85, "n_betrof": 102, "index_2020": 0.93, "index_no2": 0.43, "index_pm10": 0.49}, "geometry": {"type": "MultiLineString", "coordinates": [[[13.42356518, 52.46330003], [13.42399756, 52.46351754], [13.42410044, 52.46355487], [13.42423177, 52.46358306], [13.42515581, 52.46369346]]]}}, {"type": "Feature", "properties": {"id": "9086", "id1": "9086", "laenge": 71.63, "name": "Germaniastr.", "dtv_2020": 14408, "dtv_2025": 13043, "no2_2020": 27.91, "pm10_2020": 22.59, "pm25_2020": 15.25, "no2_2025": 18.27, "pm10_2025": 21.76, "pm25_2025": 14.6, "n_betrof": 53, "index_2020": 1.26, "index_no2": 0.69, "index_pm10": 0.56}, "geometry": {"type": "MultiLineString", "coordinates": [[[13.39950908, 52.46446488], [13.40008332, 52.46413656], [13.40029195, 52.46403409]]]}}, {"type": "Feature", "properties": {"id": "9087", "id1": "9087", "laenge": 49.6, "name": "Germaniastr.", "dtv_2020": 14408, "dtv_2025": 13043, "no2_2020": 20.76, "pm10_2020": 20.53, "pm25_2020": 14.37, "no2_2025": 14.86, "pm10_2025": 19.99, "pm25_2025": 13.9, "n_betrof": 27, "index_2020": 1.03, "index_no2": 0.51, "index_pm10": 0.51}, "geometry": {"type": "MultiLineString", "coordinates": [[[13.40029195, 52.46403409], [13.40065675, 52.4638548], [13.40086874, 52.46376101]]]}}, {"type": "Feature", "properties": {"id": "9099", "id1": "9099", "laenge": 160.07, "name": "Kiefholzstr.", "dtv_2020": 6990, "dtv_2025": 7109, "no2_2020": 20.81, "pm10_2020": 20.94, "pm25_2020": 14.5, "no2_2025": 15.05, "pm10_2025": 20.42, "pm25_2025": 14.04, "n_betrof": 120, "index_2020": 1.04, "index_no2": 0.52, "index_pm10": 0.52}, "geometry": {"type": "MultiLineString", "coordinates": [[[13.4872335, 52.46545746], [13.48778862, 52.4650712], [13.48878176, 52.46437288]]]}}, {"type": "Feature", "properties": {"id": "9117", "id1": "9117", "laenge": 79.96, "name": "Schnellerstr.", "dtv_2020": 28948, "dtv_2025": 23969, "no2_2020": 15.89, "pm10_2020": 19.77, "pm25_2020": 13.91, "no2_2025": 12.1, "pm10_2025": 19.19, "pm25_2025": 13.47, "n_betrof": 34, "index_2020": 0.89, "index_no2": 0.39, "index_pm10": 0.49}, "geometry": {"type": "MultiLineString", "coordinates": [[[13.49758039, 52.46479769], [13.49772705, 52.46469705], [13.49836296, 52.46426079]]]}}, {"type": "Feature", "properties": {"id": "9118", "id1": "9118", "laenge": 69.97, "name": "Schnellerstr.", "dtv_2020": 28948, "dtv_2025": 23969, "no2_2020": 26.17, "pm10_2020": 23.24, "pm25_2020": 15.35, "no2_2025": 16.8, "pm10_2025": 21.83, "pm25_2025": 14.53, "n_betrof": 54, "index_2020": 1.23, "index_no2": 0.65, "index_pm10": 0.58}, "geometry": {"type": "MultiLineString", "coordinates": [[[13.49836296, 52.46426079], [13.49904785, 52.46379107]]]}}, {"type": "Feature", "properties": {"id": "9119", "id1": "9119", "laenge": 170.68, "name": "Schnellerstr.", "dtv_2020": 28948, "dtv_2025": 23969, "no2_2020": 16.75, "pm10_2020": 20.04, "pm25_2020": 14.02, "no2_2025": 12.44, "pm10_2025": 19.38, "pm25_2025": 13.53, "n_betrof": 50, "index_2020": 0.91, "index_no2": 0.41, "index_pm10": 0.5}, "geometry": {"type": "MultiLineString", "coordinates": [[[13.49904785, 52.46379107], [13.49924068, 52.46366126], [13.49943367, 52.46353136], [13.50010888, 52.46307688], [13.50073588, 52.46265488]]]}}, {"type": "Feature", "properties": {"id": "9161", "id1": "9161", "laenge": 144.78, "name": "Sonnenallee", "dtv_2020": 15767, "dtv_2025": 15308, "no2_2020": 18.71, "pm10_2020": 20.42, "pm25_2020": 14.47, "no2_2025": 14.13, "pm10_2025": 19.99, "pm25_2025": 14.06, "n_betrof": 38, "index_2020": 0.97, "index_no2": 0.46, "index_pm10": 0.51}, "geometry": {"type": "MultiLineString", "coordinates": [[[13.46736846, 52.46849747], [13.46791738, 52.46813505], [13.46801712, 52.46806918], [13.46856602, 52.46770675], [13.46881553, 52.46754203]]]}}, {"type": "Feature", "properties": {"id": "9162", "id1": "9162", "laenge": 97.03, "name": "Sonnenallee", "dtv_2020": 15767, "dtv_2025": 15308, "no2_2020": 17.96, "pm10_2020": 20.08, "pm25_2020": 14.23, "no2_2025": 13.54, "pm10_2025": 19.65, "pm25_2025": 13.82, "n_betrof": 25, "index_2020": 0.95, "index_no2": 0.44, "index_pm10": 0.5}, "geometry": {"type": "MultiLineString", "coordinates": [[[13.46949735, 52.46709051], [13.46978952, 52.46689703], [13.46998284, 52.4667688], [13.47007913, 52.46670477], [13.47036844, 52.46651287], [13.47046473, 52.46644884]]]}}, {"type": "Feature", "properties": {"id": "9166", "id1": "9166", "laenge": 114.89, "name": "AS Oberlandstr.", "dtv_2020": 4059, "dtv_2025": 4913, "no2_2020": 16.87, "pm10_2020": 19.46, "pm25_2020": 13.89, "no2_2025": 13.06, "pm10_2025": 19.07, "pm25_2025": 13.51, "n_betrof": 79, "index_2020": 0.9, "index_no2": 0.42, "index_pm10": 0.48}, "geometry": {"type": "MultiLineString", "coordinates": [[[13.40681281, 52.46197009], [13.40642424, 52.46213604], [13.40610533, 52.46223173], [13.40565854, 52.46239168], [13.40560047, 52.4624141], [13.40548418, 52.46245883], [13.40536804, 52.46250366]]]}}, {"type": "Feature", "properties": {"id": "9167", "id1": "9167", "laenge": 139.0, "name": "AS Oberlandstr.", "dtv_2020": 4059, "dtv_2025": 4913, "no2_2020": 17.01, "pm10_2020": 19.51, "pm25_2020": 13.91, "no2_2025": 13.07, "pm10_2025": 19.09, "pm25_2025": 13.52, "n_betrof": 33, "index_2020": 0.91, "index_no2": 0.42, "index_pm10": 0.48}, "geometry": {"type": "MultiLineString", "coordinates": [[[13.40536804, 52.46250366], [13.40500494, 52.46268974], [13.40478712, 52.46281879], [13.40470616, 52.46287596], [13.40454422, 52.4629903], [13.40442694, 52.4630869], [13.40420274, 52.46330686], [13.40408448, 52.4634591]]]}}, {"type": "Feature", "properties": {"id": "9168", "id1": "9168", "laenge": 66.17, "name": "AS Oberlandstr.", "dtv_2020": 5499, "dtv_2025": 5082, "no2_2020": 18.22, "pm10_2020": 19.88, "pm25_2020": 14.09, "no2_2025": 13.69, "pm10_2025": 19.43, "pm25_2025": 13.66, "n_betrof": 14, "index_2020": 0.95, "index_no2": 0.45, "index_pm10": 0.49}, "geometry": {"type": "MultiLineString", "coordinates": [[[13.40272855, 52.46392748], [13.40293432, 52.46372868], [13.4030553, 52.46361972], [13.4032237, 52.46341628]]]}}, {"type": "Feature", "properties": {"id": "9169", "id1": "9169", "laenge": 96.15, "name": "AS Oberlandstr.", "dtv_2020": 5499, "dtv_2025": 5082, "no2_2020": 17.71, "pm10_2020": 19.81, "pm25_2020": 14.04, "no2_2025": 13.26, "pm10_2025": 19.34, "pm25_2025": 13.62, "n_betrof": 14, "index_2020": 0.93, "index_no2": 0.44, "index_pm10": 0.49}, "geometry": {"type": "MultiLineString", "coordinates": [[[13.39987344, 52.46549111], [13.4003161, 52.46528833], [13.40042374, 52.46524689], [13.40063902, 52.46516421], [13.40086657, 52.46507171], [13.4009235, 52.46504856], [13.40103627, 52.46499947]]]}}, {"type": "Feature", "properties": {"id": "9170", "id1": "9170", "laenge": 135.61, "name": "AS Oberlandstr.", "dtv_2020": 5499, "dtv_2025": 5082, "no2_2020": 17.94, "pm10_2020": 19.74, "pm25_2020": 14.02, "no2_2025": 13.35, "pm10_2025": 19.27, "pm25_2025": 13.59, "n_betrof": 74, "index_2020": 0.94, "index_no2": 0.44, "index_pm10": 0.49}, "geometry": {"type": "MultiLineString", "coordinates": [[[13.40120544, 52.46492569], [13.40162209, 52.46471724], [13.40167247, 52.46468789], [13.40187354, 52.46457031], [13.40197416, 52.46451152], [13.40220492, 52.46435046], [13.40252015, 52.46411735], [13.40258956, 52.46405409]]]}}, {"type": "Feature", "properties": {"id": "9171", "id1": "9171", "laenge": 173.46, "name": "AS Oberlandstr.", "dtv_2020": 5162, "dtv_2025": 4925, "no2_2020": 19.76, "pm10_2020": 20.27, "pm25_2020": 14.25, "no2_2025": 14.59, "pm10_2025": 19.79, "pm25_2025": 13.81, "n_betrof": 5, "index_2020": 1.0, "index_no2": 0.49, "index_pm10": 0.5}, "geometry": {"type": "MultiLineString", "coordinates": [[[13.40408448, 52.4634591], [13.40393379, 52.46359616], [13.40385104, 52.46366976], [13.40371049, 52.46382754], [13.40359603, 52.46391951], [13.40348156, 52.46401138], [13.40323623, 52.46421307], [13.40300881, 52.46437534], [13.40277553, 52.46453673], [13.40253206, 52.46469079]]]}}, {"type": "Feature", "properties": {"id": "9172", "id1": "9172", "laenge": 161.49, "name": "AS Oberlandstr.", "dtv_2020": 5162, "dtv_2025": 4925, "no2_2020": 19.1, "pm10_2020": 20.19, "pm25_2020": 14.21, "no2_2025": 14.14, "pm10_2025": 19.71, "pm25_2025": 13.78, "n_betrof": 0, "index_2020": 0.98, "index_no2": 0.47, "index_pm10": 0.5}, "geometry": {"type": "MultiLineString", "coordinates": [[[13.40253206, 52.46469079], [13.40205516, 52.46493717], [13.40159769, 52.46514687], [13.40127491, 52.46526739], [13.40088548, 52.46537461], [13.40052682, 52.46544088]]]}}, {"type": "Feature", "properties": {"id": "9174", "id1": "9174", "laenge": 112.99, "name": "100 AS Gradestr Verb-Fahrbahn", "dtv_2020": 11851, "dtv_2025": 11594, "no2_2020": 18.98, "pm10_2020": 20.05, "pm25_2020": 14.28, "no2_2025": 14.34, "pm10_2025": 19.61, "pm25_2025": 13.86, "n_betrof": 8, "index_2020": 0.97, "index_no2": 0.47, "index_pm10": 0.5}, "geometry": {"type": "MultiLineString", "coordinates": [[[13.41221835, 52.46096582], [13.41197173, 52.46116391], [13.41186063, 52.46121628], [13.41169411, 52.46129487], [13.41158315, 52.46134733], [13.41122102, 52.46145432], [13.41087223, 52.46151383]]]}}, {"type": "Feature", "properties": {"id": "9175", "id1": "9175", "laenge": 176.5, "name": "100 AS Gradestr Verb-Fahrbahn", "dtv_2020": 11851, "dtv_2025": 11594, "no2_2020": 19.18, "pm10_2020": 20.03, "pm25_2020": 14.27, "no2_2025": 14.24, "pm10_2025": 19.57, "pm25_2025": 13.84, "n_betrof": 146, "index_2020": 0.98, "index_no2": 0.47, "index_pm10": 0.5}, "geometry": {"type": "MultiLineString", "coordinates": [[[13.4105136, 52.46153571], [13.41029851, 52.46154891], [13.40967869, 52.46156441], [13.40900421, 52.46163023], [13.40794523, 52.46175337]]]}}, {"type": "Feature", "properties": {"id": "9178", "id1": "9178", "laenge": 18.32, "name": "AS Buschkrugallee", "dtv_2020": 2989, "dtv_2025": 2495, "no2_2020": 19.78, "pm10_2020": 20.48, "pm25_2020": 14.6, "no2_2025": 14.89, "pm10_2025": 20.05, "pm25_2025": 14.19, "n_betrof": 9, "index_2020": 1.0, "index_no2": 0.49, "index_pm10": 0.51}, "geometry": {"type": "MultiLineString", "coordinates": [[[13.44583595, 52.46281454], [13.44610119, 52.46284446]]]}}, {"type": "Feature", "properties": {"id": "9179", "id1": "9179", "laenge": 214.49, "name": "AS Buschkrugallee", "dtv_2020": 2989, "dtv_2025": 2495, "no2_2020": 19.14, "pm10_2020": 20.35, "pm25_2020": 14.53, "no2_2025": 14.51, "pm10_2025": 19.91, "pm25_2025": 14.12, "n_betrof": 84, "index_2020": 0.98, "index_no2": 0.47, "index_pm10": 0.5}, "geometry": {"type": "MultiLineString", "coordinates": [[[13.44616746, 52.46285199], [13.44687068, 52.46295959], [13.44778489, 52.46309944], [13.44798974, 52.46313468], [13.44846746, 52.46321692], [13.44867231, 52.46325225], [13.44921837, 52.46334617]]]}}, {"type": "Feature", "properties": {"id": "9181", "id1": "9181", "laenge": 188.48, "name": "AD Neukölln", "dtv_2020": 3402, "dtv_2025": 1336, "no2_2020": 20.23, "pm10_2020": 20.67, "pm25_2020": 14.71, "no2_2025": 15.5, "pm10_2025": 20.29, "pm25_2025": 14.31, "n_betrof": 2, "index_2020": 1.02, "index_no2": 0.5, "index_pm10": 0.51}, "geometry": {"type": "MultiLineString", "coordinates": [[[13.44935488, 52.46336972], [13.44990224, 52.46341843], [13.45003814, 52.46342606], [13.45044612, 52.46344894], [13.45051489, 52.46345227], [13.45079, 52.46346531], [13.45120252, 52.46348483], [13.45211659, 52.46352017]]]}}, {"type": "Feature", "properties": {"id": "9183", "id1": "9183", "laenge": 181.1, "name": "A 113 BAB Autobahnzubringer Dr", "dtv_2020": 2755, "dtv_2025": 607, "no2_2020": 21.15, "pm10_2020": 20.97, "pm25_2020": 14.84, "no2_2025": 16.09, "pm10_2025": 20.6, "pm25_2025": 14.44, "n_betrof": 2, "index_2020": 1.05, "index_no2": 0.52, "index_pm10": 0.52}, "geometry": {"type": "MultiLineString", "coordinates": [[[13.45132487, 52.46423899], [13.45114311, 52.46422114], [13.45080937, 52.46415869], [13.45067252, 52.46412786], [13.45039883, 52.4640661], [13.45026198, 52.46403526], [13.45001422, 52.46397708], [13.44989026, 52.46394794], [13.4496425, 52.46388976], [13.44880877, 52.46370836]]]}}, {"type": "Feature", "properties": {"id": "9184", "id1": "9184", "laenge": 92.43, "name": "A 113 BAB Autobahnzubringer Dr", "dtv_2020": 2755, "dtv_2025": 607, "no2_2020": 20.9, "pm10_2020": 20.66, "pm25_2020": 14.7, "no2_2025": 16.55, "pm10_2025": 20.5, "pm25_2025": 14.4, "n_betrof": 2, "index_2020": 1.03, "index_no2": 0.52, "index_pm10": 0.51}, "geometry": {"type": "MultiLineString", "coordinates": [[[13.45471777, 52.46290413], [13.45456733, 52.46313117], [13.45440861, 52.46331692], [13.45422263, 52.46348676], [13.4540486, 52.46362214]]]}}, {"type": "Feature", "properties": {"id": "9185", "id1": "9185", "laenge": 189.19, "name": "A 113 BAB Autobahnzubringer Dr", "dtv_2020": 2755, "dtv_2025": 607, "no2_2020": 22.17, "pm10_2020": 20.99, "pm25_2020": 14.86, "no2_2025": 16.75, "pm10_2025": 20.66, "pm25_2025": 14.47, "n_betrof": 2, "index_2020": 1.07, "index_no2": 0.55, "index_pm10": 0.52}, "geometry": {"type": "MultiLineString", "coordinates": [[[13.4540486, 52.46362214], [13.45380972, 52.46376827], [13.45347698, 52.4639379], [13.45318467, 52.46405033], [13.45255802, 52.46419705], [13.45223628, 52.46423743], [13.45188999, 52.46425996], [13.45157035, 52.4642574]]]}}, {"type": "Feature", "properties": {"id": "9215", "id1": "9215", "laenge": 64.32, "name": "Hermannstr.", "dtv_2020": 23019, "dtv_2025": 19995, "no2_2020": 31.1, "pm10_2020": 23.08, "pm25_2020": 15.66, "no2_2025": 19.61, "pm10_2025": 21.89, "pm25_2025": 14.85, "n_betrof": 70, "index_2020": 1.35, "index_no2": 0.77, "index_pm10": 0.57}, "geometry": {"type": "MultiLineString", "coordinates": [[[13.42488751, 52.481837], [13.42488796, 52.48164298], [13.42493669, 52.48125998]]]}}, {"type": "Feature", "properties": {"id": "9216", "id1": "9216", "laenge": 43.06, "name": "Hermannstr.", "dtv_2020": 23019, "dtv_2025": 19995, "no2_2020": 30.46, "pm10_2020": 22.9, "pm25_2020": 15.58, "no2_2025": 19.31, "pm10_2025": 21.75, "pm25_2025": 14.79, "n_betrof": 47, "index_2020": 1.33, "index_no2": 0.76, "index_pm10": 0.57}, "geometry": {"type": "MultiLineString", "coordinates": [[[13.42493669, 52.48125998], [13.4250475, 52.48087879]]]}}, {"type": "Feature", "properties": {"id": "9217", "id1": "9217", "laenge": 180.27, "name": "Treptower Str.", "dtv_2020": 6300, "dtv_2025": 6300, "no2_2020": 18.75, "pm10_2020": 20.32, "pm25_2020": 14.48, "no2_2025": 14.7, "pm10_2025": 19.93, "pm25_2025": 14.09, "n_betrof": 37, "index_2020": 0.97, "index_no2": 0.46, "index_pm10": 0.5}, "geometry": {"type": "MultiLineString", "coordinates": [[[13.45617734, 52.48419553], [13.45624401, 52.48424738], [13.45656128, 52.48449015], [13.45728633, 52.48504509], [13.45733166, 52.48507976], [13.45746764, 52.48518376], [13.45783781, 52.48545976]]]}}, {"type": "Feature", "properties": {"id": "9218", "id1": "9218", "laenge": 62.15, "name": "Treptower Str.", "dtv_2020": 6300, "dtv_2025": 6300, "no2_2020": 18.68, "pm10_2020": 20.18, "pm25_2020": 14.53, "no2_2025": 14.5, "pm10_2025": 19.75, "pm25_2025": 14.11, "n_betrof": 32, "index_2020": 0.97, "index_no2": 0.46, "index_pm10": 0.5}, "geometry": {"type": "MultiLineString", "coordinates": [[[13.45402326, 52.48256349], [13.45420015, 52.48269725], [13.45424449, 52.48273073], [13.45428867, 52.48276413], [13.45459828, 52.48299817]]]}}, {"type": "Feature", "properties": {"id": "9219", "id1": "9219", "laenge": 29.31, "name": "Treptower Str.", "dtv_2020": 6300, "dtv_2025": 6300, "no2_2020": 17.08, "pm10_2020": 19.94, "pm25_2020": 14.35, "no2_2025": 13.57, "pm10_2025": 19.53, "pm25_2025": 13.96, "n_betrof": 10, "index_2020": 0.92, "index_no2": 0.42, "index_pm10": 0.49}, "geometry": {"type": "MultiLineString", "coordinates": [[[13.45459828, 52.48299817], [13.45477874, 52.48313503], [13.45486898, 52.48320346]]]}}, {"type": "Feature", "properties": {"id": "9220", "id1": "9220", "laenge": 112.37, "name": "Treptower Str.", "dtv_2020": 6300, "dtv_2025": 6300, "no2_2020": 17.91, "pm10_2020": 20.14, "pm25_2020": 14.47, "no2_2025": 14.11, "pm10_2025": 19.73, "pm25_2025": 14.07, "n_betrof": 52, "index_2020": 0.95, "index_no2": 0.44, "index_pm10": 0.5}, "geometry": {"type": "MultiLineString", "coordinates": [[[13.45513968, 52.48340876], [13.45527497, 52.48351131], [13.45545544, 52.48364818], [13.45559087, 52.48375082], [13.45563591, 52.48378504], [13.45617734, 52.48419553]]]}}, {"type": "Feature", "properties": {"id": "9225", "id1": "9225", "laenge": 214.0, "name": "Dammweg", "dtv_2020": 19731, "dtv_2025": 16517, "no2_2020": 15.7, "pm10_2020": 19.74, "pm25_2020": 14.15, "no2_2025": 12.24, "pm10_2025": 19.31, "pm25_2025": 13.77, "n_betrof": 2, "index_2020": 0.88, "index_no2": 0.39, "index_pm10": 0.49}, "geometry": {"type": "MultiLineString", "coordinates": [[[13.46837068, 52.47219679], [13.46848582, 52.47224737], [13.46868869, 52.47232858], [13.46890061, 52.47243301], [13.46906171, 52.47251718], [13.4698672, 52.47293796], [13.47004027, 52.47302957], [13.4707946, 52.47342333]]]}}, {"type": "Feature", "properties": {"id": "9233", "id1": "9233", "laenge": 249.74, "name": "Gottlieb-Dunkel-Str.", "dtv_2020": 12810, "dtv_2025": 11779, "no2_2020": 16.33, "pm10_2020": 19.66, "pm25_2020": 14.1, "no2_2025": 12.64, "pm10_2025": 19.22, "pm25_2025": 13.69, "n_betrof": 24, "index_2020": 0.9, "index_no2": 0.4, "index_pm10": 0.49}, "geometry": {"type": "MultiLineString", "coordinates": [[[13.40791552, 52.45250773], [13.40798828, 52.45254692], [13.40820061, 52.45278885], [13.40830803, 52.45295241], [13.40881793, 52.45371686], [13.40887144, 52.45379617], [13.40903298, 52.45403463], [13.40917055, 52.45423554], [13.40922565, 52.45431586], [13.40928059, 52.45439626], [13.40939035, 52.45455643]]]}}, {"type": "Feature", "properties": {"id": "9234", "id1": "9234", "laenge": 82.09, "name": "Gottlieb-Dunkel-Str.", "dtv_2020": 12810, "dtv_2025": 11779, "no2_2020": 23.08, "pm10_2020": 21.08, "pm25_2020": 14.66, "no2_2025": 17.49, "pm10_2025": 20.47, "pm25_2025": 14.17, "n_betrof": 41, "index_2020": 1.1, "index_no2": 0.57, "index_pm10": 0.52}, "geometry": {"type": "MultiLineString", "coordinates": [[[13.40939035, 52.45455643], [13.4098565, 52.45523721]]]}}, {"type": "Feature", "properties": {"id": "9235", "id1": "9235", "laenge": 205.34, "name": "Gottlieb-Dunkel-Str.", "dtv_2020": 15206, "dtv_2025": 14386, "no2_2020": 18.64, "pm10_2020": 20.24, "pm25_2020": 14.41, "no2_2025": 14.47, "pm10_2025": 19.8, "pm25_2025": 14.0, "n_betrof": 2, "index_2020": 0.97, "index_no2": 0.46, "index_pm10": 0.5}, "geometry": {"type": "MultiLineString", "coordinates": [[[13.41178628, 52.45699619], [13.41201258, 52.45715738], [13.41224975, 52.45730326], [13.41250199, 52.45743512], [13.41271459, 52.45754776], [13.41287405, 52.45763217], [13.41302659, 52.4577164], [13.4132753, 52.45785649], [13.41332508, 52.45788449], [13.41398015, 52.45826272]]]}}, {"type": "Feature", "properties": {"id": "9245", "id1": "9245", "laenge": 86.79, "name": "Hermannstr.", "dtv_2020": 25198, "dtv_2025": 23357, "no2_2020": 29.83, "pm10_2020": 22.56, "pm25_2020": 15.47, "no2_2025": 19.78, "pm10_2025": 21.66, "pm25_2025": 14.78, "n_betrof": 63, "index_2020": 1.31, "index_no2": 0.74, "index_pm10": 0.56}, "geometry": {"type": "MultiLineString", "coordinates": [[[13.42704734, 52.47552396], [13.42712287, 52.47535494], [13.42717562, 52.47525072], [13.42723122, 52.47514086], [13.42741544, 52.47477693]]]}}, {"type": "Feature", "properties": {"id": "9246", "id1": "9246", "laenge": 14.52, "name": "Karl-Marx-Str.", "dtv_2020": 7512, "dtv_2025": 6116, "no2_2020": 17.38, "pm10_2020": 20.02, "pm25_2020": 14.41, "no2_2025": 13.18, "pm10_2025": 19.46, "pm25_2025": 13.95, "n_betrof": 16, "index_2020": 0.93, "index_no2": 0.43, "index_pm10": 0.5}, "geometry": {"type": "MultiLineString", "coordinates": [[[13.43802066, 52.47827841], [13.43807914, 52.47819898], [13.43810837, 52.47815936]]]}}, {"type": "Feature", "properties": {"id": "9247", "id1": "9247", "laenge": 80.73, "name": "Karl-Marx-Str.", "dtv_2020": 7512, "dtv_2025": 6116, "no2_2020": 22.52, "pm10_2020": 21.49, "pm25_2020": 15.06, "no2_2025": 15.48, "pm10_2025": 20.46, "pm25_2025": 14.41, "n_betrof": 82, "index_2020": 1.1, "index_no2": 0.56, "index_pm10": 0.53}, "geometry": {"type": "MultiLineString", "coordinates": [[[13.43813761, 52.47811964], [13.43843012, 52.47772286], [13.4385103, 52.47760434], [13.43861804, 52.47745588]]]}}, {"type": "Feature", "properties": {"id": "9248", "id1": "9248", "laenge": 41.3, "name": "Karl-Marx-Str.", "dtv_2020": 5403, "dtv_2025": 5054, "no2_2020": 16.96, "pm10_2020": 19.96, "pm25_2020": 14.37, "no2_2025": 13.11, "pm10_2025": 19.45, "pm25_2025": 13.94, "n_betrof": 38, "index_2020": 0.92, "index_no2": 0.42, "index_pm10": 0.49}, "geometry": {"type": "MultiLineString", "coordinates": [[[13.44059794, 52.47373406], [13.4407887, 52.47338152]]]}}, {"type": "Feature", "properties": {"id": "9249", "id1": "9249", "laenge": 100.01, "name": "Karl-Marx-Str.", "dtv_2020": 5403, "dtv_2025": 5054, "no2_2020": 19.93, "pm10_2020": 20.83, "pm25_2020": 14.76, "no2_2025": 14.59, "pm10_2025": 20.13, "pm25_2025": 14.25, "n_betrof": 99, "index_2020": 1.01, "index_no2": 0.49, "index_pm10": 0.52}, "geometry": {"type": "MultiLineString", "coordinates": [[[13.4407887, 52.47338152], [13.44092569, 52.47314246], [13.4410135, 52.4729744], [13.44106523, 52.47284795], [13.44110477, 52.47270812], [13.44114701, 52.47251267]]]}}, {"type": "Feature", "properties": {"id": "9250", "id1": "9250", "laenge": 16.49, "name": "Karl-Marx-Str.", "dtv_2020": 5403, "dtv_2025": 5054, "no2_2020": 17.01, "pm10_2020": 19.98, "pm25_2020": 14.37, "no2_2025": 13.13, "pm10_2025": 19.47, "pm25_2025": 13.94, "n_betrof": 38, "index_2020": 0.92, "index_no2": 0.42, "index_pm10": 0.49}, "geometry": {"type": "MultiLineString", "coordinates": [[[13.44114701, 52.47251267], [13.44116725, 52.47236494]]]}}, {"type": "Feature", "properties": {"id": "9251", "id1": "9251", "laenge": 19.28, "name": "Komturstr.", "dtv_2020": 13040, "dtv_2025": 13231, "no2_2020": 17.07, "pm10_2020": 19.72, "pm25_2020": 14.07, "no2_2025": 13.29, "pm10_2025": 19.31, "pm25_2025": 13.67, "n_betrof": 1, "index_2020": 0.92, "index_no2": 0.42, "index_pm10": 0.49}, "geometry": {"type": "MultiLineString", "coordinates": [[[13.400134, 52.45911748], [13.40015113, 52.45922975], [13.40017224, 52.45928892]]]}}, {"type": "Feature", "properties": {"id": "9252", "id1": "9252", "laenge": 86.35, "name": "Komturstr.", "dtv_2020": 13040, "dtv_2025": 13231, "no2_2020": 22.53, "pm10_2020": 21.2, "pm25_2020": 14.61, "no2_2025": 16.14, "pm10_2025": 20.73, "pm25_2025": 14.14, "n_betrof": 31, "index_2020": 1.09, "index_no2": 0.56, "index_pm10": 0.53}, "geometry": {"type": "MultiLineString", "coordinates": [[[13.4005442, 52.46257384], [13.40059108, 52.46295767], [13.40060153, 52.46304296], [13.40061486, 52.46319518], [13.40064939, 52.46334706]]]}}, {"type": "Feature", "properties": {"id": "9253", "id1": "9253", "laenge": 29.88, "name": "Komturstr.", "dtv_2020": 13040, "dtv_2025": 13231, "no2_2020": 19.78, "pm10_2020": 20.29, "pm25_2020": 14.31, "no2_2025": 14.65, "pm10_2025": 19.83, "pm25_2025": 13.87, "n_betrof": 1, "index_2020": 1.0, "index_no2": 0.49, "index_pm10": 0.5}, "geometry": {"type": "MultiLineString", "coordinates": [[[13.40064939, 52.46334706], [13.40072129, 52.46347921], [13.40074853, 52.46353596], [13.40079879, 52.46359912]]]}}, {"type": "Feature", "properties": {"id": "9254", "id1": "9254", "laenge": 170.55, "name": "Komturstr.", "dtv_2020": 13040, "dtv_2025": 13231, "no2_2020": 16.97, "pm10_2020": 19.71, "pm25_2020": 14.07, "no2_2025": 13.17, "pm10_2025": 19.29, "pm25_2025": 13.67, "n_betrof": 1, "index_2020": 0.91, "index_no2": 0.42, "index_pm10": 0.49}, "geometry": {"type": "MultiLineString", "coordinates": [[[13.40017224, 52.45928892], [13.40020302, 52.45948741], [13.40020705, 52.45953045], [13.40022303, 52.45970266], [13.40023902, 52.45987488], [13.4002429, 52.45991791], [13.40028472, 52.46025852], [13.4003129, 52.46048809], [13.40033875, 52.4608185]]]}}, {"type": "Feature", "properties": {"id": "9255", "id1": "9255", "laenge": 191.01, "name": "Komturstr.", "dtv_2020": 13040, "dtv_2025": 13231, "no2_2020": 17.3, "pm10_2020": 19.76, "pm25_2020": 14.08, "no2_2025": 13.29, "pm10_2025": 19.33, "pm25_2025": 13.67, "n_betrof": 1, "index_2020": 0.92, "index_no2": 0.43, "index_pm10": 0.49}, "geometry": {"type": "MultiLineString", "coordinates": [[[13.40033875, 52.4608185], [13.40036348, 52.46106223], [13.40045373, 52.46181709], [13.4004854, 52.46209255], [13.40052284, 52.46239957], [13.40053898, 52.46253115]]]}}, {"type": "Feature", "properties": {"id": "9284", "id1": "9284", "laenge": 27.23, "name": "Chris-Gueffroy-Allee", "dtv_2020": 5138, "dtv_2025": 1897, "no2_2020": 21.37, "pm10_2020": 19.98, "pm25_2020": 14.4, "no2_2025": 17.97, "pm10_2025": 19.55, "pm25_2025": 14.01, "n_betrof": 2, "index_2020": 1.03, "index_no2": 0.53, "index_pm10": 0.49}, "geometry": {"type": "MultiLineString", "coordinates": [[[13.47210387, 52.46042757], [13.47207155, 52.46018359]]]}}, {"type": "Feature", "properties": {"id": "9285", "id1": "9285", "laenge": 158.53, "name": "Chris-Gueffroy-Allee", "dtv_2020": 5138, "dtv_2025": 1897, "no2_2020": 19.1, "pm10_2020": 19.69, "pm25_2020": 14.23, "no2_2025": 15.83, "pm10_2025": 19.26, "pm25_2025": 13.84, "n_betrof": 4, "index_2020": 0.96, "index_no2": 0.47, "index_pm10": 0.49}, "geometry": {"type": "MultiLineString", "coordinates": [[[13.47207155, 52.46018359], [13.4720589, 52.46000891], [13.4720368, 52.45970338], [13.47203055, 52.45961608], [13.47203628, 52.45953991], [13.47204789, 52.45938757], [13.4720333, 52.45917124], [13.47200486, 52.45875989]]]}}, {"type": "Feature", "properties": {"id": "9286", "id1": "9286", "laenge": 504.05, "name": "Chris-Gueffroy-Allee", "dtv_2020": 5138, "dtv_2025": 1897, "no2_2020": 15.04, "pm10_2020": 19.11, "pm25_2020": 13.77, "no2_2025": 11.81, "pm10_2025": 18.71, "pm25_2025": 13.38, "n_betrof": 2, "index_2020": 0.85, "index_no2": 0.37, "index_pm10": 0.47}, "geometry": {"type": "MultiLineString", "coordinates": [[[13.47200486, 52.45875989], [13.4719607, 52.45830932], [13.47192916, 52.45779624], [13.47190795, 52.45749899], [13.47189882, 52.45737165], [13.47188366, 52.45715926], [13.47188286, 52.45691451], [13.47188308, 52.45686974], [13.47188339, 52.4567801], [13.471885, 52.45628741], [13.4718853, 52.45619778], [13.47190331, 52.45530367], [13.47193396, 52.45521766], [13.47213316, 52.45465847], [13.47216366, 52.45457246], [13.47219838, 52.45450907], [13.47225085, 52.45442604], [13.4724352, 52.45430039]]]}}, {"type": "Feature", "properties": {"id": "9287", "id1": "9287", "laenge": 19.56, "name": "Dammweg", "dtv_2020": 14663, "dtv_2025": 12869, "no2_2020": 18.36, "pm10_2020": 20.42, "pm25_2020": 14.32, "no2_2025": 13.35, "pm10_2025": 19.79, "pm25_2025": 13.84, "n_betrof": 13, "index_2020": 0.96, "index_no2": 0.45, "index_pm10": 0.51}, "geometry": {"type": "MultiLineString", "coordinates": [[[13.47670792, 52.47652674], [13.476926, 52.47664167]]]}}, {"type": "Feature", "properties": {"id": "9290", "id1": "9290", "laenge": 19.99, "name": "Neuköllnische Allee", "dtv_2020": 15683, "dtv_2025": 17758, "no2_2020": 18.28, "pm10_2020": 20.36, "pm25_2020": 14.46, "no2_2025": 14.46, "pm10_2025": 20.1, "pm25_2025": 14.12, "n_betrof": 9, "index_2020": 0.96, "index_no2": 0.45, "index_pm10": 0.5}, "geometry": {"type": "MultiLineString", "coordinates": [[[13.45578151, 52.46911037], [13.45607581, 52.46911034]]]}}, {"type": "Feature", "properties": {"id": "9291", "id1": "9291", "laenge": 112.26, "name": "Neuköllnische Allee", "dtv_2020": 15683, "dtv_2025": 17758, "no2_2020": 21.76, "pm10_2020": 21.33, "pm25_2020": 14.85, "no2_2025": 16.83, "pm10_2025": 21.14, "pm25_2025": 14.5, "n_betrof": 56, "index_2020": 1.07, "index_no2": 0.54, "index_pm10": 0.53}, "geometry": {"type": "MultiLineString", "coordinates": [[[13.45414102, 52.46912247], [13.45442622, 52.46915947], [13.45461718, 52.46916349], [13.45481302, 52.46916245], [13.45488402, 52.46915709], [13.45509717, 52.46914117], [13.45527879, 52.46912574], [13.45541358, 52.469115], [13.45557738, 52.46910824], [13.45578151, 52.46911037]]]}}, {"type": "Feature", "properties": {"id": "9292", "id1": "9292", "laenge": 88.56, "name": "Tempelhofer Weg", "dtv_2020": 11788, "dtv_2025": 11023, "no2_2020": 17.34, "pm10_2020": 20.41, "pm25_2020": 14.58, "no2_2025": 13.48, "pm10_2025": 19.98, "pm25_2025": 14.18, "n_betrof": 26, "index_2020": 0.94, "index_no2": 0.43, "index_pm10": 0.51}, "geometry": {"type": "MultiLineString", "coordinates": [[[13.42559837, 52.45749134], [13.42599957, 52.45723612], [13.42650106, 52.45691713]]]}}, {"type": "Feature", "properties": {"id": "9306", "id1": "9306", "laenge": 135.21, "name": "Bergiusstr.", "dtv_2020": 14954, "dtv_2025": 17016, "no2_2020": 20.41, "pm10_2020": 20.64, "pm25_2020": 14.65, "no2_2025": 16.31, "pm10_2025": 20.57, "pm25_2025": 14.37, "n_betrof": 6, "index_2020": 1.02, "index_no2": 0.51, "index_pm10": 0.51}, "geometry": {"type": "MultiLineString", "coordinates": [[[13.45687516, 52.46515184], [13.4580719, 52.46418077]]]}}, {"type": "Feature", "properties": {"id": "9307", "id1": "9307", "laenge": 145.0, "name": "Bergiusstr.", "dtv_2020": 14954, "dtv_2025": 17016, "no2_2020": 25.15, "pm10_2020": 22.29, "pm25_2020": 15.22, "no2_2025": 19.68, "pm10_2025": 22.41, "pm25_2025": 14.88, "n_betrof": 52, "index_2020": 1.18, "index_no2": 0.62, "index_pm10": 0.55}, "geometry": {"type": "MultiLineString", "coordinates": [[[13.45811506, 52.46414636], [13.45919451, 52.46328694], [13.45932652, 52.4631823], [13.45941463, 52.4631125]]]}}, {"type": "Feature", "properties": {"id": "9308", "id1": "9308", "laenge": 39.19, "name": "Bergiusstr.", "dtv_2020": 14954, "dtv_2025": 17016, "no2_2020": 19.47, "pm10_2020": 20.45, "pm25_2020": 14.56, "no2_2025": 15.23, "pm10_2025": 20.15, "pm25_2025": 14.19, "n_betrof": 6, "index_2020": 0.99, "index_no2": 0.48, "index_pm10": 0.51}, "geometry": {"type": "MultiLineString", "coordinates": [[[13.45954664, 52.46300786], [13.45989878, 52.46272878]]]}}, {"type": "Feature", "properties": {"id": "9309", "id1": "9309", "laenge": 78.38, "name": "Bergiusstr.", "dtv_2020": 14954, "dtv_2025": 17016, "no2_2020": 21.84, "pm10_2020": 21.22, "pm25_2020": 14.81, "no2_2025": 17.1, "pm10_2025": 21.1, "pm25_2025": 14.45, "n_betrof": 20, "index_2020": 1.07, "index_no2": 0.54, "index_pm10": 0.53}, "geometry": {"type": "MultiLineString", "coordinates": [[[13.45989878, 52.46272878], [13.46011875, 52.46255434], [13.46033887, 52.4623799], [13.46060288, 52.46217061]]]}}, {"type": "Feature", "properties": {"id": "9312", "id1": "9312", "laenge": 173.15, "name": "Sonnenallee", "dtv_2020": 27901, "dtv_2025": 25883, "no2_2020": 38.46, "pm10_2020": 24.56, "pm25_2020": 16.71, "no2_2025": 24.4, "pm10_2025": 23.52, "pm25_2025": 15.85, "n_betrof": 190, "index_2020": 1.57, "index_no2": 0.96, "index_pm10": 0.61}, "geometry": {"type": "MultiLineString", "coordinates": [[[13.43604546, 52.48370343], [13.43749416, 52.48298063], [13.43801546, 52.48271553]]]}}, {"type": "Feature", "properties": {"id": "9313", "id1": "9313", "laenge": 181.92, "name": "Sonnenallee", "dtv_2020": 28552, "dtv_2025": 26760, "no2_2020": 37.83, "pm10_2020": 25.16, "pm25_2020": 16.69, "no2_2025": 24.36, "pm10_2025": 24.34, "pm25_2025": 15.88, "n_betrof": 192, "index_2020": 1.57, "index_no2": 0.94, "index_pm10": 0.62}, "geometry": {"type": "MultiLineString", "coordinates": [[[13.44528706, 52.47913398], [13.44645825, 52.47854723], [13.44736524, 52.4781024]]]}}, {"type": "Feature", "properties": {"id": "9314", "id1": "9314", "laenge": 62.7, "name": "Sonnenallee", "dtv_2020": 28552, "dtv_2025": 26760, "no2_2020": 21.68, "pm10_2020": 20.91, "pm25_2020": 14.8, "no2_2025": 15.83, "pm10_2025": 20.4, "pm25_2025": 14.31, "n_betrof": 41, "index_2020": 1.06, "index_no2": 0.54, "index_pm10": 0.52}, "geometry": {"type": "MultiLineString", "coordinates": [[[13.44736524, 52.4781024], [13.44757488, 52.47801164], [13.44773956, 52.47793072], [13.4479402, 52.47782376], [13.44807627, 52.47774417]]]}}, {"type": "Feature", "properties": {"id": "9315", "id1": "9315", "laenge": 105.85, "name": "Sonnenallee", "dtv_2020": 27405, "dtv_2025": 26209, "no2_2020": 24.23, "pm10_2020": 21.5, "pm25_2020": 15.27, "no2_2025": 17.23, "pm10_2025": 20.96, "pm25_2025": 14.75, "n_betrof": 74, "index_2020": 1.14, "index_no2": 0.6, "index_pm10": 0.53}, "geometry": {"type": "MultiLineString", "coordinates": [[[13.45034041, 52.47663801], [13.45089901, 52.47636301], [13.45155192, 52.47603952]]]}}, {"type": "Feature", "properties": {"id": "9316", "id1": "9316", "laenge": 66.7, "name": "Sonnenallee", "dtv_2020": 27405, "dtv_2025": 26209, "no2_2020": 27.61, "pm10_2020": 22.36, "pm25_2020": 15.74, "no2_2025": 19.0, "pm10_2025": 21.76, "pm25_2025": 15.16, "n_betrof": 55, "index_2020": 1.24, "index_no2": 0.69, "index_pm10": 0.55}, "geometry": {"type": "MultiLineString", "coordinates": [[[13.45229356, 52.47567124], [13.45289298, 52.47537375], [13.45305212, 52.4752905]]]}}, {"type": "Feature", "properties": {"id": "9318", "id1": "9318", "laenge": 72.98, "name": "Treptower Str.", "dtv_2020": 7994, "dtv_2025": 6334, "no2_2020": 25.59, "pm10_2020": 21.62, "pm25_2020": 15.43, "no2_2025": 17.58, "pm10_2025": 20.71, "pm25_2025": 14.7, "n_betrof": 79, "index_2020": 1.18, "index_no2": 0.63, "index_pm10": 0.54}, "geometry": {"type": "MultiLineString", "coordinates": [[[13.44874339, 52.47856257], [13.44942232, 52.47907101]]]}}, {"type": "Feature", "properties": {"id": "9319", "id1": "9319", "laenge": 113.39, "name": "Treptower Str.", "dtv_2020": 7994, "dtv_2025": 6334, "no2_2020": 22.77, "pm10_2020": 20.99, "pm25_2020": 15.05, "no2_2025": 16.27, "pm10_2025": 20.25, "pm25_2025": 14.43, "n_betrof": 76, "index_2020": 1.09, "index_no2": 0.56, "index_pm10": 0.52}, "geometry": {"type": "MultiLineString", "coordinates": [[[13.44960319, 52.47920825], [13.45064217, 52.48000607]]]}}, {"type": "Feature", "properties": {"id": "9346", "id1": "9346", "laenge": 490.99, "name": "Köpenicker Landstr.", "dtv_2020": 25499, "dtv_2025": 19989, "no2_2020": 22.14, "pm10_2020": 21.68, "pm25_2020": 14.92, "no2_2025": 14.84, "pm10_2025": 20.65, "pm25_2025": 14.24, "n_betrof": 359, "index_2020": 1.09, "index_no2": 0.55, "index_pm10": 0.54}, "geometry": {"type": "MultiLineString", "coordinates": [[[13.47887022, 52.47747534], [13.47939685, 52.47711905], [13.47954517, 52.4770368], [13.48032638, 52.47651368], [13.48079581, 52.47619288], [13.48121819, 52.47590421], [13.48130485, 52.47584643], [13.48267808, 52.47491676], [13.48311764, 52.47462434], [13.48359049, 52.47430592], [13.48373247, 52.47421046]]]}}, {"type": "Feature", "properties": {"id": "9347", "id1": "9347", "laenge": 166.72, "name": "Köpenicker Landstr.", "dtv_2020": 25241, "dtv_2025": 20361, "no2_2020": 21.38, "pm10_2020": 21.48, "pm25_2020": 14.83, "no2_2025": 14.59, "pm10_2025": 20.51, "pm25_2025": 14.18, "n_betrof": 121, "index_2020": 1.07, "index_no2": 0.53, "index_pm10": 0.53}, "geometry": {"type": "MultiLineString", "coordinates": [[[13.48407359, 52.4739843], [13.48553735, 52.47299614], [13.48572105, 52.47287343]]]}}, {"type": "Feature", "properties": {"id": "9348", "id1": "9348", "laenge": 82.84, "name": "Köpenicker Landstr.", "dtv_2020": 25241, "dtv_2025": 20361, "no2_2020": 16.24, "pm10_2020": 19.84, "pm25_2020": 14.09, "no2_2025": 12.21, "pm10_2025": 19.26, "pm25_2025": 13.64, "n_betrof": 34, "index_2020": 0.9, "index_no2": 0.4, "index_pm10": 0.49}, "geometry": {"type": "MultiLineString", "coordinates": [[[13.48667731, 52.47223472], [13.48725669, 52.47184778], [13.48749311, 52.47168123]]]}}, {"type": "Feature", "properties": {"id": "9351", "id1": "9351", "laenge": 68.63, "name": "Blaschkoallee", "dtv_2020": 22649, "dtv_2025": 22491, "no2_2020": 17.68, "pm10_2020": 20.42, "pm25_2020": 14.61, "no2_2025": 13.39, "pm10_2025": 19.98, "pm25_2025": 14.2, "n_betrof": 4, "index_2020": 0.95, "index_no2": 0.44, "index_pm10": 0.51}, "geometry": {"type": "MultiLineString", "coordinates": [[[13.43879663, 52.45264576], [13.43979897, 52.45272112]]]}}, {"type": "Feature", "properties": {"id": "9352", "id1": "9352", "laenge": 92.06, "name": "Blaschkoallee", "dtv_2020": 22649, "dtv_2025": 22491, "no2_2020": 21.65, "pm10_2020": 21.66, "pm25_2020": 15.03, "no2_2025": 15.66, "pm10_2025": 21.16, "pm25_2025": 14.56, "n_betrof": 41, "index_2020": 1.08, "index_no2": 0.54, "index_pm10": 0.54}, "geometry": {"type": "MultiLineString", "coordinates": [[[13.43979897, 52.45272112], [13.44001371, 52.45273726], [13.44033712, 52.45274755], [13.44053116, 52.45275361], [13.44100865, 52.45273491], [13.44114889, 52.45272282]]]}}, {"type": "Feature", "properties": {"id": "9353", "id1": "9353", "laenge": 179.37, "name": "Blaschkoallee", "dtv_2020": 22649, "dtv_2025": 22491, "no2_2020": 16.07, "pm10_2020": 20.09, "pm25_2020": 14.48, "no2_2025": 12.51, "pm10_2025": 19.69, "pm25_2025": 14.08, "n_betrof": 4, "index_2020": 0.9, "index_no2": 0.4, "index_pm10": 0.5}, "geometry": {"type": "MultiLineString", "coordinates": [[[13.44135909, 52.45270474], [13.44176062, 52.45267002], [13.44217481, 52.45262665], [13.44303336, 52.45251901], [13.44394971, 52.45239962]]]}}, {"type": "Feature", "properties": {"id": "9388", "id1": "9388", "laenge": 14.68, "name": "100 AS Gradestr Verb-Fahrbahn", "dtv_2020": 11967, "dtv_2025": 11787, "no2_2020": 19.16, "pm10_2020": 20.25, "pm25_2020": 14.38, "no2_2025": 14.52, "pm10_2025": 19.8, "pm25_2025": 13.96, "n_betrof": 17, "index_2020": 0.98, "index_no2": 0.47, "index_pm10": 0.5}, "geometry": {"type": "MultiLineString", "coordinates": [[[13.4079002, 52.46160216], [13.40808006, 52.46152905]]]}}, {"type": "Feature", "properties": {"id": "9389", "id1": "9389", "laenge": 34.63, "name": "100 AS Gradestr Verb-Fahrbahn", "dtv_2020": 11967, "dtv_2025": 11787, "no2_2020": 23.63, "pm10_2020": 21.59, "pm25_2020": 14.98, "no2_2025": 17.29, "pm10_2025": 21.07, "pm25_2025": 14.51, "n_betrof": 11, "index_2020": 1.13, "index_no2": 0.59, "index_pm10": 0.53}, "geometry": {"type": "MultiLineString", "coordinates": [[[13.41111156, 52.45933121], [13.41126064, 52.45903353]]]}}, {"type": "Feature", "properties": {"id": "9390", "id1": "9390", "laenge": 122.14, "name": "100 AS Gradestr Verb-Fahrbahn", "dtv_2020": 11967, "dtv_2025": 11787, "no2_2020": 18.9, "pm10_2020": 20.0, "pm25_2020": 14.28, "no2_2025": 14.9, "pm10_2025": 19.57, "pm25_2025": 13.88, "n_betrof": 17, "index_2020": 0.97, "index_no2": 0.47, "index_pm10": 0.5}, "geometry": {"type": "MultiLineString", "coordinates": [[[13.41128204, 52.45899102], [13.41134595, 52.4588634], [13.4113672, 52.45882089], [13.4115574, 52.45840706], [13.41176915, 52.45793418]]]}}, {"type": "Feature", "properties": {"id": "9391", "id1": "9391", "laenge": 140.87, "name": "100 AS Gradestr Verb-Fahrbahn", "dtv_2020": 11967, "dtv_2025": 11787, "no2_2020": 17.97, "pm10_2020": 19.83, "pm25_2020": 14.19, "no2_2025": 14.24, "pm10_2025": 19.41, "pm25_2025": 13.79, "n_betrof": 29, "index_2020": 0.94, "index_no2": 0.44, "index_pm10": 0.49}, "geometry": {"type": "MultiLineString", "coordinates": [[[13.41184527, 52.4577659], [13.4120357, 52.45734534], [13.41230081, 52.45679225], [13.41236037, 52.45667077], [13.41241979, 52.4565492]]]}}, {"type": "Feature", "properties": {"id": "9392", "id1": "9392", "laenge": 185.81, "name": "100 AS Gradestr Verb-Fahrbahn", "dtv_2020": 11967, "dtv_2025": 11787, "no2_2020": 17.12, "pm10_2020": 19.88, "pm25_2020": 14.25, "no2_2025": 13.76, "pm10_2025": 19.48, "pm25_2025": 13.87, "n_betrof": 1, "index_2020": 0.92, "index_no2": 0.42, "index_pm10": 0.49}, "geometry": {"type": "MultiLineString", "coordinates": [[[13.41266908, 52.45608357], [13.41274883, 52.45596137], [13.4129616, 52.45563542], [13.41298926, 52.45559884], [13.41314969, 52.45538583], [13.41336496, 52.4551171], [13.41354941, 52.45488688], [13.41381008, 52.45456679]]]}}, {"type": "Feature", "properties": {"id": "9393", "id1": "9393", "laenge": 79.6, "name": "100 AS Gradestr Verb-Fahrbahn", "dtv_2020": 11967, "dtv_2025": 11787, "no2_2020": 15.82, "pm10_2020": 19.68, "pm25_2020": 14.17, "no2_2025": 12.61, "pm10_2025": 19.28, "pm25_2025": 13.78, "n_betrof": 17, "index_2020": 0.88, "index_no2": 0.39, "index_pm10": 0.49}, "geometry": {"type": "MultiLineString", "coordinates": [[[13.41381008, 52.45456679], [13.41406632, 52.45426336], [13.41431818, 52.45392228]]]}}, {"type": "Feature", "properties": {"id": "9394", "id1": "9394", "laenge": 191.95, "name": "100 AS Gradestr Verb-Fahrbahn", "dtv_2020": 11967, "dtv_2025": 11787, "no2_2020": 20.66, "pm10_2020": 20.56, "pm25_2020": 14.52, "no2_2025": 15.38, "pm10_2025": 20.1, "pm25_2025": 14.08, "n_betrof": 70, "index_2020": 1.03, "index_no2": 0.51, "index_pm10": 0.51}, "geometry": {"type": "MultiLineString", "coordinates": [[[13.40808006, 52.46152905], [13.40836284, 52.46143504], [13.4086481, 52.46132496], [13.40890959, 52.46120476], [13.40915098, 52.46107035], [13.40929391, 52.46098461], [13.40985148, 52.46060108], [13.40993317, 52.46053556], [13.41013719, 52.46037196]]]}}, {"type": "Feature", "properties": {"id": "9395", "id1": "9395", "laenge": 65.05, "name": "100 AS Gradestr Verb-Fahrbahn", "dtv_2020": 11967, "dtv_2025": 11787, "no2_2020": 20.58, "pm10_2020": 20.44, "pm25_2020": 14.48, "no2_2025": 15.62, "pm10_2025": 19.98, "pm25_2025": 14.05, "n_betrof": 17, "index_2020": 1.02, "index_no2": 0.51, "index_pm10": 0.51}, "geometry": {"type": "MultiLineString", "coordinates": [[[13.41067513, 52.45989961], [13.4107421, 52.45982615], [13.41077551, 52.45978946], [13.4109093, 52.45964255], [13.41101271, 52.45948893], [13.4110903, 52.45937381]]]}}, {"type": "Feature", "properties": {"id": "9414", "id1": "9414", "laenge": 119.89, "name": "Buschkrugallee", "dtv_2020": 19388, "dtv_2025": 18801, "no2_2020": 19.77, "pm10_2020": 20.64, "pm25_2020": 14.64, "no2_2025": 14.44, "pm10_2025": 20.15, "pm25_2025": 14.19, "n_betrof": 65, "index_2020": 1.01, "index_no2": 0.49, "index_pm10": 0.51}, "geometry": {"type": "MultiLineString", "coordinates": [[[13.45010363, 52.45558111], [13.45038802, 52.45520694], [13.45062747, 52.45488019], [13.45065713, 52.45484021], [13.45083524, 52.45460041]]]}}, {"type": "Feature", "properties": {"id": "9415", "id1": "9415", "laenge": 29.29, "name": "Buschkrugallee", "dtv_2020": 19388, "dtv_2025": 18801, "no2_2020": 16.74, "pm10_2020": 19.8, "pm25_2020": 14.25, "no2_2025": 12.81, "pm10_2025": 19.37, "pm25_2025": 13.85, "n_betrof": 15, "index_2020": 0.91, "index_no2": 0.41, "index_pm10": 0.49}, "geometry": {"type": "MultiLineString", "coordinates": [[[13.45083524, 52.45460041], [13.45101335, 52.45436061]]]}}, {"type": "Feature", "properties": {"id": "9423", "id1": "9423", "laenge": 73.76, "name": "Harzer Str.", "dtv_2020": 5834, "dtv_2025": 4793, "no2_2020": 22.38, "pm10_2020": 20.94, "pm25_2020": 14.96, "no2_2025": 15.76, "pm10_2025": 20.21, "pm25_2025": 14.35, "n_betrof": 67, "index_2020": 1.08, "index_no2": 0.55, "index_pm10": 0.52}, "geometry": {"type": "MultiLineString", "coordinates": [[[13.44899127, 52.48501682], [13.44982592, 52.48459259]]]}}, {"type": "Feature", "properties": {"id": "9424", "id1": "9424", "laenge": 49.78, "name": "Harzer Str.", "dtv_2020": 5834, "dtv_2025": 4793, "no2_2020": 20.38, "pm10_2020": 20.51, "pm25_2020": 14.73, "no2_2025": 14.93, "pm10_2025": 19.9, "pm25_2025": 14.2, "n_betrof": 28, "index_2020": 1.02, "index_no2": 0.5, "index_pm10": 0.51}, "geometry": {"type": "MultiLineString", "coordinates": [[[13.45326024, 52.48284141], [13.45382228, 52.48255412]]]}}, {"type": "Feature", "properties": {"id": "9425", "id1": "9425", "laenge": 44.84, "name": "Harzer Str.", "dtv_2020": 5834, "dtv_2025": 4793, "no2_2020": 19.2, "pm10_2020": 20.16, "pm25_2020": 14.48, "no2_2025": 14.2, "pm10_2025": 19.59, "pm25_2025": 13.97, "n_betrof": 28, "index_2020": 0.98, "index_no2": 0.48, "index_pm10": 0.5}, "geometry": {"type": "MultiLineString", "coordinates": [[[13.44982592, 52.48459259], [13.45033322, 52.48433463]]]}}, {"type": "Feature", "properties": {"id": "9426", "id1": "9426", "laenge": 209.24, "name": "Harzer Str.", "dtv_2020": 5834, "dtv_2025": 4793, "no2_2020": 18.21, "pm10_2020": 20.19, "pm25_2020": 14.53, "no2_2025": 13.94, "pm10_2025": 19.69, "pm25_2025": 14.08, "n_betrof": 56, "index_2020": 0.96, "index_no2": 0.45, "index_pm10": 0.5}, "geometry": {"type": "MultiLineString", "coordinates": [[[13.45084051, 52.48407667], [13.45117865, 52.48390469], [13.45151665, 52.48373245], [13.45157289, 52.48370378], [13.45162913, 52.48367494], [13.45191045, 52.48353125], [13.45196684, 52.4835025], [13.45219193, 52.48338748], [13.45247311, 52.48324371], [13.45292283, 52.48301385], [13.4530353, 52.48295634], [13.453204, 52.48287016]]]}}, {"type": "Feature", "properties": {"id": "9453", "id1": "9453", "laenge": 172.54, "name": "Reuterstr.", "dtv_2020": 3189, "dtv_2025": 3039, "no2_2020": 19.76, "pm10_2020": 20.21, "pm25_2020": 14.6, "no2_2025": 14.83, "pm10_2025": 19.66, "pm25_2025": 14.12, "n_betrof": 162, "index_2020": 0.99, "index_no2": 0.49, "index_pm10": 0.5}, "geometry": {"type": "MultiLineString", "coordinates": [[[13.42882571, 52.48422921], [13.42890386, 52.48343301], [13.42890824, 52.48338874], [13.42891261, 52.48334457], [13.42891684, 52.4833003], [13.42892122, 52.48325603], [13.42892559, 52.48321185], [13.42893856, 52.48307913], [13.42894294, 52.48303487], [13.42894731, 52.48299069], [13.42895169, 52.48294642], [13.42895606, 52.48290215], [13.42897779, 52.48268099]]]}}, {"type": "Feature", "properties": {"id": "9454", "id1": "9454", "laenge": 21.1, "name": "Reuterstr.", "dtv_2020": 3189, "dtv_2025": 3039, "no2_2020": 17.42, "pm10_2020": 19.72, "pm25_2020": 14.24, "no2_2025": 13.41, "pm10_2025": 19.23, "pm25_2025": 13.81, "n_betrof": 21, "index_2020": 0.92, "index_no2": 0.43, "index_pm10": 0.49}, "geometry": {"type": "MultiLineString", "coordinates": [[[13.42899513, 52.4825041], [13.42903416, 52.48240481], [13.42906314, 52.48231897]]]}}, {"type": "Feature", "properties": {"id": "9455", "id1": "9455", "laenge": 102.35, "name": "Reuterstr.", "dtv_2020": 3189, "dtv_2025": 3039, "no2_2020": 19.55, "pm10_2020": 20.12, "pm25_2020": 14.55, "no2_2025": 14.68, "pm10_2025": 19.57, "pm25_2025": 14.07, "n_betrof": 106, "index_2020": 0.99, "index_no2": 0.48, "index_pm10": 0.5}, "geometry": {"type": "MultiLineString", "coordinates": [[[13.42906314, 52.48231897], [13.42936754, 52.48141788]]]}}, {"type": "Feature", "properties": {"id": "9497", "id1": "9497", "laenge": 24.33, "name": "Köpenicker Landstr.", "dtv_2020": 25241, "dtv_2025": 20361, "no2_2020": 15.59, "pm10_2020": 19.64, "pm25_2020": 14.0, "no2_2025": 11.92, "pm10_2025": 19.11, "pm25_2025": 13.57, "n_betrof": 10, "index_2020": 0.88, "index_no2": 0.38, "index_pm10": 0.49}, "geometry": {"type": "MultiLineString", "coordinates": [[[13.48749311, 52.47168123], [13.48773466, 52.47151969]]]}}, {"type": "Feature", "properties": {"id": "9498", "id1": "9498", "laenge": 150.98, "name": "Köpenicker Landstr.", "dtv_2020": 25241, "dtv_2025": 20361, "no2_2020": 20.41, "pm10_2020": 21.15, "pm25_2020": 14.65, "no2_2025": 14.13, "pm10_2025": 20.24, "pm25_2025": 14.04, "n_betrof": 96, "index_2020": 1.03, "index_no2": 0.51, "index_pm10": 0.52}, "geometry": {"type": "MultiLineString", "coordinates": [[[13.48860426, 52.47093812], [13.48908734, 52.47061504], [13.48961621, 52.47026143], [13.49011084, 52.46994039]]]}}, {"type": "Feature", "properties": {"id": "9499", "id1": "9499", "laenge": 72.84, "name": "Kiefholzstr.", "dtv_2020": 7617, "dtv_2025": 6753, "no2_2020": 17.59, "pm10_2020": 20.0, "pm25_2020": 14.08, "no2_2025": 13.08, "pm10_2025": 19.42, "pm25_2025": 13.62, "n_betrof": 34, "index_2020": 0.93, "index_no2": 0.43, "index_pm10": 0.5}, "geometry": {"type": "MultiLineString", "coordinates": [[[13.48896304, 52.46424186], [13.48966768, 52.46374835]]]}}, {"type": "Feature", "properties": {"id": "9500", "id1": "9500", "laenge": 14.56, "name": "Kiefholzstr.", "dtv_2020": 7617, "dtv_2025": 6753, "no2_2020": 15.27, "pm10_2020": 19.36, "pm25_2020": 13.8, "no2_2025": 11.95, "pm10_2025": 18.89, "pm25_2025": 13.4, "n_betrof": 10, "index_2020": 0.86, "index_no2": 0.38, "index_pm10": 0.48}, "geometry": {"type": "MultiLineString", "coordinates": [[[13.48971474, 52.46371541], [13.48985561, 52.46361669]]]}}, {"type": "Feature", "properties": {"id": "9509", "id1": "9509", "laenge": 155.37, "name": "Blaschkoallee", "dtv_2020": 22496, "dtv_2025": 22696, "no2_2020": 16.83, "pm10_2020": 20.16, "pm25_2020": 14.41, "no2_2025": 12.91, "pm10_2025": 19.75, "pm25_2025": 14.01, "n_betrof": 41, "index_2020": 0.92, "index_no2": 0.42, "index_pm10": 0.5}, "geometry": {"type": "MultiLineString", "coordinates": [[[13.44516954, 52.45236315], [13.44531414, 52.45236497], [13.44553082, 52.45236772], [13.44647006, 52.45237962], [13.44661466, 52.45238143], [13.44682469, 52.45238508], [13.44703472, 52.45238874], [13.44724489, 52.45239231], [13.44745492, 52.45239597]]]}}, {"type": "Feature", "properties": {"id": "9529", "id1": "9529", "laenge": 218.44, "name": "Fuldastr.", "dtv_2020": 5179, "dtv_2025": 4277, "no2_2020": 22.12, "pm10_2020": 20.78, "pm25_2020": 14.97, "no2_2025": 15.8, "pm10_2025": 20.07, "pm25_2025": 14.37, "n_betrof": 212, "index_2020": 1.07, "index_no2": 0.55, "index_pm10": 0.51}, "geometry": {"type": "MultiLineString", "coordinates": [[[13.43374329, 52.48214907], [13.43458664, 52.48278934], [13.43474785, 52.48291914], [13.4348203, 52.48298169], [13.43517958, 52.48324062], [13.43522343, 52.48327474], [13.43574911, 52.48368359]]]}}]}