{"type": "FeatureCollection", "features": [{"type": "Feature", "properties": {"id": "versorggruen_2020.0501180161000000", "styp_id": "0501180161000000", "sst_name": "Zeilenbebauung seit den 50er Jahren", "voeff_name": "schlecht versorgter Bereich", "vpriv_name": "mittel: Zeilen oder kompakte Siedlung", "versorg_sst": 8, "esst_name": "Row development since the 1950s", "evoeff_name": "poor availability", "evpriv_name": "medium: row development or compact settlement"}, "geometry": {"type": "MultiPolygon", "coordinates": [[[[13.4555957, 52.50041382], [13.4580578, 52.49964046], [13.45894207, 52.50118136], [13.45699934, 52.50224522], [13.45685872, 52.502279], [13.4555957, 52.50041382]]]]}}, {"type": "Feature", "properties": {"id": "versorggruen_2020.0501180181000000", "styp_id": "0501180181000000", "sst_name": "Blockrandbebauung der Gründerzeit mit massiven Veränderungen", "voeff_name": "nicht versorgter Bereich", "vpriv_name": "gering: Blockrandbebauung", "versorg_sst": 12, "esst_name": "Wilhelminian-period block-edge development with major changes", "evoeff_name": "no availability", "evpriv_name": "low: Wilhelminian-period block-edge development"}, "geometry": {"type": "MultiPolygon", "coordinates": [[[[13.45830623, 52.49956066], [13.45967316, 52.49913248], [13.46032042, 52.50027417], [13.4591549, 52.50102604], [13.45830623, 52.49956066]]]]}}, {"type": "Feature", "properties": {"id": "versorggruen_2020.0501180191000000", "styp_id": "0501180191000000", "sst_name": "Bebauung mit überwiegender Nutzung durch Gemeinbedarf und Sondernutzung, Verkehrsflächen ohne Straßen", "voeff_name": "nicht versorgter Bereich", "vpriv_name": "mittel: Zeilen oder kompakte Siedlung", "versorg_sst": 11, "esst_name": "Development with predominantly public and special use or non-street traffic area", "evoeff_name": "no availability", "evpriv_name": "medium: row development or compact settlement"}, "geometry": {"type": "MultiPolygon", "coordinates": [[[[13.46070784, 52.50035783], [13.4630731, 52.49962414], [13.46352249, 52.50018669], [13.46371284, 52.50048064], [13.46134536, 52.50089181], [13.46070784, 52.50035783]]]]}}, {"type": "Feature", "properties": {"id": "versorggruen_2020.0501180201000000", "styp_id": "0501180201000000", "sst_name": "hohe Bebauung der Nachkriegszeit", "voeff_name": "nicht versorgter Bereich", "vpriv_name": "mittel: Zeilen oder kompakte Siedlung", "versorg_sst": 11, "esst_name": "Postwar high-rise development", "evoeff_name": "no availability", "evpriv_name": "medium: row development or compact settlement"}, "geometry": {"type": "MultiPolygon", "coordinates": [[[[13.45993221, 52.49904588], [13.46239234, 52.49828555], [13.46239459, 52.49829022], [13.46294523, 52.49944046], [13.46059581, 52.50019242], [13.45993221, 52.49904588]]]]}}, {"type": "Feature", "properties": {"id": "versorggruen_2020.0501180231000000", "styp_id": "0501180231000000", "sst_name": "Blockrandbebauung der Gründerzeit mit massiven Veränderungen", "voeff_name": "nicht versorgter Bereich", "vpriv_name": "gering: Blockrandbebauung", "versorg_sst": 12, "esst_name": "Wilhelminian-period block-edge development with major changes", "evoeff_name": "no availability", "evpriv_name": "low: Wilhelminian-period block-edge development"}, "geometry": {"type": "MultiPolygon", "coordinates": [[[[13.46401418, 52.50042426], [13.46332241, 52.4995418], [13.46542273, 52.49887806], [13.46587073, 52.49990773], [13.46401418, 52.50042426]]]]}}, {"type": "Feature", "properties": {"id": "versorggruen_2020.0501180241000000", "styp_id": "0501180241000000", "sst_name": "Blockrandbebauung der Gründerzeit mit massiven Veränderungen", "voeff_name": "nicht versorgter Bereich", "vpriv_name": "gering: Blockrandbebauung", "versorg_sst": 12, "esst_name": "Wilhelminian-period block-edge development with major changes", "evoeff_name": "no availability", "evpriv_name": "low: Wilhelminian-period block-edge development"}, "geometry": {"type": "MultiPolygon", "coordinates": [[[[13.46264034, 52.49820519], [13.4645563, 52.49759963], [13.46524033, 52.49861208], [13.465172, 52.4987468], [13.46319777, 52.4993611], [13.46264034, 52.49820519]]]]}}, {"type": "Feature", "properties": {"id": "versorggruen_2020.0501180271000000", "styp_id": "0501180271000000", "sst_name": "geringe Bebauung mit überwiegender Nutzung durch Gewerbe und Industrie", "voeff_name": "nicht versorgter Bereich", "vpriv_name": "gering: Blockrandbebauung", "versorg_sst": 12, "esst_name": "Sparse development with predominantly commercial and industrial use", "evoeff_name": "no availability", "evpriv_name": "low: Wilhelminian-period block-edge development"}, "geometry": {"type": "MultiPolygon", "coordinates": [[[[13.44649073, 52.50216436], [13.4522485, 52.50055442], [13.46211489, 52.49742785], [13.46327415, 52.49694966], [13.46329432, 52.49655356], [13.46345863, 52.49647669], [13.46372738, 52.4967072], [13.46420906, 52.49721038], [13.46420483, 52.49722395], [13.46412845, 52.49746915], [13.45459405, 52.50045819], [13.44696262, 52.50254618], [13.44649375, 52.50218251], [13.4465063, 52.50217615], [13.44649073, 52.50216436]]]]}}, {"type": "Feature", "properties": {"id": "versorggruen_2020.0501180301000000", "styp_id": "0501180301000000", "sst_name": "dichte Bebauung mit überwiegender Nutzung durch Gewerbe und Industrie", "voeff_name": "nicht versorgter Bereich", "vpriv_name": "kein: alle anderen Strukturtypen", "versorg_sst": 12, "esst_name": "Dense development with predominantly commercial and industrial use", "evoeff_name": "no availability", "evpriv_name": "none: all other structure types"}, "geometry": {"type": "MultiPolygon", "coordinates": [[[[13.46493367, 52.49753846], [13.46499705, 52.49745351], [13.4658049, 52.49717446], [13.46627195, 52.4975316], [13.46688696, 52.49810856], [13.46734093, 52.49871766], [13.46757369, 52.49928852], [13.46753422, 52.49937276], [13.4677624, 52.50002693], [13.46772579, 52.50023907], [13.46765731, 52.50094739], [13.46762701, 52.50111797], [13.46771204, 52.50112502], [13.46758766, 52.50147876], [13.46762228, 52.50153422], [13.46742919, 52.50183205], [13.46719346, 52.50209513], [13.46684332, 52.50242512], [13.46667583, 52.50207627], [13.46681091, 52.50117358], [13.4657732, 52.4987912], [13.46518154, 52.49795103], [13.46502066, 52.49765436], [13.46493367, 52.49753846]]]]}}, {"type": "Feature", "properties": {"id": "versorggruen_2020.0501190031000100", "styp_id": "0501190031000100", "sst_name": "nicht oder gering bebaute Grün- und Freiflächen", "voeff_name": "versorgter Bereich", "vpriv_name": "hoch: aufgelockerte Siedlungsbebauung", "versorg_sst": 1, "esst_name": "Public green and open spaces with sparse or no development", "evoeff_name": "good availability", "evpriv_name": "high: loose settlement development"}, "geometry": {"type": "MultiPolygon", "coordinates": [[[[13.47360116, 52.49327655], [13.47495638, 52.49297856], [13.47559463, 52.49376888], [13.47567635, 52.49374822], [13.47572034, 52.4938168], [13.47603674, 52.49381512], [13.47645177, 52.49418588], [13.47635213, 52.49421729], [13.47606719, 52.49445769], [13.47596268, 52.49456334], [13.47589238, 52.49461031], [13.47582724, 52.49467902], [13.47578707, 52.49470041], [13.4757447, 52.49475537], [13.47574724, 52.49484997], [13.47572297, 52.49486329], [13.47443403, 52.49417152], [13.47360116, 52.49327655]]]]}}, {"type": "Feature", "properties": {"id": "versorggruen_2020.0501190031000200", "styp_id": "0501190031000200", "sst_name": "Bebauung mit überwiegender Nutzung durch Gemeinbedarf und Sondernutzung, Verkehrsflächen ohne Straßen", "voeff_name": "versorgter Bereich", "vpriv_name": "mittel: Zeilen oder kompakte Siedlung", "versorg_sst": 2, "esst_name": "Development with predominantly public and special use or non-street traffic area", "evoeff_name": "good availability", "evpriv_name": "medium: row development or compact settlement"}, "geometry": {"type": "MultiPolygon", "coordinates": [[[[13.47495638, 52.49297856], [13.47722771, 52.49267487], [13.47778324, 52.49322315], [13.47814494, 52.49308153], [13.47803708, 52.49296637], [13.47833272, 52.49273289], [13.47919911, 52.49325813], [13.47645177, 52.49418588], [13.47603674, 52.49381512], [13.47572034, 52.4938168], [13.47567635, 52.49374822], [13.47559463, 52.49376888], [13.47495638, 52.49297856]]]]}}, {"type": "Feature", "properties": {"id": "versorggruen_2020.0501190031000300", "styp_id": "0501190031000300", "sst_name": "Siedlungsbebauung der 90er Jahre", "voeff_name": "versorgter Bereich", "vpriv_name": "mittel: Zeilen oder kompakte Siedlung", "versorg_sst": 2, "esst_name": "Residential development of the 1990s", "evoeff_name": "good availability", "evpriv_name": "medium: row development or compact settlement"}, "geometry": {"type": "MultiPolygon", "coordinates": [[[[13.47722771, 52.49267487], [13.47804721, 52.49256555], [13.47960602, 52.49132251], [13.47970974, 52.49131436], [13.47974503, 52.49133056], [13.4807061, 52.49177174], [13.48022613, 52.49218504], [13.48033799, 52.49224522], [13.48032811, 52.49225835], [13.47945604, 52.49314938], [13.4794117, 52.49318634], [13.47919911, 52.49325813], [13.47833272, 52.49273289], [13.47803708, 52.49296637], [13.47814494, 52.49308153], [13.47778324, 52.49322315], [13.47722771, 52.49267487]]]]}}, {"type": "Feature", "properties": {"id": "versorggruen_2020.0501190031000400", "styp_id": "0501190031000400", "sst_name": "geringe Bebauung mit überwiegender Nutzung durch Gewerbe und Industrie", "voeff_name": "versorgter Bereich", "vpriv_name": "gering: Blockrandbebauung", "versorg_sst": 3, "esst_name": "Sparse development with predominantly commercial and industrial use", "evoeff_name": "good availability", "evpriv_name": "low: Wilhelminian-period block-edge development"}, "geometry": {"type": "MultiPolygon", "coordinates": [[[[13.47974503, 52.49133056], [13.4807521, 52.49056005], [13.48092139, 52.49062756], [13.48112301, 52.49060502], [13.48119782, 52.490555], [13.48200293, 52.49087949], [13.48186064, 52.49102057], [13.48225029, 52.49120992], [13.4822311, 52.49122598], [13.48198551, 52.49118785], [13.48191433, 52.49120798], [13.48120525, 52.49149303], [13.4808042, 52.49171777], [13.48078509, 52.4917093], [13.4807061, 52.49177174], [13.47974503, 52.49133056]]]]}}, {"type": "Feature", "properties": {"id": "versorggruen_2020.0501190031000500", "styp_id": "0501190031000500", "sst_name": "Siedlungsbebauung der 90er Jahre", "voeff_name": "versorgter Bereich", "vpriv_name": "mittel: Zeilen oder kompakte Siedlung", "versorg_sst": 2, "esst_name": "Residential development of the 1990s", "evoeff_name": "good availability", "evpriv_name": "medium: row development or compact settlement"}, "geometry": {"type": "MultiPolygon", "coordinates": [[[[13.4807521, 52.49056005], [13.48095681, 52.49040179], [13.48091958, 52.49030586], [13.48219965, 52.48932295], [13.48307996, 52.48969841], [13.48226952, 52.49073222], [13.48245741, 52.4908562], [13.48238957, 52.49098372], [13.48228215, 52.49110302], [13.48225029, 52.49120992], [13.48186064, 52.49102057], [13.48200293, 52.49087949], [13.48119782, 52.490555], [13.48112301, 52.49060502], [13.48092139, 52.49062756], [13.4807521, 52.49056005]]]]}}, {"type": "Feature", "properties": {"id": "versorggruen_2020.0501196001000000", "styp_id": "0501196001000000", "sst_name": "Siedlungsbebauung der 90er Jahre", "voeff_name": "versorgter Bereich", "vpriv_name": "mittel: Zeilen oder kompakte Siedlung", "versorg_sst": 2, "esst_name": "Residential development of the 1990s", "evoeff_name": "good availability", "evpriv_name": "medium: row development or compact settlement"}, "geometry": {"type": "MultiPolygon", "coordinates": [[[[13.46579158, 52.49565411], [13.4658098, 52.49558215], [13.4667535, 52.49528543], [13.46683384, 52.49530019], [13.46731515, 52.49587041], [13.46678172, 52.49623239], [13.46579158, 52.49565411]]]]}}, {"type": "Feature", "properties": {"id": "versorggruen_2020.0501196021000000", "styp_id": "0501196021000000", "sst_name": "Siedlungsbebauung der 90er Jahre", "voeff_name": "versorgter Bereich", "vpriv_name": "mittel: Zeilen oder kompakte Siedlung", "versorg_sst": 2, "esst_name": "Residential development of the 1990s", "evoeff_name": "good availability", "evpriv_name": "medium: row development or compact settlement"}, "geometry": {"type": "MultiPolygon", "coordinates": [[[[13.47147278, 52.49508945], [13.47230628, 52.49483658], [13.47319784, 52.49587536], [13.47315968, 52.49593909], [13.47240238, 52.49617715], [13.47147278, 52.49508945]]]]}}, {"type": "Feature", "properties": {"id": "versorggruen_2020.0501196031000000", "styp_id": "0501196031000000", "sst_name": "Siedlungsbebauung der 90er Jahre", "voeff_name": "versorgter Bereich", "vpriv_name": "mittel: Zeilen oder kompakte Siedlung", "versorg_sst": 2, "esst_name": "Residential development of the 1990s", "evoeff_name": "good availability", "evpriv_name": "medium: row development or compact settlement"}, "geometry": {"type": "MultiPolygon", "coordinates": [[[[13.47247766, 52.49478104], [13.47285612, 52.49466752], [13.47325103, 52.49455648], [13.47412411, 52.49557563], [13.47409434, 52.49564352], [13.47347493, 52.49583857], [13.47336543, 52.49581985], [13.47247766, 52.49478104]]]]}}, {"type": "Feature", "properties": {"id": "versorggruen_2020.0501196041000000", "styp_id": "0501196041000000", "sst_name": "Siedlungsbebauung der 90er Jahre", "voeff_name": "versorgter Bereich", "vpriv_name": "mittel: Zeilen oder kompakte Siedlung", "versorg_sst": 2, "esst_name": "Residential development of the 1990s", "evoeff_name": "good availability", "evpriv_name": "medium: row development or compact settlement"}, "geometry": {"type": "MultiPolygon", "coordinates": [[[[13.47173259, 52.49386823], [13.47301154, 52.49346074], [13.47458829, 52.49506589], [13.47517325, 52.49553933], [13.47551298, 52.49565497], [13.47553577, 52.49566336], [13.4758788, 52.49597428], [13.47585388, 52.49602691], [13.47585982, 52.4960563], [13.47582757, 52.49611256], [13.47579816, 52.49621497], [13.47575986, 52.49624083], [13.47564556, 52.49640759], [13.47498806, 52.4966499], [13.47499951, 52.49665996], [13.47471182, 52.49679108], [13.47323786, 52.49723522], [13.47309576, 52.49707131], [13.47314876, 52.497057], [13.47256517, 52.49637059], [13.47263886, 52.49634462], [13.47257137, 52.49626635], [13.47259812, 52.49622144], [13.47327803, 52.49600921], [13.47335803, 52.4960225], [13.47401195, 52.4967823], [13.47411646, 52.49674909], [13.47345893, 52.49598284], [13.47348922, 52.49593073], [13.47418459, 52.49568902], [13.47426974, 52.49570771], [13.47435311, 52.49580255], [13.47443566, 52.49577592], [13.47322818, 52.49437061], [13.47272162, 52.49452033], [13.47237569, 52.49462597], [13.47173259, 52.49386823]]]]}}, {"type": "Feature", "properties": {"id": "versorggruen_2020.0501196071000000", "styp_id": "0501196071000000", "sst_name": "Siedlungsbebauung der 90er Jahre", "voeff_name": "versorgter Bereich", "vpriv_name": "mittel: Zeilen oder kompakte Siedlung", "versorg_sst": 2, "esst_name": "Residential development of the 1990s", "evoeff_name": "good availability", "evpriv_name": "medium: row development or compact settlement"}, "geometry": {"type": "MultiPolygon", "coordinates": [[[[13.46765031, 52.49594983], [13.46839506, 52.49544446], [13.46959466, 52.49679098], [13.46979316, 52.49700941], [13.46883661, 52.49731698], [13.46765031, 52.49594983]]]]}}, {"type": "Feature", "properties": {"id": "versorggruen_2020.0501196091000300", "styp_id": "0501196091000300", "sst_name": "niedrige Bebauung mit Hausgärten", "voeff_name": "versorgter Bereich", "vpriv_name": "hoch: aufgelockerte Siedlungsbebauung", "versorg_sst": 1, "esst_name": "Low buildings with yards", "evoeff_name": "good availability", "evpriv_name": "high: loose settlement development"}, "geometry": {"type": "MultiPolygon", "coordinates": [[[[13.469824, 52.49853035], [13.46889574, 52.49741384], [13.46994184, 52.49706728], [13.47003594, 52.49717575], [13.4701248, 52.4971479], [13.47002497, 52.49704117], [13.47103684, 52.49671747], [13.47112807, 52.49682943], [13.47120834, 52.49680158], [13.47111424, 52.49669136], [13.47242266, 52.49628323], [13.47309576, 52.49707131], [13.47323786, 52.49723522], [13.47307323, 52.49728871], [13.47144244, 52.49800286], [13.47133667, 52.49805111], [13.47131433, 52.49807083], [13.47113289, 52.49808754], [13.46987781, 52.49861293], [13.469824, 52.49853035]]]]}}, {"type": "Feature", "properties": {"id": "versorggruen_2020.0501196091000400", "styp_id": "0501196091000400", "sst_name": "geringe Bebauung mit überwiegender Nutzung durch Gewerbe und Industrie", "voeff_name": "versorgter Bereich", "vpriv_name": "gering: Blockrandbebauung", "versorg_sst": 3, "esst_name": "Sparse development with predominantly commercial and industrial use", "evoeff_name": "good availability", "evpriv_name": "low: Wilhelminian-period block-edge development"}, "geometry": {"type": "MultiPolygon", "coordinates": [[[[13.46627582, 52.49688369], [13.46741896, 52.49610666], [13.4695606, 52.49861415], [13.469824, 52.49853035], [13.46987781, 52.49861293], [13.46949718, 52.49891555], [13.46933526, 52.4990805], [13.46933032, 52.49911945], [13.4694273, 52.49921152], [13.46975529, 52.49943609], [13.46979597, 52.49947239], [13.46941392, 52.49952843], [13.46857276, 52.49965178], [13.4685079, 52.49966129], [13.46811725, 52.49864554], [13.46798587, 52.49842609], [13.46777465, 52.49814974], [13.46738713, 52.49772317], [13.46680609, 52.49726927], [13.46627945, 52.49693071], [13.46627582, 52.49688369]]]]}}, {"type": "Feature", "properties": {"id": "versorggruen_2020.0501196101000000", "styp_id": "0501196101000000", "sst_name": "Siedlungsbebauung der 90er Jahre", "voeff_name": "versorgter Bereich", "vpriv_name": "mittel: Zeilen oder kompakte Siedlung", "versorg_sst": 2, "esst_name": "Residential development of the 1990s", "evoeff_name": "good availability", "evpriv_name": "medium: row development or compact settlement"}, "geometry": {"type": "MultiPolygon", "coordinates": [[[[13.46984394, 52.49671237], [13.4703676, 52.49653727], [13.47025886, 52.49641273], [13.46971446, 52.49657194], [13.46912999, 52.49591101], [13.46980314, 52.49567755], [13.4707064, 52.49533165], [13.47133129, 52.49512521], [13.47201297, 52.49595106], [13.4721162, 52.49591704], [13.47235229, 52.49619416], [13.4700428, 52.49693476], [13.46984394, 52.49671237]]]]}}, {"type": "Feature", "properties": {"id": "versorggruen_2020.0501196121000000", "styp_id": "0501196121000000", "sst_name": "Siedlungsbebauung der 90er Jahre", "voeff_name": "versorgter Bereich", "vpriv_name": "mittel: Zeilen oder kompakte Siedlung", "versorg_sst": 2, "esst_name": "Residential development of the 1990s", "evoeff_name": "good availability", "evpriv_name": "medium: row development or compact settlement"}, "geometry": {"type": "MultiPolygon", "coordinates": [[[[13.46859343, 52.49530992], [13.46938169, 52.49477393], [13.46994032, 52.49542356], [13.46952833, 52.4955777], [13.46900815, 52.49577454], [13.46859343, 52.49530992]]]]}}, {"type": "Feature", "properties": {"id": "versorggruen_2020.0501196131000000", "styp_id": "0501196131000000", "sst_name": "Siedlungsbebauung der 90er Jahre", "voeff_name": "versorgter Bereich", "vpriv_name": "mittel: Zeilen oder kompakte Siedlung", "versorg_sst": 2, "esst_name": "Residential development of the 1990s", "evoeff_name": "good availability", "evpriv_name": "medium: row development or compact settlement"}, "geometry": {"type": "MultiPolygon", "coordinates": [[[[13.46950557, 52.49470219], [13.4702664, 52.49442131], [13.47151061, 52.4939392], [13.4721527, 52.49469105], [13.47081898, 52.49509119], [13.47007884, 52.49536982], [13.46950557, 52.49470219]]]]}}, {"type": "Feature", "properties": {"id": "versorggruen_2020.0501196141000000", "styp_id": "0501196141000000", "sst_name": "Siedlungsbebauung der 90er Jahre", "voeff_name": "versorgter Bereich", "vpriv_name": "mittel: Zeilen oder kompakte Siedlung", "versorg_sst": 2, "esst_name": "Residential development of the 1990s", "evoeff_name": "good availability", "evpriv_name": "medium: row development or compact settlement"}, "geometry": {"type": "MultiPolygon", "coordinates": [[[[13.46738895, 52.49582045], [13.46692669, 52.49527282], [13.46695014, 52.4952236], [13.46796324, 52.49490504], [13.46802386, 52.494916], [13.4682865, 52.49521111], [13.46738895, 52.49582045]]]]}}, {"type": "Feature", "properties": {"id": "versorggruen_2020.0501196151000000", "styp_id": "0501196151000000", "sst_name": "Siedlungsbebauung der 90er Jahre", "voeff_name": "versorgter Bereich", "vpriv_name": "mittel: Zeilen oder kompakte Siedlung", "versorg_sst": 2, "esst_name": "Residential development of the 1990s", "evoeff_name": "good availability", "evpriv_name": "medium: row development or compact settlement"}, "geometry": {"type": "MultiPolygon", "coordinates": [[[[13.46521137, 52.49531528], [13.4676705, 52.49454761], [13.46891353, 52.49407452], [13.46966475, 52.49377474], [13.46991263, 52.49366759], [13.47016442, 52.49357608], [13.47041686, 52.49347037], [13.47050017, 52.4934765], [13.47069938, 52.49339067], [13.47125471, 52.49318931], [13.47176722, 52.49301967], [13.47254308, 52.49277868], [13.4728264, 52.49272369], [13.47287691, 52.49272454], [13.47315224, 52.49267236], [13.47344651, 52.49264307], [13.47477283, 52.49240206], [13.47522036, 52.49233209], [13.47633139, 52.49213966], [13.47673139, 52.49201562], [13.47722183, 52.49253591], [13.47485711, 52.49285401], [13.47322455, 52.49321847], [13.47225572, 52.49352634], [13.47131923, 52.49380622], [13.47018485, 52.49425001], [13.46934937, 52.49455947], [13.46894256, 52.49476553], [13.46835971, 52.49516142], [13.46803137, 52.49479262], [13.46564976, 52.49554149], [13.46559, 52.49553638], [13.46521137, 52.49531528]]]]}}, {"type": "Feature", "properties": {"id": "versorggruen_2020.0600120501000000", "styp_id": "0600120501000000", "sst_name": "Bebauung mit überwiegender Nutzung durch Gemeinbedarf und Sondernutzung, Verkehrsflächen ohne Straßen", "voeff_name": "schlecht versorgter Bereich", "vpriv_name": "mittel: Zeilen oder kompakte Siedlung", "versorg_sst": 8, "esst_name": "Development with predominantly public and special use or non-street traffic area", "evoeff_name": "poor availability", "evpriv_name": "medium: row development or compact settlement"}, "geometry": {"type": "MultiPolygon", "coordinates": [[[[13.39610365, 52.49867238], [13.39607933, 52.49864217], [13.39624084, 52.49845018], [13.39949929, 52.49847894], [13.40018803, 52.49941397], [13.39715075, 52.50016299], [13.39693069, 52.49972222], [13.39610365, 52.49867238]]]]}}, {"type": "Feature", "properties": {"id": "versorggruen_2020.0600130521000000", "styp_id": "0600130521000000", "sst_name": "nicht oder gering bebaute Grün- und Freiflächen", "voeff_name": "versorgter Bereich", "vpriv_name": "hoch: aufgelockerte Siedlungsbebauung", "versorg_sst": 1, "esst_name": "Public green and open spaces with sparse or no development", "evoeff_name": "good availability", "evpriv_name": "high: loose settlement development"}, "geometry": {"type": "MultiPolygon", "coordinates": [[[[13.39900586, 52.49736815], [13.39961613, 52.49723633], [13.40031476, 52.49710017], [13.40100443, 52.49698916], [13.40156136, 52.49692102], [13.40212557, 52.49686817], [13.40507149, 52.49665536], [13.40631798, 52.49825729], [13.39958464, 52.49820412], [13.39900586, 52.49736815]]]]}}, {"type": "Feature", "properties": {"id": "versorggruen_2020.0600130641000000", "styp_id": "0600130641000000", "sst_name": "Blockrandbebauung der Gründerzeit mit massiven Veränderungen", "voeff_name": "schlecht versorgter Bereich", "vpriv_name": "gering: Blockrandbebauung", "versorg_sst": 9, "esst_name": "Wilhelminian-period block-edge development with major changes", "evoeff_name": "poor availability", "evpriv_name": "low: Wilhelminian-period block-edge development"}, "geometry": {"type": "MultiPolygon", "coordinates": [[[[13.40807172, 52.5000327], [13.41022146, 52.4994651], [13.41144357, 52.50098786], [13.40930967, 52.50161751], [13.40807172, 52.5000327]]]]}}, {"type": "Feature", "properties": {"id": "versorggruen_2020.0600130651000000", "styp_id": "0600130651000000", "sst_name": "hohe Bebauung der Nachkriegszeit", "voeff_name": "schlecht versorgter Bereich", "vpriv_name": "mittel: Zeilen oder kompakte Siedlung", "versorg_sst": 8, "esst_name": "Postwar high-rise development", "evoeff_name": "poor availability", "evpriv_name": "medium: row development or compact settlement"}, "geometry": {"type": "MultiPolygon", "coordinates": [[[[13.41218827, 52.49895555], [13.41256265, 52.49948554], [13.41264619, 52.49956747], [13.41276221, 52.49963148], [13.41287393, 52.49967122], [13.4129828, 52.49969119], [13.41310498, 52.4996995], [13.41324783, 52.49969526], [13.41338784, 52.49966946], [13.41381335, 52.50029119], [13.41167809, 52.50091605], [13.41050159, 52.49939283], [13.41218827, 52.49895555]]]]}}, {"type": "Feature", "properties": {"id": "versorggruen_2020.0600130671000000", "styp_id": "0600130671000000", "sst_name": "Zeilenbebauung seit den 50er Jahren", "voeff_name": "nicht versorgter Bereich", "vpriv_name": "mittel: Zeilen oder kompakte Siedlung", "versorg_sst": 11, "esst_name": "Row development since the 1950s", "evoeff_name": "no availability", "evpriv_name": "medium: row development or compact settlement"}, "geometry": {"type": "MultiPolygon", "coordinates": [[[[13.4069236, 52.49905553], [13.40764358, 52.49995912], [13.40500424, 52.50065874], [13.4043384, 52.49983163], [13.4069236, 52.49905553]]]]}}, {"type": "Feature", "properties": {"id": "versorggruen_2020.0600130681000000", "styp_id": "0600130681000000", "sst_name": "Zeilenbebauung seit den 50er Jahren", "voeff_name": "nicht versorgter Bereich", "vpriv_name": "mittel: Zeilen oder kompakte Siedlung", "versorg_sst": 11, "esst_name": "Row development since the 1950s", "evoeff_name": "no availability", "evpriv_name": "medium: row development or compact settlement"}, "geometry": {"type": "MultiPolygon", "coordinates": [[[[13.40323042, 52.49850672], [13.40652861, 52.49853807], [13.40681243, 52.49890884], [13.40419486, 52.49967949], [13.40323042, 52.49850672]]]]}}, {"type": "Feature", "properties": {"id": "versorggruen_2020.0600130691000000", "styp_id": "0600130691000000", "sst_name": "hohe Bebauung der Nachkriegszeit", "voeff_name": "schlecht versorgter Bereich", "vpriv_name": "mittel: Zeilen oder kompakte Siedlung", "versorg_sst": 8, "esst_name": "Postwar high-rise development", "evoeff_name": "poor availability", "evpriv_name": "medium: row development or compact settlement"}, "geometry": {"type": "MultiPolygon", "coordinates": [[[[13.40694503, 52.49859815], [13.40713375, 52.49854908], [13.40845446, 52.49857129], [13.41190374, 52.49872408], [13.41197247, 52.49882126], [13.40794289, 52.49988149], [13.40694503, 52.49859815]]]]}}, {"type": "Feature", "properties": {"id": "versorggruen_2020.0600130701000100", "styp_id": "0600130701000100", "sst_name": "Blockbebauung der Gründerzeit mit Seitenflügeln und Hinterhäusern", "voeff_name": "versorgter Bereich", "vpriv_name": "gering: Blockrandbebauung", "versorg_sst": 3, "esst_name": "Wilhelminian-period block development with wings and rear buildings (until 1918)", "evoeff_name": "good availability", "evpriv_name": "low: Wilhelminian-period block-edge development"}, "geometry": {"type": "MultiPolygon", "coordinates": [[[[13.41301864, 52.49776633], [13.41247582, 52.49705362], [13.4119201, 52.49627168], [13.41191458, 52.49619798], [13.41194455, 52.4960893], [13.41205279, 52.49593492], [13.41211791, 52.49586674], [13.41220506, 52.49580939], [13.41241011, 52.49572978], [13.41265772, 52.495679], [13.41384797, 52.49556073], [13.41462976, 52.49557112], [13.41511555, 52.49559176], [13.41568827, 52.49641713], [13.41529202, 52.49652522], [13.4151114, 52.49625763], [13.41439638, 52.49644138], [13.41442246, 52.49662235], [13.41386253, 52.4967776], [13.41324233, 52.49685461], [13.41361031, 52.4973857], [13.41408249, 52.49726731], [13.41438214, 52.49768627], [13.4137279, 52.49786107], [13.41339691, 52.49779577], [13.41301864, 52.49776633]]]]}}, {"type": "Feature", "properties": {"id": "versorggruen_2020.0600130851000000", "styp_id": "0600130851000000", "sst_name": "Blockrandbebauung der Gründerzeit mit massiven Veränderungen", "voeff_name": "schlecht versorgter Bereich", "vpriv_name": "gering: Blockrandbebauung", "versorg_sst": 9, "esst_name": "Wilhelminian-period block-edge development with major changes", "evoeff_name": "poor availability", "evpriv_name": "low: Wilhelminian-period block-edge development"}, "geometry": {"type": "MultiPolygon", "coordinates": [[[[13.41463176, 52.50005092], [13.41419729, 52.49945523], [13.41448076, 52.49930117], [13.41468289, 52.49876169], [13.41759593, 52.49912699], [13.41762515, 52.49917557], [13.41463176, 52.50005092]]]]}}, {"type": "Feature", "properties": {"id": "versorggruen_2020.0600130861000000", "styp_id": "0600130861000000", "sst_name": "Blockrandbebauung der Gründerzeit mit massiven Veränderungen", "voeff_name": "versorgter Bereich", "vpriv_name": "gering: Blockrandbebauung", "versorg_sst": 3, "esst_name": "Wilhelminian-period block-edge development with major changes", "evoeff_name": "good availability", "evpriv_name": "low: Wilhelminian-period block-edge development"}, "geometry": {"type": "MultiPolygon", "coordinates": [[[[13.41407346, 52.49795785], [13.41634101, 52.49734992], [13.41737804, 52.49880848], [13.41585053, 52.49861345], [13.41431636, 52.49827551], [13.41407346, 52.49795785]]]]}}, {"type": "Feature", "properties": {"id": "versorggruen_2020.0600130871000000", "styp_id": "0600130871000000", "sst_name": "Blockrandbebauung der Gründerzeit mit massiven Veränderungen", "voeff_name": "versorgter Bereich", "vpriv_name": "gering: Blockrandbebauung", "versorg_sst": 3, "esst_name": "Wilhelminian-period block-edge development with major changes", "evoeff_name": "good availability", "evpriv_name": "low: Wilhelminian-period block-edge development"}, "geometry": {"type": "MultiPolygon", "coordinates": [[[[13.41661228, 52.49727851], [13.41935736, 52.49655634], [13.41816294, 52.4986555], [13.41814876, 52.49868043], [13.41761839, 52.49873881], [13.41661228, 52.49727851]]]]}}, {"type": "Feature", "properties": {"id": "versorggruen_2020.0600130891000000", "styp_id": "0600130891000000", "sst_name": "Bebauung mit überwiegender Nutzung durch Gemeinbedarf und Sondernutzung, Verkehrsflächen ohne Straßen", "voeff_name": "versorgter Bereich", "vpriv_name": "mittel: Zeilen oder kompakte Siedlung", "versorg_sst": 2, "esst_name": "Development with predominantly public and special use or non-street traffic area", "evoeff_name": "good availability", "evpriv_name": "medium: row development or compact settlement"}, "geometry": {"type": "MultiPolygon", "coordinates": [[[[13.41544381, 52.49560852], [13.41622664, 52.49570877], [13.41680756, 52.49584819], [13.41762923, 52.49614351], [13.4181293, 52.49625852], [13.41899316, 52.4963526], [13.41893667, 52.49646663], [13.41649671, 52.49712104], [13.41544381, 52.49560852]]]]}}, {"type": "Feature", "properties": {"id": "versorggruen_2020.0600136041000000", "styp_id": "0600136041000000", "sst_name": "hohe Bebauung der Nachkriegszeit", "voeff_name": "schlecht versorgter Bereich", "vpriv_name": "mittel: Zeilen oder kompakte Siedlung", "versorg_sst": 8, "esst_name": "Postwar high-rise development", "evoeff_name": "poor availability", "evpriv_name": "medium: row development or compact settlement"}, "geometry": {"type": "MultiPolygon", "coordinates": [[[[13.39725153, 52.50032134], [13.40029913, 52.49957055], [13.40104064, 52.50055689], [13.40141417, 52.50094223], [13.40242263, 52.50214924], [13.40228989, 52.50218943], [13.40214101, 52.5022179], [13.40189786, 52.50225069], [13.40163718, 52.50225559], [13.40150911, 52.50224726], [13.40127067, 52.50222344], [13.40112795, 52.5021998], [13.39803245, 52.50136528], [13.39789866, 52.5013237], [13.39777912, 52.50125986], [13.39770361, 52.50116785], [13.39725153, 52.50032134]]]]}}, {"type": "Feature", "properties": {"id": "versorggruen_2020.0600136071000200", "styp_id": "0600136071000200", "sst_name": "hohe Bebauung der Nachkriegszeit", "voeff_name": "schlecht versorgter Bereich", "vpriv_name": "mittel: Zeilen oder kompakte Siedlung", "versorg_sst": 8, "esst_name": "Postwar high-rise development", "evoeff_name": "poor availability", "evpriv_name": "medium: row development or compact settlement"}, "geometry": {"type": "MultiPolygon", "coordinates": [[[[13.40356086, 52.50105073], [13.40309775, 52.50040409], [13.40282662, 52.50046785], [13.40237325, 52.49987938], [13.40369014, 52.49945769], [13.40473844, 52.50072466], [13.40356086, 52.50105073]]]]}}, {"type": "Feature", "properties": {"id": "versorggruen_2020.0600136071000400", "styp_id": "0600136071000400", "sst_name": "Blockbebauung der Gründerzeit mit Seitenflügeln und Hinterhäusern", "voeff_name": "schlecht versorgter Bereich", "vpriv_name": "gering: Blockrandbebauung", "versorg_sst": 9, "esst_name": "Wilhelminian-period block development with wings and rear buildings (until 1918)", "evoeff_name": "poor availability", "evpriv_name": "low: Wilhelminian-period block-edge development"}, "geometry": {"type": "MultiPolygon", "coordinates": [[[[13.3998217, 52.49849215], [13.4029006, 52.4985034], [13.4030591, 52.49869498], [13.40154128, 52.49916687], [13.40148121, 52.49910039], [13.4004677, 52.49935539], [13.3998217, 52.49849215]]]]}}, {"type": "Feature", "properties": {"id": "versorggruen_2020.0600136241000100", "styp_id": "0600136241000100", "sst_name": "hohe Bebauung der Nachkriegszeit", "voeff_name": "versorgter Bereich", "vpriv_name": "mittel: Zeilen oder kompakte Siedlung", "versorg_sst": 2, "esst_name": "Postwar high-rise development", "evoeff_name": "good availability", "evpriv_name": "medium: row development or compact settlement"}, "geometry": {"type": "MultiPolygon", "coordinates": [[[[13.40634784, 52.49783614], [13.40783806, 52.49784753], [13.40949284, 52.49739672], [13.40957889, 52.49657829], [13.41065954, 52.49630982], [13.41049495, 52.49624482], [13.41052471, 52.49618107], [13.41169646, 52.49593607], [13.41178592, 52.49600993], [13.41172475, 52.49617427], [13.41175331, 52.49635765], [13.41097177, 52.49659437], [13.41068665, 52.49678616], [13.41061102, 52.49689566], [13.41057961, 52.49699625], [13.41039199, 52.49832322], [13.41024152, 52.49837867], [13.40826152, 52.49828247], [13.40665668, 52.49825163], [13.40634784, 52.49783614]]]]}}, {"type": "Feature", "properties": {"id": "versorggruen_2020.0600136251000000", "styp_id": "0600136251000000", "sst_name": "hohe Bebauung der Nachkriegszeit", "voeff_name": "versorgter Bereich", "vpriv_name": "mittel: Zeilen oder kompakte Siedlung", "versorg_sst": 2, "esst_name": "Postwar high-rise development", "evoeff_name": "good availability", "evpriv_name": "medium: row development or compact settlement"}, "geometry": {"type": "MultiPolygon", "coordinates": [[[[13.41067755, 52.49834262], [13.41087985, 52.49702466], [13.41097038, 52.49687834], [13.41113583, 52.49676811], [13.41121106, 52.49674129], [13.41128575, 52.4968232], [13.41216492, 52.49800653], [13.41190768, 52.49821725], [13.41175646, 52.49842726], [13.41073765, 52.49839754], [13.41067755, 52.49834262]]]]}}, {"type": "Feature", "properties": {"id": "versorggruen_2020.0600140821000000", "styp_id": "0600140821000000", "sst_name": "Blockbebauung der Gründerzeit mit Seitenflügeln und Hinterhäusern", "voeff_name": "schlecht versorgter Bereich", "vpriv_name": "gering: Blockrandbebauung", "versorg_sst": 9, "esst_name": "Wilhelminian-period block development with wings and rear buildings (until 1918)", "evoeff_name": "poor availability", "evpriv_name": "low: Wilhelminian-period block-edge development"}, "geometry": {"type": "MultiPolygon", "coordinates": [[[[13.41822989, 52.49958462], [13.41890147, 52.49924791], [13.42226005, 52.4992924], [13.42272081, 52.4999582], [13.422485, 52.50031906], [13.41935475, 52.50117992], [13.41822989, 52.49958462]]]]}}, {"type": "Feature", "properties": {"id": "versorggruen_2020.0600141011000000", "styp_id": "0600141011000000", "sst_name": "Blockbebauung der Gründerzeit mit Seitenflügeln und Hinterhäusern", "voeff_name": "versorgter Bereich", "vpriv_name": "gering: Blockrandbebauung", "versorg_sst": 3, "esst_name": "Wilhelminian-period block development with wings and rear buildings (until 1918)", "evoeff_name": "good availability", "evpriv_name": "low: Wilhelminian-period block-edge development"}, "geometry": {"type": "MultiPolygon", "coordinates": [[[[13.42658883, 52.49937619], [13.42919162, 52.49951177], [13.4299946, 52.49973777], [13.42951171, 52.50070302], [13.42808305, 52.50109424], [13.42658883, 52.49937619]]]]}}, {"type": "Feature", "properties": {"id": "versorggruen_2020.0600141031000000", "styp_id": "0600141031000000", "sst_name": "Blockbebauung der Gründerzeit mit Seitenflügeln und Hinterhäusern", "voeff_name": "versorgter Bereich", "vpriv_name": "gering: Blockrandbebauung", "versorg_sst": 3, "esst_name": "Wilhelminian-period block development with wings and rear buildings (until 1918)", "evoeff_name": "good availability", "evpriv_name": "low: Wilhelminian-period block-edge development"}, "geometry": {"type": "MultiPolygon", "coordinates": [[[[13.42341608, 52.50054443], [13.42365633, 52.50017459], [13.42632351, 52.49943685], [13.42700322, 52.50021534], [13.42381694, 52.50111217], [13.42341608, 52.50054443]]]]}}, {"type": "Feature", "properties": {"id": "versorggruen_2020.0600141041000000", "styp_id": "0600141041000000", "sst_name": "Blockbebauung der Gründerzeit mit Seitenflügeln und Hinterhäusern", "voeff_name": "versorgter Bereich", "vpriv_name": "gering: Blockrandbebauung", "versorg_sst": 3, "esst_name": "Wilhelminian-period block development with wings and rear buildings (until 1918)", "evoeff_name": "good availability", "evpriv_name": "low: Wilhelminian-period block-edge development"}, "geometry": {"type": "MultiPolygon", "coordinates": [[[[13.42255455, 52.49929201], [13.42563333, 52.49934312], [13.42569331, 52.49942859], [13.42353923, 52.50002252], [13.42298184, 52.49987238], [13.42291606, 52.49976803], [13.42255455, 52.49929201]]]]}}, {"type": "Feature", "properties": {"id": "versorggruen_2020.0600141141000000", "styp_id": "0600141141000000", "sst_name": "dichte Bebauung mit überwiegender Nutzung durch Gewerbe und Industrie", "voeff_name": "nicht versorgter Bereich", "vpriv_name": "kein: alle anderen Strukturtypen", "versorg_sst": 12, "esst_name": "Dense development with predominantly commercial and industrial use", "evoeff_name": "no availability", "evpriv_name": "none: all other structure types"}, "geometry": {"type": "MultiPolygon", "coordinates": [[[[13.44411451, 52.50011268], [13.44543682, 52.49940118], [13.44651221, 52.50051383], [13.44597321, 52.50074127], [13.4451558, 52.50113291], [13.44463225, 52.50062443], [13.44411451, 52.50011268]]]]}}, {"type": "Feature", "properties": {"id": "versorggruen_2020.0600141151000000", "styp_id": "0600141151000000", "sst_name": "geringe Bebauung mit überwiegender Nutzung durch Gewerbe und Industrie", "voeff_name": "nicht versorgter Bereich", "vpriv_name": "gering: Blockrandbebauung", "versorg_sst": 12, "esst_name": "Sparse development with predominantly commercial and industrial use", "evoeff_name": "no availability", "evpriv_name": "low: Wilhelminian-period block-edge development"}, "geometry": {"type": "MultiPolygon", "coordinates": [[[[13.4456641, 52.49927661], [13.44858344, 52.49761314], [13.44858373, 52.49753945], [13.44937209, 52.49812207], [13.44962676, 52.49813952], [13.44971772, 52.49822144], [13.44962779, 52.49824916], [13.44993264, 52.49860458], [13.45020642, 52.49885123], [13.45031417, 52.49893209], [13.45033283, 52.49905316], [13.45027229, 52.49913278], [13.45017019, 52.49918376], [13.45018898, 52.49919763], [13.44963756, 52.4994815], [13.44899073, 52.49969757], [13.44891014, 52.49964064], [13.44858559, 52.49980273], [13.44839575, 52.49984166], [13.44844445, 52.49987536], [13.44679182, 52.5004113], [13.4456641, 52.49927661]]]]}}, {"type": "Feature", "properties": {"id": "versorggruen_2020.0600141271000000", "styp_id": "0600141271000000", "sst_name": "geringe Bebauung mit überwiegender Nutzung durch Gewerbe und Industrie", "voeff_name": "versorgter Bereich", "vpriv_name": "gering: Blockrandbebauung", "versorg_sst": 3, "esst_name": "Sparse development with predominantly commercial and industrial use", "evoeff_name": "good availability", "evpriv_name": "low: Wilhelminian-period block-edge development"}, "geometry": {"type": "MultiPolygon", "coordinates": [[[[13.43381792, 52.4999238], [13.43724945, 52.50041335], [13.43510309, 52.50129775], [13.43360991, 52.50001332], [13.43381792, 52.4999238]]]]}}, {"type": "Feature", "properties": {"id": "versorggruen_2020.0600141281000000", "styp_id": "0600141281000000", "sst_name": "Blockbebauung der Gründerzeit mit Seitenflügeln und Hinterhäusern", "voeff_name": "versorgter Bereich", "vpriv_name": "gering: Blockrandbebauung", "versorg_sst": 3, "esst_name": "Wilhelminian-period block development with wings and rear buildings (until 1918)", "evoeff_name": "good availability", "evpriv_name": "low: Wilhelminian-period block-edge development"}, "geometry": {"type": "MultiPolygon", "coordinates": [[[[13.43140964, 52.50108091], [13.4320235, 52.49979055], [13.43302622, 52.49980658], [13.43374944, 52.50043143], [13.43159729, 52.50126904], [13.43140964, 52.50108091]]]]}}, {"type": "Feature", "properties": {"id": "versorggruen_2020.0600146211000000", "styp_id": "0600146211000000", "sst_name": "Blockbebauung der Gründerzeit mit Seitenflügeln und Hinterhäusern", "voeff_name": "schlecht versorgter Bereich", "vpriv_name": "gering: Blockrandbebauung", "versorg_sst": 9, "esst_name": "Wilhelminian-period block development with wings and rear buildings (until 1918)", "evoeff_name": "poor availability", "evpriv_name": "low: Wilhelminian-period block-edge development"}, "geometry": {"type": "MultiPolygon", "coordinates": [[[[13.41479579, 52.50023634], [13.41774485, 52.49935877], [13.41793808, 52.4996577], [13.41912767, 52.50124422], [13.41664605, 52.50193271], [13.41654363, 52.50179323], [13.41770556, 52.50022803], [13.41740406, 52.50015022], [13.41636952, 52.50155748], [13.41622615, 52.50136041], [13.4157101, 52.50149609], [13.41479579, 52.50023634]]]]}}, {"type": "Feature", "properties": {"id": "versorggruen_2020.0600150841000000", "styp_id": "0600150841000000", "sst_name": "Blockrandbebauung der Gründerzeit mit massiven Veränderungen", "voeff_name": "versorgter Bereich", "vpriv_name": "gering: Blockrandbebauung", "versorg_sst": 3, "esst_name": "Wilhelminian-period block-edge development with major changes", "evoeff_name": "good availability", "evpriv_name": "low: Wilhelminian-period block-edge development"}, "geometry": {"type": "MultiPolygon", "coordinates": [[[[13.41981808, 52.49889515], [13.41979663, 52.49881519], [13.42146355, 52.49831688], [13.42197305, 52.49894592], [13.42135169, 52.49893766], [13.42135771, 52.49891071], [13.41981808, 52.49889515]]]]}}, {"type": "Feature", "properties": {"id": "versorggruen_2020.0600150881000000", "styp_id": "0600150881000000", "sst_name": "Blockrandbebauung der Gründerzeit mit massiven Veränderungen", "voeff_name": "versorgter Bereich", "vpriv_name": "gering: Blockrandbebauung", "versorg_sst": 3, "esst_name": "Wilhelminian-period block-edge development with major changes", "evoeff_name": "good availability", "evpriv_name": "low: Wilhelminian-period block-edge development"}, "geometry": {"type": "MultiPolygon", "coordinates": [[[[13.41870041, 52.49879284], [13.41998629, 52.49651161], [13.4212424, 52.49805948], [13.41870041, 52.49879284]]]]}}, {"type": "Feature", "properties": {"id": "versorggruen_2020.0600151051000000", "styp_id": "0600151051000000", "sst_name": "Blockrandbebauung der Gründerzeit mit massiven Veränderungen", "voeff_name": "versorgter Bereich", "vpriv_name": "gering: Blockrandbebauung", "versorg_sst": 3, "esst_name": "Wilhelminian-period block-edge development with major changes", "evoeff_name": "good availability", "evpriv_name": "low: Wilhelminian-period block-edge development"}, "geometry": {"type": "MultiPolygon", "coordinates": [[[[13.42802056, 52.49909862], [13.42796713, 52.49904332], [13.42972056, 52.49845493], [13.43031571, 52.49905443], [13.42993216, 52.49920116], [13.42802056, 52.49909862]]]]}}, {"type": "Feature", "properties": {"id": "versorggruen_2020.0600151061000000", "styp_id": "0600151061000000", "sst_name": "Blockrandbebauung der Gründerzeit mit massiven Veränderungen", "voeff_name": "versorgter Bereich", "vpriv_name": "gering: Blockrandbebauung", "versorg_sst": 3, "esst_name": "Wilhelminian-period block-edge development with major changes", "evoeff_name": "good availability", "evpriv_name": "low: Wilhelminian-period block-edge development"}, "geometry": {"type": "MultiPolygon", "coordinates": [[[[13.42186187, 52.49820523], [13.42456431, 52.49741188], [13.42581881, 52.49883722], [13.42534574, 52.49898919], [13.42249696, 52.49894405], [13.42186187, 52.49820523]]]]}}, {"type": "Feature", "properties": {"id": "versorggruen_2020.0600151071000100", "styp_id": "0600151071000100", "sst_name": "Blockbebauung der Gründerzeit mit Seitenflügeln und Hinterhäusern", "voeff_name": "versorgter Bereich", "vpriv_name": "gering: Blockrandbebauung", "versorg_sst": 3, "esst_name": "Wilhelminian-period block development with wings and rear buildings (until 1918)", "evoeff_name": "good availability", "evpriv_name": "low: Wilhelminian-period block-edge development"}, "geometry": {"type": "MultiPolygon", "coordinates": [[[[13.42522465, 52.49777382], [13.42483504, 52.49732967], [13.42775195, 52.49647819], [13.4293673, 52.49809578], [13.42713207, 52.49885095], [13.42683053, 52.49850868], [13.42751509, 52.49828481], [13.42722299, 52.49794754], [13.42764666, 52.49779364], [13.42708417, 52.49715294], [13.42687752, 52.49721946], [13.42683994, 52.4971776], [13.42661219, 52.49724953], [13.42666679, 52.4973118], [13.42522465, 52.49777382]]]]}}, {"type": "Feature", "properties": {"id": "versorggruen_2020.0600151071000200", "styp_id": "0600151071000200", "sst_name": "Bebauung mit überwiegender Nutzung durch Gemeinbedarf und Sondernutzung, Verkehrsflächen ohne Straßen", "voeff_name": "versorgter Bereich", "vpriv_name": "mittel: Zeilen oder kompakte Siedlung", "versorg_sst": 2, "esst_name": "Development with predominantly public and special use or non-street traffic area", "evoeff_name": "good availability", "evpriv_name": "medium: row development or compact settlement"}, "geometry": {"type": "MultiPolygon", "coordinates": [[[[13.42522465, 52.49777382], [13.42666679, 52.4973118], [13.42661219, 52.49724953], [13.42683994, 52.4971776], [13.42687752, 52.49721946], [13.42708417, 52.49715294], [13.42764666, 52.49779364], [13.42722299, 52.49794754], [13.42751509, 52.49828481], [13.42683053, 52.49850868], [13.42713207, 52.49885095], [13.4267271, 52.49898839], [13.42642755, 52.49864046], [13.42606346, 52.49875819], [13.42522465, 52.49777382]]]]}}, {"type": "Feature", "properties": {"id": "versorggruen_2020.0600151081000000", "styp_id": "0600151081000000", "sst_name": "Blockbebauung der Gründerzeit mit Seitenflügeln und Hinterhäusern", "voeff_name": "versorgter Bereich", "vpriv_name": "gering: Blockrandbebauung", "versorg_sst": 3, "esst_name": "Wilhelminian-period block development with wings and rear buildings (until 1918)", "evoeff_name": "good availability", "evpriv_name": "low: Wilhelminian-period block-edge development"}, "geometry": {"type": "MultiPolygon", "coordinates": [[[[13.4202603, 52.49648153], [13.42054507, 52.49635352], [13.42292239, 52.49585169], [13.42316122, 52.4957856], [13.42432992, 52.49714997], [13.42149455, 52.49798264], [13.4202603, 52.49648153]]]]}}, {"type": "Feature", "properties": {"id": "versorggruen_2020.0600151091000000", "styp_id": "0600151091000000", "sst_name": "Blockbebauung der Gründerzeit mit Seitenflügeln und Hinterhäusern", "voeff_name": "versorgter Bereich", "vpriv_name": "gering: Blockrandbebauung", "versorg_sst": 3, "esst_name": "Wilhelminian-period block development with wings and rear buildings (until 1918)", "evoeff_name": "good availability", "evpriv_name": "low: Wilhelminian-period block-edge development"}, "geometry": {"type": "MultiPolygon", "coordinates": [[[[13.42457911, 52.49707401], [13.42340892, 52.49571144], [13.4261089, 52.49482458], [13.42749839, 52.49621985], [13.42457911, 52.49707401]]]]}}, {"type": "Feature", "properties": {"id": "versorggruen_2020.0600151201000000", "styp_id": "0600151201000000", "sst_name": "Blockbebauung der Gründerzeit mit Seitenflügeln und Hinterhäusern", "voeff_name": "versorgter Bereich", "vpriv_name": "gering: Blockrandbebauung", "versorg_sst": 3, "esst_name": "Wilhelminian-period block development with wings and rear buildings (until 1918)", "evoeff_name": "good availability", "evpriv_name": "low: Wilhelminian-period block-edge development"}, "geometry": {"type": "MultiPolygon", "coordinates": [[[[13.43843204, 52.50010647], [13.43919344, 52.49980211], [13.44022567, 52.49938949], [13.4411699, 52.50035343], [13.44093682, 52.50045371], [13.43843204, 52.50010647]]]]}}, {"type": "Feature", "properties": {"id": "versorggruen_2020.0600151211000000", "styp_id": "0600151211000000", "sst_name": "Blockbebauung der Gründerzeit mit Seitenflügeln und Hinterhäusern", "voeff_name": "versorgter Bereich", "vpriv_name": "gering: Blockrandbebauung", "versorg_sst": 3, "esst_name": "Wilhelminian-period block development with wings and rear buildings (until 1918)", "evoeff_name": "good availability", "evpriv_name": "low: Wilhelminian-period block-edge development"}, "geometry": {"type": "MultiPolygon", "coordinates": [[[[13.4417142, 52.50041501], [13.44054431, 52.49925339], [13.44221258, 52.49856764], [13.4436204, 52.49995285], [13.44205177, 52.50075022], [13.4417142, 52.50041501]]]]}}, {"type": "Feature", "properties": {"id": "versorggruen_2020.0600151221000000", "styp_id": "0600151221000000", "sst_name": "Blockbebauung der Gründerzeit mit Seitenflügeln und Hinterhäusern", "voeff_name": "versorgter Bereich", "vpriv_name": "gering: Blockrandbebauung", "versorg_sst": 3, "esst_name": "Wilhelminian-period block development with wings and rear buildings (until 1918)", "evoeff_name": "good availability", "evpriv_name": "low: Wilhelminian-period block-edge development"}, "geometry": {"type": "MultiPolygon", "coordinates": [[[[13.44390331, 52.49990836], [13.44245298, 52.49847455], [13.44392354, 52.49787114], [13.44522119, 52.49920045], [13.44390331, 52.49990836]]]]}}, {"type": "Feature", "properties": {"id": "versorggruen_2020.0600151231000000", "styp_id": "0600151231000000", "sst_name": "Blockbebauung der Gründerzeit mit Seitenflügeln und Hinterhäusern", "voeff_name": "versorgter Bereich", "vpriv_name": "gering: Blockrandbebauung", "versorg_sst": 3, "esst_name": "Wilhelminian-period block development with wings and rear buildings (until 1918)", "evoeff_name": "good availability", "evpriv_name": "low: Wilhelminian-period block-edge development"}, "geometry": {"type": "MultiPolygon", "coordinates": [[[[13.44419493, 52.49776102], [13.44580264, 52.49709489], [13.44704974, 52.49818956], [13.44547208, 52.49906334], [13.44419493, 52.49776102]]]]}}, {"type": "Feature", "properties": {"id": "versorggruen_2020.0600151241000000", "styp_id": "0600151241000000", "sst_name": "Blockbebauung der Gründerzeit mit Seitenflügeln und Hinterhäusern", "voeff_name": "versorgter Bereich", "vpriv_name": "gering: Blockrandbebauung", "versorg_sst": 3, "esst_name": "Wilhelminian-period block development with wings and rear buildings (until 1918)", "evoeff_name": "good availability", "evpriv_name": "low: Wilhelminian-period block-edge development"}, "geometry": {"type": "MultiPolygon", "coordinates": [[[[13.44729772, 52.49804076], [13.44597125, 52.49691092], [13.44587015, 52.49678945], [13.44581027, 52.49667074], [13.44578011, 52.49648377], [13.44580273, 52.4963544], [13.44584885, 52.49623944], [13.44592587, 52.49612723], [13.446019, 52.4960375], [13.44616076, 52.49593887], [13.44819521, 52.49748944], [13.44729772, 52.49804076]]]]}}, {"type": "Feature", "properties": {"id": "versorggruen_2020.0600151291000000", "styp_id": "0600151291000000", "sst_name": "Blockbebauung der Gründerzeit mit Seitenflügeln und Hinterhäusern", "voeff_name": "versorgter Bereich", "vpriv_name": "gering: Blockrandbebauung", "versorg_sst": 3, "esst_name": "Wilhelminian-period block development with wings and rear buildings (until 1918)", "evoeff_name": "good availability", "evpriv_name": "low: Wilhelminian-period block-edge development"}, "geometry": {"type": "MultiPolygon", "coordinates": [[[[13.43289968, 52.49929613], [13.43279886, 52.49919051], [13.43598425, 52.49816774], [13.43778176, 52.49997153], [13.43774921, 52.50000653], [13.43289968, 52.49929613]]]]}}, {"type": "Feature", "properties": {"id": "versorggruen_2020.0600151301000000", "styp_id": "0600151301000000", "sst_name": "Blockbebauung der Gründerzeit mit Seitenflügeln und Hinterhäusern", "voeff_name": "versorgter Bereich", "vpriv_name": "gering: Blockrandbebauung", "versorg_sst": 3, "esst_name": "Wilhelminian-period block development with wings and rear buildings (until 1918)", "evoeff_name": "good availability", "evpriv_name": "low: Wilhelminian-period block-edge development"}, "geometry": {"type": "MultiPolygon", "coordinates": [[[[13.43716683, 52.49778142], [13.43903763, 52.49967068], [13.43826322, 52.49998398], [13.43633814, 52.49805239], [13.43716683, 52.49778142]]]]}}, {"type": "Feature", "properties": {"id": "versorggruen_2020.0600151311000000", "styp_id": "0600151311000000", "sst_name": "Blockbebauung der Gründerzeit mit Seitenflügeln und Hinterhäusern", "voeff_name": "versorgter Bereich", "vpriv_name": "gering: Blockrandbebauung", "versorg_sst": 3, "esst_name": "Wilhelminian-period block development with wings and rear buildings (until 1918)", "evoeff_name": "good availability", "evpriv_name": "low: Wilhelminian-period block-edge development"}, "geometry": {"type": "MultiPolygon", "coordinates": [[[[13.43925602, 52.49956409], [13.43741161, 52.49769914], [13.43827272, 52.49741923], [13.44008203, 52.49923379], [13.43925602, 52.49956409]]]]}}, {"type": "Feature", "properties": {"id": "versorggruen_2020.0600151321000000", "styp_id": "0600151321000000", "sst_name": "Blockbebauung der Gründerzeit mit Seitenflügeln und Hinterhäusern", "voeff_name": "versorgter Bereich", "vpriv_name": "gering: Blockrandbebauung", "versorg_sst": 3, "esst_name": "Wilhelminian-period block development with wings and rear buildings (until 1918)", "evoeff_name": "good availability", "evpriv_name": "low: Wilhelminian-period block-edge development"}, "geometry": {"type": "MultiPolygon", "coordinates": [[[[13.4403977, 52.49910039], [13.43861777, 52.49730296], [13.4403621, 52.49672609], [13.44206151, 52.49842451], [13.4403977, 52.49910039]]]]}}, {"type": "Feature", "properties": {"id": "versorggruen_2020.0600151331000000", "styp_id": "0600151331000000", "sst_name": "Blockbebauung der Gründerzeit mit Seitenflügeln und Hinterhäusern", "voeff_name": "versorgter Bereich", "vpriv_name": "gering: Blockrandbebauung", "versorg_sst": 3, "esst_name": "Wilhelminian-period block development with wings and rear buildings (until 1918)", "evoeff_name": "good availability", "evpriv_name": "low: Wilhelminian-period block-edge development"}, "geometry": {"type": "MultiPolygon", "coordinates": [[[[13.442299, 52.49832334], [13.44060388, 52.49665367], [13.44221981, 52.49613588], [13.44377545, 52.49772083], [13.442299, 52.49832334]]]]}}, {"type": "Feature", "properties": {"id": "versorggruen_2020.0600151341000100", "styp_id": "0600151341000100", "sst_name": "Blockbebauung der Gründerzeit mit Seitenflügeln und Hinterhäusern", "voeff_name": "versorgter Bereich", "vpriv_name": "gering: Blockrandbebauung", "versorg_sst": 3, "esst_name": "Wilhelminian-period block development with wings and rear buildings (until 1918)", "evoeff_name": "good availability", "evpriv_name": "low: Wilhelminian-period block-edge development"}, "geometry": {"type": "MultiPolygon", "coordinates": [[[[13.44250145, 52.49603747], [13.44500346, 52.49522356], [13.44566974, 52.49575389], [13.44538845, 52.49588791], [13.44506859, 52.49564271], [13.44528708, 52.49553219], [13.44511574, 52.49539998], [13.44409254, 52.49589371], [13.44424347, 52.49601223], [13.44443251, 52.49621354], [13.44451391, 52.4963231], [13.44384174, 52.49657802], [13.44397752, 52.49671411], [13.44354301, 52.49687344], [13.44367688, 52.49701011], [13.44411345, 52.4968502], [13.44420372, 52.49694064], [13.44482148, 52.49668316], [13.44481574, 52.49661654], [13.44477791, 52.49661595], [13.44477881, 52.49646561], [13.44501189, 52.49646543], [13.44501776, 52.49639786], [13.44515184, 52.49641091], [13.44518386, 52.49628758], [13.44547899, 52.49630807], [13.44546103, 52.49637994], [13.44545595, 52.49654169], [13.44548036, 52.4966927], [13.44556362, 52.49685458], [13.44564862, 52.49695267], [13.44404541, 52.49760083], [13.44250145, 52.49603747]]]]}}, {"type": "Feature", "properties": {"id": "versorggruen_2020.0600151351000000", "styp_id": "0600151351000000", "sst_name": "Blockbebauung der Gründerzeit mit Seitenflügeln und Hinterhäusern", "voeff_name": "versorgter Bereich", "vpriv_name": "gering: Blockrandbebauung", "versorg_sst": 3, "esst_name": "Wilhelminian-period block development with wings and rear buildings (until 1918)", "evoeff_name": "good availability", "evpriv_name": "low: Wilhelminian-period block-edge development"}, "geometry": {"type": "MultiPolygon", "coordinates": [[[[13.42996978, 52.49837087], [13.43075175, 52.49808505], [13.43128409, 52.49865472], [13.43111008, 52.49902828], [13.43053262, 52.49895424], [13.42996978, 52.49837087]]]]}}, {"type": "Feature", "properties": {"id": "versorggruen_2020.0600151381000100", "styp_id": "0600151381000100", "sst_name": "Blockbebauung der Gründerzeit mit Seitenflügeln und Hinterhäusern", "voeff_name": "versorgter Bereich", "vpriv_name": "gering: Blockrandbebauung", "versorg_sst": 3, "esst_name": "Wilhelminian-period block development with wings and rear buildings (until 1918)", "evoeff_name": "good availability", "evpriv_name": "low: Wilhelminian-period block-edge development"}, "geometry": {"type": "MultiPolygon", "coordinates": [[[[13.42900404, 52.49741358], [13.42944707, 52.49726083], [13.42956276, 52.49740505], [13.43051148, 52.49708205], [13.43044213, 52.49698051], [13.43119065, 52.49670686], [13.43177098, 52.49729187], [13.42961059, 52.4980207], [13.42900404, 52.49741358]]]]}}, {"type": "Feature", "properties": {"id": "versorggruen_2020.0600151381000200", "styp_id": "0600151381000200", "sst_name": "Bebauung mit überwiegender Nutzung durch Gemeinbedarf und Sondernutzung, Verkehrsflächen ohne Straßen", "voeff_name": "versorgter Bereich", "vpriv_name": "mittel: Zeilen oder kompakte Siedlung", "versorg_sst": 2, "esst_name": "Development with predominantly public and special use or non-street traffic area", "evoeff_name": "good availability", "evpriv_name": "medium: row development or compact settlement"}, "geometry": {"type": "MultiPolygon", "coordinates": [[[[13.42900404, 52.49741358], [13.42799816, 52.49640671], [13.43024502, 52.49575355], [13.43119065, 52.49670686], [13.43044213, 52.49698051], [13.43051148, 52.49708205], [13.42956276, 52.49740505], [13.42944707, 52.49726083], [13.42900404, 52.49741358]]]]}}, {"type": "Feature", "properties": {"id": "versorggruen_2020.0600151391000000", "styp_id": "0600151391000000", "sst_name": "Blockbebauung der Gründerzeit mit Seitenflügeln und Hinterhäusern", "voeff_name": "versorgter Bereich", "vpriv_name": "gering: Blockrandbebauung", "versorg_sst": 3, "esst_name": "Wilhelminian-period block development with wings and rear buildings (until 1918)", "evoeff_name": "good availability", "evpriv_name": "low: Wilhelminian-period block-edge development"}, "geometry": {"type": "MultiPolygon", "coordinates": [[[[13.43210129, 52.49718188], [13.43058707, 52.49565167], [13.43283984, 52.4949769], [13.4342705, 52.49643416], [13.43210129, 52.49718188]]]]}}, {"type": "Feature", "properties": {"id": "versorggruen_2020.0600151401000000", "styp_id": "0600151401000000", "sst_name": "Blockbebauung der Gründerzeit mit Seitenflügeln und Hinterhäusern", "voeff_name": "versorgter Bereich", "vpriv_name": "gering: Blockrandbebauung", "versorg_sst": 3, "esst_name": "Wilhelminian-period block development with wings and rear buildings (until 1918)", "evoeff_name": "good availability", "evpriv_name": "low: Wilhelminian-period block-edge development"}, "geometry": {"type": "MultiPolygon", "coordinates": [[[[13.43459787, 52.49632056], [13.43319512, 52.49487683], [13.43518241, 52.49428875], [13.43652077, 52.49565417], [13.43459787, 52.49632056]]]]}}, {"type": "Feature", "properties": {"id": "versorggruen_2020.0600151411000000", "styp_id": "0600151411000000", "sst_name": "Blockbebauung der Gründerzeit mit Seitenflügeln und Hinterhäusern", "voeff_name": "versorgter Bereich", "vpriv_name": "gering: Blockrandbebauung", "versorg_sst": 3, "esst_name": "Wilhelminian-period block development with wings and rear buildings (until 1918)", "evoeff_name": "good availability", "evpriv_name": "low: Wilhelminian-period block-edge development"}, "geometry": {"type": "MultiPolygon", "coordinates": [[[[13.43686876, 52.4955352], [13.43554504, 52.49418958], [13.43741879, 52.49362734], [13.43868829, 52.49492253], [13.43686876, 52.4955352]]]]}}, {"type": "Feature", "properties": {"id": "versorggruen_2020.0600151421000000", "styp_id": "0600151421000000", "sst_name": "Blockrandbebauung der Gründerzeit mit massiven Veränderungen", "voeff_name": "versorgter Bereich", "vpriv_name": "gering: Blockrandbebauung", "versorg_sst": 3, "esst_name": "Wilhelminian-period block-edge development with major changes", "evoeff_name": "good availability", "evpriv_name": "low: Wilhelminian-period block-edge development"}, "geometry": {"type": "MultiPolygon", "coordinates": [[[[13.43767825, 52.49355047], [13.43920254, 52.49309818], [13.44040907, 52.49432136], [13.43893015, 52.49483125], [13.43767825, 52.49355047]]]]}}, {"type": "Feature", "properties": {"id": "versorggruen_2020.0600151431000100", "styp_id": "0600151431000100", "sst_name": "Zeilenbebauung seit den 50er Jahren", "voeff_name": "versorgter Bereich", "vpriv_name": "mittel: Zeilen oder kompakte Siedlung", "versorg_sst": 2, "esst_name": "Row development since the 1950s", "evoeff_name": "good availability", "evpriv_name": "medium: row development or compact settlement"}, "geometry": {"type": "MultiPolygon", "coordinates": [[[[13.44069695, 52.49423516], [13.43948121, 52.49300426], [13.44110127, 52.49255233], [13.44141841, 52.49244988], [13.44229414, 52.49312948], [13.44230439, 52.49315157], [13.44276799, 52.49351822], [13.44069695, 52.49423516]]]]}}, {"type": "Feature", "properties": {"id": "versorggruen_2020.0600151441000000", "styp_id": "0600151441000000", "sst_name": "Blockbebauung der Gründerzeit mit Seitenflügeln und Hinterhäusern", "voeff_name": "versorgter Bereich", "vpriv_name": "gering: Blockrandbebauung", "versorg_sst": 3, "esst_name": "Wilhelminian-period block development with wings and rear buildings (until 1918)", "evoeff_name": "good availability", "evpriv_name": "low: Wilhelminian-period block-edge development"}, "geometry": {"type": "MultiPolygon", "coordinates": [[[[13.42774905, 52.49614119], [13.42634484, 52.49474411], [13.42853597, 52.49402977], [13.42997532, 52.4954817], [13.42774905, 52.49614119]]]]}}, {"type": "Feature", "properties": {"id": "versorggruen_2020.0600151451000000", "styp_id": "0600151451000000", "sst_name": "Bebauung mit überwiegender Nutzung durch Gemeinbedarf und Sondernutzung, Verkehrsflächen ohne Straßen", "voeff_name": "versorgter Bereich", "vpriv_name": "mittel: Zeilen oder kompakte Siedlung", "versorg_sst": 2, "esst_name": "Development with predominantly public and special use or non-street traffic area", "evoeff_name": "good availability", "evpriv_name": "medium: row development or compact settlement"}, "geometry": {"type": "MultiPolygon", "coordinates": [[[[13.43031885, 52.49537803], [13.42889131, 52.49391624], [13.43105133, 52.49322786], [13.43253764, 52.49472568], [13.43031885, 52.49537803]]]]}}, {"type": "Feature", "properties": {"id": "versorggruen_2020.0600151461000000", "styp_id": "0600151461000000", "sst_name": "Blockbebauung der Gründerzeit mit Seitenflügeln und Hinterhäusern", "voeff_name": "versorgter Bereich", "vpriv_name": "gering: Blockrandbebauung", "versorg_sst": 3, "esst_name": "Wilhelminian-period block development with wings and rear buildings (until 1918)", "evoeff_name": "good availability", "evpriv_name": "low: Wilhelminian-period block-edge development"}, "geometry": {"type": "MultiPolygon", "coordinates": [[[[13.4328959, 52.49461753], [13.43140814, 52.49311163], [13.43339559, 52.49247505], [13.43491708, 52.49402321], [13.4328959, 52.49461753]]]]}}, {"type": "Feature", "properties": {"id": "versorggruen_2020.0600151471000000", "styp_id": "0600151471000000", "sst_name": "Blockbebauung der Gründerzeit mit Seitenflügeln und Hinterhäusern", "voeff_name": "versorgter Bereich", "vpriv_name": "gering: Blockrandbebauung", "versorg_sst": 3, "esst_name": "Wilhelminian-period block development with wings and rear buildings (until 1918)", "evoeff_name": "good availability", "evpriv_name": "low: Wilhelminian-period block-edge development"}, "geometry": {"type": "MultiPolygon", "coordinates": [[[[13.43527089, 52.49391774], [13.4337553, 52.4923651], [13.43559377, 52.49177857], [13.43714166, 52.49336359], [13.43527089, 52.49391774]]]]}}, {"type": "Feature", "properties": {"id": "versorggruen_2020.0600151481000000", "styp_id": "0600151481000000", "sst_name": "Blockbebauung der Gründerzeit mit Seitenflügeln und Hinterhäusern", "voeff_name": "versorgter Bereich", "vpriv_name": "gering: Blockrandbebauung", "versorg_sst": 3, "esst_name": "Wilhelminian-period block development with wings and rear buildings (until 1918)", "evoeff_name": "good availability", "evpriv_name": "low: Wilhelminian-period block-edge development"}, "geometry": {"type": "MultiPolygon", "coordinates": [[[[13.43585914, 52.49169452], [13.4373614, 52.49122155], [13.43893715, 52.49284074], [13.43742025, 52.49328765], [13.43585914, 52.49169452]]]]}}, {"type": "Feature", "properties": {"id": "versorggruen_2020.0600161671000200", "styp_id": "0600161671000200", "sst_name": "Blockbebauung der Gründerzeit mit Seitenflügeln und Hinterhäusern", "voeff_name": "unterversorgter Bereich", "vpriv_name": "gering: Blockrandbebauung", "versorg_sst": 6, "esst_name": "Wilhelminian-period block development with wings and rear buildings (until 1918)", "evoeff_name": "reduced availability", "evpriv_name": "low: Wilhelminian-period block-edge development"}, "geometry": {"type": "MultiPolygon", "coordinates": [[[[13.40023554, 52.49599183], [13.40126447, 52.49566323], [13.40196048, 52.49632507], [13.40041276, 52.49636197], [13.40040911, 52.49619724], [13.40023554, 52.49599183]]]]}}, {"type": "Feature", "properties": {"id": "versorggruen_2020.0600161681000000", "styp_id": "0600161681000000", "sst_name": "Blockrandbebauung der Gründerzeit mit massiven Veränderungen", "voeff_name": "unterversorgter Bereich", "vpriv_name": "gering: Blockrandbebauung", "versorg_sst": 6, "esst_name": "Wilhelminian-period block-edge development with major changes", "evoeff_name": "reduced availability", "evpriv_name": "low: Wilhelminian-period block-edge development"}, "geometry": {"type": "MultiPolygon", "coordinates": [[[[13.40379659, 52.49544786], [13.4043774, 52.49618765], [13.40231986, 52.49630419], [13.40162547, 52.4956118], [13.40379659, 52.49544786]]]]}}, {"type": "Feature", "properties": {"id": "versorggruen_2020.0600161691000000", "styp_id": "0600161691000000", "sst_name": "Blockbebauung der Gründerzeit mit Seitenflügeln und Hinterhäusern", "voeff_name": "unterversorgter Bereich", "vpriv_name": "gering: Blockrandbebauung", "versorg_sst": 6, "esst_name": "Wilhelminian-period block development with wings and rear buildings (until 1918)", "evoeff_name": "reduced availability", "evpriv_name": "low: Wilhelminian-period block-edge development"}, "geometry": {"type": "MultiPolygon", "coordinates": [[[[13.40480252, 52.49538954], [13.40490468, 52.4952783], [13.4063899, 52.4950645], [13.40644845, 52.49513291], [13.4054226, 52.49593439], [13.40522094, 52.49592323], [13.40480252, 52.49538954]]]]}}, {"type": "Feature", "properties": {"id": "versorggruen_2020.0600161701000000", "styp_id": "0600161701000000", "sst_name": "Blockbebauung der Gründerzeit mit Seitenflügeln und Hinterhäusern", "voeff_name": "unterversorgter Bereich", "vpriv_name": "gering: Blockrandbebauung", "versorg_sst": 6, "esst_name": "Wilhelminian-period block development with wings and rear buildings (until 1918)", "evoeff_name": "reduced availability", "evpriv_name": "low: Wilhelminian-period block-edge development"}, "geometry": {"type": "MultiPolygon", "coordinates": [[[[13.41339045, 52.49487243], [13.41113038, 52.49457178], [13.41101134, 52.49452483], [13.41092183, 52.49446356], [13.41086911, 52.49440685], [13.41082384, 52.49433038], [13.4108036, 52.49425396], [13.41081269, 52.49420185], [13.41088356, 52.49416244], [13.41357685, 52.49347266], [13.41456886, 52.49476402], [13.41448445, 52.49486451], [13.41339045, 52.49487243]]]]}}, {"type": "Feature", "properties": {"id": "versorggruen_2020.0600161741000000", "styp_id": "0600161741000000", "sst_name": "Blockrandbebauung der Gründerzeit mit massiven Veränderungen", "voeff_name": "unterversorgter Bereich", "vpriv_name": "gering: Blockrandbebauung", "versorg_sst": 6, "esst_name": "Wilhelminian-period block-edge development with major changes", "evoeff_name": "reduced availability", "evpriv_name": "low: Wilhelminian-period block-edge development"}, "geometry": {"type": "MultiPolygon", "coordinates": [[[[13.39956994, 52.4950569], [13.39813318, 52.49556633], [13.39793919, 52.49534422], [13.39853337, 52.49506039], [13.39894212, 52.49488594], [13.39919583, 52.49479477], [13.39945686, 52.49471439], [13.40008324, 52.49459157], [13.40100764, 52.49550099], [13.39870726, 52.4962461], [13.39818592, 52.49563024], [13.39937625, 52.4952192], [13.39941617, 52.49517884], [13.39961084, 52.49510821], [13.39956994, 52.4950569]]]]}}, {"type": "Feature", "properties": {"id": "versorggruen_2020.0600161751000000", "styp_id": "0600161751000000", "sst_name": "Blockbebauung der Gründerzeit mit Seitenflügeln und Hinterhäusern", "voeff_name": "unterversorgter Bereich", "vpriv_name": "gering: Blockrandbebauung", "versorg_sst": 6, "esst_name": "Wilhelminian-period block development with wings and rear buildings (until 1918)", "evoeff_name": "reduced availability", "evpriv_name": "low: Wilhelminian-period block-edge development"}, "geometry": {"type": "MultiPolygon", "coordinates": [[[[13.40050024, 52.49452947], [13.40279457, 52.49415729], [13.40363279, 52.49522918], [13.40136601, 52.49538754], [13.40050024, 52.49452947]]]]}}, {"type": "Feature", "properties": {"id": "versorggruen_2020.0600161761000000", "styp_id": "0600161761000000", "sst_name": "Bebauung mit überwiegender Nutzung durch Gemeinbedarf und Sondernutzung, Verkehrsflächen ohne Straßen", "voeff_name": "unterversorgter Bereich", "vpriv_name": "mittel: Zeilen oder kompakte Siedlung", "versorg_sst": 5, "esst_name": "Development with predominantly public and special use or non-street traffic area", "evoeff_name": "reduced availability", "evpriv_name": "medium: row development or compact settlement"}, "geometry": {"type": "MultiPolygon", "coordinates": [[[[13.40373319, 52.49400989], [13.40576821, 52.49366593], [13.4065753, 52.49479255], [13.4045817, 52.49508988], [13.40373319, 52.49400989]]]]}}, {"type": "Feature", "properties": {"id": "versorggruen_2020.0600161801000000", "styp_id": "0600161801000000", "sst_name": "Blockbebauung der Gründerzeit mit Seitenflügeln und Hinterhäusern", "voeff_name": "versorgter Bereich", "vpriv_name": "gering: Blockrandbebauung", "versorg_sst": 3, "esst_name": "Wilhelminian-period block development with wings and rear buildings (until 1918)", "evoeff_name": "good availability", "evpriv_name": "low: Wilhelminian-period block-edge development"}, "geometry": {"type": "MultiPolygon", "coordinates": [[[[13.4084652, 52.49164356], [13.41067513, 52.49102575], [13.41214106, 52.49171499], [13.41198955, 52.4919897], [13.40964192, 52.49263196], [13.40922758, 52.49271773], [13.4084652, 52.49164356]]]]}}, {"type": "Feature", "properties": {"id": "versorggruen_2020.0600161831000100", "styp_id": "0600161831000100", "sst_name": "hohe Bebauung der Nachkriegszeit", "voeff_name": "nicht versorgter Bereich", "vpriv_name": "mittel: Zeilen oder kompakte Siedlung", "versorg_sst": 11, "esst_name": "Postwar high-rise development", "evoeff_name": "no availability", "evpriv_name": "medium: row development or compact settlement"}, "geometry": {"type": "MultiPolygon", "coordinates": [[[[13.39871169, 52.49282647], [13.40127314, 52.4923277], [13.40143463, 52.49256193], [13.40178643, 52.49246222], [13.40182448, 52.49251126], [13.40045938, 52.49336769], [13.40026785, 52.49347768], [13.39976119, 52.49374316], [13.39966568, 52.49373462], [13.39871169, 52.49282647]]]]}}, {"type": "Feature", "properties": {"id": "versorggruen_2020.0600161841000000", "styp_id": "0600161841000000", "sst_name": "Blockrandbebauung der Gründerzeit mit massiven Veränderungen", "voeff_name": "nicht versorgter Bereich", "vpriv_name": "gering: Blockrandbebauung", "versorg_sst": 12, "esst_name": "Wilhelminian-period block-edge development with major changes", "evoeff_name": "no availability", "evpriv_name": "low: Wilhelminian-period block-edge development"}, "geometry": {"type": "MultiPolygon", "coordinates": [[[[13.39985207, 52.49430716], [13.39985292, 52.4941427], [13.39994487, 52.49401437], [13.40200817, 52.49274671], [13.4026619, 52.49360886], [13.40249556, 52.49389252], [13.4001983, 52.49426288], [13.39985207, 52.49430716]]]]}}, {"type": "Feature", "properties": {"id": "versorggruen_2020.0600161881000000", "styp_id": "0600161881000000", "sst_name": "Blockbebauung der Gründerzeit mit Seitenflügeln und Hinterhäusern", "voeff_name": "versorgter Bereich", "vpriv_name": "gering: Blockrandbebauung", "versorg_sst": 3, "esst_name": "Wilhelminian-period block development with wings and rear buildings (until 1918)", "evoeff_name": "good availability", "evpriv_name": "low: Wilhelminian-period block-edge development"}, "geometry": {"type": "MultiPolygon", "coordinates": [[[[13.40076336, 52.49059205], [13.40545271, 52.48964295], [13.40574502, 52.49006766], [13.40211774, 52.49233623], [13.40076336, 52.49059205]]]]}}, {"type": "Feature", "properties": {"id": "versorggruen_2020.0600161891000000", "styp_id": "0600161891000000", "sst_name": "Blockbebauung der Gründerzeit mit Seitenflügeln und Hinterhäusern", "voeff_name": "versorgter Bereich", "vpriv_name": "gering: Blockrandbebauung", "versorg_sst": 3, "esst_name": "Wilhelminian-period block development with wings and rear buildings (until 1918)", "evoeff_name": "good availability", "evpriv_name": "low: Wilhelminian-period block-edge development"}, "geometry": {"type": "MultiPolygon", "coordinates": [[[[13.40710702, 52.48972781], [13.40763184, 52.4895832], [13.41035055, 52.49086609], [13.41033552, 52.49092987], [13.40835264, 52.4914825], [13.40710702, 52.48972781]]]]}}, {"type": "Feature", "properties": {"id": "versorggruen_2020.0600161901000000", "styp_id": "0600161901000000", "sst_name": "Blockbebauung der Gründerzeit mit Seitenflügeln und Hinterhäusern", "voeff_name": "unterversorgter Bereich", "vpriv_name": "gering: Blockrandbebauung", "versorg_sst": 6, "esst_name": "Wilhelminian-period block development with wings and rear buildings (until 1918)", "evoeff_name": "reduced availability", "evpriv_name": "low: Wilhelminian-period block-edge development"}, "geometry": {"type": "MultiPolygon", "coordinates": [[[[13.41654153, 52.49513149], [13.41545269, 52.49498487], [13.41562346, 52.49468053], [13.41830795, 52.49397535], [13.41953435, 52.49555285], [13.41941557, 52.49576382], [13.41864129, 52.49572202], [13.41818079, 52.49564573], [13.41698137, 52.49521585], [13.41654153, 52.49513149]]]]}}, {"type": "Feature", "properties": {"id": "versorggruen_2020.0600161911000000", "styp_id": "0600161911000000", "sst_name": "Blockbebauung der Gründerzeit mit Seitenflügeln und Hinterhäusern", "voeff_name": "nicht versorgter Bereich", "vpriv_name": "gering: Blockrandbebauung", "versorg_sst": 12, "esst_name": "Wilhelminian-period block development with wings and rear buildings (until 1918)", "evoeff_name": "no availability", "evpriv_name": "low: Wilhelminian-period block-edge development"}, "geometry": {"type": "MultiPolygon", "coordinates": [[[[13.41860721, 52.49389679], [13.42158047, 52.49312645], [13.42167858, 52.49324254], [13.42029145, 52.49548947], [13.41985266, 52.4954932], [13.41860721, 52.49389679]]]]}}, {"type": "Feature", "properties": {"id": "versorggruen_2020.0600161921000000", "styp_id": "0600161921000000", "sst_name": "Bebauung mit überwiegender Nutzung durch Gemeinbedarf und Sondernutzung, Verkehrsflächen ohne Straßen", "voeff_name": "unterversorgter Bereich", "vpriv_name": "mittel: Zeilen oder kompakte Siedlung", "versorg_sst": 5, "esst_name": "Development with predominantly public and special use or non-street traffic area", "evoeff_name": "reduced availability", "evpriv_name": "medium: row development or compact settlement"}, "geometry": {"type": "MultiPolygon", "coordinates": [[[[13.41453788, 52.49324793], [13.41722069, 52.49256973], [13.41817336, 52.49379269], [13.41539307, 52.49452196], [13.41481805, 52.49376965], [13.41491535, 52.49374376], [13.41453788, 52.49324793]]]]}}, {"type": "Feature", "properties": {"id": "versorggruen_2020.0600161931000000", "styp_id": "0600161931000000", "sst_name": "Blockbebauung der Gründerzeit mit Seitenflügeln und Hinterhäusern", "voeff_name": "nicht versorgter Bereich", "vpriv_name": "gering: Blockrandbebauung", "versorg_sst": 12, "esst_name": "Wilhelminian-period block development with wings and rear buildings (until 1918)", "evoeff_name": "no availability", "evpriv_name": "low: Wilhelminian-period block-edge development"}, "geometry": {"type": "MultiPolygon", "coordinates": [[[[13.41751992, 52.49249477], [13.42010241, 52.49184329], [13.42082161, 52.49199911], [13.42145032, 52.49293571], [13.41846969, 52.49370963], [13.41751992, 52.49249477]]]]}}, {"type": "Feature", "properties": {"id": "versorggruen_2020.0600161941000000", "styp_id": "0600161941000000", "sst_name": "Blockbebauung der Gründerzeit mit Seitenflügeln und Hinterhäusern", "voeff_name": "nicht versorgter Bereich", "vpriv_name": "gering: Blockrandbebauung", "versorg_sst": 12, "esst_name": "Wilhelminian-period block development with wings and rear buildings (until 1918)", "evoeff_name": "no availability", "evpriv_name": "low: Wilhelminian-period block-edge development"}, "geometry": {"type": "MultiPolygon", "coordinates": [[[[13.42176875, 52.49284729], [13.42112373, 52.49193493], [13.42271858, 52.4915315], [13.42193974, 52.49280355], [13.42176875, 52.49284729]]]]}}, {"type": "Feature", "properties": {"id": "versorggruen_2020.0600161961000000", "styp_id": "0600161961000000", "sst_name": "Blockbebauung der Gründerzeit mit Seitenflügeln und Hinterhäusern", "voeff_name": "unterversorgter Bereich", "vpriv_name": "gering: Blockrandbebauung", "versorg_sst": 6, "esst_name": "Wilhelminian-period block development with wings and rear buildings (until 1918)", "evoeff_name": "reduced availability", "evpriv_name": "low: Wilhelminian-period block-edge development"}, "geometry": {"type": "MultiPolygon", "coordinates": [[[[13.41401862, 52.49254065], [13.41662364, 52.49180661], [13.41704945, 52.49235644], [13.41439023, 52.49302839], [13.41401862, 52.49254065]]]]}}, {"type": "Feature", "properties": {"id": "versorggruen_2020.0600161971000000", "styp_id": "0600161971000000", "sst_name": "Blockbebauung der Gründerzeit mit Seitenflügeln und Hinterhäusern", "voeff_name": "unterversorgter Bereich", "vpriv_name": "gering: Blockrandbebauung", "versorg_sst": 6, "esst_name": "Wilhelminian-period block development with wings and rear buildings (until 1918)", "evoeff_name": "reduced availability", "evpriv_name": "low: Wilhelminian-period block-edge development"}, "geometry": {"type": "MultiPolygon", "coordinates": [[[[13.41368375, 52.49206915], [13.41384113, 52.49179444], [13.41612467, 52.49116318], [13.41650363, 52.49165542], [13.41391045, 52.4923787], [13.41368375, 52.49206915]]]]}}, {"type": "Feature", "properties": {"id": "versorggruen_2020.0600161981000000", "styp_id": "0600161981000000", "sst_name": "Blockbebauung der Gründerzeit mit Seitenflügeln und Hinterhäusern", "voeff_name": "versorgter Bereich", "vpriv_name": "gering: Blockrandbebauung", "versorg_sst": 3, "esst_name": "Wilhelminian-period block development with wings and rear buildings (until 1918)", "evoeff_name": "good availability", "evpriv_name": "low: Wilhelminian-period block-edge development"}, "geometry": {"type": "MultiPolygon", "coordinates": [[[[13.41642398, 52.49106936], [13.41956986, 52.49018973], [13.42026737, 52.49119924], [13.41998718, 52.49161213], [13.41735607, 52.49227611], [13.41642398, 52.49106936]]]]}}, {"type": "Feature", "properties": {"id": "versorggruen_2020.0600161991000000", "styp_id": "0600161991000000", "sst_name": "Blockbebauung der Gründerzeit mit Seitenflügeln und Hinterhäusern", "voeff_name": "versorgter Bereich", "vpriv_name": "gering: Blockrandbebauung", "versorg_sst": 3, "esst_name": "Wilhelminian-period block development with wings and rear buildings (until 1918)", "evoeff_name": "good availability", "evpriv_name": "low: Wilhelminian-period block-edge development"}, "geometry": {"type": "MultiPolygon", "coordinates": [[[[13.41986472, 52.49009948], [13.42477137, 52.48821359], [13.42342158, 52.49041388], [13.42058128, 52.49113059], [13.41986472, 52.49009948]]]]}}, {"type": "Feature", "properties": {"id": "versorggruen_2020.0600162001000100", "styp_id": "0600162001000100", "sst_name": "Blockbebauung der Gründerzeit mit Seitenflügeln und Hinterhäusern", "voeff_name": "versorgter Bereich", "vpriv_name": "gering: Blockrandbebauung", "versorg_sst": 3, "esst_name": "Wilhelminian-period block development with wings and rear buildings (until 1918)", "evoeff_name": "good availability", "evpriv_name": "low: Wilhelminian-period block-edge development"}, "geometry": {"type": "MultiPolygon", "coordinates": [[[[13.40829332, 52.48919261], [13.40887989, 52.48906068], [13.41222747, 52.48863119], [13.41219937, 52.48929294], [13.41158443, 52.48932561], [13.41127306, 52.48950784], [13.41131905, 52.48967759], [13.41072228, 52.48975711], [13.41038747, 52.48994261], [13.41062264, 52.49062125], [13.40846801, 52.48958834], [13.40831038, 52.48945223], [13.40823962, 52.4893318], [13.40829332, 52.48919261]]]]}}, {"type": "Feature", "properties": {"id": "versorggruen_2020.0600162001000300", "styp_id": "0600162001000300", "sst_name": "hohe Bebauung der Nachkriegszeit", "voeff_name": "versorgter Bereich", "vpriv_name": "mittel: Zeilen oder kompakte Siedlung", "versorg_sst": 2, "esst_name": "Postwar high-rise development", "evoeff_name": "good availability", "evpriv_name": "medium: row development or compact settlement"}, "geometry": {"type": "MultiPolygon", "coordinates": [[[[13.41184436, 52.49124482], [13.41208338, 52.49104394], [13.41230018, 52.49099563], [13.41224731, 52.4909081], [13.41221945, 52.49091479], [13.41201176, 52.49081574], [13.41202688, 52.49058265], [13.41196999, 52.49047507], [13.41193068, 52.49022255], [13.41198312, 52.49010817], [13.4120215, 52.49011687], [13.41219801, 52.48999704], [13.41212865, 52.48997013], [13.41227108, 52.48956231], [13.41236807, 52.48935705], [13.41245668, 52.48932109], [13.41249366, 52.48932421], [13.41253059, 52.4891458], [13.41279342, 52.48916596], [13.41284302, 52.4889253], [13.4132973, 52.48896834], [13.41280215, 52.49140345], [13.41238944, 52.49150156], [13.41184436, 52.49124482]]]]}}, {"type": "Feature", "properties": {"id": "versorggruen_2020.0600162011000000", "styp_id": "0600162011000000", "sst_name": "Blockbebauung der Gründerzeit mit Seitenflügeln und Hinterhäusern", "voeff_name": "versorgter Bereich", "vpriv_name": "gering: Blockrandbebauung", "versorg_sst": 3, "esst_name": "Wilhelminian-period block development with wings and rear buildings (until 1918)", "evoeff_name": "good availability", "evpriv_name": "low: Wilhelminian-period block-edge development"}, "geometry": {"type": "MultiPolygon", "coordinates": [[[[13.41316123, 52.49143196], [13.41381326, 52.48842084], [13.4140018, 52.48839781], [13.41593905, 52.49088157], [13.41362306, 52.49152625], [13.41316123, 52.49143196]]]]}}, {"type": "Feature", "properties": {"id": "versorggruen_2020.0600162021000000", "styp_id": "0600162021000000", "sst_name": "hohe Bebauung der Nachkriegszeit", "voeff_name": "versorgter Bereich", "vpriv_name": "mittel: Zeilen oder kompakte Siedlung", "versorg_sst": 2, "esst_name": "Postwar high-rise development", "evoeff_name": "good availability", "evpriv_name": "medium: row development or compact settlement"}, "geometry": {"type": "MultiPolygon", "coordinates": [[[[13.41431711, 52.48834266], [13.41917961, 52.48771324], [13.41949329, 52.48987866], [13.4162074, 52.49079668], [13.41431711, 52.48834266]]]]}}, {"type": "Feature", "properties": {"id": "versorggruen_2020.0600162031000000", "styp_id": "0600162031000000", "sst_name": "Blockbebauung der Gründerzeit mit Seitenflügeln und Hinterhäusern", "voeff_name": "versorgter Bereich", "vpriv_name": "gering: Blockrandbebauung", "versorg_sst": 3, "esst_name": "Wilhelminian-period block development with wings and rear buildings (until 1918)", "evoeff_name": "good availability", "evpriv_name": "low: Wilhelminian-period block-edge development"}, "geometry": {"type": "MultiPolygon", "coordinates": [[[[13.41951987, 52.4876707], [13.42073513, 52.48750568], [13.42113835, 52.48753693], [13.42402165, 52.48669897], [13.42494261, 52.48778792], [13.41993571, 52.48971767], [13.41979749, 52.48968238], [13.41951987, 52.4876707]]]]}}, {"type": "Feature", "properties": {"id": "versorggruen_2020.0600162251000000", "styp_id": "0600162251000000", "sst_name": "Blockbebauung der Gründerzeit mit Seitenflügeln und Hinterhäusern", "voeff_name": "versorgter Bereich", "vpriv_name": "gering: Blockrandbebauung", "versorg_sst": 3, "esst_name": "Wilhelminian-period block development with wings and rear buildings (until 1918)", "evoeff_name": "good availability", "evpriv_name": "low: Wilhelminian-period block-edge development"}, "geometry": {"type": "MultiPolygon", "coordinates": [[[[13.40036402, 52.49008984], [13.39950111, 52.48898553], [13.40526208, 52.48890659], [13.40526703, 52.48909442], [13.40036402, 52.49008984]]]]}}, {"type": "Feature", "properties": {"id": "versorggruen_2020.0600162391000300", "styp_id": "0600162391000300", "sst_name": "Blockbebauung der Gründerzeit mit Seitenflügeln und Hinterhäusern", "voeff_name": "versorgter Bereich", "vpriv_name": "gering: Blockrandbebauung", "versorg_sst": 3, "esst_name": "Wilhelminian-period block development with wings and rear buildings (until 1918)", "evoeff_name": "good availability", "evpriv_name": "low: Wilhelminian-period block-edge development"}, "geometry": {"type": "MultiPolygon", "coordinates": [[[[13.40693409, 52.48865649], [13.40672828, 52.48765488], [13.40707753, 52.48763542], [13.40699205, 52.48627999], [13.40708304, 52.48624856], [13.40806203, 52.48714503], [13.40737737, 52.48865172], [13.40693409, 52.48865649]]]]}}, {"type": "Feature", "properties": {"id": "versorggruen_2020.0600166101000300", "styp_id": "0600166101000300", "sst_name": "Bebauung mit überwiegender Nutzung durch Gemeinbedarf und Sondernutzung, Verkehrsflächen ohne Straßen", "voeff_name": "unterversorgter Bereich", "vpriv_name": "mittel: Zeilen oder kompakte Siedlung", "versorg_sst": 5, "esst_name": "Development with predominantly public and special use or non-street traffic area", "evoeff_name": "reduced availability", "evpriv_name": "medium: row development or compact settlement"}, "geometry": {"type": "MultiPolygon", "coordinates": [[[[13.40736502, 52.49340535], [13.40869164, 52.49318967], [13.40961288, 52.49297569], [13.41233882, 52.49222399], [13.41273005, 52.49230378], [13.41343212, 52.49325942], [13.41092314, 52.49389651], [13.41079923, 52.49394302], [13.4107018, 52.49399496], [13.41061317, 52.49405591], [13.41053765, 52.49414294], [13.41051517, 52.49422288], [13.41051477, 52.49430465], [13.40995474, 52.49443226], [13.40957013, 52.49454008], [13.40776849, 52.49497089], [13.40762608, 52.49500102], [13.40759262, 52.49497361], [13.40733905, 52.49459593], [13.40726518, 52.49440088], [13.40706727, 52.49406246], [13.4072624, 52.49395622], [13.40767709, 52.49384735], [13.40754845, 52.49362783], [13.40736875, 52.49364273], [13.40736502, 52.49340535]]]]}}, {"type": "Feature", "properties": {"id": "versorggruen_2020.1300691401000000", "styp_id": "1300691401000000", "sst_name": "geringe Bebauung mit überwiegender Nutzung durch Gewerbe und Industrie", "voeff_name": "nicht versorgter Bereich", "vpriv_name": "gering: Blockrandbebauung", "versorg_sst": 12, "esst_name": "Sparse development with predominantly commercial and industrial use", "evoeff_name": "no availability", "evpriv_name": "low: Wilhelminian-period block-edge development"}, "geometry": {"type": "MultiPolygon", "coordinates": [[[[13.38595181, 52.46867599], [13.38895385, 52.46863713], [13.39481005, 52.46617564], [13.39478789, 52.46563191], [13.39483817, 52.46558528], [13.39837554, 52.46526774], [13.40049444, 52.46409546], [13.40086454, 52.4639398], [13.40123445, 52.46382099], [13.40158504, 52.46373988], [13.40198707, 52.46366965], [13.40276724, 52.46359654], [13.40287707, 52.46369829], [13.40200655, 52.46446679], [13.40151216, 52.46475882], [13.40075111, 52.46511593], [13.39934803, 52.46557156], [13.39770503, 52.4660348], [13.39624134, 52.46653071], [13.39173876, 52.46847465], [13.39088527, 52.46875692], [13.38998192, 52.46900315], [13.38969461, 52.46907267], [13.38926004, 52.46916167], [13.38857234, 52.46925644], [13.3881159, 52.46930674], [13.38719721, 52.46939295], [13.38671437, 52.46942613], [13.38596521, 52.46945606], [13.38595181, 52.46867599]]]]}}, {"type": "Feature", "properties": {"id": "versorggruen_2020.1300691491000000", "styp_id": "1300691491000000", "sst_name": "geringe Bebauung mit überwiegender Nutzung durch Gewerbe und Industrie", "voeff_name": "versorgter Bereich", "vpriv_name": "gering: Blockrandbebauung", "versorg_sst": 3, "esst_name": "Sparse development with predominantly commercial and industrial use", "evoeff_name": "good availability", "evpriv_name": "low: Wilhelminian-period block-edge development"}, "geometry": {"type": "MultiPolygon", "coordinates": [[[[13.41288391, 52.46448752], [13.421351, 52.46526672], [13.42126264, 52.46580888], [13.41689804, 52.46539281], [13.41474468, 52.46520168], [13.41425075, 52.4651244], [13.41380859, 52.46499637], [13.41352808, 52.46486525], [13.41320518, 52.46468312], [13.41288391, 52.46448752]]]]}}, {"type": "Feature", "properties": {"id": "versorggruen_2020.1300691561000000", "styp_id": "1300691561000000", "sst_name": "Blockrand- und Zeilenbebauung der 20er und 30er Jahre", "voeff_name": "versorgter Bereich", "vpriv_name": "mittel: Zeilen oder kompakte Siedlung", "versorg_sst": 2, "esst_name": "Block-edge and row development of the 1920s and 1930s", "evoeff_name": "good availability", "evpriv_name": "medium: row development or compact settlement"}, "geometry": {"type": "MultiPolygon", "coordinates": [[[[13.41351454, 52.46312393], [13.41611626, 52.462839], [13.41637278, 52.46408581], [13.41636727, 52.46446512], [13.41633702, 52.46460732], [13.41509698, 52.46449274], [13.41514943, 52.46429243], [13.41516074, 52.46408306], [13.41500132, 52.46327039], [13.41477617, 52.46327897], [13.41495772, 52.46407641], [13.41495864, 52.46419234], [13.41494204, 52.46427768], [13.41488235, 52.46445281], [13.41363661, 52.46435262], [13.41366521, 52.46421787], [13.4136776, 52.46408939], [13.41367006, 52.46382247], [13.41351454, 52.46312393]]]]}}, {"type": "Feature", "properties": {"id": "versorggruen_2020.1300691571000000", "styp_id": "1300691571000000", "sst_name": "Blockrand- und Zeilenbebauung der 20er und 30er Jahre", "voeff_name": "versorgter Bereich", "vpriv_name": "mittel: Zeilen oder kompakte Siedlung", "versorg_sst": 2, "esst_name": "Block-edge and row development of the 1920s and 1930s", "evoeff_name": "good availability", "evpriv_name": "medium: row development or compact settlement"}, "geometry": {"type": "MultiPolygon", "coordinates": [[[[13.41420793, 52.46120654], [13.41453572, 52.46249131], [13.4147153, 52.46247276], [13.41436544, 52.46118705], [13.4155788, 52.46104102], [13.41611626, 52.462839], [13.41351454, 52.46312393], [13.41295969, 52.46133549], [13.41420793, 52.46120654]]]]}}, {"type": "Feature", "properties": {"id": "versorggruen_2020.1300691581000000", "styp_id": "1300691581000000", "sst_name": "niedrige Bebauung mit Hausgärten", "voeff_name": "versorgter Bereich", "vpriv_name": "hoch: aufgelockerte Siedlungsbebauung", "versorg_sst": 1, "esst_name": "Low buildings with yards", "evoeff_name": "good availability", "evpriv_name": "high: loose settlement development"}, "geometry": {"type": "MultiPolygon", "coordinates": [[[[13.41651069, 52.46462343], [13.4165447, 52.4644677], [13.41656064, 52.46422613], [13.41628827, 52.46274607], [13.41812495, 52.46253549], [13.41756377, 52.4647269], [13.41651069, 52.46462343]]]]}}, {"type": "Feature", "properties": {"id": "versorggruen_2020.1300691591000000", "styp_id": "1300691591000000", "sst_name": "niedrige Bebauung mit Hausgärten", "voeff_name": "versorgter Bereich", "vpriv_name": "hoch: aufgelockerte Siedlungsbebauung", "versorg_sst": 1, "esst_name": "Low buildings with yards", "evoeff_name": "good availability", "evpriv_name": "high: loose settlement development"}, "geometry": {"type": "MultiPolygon", "coordinates": [[[[13.41575704, 52.4610305], [13.41679977, 52.46096992], [13.41697283, 52.46106413], [13.41740615, 52.46250123], [13.41623997, 52.46263084], [13.41575704, 52.4610305]]]]}}, {"type": "Feature", "properties": {"id": "versorggruen_2020.1300691631000000", "styp_id": "1300691631000000", "sst_name": "Blockrand- und Zeilenbebauung der 20er und 30er Jahre", "voeff_name": "versorgter Bereich", "vpriv_name": "mittel: Zeilen oder kompakte Siedlung", "versorg_sst": 2, "esst_name": "Block-edge and row development of the 1920s and 1930s", "evoeff_name": "good availability", "evpriv_name": "medium: row development or compact settlement"}, "geometry": {"type": "MultiPolygon", "coordinates": [[[[13.41971648, 52.46491789], [13.42046342, 52.46189929], [13.42187478, 52.4626067], [13.42164719, 52.46275516], [13.42144022, 52.46348394], [13.42136662, 52.46507264], [13.41971648, 52.46491789]]]]}}, {"type": "Feature", "properties": {"id": "versorggruen_2020.1300691641000200", "styp_id": "1300691641000200", "sst_name": "nicht oder gering bebaute Grün- und Freiflächen", "voeff_name": "versorgter Bereich", "vpriv_name": "hoch: aufgelockerte Siedlungsbebauung", "versorg_sst": 1, "esst_name": "Public green and open spaces with sparse or no development", "evoeff_name": "good availability", "evpriv_name": "high: loose settlement development"}, "geometry": {"type": "MultiPolygon", "coordinates": [[[[13.42051166, 52.46162928], [13.42089149, 52.46126149], [13.42177054, 52.46114249], [13.42198648, 52.46150639], [13.42205214, 52.46161219], [13.42214689, 52.46243642], [13.42051166, 52.46162928]]]]}}, {"type": "Feature", "properties": {"id": "versorggruen_2020.1300691641000300", "styp_id": "1300691641000300", "sst_name": "Zeilenbebauung seit den 50er Jahren", "voeff_name": "versorgter Bereich", "vpriv_name": "mittel: Zeilen oder kompakte Siedlung", "versorg_sst": 2, "esst_name": "Row development since the 1950s", "evoeff_name": "good availability", "evpriv_name": "medium: row development or compact settlement"}, "geometry": {"type": "MultiPolygon", "coordinates": [[[[13.42144772, 52.46064865], [13.42324942, 52.46040286], [13.42303334, 52.46132002], [13.42199081, 52.46151233], [13.42198648, 52.46150639], [13.42177054, 52.46114249], [13.42225471, 52.46107694], [13.42232077, 52.4611085], [13.42240158, 52.46113111], [13.42252958, 52.46113043], [13.42263122, 52.46110455], [13.42269021, 52.46107319], [13.42273165, 52.46101935], [13.42274075, 52.46096185], [13.42271891, 52.46091059], [13.42266765, 52.46086197], [13.42261335, 52.46083312], [13.42252368, 52.46081679], [13.42245455, 52.46081307], [13.42236621, 52.4608273], [13.42229841, 52.46085324], [13.42221712, 52.46093398], [13.42167877, 52.46100796], [13.42144772, 52.46064865]]]]}}, {"type": "Feature", "properties": {"id": "versorggruen_2020.1300691701000100", "styp_id": "1300691701000100", "sst_name": "Blockrandbebauung der Gründerzeit mit massiven Veränderungen", "voeff_name": "nicht versorgter Bereich", "vpriv_name": "gering: Blockrandbebauung", "versorg_sst": 12, "esst_name": "Wilhelminian-period block-edge development with major changes", "evoeff_name": "no availability", "evpriv_name": "low: Wilhelminian-period block-edge development"}, "geometry": {"type": "MultiPolygon", "coordinates": [[[[13.4007001, 52.46243096], [13.40297574, 52.46206905], [13.40305091, 52.46232391], [13.40095071, 52.46348974], [13.40083021, 52.46346165], [13.4007001, 52.46243096]]]]}}, {"type": "Feature", "properties": {"id": "versorggruen_2020.1300691721000100", "styp_id": "1300691721000100", "sst_name": "geringe Bebauung mit überwiegender Nutzung durch Gewerbe und Industrie", "voeff_name": "nicht versorgter Bereich", "vpriv_name": "gering: Blockrandbebauung", "versorg_sst": 12, "esst_name": "Sparse development with predominantly commercial and industrial use", "evoeff_name": "no availability", "evpriv_name": "low: Wilhelminian-period block-edge development"}, "geometry": {"type": "MultiPolygon", "coordinates": [[[[13.40478704, 52.46190367], [13.40421302, 52.45997633], [13.40428969, 52.45993402], [13.40520354, 52.46011791], [13.40592268, 52.46017407], [13.41000496, 52.4600153], [13.41014202, 52.46012387], [13.40929532, 52.4608011], [13.40930681, 52.46092994], [13.40897311, 52.46112477], [13.40859019, 52.46131111], [13.40810593, 52.46148206], [13.4075207, 52.46162738], [13.4057547, 52.46198919], [13.40569835, 52.46180047], [13.40478704, 52.46190367]]]]}}, {"type": "Feature", "properties": {"id": "versorggruen_2020.1300691761000000", "styp_id": "1300691761000000", "sst_name": "geringe Bebauung mit überwiegender Nutzung durch Gewerbe und Industrie", "voeff_name": "versorgter Bereich", "vpriv_name": "gering: Blockrandbebauung", "versorg_sst": 3, "esst_name": "Sparse development with predominantly commercial and industrial use", "evoeff_name": "good availability", "evpriv_name": "low: Wilhelminian-period block-edge development"}, "geometry": {"type": "MultiPolygon", "coordinates": [[[[13.41643022, 52.45949457], [13.41643888, 52.45940887], [13.42222379, 52.45785101], [13.42286819, 52.45853298], [13.42062721, 52.4593392], [13.41798628, 52.46032418], [13.41695698, 52.4598081], [13.41643022, 52.45949457]]]]}}, {"type": "Feature", "properties": {"id": "versorggruen_2020.1300691971000100", "styp_id": "1300691971000100", "sst_name": "dichte Bebauung mit überwiegender Nutzung durch Gewerbe und Industrie", "voeff_name": "nicht versorgter Bereich", "vpriv_name": "kein: alle anderen Strukturtypen", "versorg_sst": 12, "esst_name": "Dense development with predominantly commercial and industrial use", "evoeff_name": "no availability", "evpriv_name": "none: all other structure types"}, "geometry": {"type": "MultiPolygon", "coordinates": [[[[13.39978681, 52.45529423], [13.40405835, 52.45507719], [13.40927198, 52.45477463], [13.40962329, 52.45527782], [13.39987685, 52.45600902], [13.39978681, 52.45529423]]]]}}, {"type": "Feature", "properties": {"id": "versorggruen_2020.1300696011000300", "styp_id": "1300696011000300", "sst_name": "Bebauung mit überwiegender Nutzung durch Gemeinbedarf und Sondernutzung, Verkehrsflächen ohne Straßen", "voeff_name": "nicht versorgter Bereich", "vpriv_name": "mittel: Zeilen oder kompakte Siedlung", "versorg_sst": 11, "esst_name": "Development with predominantly public and special use or non-street traffic area", "evoeff_name": "no availability", "evpriv_name": "medium: row development or compact settlement"}, "geometry": {"type": "MultiPolygon", "coordinates": [[[[13.39053324, 52.48408521], [13.39050553, 52.48389026], [13.39045563, 52.4838927], [13.39040837, 52.48355586], [13.39037036, 52.48342822], [13.39031674, 52.48333151], [13.39023383, 52.48323642], [13.39014189, 52.4831624], [13.39001529, 52.48308247], [13.39095916, 52.48243565], [13.39207745, 52.48284687], [13.39239776, 52.4829561], [13.39291434, 52.48310499], [13.39341247, 52.48322027], [13.39404553, 52.48333107], [13.39472017, 52.48342936], [13.39583455, 52.48351937], [13.39692013, 52.48352952], [13.39794608, 52.4834757], [13.39835698, 52.48343427], [13.39905174, 52.48335082], [13.40066707, 52.48303031], [13.40096022, 52.48347218], [13.39993867, 52.48357097], [13.39940196, 52.48368991], [13.39832787, 52.4837681], [13.39426783, 52.48383066], [13.39416962, 52.48383215], [13.39317835, 52.48394882], [13.39053324, 52.48408521]]]]}}, {"type": "Feature", "properties": {"id": "versorggruen_2020.1300696011001700", "styp_id": "1300696011001700", "sst_name": "nicht oder gering bebaute Grün- und Freiflächen", "voeff_name": "versorgter Bereich", "vpriv_name": "hoch: aufgelockerte Siedlungsbebauung", "versorg_sst": 1, "esst_name": "Public green and open spaces with sparse or no development", "evoeff_name": "good availability", "evpriv_name": "high: loose settlement development"}, "geometry": {"type": "MultiPolygon", "coordinates": [[[[13.39178234, 52.47468086], [13.39066018, 52.47463142], [13.3904888, 52.47464805], [13.39031215, 52.47470253], [13.39025284, 52.47473253], [13.39015678, 52.4748123], [13.3900903, 52.47493227], [13.39009839, 52.47502955], [13.39017268, 52.47522728], [13.39026283, 52.47541574], [13.39038342, 52.4756212], [13.3905272, 52.47582935], [13.39249085, 52.47850048], [13.39263938, 52.47868499], [13.39281911, 52.47887628], [13.39297578, 52.47901302], [13.39325217, 52.47923181], [13.39352218, 52.47940215], [13.39377738, 52.47953874], [13.3940368, 52.47965941], [13.39437729, 52.47979043], [13.39473946, 52.47990361], [13.39503913, 52.4799769], [13.3954086, 52.48004936], [13.39573829, 52.48009644], [13.39615709, 52.48013406], [13.39645908, 52.48014348], [13.39676146, 52.48014226], [13.39714017, 52.48012077], [13.39751641, 52.48008681], [13.3977466, 52.48009361], [13.40101294, 52.47989697], [13.40150494, 52.48006992], [13.40244751, 52.48214275], [13.4025016, 52.48235957], [13.40184062, 52.48259796], [13.40077379, 52.48294048], [13.40070941, 52.48281764], [13.40047902, 52.48218367], [13.3988425, 52.48241712], [13.39830314, 52.48089847], [13.39766993, 52.48098219], [13.39734914, 52.48100979], [13.39690353, 52.48103215], [13.39655156, 52.48103803], [13.39621462, 52.48102991], [13.39577657, 52.48100445], [13.39545996, 52.48097292], [13.39552668, 52.48076144], [13.39547166, 52.48075537], [13.39561914, 52.48029766], [13.39532259, 52.48025587], [13.39475999, 52.48013819], [13.39449222, 52.4800671], [13.39410157, 52.47993755], [13.39367206, 52.47975778], [13.39352425, 52.4796844], [13.39324143, 52.47952791], [13.39299985, 52.47937642], [13.39275517, 52.47919028], [13.39251235, 52.47897528], [13.39225495, 52.47868925], [13.3913415, 52.47743973], [13.39116154, 52.47721883], [13.38924754, 52.47716431], [13.38927211, 52.47691358], [13.38858409, 52.4768948], [13.38864855, 52.47619648], [13.38796027, 52.47617047], [13.38771297, 52.47591288], [13.38776753, 52.47589232], [13.3875941, 52.47571403], [13.38763317, 52.47570063], [13.3875592, 52.47563668], [13.38764248, 52.47541594], [13.3881246, 52.47452189], [13.3873994, 52.47449224], [13.38744219, 52.47410861], [13.38833972, 52.47414499], [13.38842016, 52.47400996], [13.38856869, 52.47275415], [13.38882709, 52.47276415], [13.38885433, 52.47265701], [13.3888908, 52.47258757], [13.38894795, 52.47253265], [13.38959174, 52.47218229], [13.38963797, 52.47213733], [13.38967308, 52.47207903], [13.38968354, 52.47201215], [13.38954134, 52.4716841], [13.38917162, 52.470928], [13.38887825, 52.47092647], [13.38889306, 52.47059282], [13.38938412, 52.47046852], [13.39147996, 52.4705226], [13.39279593, 52.47055423], [13.39228886, 52.47100793], [13.39191357, 52.47099745], [13.39192365, 52.47102464], [13.39179191, 52.4710685], [13.39163982, 52.47113914], [13.39147234, 52.47125185], [13.3912495, 52.47143989], [13.39091712, 52.4718226], [13.39063, 52.47220769], [13.39043822, 52.47252621], [13.3903728, 52.47265907], [13.39026936, 52.4728837], [13.39014579, 52.473201], [13.39003377, 52.47364702], [13.38999992, 52.47386209], [13.3899793, 52.47421803], [13.39113118, 52.47426938], [13.39187676, 52.47430161], [13.39182936, 52.47468293], [13.39178234, 52.47468086]]]]}}, {"type": "Feature", "properties": {"id": "versorggruen_2020.1300696091000100", "styp_id": "1300696091000100", "sst_name": "Bebauung mit überwiegender Nutzung durch Gemeinbedarf und Sondernutzung, Verkehrsflächen ohne Straßen", "voeff_name": "versorgter Bereich", "vpriv_name": "mittel: Zeilen oder kompakte Siedlung", "versorg_sst": 2, "esst_name": "Development with predominantly public and special use or non-street traffic area", "evoeff_name": "good availability", "evpriv_name": "medium: row development or compact settlement"}, "geometry": {"type": "MultiPolygon", "coordinates": [[[[13.41788894, 52.46475909], [13.4182319, 52.4633872], [13.41981786, 52.46353629], [13.41975611, 52.46374203], [13.41947677, 52.46489051], [13.41788894, 52.46475909]]]]}}, {"type": "Feature", "properties": {"id": "versorggruen_2020.1300696091000200", "styp_id": "1300696091000200", "sst_name": "Blockrand- und Zeilenbebauung der 20er und 30er Jahre", "voeff_name": "versorgter Bereich", "vpriv_name": "mittel: Zeilen oder kompakte Siedlung", "versorg_sst": 2, "esst_name": "Block-edge and row development of the 1920s and 1930s", "evoeff_name": "good availability", "evpriv_name": "medium: row development or compact settlement"}, "geometry": {"type": "MultiPolygon", "coordinates": [[[[13.41835606, 52.46295023], [13.41855846, 52.46212282], [13.42013118, 52.46226145], [13.41991225, 52.46310004], [13.41835606, 52.46295023]]]]}}, {"type": "Feature", "properties": {"id": "versorggruen_2020.1300696101000000", "styp_id": "1300696101000000", "sst_name": "Blockrand- und Zeilenbebauung der 20er und 30er Jahre", "voeff_name": "versorgter Bereich", "vpriv_name": "mittel: Zeilen oder kompakte Siedlung", "versorg_sst": 2, "esst_name": "Block-edge and row development of the 1920s and 1930s", "evoeff_name": "good availability", "evpriv_name": "medium: row development or compact settlement"}, "geometry": {"type": "MultiPolygon", "coordinates": [[[[13.41884154, 52.4610593], [13.42025384, 52.46178942], [13.42014877, 52.46214987], [13.41858836, 52.46202222], [13.41884154, 52.4610593]]]]}}, {"type": "Feature", "properties": {"id": "versorggruen_2020.1400750011000000", "styp_id": "1400750011000000", "sst_name": "Blockbebauung der Gründerzeit mit Seitenflügeln und Hinterhäusern", "voeff_name": "nicht versorgter Bereich", "vpriv_name": "gering: Blockrandbebauung", "versorg_sst": 12, "esst_name": "Wilhelminian-period block development with wings and rear buildings (until 1918)", "evoeff_name": "no availability", "evpriv_name": "low: Wilhelminian-period block-edge development"}, "geometry": {"type": "MultiPolygon", "coordinates": [[[[13.42079233, 52.49547291], [13.42159609, 52.49419947], [13.42470054, 52.49448633], [13.42230962, 52.4952719], [13.42086759, 52.49551911], [13.42079233, 52.49547291]]]]}}, {"type": "Feature", "properties": {"id": "versorggruen_2020.1400750021000000", "styp_id": "1400750021000000", "sst_name": "Blockbebauung der Gründerzeit mit Seitenflügeln und Hinterhäusern", "voeff_name": "nicht versorgter Bereich", "vpriv_name": "gering: Blockrandbebauung", "versorg_sst": 12, "esst_name": "Wilhelminian-period block development with wings and rear buildings (until 1918)", "evoeff_name": "no availability", "evpriv_name": "low: Wilhelminian-period block-edge development"}, "geometry": {"type": "MultiPolygon", "coordinates": [[[[13.42171612, 52.49403432], [13.42229623, 52.49308006], [13.42317377, 52.49315867], [13.4229966, 52.49416011], [13.42171612, 52.49403432]]]]}}, {"type": "Feature", "properties": {"id": "versorggruen_2020.1400750031000000", "styp_id": "1400750031000000", "sst_name": "Blockbebauung der Gründerzeit mit Seitenflügeln und Hinterhäusern", "voeff_name": "nicht versorgter Bereich", "vpriv_name": "gering: Blockrandbebauung", "versorg_sst": 12, "esst_name": "Wilhelminian-period block development with wings and rear buildings (until 1918)", "evoeff_name": "no availability", "evpriv_name": "low: Wilhelminian-period block-edge development"}, "geometry": {"type": "MultiPolygon", "coordinates": [[[[13.42327739, 52.49418263], [13.42345595, 52.49317641], [13.42533976, 52.49334852], [13.42506233, 52.49434734], [13.42327739, 52.49418263]]]]}}, {"type": "Feature", "properties": {"id": "versorggruen_2020.1400750041000000", "styp_id": "1400750041000000", "sst_name": "Blockbebauung der Gründerzeit mit Seitenflügeln und Hinterhäusern", "voeff_name": "nicht versorgter Bereich", "vpriv_name": "gering: Blockrandbebauung", "versorg_sst": 12, "esst_name": "Wilhelminian-period block development with wings and rear buildings (until 1918)", "evoeff_name": "no availability", "evpriv_name": "low: Wilhelminian-period block-edge development"}, "geometry": {"type": "MultiPolygon", "coordinates": [[[[13.42537567, 52.49427195], [13.42560449, 52.49337346], [13.42758195, 52.4935507], [13.42537567, 52.49427195]]]]}}, {"type": "Feature", "properties": {"id": "versorggruen_2020.1400750051000000", "styp_id": "1400750051000000", "sst_name": "Blockbebauung der Gründerzeit mit Seitenflügeln und Hinterhäusern", "voeff_name": "nicht versorgter Bereich", "vpriv_name": "gering: Blockrandbebauung", "versorg_sst": 12, "esst_name": "Wilhelminian-period block development with wings and rear buildings (until 1918)", "evoeff_name": "no availability", "evpriv_name": "low: Wilhelminian-period block-edge development"}, "geometry": {"type": "MultiPolygon", "coordinates": [[[[13.42785051, 52.49272576], [13.4279237, 52.49340432], [13.4256534, 52.493207], [13.42582894, 52.49254845], [13.42785051, 52.49272576]]]]}}, {"type": "Feature", "properties": {"id": "versorggruen_2020.1400750061000000", "styp_id": "1400750061000000", "sst_name": "Blockbebauung der Gründerzeit mit Seitenflügeln und Hinterhäusern", "voeff_name": "nicht versorgter Bereich", "vpriv_name": "gering: Blockrandbebauung", "versorg_sst": 12, "esst_name": "Wilhelminian-period block development with wings and rear buildings (until 1918)", "evoeff_name": "no availability", "evpriv_name": "low: Wilhelminian-period block-edge development"}, "geometry": {"type": "MultiPolygon", "coordinates": [[[[13.42240591, 52.49292208], [13.42280795, 52.49226316], [13.42555112, 52.49251319], [13.42538065, 52.49318204], [13.42240591, 52.49292208]]]]}}, {"type": "Feature", "properties": {"id": "versorggruen_2020.1400750071000000", "styp_id": "1400750071000000", "sst_name": "Blockbebauung der Gründerzeit mit Seitenflügeln und Hinterhäusern", "voeff_name": "nicht versorgter Bereich", "vpriv_name": "gering: Blockrandbebauung", "versorg_sst": 12, "esst_name": "Wilhelminian-period block development with wings and rear buildings (until 1918)", "evoeff_name": "no availability", "evpriv_name": "low: Wilhelminian-period block-edge development"}, "geometry": {"type": "MultiPolygon", "coordinates": [[[[13.42292663, 52.49206836], [13.42347842, 52.49117694], [13.42586539, 52.4913949], [13.42560649, 52.49231648], [13.42292663, 52.49206836]]]]}}, {"type": "Feature", "properties": {"id": "versorggruen_2020.1400750081000000", "styp_id": "1400750081000000", "sst_name": "Blockbebauung der Gründerzeit mit Seitenflügeln und Hinterhäusern", "voeff_name": "schlecht versorgter Bereich", "vpriv_name": "gering: Blockrandbebauung", "versorg_sst": 9, "esst_name": "Wilhelminian-period block development with wings and rear buildings (until 1918)", "evoeff_name": "poor availability", "evpriv_name": "low: Wilhelminian-period block-edge development"}, "geometry": {"type": "MultiPolygon", "coordinates": [[[[13.42615234, 52.49142504], [13.42770786, 52.49156786], [13.42784488, 52.49252336], [13.42588613, 52.49233763], [13.42615234, 52.49142504]]]]}}, {"type": "Feature", "properties": {"id": "versorggruen_2020.1400750091000000", "styp_id": "1400750091000000", "sst_name": "Blockbebauung der Gründerzeit mit Seitenflügeln und Hinterhäusern", "voeff_name": "schlecht versorgter Bereich", "vpriv_name": "gering: Blockrandbebauung", "versorg_sst": 9, "esst_name": "Wilhelminian-period block development with wings and rear buildings (until 1918)", "evoeff_name": "poor availability", "evpriv_name": "low: Wilhelminian-period block-edge development"}, "geometry": {"type": "MultiPolygon", "coordinates": [[[[13.42810235, 52.4915838], [13.42902155, 52.49146851], [13.42921475, 52.49172136], [13.43032427, 52.49250683], [13.43028682, 52.49265235], [13.42829198, 52.49328348], [13.42810235, 52.4915838]]]]}}, {"type": "Feature", "properties": {"id": "versorggruen_2020.1400750101000000", "styp_id": "1400750101000000", "sst_name": "dichte Bebauung mit überwiegender Nutzung durch Gewerbe und Industrie", "voeff_name": "schlecht versorgter Bereich", "vpriv_name": "kein: alle anderen Strukturtypen", "versorg_sst": 9, "esst_name": "Dense development with predominantly commercial and industrial use", "evoeff_name": "poor availability", "evpriv_name": "none: all other structure types"}, "geometry": {"type": "MultiPolygon", "coordinates": [[[[13.43071, 52.49251017], [13.43014944, 52.49209496], [13.43231524, 52.49140388], [13.43277111, 52.49185934], [13.43071, 52.49251017]]]]}}, {"type": "Feature", "properties": {"id": "versorggruen_2020.1400750111000000", "styp_id": "1400750111000000", "sst_name": "Blockbebauung der Gründerzeit mit Seitenflügeln und Hinterhäusern", "voeff_name": "schlecht versorgter Bereich", "vpriv_name": "gering: Blockrandbebauung", "versorg_sst": 9, "esst_name": "Wilhelminian-period block development with wings and rear buildings (until 1918)", "evoeff_name": "poor availability", "evpriv_name": "low: Wilhelminian-period block-edge development"}, "geometry": {"type": "MultiPolygon", "coordinates": [[[[13.4292927, 52.49141055], [13.43047153, 52.49117797], [13.43167041, 52.49073601], [13.43218343, 52.49124729], [13.42994392, 52.49195982], [13.42946254, 52.49161932], [13.4292927, 52.49141055]]]]}}, {"type": "Feature", "properties": {"id": "versorggruen_2020.1400750121000000", "styp_id": "1400750121000000", "sst_name": "Blockbebauung der Gründerzeit mit Seitenflügeln und Hinterhäusern", "voeff_name": "schlecht versorgter Bereich", "vpriv_name": "gering: Blockrandbebauung", "versorg_sst": 9, "esst_name": "Wilhelminian-period block development with wings and rear buildings (until 1918)", "evoeff_name": "poor availability", "evpriv_name": "low: Wilhelminian-period block-edge development"}, "geometry": {"type": "MultiPolygon", "coordinates": [[[[13.42776793, 52.49032781], [13.42885592, 52.49031975], [13.42889008, 52.49123824], [13.427993, 52.49134637], [13.42776793, 52.49032781]]]]}}, {"type": "Feature", "properties": {"id": "versorggruen_2020.1400750131000000", "styp_id": "1400750131000000", "sst_name": "Blockrandbebauung der Gründerzeit mit massiven Veränderungen", "voeff_name": "schlecht versorgter Bereich", "vpriv_name": "gering: Blockrandbebauung", "versorg_sst": 9, "esst_name": "Wilhelminian-period block-edge development with major changes", "evoeff_name": "poor availability", "evpriv_name": "low: Wilhelminian-period block-edge development"}, "geometry": {"type": "MultiPolygon", "coordinates": [[[[13.42619143, 52.49124807], [13.4264669, 52.49023935], [13.42746612, 52.4903282], [13.42770603, 52.49131983], [13.42762326, 52.49139158], [13.42619143, 52.49124807]]]]}}, {"type": "Feature", "properties": {"id": "versorggruen_2020.1400750141000000", "styp_id": "1400750141000000", "sst_name": "Blockbebauung der Gründerzeit mit Seitenflügeln und Hinterhäusern", "voeff_name": "nicht versorgter Bereich", "vpriv_name": "gering: Blockrandbebauung", "versorg_sst": 12, "esst_name": "Wilhelminian-period block development with wings and rear buildings (until 1918)", "evoeff_name": "no availability", "evpriv_name": "low: Wilhelminian-period block-edge development"}, "geometry": {"type": "MultiPolygon", "coordinates": [[[[13.4235808, 52.49100547], [13.42419772, 52.49003149], [13.42619468, 52.49020923], [13.42591477, 52.49122154], [13.4235808, 52.49100547]]]]}}, {"type": "Feature", "properties": {"id": "versorggruen_2020.1400750151000000", "styp_id": "1400750151000000", "sst_name": "Blockbebauung der Gründerzeit mit Seitenflügeln und Hinterhäusern", "voeff_name": "nicht versorgter Bereich", "vpriv_name": "gering: Blockrandbebauung", "versorg_sst": 12, "esst_name": "Wilhelminian-period block development with wings and rear buildings (until 1918)", "evoeff_name": "no availability", "evpriv_name": "low: Wilhelminian-period block-edge development"}, "geometry": {"type": "MultiPolygon", "coordinates": [[[[13.4243001, 52.48985733], [13.42529517, 52.48827379], [13.42669927, 52.48834537], [13.42623228, 52.49003495], [13.4243001, 52.48985733]]]]}}, {"type": "Feature", "properties": {"id": "versorggruen_2020.1400750161000000", "styp_id": "1400750161000000", "sst_name": "Blockbebauung der Gründerzeit mit Seitenflügeln und Hinterhäusern", "voeff_name": "schlecht versorgter Bereich", "vpriv_name": "gering: Blockrandbebauung", "versorg_sst": 9, "esst_name": "Wilhelminian-period block development with wings and rear buildings (until 1918)", "evoeff_name": "poor availability", "evpriv_name": "low: Wilhelminian-period block-edge development"}, "geometry": {"type": "MultiPolygon", "coordinates": [[[[13.42697447, 52.48836381], [13.42777957, 52.48840111], [13.427439, 52.49014034], [13.42651188, 52.49006059], [13.42697447, 52.48836381]]]]}}, {"type": "Feature", "properties": {"id": "versorggruen_2020.1400750171000000", "styp_id": "1400750171000000", "sst_name": "Blockbebauung der Gründerzeit mit Seitenflügeln und Hinterhäusern", "voeff_name": "schlecht versorgter Bereich", "vpriv_name": "gering: Blockrandbebauung", "versorg_sst": 9, "esst_name": "Wilhelminian-period block development with wings and rear buildings (until 1918)", "evoeff_name": "poor availability", "evpriv_name": "low: Wilhelminian-period block-edge development"}, "geometry": {"type": "MultiPolygon", "coordinates": [[[[13.42771422, 52.49015878], [13.42805183, 52.48841864], [13.42880118, 52.48841181], [13.42886552, 52.49015082], [13.42771422, 52.49015878]]]]}}, {"type": "Feature", "properties": {"id": "versorggruen_2020.1400750181000000", "styp_id": "1400750181000000", "sst_name": "Blockbebauung der Gründerzeit mit Seitenflügeln und Hinterhäusern", "voeff_name": "schlecht versorgter Bereich", "vpriv_name": "gering: Blockrandbebauung", "versorg_sst": 9, "esst_name": "Wilhelminian-period block development with wings and rear buildings (until 1918)", "evoeff_name": "poor availability", "evpriv_name": "low: Wilhelminian-period block-edge development"}, "geometry": {"type": "MultiPolygon", "coordinates": [[[[13.4304778, 52.48943997], [13.43158723, 52.49056962], [13.4303692, 52.49101514], [13.42923011, 52.49125049], [13.42922881, 52.48989891], [13.4304778, 52.48943997]]]]}}, {"type": "Feature", "properties": {"id": "versorggruen_2020.1400750191000000", "styp_id": "1400750191000000", "sst_name": "Blockbebauung der Gründerzeit mit Seitenflügeln und Hinterhäusern", "voeff_name": "schlecht versorgter Bereich", "vpriv_name": "gering: Blockrandbebauung", "versorg_sst": 9, "esst_name": "Wilhelminian-period block development with wings and rear buildings (until 1918)", "evoeff_name": "poor availability", "evpriv_name": "low: Wilhelminian-period block-edge development"}, "geometry": {"type": "MultiPolygon", "coordinates": [[[[13.43382447, 52.49001612], [13.4343477, 52.49055437], [13.43250039, 52.49115076], [13.43202404, 52.4906683], [13.43382447, 52.49001612]]]]}}, {"type": "Feature", "properties": {"id": "versorggruen_2020.1400750201000000", "styp_id": "1400750201000000", "sst_name": "Blockbebauung der Gründerzeit mit Seitenflügeln und Hinterhäusern", "voeff_name": "schlecht versorgter Bereich", "vpriv_name": "gering: Blockrandbebauung", "versorg_sst": 9, "esst_name": "Wilhelminian-period block development with wings and rear buildings (until 1918)", "evoeff_name": "poor availability", "evpriv_name": "low: Wilhelminian-period block-edge development"}, "geometry": {"type": "MultiPolygon", "coordinates": [[[[13.43264696, 52.49130018], [13.43448543, 52.49070467], [13.43493245, 52.49116551], [13.43309392, 52.49177091], [13.43264696, 52.49130018]]]]}}, {"type": "Feature", "properties": {"id": "versorggruen_2020.1400750221000000", "styp_id": "1400750221000000", "sst_name": "Blockbebauung der Gründerzeit mit Seitenflügeln und Hinterhäusern", "voeff_name": "schlecht versorgter Bereich", "vpriv_name": "gering: Blockrandbebauung", "versorg_sst": 9, "esst_name": "Wilhelminian-period block development with wings and rear buildings (until 1918)", "evoeff_name": "poor availability", "evpriv_name": "low: Wilhelminian-period block-edge development"}, "geometry": {"type": "MultiPolygon", "coordinates": [[[[13.4328411, 52.48899993], [13.43364125, 52.4898343], [13.43183493, 52.49048646], [13.43103181, 52.48966466], [13.4328411, 52.48899993]]]]}}, {"type": "Feature", "properties": {"id": "versorggruen_2020.1400750241000100", "styp_id": "1400750241000100", "sst_name": "Bebauung mit überwiegender Nutzung durch Gemeinbedarf und Sondernutzung, Verkehrsflächen ohne Straßen", "voeff_name": "schlecht versorgter Bereich", "vpriv_name": "mittel: Zeilen oder kompakte Siedlung", "versorg_sst": 8, "esst_name": "Development with predominantly public and special use or non-street traffic area", "evoeff_name": "poor availability", "evpriv_name": "medium: row development or compact settlement"}, "geometry": {"type": "MultiPolygon", "coordinates": [[[[13.43001804, 52.48864398], [13.43094802, 52.4883084], [13.43181086, 52.48917572], [13.43088084, 52.48951343], [13.43001804, 52.48864398]]]]}}, {"type": "Feature", "properties": {"id": "versorggruen_2020.1400750241000200", "styp_id": "1400750241000200", "sst_name": "Blockbebauung der Gründerzeit mit Seitenflügeln und Hinterhäusern", "voeff_name": "schlecht versorgter Bereich", "vpriv_name": "gering: Blockrandbebauung", "versorg_sst": 9, "esst_name": "Wilhelminian-period block development with wings and rear buildings (until 1918)", "evoeff_name": "poor availability", "evpriv_name": "low: Wilhelminian-period block-edge development"}, "geometry": {"type": "MultiPolygon", "coordinates": [[[[13.43001804, 52.48864398], [13.42959993, 52.48822263], [13.43146653, 52.4875733], [13.43185695, 52.48797877], [13.43094802, 52.4883084], [13.43001804, 52.48864398]]]]}}, {"type": "Feature", "properties": {"id": "versorggruen_2020.1400750251000200", "styp_id": "1400750251000200", "sst_name": "Blockrandbebauung der Gründerzeit mit massiven Veränderungen", "voeff_name": "schlecht versorgter Bereich", "vpriv_name": "gering: Blockrandbebauung", "versorg_sst": 9, "esst_name": "Wilhelminian-period block-edge development with major changes", "evoeff_name": "poor availability", "evpriv_name": "low: Wilhelminian-period block-edge development"}, "geometry": {"type": "MultiPolygon", "coordinates": [[[[13.4318027, 52.48745523], [13.43253343, 52.48720291], [13.43330628, 52.48800067], [13.43344236, 52.48814663], [13.43364413, 52.48808791], [13.43484652, 52.48937049], [13.43399505, 52.48972434], [13.4318027, 52.48745523]]]]}}, {"type": "Feature", "properties": {"id": "versorggruen_2020.1400750281000000", "styp_id": "1400750281000000", "sst_name": "Blockbebauung der Gründerzeit mit Seitenflügeln und Hinterhäusern", "voeff_name": "versorgter Bereich", "vpriv_name": "gering: Blockrandbebauung", "versorg_sst": 3, "esst_name": "Wilhelminian-period block development with wings and rear buildings (until 1918)", "evoeff_name": "good availability", "evpriv_name": "low: Wilhelminian-period block-edge development"}, "geometry": {"type": "MultiPolygon", "coordinates": [[[[13.4400994, 52.4892183], [13.44061608, 52.48783607], [13.44070363, 52.48767176], [13.44079939, 52.48765304], [13.44194699, 52.48851125], [13.44045243, 52.48928805], [13.4400994, 52.4892183]]]]}}, {"type": "Feature", "properties": {"id": "versorggruen_2020.1400750291000000", "styp_id": "1400750291000000", "sst_name": "hohe Bebauung der Nachkriegszeit", "voeff_name": "versorgter Bereich", "vpriv_name": "mittel: Zeilen oder kompakte Siedlung", "versorg_sst": 2, "esst_name": "Postwar high-rise development", "evoeff_name": "good availability", "evpriv_name": "medium: row development or compact settlement"}, "geometry": {"type": "MultiPolygon", "coordinates": [[[[13.44216682, 52.48839567], [13.44086801, 52.48743837], [13.44122427, 52.48708755], [13.44175123, 52.48674778], [13.44253756, 52.48634012], [13.44401678, 52.48745675], [13.44216682, 52.48839567]]]]}}, {"type": "Feature", "properties": {"id": "versorggruen_2020.1400750301000000", "styp_id": "1400750301000000", "sst_name": "Blockrand- und Zeilenbebauung der 20er und 30er Jahre", "voeff_name": "schlecht versorgter Bereich", "vpriv_name": "mittel: Zeilen oder kompakte Siedlung", "versorg_sst": 8, "esst_name": "Block-edge and row development of the 1920s and 1930s", "evoeff_name": "poor availability", "evpriv_name": "medium: row development or compact settlement"}, "geometry": {"type": "MultiPolygon", "coordinates": [[[[13.44444072, 52.48746279], [13.44526095, 52.48703989], [13.44604613, 52.48762252], [13.44716244, 52.48837241], [13.44748626, 52.48860964], [13.44677085, 52.48895903], [13.44444072, 52.48746279]]]]}}, {"type": "Feature", "properties": {"id": "versorggruen_2020.1400750311000000", "styp_id": "1400750311000000", "sst_name": "Blockrand- und Zeilenbebauung der 20er und 30er Jahre", "voeff_name": "schlecht versorgter Bereich", "vpriv_name": "mittel: Zeilen oder kompakte Siedlung", "versorg_sst": 8, "esst_name": "Block-edge and row development of the 1920s and 1930s", "evoeff_name": "poor availability", "evpriv_name": "medium: row development or compact settlement"}, "geometry": {"type": "MultiPolygon", "coordinates": [[[[13.44629359, 52.48650766], [13.44854262, 52.48804059], [13.44771426, 52.48847792], [13.44639873, 52.48758154], [13.44549403, 52.48692162], [13.44629359, 52.48650766]]]]}}, {"type": "Feature", "properties": {"id": "versorggruen_2020.1400750331000000", "styp_id": "1400750331000000", "sst_name": "Blockrand- und Zeilenbebauung der 20er und 30er Jahre", "voeff_name": "schlecht versorgter Bereich", "vpriv_name": "mittel: Zeilen oder kompakte Siedlung", "versorg_sst": 8, "esst_name": "Block-edge and row development of the 1920s and 1930s", "evoeff_name": "poor availability", "evpriv_name": "medium: row development or compact settlement"}, "geometry": {"type": "MultiPolygon", "coordinates": [[[[13.44432071, 52.48729276], [13.44393029, 52.48701358], [13.44476812, 52.48660508], [13.44513353, 52.48688063], [13.44432071, 52.48729276]]]]}}, {"type": "Feature", "properties": {"id": "versorggruen_2020.1400750341000000", "styp_id": "1400750341000000", "sst_name": "Blockbebauung der Gründerzeit mit Seitenflügeln und Hinterhäusern", "voeff_name": "schlecht versorgter Bereich", "vpriv_name": "gering: Blockrandbebauung", "versorg_sst": 9, "esst_name": "Wilhelminian-period block development with wings and rear buildings (until 1918)", "evoeff_name": "poor availability", "evpriv_name": "low: Wilhelminian-period block-edge development"}, "geometry": {"type": "MultiPolygon", "coordinates": [[[[13.44466332, 52.48524705], [13.44613813, 52.48636634], [13.44537251, 52.48675878], [13.44481768, 52.48636791], [13.44378509, 52.48688215], [13.44284001, 52.48617704], [13.44466332, 52.48524705]]]]}}, {"type": "Feature", "properties": {"id": "versorggruen_2020.1400750361000000", "styp_id": "1400750361000000", "sst_name": "Blockbebauung der Gründerzeit mit Seitenflügeln und Hinterhäusern", "voeff_name": "schlecht versorgter Bereich", "vpriv_name": "gering: Blockrandbebauung", "versorg_sst": 9, "esst_name": "Wilhelminian-period block development with wings and rear buildings (until 1918)", "evoeff_name": "poor availability", "evpriv_name": "low: Wilhelminian-period block-edge development"}, "geometry": {"type": "MultiPolygon", "coordinates": [[[[13.4369651, 52.48717965], [13.43853459, 52.48643357], [13.43896811, 52.48626262], [13.43982943, 52.48692], [13.43791008, 52.4878929], [13.4369651, 52.48717965]]]]}}, {"type": "Feature", "properties": {"id": "versorggruen_2020.1400750371000000", "styp_id": "1400750371000000", "sst_name": "Blockbebauung der Gründerzeit mit Seitenflügeln und Hinterhäusern", "voeff_name": "schlecht versorgter Bereich", "vpriv_name": "gering: Blockrandbebauung", "versorg_sst": 9, "esst_name": "Wilhelminian-period block development with wings and rear buildings (until 1918)", "evoeff_name": "poor availability", "evpriv_name": "low: Wilhelminian-period block-edge development"}, "geometry": {"type": "MultiPolygon", "coordinates": [[[[13.43558443, 52.4861242], [13.43751552, 52.48515585], [13.43879791, 52.48613204], [13.43830692, 52.48631729], [13.43771249, 52.48659492], [13.43681109, 52.48705], [13.43558443, 52.4861242]]]]}}, {"type": "Feature", "properties": {"id": "versorggruen_2020.1400750391000000", "styp_id": "1400750391000000", "sst_name": "Blockbebauung der Gründerzeit mit Seitenflügeln und Hinterhäusern", "voeff_name": "schlecht versorgter Bereich", "vpriv_name": "gering: Blockrandbebauung", "versorg_sst": 9, "esst_name": "Wilhelminian-period block development with wings and rear buildings (until 1918)", "evoeff_name": "poor availability", "evpriv_name": "low: Wilhelminian-period block-edge development"}, "geometry": {"type": "MultiPolygon", "coordinates": [[[[13.43319626, 52.48522705], [13.43377123, 52.48502579], [13.43517092, 52.48609118], [13.43433201, 52.48638997], [13.43319626, 52.48522705]]]]}}, {"type": "Feature", "properties": {"id": "versorggruen_2020.1400750401000000", "styp_id": "1400750401000000", "sst_name": "Blockbebauung der Gründerzeit mit Seitenflügeln und Hinterhäusern", "voeff_name": "schlecht versorgter Bereich", "vpriv_name": "gering: Blockrandbebauung", "versorg_sst": 9, "esst_name": "Wilhelminian-period block development with wings and rear buildings (until 1918)", "evoeff_name": "poor availability", "evpriv_name": "low: Wilhelminian-period block-edge development"}, "geometry": {"type": "MultiPolygon", "coordinates": [[[[13.43169978, 52.48576109], [13.4329456, 52.485321], [13.43407405, 52.48646953], [13.4328091, 52.48690421], [13.43169978, 52.48576109]]]]}}, {"type": "Feature", "properties": {"id": "versorggruen_2020.1400750411000000", "styp_id": "1400750411000000", "sst_name": "Blockbebauung der Gründerzeit mit Seitenflügeln und Hinterhäusern", "voeff_name": "schlecht versorgter Bereich", "vpriv_name": "gering: Blockrandbebauung", "versorg_sst": 9, "esst_name": "Wilhelminian-period block development with wings and rear buildings (until 1918)", "evoeff_name": "poor availability", "evpriv_name": "low: Wilhelminian-period block-edge development"}, "geometry": {"type": "MultiPolygon", "coordinates": [[[[13.43055569, 52.48616], [13.43145357, 52.48584606], [13.43256879, 52.4869847], [13.43166791, 52.48730853], [13.43055569, 52.48616]]]]}}, {"type": "Feature", "properties": {"id": "versorggruen_2020.1400750421000000", "styp_id": "1400750421000000", "sst_name": "Blockbebauung der Gründerzeit mit Seitenflügeln und Hinterhäusern", "voeff_name": "schlecht versorgter Bereich", "vpriv_name": "gering: Blockrandbebauung", "versorg_sst": 9, "esst_name": "Wilhelminian-period block development with wings and rear buildings (until 1918)", "evoeff_name": "poor availability", "evpriv_name": "low: Wilhelminian-period block-edge development"}, "geometry": {"type": "MultiPolygon", "coordinates": [[[[13.42914623, 52.48664383], [13.4302092, 52.48628434], [13.43131999, 52.48742119], [13.42945779, 52.48807681], [13.42918368, 52.48781305], [13.42914623, 52.48664383]]]]}}, {"type": "Feature", "properties": {"id": "versorggruen_2020.1400750431000000", "styp_id": "1400750431000000", "sst_name": "Blockbebauung der Gründerzeit mit Seitenflügeln und Hinterhäusern", "voeff_name": "schlecht versorgter Bereich", "vpriv_name": "gering: Blockrandbebauung", "versorg_sst": 9, "esst_name": "Wilhelminian-period block development with wings and rear buildings (until 1918)", "evoeff_name": "poor availability", "evpriv_name": "low: Wilhelminian-period block-edge development"}, "geometry": {"type": "MultiPolygon", "coordinates": [[[[13.42810083, 52.48701952], [13.4287541, 52.48676719], [13.42880048, 52.48824107], [13.42807912, 52.48824435], [13.42810083, 52.48701952]]]]}}, {"type": "Feature", "properties": {"id": "versorggruen_2020.1400750441000000", "styp_id": "1400750441000000", "sst_name": "Blockbebauung der Gründerzeit mit Seitenflügeln und Hinterhäusern", "voeff_name": "schlecht versorgter Bereich", "vpriv_name": "gering: Blockrandbebauung", "versorg_sst": 9, "esst_name": "Wilhelminian-period block development with wings and rear buildings (until 1918)", "evoeff_name": "poor availability", "evpriv_name": "low: Wilhelminian-period block-edge development"}, "geometry": {"type": "MultiPolygon", "coordinates": [[[[13.42702825, 52.48819136], [13.42711445, 52.48736114], [13.4278207, 52.4871143], [13.42780243, 52.48822861], [13.42702825, 52.48819136]]]]}}, {"type": "Feature", "properties": {"id": "versorggruen_2020.1400750451000000", "styp_id": "1400750451000000", "sst_name": "Blockbebauung der Gründerzeit mit Seitenflügeln und Hinterhäusern", "voeff_name": "nicht versorgter Bereich", "vpriv_name": "gering: Blockrandbebauung", "versorg_sst": 12, "esst_name": "Wilhelminian-period block development with wings and rear buildings (until 1918)", "evoeff_name": "no availability", "evpriv_name": "low: Wilhelminian-period block-edge development"}, "geometry": {"type": "MultiPolygon", "coordinates": [[[[13.42541169, 52.48808716], [13.42551162, 52.48794076], [13.42680777, 52.48746667], [13.426741, 52.48818972], [13.42544346, 52.48812529], [13.42541169, 52.48808716]]]]}}, {"type": "Feature", "properties": {"id": "versorggruen_2020.1400750481000000", "styp_id": "1400750481000000", "sst_name": "Blockbebauung der Gründerzeit mit Seitenflügeln und Hinterhäusern", "voeff_name": "nicht versorgter Bereich", "vpriv_name": "gering: Blockrandbebauung", "versorg_sst": 12, "esst_name": "Wilhelminian-period block development with wings and rear buildings (until 1918)", "evoeff_name": "no availability", "evpriv_name": "low: Wilhelminian-period block-edge development"}, "geometry": {"type": "MultiPolygon", "coordinates": [[[[13.42906316, 52.48547184], [13.42949158, 52.48545908], [13.43001176, 52.48599464], [13.42920675, 52.48628409], [13.42910469, 52.48624528], [13.42906316, 52.48547184]]]]}}, {"type": "Feature", "properties": {"id": "versorggruen_2020.1400750491000000", "styp_id": "1400750491000000", "sst_name": "Blockbebauung der Gründerzeit mit Seitenflügeln und Hinterhäusern", "voeff_name": "nicht versorgter Bereich", "vpriv_name": "gering: Blockrandbebauung", "versorg_sst": 12, "esst_name": "Wilhelminian-period block development with wings and rear buildings (until 1918)", "evoeff_name": "no availability", "evpriv_name": "low: Wilhelminian-period block-edge development"}, "geometry": {"type": "MultiPolygon", "coordinates": [[[[13.42979495, 52.48543083], [13.43244796, 52.48400634], [13.43347204, 52.48477548], [13.43024912, 52.48591596], [13.42979495, 52.48543083]]]]}}, {"type": "Feature", "properties": {"id": "versorggruen_2020.1400750501000000", "styp_id": "1400750501000000", "sst_name": "Blockbebauung der Gründerzeit mit Seitenflügeln und Hinterhäusern", "voeff_name": "schlecht versorgter Bereich", "vpriv_name": "gering: Blockrandbebauung", "versorg_sst": 9, "esst_name": "Wilhelminian-period block development with wings and rear buildings (until 1918)", "evoeff_name": "poor availability", "evpriv_name": "low: Wilhelminian-period block-edge development"}, "geometry": {"type": "MultiPolygon", "coordinates": [[[[13.43397781, 52.484912], [13.4359148, 52.4839383], [13.43732919, 52.48501177], [13.43538043, 52.48598008], [13.43397781, 52.484912]]]]}}, {"type": "Feature", "properties": {"id": "versorggruen_2020.1400750521000000", "styp_id": "1400750521000000", "sst_name": "Blockbebauung der Gründerzeit mit Seitenflügeln und Hinterhäusern", "voeff_name": "schlecht versorgter Bereich", "vpriv_name": "gering: Blockrandbebauung", "versorg_sst": 9, "esst_name": "Wilhelminian-period block development with wings and rear buildings (until 1918)", "evoeff_name": "poor availability", "evpriv_name": "low: Wilhelminian-period block-edge development"}, "geometry": {"type": "MultiPolygon", "coordinates": [[[[13.44221638, 52.48569888], [13.44110851, 52.48486229], [13.44295522, 52.48396562], [13.44402496, 52.48477157], [13.44221638, 52.48569888]]]]}}, {"type": "Feature", "properties": {"id": "versorggruen_2020.1400750601000000", "styp_id": "1400750601000000", "sst_name": "Blockbebauung der Gründerzeit mit Seitenflügeln und Hinterhäusern", "voeff_name": "schlecht versorgter Bereich", "vpriv_name": "gering: Blockrandbebauung", "versorg_sst": 9, "esst_name": "Wilhelminian-period block development with wings and rear buildings (until 1918)", "evoeff_name": "poor availability", "evpriv_name": "low: Wilhelminian-period block-edge development"}, "geometry": {"type": "MultiPolygon", "coordinates": [[[[13.44175933, 52.4830615], [13.44278648, 52.48383595], [13.44093242, 52.48472991], [13.4399185, 52.48396625], [13.44175933, 52.4830615]]]]}}, {"type": "Feature", "properties": {"id": "versorggruen_2020.1400750611000000", "styp_id": "1400750611000000", "sst_name": "Blockbebauung der Gründerzeit mit Seitenflügeln und Hinterhäusern", "voeff_name": "schlecht versorgter Bereich", "vpriv_name": "gering: Blockrandbebauung", "versorg_sst": 9, "esst_name": "Wilhelminian-period block development with wings and rear buildings (until 1918)", "evoeff_name": "poor availability", "evpriv_name": "low: Wilhelminian-period block-edge development"}, "geometry": {"type": "MultiPolygon", "coordinates": [[[[13.43613894, 52.4838452], [13.43802119, 52.48291361], [13.43944148, 52.48398797], [13.437546, 52.48491237], [13.43613894, 52.4838452]]]]}}, {"type": "Feature", "properties": {"id": "versorggruen_2020.1400750621000000", "styp_id": "1400750621000000", "sst_name": "Blockbebauung der Gründerzeit mit Seitenflügeln und Hinterhäusern", "voeff_name": "nicht versorgter Bereich", "vpriv_name": "gering: Blockrandbebauung", "versorg_sst": 12, "esst_name": "Wilhelminian-period block development with wings and rear buildings (until 1918)", "evoeff_name": "no availability", "evpriv_name": "low: Wilhelminian-period block-edge development"}, "geometry": {"type": "MultiPolygon", "coordinates": [[[[13.43267074, 52.48389078], [13.43466479, 52.48298999], [13.43560811, 52.48371763], [13.43367417, 52.48466976], [13.43267074, 52.48389078]]]]}}, {"type": "Feature", "properties": {"id": "versorggruen_2020.1400750801000000", "styp_id": "1400750801000000", "sst_name": "Blockbebauung der Gründerzeit mit Seitenflügeln und Hinterhäusern", "voeff_name": "nicht versorgter Bereich", "vpriv_name": "gering: Blockrandbebauung", "versorg_sst": 12, "esst_name": "Wilhelminian-period block development with wings and rear buildings (until 1918)", "evoeff_name": "no availability", "evpriv_name": "low: Wilhelminian-period block-edge development"}, "geometry": {"type": "MultiPolygon", "coordinates": [[[[13.43487136, 52.48287709], [13.4359926, 52.48228669], [13.43719825, 52.48293836], [13.43582348, 52.48361014], [13.43487136, 52.48287709]]]]}}, {"type": "Feature", "properties": {"id": "versorggruen_2020.1400750811000000", "styp_id": "1400750811000000", "sst_name": "Blockbebauung der Gründerzeit mit Seitenflügeln und Hinterhäusern", "voeff_name": "nicht versorgter Bereich", "vpriv_name": "gering: Blockrandbebauung", "versorg_sst": 12, "esst_name": "Wilhelminian-period block development with wings and rear buildings (until 1918)", "evoeff_name": "no availability", "evpriv_name": "low: Wilhelminian-period block-edge development"}, "geometry": {"type": "MultiPolygon", "coordinates": [[[[13.43621383, 52.4821828], [13.43788955, 52.48134165], [13.43984149, 52.4816431], [13.43740777, 52.48282366], [13.43621383, 52.4821828]]]]}}, {"type": "Feature", "properties": {"id": "versorggruen_2020.1400750821000000", "styp_id": "1400750821000000", "sst_name": "Blockbebauung der Gründerzeit mit Seitenflügeln und Hinterhäusern", "voeff_name": "nicht versorgter Bereich", "vpriv_name": "gering: Blockrandbebauung", "versorg_sst": 12, "esst_name": "Wilhelminian-period block development with wings and rear buildings (until 1918)", "evoeff_name": "no availability", "evpriv_name": "low: Wilhelminian-period block-edge development"}, "geometry": {"type": "MultiPolygon", "coordinates": [[[[13.43832062, 52.48276671], [13.44014087, 52.48185386], [13.44077327, 52.48232845], [13.43893535, 52.48323948], [13.43832062, 52.48276671]]]]}}, {"type": "Feature", "properties": {"id": "versorggruen_2020.1400750831000000", "styp_id": "1400750831000000", "sst_name": "Blockbebauung der Gründerzeit mit Seitenflügeln und Hinterhäusern", "voeff_name": "schlecht versorgter Bereich", "vpriv_name": "gering: Blockrandbebauung", "versorg_sst": 9, "esst_name": "Wilhelminian-period block development with wings and rear buildings (until 1918)", "evoeff_name": "poor availability", "evpriv_name": "low: Wilhelminian-period block-edge development"}, "geometry": {"type": "MultiPolygon", "coordinates": [[[[13.44095228, 52.48246173], [13.44157444, 52.48292551], [13.43973797, 52.48384195], [13.43911144, 52.48336827], [13.44095228, 52.48246173]]]]}}, {"type": "Feature", "properties": {"id": "versorggruen_2020.1400756071000100", "styp_id": "1400756071000100", "sst_name": "Blockbebauung der Gründerzeit mit Seitenflügeln und Hinterhäusern", "voeff_name": "schlecht versorgter Bereich", "vpriv_name": "gering: Blockrandbebauung", "versorg_sst": 9, "esst_name": "Wilhelminian-period block development with wings and rear buildings (until 1918)", "evoeff_name": "poor availability", "evpriv_name": "low: Wilhelminian-period block-edge development"}, "geometry": {"type": "MultiPolygon", "coordinates": [[[[13.43415913, 52.48990793], [13.43543386, 52.48938132], [13.43665346, 52.49061933], [13.43528185, 52.49105464], [13.43415913, 52.48990793]]]]}}, {"type": "Feature", "properties": {"id": "versorggruen_2020.1400756071000200", "styp_id": "1400756071000200", "sst_name": "nicht oder gering bebaute Grün- und Freiflächen", "voeff_name": "schlecht versorgter Bereich", "vpriv_name": "hoch: aufgelockerte Siedlungsbebauung", "versorg_sst": 7, "esst_name": "Public green and open spaces with sparse or no development", "evoeff_name": "poor availability", "evpriv_name": "high: loose settlement development"}, "geometry": {"type": "MultiPolygon", "coordinates": [[[[13.43543386, 52.48938132], [13.43612655, 52.48909514], [13.43792356, 52.48818139], [13.43913861, 52.48909366], [13.43900307, 52.48946279], [13.43819198, 52.490131], [13.43665346, 52.49061933], [13.43543386, 52.48938132]]]]}}, {"type": "Feature", "properties": {"id": "versorggruen_2020.1400756121000000", "styp_id": "1400756121000000", "sst_name": "Blockrandbebauung der Gründerzeit mit massiven Veränderungen", "voeff_name": "schlecht versorgter Bereich", "vpriv_name": "gering: Blockrandbebauung", "versorg_sst": 9, "esst_name": "Wilhelminian-period block-edge development with major changes", "evoeff_name": "poor availability", "evpriv_name": "low: Wilhelminian-period block-edge development"}, "geometry": {"type": "MultiPolygon", "coordinates": [[[[13.43772205, 52.48505014], [13.43960433, 52.48411494], [13.44191544, 52.48585208], [13.44004484, 52.48680621], [13.43923929, 52.48618846], [13.43967576, 52.48601301], [13.44022007, 52.48574877], [13.4400263, 52.48562265], [13.4395056, 52.48587255], [13.43906765, 52.48604979], [13.43772205, 52.48505014]]]]}}, {"type": "Feature", "properties": {"id": "versorggruen_2020.1400756431000100", "styp_id": "1400756431000100", "sst_name": "Blockbebauung der Gründerzeit mit Seitenflügeln und Hinterhäusern", "voeff_name": "schlecht versorgter Bereich", "vpriv_name": "gering: Blockrandbebauung", "versorg_sst": 9, "esst_name": "Wilhelminian-period block development with wings and rear buildings (until 1918)", "evoeff_name": "poor availability", "evpriv_name": "low: Wilhelminian-period block-edge development"}, "geometry": {"type": "MultiPolygon", "coordinates": [[[[13.43598743, 52.48763264], [13.43599301, 52.4876364], [13.43676147, 52.48729165], [13.43771375, 52.4880184], [13.43719506, 52.48826981], [13.43647313, 52.48772272], [13.43624349, 52.48783395], [13.43598743, 52.48763264]]]]}}, {"type": "Feature", "properties": {"id": "versorggruen_2020.1400756431000400", "styp_id": "1400756431000400", "sst_name": "Blockbebauung der Gründerzeit mit Seitenflügeln und Hinterhäusern", "voeff_name": "schlecht versorgter Bereich", "vpriv_name": "gering: Blockrandbebauung", "versorg_sst": 9, "esst_name": "Wilhelminian-period block development with wings and rear buildings (until 1918)", "evoeff_name": "poor availability", "evpriv_name": "low: Wilhelminian-period block-edge development"}, "geometry": {"type": "MultiPolygon", "coordinates": [[[[13.43463823, 52.48648544], [13.4353631, 52.48624336], [13.43658242, 52.48716286], [13.43581746, 52.48751564], [13.4349947, 52.48688524], [13.43463823, 52.48648544]]]]}}, {"type": "Feature", "properties": {"id": "versorggruen_2020.1400760321000000", "styp_id": "1400760321000000", "sst_name": "Zeilenbebauung seit den 50er Jahren", "voeff_name": "schlecht versorgter Bereich", "vpriv_name": "mittel: Zeilen oder kompakte Siedlung", "versorg_sst": 8, "esst_name": "Row development since the 1950s", "evoeff_name": "poor availability", "evpriv_name": "medium: row development or compact settlement"}, "geometry": {"type": "MultiPolygon", "coordinates": [[[[13.44653554, 52.48637863], [13.44884851, 52.48519769], [13.4510279, 52.48684999], [13.4504577, 52.48714213], [13.45032395, 52.48708792], [13.44885501, 52.48796557], [13.44653554, 52.48637863]]]]}}, {"type": "Feature", "properties": {"id": "versorggruen_2020.1400760531000000", "styp_id": "1400760531000000", "sst_name": "Blockrandbebauung der Gründerzeit mit massiven Veränderungen", "voeff_name": "schlecht versorgter Bereich", "vpriv_name": "gering: Blockrandbebauung", "versorg_sst": 9, "esst_name": "Wilhelminian-period block-edge development with major changes", "evoeff_name": "poor availability", "evpriv_name": "low: Wilhelminian-period block-edge development"}, "geometry": {"type": "MultiPolygon", "coordinates": [[[[13.44488754, 52.48513326], [13.44720198, 52.48394787], [13.44785064, 52.48443143], [13.44630473, 52.4852235], [13.44637667, 52.48527034], [13.44559777, 52.48567804], [13.44488754, 52.48513326]]]]}}, {"type": "Feature", "properties": {"id": "versorggruen_2020.1400760541000000", "styp_id": "1400760541000000", "sst_name": "Blockrandbebauung der Gründerzeit mit massiven Veränderungen", "voeff_name": "schlecht versorgter Bereich", "vpriv_name": "gering: Blockrandbebauung", "versorg_sst": 9, "esst_name": "Wilhelminian-period block-edge development with major changes", "evoeff_name": "poor availability", "evpriv_name": "low: Wilhelminian-period block-edge development"}, "geometry": {"type": "MultiPolygon", "coordinates": [[[[13.44573421, 52.48578968], [13.44681554, 52.48522068], [13.44675096, 52.48517565], [13.44799445, 52.48454129], [13.4486798, 52.48505635], [13.44635205, 52.48625343], [13.44573421, 52.48578968]]]]}}, {"type": "Feature", "properties": {"id": "versorggruen_2020.1400760551000100", "styp_id": "1400760551000100", "sst_name": "Blockbebauung der Gründerzeit mit Seitenflügeln und Hinterhäusern", "voeff_name": "schlecht versorgter Bereich", "vpriv_name": "gering: Blockrandbebauung", "versorg_sst": 9, "esst_name": "Wilhelminian-period block development with wings and rear buildings (until 1918)", "evoeff_name": "poor availability", "evpriv_name": "low: Wilhelminian-period block-edge development"}, "geometry": {"type": "MultiPolygon", "coordinates": [[[[13.4498988, 52.48466164], [13.45156601, 52.48584653], [13.45214844, 52.48554326], [13.45221665, 52.4855851], [13.45298566, 52.48518399], [13.45349865, 52.48557574], [13.45125947, 52.4867362], [13.44906828, 52.48508929], [13.4498988, 52.48466164]]]]}}, {"type": "Feature", "properties": {"id": "versorggruen_2020.1400760561000200", "styp_id": "1400760561000200", "sst_name": "Zeilenbebauung seit den 50er Jahren", "voeff_name": "schlecht versorgter Bereich", "vpriv_name": "mittel: Zeilen oder kompakte Siedlung", "versorg_sst": 8, "esst_name": "Row development since the 1950s", "evoeff_name": "poor availability", "evpriv_name": "medium: row development or compact settlement"}, "geometry": {"type": "MultiPolygon", "coordinates": [[[[13.4529212, 52.48312048], [13.45390032, 52.48262334], [13.45606071, 52.48425574], [13.45371108, 52.48546102], [13.45291245, 52.48485852], [13.45378474, 52.48444594], [13.45343584, 52.48420337], [13.4539968, 52.48389805], [13.4529212, 52.48312048]]]]}}, {"type": "Feature", "properties": {"id": "versorggruen_2020.1400760841000000", "styp_id": "1400760841000000", "sst_name": "Blockrand- und Zeilenbebauung der 20er und 30er Jahre", "voeff_name": "schlecht versorgter Bereich", "vpriv_name": "mittel: Zeilen oder kompakte Siedlung", "versorg_sst": 8, "esst_name": "Block-edge and row development of the 1920s and 1930s", "evoeff_name": "poor availability", "evpriv_name": "medium: row development or compact settlement"}, "geometry": {"type": "MultiPolygon", "coordinates": [[[[13.44198059, 52.48295041], [13.44304407, 52.48242456], [13.44451891, 52.48350253], [13.44344061, 52.48405264], [13.44198059, 52.48295041]]]]}}, {"type": "Feature", "properties": {"id": "versorggruen_2020.1400760851000000", "styp_id": "1400760851000000", "sst_name": "Blockbebauung der Gründerzeit mit Seitenflügeln und Hinterhäusern", "voeff_name": "schlecht versorgter Bereich", "vpriv_name": "gering: Blockrandbebauung", "versorg_sst": 9, "esst_name": "Wilhelminian-period block development with wings and rear buildings (until 1918)", "evoeff_name": "poor availability", "evpriv_name": "low: Wilhelminian-period block-edge development"}, "geometry": {"type": "MultiPolygon", "coordinates": [[[[13.44038264, 52.48176437], [13.44145201, 52.48123495], [13.44285478, 52.48228317], [13.44180303, 52.48282073], [13.44038264, 52.48176437]]]]}}, {"type": "Feature", "properties": {"id": "versorggruen_2020.1400760861000000", "styp_id": "1400760861000000", "sst_name": "nicht oder gering bebaute Grün- und Freiflächen", "voeff_name": "schlecht versorgter Bereich", "vpriv_name": "hoch: aufgelockerte Siedlungsbebauung", "versorg_sst": 7, "esst_name": "Public green and open spaces with sparse or no development", "evoeff_name": "poor availability", "evpriv_name": "high: loose settlement development"}, "geometry": {"type": "MultiPolygon", "coordinates": [[[[13.44165878, 52.48112708], [13.44276774, 52.48057584], [13.44418626, 52.481643], [13.44309957, 52.48217392], [13.44165878, 52.48112708]]]]}}, {"type": "Feature", "properties": {"id": "versorggruen_2020.1400760871000000", "styp_id": "1400760871000000", "sst_name": "Blockrand- und Zeilenbebauung der 20er und 30er Jahre", "voeff_name": "schlecht versorgter Bereich", "vpriv_name": "mittel: Zeilen oder kompakte Siedlung", "versorg_sst": 8, "esst_name": "Block-edge and row development of the 1920s and 1930s", "evoeff_name": "poor availability", "evpriv_name": "medium: row development or compact settlement"}, "geometry": {"type": "MultiPolygon", "coordinates": [[[[13.44434491, 52.48179661], [13.44498914, 52.4822694], [13.44392424, 52.48278988], [13.4432712, 52.48231617], [13.44434491, 52.48179661]]]]}}, {"type": "Feature", "properties": {"id": "versorggruen_2020.1400760881000000", "styp_id": "1400760881000000", "sst_name": "Blockrand- und Zeilenbebauung der 20er und 30er Jahre", "voeff_name": "schlecht versorgter Bereich", "vpriv_name": "mittel: Zeilen oder kompakte Siedlung", "versorg_sst": 8, "esst_name": "Block-edge and row development of the 1920s and 1930s", "evoeff_name": "poor availability", "evpriv_name": "medium: row development or compact settlement"}, "geometry": {"type": "MultiPolygon", "coordinates": [[[[13.44474457, 52.48339414], [13.4440671, 52.48289802], [13.44513582, 52.48237067], [13.44577861, 52.48286102], [13.44474457, 52.48339414]]]]}}, {"type": "Feature", "properties": {"id": "versorggruen_2020.1400760891000000", "styp_id": "1400760891000000", "sst_name": "Blockrand- und Zeilenbebauung der 20er und 30er Jahre", "voeff_name": "schlecht versorgter Bereich", "vpriv_name": "mittel: Zeilen oder kompakte Siedlung", "versorg_sst": 8, "esst_name": "Block-edge and row development of the 1920s and 1930s", "evoeff_name": "poor availability", "evpriv_name": "medium: row development or compact settlement"}, "geometry": {"type": "MultiPolygon", "coordinates": [[[[13.44588098, 52.48266437], [13.44687074, 52.48215455], [13.44782475, 52.48283178], [13.44679815, 52.48334965], [13.44588098, 52.48266437]]]]}}, {"type": "Feature", "properties": {"id": "versorggruen_2020.1400760901000000", "styp_id": "1400760901000000", "sst_name": "Blockrand- und Zeilenbebauung der 20er und 30er Jahre", "voeff_name": "schlecht versorgter Bereich", "vpriv_name": "mittel: Zeilen oder kompakte Siedlung", "versorg_sst": 8, "esst_name": "Block-edge and row development of the 1920s and 1930s", "evoeff_name": "poor availability", "evpriv_name": "medium: row development or compact settlement"}, "geometry": {"type": "MultiPolygon", "coordinates": [[[[13.44459417, 52.48167567], [13.44685324, 52.48053866], [13.44795351, 52.48138072], [13.44572843, 52.48253653], [13.44459417, 52.48167567]]]]}}, {"type": "Feature", "properties": {"id": "versorggruen_2020.1400760921000000", "styp_id": "1400760921000000", "sst_name": "Blockrandbebauung der Gründerzeit mit massiven Veränderungen", "voeff_name": "schlecht versorgter Bereich", "vpriv_name": "gering: Blockrandbebauung", "versorg_sst": 9, "esst_name": "Wilhelminian-period block-edge development with major changes", "evoeff_name": "poor availability", "evpriv_name": "low: Wilhelminian-period block-edge development"}, "geometry": {"type": "MultiPolygon", "coordinates": [[[[13.44927903, 52.48210247], [13.44836485, 52.48140104], [13.44959034, 52.48076763], [13.45050302, 52.48145877], [13.44927903, 52.48210247]]]]}}, {"type": "Feature", "properties": {"id": "versorggruen_2020.1400760931000100", "styp_id": "1400760931000100", "sst_name": "geringe Bebauung mit überwiegender Nutzung durch Gewerbe und Industrie", "voeff_name": "schlecht versorgter Bereich", "vpriv_name": "gering: Blockrandbebauung", "versorg_sst": 9, "esst_name": "Sparse development with predominantly commercial and industrial use", "evoeff_name": "poor availability", "evpriv_name": "low: Wilhelminian-period block-edge development"}, "geometry": {"type": "MultiPolygon", "coordinates": [[[[13.45082098, 52.48209051], [13.45221546, 52.48137443], [13.4537272, 52.48247661], [13.45234105, 52.48318526], [13.45082098, 52.48209051]]]]}}, {"type": "Feature", "properties": {"id": "versorggruen_2020.1400761021000000", "styp_id": "1400761021000000", "sst_name": "Blockrand- und Zeilenbebauung der 20er und 30er Jahre", "voeff_name": "schlecht versorgter Bereich", "vpriv_name": "mittel: Zeilen oder kompakte Siedlung", "versorg_sst": 8, "esst_name": "Block-edge and row development of the 1920s and 1930s", "evoeff_name": "poor availability", "evpriv_name": "medium: row development or compact settlement"}, "geometry": {"type": "MultiPolygon", "coordinates": [[[[13.45070852, 52.48019765], [13.45161095, 52.48089455], [13.45072308, 52.48134346], [13.4498162, 52.48065553], [13.45070852, 52.48019765]]]]}}, {"type": "Feature", "properties": {"id": "versorggruen_2020.1400761051000000", "styp_id": "1400761051000000", "sst_name": "Blockbebauung der Gründerzeit mit Seitenflügeln und Hinterhäusern", "voeff_name": "schlecht versorgter Bereich", "vpriv_name": "gering: Blockrandbebauung", "versorg_sst": 9, "esst_name": "Wilhelminian-period block development with wings and rear buildings (until 1918)", "evoeff_name": "poor availability", "evpriv_name": "low: Wilhelminian-period block-edge development"}, "geometry": {"type": "MultiPolygon", "coordinates": [[[[13.4438175, 52.4810936], [13.44609425, 52.47996909], [13.44667769, 52.48040904], [13.44439708, 52.48153823], [13.4438175, 52.4810936]]]]}}, {"type": "Feature", "properties": {"id": "versorggruen_2020.1400761061000000", "styp_id": "1400761061000000", "sst_name": "Blockbebauung der Gründerzeit mit Seitenflügeln und Hinterhäusern", "voeff_name": "schlecht versorgter Bereich", "vpriv_name": "gering: Blockrandbebauung", "versorg_sst": 9, "esst_name": "Wilhelminian-period block development with wings and rear buildings (until 1918)", "evoeff_name": "poor availability", "evpriv_name": "low: Wilhelminian-period block-edge development"}, "geometry": {"type": "MultiPolygon", "coordinates": [[[[13.44298623, 52.48046642], [13.44528085, 52.47934202], [13.44591883, 52.47983803], [13.44363443, 52.48096253], [13.44298623, 52.48046642]]]]}}, {"type": "Feature", "properties": {"id": "versorggruen_2020.1400761071000000", "styp_id": "1400761071000000", "sst_name": "Blockrandbebauung der Gründerzeit mit massiven Veränderungen", "voeff_name": "nicht versorgter Bereich", "vpriv_name": "gering: Blockrandbebauung", "versorg_sst": 12, "esst_name": "Wilhelminian-period block-edge development with major changes", "evoeff_name": "no availability", "evpriv_name": "low: Wilhelminian-period block-edge development"}, "geometry": {"type": "MultiPolygon", "coordinates": [[[[13.43945085, 52.48039335], [13.43965012, 52.48025976], [13.43999019, 52.47955036], [13.44060791, 52.47965558], [13.44097231, 52.47945395], [13.44101361, 52.47944617], [13.44117117, 52.47941652], [13.44136373, 52.47947523], [13.44244242, 52.48033659], [13.44161445, 52.48075334], [13.43945085, 52.48039335]]]]}}, {"type": "Feature", "properties": {"id": "versorggruen_2020.1400761081000000", "styp_id": "1400761081000000", "sst_name": "Blockbebauung der Gründerzeit mit Seitenflügeln und Hinterhäusern", "voeff_name": "nicht versorgter Bereich", "vpriv_name": "gering: Blockrandbebauung", "versorg_sst": 12, "esst_name": "Wilhelminian-period block development with wings and rear buildings (until 1918)", "evoeff_name": "no availability", "evpriv_name": "low: Wilhelminian-period block-edge development"}, "geometry": {"type": "MultiPolygon", "coordinates": [[[[13.43822426, 52.48120379], [13.43821121, 52.48115704], [13.43919123, 52.48052863], [13.44137104, 52.48088704], [13.440138, 52.4814899], [13.43822426, 52.48120379]]]]}}, {"type": "Feature", "properties": {"id": "versorggruen_2020.1400761341000000", "styp_id": "1400761341000000", "sst_name": "Blockbebauung der Gründerzeit mit Seitenflügeln und Hinterhäusern", "voeff_name": "nicht versorgter Bereich", "vpriv_name": "gering: Blockrandbebauung", "versorg_sst": 12, "esst_name": "Wilhelminian-period block development with wings and rear buildings (until 1918)", "evoeff_name": "no availability", "evpriv_name": "low: Wilhelminian-period block-edge development"}, "geometry": {"type": "MultiPolygon", "coordinates": [[[[13.44134431, 52.47919482], [13.44217212, 52.47868837], [13.44297673, 52.47915513], [13.4436931, 52.47972952], [13.44266593, 52.48022537], [13.44134431, 52.47919482]]]]}}, {"type": "Feature", "properties": {"id": "versorggruen_2020.1400761351000000", "styp_id": "1400761351000000", "sst_name": "Blockbebauung der Gründerzeit mit Seitenflügeln und Hinterhäusern", "voeff_name": "nicht versorgter Bereich", "vpriv_name": "gering: Blockrandbebauung", "versorg_sst": 12, "esst_name": "Wilhelminian-period block development with wings and rear buildings (until 1918)", "evoeff_name": "no availability", "evpriv_name": "low: Wilhelminian-period block-edge development"}, "geometry": {"type": "MultiPolygon", "coordinates": [[[[13.44393002, 52.47962032], [13.44320375, 52.47906921], [13.44238457, 52.47856649], [13.44328329, 52.47799364], [13.44493268, 52.47910637], [13.44393002, 52.47962032]]]]}}, {"type": "Feature", "properties": {"id": "versorggruen_2020.1400761361000000", "styp_id": "1400761361000000", "sst_name": "Blockbebauung der Gründerzeit mit Seitenflügeln und Hinterhäusern", "voeff_name": "schlecht versorgter Bereich", "vpriv_name": "gering: Blockrandbebauung", "versorg_sst": 9, "esst_name": "Wilhelminian-period block development with wings and rear buildings (until 1918)", "evoeff_name": "poor availability", "evpriv_name": "low: Wilhelminian-period block-edge development"}, "geometry": {"type": "MultiPolygon", "coordinates": [[[[13.44547797, 52.47922985], [13.4478705, 52.4780472], [13.44846039, 52.47848878], [13.44606783, 52.47967657], [13.44547797, 52.47922985]]]]}}, {"type": "Feature", "properties": {"id": "versorggruen_2020.1400761371000000", "styp_id": "1400761371000000", "sst_name": "Blockbebauung der Gründerzeit mit Seitenflügeln und Hinterhäusern", "voeff_name": "schlecht versorgter Bereich", "vpriv_name": "gering: Blockrandbebauung", "versorg_sst": 9, "esst_name": "Wilhelminian-period block development with wings and rear buildings (until 1918)", "evoeff_name": "poor availability", "evpriv_name": "low: Wilhelminian-period block-edge development"}, "geometry": {"type": "MultiPolygon", "coordinates": [[[[13.44623935, 52.4798075], [13.4486403, 52.47861972], [13.44927611, 52.47912543], [13.44689618, 52.48030044], [13.44623935, 52.4798075]]]]}}, {"type": "Feature", "properties": {"id": "versorggruen_2020.1400761421000000", "styp_id": "1400761421000000", "sst_name": "Bebauung mit überwiegender Nutzung durch Gemeinbedarf und Sondernutzung, Verkehrsflächen ohne Straßen", "voeff_name": "schlecht versorgter Bereich", "vpriv_name": "mittel: Zeilen oder kompakte Siedlung", "versorg_sst": 8, "esst_name": "Development with predominantly public and special use or non-street traffic area", "evoeff_name": "poor availability", "evpriv_name": "medium: row development or compact settlement"}, "geometry": {"type": "MultiPolygon", "coordinates": [[[[13.44887985, 52.47852341], [13.45093568, 52.47748853], [13.45159158, 52.47798646], [13.4495196, 52.47901144], [13.44887985, 52.47852341]]]]}}, {"type": "Feature", "properties": {"id": "versorggruen_2020.1400761441000000", "styp_id": "1400761441000000", "sst_name": "Blockbebauung der Gründerzeit mit Seitenflügeln und Hinterhäusern", "voeff_name": "schlecht versorgter Bereich", "vpriv_name": "gering: Blockrandbebauung", "versorg_sst": 9, "esst_name": "Wilhelminian-period block development with wings and rear buildings (until 1918)", "evoeff_name": "poor availability", "evpriv_name": "low: Wilhelminian-period block-edge development"}, "geometry": {"type": "MultiPolygon", "coordinates": [[[[13.44770356, 52.47617279], [13.44806087, 52.47611276], [13.44883802, 52.47575817], [13.44892042, 52.47576189], [13.44928592, 52.47599969], [13.4494575, 52.47615092], [13.44962319, 52.47630394], [13.4499323, 52.47666207], [13.44819083, 52.47749381], [13.44811813, 52.47748562], [13.44770356, 52.47617279]]]]}}, {"type": "Feature", "properties": {"id": "versorggruen_2020.1400761451000000", "styp_id": "1400761451000000", "sst_name": "Blockbebauung der Gründerzeit mit Seitenflügeln und Hinterhäusern", "voeff_name": "schlecht versorgter Bereich", "vpriv_name": "gering: Blockrandbebauung", "versorg_sst": 9, "esst_name": "Wilhelminian-period block development with wings and rear buildings (until 1918)", "evoeff_name": "poor availability", "evpriv_name": "low: Wilhelminian-period block-edge development"}, "geometry": {"type": "MultiPolygon", "coordinates": [[[[13.44777671, 52.47770111], [13.44658012, 52.47682315], [13.44644837, 52.4766998], [13.44631069, 52.47641292], [13.44743556, 52.47622285], [13.44787279, 52.47765079], [13.44777671, 52.47770111]]]]}}, {"type": "Feature", "properties": {"id": "versorggruen_2020.1400761461000000", "styp_id": "1400761461000000", "sst_name": "Blockbebauung der Gründerzeit mit Seitenflügeln und Hinterhäusern", "voeff_name": "schlecht versorgter Bereich", "vpriv_name": "gering: Blockrandbebauung", "versorg_sst": 9, "esst_name": "Wilhelminian-period block development with wings and rear buildings (until 1918)", "evoeff_name": "poor availability", "evpriv_name": "low: Wilhelminian-period block-edge development"}, "geometry": {"type": "MultiPolygon", "coordinates": [[[[13.44423425, 52.47837515], [13.44668122, 52.47716246], [13.44755805, 52.4778098], [13.44515571, 52.47900082], [13.44423425, 52.47837515]]]]}}, {"type": "Feature", "properties": {"id": "versorggruen_2020.1400761481000000", "styp_id": "1400761481000000", "sst_name": "Blockrand- und Zeilenbebauung der 20er und 30er Jahre", "voeff_name": "schlecht versorgter Bereich", "vpriv_name": "mittel: Zeilen oder kompakte Siedlung", "versorg_sst": 8, "esst_name": "Block-edge and row development of the 1920s and 1930s", "evoeff_name": "poor availability", "evpriv_name": "medium: row development or compact settlement"}, "geometry": {"type": "MultiPolygon", "coordinates": [[[[13.44404323, 52.47825], [13.44345473, 52.47782137], [13.4435818, 52.47770204], [13.44473708, 52.47700647], [13.44558129, 52.47750472], [13.44404323, 52.47825]]]]}}, {"type": "Feature", "properties": {"id": "versorggruen_2020.1400761861000000", "styp_id": "1400761861000000", "sst_name": "Bebauung mit überwiegender Nutzung durch Gemeinbedarf und Sondernutzung, Verkehrsflächen ohne Straßen", "voeff_name": "schlecht versorgter Bereich", "vpriv_name": "mittel: Zeilen oder kompakte Siedlung", "versorg_sst": 8, "esst_name": "Development with predominantly public and special use or non-street traffic area", "evoeff_name": "poor availability", "evpriv_name": "medium: row development or compact settlement"}, "geometry": {"type": "MultiPolygon", "coordinates": [[[[13.4433324, 52.47659135], [13.44498387, 52.47558802], [13.44510553, 52.47580912], [13.44509047, 52.47589177], [13.44547852, 52.47636866], [13.4445557, 52.47692191], [13.44382629, 52.47659527], [13.4433324, 52.47659135]]]]}}, {"type": "Feature", "properties": {"id": "versorggruen_2020.1400761871000000", "styp_id": "1400761871000000", "sst_name": "hohe Bebauung der Nachkriegszeit", "voeff_name": "schlecht versorgter Bereich", "vpriv_name": "mittel: Zeilen oder kompakte Siedlung", "versorg_sst": 8, "esst_name": "Postwar high-rise development", "evoeff_name": "poor availability", "evpriv_name": "medium: row development or compact settlement"}, "geometry": {"type": "MultiPolygon", "coordinates": [[[[13.44472653, 52.47492515], [13.44521627, 52.47429235], [13.44702164, 52.47474264], [13.44738036, 52.47605155], [13.44631203, 52.47624592], [13.44555844, 52.47639146], [13.44516904, 52.4758877], [13.44522182, 52.47580211], [13.44502733, 52.47556162], [13.44536413, 52.47535699], [13.44565069, 52.47529862], [13.44567476, 52.47517104], [13.44533246, 52.47502494], [13.44517893, 52.47514063], [13.44472653, 52.47492515]]]]}}, {"type": "Feature", "properties": {"id": "versorggruen_2020.1400761891000000", "styp_id": "1400761891000000", "sst_name": "Blockbebauung der Gründerzeit mit Seitenflügeln und Hinterhäusern", "voeff_name": "schlecht versorgter Bereich", "vpriv_name": "gering: Blockrandbebauung", "versorg_sst": 9, "esst_name": "Wilhelminian-period block development with wings and rear buildings (until 1918)", "evoeff_name": "poor availability", "evpriv_name": "low: Wilhelminian-period block-edge development"}, "geometry": {"type": "MultiPolygon", "coordinates": [[[[13.44761137, 52.47443271], [13.44924617, 52.47417445], [13.4493451, 52.47445768], [13.44921453, 52.47503964], [13.44864277, 52.47563746], [13.44792552, 52.47595877], [13.44765979, 52.47600183], [13.44737246, 52.47496784], [13.44756604, 52.47457701], [13.44761137, 52.47443271]]]]}}, {"type": "Feature", "properties": {"id": "versorggruen_2020.1400761991000000", "styp_id": "1400761991000000", "sst_name": "Blockbebauung der Gründerzeit mit Seitenflügeln und Hinterhäusern", "voeff_name": "nicht versorgter Bereich", "vpriv_name": "gering: Blockrandbebauung", "versorg_sst": 12, "esst_name": "Wilhelminian-period block development with wings and rear buildings (until 1918)", "evoeff_name": "no availability", "evpriv_name": "low: Wilhelminian-period block-edge development"}, "geometry": {"type": "MultiPolygon", "coordinates": [[[[13.45388785, 52.47378771], [13.45491131, 52.47323922], [13.45531012, 52.4732389], [13.45568766, 52.47379122], [13.45462012, 52.47432168], [13.45388785, 52.47378771]]]]}}, {"type": "Feature", "properties": {"id": "versorggruen_2020.1400762001000000", "styp_id": "1400762001000000", "sst_name": "Blockbebauung der Gründerzeit mit Seitenflügeln und Hinterhäusern", "voeff_name": "nicht versorgter Bereich", "vpriv_name": "gering: Blockrandbebauung", "versorg_sst": 12, "esst_name": "Wilhelminian-period block development with wings and rear buildings (until 1918)", "evoeff_name": "no availability", "evpriv_name": "low: Wilhelminian-period block-edge development"}, "geometry": {"type": "MultiPolygon", "coordinates": [[[[13.45231582, 52.47460858], [13.45367553, 52.47388895], [13.45440779, 52.47442652], [13.4530099, 52.47512363], [13.45231582, 52.47460858]]]]}}, {"type": "Feature", "properties": {"id": "versorggruen_2020.1400762011000000", "styp_id": "1400762011000000", "sst_name": "Blockbebauung der Gründerzeit mit Seitenflügeln und Hinterhäusern", "voeff_name": "nicht versorgter Bereich", "vpriv_name": "gering: Blockrandbebauung", "versorg_sst": 12, "esst_name": "Wilhelminian-period block development with wings and rear buildings (until 1918)", "evoeff_name": "no availability", "evpriv_name": "low: Wilhelminian-period block-edge development"}, "geometry": {"type": "MultiPolygon", "coordinates": [[[[13.45111412, 52.47370275], [13.45249582, 52.47300384], [13.45349948, 52.4737485], [13.45213534, 52.47447351], [13.45111412, 52.47370275]]]]}}, {"type": "Feature", "properties": {"id": "versorggruen_2020.1400762021000000", "styp_id": "1400762021000000", "sst_name": "Blockrand- und Zeilenbebauung der 20er und 30er Jahre", "voeff_name": "nicht versorgter Bereich", "vpriv_name": "mittel: Zeilen oder kompakte Siedlung", "versorg_sst": 11, "esst_name": "Block-edge and row development of the 1920s and 1930s", "evoeff_name": "no availability", "evpriv_name": "medium: row development or compact settlement"}, "geometry": {"type": "MultiPolygon", "coordinates": [[[[13.45292973, 52.47305929], [13.45315088, 52.47295447], [13.45461076, 52.47294762], [13.45471911, 52.47308887], [13.45370448, 52.47363827], [13.45292973, 52.47305929]]]]}}, {"type": "Feature", "properties": {"id": "versorggruen_2020.1400762031000000", "styp_id": "1400762031000000", "sst_name": "Blockrand- und Zeilenbebauung der 20er und 30er Jahre", "voeff_name": "nicht versorgter Bereich", "vpriv_name": "mittel: Zeilen oder kompakte Siedlung", "versorg_sst": 11, "esst_name": "Block-edge and row development of the 1920s and 1930s", "evoeff_name": "no availability", "evpriv_name": "medium: row development or compact settlement"}, "geometry": {"type": "MultiPolygon", "coordinates": [[[[13.45304312, 52.47266674], [13.45406375, 52.47208411], [13.45476811, 52.47260007], [13.45458054, 52.47277323], [13.45316045, 52.47276667], [13.45304312, 52.47266674]]]]}}, {"type": "Feature", "properties": {"id": "versorggruen_2020.1400762041000000", "styp_id": "1400762041000000", "sst_name": "Blockbebauung der Gründerzeit mit Seitenflügeln und Hinterhäusern", "voeff_name": "nicht versorgter Bereich", "vpriv_name": "gering: Blockrandbebauung", "versorg_sst": 12, "esst_name": "Wilhelminian-period block development with wings and rear buildings (until 1918)", "evoeff_name": "no availability", "evpriv_name": "low: Wilhelminian-period block-edge development"}, "geometry": {"type": "MultiPolygon", "coordinates": [[[[13.44962069, 52.47362953], [13.45130735, 52.47210971], [13.45233891, 52.47286341], [13.45087022, 52.47360443], [13.44970055, 52.47389835], [13.44962069, 52.47362953]]]]}}, {"type": "Feature", "properties": {"id": "versorggruen_2020.1400762051000000", "styp_id": "1400762051000000", "sst_name": "Blockbebauung der Gründerzeit mit Seitenflügeln und Hinterhäusern", "voeff_name": "schlecht versorgter Bereich", "vpriv_name": "gering: Blockrandbebauung", "versorg_sst": 9, "esst_name": "Wilhelminian-period block development with wings and rear buildings (until 1918)", "evoeff_name": "poor availability", "evpriv_name": "low: Wilhelminian-period block-edge development"}, "geometry": {"type": "MultiPolygon", "coordinates": [[[[13.44719945, 52.47402793], [13.44843901, 52.47325122], [13.44859499, 52.47325414], [13.44905264, 52.47362778], [13.44918936, 52.47402878], [13.44757691, 52.47427079], [13.44744509, 52.47411692], [13.44719945, 52.47402793]]]]}}, {"type": "Feature", "properties": {"id": "versorggruen_2020.1400762071000000", "styp_id": "1400762071000000", "sst_name": "Blockbebauung der Gründerzeit mit Seitenflügeln und Hinterhäusern", "voeff_name": "schlecht versorgter Bereich", "vpriv_name": "gering: Blockrandbebauung", "versorg_sst": 9, "esst_name": "Wilhelminian-period block development with wings and rear buildings (until 1918)", "evoeff_name": "poor availability", "evpriv_name": "low: Wilhelminian-period block-edge development"}, "geometry": {"type": "MultiPolygon", "coordinates": [[[[13.44546906, 52.47389913], [13.44594794, 52.47243916], [13.44713189, 52.4726067], [13.44813006, 52.47286522], [13.44835124, 52.4730484], [13.44687824, 52.47398259], [13.44631556, 52.47394356], [13.44546906, 52.47389913]]]]}}, {"type": "Feature", "properties": {"id": "versorggruen_2020.1400762081000100", "styp_id": "1400762081000100", "sst_name": "Blockbebauung der Gründerzeit mit Seitenflügeln und Hinterhäusern", "voeff_name": "schlecht versorgter Bereich", "vpriv_name": "gering: Blockrandbebauung", "versorg_sst": 9, "esst_name": "Wilhelminian-period block development with wings and rear buildings (until 1918)", "evoeff_name": "poor availability", "evpriv_name": "low: Wilhelminian-period block-edge development"}, "geometry": {"type": "MultiPolygon", "coordinates": [[[[13.44301491, 52.47175563], [13.44582371, 52.47208187], [13.4457085, 52.47243504], [13.44423307, 52.47229439], [13.44398095, 52.47297499], [13.44436528, 52.47302853], [13.44427666, 52.47327947], [13.44415291, 52.47358137], [13.44473203, 52.47368184], [13.44485846, 52.47347754], [13.44488598, 52.47348314], [13.44498417, 52.47326087], [13.44542085, 52.47331619], [13.44524852, 52.47382132], [13.44521373, 52.47383474], [13.44410706, 52.47368972], [13.44407423, 52.4737646], [13.44378054, 52.47371555], [13.4436363, 52.47326104], [13.44265926, 52.4723482], [13.4428509, 52.47226851], [13.44301491, 52.47175563]]]]}}, {"type": "Feature", "properties": {"id": "versorggruen_2020.1400762351000000", "styp_id": "1400762351000000", "sst_name": "Blockbebauung der Gründerzeit mit Seitenflügeln und Hinterhäusern", "voeff_name": "nicht versorgter Bereich", "vpriv_name": "gering: Blockrandbebauung", "versorg_sst": 12, "esst_name": "Wilhelminian-period block development with wings and rear buildings (until 1918)", "evoeff_name": "no availability", "evpriv_name": "low: Wilhelminian-period block-edge development"}, "geometry": {"type": "MultiPolygon", "coordinates": [[[[13.44304055, 52.47160739], [13.44322254, 52.47066319], [13.44618915, 52.47102991], [13.44589698, 52.4719425], [13.44304055, 52.47160739]]]]}}, {"type": "Feature", "properties": {"id": "versorggruen_2020.1400762361000000", "styp_id": "1400762361000000", "sst_name": "Blockbebauung der Gründerzeit mit Seitenflügeln und Hinterhäusern", "voeff_name": "nicht versorgter Bereich", "vpriv_name": "gering: Blockrandbebauung", "versorg_sst": 12, "esst_name": "Wilhelminian-period block development with wings and rear buildings (until 1918)", "evoeff_name": "no availability", "evpriv_name": "low: Wilhelminian-period block-edge development"}, "geometry": {"type": "MultiPolygon", "coordinates": [[[[13.44611173, 52.47196799], [13.44640834, 52.47104822], [13.44780272, 52.4712094], [13.44635837, 52.47199681], [13.44611173, 52.47196799]]]]}}, {"type": "Feature", "properties": {"id": "versorggruen_2020.1400762391000000", "styp_id": "1400762391000000", "sst_name": "geringe Bebauung mit überwiegender Nutzung durch Gewerbe und Industrie", "voeff_name": "nicht versorgter Bereich", "vpriv_name": "gering: Blockrandbebauung", "versorg_sst": 12, "esst_name": "Sparse development with predominantly commercial and industrial use", "evoeff_name": "no availability", "evpriv_name": "low: Wilhelminian-period block-edge development"}, "geometry": {"type": "MultiPolygon", "coordinates": [[[[13.4523339, 52.47115326], [13.45330045, 52.47159412], [13.45389652, 52.47194907], [13.4525116, 52.47273426], [13.45150359, 52.47198149], [13.4523339, 52.47115326]]]]}}, {"type": "Feature", "properties": {"id": "versorggruen_2020.1400762401000000", "styp_id": "1400762401000000", "sst_name": "Blockbebauung der Gründerzeit mit Seitenflügeln und Hinterhäusern", "voeff_name": "nicht versorgter Bereich", "vpriv_name": "gering: Blockrandbebauung", "versorg_sst": 12, "esst_name": "Wilhelminian-period block development with wings and rear buildings (until 1918)", "evoeff_name": "no availability", "evpriv_name": "low: Wilhelminian-period block-edge development"}, "geometry": {"type": "MultiPolygon", "coordinates": [[[[13.45047503, 52.47085484], [13.45194407, 52.47111763], [13.45142994, 52.47162731], [13.45110154, 52.47168704], [13.45025051, 52.47143415], [13.44991366, 52.4713977], [13.45047503, 52.47085484]]]]}}, {"type": "Feature", "properties": {"id": "versorggruen_2020.1400762411000000", "styp_id": "1400762411000000", "sst_name": "Zeilenbebauung seit den 50er Jahren", "voeff_name": "nicht versorgter Bereich", "vpriv_name": "mittel: Zeilen oder kompakte Siedlung", "versorg_sst": 11, "esst_name": "Row development since the 1950s", "evoeff_name": "no availability", "evpriv_name": "medium: row development or compact settlement"}, "geometry": {"type": "MultiPolygon", "coordinates": [[[[13.44822771, 52.47055582], [13.45018681, 52.47080499], [13.44962979, 52.47136222], [13.44882807, 52.47129272], [13.44805924, 52.47109566], [13.44822771, 52.47055582]]]]}}, {"type": "Feature", "properties": {"id": "versorggruen_2020.1400762421000000", "styp_id": "1400762421000000", "sst_name": "Blockbebauung der Gründerzeit mit Seitenflügeln und Hinterhäusern", "voeff_name": "nicht versorgter Bereich", "vpriv_name": "gering: Blockrandbebauung", "versorg_sst": 12, "esst_name": "Wilhelminian-period block development with wings and rear buildings (until 1918)", "evoeff_name": "no availability", "evpriv_name": "low: Wilhelminian-period block-edge development"}, "geometry": {"type": "MultiPolygon", "coordinates": [[[[13.44579496, 52.47026725], [13.44795266, 52.47052395], [13.44780191, 52.47104674], [13.44581038, 52.47081186], [13.44579496, 52.47026725]]]]}}, {"type": "Feature", "properties": {"id": "versorggruen_2020.1400762431000000", "styp_id": "1400762431000000", "sst_name": "Blockbebauung der Gründerzeit mit Seitenflügeln und Hinterhäusern", "voeff_name": "nicht versorgter Bereich", "vpriv_name": "gering: Blockrandbebauung", "versorg_sst": 12, "esst_name": "Wilhelminian-period block development with wings and rear buildings (until 1918)", "evoeff_name": "no availability", "evpriv_name": "low: Wilhelminian-period block-edge development"}, "geometry": {"type": "MultiPolygon", "coordinates": [[[[13.44322172, 52.47050682], [13.44339312, 52.46998406], [13.44553312, 52.47024438], [13.4455368, 52.47078088], [13.44322172, 52.47050682]]]]}}, {"type": "Feature", "properties": {"id": "versorggruen_2020.1400766131000000", "styp_id": "1400766131000000", "sst_name": "Zeilenbebauung seit den 50er Jahren", "voeff_name": "schlecht versorgter Bereich", "vpriv_name": "mittel: Zeilen oder kompakte Siedlung", "versorg_sst": 8, "esst_name": "Row development since the 1950s", "evoeff_name": "poor availability", "evpriv_name": "medium: row development or compact settlement"}, "geometry": {"type": "MultiPolygon", "coordinates": [[[[13.44947006, 52.47925221], [13.4505295, 52.48005809], [13.44817106, 52.48127673], [13.44706767, 52.48043906], [13.44947006, 52.47925221]]]]}}, {"type": "Feature", "properties": {"id": "versorggruen_2020.1400766221000200", "styp_id": "1400766221000200", "sst_name": "Blockbebauung der Gründerzeit mit Seitenflügeln und Hinterhäusern", "voeff_name": "schlecht versorgter Bereich", "vpriv_name": "gering: Blockrandbebauung", "versorg_sst": 9, "esst_name": "Wilhelminian-period block development with wings and rear buildings (until 1918)", "evoeff_name": "poor availability", "evpriv_name": "low: Wilhelminian-period block-edge development"}, "geometry": {"type": "MultiPolygon", "coordinates": [[[[13.45238216, 52.47581233], [13.45454448, 52.4747396], [13.45467906, 52.47554727], [13.45379521, 52.47560969], [13.45342639, 52.47610359], [13.45238216, 52.47581233]]]]}}, {"type": "Feature", "properties": {"id": "versorggruen_2020.1400766231000000", "styp_id": "1400766231000000", "sst_name": "Bebauung mit überwiegender Nutzung durch Gemeinbedarf und Sondernutzung, Verkehrsflächen ohne Straßen", "voeff_name": "schlecht versorgter Bereich", "vpriv_name": "mittel: Zeilen oder kompakte Siedlung", "versorg_sst": 8, "esst_name": "Development with predominantly public and special use or non-street traffic area", "evoeff_name": "poor availability", "evpriv_name": "medium: row development or compact settlement"}, "geometry": {"type": "MultiPolygon", "coordinates": [[[[13.44950101, 52.47411462], [13.45071777, 52.47382258], [13.45091293, 52.47396486], [13.45050351, 52.47477574], [13.45078887, 52.47481301], [13.45110192, 52.47417902], [13.45132572, 52.47415239], [13.45277986, 52.47523742], [13.45014908, 52.47655186], [13.44980767, 52.4761766], [13.44963905, 52.47602089], [13.44925165, 52.47573723], [13.44899877, 52.47559095], [13.44948804, 52.47510023], [13.4496041, 52.47446256], [13.44950101, 52.47411462]]]]}}, {"type": "Feature", "properties": {"id": "versorggruen_2020.1400766241000100", "styp_id": "1400766241000100", "sst_name": "Bebauung mit überwiegender Nutzung durch Gemeinbedarf und Sondernutzung, Verkehrsflächen ohne Straßen", "voeff_name": "nicht versorgter Bereich", "vpriv_name": "mittel: Zeilen oder kompakte Siedlung", "versorg_sst": 11, "esst_name": "Development with predominantly public and special use or non-street traffic area", "evoeff_name": "no availability", "evpriv_name": "medium: row development or compact settlement"}, "geometry": {"type": "MultiPolygon", "coordinates": [[[[13.44621939, 52.47229939], [13.44763802, 52.4715292], [13.44796351, 52.47173879], [13.44784989, 52.47194072], [13.44799363, 52.47203365], [13.44784077, 52.47221585], [13.44849953, 52.47241162], [13.44846435, 52.47244426], [13.44819704, 52.4726802], [13.44740469, 52.47246872], [13.44621939, 52.47229939]]]]}}, {"type": "Feature", "properties": {"id": "versorggruen_2020.1400766241000200", "styp_id": "1400766241000200", "sst_name": "Blockbebauung der Gründerzeit mit Seitenflügeln und Hinterhäusern", "voeff_name": "nicht versorgter Bereich", "vpriv_name": "gering: Blockrandbebauung", "versorg_sst": 12, "esst_name": "Wilhelminian-period block development with wings and rear buildings (until 1918)", "evoeff_name": "no availability", "evpriv_name": "low: Wilhelminian-period block-edge development"}, "geometry": {"type": "MultiPolygon", "coordinates": [[[[13.44763802, 52.4715292], [13.4477133, 52.47148695], [13.44812419, 52.47140849], [13.44947176, 52.47150577], [13.45018509, 52.4716012], [13.45090535, 52.47180447], [13.4511284, 52.47196296], [13.44946977, 52.47346575], [13.44919896, 52.47347163], [13.44842612, 52.47280097], [13.44865664, 52.47256676], [13.44924005, 52.47276719], [13.45034866, 52.47176518], [13.45011414, 52.47169966], [13.44968746, 52.47164688], [13.44944117, 52.47185181], [13.44796351, 52.47173879], [13.44763802, 52.4715292]]]]}}, {"type": "Feature", "properties": {"id": "versorggruen_2020.1400766441000000", "styp_id": "1400766441000000", "sst_name": "geringe Bebauung mit überwiegender Nutzung durch Gewerbe und Industrie", "voeff_name": "schlecht versorgter Bereich", "vpriv_name": "gering: Blockrandbebauung", "versorg_sst": 9, "esst_name": "Sparse development with predominantly commercial and industrial use", "evoeff_name": "poor availability", "evpriv_name": "low: Wilhelminian-period block-edge development"}, "geometry": {"type": "MultiPolygon", "coordinates": [[[[13.44890257, 52.48493447], [13.44741154, 52.48381519], [13.44965797, 52.48267188], [13.45114758, 52.48378125], [13.44890257, 52.48493447]]]]}}, {"type": "Feature", "properties": {"id": "versorggruen_2020.1400766491000100", "styp_id": "1400766491000100", "sst_name": "Blockbebauung der Gründerzeit mit Seitenflügeln und Hinterhäusern", "voeff_name": "schlecht versorgter Bereich", "vpriv_name": "gering: Blockrandbebauung", "versorg_sst": 9, "esst_name": "Wilhelminian-period block development with wings and rear buildings (until 1918)", "evoeff_name": "poor availability", "evpriv_name": "low: Wilhelminian-period block-edge development"}, "geometry": {"type": "MultiPolygon", "coordinates": [[[[13.43950923, 52.47808389], [13.4417766, 52.47683742], [13.44210982, 52.47669325], [13.44227659, 52.47658478], [13.44225945, 52.4765963], [13.44272069, 52.47687716], [13.44295182, 52.47689517], [13.44245791, 52.47725268], [13.44158322, 52.47802784], [13.4413156, 52.4779708], [13.44093132, 52.47835303], [13.43950923, 52.47808389]]]]}}, {"type": "Feature", "properties": {"id": "versorggruen_2020.1400766491000200", "styp_id": "1400766491000200", "sst_name": "Bebauung mit überwiegender Nutzung durch Gemeinbedarf und Sondernutzung, Verkehrsflächen ohne Straßen", "voeff_name": "schlecht versorgter Bereich", "vpriv_name": "mittel: Zeilen oder kompakte Siedlung", "versorg_sst": 8, "esst_name": "Development with predominantly public and special use or non-street traffic area", "evoeff_name": "poor availability", "evpriv_name": "medium: row development or compact settlement"}, "geometry": {"type": "MultiPolygon", "coordinates": [[[[13.44158322, 52.47802784], [13.44245791, 52.47725268], [13.44295182, 52.47689517], [13.4433647, 52.47664434], [13.44380902, 52.47664944], [13.44448693, 52.4769549], [13.4419475, 52.47855412], [13.44116951, 52.47841002], [13.44158322, 52.47802784]]]]}}, {"type": "Feature", "properties": {"id": "versorggruen_2020.1400766501000000", "styp_id": "1400766501000000", "sst_name": "dörfliche Bebauung", "voeff_name": "schlecht versorgter Bereich", "vpriv_name": "hoch: aufgelockerte Siedlungsbebauung", "versorg_sst": 7, "esst_name": "Village-like development", "evoeff_name": "poor availability", "evpriv_name": "high: loose settlement development"}, "geometry": {"type": "MultiPolygon", "coordinates": [[[[13.44242999, 52.47650324], [13.44469932, 52.47510125], [13.44524865, 52.4753627], [13.44287278, 52.47678916], [13.44242999, 52.47650324]]]]}}, {"type": "Feature", "properties": {"id": "versorggruen_2020.1400770941000000", "styp_id": "1400770941000000", "sst_name": "Blockrand- und Zeilenbebauung der 20er und 30er Jahre", "voeff_name": "schlecht versorgter Bereich", "vpriv_name": "mittel: Zeilen oder kompakte Siedlung", "versorg_sst": 8, "esst_name": "Block-edge and row development of the 1920s and 1930s", "evoeff_name": "poor availability", "evpriv_name": "medium: row development or compact settlement"}, "geometry": {"type": "MultiPolygon", "coordinates": [[[[13.45246906, 52.48126517], [13.45345873, 52.48075079], [13.45390934, 52.48107137], [13.45427448, 52.48142148], [13.45373639, 52.48163458], [13.45328216, 52.48186037], [13.45246906, 52.48126517]]]]}}, {"type": "Feature", "properties": {"id": "versorggruen_2020.1400770981000200", "styp_id": "1400770981000200", "sst_name": "Zeilenbebauung seit den 50er Jahren", "voeff_name": "schlecht versorgter Bereich", "vpriv_name": "mittel: Zeilen oder kompakte Siedlung", "versorg_sst": 8, "esst_name": "Row development since the 1950s", "evoeff_name": "poor availability", "evpriv_name": "medium: row development or compact settlement"}, "geometry": {"type": "MultiPolygon", "coordinates": [[[[13.45560468, 52.47962789], [13.45706028, 52.47887692], [13.4571554, 52.47897658], [13.45749169, 52.48076433], [13.45581427, 52.48085774], [13.45560468, 52.47962789]]]]}}, {"type": "Feature", "properties": {"id": "versorggruen_2020.1400771001000100", "styp_id": "1400771001000100", "sst_name": "nicht oder gering bebaute Grün- und Freiflächen", "voeff_name": "nicht versorgter Bereich", "vpriv_name": "hoch: aufgelockerte Siedlungsbebauung", "versorg_sst": 10, "esst_name": "Public green and open spaces with sparse or no development", "evoeff_name": "no availability", "evpriv_name": "high: loose settlement development"}, "geometry": {"type": "MultiPolygon", "coordinates": [[[[13.46060881, 52.48318563], [13.46044209, 52.48235436], [13.46037968, 52.48190936], [13.46039352, 52.48151294], [13.46038416, 52.48103691], [13.46044939, 52.48065702], [13.4605428, 52.48021405], [13.46068705, 52.47980347], [13.4609081, 52.47942562], [13.46145074, 52.4787664], [13.4619738, 52.47816952], [13.46412202, 52.47929483], [13.46200868, 52.48078926], [13.46272567, 52.48115941], [13.46280235, 52.48112087], [13.46213877, 52.48077976], [13.46224075, 52.48070761], [13.46390893, 52.48159869], [13.46119492, 52.48350727], [13.46060881, 52.48318563]]], [[[13.46347211, 52.47983626], [13.46428967, 52.47925776], [13.46161193, 52.47788315], [13.46149025, 52.47775537], [13.46276082, 52.47764301], [13.46308928, 52.47757516], [13.46340437, 52.47753965], [13.4647228, 52.47743101], [13.46528146, 52.47738496], [13.46539041, 52.47737253], [13.4655112, 52.47734394], [13.46805106, 52.47868728], [13.4651593, 52.48071999], [13.46347211, 52.47983626]]]]}}, {"type": "Feature", "properties": {"id": "versorggruen_2020.1400771971000200", "styp_id": "1400771971000200", "sst_name": "Blockrand- und Zeilenbebauung der 20er und 30er Jahre", "voeff_name": "versorgter Bereich", "vpriv_name": "mittel: Zeilen oder kompakte Siedlung", "versorg_sst": 2, "esst_name": "Block-edge and row development of the 1920s and 1930s", "evoeff_name": "good availability", "evpriv_name": "medium: row development or compact settlement"}, "geometry": {"type": "MultiPolygon", "coordinates": [[[[13.46256156, 52.47123165], [13.46340494, 52.47102617], [13.46378237, 52.47123248], [13.46390223, 52.47185183], [13.46397577, 52.47225902], [13.46406956, 52.4731632], [13.46415224, 52.47468924], [13.46430165, 52.47567977], [13.4646697, 52.47724843], [13.46420084, 52.47728783], [13.46376178, 52.47512608], [13.46366036, 52.47406081], [13.46358314, 52.47278113], [13.46358504, 52.47263728], [13.4634929, 52.47184004], [13.46303464, 52.47187108], [13.46256156, 52.47123165]]]]}}, {"type": "Feature", "properties": {"id": "versorggruen_2020.1400772671000000", "styp_id": "1400772671000000", "sst_name": "geringe Bebauung mit überwiegender Nutzung durch Gewerbe und Industrie", "voeff_name": "nicht versorgter Bereich", "vpriv_name": "gering: Blockrandbebauung", "versorg_sst": 12, "esst_name": "Sparse development with predominantly commercial and industrial use", "evoeff_name": "no availability", "evpriv_name": "low: Wilhelminian-period block-edge development"}, "geometry": {"type": "MultiPolygon", "coordinates": [[[[13.44198014, 52.4689204], [13.44218728, 52.46782556], [13.44812892, 52.46844964], [13.44790436, 52.46925851], [13.44798466, 52.46948263], [13.44811912, 52.46965385], [13.44198014, 52.4689204]]]]}}, {"type": "Feature", "properties": {"id": "versorggruen_2020.1400772681000000", "styp_id": "1400772681000000", "sst_name": "geringe Bebauung mit überwiegender Nutzung durch Gewerbe und Industrie", "voeff_name": "nicht versorgter Bereich", "vpriv_name": "gering: Blockrandbebauung", "versorg_sst": 12, "esst_name": "Sparse development with predominantly commercial and industrial use", "evoeff_name": "no availability", "evpriv_name": "low: Wilhelminian-period block-edge development"}, "geometry": {"type": "MultiPolygon", "coordinates": [[[[13.44840491, 52.46847651], [13.4499741, 52.46867393], [13.44937682, 52.46996328], [13.44848783, 52.46972599], [13.44825151, 52.46942848], [13.44818994, 52.46925647], [13.44840491, 52.46847651]]]]}}, {"type": "Feature", "properties": {"id": "versorggruen_2020.1400772701000000", "styp_id": "1400772701000000", "sst_name": "geringe Bebauung mit überwiegender Nutzung durch Gewerbe und Industrie", "voeff_name": "nicht versorgter Bereich", "vpriv_name": "gering: Blockrandbebauung", "versorg_sst": 12, "esst_name": "Sparse development with predominantly commercial and industrial use", "evoeff_name": "no availability", "evpriv_name": "low: Wilhelminian-period block-edge development"}, "geometry": {"type": "MultiPolygon", "coordinates": [[[[13.45281908, 52.47059446], [13.45401552, 52.46936739], [13.45427349, 52.46925274], [13.45593498, 52.46920931], [13.45675292, 52.47021974], [13.45669833, 52.47024106], [13.45664406, 52.47017917], [13.45573981, 52.4704299], [13.45517474, 52.47056461], [13.45452034, 52.47063975], [13.45409976, 52.47066291], [13.4537182, 52.47066236], [13.4532355, 52.47064025], [13.45281908, 52.47059446]]]]}}, {"type": "Feature", "properties": {"id": "versorggruen_2020.1400772731000000", "styp_id": "1400772731000000", "sst_name": "geringe Bebauung mit überwiegender Nutzung durch Gewerbe und Industrie", "voeff_name": "versorgter Bereich", "vpriv_name": "gering: Blockrandbebauung", "versorg_sst": 3, "esst_name": "Sparse development with predominantly commercial and industrial use", "evoeff_name": "good availability", "evpriv_name": "low: Wilhelminian-period block-edge development"}, "geometry": {"type": "MultiPolygon", "coordinates": [[[[13.46509401, 52.47030058], [13.46595707, 52.46969246], [13.46712931, 52.46984592], [13.46674328, 52.47038819], [13.46614853, 52.47086188], [13.46509401, 52.47030058]]]]}}, {"type": "Feature", "properties": {"id": "versorggruen_2020.1400772741000000", "styp_id": "1400772741000000", "sst_name": "niedrige Bebauung mit Hausgärten", "voeff_name": "versorgter Bereich", "vpriv_name": "hoch: aufgelockerte Siedlungsbebauung", "versorg_sst": 1, "esst_name": "Low buildings with yards", "evoeff_name": "good availability", "evpriv_name": "high: loose settlement development"}, "geometry": {"type": "MultiPolygon", "coordinates": [[[[13.46631159, 52.47093759], [13.46692711, 52.47041989], [13.46732346, 52.46987224], [13.46837507, 52.47001834], [13.46809391, 52.47045651], [13.46779385, 52.47082725], [13.46787176, 52.47084893], [13.4671752, 52.47139797], [13.46631159, 52.47093759]]]]}}, {"type": "Feature", "properties": {"id": "versorggruen_2020.1400772751000000", "styp_id": "1400772751000000", "sst_name": "Zeilenbebauung seit den 50er Jahren", "voeff_name": "versorgter Bereich", "vpriv_name": "mittel: Zeilen oder kompakte Siedlung", "versorg_sst": 2, "esst_name": "Row development since the 1950s", "evoeff_name": "good availability", "evpriv_name": "medium: row development or compact settlement"}, "geometry": {"type": "MultiPolygon", "coordinates": [[[[13.46734411, 52.47148716], [13.46805548, 52.47091208], [13.46833177, 52.4710122], [13.46855063, 52.47071504], [13.46821104, 52.47062022], [13.46858984, 52.4700384], [13.47013862, 52.47024805], [13.46965949, 52.47090883], [13.46907472, 52.471476], [13.46835762, 52.47201155], [13.46734411, 52.47148716]]]]}}, {"type": "Feature", "properties": {"id": "versorggruen_2020.1400772761000100", "styp_id": "1400772761000100", "sst_name": "Zeilenbebauung seit den 50er Jahren", "voeff_name": "versorgter Bereich", "vpriv_name": "mittel: Zeilen oder kompakte Siedlung", "versorg_sst": 2, "esst_name": "Row development since the 1950s", "evoeff_name": "good availability", "evpriv_name": "medium: row development or compact settlement"}, "geometry": {"type": "MultiPolygon", "coordinates": [[[[13.46850005, 52.47209981], [13.46896782, 52.47174186], [13.46937522, 52.47139283], [13.46993356, 52.47080585], [13.47013016, 52.47055808], [13.4703122, 52.47026446], [13.47101713, 52.47036702], [13.47094501, 52.47054195], [13.47047744, 52.47112569], [13.47057208, 52.47117846], [13.46901164, 52.47236415], [13.46850005, 52.47209981]]]]}}, {"type": "Feature", "properties": {"id": "versorggruen_2020.1400772771000000", "styp_id": "1400772771000000", "sst_name": "niedrige Bebauung mit Hausgärten", "voeff_name": "versorgter Bereich", "vpriv_name": "hoch: aufgelockerte Siedlungsbebauung", "versorg_sst": 1, "esst_name": "Low buildings with yards", "evoeff_name": "good availability", "evpriv_name": "high: loose settlement development"}, "geometry": {"type": "MultiPolygon", "coordinates": [[[[13.46974413, 52.46945491], [13.46974435, 52.4693902], [13.47060426, 52.46882159], [13.47105505, 52.46908909], [13.47198606, 52.46921882], [13.47231782, 52.46902694], [13.47343027, 52.46945076], [13.47290149, 52.46999031], [13.47108215, 52.46975054], [13.46974413, 52.46945491]]]]}}, {"type": "Feature", "properties": {"id": "versorggruen_2020.1400772781000000", "styp_id": "1400772781000000", "sst_name": "Zeilenbebauung seit den 50er Jahren", "voeff_name": "versorgter Bereich", "vpriv_name": "mittel: Zeilen oder kompakte Siedlung", "versorg_sst": 2, "esst_name": "Row development since the 1950s", "evoeff_name": "good availability", "evpriv_name": "medium: row development or compact settlement"}, "geometry": {"type": "MultiPolygon", "coordinates": [[[[13.47241534, 52.46891204], [13.4729463, 52.46855955], [13.47387317, 52.46775825], [13.47497311, 52.46818844], [13.47367492, 52.46944283], [13.47267965, 52.46907144], [13.47241534, 52.46891204]]]]}}, {"type": "Feature", "properties": {"id": "versorggruen_2020.1400772791000000", "styp_id": "1400772791000000", "sst_name": "Blockrand- und Zeilenbebauung der 20er und 30er Jahre", "voeff_name": "versorgter Bereich", "vpriv_name": "mittel: Zeilen oder kompakte Siedlung", "versorg_sst": 2, "esst_name": "Block-edge and row development of the 1920s and 1930s", "evoeff_name": "good availability", "evpriv_name": "medium: row development or compact settlement"}, "geometry": {"type": "MultiPolygon", "coordinates": [[[[13.47299344, 52.46727723], [13.47377178, 52.46771589], [13.47277122, 52.46855304], [13.47189514, 52.46912883], [13.47114654, 52.46901821], [13.47071039, 52.46876961], [13.47299344, 52.46727723]]]]}}, {"type": "Feature", "properties": {"id": "versorggruen_2020.1400772801000100", "styp_id": "1400772801000100", "sst_name": "Blockrand- und Zeilenbebauung der 20er und 30er Jahre", "voeff_name": "versorgter Bereich", "vpriv_name": "mittel: Zeilen oder kompakte Siedlung", "versorg_sst": 2, "esst_name": "Block-edge and row development of the 1920s and 1930s", "evoeff_name": "good availability", "evpriv_name": "medium: row development or compact settlement"}, "geometry": {"type": "MultiPolygon", "coordinates": [[[[13.46765054, 52.4686729], [13.46821769, 52.46829261], [13.46915224, 52.46881226], [13.47004381, 52.46823183], [13.47062806, 52.46863417], [13.46975975, 52.46919791], [13.46950303, 52.46938989], [13.46884108, 52.4693252], [13.46765054, 52.4686729]]]]}}, {"type": "Feature", "properties": {"id": "versorggruen_2020.1400772831000000", "styp_id": "1400772831000000", "sst_name": "Bebauung mit überwiegender Nutzung durch Gemeinbedarf und Sondernutzung, Verkehrsflächen ohne Straßen", "voeff_name": "nicht versorgter Bereich", "vpriv_name": "mittel: Zeilen oder kompakte Siedlung", "versorg_sst": 11, "esst_name": "Development with predominantly public and special use or non-street traffic area", "evoeff_name": "no availability", "evpriv_name": "medium: row development or compact settlement"}, "geometry": {"type": "MultiPolygon", "coordinates": [[[[13.46455987, 52.46708983], [13.46521166, 52.4675041], [13.46639079, 52.46817701], [13.46563556, 52.46864212], [13.46380669, 52.46752024], [13.46455987, 52.46708983]]]]}}, {"type": "Feature", "properties": {"id": "versorggruen_2020.1400772901000100", "styp_id": "1400772901000100", "sst_name": "Blockbebauung der Gründerzeit mit Seitenflügeln und Hinterhäusern", "voeff_name": "nicht versorgter Bereich", "vpriv_name": "gering: Blockrandbebauung", "versorg_sst": 12, "esst_name": "Wilhelminian-period block development with wings and rear buildings (until 1918)", "evoeff_name": "no availability", "evpriv_name": "low: Wilhelminian-period block-edge development"}, "geometry": {"type": "MultiPolygon", "coordinates": [[[[13.44217717, 52.46765362], [13.44226425, 52.46719549], [13.44420455, 52.46738933], [13.44458182, 52.46745231], [13.44494569, 52.46758858], [13.4446339, 52.4679087], [13.44217717, 52.46765362]]]]}}, {"type": "Feature", "properties": {"id": "versorggruen_2020.1400773201000100", "styp_id": "1400773201000100", "sst_name": "Blockrand- und Zeilenbebauung der 20er und 30er Jahre", "voeff_name": "unterversorgter Bereich", "vpriv_name": "mittel: Zeilen oder kompakte Siedlung", "versorg_sst": 5, "esst_name": "Block-edge and row development of the 1920s and 1930s", "evoeff_name": "reduced availability", "evpriv_name": "medium: row development or compact settlement"}, "geometry": {"type": "MultiPolygon", "coordinates": [[[[13.46400754, 52.46644491], [13.46503103, 52.46587856], [13.46497763, 52.46583643], [13.46680236, 52.46478519], [13.46685961, 52.46482031], [13.46786776, 52.46424457], [13.46926353, 52.46516766], [13.47077894, 52.46602609], [13.46720864, 52.4683759], [13.46542855, 52.46734444], [13.46400754, 52.46644491]], [[13.46449795, 52.46643646], [13.46577641, 52.46724998], [13.46672197, 52.46777579], [13.46838754, 52.46666927], [13.46980176, 52.46571879], [13.46790632, 52.46455226], [13.4678445, 52.46453706], [13.46778873, 52.46455966], [13.46650526, 52.46528732], [13.46680163, 52.46546534], [13.46603277, 52.46589891], [13.46575472, 52.46572214], [13.46449795, 52.46643646]]]]}}, {"type": "Feature", "properties": {"id": "versorggruen_2020.1400776171000000", "styp_id": "1400776171000000", "sst_name": "geringe Bebauung mit überwiegender Nutzung durch Gewerbe und Industrie", "voeff_name": "nicht versorgter Bereich", "vpriv_name": "gering: Blockrandbebauung", "versorg_sst": 12, "esst_name": "Sparse development with predominantly commercial and industrial use", "evoeff_name": "no availability", "evpriv_name": "low: Wilhelminian-period block-edge development"}, "geometry": {"type": "MultiPolygon", "coordinates": [[[[13.46496168, 52.46425241], [13.4689453, 52.46199317], [13.46918565, 52.46184251], [13.46932736, 52.4617115], [13.46942638, 52.46158582], [13.46949606, 52.46143673], [13.46953783, 52.46127503], [13.46951086, 52.46058662], [13.47197978, 52.46052068], [13.47204193, 52.46083799], [13.47214015, 52.46093697], [13.47237486, 52.46113408], [13.47235241, 52.46124369], [13.46766283, 52.4639038], [13.46704149, 52.46424346], [13.46599117, 52.4648425], [13.46585341, 52.46485633], [13.46496168, 52.46425241]]]]}}, {"type": "Feature", "properties": {"id": "versorggruen_2020.1400776211000000", "styp_id": "1400776211000000", "sst_name": "hohe Bebauung der Nachkriegszeit", "voeff_name": "schlecht versorgter Bereich", "vpriv_name": "mittel: Zeilen oder kompakte Siedlung", "versorg_sst": 8, "esst_name": "Postwar high-rise development", "evoeff_name": "poor availability", "evpriv_name": "medium: row development or compact settlement"}, "geometry": {"type": "MultiPolygon", "coordinates": [[[[13.45340985, 52.48195222], [13.45401735, 52.48168082], [13.4545656, 52.48150189], [13.45421835, 52.48109339], [13.4536505, 52.48064413], [13.45520055, 52.47984568], [13.45538583, 52.47988999], [13.45582247, 52.48229812], [13.45403506, 52.48241954], [13.45340985, 52.48195222]]]]}}, {"type": "Feature", "properties": {"id": "versorggruen_2020.1400776271000100", "styp_id": "1400776271000100", "sst_name": "Zeilenbebauung seit den 50er Jahren", "voeff_name": "unterversorgter Bereich", "vpriv_name": "mittel: Zeilen oder kompakte Siedlung", "versorg_sst": 5, "esst_name": "Row development since the 1950s", "evoeff_name": "reduced availability", "evpriv_name": "medium: row development or compact settlement"}, "geometry": {"type": "MultiPolygon", "coordinates": [[[[13.46808244, 52.46411402], [13.46825724, 52.46393317], [13.46909082, 52.46446978], [13.46921586, 52.46438361], [13.46989609, 52.46483143], [13.4707093, 52.46530482], [13.47139506, 52.46483609], [13.47200324, 52.46515869], [13.47198241, 52.46522607], [13.47097665, 52.46587268], [13.46950528, 52.46504397], [13.46808244, 52.46411402]]]]}}, {"type": "Feature", "properties": {"id": "versorggruen_2020.1400776271000200", "styp_id": "1400776271000200", "sst_name": "hohe Bebauung der Nachkriegszeit", "voeff_name": "unterversorgter Bereich", "vpriv_name": "mittel: Zeilen oder kompakte Siedlung", "versorg_sst": 5, "esst_name": "Postwar high-rise development", "evoeff_name": "reduced availability", "evpriv_name": "medium: row development or compact settlement"}, "geometry": {"type": "MultiPolygon", "coordinates": [[[[13.46869605, 52.46367793], [13.47042089, 52.46269892], [13.47056408, 52.46271065], [13.47070053, 52.46281957], [13.47074304, 52.46286366], [13.47076788, 52.46291132], [13.47077076, 52.46417664], [13.47081924, 52.46419917], [13.4707997, 52.46431417], [13.4708156, 52.46439597], [13.47089018, 52.46452727], [13.4709372, 52.46457004], [13.47020602, 52.46419194], [13.46993112, 52.46433377], [13.46869605, 52.46367793]]]]}}, {"type": "Feature", "properties": {"id": "versorggruen_2020.1400776281000100", "styp_id": "1400776281000100", "sst_name": "Zeilenbebauung seit den 50er Jahren", "voeff_name": "versorgter Bereich", "vpriv_name": "mittel: Zeilen oder kompakte Siedlung", "versorg_sst": 2, "esst_name": "Row development since the 1950s", "evoeff_name": "good availability", "evpriv_name": "medium: row development or compact settlement"}, "geometry": {"type": "MultiPolygon", "coordinates": [[[[13.47142449, 52.46613748], [13.47186996, 52.46582263], [13.4735789, 52.46465962], [13.47367915, 52.46466995], [13.47369977, 52.46557069], [13.4737141, 52.46564837], [13.47312603, 52.4656294], [13.47281491, 52.46583754], [13.47305024, 52.46600088], [13.47219749, 52.46657346], [13.47142449, 52.46613748]]]]}}, {"type": "Feature", "properties": {"id": "versorggruen_2020.1400776281000500", "styp_id": "1400776281000500", "sst_name": "Zeilenbebauung seit den 50er Jahren", "voeff_name": "versorgter Bereich", "vpriv_name": "mittel: Zeilen oder kompakte Siedlung", "versorg_sst": 2, "esst_name": "Row development since the 1950s", "evoeff_name": "good availability", "evpriv_name": "medium: row development or compact settlement"}, "geometry": {"type": "MultiPolygon", "coordinates": [[[[13.47669231, 52.46261074], [13.47703386, 52.46242297], [13.47810654, 52.46398682], [13.47807258, 52.46495272], [13.478034, 52.46500894], [13.47771311, 52.46531915], [13.47765204, 52.46552801], [13.4775386, 52.46575154], [13.47746176, 52.46586205], [13.47737298, 52.46593322], [13.47727217, 52.46599209], [13.47719161, 52.46601411], [13.47698516, 52.46595316], [13.47700618, 52.46593708], [13.47704332, 52.46583199], [13.47704296, 52.46289966], [13.47696995, 52.46273781], [13.47685258, 52.4626397], [13.47669231, 52.46261074]]]]}}, {"type": "Feature", "properties": {"id": "versorggruen_2020.1400776291000000", "styp_id": "1400776291000000", "sst_name": "hohe Bebauung der Nachkriegszeit", "voeff_name": "versorgter Bereich", "vpriv_name": "mittel: Zeilen oder kompakte Siedlung", "versorg_sst": 2, "esst_name": "Postwar high-rise development", "evoeff_name": "good availability", "evpriv_name": "medium: row development or compact settlement"}, "geometry": {"type": "MultiPolygon", "coordinates": [[[[13.47389162, 52.46445244], [13.47501409, 52.46370183], [13.47508092, 52.46370872], [13.47511823, 52.4638408], [13.4751104, 52.46569023], [13.47519088, 52.46582244], [13.47518898, 52.46594645], [13.474568, 52.46596093], [13.47435181, 52.4659319], [13.47410933, 52.46584441], [13.47398324, 52.46571574], [13.47392485, 52.46557997], [13.47393653, 52.46475771], [13.47388844, 52.46462195], [13.4738386, 52.46457066], [13.47384116, 52.46454425], [13.47389162, 52.46445244]]]]}}, {"type": "Feature", "properties": {"id": "versorggruen_2020.1400776301000000", "styp_id": "1400776301000000", "sst_name": "hohe Bebauung der Nachkriegszeit", "voeff_name": "versorgter Bereich", "vpriv_name": "mittel: Zeilen oder kompakte Siedlung", "versorg_sst": 2, "esst_name": "Postwar high-rise development", "evoeff_name": "good availability", "evpriv_name": "medium: row development or compact settlement"}, "geometry": {"type": "MultiPolygon", "coordinates": [[[[13.47540496, 52.46344711], [13.47642663, 52.46282907], [13.47651577, 52.46282918], [13.47657691, 52.4628735], [13.47660464, 52.46291097], [13.47663401, 52.46590875], [13.47549066, 52.46593426], [13.47549102, 52.46582821], [13.47555922, 52.46567733], [13.47556553, 52.46383508], [13.47550286, 52.46365976], [13.47537687, 52.46350323], [13.47540496, 52.46344711]]]]}}, {"type": "Feature", "properties": {"id": "versorggruen_2020.1400776311000000", "styp_id": "1400776311000000", "sst_name": "hohe Bebauung der Nachkriegszeit", "voeff_name": "versorgter Bereich", "vpriv_name": "mittel: Zeilen oder kompakte Siedlung", "versorg_sst": 2, "esst_name": "Postwar high-rise development", "evoeff_name": "good availability", "evpriv_name": "medium: row development or compact settlement"}, "geometry": {"type": "MultiPolygon", "coordinates": [[[[13.47071219, 52.46253342], [13.47194253, 52.46183411], [13.47204963, 52.46183425], [13.47213742, 52.4618881], [13.47214675, 52.4636743], [13.47213779, 52.46371113], [13.47207302, 52.46372003], [13.47109459, 52.46372324], [13.47103883, 52.46368093], [13.47102086, 52.46293592], [13.47096237, 52.4628316], [13.47069666, 52.46259882], [13.47071219, 52.46253342]]]]}}, {"type": "Feature", "properties": {"id": "versorggruen_2020.1400776321000000", "styp_id": "1400776321000000", "sst_name": "hohe Bebauung der Nachkriegszeit", "voeff_name": "versorgter Bereich", "vpriv_name": "mittel: Zeilen oder kompakte Siedlung", "versorg_sst": 2, "esst_name": "Postwar high-rise development", "evoeff_name": "good availability", "evpriv_name": "medium: row development or compact settlement"}, "geometry": {"type": "MultiPolygon", "coordinates": [[[[13.47226116, 52.46503502], [13.4721493, 52.46504566], [13.47126663, 52.46458708], [13.47112424, 52.46449253], [13.47107145, 52.46444304], [13.47103938, 52.46435672], [13.47103374, 52.46387324], [13.47107655, 52.46383285], [13.47246254, 52.46383018], [13.47252731, 52.46382038], [13.47255684, 52.46379076], [13.47257203, 52.46197009], [13.47261926, 52.46192792], [13.47358439, 52.46193007], [13.47364313, 52.4619616], [13.47364852, 52.46380206], [13.47370697, 52.46391717], [13.47376854, 52.46398195], [13.47372268, 52.46405558], [13.47226116, 52.46503502]]]]}}, {"type": "Feature", "properties": {"id": "versorggruen_2020.1400776331000000", "styp_id": "1400776331000000", "sst_name": "hohe Bebauung der Nachkriegszeit", "voeff_name": "versorgter Bereich", "vpriv_name": "mittel: Zeilen oder kompakte Siedlung", "versorg_sst": 2, "esst_name": "Postwar high-rise development", "evoeff_name": "good availability", "evpriv_name": "medium: row development or compact settlement"}, "geometry": {"type": "MultiPolygon", "coordinates": [[[[13.4741336, 52.46375855], [13.47402796, 52.46369716], [13.47406684, 52.46196394], [13.47412729, 52.46192987], [13.4750895, 52.46192392], [13.47514235, 52.46195814], [13.47514113, 52.46274356], [13.47514833, 52.46278761], [13.47518056, 52.46282809], [13.47521724, 52.46285959], [13.47529221, 52.46287676], [13.47542905, 52.46287514], [13.47549682, 52.46284916], [13.47555874, 52.4628115], [13.47557368, 52.46274591], [13.47557639, 52.4619524], [13.47563242, 52.46191743], [13.47574277, 52.46191757], [13.47589572, 52.46193484], [13.47600449, 52.46196553], [13.47609556, 52.46200609], [13.4763465, 52.46219692], [13.47631974, 52.46227687], [13.47641153, 52.46235604], [13.47505728, 52.46316762], [13.4741336, 52.46375855]]]]}}, {"type": "Feature", "properties": {"id": "versorggruen_2020.1400776341000100", "styp_id": "1400776341000100", "sst_name": "Siedlungsbebauung der 90er Jahre", "voeff_name": "versorgter Bereich", "vpriv_name": "mittel: Zeilen oder kompakte Siedlung", "versorg_sst": 2, "esst_name": "Residential development of the 1990s", "evoeff_name": "good availability", "evpriv_name": "medium: row development or compact settlement"}, "geometry": {"type": "MultiPolygon", "coordinates": [[[[13.47246377, 52.46153807], [13.47425353, 52.46054273], [13.47478585, 52.46035417], [13.4754039, 52.46104108], [13.47598297, 52.46145807], [13.4760776, 52.46146204], [13.47689922, 52.46208298], [13.47667754, 52.46219644], [13.47639584, 52.46196603], [13.47629161, 52.4618976], [13.47614767, 52.46182732], [13.47595803, 52.46178304], [13.47577715, 52.46175855], [13.47563006, 52.46174847], [13.47261842, 52.46174459], [13.47243291, 52.46161279], [13.47246377, 52.46153807]]]]}}, {"type": "Feature", "properties": {"id": "versorggruen_2020.1400776361000000", "styp_id": "1400776361000000", "sst_name": "hohe Bebauung der Nachkriegszeit", "voeff_name": "versorgter Bereich", "vpriv_name": "mittel: Zeilen oder kompakte Siedlung", "versorg_sst": 2, "esst_name": "Postwar high-rise development", "evoeff_name": "good availability", "evpriv_name": "medium: row development or compact settlement"}, "geometry": {"type": "MultiPolygon", "coordinates": [[[[13.46340494, 52.47102617], [13.46427725, 52.47071464], [13.46466792, 52.47052196], [13.46657601, 52.47147175], [13.46478032, 52.47277416], [13.46451906, 52.47298588], [13.46440228, 52.47312861], [13.4643126, 52.47310512], [13.46414954, 52.471827], [13.46390223, 52.47185183], [13.46378237, 52.47123248], [13.46340494, 52.47102617]]]]}}, {"type": "Feature", "properties": {"id": "versorggruen_2020.1400776461000100", "styp_id": "1400776461000100", "sst_name": "Blockrand- und Zeilenbebauung der 20er und 30er Jahre", "voeff_name": "nicht versorgter Bereich", "vpriv_name": "mittel: Zeilen oder kompakte Siedlung", "versorg_sst": 11, "esst_name": "Block-edge and row development of the 1920s and 1930s", "evoeff_name": "no availability", "evpriv_name": "medium: row development or compact settlement"}, "geometry": {"type": "MultiPolygon", "coordinates": [[[[13.46140335, 52.46784286], [13.46367906, 52.46653594], [13.4644278, 52.46699349], [13.46321789, 52.46767511], [13.46337474, 52.4677702], [13.46370007, 52.46758201], [13.46529462, 52.4685604], [13.46504814, 52.46871667], [13.46442457, 52.46836021], [13.4642978, 52.46842407], [13.46271695, 52.46740002], [13.46167429, 52.46798549], [13.46140335, 52.46784286]]]]}}, {"type": "Feature", "properties": {"id": "versorggruen_2020.1400776471000000", "styp_id": "1400776471000000", "sst_name": "dichte Bebauung mit überwiegender Nutzung durch Gewerbe und Industrie", "voeff_name": "schlecht versorgter Bereich", "vpriv_name": "kein: alle anderen Strukturtypen", "versorg_sst": 9, "esst_name": "Dense development with predominantly commercial and industrial use", "evoeff_name": "poor availability", "evpriv_name": "none: all other structure types"}, "geometry": {"type": "MultiPolygon", "coordinates": [[[[13.4496913, 52.47913662], [13.45175151, 52.47811341], [13.45387784, 52.47972064], [13.45183222, 52.48077176], [13.45091801, 52.48007395], [13.45182068, 52.4795981], [13.45174583, 52.47954317], [13.45144492, 52.47970808], [13.45134071, 52.47963423], [13.45073892, 52.47995416], [13.4496913, 52.47913662]]]]}}, {"type": "Feature", "properties": {"id": "versorggruen_2020.1400776511000000", "styp_id": "1400776511000000", "sst_name": "hohe Bebauung der Nachkriegszeit", "voeff_name": "versorgter Bereich", "vpriv_name": "mittel: Zeilen oder kompakte Siedlung", "versorg_sst": 2, "esst_name": "Postwar high-rise development", "evoeff_name": "good availability", "evpriv_name": "medium: row development or compact settlement"}, "geometry": {"type": "MultiPolygon", "coordinates": [[[[13.46545396, 52.47247133], [13.46752063, 52.47361448], [13.46760571, 52.4752529], [13.46816359, 52.47563468], [13.46721678, 52.47617979], [13.46717448, 52.4760728], [13.46721175, 52.47594164], [13.4675501, 52.47516655], [13.46752376, 52.47471719], [13.46723883, 52.47415065], [13.4671402, 52.47415861], [13.46738548, 52.47470083], [13.46741627, 52.47514031], [13.46700056, 52.47614535], [13.46708401, 52.47626499], [13.4663007, 52.47676448], [13.46603235, 52.47690161], [13.4657375, 52.47703781], [13.46547225, 52.47712911], [13.46524098, 52.47718451], [13.46503336, 52.47721029], [13.46493639, 52.47716702], [13.46462246, 52.4756856], [13.4645209, 52.47488835], [13.46440434, 52.47377026], [13.46446734, 52.47344503], [13.46458448, 52.47320435], [13.46474414, 52.47300866], [13.4649154, 52.47285971], [13.46518539, 52.47267137], [13.4658947, 52.47307673], [13.46655618, 52.47369051], [13.46684293, 52.47375201], [13.46700291, 52.47386905], [13.46711829, 52.47411454], [13.46721838, 52.47410838], [13.46707956, 52.4738359], [13.46689755, 52.47370355], [13.46659314, 52.47364473], [13.46595522, 52.47302828], [13.4652459, 52.47262472], [13.46545396, 52.47247133]]]]}}, {"type": "Feature", "properties": {"id": "versorggruen_2020.1400779041000100", "styp_id": "1400779041000100", "sst_name": "geringe Bebauung mit überwiegender Nutzung durch Gewerbe und Industrie", "voeff_name": "nicht versorgter Bereich", "vpriv_name": "gering: Blockrandbebauung", "versorg_sst": 12, "esst_name": "Sparse development with predominantly commercial and industrial use", "evoeff_name": "no availability", "evpriv_name": "low: Wilhelminian-period block-edge development"}, "geometry": {"type": "MultiPolygon", "coordinates": [[[[13.44185781, 52.46965202], [13.4418782, 52.46953066], [13.44222969, 52.46955573], [13.44236987, 52.46941285], [13.44469162, 52.46974221], [13.44596538, 52.46997314], [13.44999048, 52.47061556], [13.44915638, 52.47052486], [13.44557634, 52.47010964], [13.44185781, 52.46965202]]]]}}, {"type": "Feature", "properties": {"id": "versorggruen_2020.1400779111000100", "styp_id": "1400779111000100", "sst_name": "Bebauung mit überwiegender Nutzung durch Gemeinbedarf und Sondernutzung, Verkehrsflächen ohne Straßen", "voeff_name": "versorgter Bereich", "vpriv_name": "mittel: Zeilen oder kompakte Siedlung", "versorg_sst": 2, "esst_name": "Development with predominantly public and special use or non-street traffic area", "evoeff_name": "good availability", "evpriv_name": "medium: row development or compact settlement"}, "geometry": {"type": "MultiPolygon", "coordinates": [[[[13.46651041, 52.46926654], [13.46657104, 52.46919476], [13.46693822, 52.46922142], [13.46717139, 52.46906473], [13.46791178, 52.46914049], [13.46856547, 52.4694965], [13.46874903, 52.46951918], [13.46867431, 52.46967549], [13.46973413, 52.46985468], [13.469709, 52.46990544], [13.46861576, 52.46976684], [13.46695324, 52.46952883], [13.46702812, 52.46933659], [13.46651041, 52.46926654]]]]}}, {"type": "Feature", "properties": {"id": "versorggruen_2020.1400780461000000", "styp_id": "1400780461000000", "sst_name": "Blockbebauung der Gründerzeit mit Seitenflügeln und Hinterhäusern", "voeff_name": "versorgter Bereich", "vpriv_name": "gering: Blockrandbebauung", "versorg_sst": 3, "esst_name": "Wilhelminian-period block development with wings and rear buildings (until 1918)", "evoeff_name": "good availability", "evpriv_name": "low: Wilhelminian-period block-edge development"}, "geometry": {"type": "MultiPolygon", "coordinates": [[[[13.42462958, 52.48638727], [13.42659738, 52.48549466], [13.42680639, 52.48712338], [13.42560581, 52.48755808], [13.42462958, 52.48638727]]]]}}, {"type": "Feature", "properties": {"id": "versorggruen_2020.1400780471000000", "styp_id": "1400780471000000", "sst_name": "Blockbebauung der Gründerzeit mit Seitenflügeln und Hinterhäusern", "voeff_name": "nicht versorgter Bereich", "vpriv_name": "gering: Blockrandbebauung", "versorg_sst": 12, "esst_name": "Wilhelminian-period block development with wings and rear buildings (until 1918)", "evoeff_name": "no availability", "evpriv_name": "low: Wilhelminian-period block-edge development"}, "geometry": {"type": "MultiPolygon", "coordinates": [[[[13.42684077, 52.48538453], [13.42860497, 52.48457511], [13.42872231, 52.48466697], [13.42880426, 52.4864159], [13.42704817, 52.48704381], [13.42684077, 52.48538453]]]]}}, {"type": "Feature", "properties": {"id": "versorggruen_2020.1400780631000000", "styp_id": "1400780631000000", "sst_name": "Blockbebauung der Gründerzeit mit Seitenflügeln und Hinterhäusern", "voeff_name": "nicht versorgter Bereich", "vpriv_name": "gering: Blockrandbebauung", "versorg_sst": 12, "esst_name": "Wilhelminian-period block development with wings and rear buildings (until 1918)", "evoeff_name": "no availability", "evpriv_name": "low: Wilhelminian-period block-edge development"}, "geometry": {"type": "MultiPolygon", "coordinates": [[[[13.42901206, 52.48439337], [13.4314959, 52.48326788], [13.43226751, 52.48386676], [13.42961452, 52.48528853], [13.42905217, 52.48529479], [13.42901206, 52.48439337]]]]}}, {"type": "Feature", "properties": {"id": "versorggruen_2020.1400780641000000", "styp_id": "1400780641000000", "sst_name": "Blockbebauung der Gründerzeit mit Seitenflügeln und Hinterhäusern", "voeff_name": "nicht versorgter Bereich", "vpriv_name": "gering: Blockrandbebauung", "versorg_sst": 12, "esst_name": "Wilhelminian-period block development with wings and rear buildings (until 1918)", "evoeff_name": "no availability", "evpriv_name": "low: Wilhelminian-period block-edge development"}, "geometry": {"type": "MultiPolygon", "coordinates": [[[[13.42758635, 52.48228901], [13.42888233, 52.48246642], [13.42873481, 52.48417812], [13.42762128, 52.48465883], [13.42758635, 52.48228901]]]]}}, {"type": "Feature", "properties": {"id": "versorggruen_2020.1400780751000000", "styp_id": "1400780751000000", "sst_name": "Blockbebauung der Gründerzeit mit Seitenflügeln und Hinterhäusern", "voeff_name": "nicht versorgter Bereich", "vpriv_name": "gering: Blockrandbebauung", "versorg_sst": 12, "esst_name": "Wilhelminian-period block development with wings and rear buildings (until 1918)", "evoeff_name": "no availability", "evpriv_name": "low: Wilhelminian-period block-edge development"}, "geometry": {"type": "MultiPolygon", "coordinates": [[[[13.42758635, 52.48228901], [13.42761249, 52.48204103], [13.42789137, 52.4812363], [13.42925359, 52.48140663], [13.42888233, 52.48246642], [13.42758635, 52.48228901]]]]}}, {"type": "Feature", "properties": {"id": "versorggruen_2020.1400780761000000", "styp_id": "1400780761000000", "sst_name": "Blockbebauung der Gründerzeit mit Seitenflügeln und Hinterhäusern", "voeff_name": "nicht versorgter Bereich", "vpriv_name": "gering: Blockrandbebauung", "versorg_sst": 12, "esst_name": "Wilhelminian-period block development with wings and rear buildings (until 1918)", "evoeff_name": "no availability", "evpriv_name": "low: Wilhelminian-period block-edge development"}, "geometry": {"type": "MultiPolygon", "coordinates": [[[[13.42925177, 52.48214263], [13.42951547, 52.48143402], [13.43127203, 52.48163734], [13.42939714, 52.48222015], [13.42925177, 52.48214263]]]]}}, {"type": "Feature", "properties": {"id": "versorggruen_2020.1400780771000000", "styp_id": "1400780771000000", "sst_name": "Blockbebauung der Gründerzeit mit Seitenflügeln und Hinterhäusern", "voeff_name": "nicht versorgter Bereich", "vpriv_name": "gering: Blockrandbebauung", "versorg_sst": 12, "esst_name": "Wilhelminian-period block development with wings and rear buildings (until 1918)", "evoeff_name": "no availability", "evpriv_name": "low: Wilhelminian-period block-edge development"}, "geometry": {"type": "MultiPolygon", "coordinates": [[[[13.42907704, 52.48401604], [13.42898743, 52.48397635], [13.42915749, 52.48248845], [13.43169864, 52.48169286], [13.43345083, 52.48188895], [13.43348148, 52.48194921], [13.43325851, 52.48210881], [13.42907704, 52.48401604]]]]}}, {"type": "Feature", "properties": {"id": "versorggruen_2020.1400780781000000", "styp_id": "1400780781000000", "sst_name": "Blockbebauung der Gründerzeit mit Seitenflügeln und Hinterhäusern", "voeff_name": "nicht versorgter Bereich", "vpriv_name": "gering: Blockrandbebauung", "versorg_sst": 12, "esst_name": "Wilhelminian-period block development with wings and rear buildings (until 1918)", "evoeff_name": "no availability", "evpriv_name": "low: Wilhelminian-period block-edge development"}, "geometry": {"type": "MultiPolygon", "coordinates": [[[[13.43172008, 52.48316939], [13.43367446, 52.48224878], [13.43448287, 52.4828522], [13.43248732, 52.48375928], [13.43172008, 52.48316939]]]]}}, {"type": "Feature", "properties": {"id": "versorggruen_2020.1400780791000000", "styp_id": "1400780791000000", "sst_name": "Bebauung mit überwiegender Nutzung durch Gemeinbedarf und Sondernutzung, Verkehrsflächen ohne Straßen", "voeff_name": "nicht versorgter Bereich", "vpriv_name": "mittel: Zeilen oder kompakte Siedlung", "versorg_sst": 11, "esst_name": "Development with predominantly public and special use or non-street traffic area", "evoeff_name": "no availability", "evpriv_name": "medium: row development or compact settlement"}, "geometry": {"type": "MultiPolygon", "coordinates": [[[[13.43382819, 52.48209985], [13.4345057, 52.48161209], [13.43472234, 52.48160435], [13.435787, 52.48217672], [13.43468357, 52.482733], [13.43382819, 52.48209985]]]]}}, {"type": "Feature", "properties": {"id": "versorggruen_2020.1400781091000000", "styp_id": "1400781091000000", "sst_name": "Bebauung mit überwiegender Nutzung durch Handel und Dienstleistung", "voeff_name": "nicht versorgter Bereich", "vpriv_name": "gering: Blockrandbebauung", "versorg_sst": 12, "esst_name": "Development with predominantly retail and service use", "evoeff_name": "no availability", "evpriv_name": "low: Wilhelminian-period block-edge development"}, "geometry": {"type": "MultiPolygon", "coordinates": [[[[13.43685184, 52.47997852], [13.43726287, 52.47962359], [13.43796285, 52.47912171], [13.43965308, 52.47944185], [13.43928648, 52.48020099], [13.43906566, 52.48033913], [13.43685184, 52.47997852]]]]}}, {"type": "Feature", "properties": {"id": "versorggruen_2020.1400781101000000", "styp_id": "1400781101000000", "sst_name": "Blockbebauung der Gründerzeit mit Seitenflügeln und Hinterhäusern", "voeff_name": "nicht versorgter Bereich", "vpriv_name": "gering: Blockrandbebauung", "versorg_sst": 12, "esst_name": "Wilhelminian-period block development with wings and rear buildings (until 1918)", "evoeff_name": "no availability", "evpriv_name": "low: Wilhelminian-period block-edge development"}, "geometry": {"type": "MultiPolygon", "coordinates": [[[[13.43565443, 52.4808393], [13.43662013, 52.48012373], [13.43886616, 52.48047869], [13.43782853, 52.48115463], [13.43565443, 52.4808393]]]]}}, {"type": "Feature", "properties": {"id": "versorggruen_2020.1400781121000000", "styp_id": "1400781121000000", "sst_name": "Blockbebauung der Gründerzeit mit Seitenflügeln und Hinterhäusern", "voeff_name": "nicht versorgter Bereich", "vpriv_name": "gering: Blockrandbebauung", "versorg_sst": 12, "esst_name": "Wilhelminian-period block development with wings and rear buildings (until 1918)", "evoeff_name": "no availability", "evpriv_name": "low: Wilhelminian-period block-edge development"}, "geometry": {"type": "MultiPolygon", "coordinates": [[[[13.43492527, 52.48092486], [13.43467952, 52.48095994], [13.43213134, 52.48059721], [13.43228755, 52.48011851], [13.43301662, 52.48021134], [13.43554565, 52.48046708], [13.43515437, 52.48075581], [13.43492527, 52.48092486]]]]}}, {"type": "Feature", "properties": {"id": "versorggruen_2020.1400781131000000", "styp_id": "1400781131000000", "sst_name": "Blockbebauung der Gründerzeit mit Seitenflügeln und Hinterhäusern", "voeff_name": "nicht versorgter Bereich", "vpriv_name": "gering: Blockrandbebauung", "versorg_sst": 12, "esst_name": "Wilhelminian-period block development with wings and rear buildings (until 1918)", "evoeff_name": "no availability", "evpriv_name": "low: Wilhelminian-period block-edge development"}, "geometry": {"type": "MultiPolygon", "coordinates": [[[[13.43183917, 52.48153403], [13.43208838, 52.48076519], [13.43454786, 52.4811107], [13.43458141, 52.48117995], [13.43375757, 52.48175555], [13.43183917, 52.48153403]]]]}}, {"type": "Feature", "properties": {"id": "versorggruen_2020.1400781141000200", "styp_id": "1400781141000200", "sst_name": "Bebauung mit überwiegender Nutzung durch Gemeinbedarf und Sondernutzung, Verkehrsflächen ohne Straßen", "voeff_name": "nicht versorgter Bereich", "vpriv_name": "mittel: Zeilen oder kompakte Siedlung", "versorg_sst": 11, "esst_name": "Development with predominantly public and special use or non-street traffic area", "evoeff_name": "no availability", "evpriv_name": "medium: row development or compact settlement"}, "geometry": {"type": "MultiPolygon", "coordinates": [[[[13.42838095, 52.47972494], [13.42845465, 52.47950382], [13.4313184, 52.47986809], [13.43204902, 52.47996101], [13.43185833, 52.48055874], [13.42914458, 52.48017852], [13.4292621, 52.47983498], [13.42838095, 52.47972494]]]]}}, {"type": "Feature", "properties": {"id": "versorggruen_2020.1400781141000300", "styp_id": "1400781141000300", "sst_name": "dichte Bebauung mit überwiegender Nutzung durch Gewerbe und Industrie", "voeff_name": "nicht versorgter Bereich", "vpriv_name": "kein: alle anderen Strukturtypen", "versorg_sst": 12, "esst_name": "Dense development with predominantly commercial and industrial use", "evoeff_name": "no availability", "evpriv_name": "none: all other structure types"}, "geometry": {"type": "MultiPolygon", "coordinates": [[[[13.4313184, 52.47986809], [13.431623, 52.47897629], [13.43676664, 52.47961222], [13.43576705, 52.48032545], [13.43302324, 52.4800451], [13.43225231, 52.4799395], [13.43204902, 52.47996101], [13.4313184, 52.47986809]]]]}}, {"type": "Feature", "properties": {"id": "versorggruen_2020.1400781141000400", "styp_id": "1400781141000400", "sst_name": "Siedlungsbebauung der 90er Jahre", "voeff_name": "nicht versorgter Bereich", "vpriv_name": "mittel: Zeilen oder kompakte Siedlung", "versorg_sst": 11, "esst_name": "Residential development of the 1990s", "evoeff_name": "no availability", "evpriv_name": "medium: row development or compact settlement"}, "geometry": {"type": "MultiPolygon", "coordinates": [[[[13.42875449, 52.47861447], [13.43086343, 52.47888191], [13.43132755, 52.47893976], [13.431623, 52.47897629], [13.4313184, 52.47986809], [13.42845465, 52.47950382], [13.42861472, 52.47902906], [13.43055159, 52.47927285], [13.43057098, 52.47921573], [13.42863724, 52.47896214], [13.42875449, 52.47861447]]]]}}, {"type": "Feature", "properties": {"id": "versorggruen_2020.1400781151000000", "styp_id": "1400781151000000", "sst_name": "Blockbebauung der Gründerzeit mit Seitenflügeln und Hinterhäusern", "voeff_name": "nicht versorgter Bereich", "vpriv_name": "gering: Blockrandbebauung", "versorg_sst": 12, "esst_name": "Wilhelminian-period block development with wings and rear buildings (until 1918)", "evoeff_name": "no availability", "evpriv_name": "low: Wilhelminian-period block-edge development"}, "geometry": {"type": "MultiPolygon", "coordinates": [[[[13.42955746, 52.48126065], [13.42987309, 52.48045598], [13.43181033, 52.48073328], [13.43157732, 52.48149945], [13.42955746, 52.48126065]]]]}}, {"type": "Feature", "properties": {"id": "versorggruen_2020.1400781161000000", "styp_id": "1400781161000000", "sst_name": "Blockbebauung der Gründerzeit mit Seitenflügeln und Hinterhäusern", "voeff_name": "nicht versorgter Bereich", "vpriv_name": "gering: Blockrandbebauung", "versorg_sst": 12, "esst_name": "Wilhelminian-period block development with wings and rear buildings (until 1918)", "evoeff_name": "no availability", "evpriv_name": "low: Wilhelminian-period block-edge development"}, "geometry": {"type": "MultiPolygon", "coordinates": [[[[13.42792453, 52.48106381], [13.42822564, 52.48022317], [13.42960098, 52.48041509], [13.42929858, 52.48121978], [13.42792453, 52.48106381]]]]}}, {"type": "Feature", "properties": {"id": "versorggruen_2020.1400781171000000", "styp_id": "1400781171000000", "sst_name": "hohe Bebauung der Nachkriegszeit", "voeff_name": "nicht versorgter Bereich", "vpriv_name": "mittel: Zeilen oder kompakte Siedlung", "versorg_sst": 11, "esst_name": "Postwar high-rise development", "evoeff_name": "no availability", "evpriv_name": "medium: row development or compact settlement"}, "geometry": {"type": "MultiPolygon", "coordinates": [[[[13.42564788, 52.47969131], [13.42610027, 52.47828028], [13.42848059, 52.47858095], [13.42802805, 52.47997661], [13.42564788, 52.47969131]]]]}}, {"type": "Feature", "properties": {"id": "versorggruen_2020.1400781301000000", "styp_id": "1400781301000000", "sst_name": "geringe Bebauung mit überwiegender Nutzung durch Gewerbe und Industrie", "voeff_name": "nicht versorgter Bereich", "vpriv_name": "gering: Blockrandbebauung", "versorg_sst": 12, "esst_name": "Sparse development with predominantly commercial and industrial use", "evoeff_name": "no availability", "evpriv_name": "low: Wilhelminian-period block-edge development"}, "geometry": {"type": "MultiPolygon", "coordinates": [[[[13.42615603, 52.47813614], [13.42630133, 52.47771996], [13.42860267, 52.47800844], [13.42865954, 52.47806137], [13.42854591, 52.4783874], [13.42845847, 52.47842229], [13.42615603, 52.47813614]]]]}}, {"type": "Feature", "properties": {"id": "versorggruen_2020.1400781331000000", "styp_id": "1400781331000000", "sst_name": "Blockbebauung der Gründerzeit mit Seitenflügeln und Hinterhäusern", "voeff_name": "nicht versorgter Bereich", "vpriv_name": "gering: Blockrandbebauung", "versorg_sst": 12, "esst_name": "Wilhelminian-period block development with wings and rear buildings (until 1918)", "evoeff_name": "no availability", "evpriv_name": "low: Wilhelminian-period block-edge development"}, "geometry": {"type": "MultiPolygon", "coordinates": [[[[13.43816382, 52.4789662], [13.43924929, 52.47821243], [13.44172172, 52.47869576], [13.44059865, 52.47941113], [13.43816382, 52.4789662]]]]}}, {"type": "Feature", "properties": {"id": "versorggruen_2020.1400781511000000", "styp_id": "1400781511000000", "sst_name": "Blockbebauung der Gründerzeit mit Seitenflügeln und Hinterhäusern", "voeff_name": "versorgter Bereich", "vpriv_name": "gering: Blockrandbebauung", "versorg_sst": 3, "esst_name": "Wilhelminian-period block development with wings and rear buildings (until 1918)", "evoeff_name": "good availability", "evpriv_name": "low: Wilhelminian-period block-edge development"}, "geometry": {"type": "MultiPolygon", "coordinates": [[[[13.43781228, 52.47882558], [13.43935423, 52.47670557], [13.43968696, 52.47594469], [13.44226427, 52.47630734], [13.43960814, 52.47777115], [13.43888122, 52.47816056], [13.43791871, 52.47886915], [13.43781228, 52.47882558]]]]}}, {"type": "Feature", "properties": {"id": "versorggruen_2020.1400781521000000", "styp_id": "1400781521000000", "sst_name": "Blockbebauung der Gründerzeit mit Seitenflügeln und Hinterhäusern", "voeff_name": "versorgter Bereich", "vpriv_name": "gering: Blockrandbebauung", "versorg_sst": 3, "esst_name": "Wilhelminian-period block development with wings and rear buildings (until 1918)", "evoeff_name": "good availability", "evpriv_name": "low: Wilhelminian-period block-edge development"}, "geometry": {"type": "MultiPolygon", "coordinates": [[[[13.43838326, 52.4775108], [13.43673935, 52.47729517], [13.43705228, 52.47649294], [13.43887745, 52.47677188], [13.43872769, 52.47704188], [13.43838326, 52.4775108]]]]}}, {"type": "Feature", "properties": {"id": "versorggruen_2020.1400781531000000", "styp_id": "1400781531000000", "sst_name": "Blockbebauung der Gründerzeit mit Seitenflügeln und Hinterhäusern", "voeff_name": "versorgter Bereich", "vpriv_name": "gering: Blockrandbebauung", "versorg_sst": 3, "esst_name": "Wilhelminian-period block development with wings and rear buildings (until 1918)", "evoeff_name": "good availability", "evpriv_name": "low: Wilhelminian-period block-edge development"}, "geometry": {"type": "MultiPolygon", "coordinates": [[[[13.437899, 52.47819056], [13.43644149, 52.47802588], [13.43666409, 52.4774205], [13.43829226, 52.4776369], [13.437899, 52.47819056]]]]}}, {"type": "Feature", "properties": {"id": "versorggruen_2020.1400781541000000", "styp_id": "1400781541000000", "sst_name": "Blockrandbebauung der Gründerzeit mit massiven Veränderungen", "voeff_name": "versorgter Bereich", "vpriv_name": "gering: Blockrandbebauung", "versorg_sst": 3, "esst_name": "Wilhelminian-period block-edge development with major changes", "evoeff_name": "good availability", "evpriv_name": "low: Wilhelminian-period block-edge development"}, "geometry": {"type": "MultiPolygon", "coordinates": [[[[13.43285383, 52.47829474], [13.43304205, 52.47777332], [13.43779497, 52.47834031], [13.43739518, 52.47890579], [13.43285383, 52.47829474]]]]}}, {"type": "Feature", "properties": {"id": "versorggruen_2020.1400781551000000", "styp_id": "1400781551000000", "sst_name": "Blockrandbebauung der Gründerzeit mit massiven Veränderungen", "voeff_name": "versorgter Bereich", "vpriv_name": "gering: Blockrandbebauung", "versorg_sst": 3, "esst_name": "Wilhelminian-period block-edge development with major changes", "evoeff_name": "good availability", "evpriv_name": "low: Wilhelminian-period block-edge development"}, "geometry": {"type": "MultiPolygon", "coordinates": [[[[13.43308085, 52.47765207], [13.43331341, 52.47697486], [13.43642349, 52.47738717], [13.43619462, 52.47800267], [13.43308085, 52.47765207]]]]}}, {"type": "Feature", "properties": {"id": "versorggruen_2020.1400781601000000", "styp_id": "1400781601000000", "sst_name": "Blockrandbebauung der Gründerzeit mit massiven Veränderungen", "voeff_name": "nicht versorgter Bereich", "vpriv_name": "gering: Blockrandbebauung", "versorg_sst": 12, "esst_name": "Wilhelminian-period block-edge development with major changes", "evoeff_name": "no availability", "evpriv_name": "low: Wilhelminian-period block-edge development"}, "geometry": {"type": "MultiPolygon", "coordinates": [[[[13.42640122, 52.47747884], [13.42660093, 52.47701216], [13.4289229, 52.47729044], [13.42875817, 52.47778053], [13.42640122, 52.47747884]]]]}}, {"type": "Feature", "properties": {"id": "versorggruen_2020.1400781751000000", "styp_id": "1400781751000000", "sst_name": "Blockbebauung der Gründerzeit mit Seitenflügeln und Hinterhäusern", "voeff_name": "versorgter Bereich", "vpriv_name": "gering: Blockrandbebauung", "versorg_sst": 3, "esst_name": "Wilhelminian-period block development with wings and rear buildings (until 1918)", "evoeff_name": "good availability", "evpriv_name": "low: Wilhelminian-period block-edge development"}, "geometry": {"type": "MultiPolygon", "coordinates": [[[[13.42728007, 52.47548115], [13.42758743, 52.47487957], [13.43059091, 52.47526292], [13.43055674, 52.47533566], [13.42893775, 52.47568973], [13.42728007, 52.47548115]]]]}}, {"type": "Feature", "properties": {"id": "versorggruen_2020.1400781761000000", "styp_id": "1400781761000000", "sst_name": "hohe Bebauung der Nachkriegszeit", "voeff_name": "versorgter Bereich", "vpriv_name": "mittel: Zeilen oder kompakte Siedlung", "versorg_sst": 2, "esst_name": "Postwar high-rise development", "evoeff_name": "good availability", "evpriv_name": "medium: row development or compact settlement"}, "geometry": {"type": "MultiPolygon", "coordinates": [[[[13.42966879, 52.47577902], [13.42973734, 52.47558952], [13.43098154, 52.47531748], [13.43124372, 52.47535146], [13.43104892, 52.47595484], [13.42966879, 52.47577902]]]]}}, {"type": "Feature", "properties": {"id": "versorggruen_2020.1400781771000000", "styp_id": "1400781771000000", "sst_name": "Bebauung mit überwiegender Nutzung durch Gemeinbedarf und Sondernutzung, Verkehrsflächen ohne Straßen", "voeff_name": "versorgter Bereich", "vpriv_name": "mittel: Zeilen oder kompakte Siedlung", "versorg_sst": 2, "esst_name": "Development with predominantly public and special use or non-street traffic area", "evoeff_name": "good availability", "evpriv_name": "medium: row development or compact settlement"}, "geometry": {"type": "MultiPolygon", "coordinates": [[[[13.4315965, 52.47522983], [13.43347957, 52.47481986], [13.43375561, 52.47485208], [13.43331374, 52.47622987], [13.43136622, 52.47599122], [13.4315965, 52.47522983]]]]}}, {"type": "Feature", "properties": {"id": "versorggruen_2020.1400781821000000", "styp_id": "1400781821000000", "sst_name": "Blockbebauung der Gründerzeit mit Seitenflügeln und Hinterhäusern", "voeff_name": "versorgter Bereich", "vpriv_name": "gering: Blockrandbebauung", "versorg_sst": 3, "esst_name": "Wilhelminian-period block development with wings and rear buildings (until 1918)", "evoeff_name": "good availability", "evpriv_name": "low: Wilhelminian-period block-edge development"}, "geometry": {"type": "MultiPolygon", "coordinates": [[[[13.43785143, 52.47448829], [13.44013956, 52.47381356], [13.44033539, 52.4738627], [13.43982111, 52.4747811], [13.4397364, 52.4749506], [13.4394295, 52.47571547], [13.43894756, 52.47661813], [13.43721526, 52.47637055], [13.43785143, 52.47448829]]]]}}, {"type": "Feature", "properties": {"id": "versorggruen_2020.1400781831000000", "styp_id": "1400781831000000", "sst_name": "Blockbebauung der Gründerzeit mit Seitenflügeln und Hinterhäusern", "voeff_name": "schlecht versorgter Bereich", "vpriv_name": "gering: Blockrandbebauung", "versorg_sst": 9, "esst_name": "Wilhelminian-period block development with wings and rear buildings (until 1918)", "evoeff_name": "poor availability", "evpriv_name": "low: Wilhelminian-period block-edge development"}, "geometry": {"type": "MultiPolygon", "coordinates": [[[[13.43981668, 52.47582654], [13.43998663, 52.47536129], [13.44319483, 52.47579482], [13.442532, 52.4762107], [13.43981668, 52.47582654]]]]}}, {"type": "Feature", "properties": {"id": "versorggruen_2020.1400781881000100", "styp_id": "1400781881000100", "sst_name": "Blockbebauung der Gründerzeit mit Seitenflügeln und Hinterhäusern", "voeff_name": "schlecht versorgter Bereich", "vpriv_name": "gering: Blockrandbebauung", "versorg_sst": 9, "esst_name": "Wilhelminian-period block development with wings and rear buildings (until 1918)", "evoeff_name": "poor availability", "evpriv_name": "low: Wilhelminian-period block-edge development"}, "geometry": {"type": "MultiPolygon", "coordinates": [[[[13.43994832, 52.47525471], [13.44013097, 52.47484076], [13.44033929, 52.47446631], [13.44070652, 52.47389464], [13.44075553, 52.47381207], [13.44232026, 52.47402304], [13.44270727, 52.47406795], [13.44241737, 52.47473637], [13.4410005, 52.47455305], [13.44088709, 52.47473837], [13.44081671, 52.47492077], [13.44094864, 52.47493986], [13.44086699, 52.4751431], [13.4421247, 52.47532201], [13.44220254, 52.47511257], [13.44388363, 52.47533909], [13.44412647, 52.47518582], [13.44351772, 52.47509546], [13.44360805, 52.47488584], [13.44356246, 52.47488121], [13.44382854, 52.47427933], [13.44384783, 52.47416703], [13.44444459, 52.47420183], [13.44493904, 52.47424358], [13.44426796, 52.47509933], [13.44421293, 52.47520321], [13.44417984, 52.4751966], [13.44331095, 52.4757279], [13.43994832, 52.47525471]]]]}}, {"type": "Feature", "properties": {"id": "versorggruen_2020.1400782091000100", "styp_id": "1400782091000100", "sst_name": "Blockbebauung der Gründerzeit mit Seitenflügeln und Hinterhäusern", "voeff_name": "schlecht versorgter Bereich", "vpriv_name": "gering: Blockrandbebauung", "versorg_sst": 9, "esst_name": "Wilhelminian-period block development with wings and rear buildings (until 1918)", "evoeff_name": "poor availability", "evpriv_name": "low: Wilhelminian-period block-edge development"}, "geometry": {"type": "MultiPolygon", "coordinates": [[[[13.4409962, 52.47337177], [13.4411153, 52.47314077], [13.44126515, 52.472797], [13.44132654, 52.4726029], [13.44148899, 52.47179264], [13.44170514, 52.47177607], [13.44217427, 52.47219183], [13.44144301, 52.47337202], [13.44201273, 52.47355871], [13.44258517, 52.4725711], [13.44337392, 52.47332924], [13.44353806, 52.47370384], [13.44353082, 52.47403094], [13.44248718, 52.47389381], [13.4409962, 52.47337177]]]]}}, {"type": "Feature", "properties": {"id": "versorggruen_2020.1400782101000000", "styp_id": "1400782101000000", "sst_name": "Blockbebauung der Gründerzeit mit Seitenflügeln und Hinterhäusern", "voeff_name": "unterversorgter Bereich", "vpriv_name": "gering: Blockrandbebauung", "versorg_sst": 6, "esst_name": "Wilhelminian-period block development with wings and rear buildings (until 1918)", "evoeff_name": "reduced availability", "evpriv_name": "low: Wilhelminian-period block-edge development"}, "geometry": {"type": "MultiPolygon", "coordinates": [[[[13.43805376, 52.47323511], [13.43842053, 52.47212225], [13.4398223, 52.47227904], [13.44096075, 52.47244142], [13.44088643, 52.47282785], [13.44043158, 52.47367605], [13.43955767, 52.47360595], [13.43898111, 52.47352954], [13.43805376, 52.47323511]]]]}}, {"type": "Feature", "properties": {"id": "versorggruen_2020.1400782121000100", "styp_id": "1400782121000100", "sst_name": "Blockbebauung der Gründerzeit mit Seitenflügeln und Hinterhäusern", "voeff_name": "versorgter Bereich", "vpriv_name": "gering: Blockrandbebauung", "versorg_sst": 3, "esst_name": "Wilhelminian-period block development with wings and rear buildings (until 1918)", "evoeff_name": "good availability", "evpriv_name": "low: Wilhelminian-period block-edge development"}, "geometry": {"type": "MultiPolygon", "coordinates": [[[[13.42767208, 52.47470987], [13.42779332, 52.47447767], [13.43205613, 52.47500945], [13.43130509, 52.47517334], [13.42767208, 52.47470987]]]]}}, {"type": "Feature", "properties": {"id": "versorggruen_2020.1400782251000000", "styp_id": "1400782251000000", "sst_name": "Blockbebauung der Gründerzeit mit Seitenflügeln und Hinterhäusern", "voeff_name": "unterversorgter Bereich", "vpriv_name": "gering: Blockrandbebauung", "versorg_sst": 6, "esst_name": "Wilhelminian-period block development with wings and rear buildings (until 1918)", "evoeff_name": "reduced availability", "evpriv_name": "low: Wilhelminian-period block-edge development"}, "geometry": {"type": "MultiPolygon", "coordinates": [[[[13.42918014, 52.47184477], [13.42960323, 52.47101961], [13.43194623, 52.47129039], [13.43169665, 52.47215539], [13.42918014, 52.47184477]]]]}}, {"type": "Feature", "properties": {"id": "versorggruen_2020.1400782261000000", "styp_id": "1400782261000000", "sst_name": "Blockbebauung der Gründerzeit mit Seitenflügeln und Hinterhäusern", "voeff_name": "unterversorgter Bereich", "vpriv_name": "gering: Blockrandbebauung", "versorg_sst": 6, "esst_name": "Wilhelminian-period block development with wings and rear buildings (until 1918)", "evoeff_name": "reduced availability", "evpriv_name": "low: Wilhelminian-period block-edge development"}, "geometry": {"type": "MultiPolygon", "coordinates": [[[[13.4319629, 52.47218189], [13.43221244, 52.47132318], [13.43473495, 52.47160679], [13.43443381, 52.47249777], [13.4319629, 52.47218189]]]]}}, {"type": "Feature", "properties": {"id": "versorggruen_2020.1400782271000000", "styp_id": "1400782271000000", "sst_name": "Blockrand- und Zeilenbebauung der 20er und 30er Jahre", "voeff_name": "unterversorgter Bereich", "vpriv_name": "mittel: Zeilen oder kompakte Siedlung", "versorg_sst": 5, "esst_name": "Block-edge and row development of the 1920s and 1930s", "evoeff_name": "reduced availability", "evpriv_name": "medium: row development or compact settlement"}, "geometry": {"type": "MultiPolygon", "coordinates": [[[[13.43471332, 52.47251889], [13.43501145, 52.47164408], [13.43642936, 52.47180543], [13.43614147, 52.47270183], [13.43471332, 52.47251889]]]]}}, {"type": "Feature", "properties": {"id": "versorggruen_2020.1400782281000000", "styp_id": "1400782281000000", "sst_name": "geringe Bebauung mit überwiegender Nutzung durch Gewerbe und Industrie", "voeff_name": "unterversorgter Bereich", "vpriv_name": "gering: Blockrandbebauung", "versorg_sst": 6, "esst_name": "Sparse development with predominantly commercial and industrial use", "evoeff_name": "reduced availability", "evpriv_name": "low: Wilhelminian-period block-edge development"}, "geometry": {"type": "MultiPolygon", "coordinates": [[[[13.4364444, 52.47275175], [13.43672329, 52.47189397], [13.43816071, 52.47210589], [13.43781549, 52.47314305], [13.43700759, 52.4728551], [13.4364444, 52.47275175]]]]}}, {"type": "Feature", "properties": {"id": "versorggruen_2020.1400782291000000", "styp_id": "1400782291000000", "sst_name": "Blockbebauung der Gründerzeit mit Seitenflügeln und Hinterhäusern", "voeff_name": "unterversorgter Bereich", "vpriv_name": "gering: Blockrandbebauung", "versorg_sst": 6, "esst_name": "Wilhelminian-period block development with wings and rear buildings (until 1918)", "evoeff_name": "reduced availability", "evpriv_name": "low: Wilhelminian-period block-edge development"}, "geometry": {"type": "MultiPolygon", "coordinates": [[[[13.4296864, 52.470849], [13.43014805, 52.46995291], [13.43225861, 52.47019634], [13.43199113, 52.47112062], [13.4296864, 52.470849]]]]}}, {"type": "Feature", "properties": {"id": "versorggruen_2020.1400782301000000", "styp_id": "1400782301000000", "sst_name": "Blockbebauung der Gründerzeit mit Seitenflügeln und Hinterhäusern", "voeff_name": "unterversorgter Bereich", "vpriv_name": "gering: Blockrandbebauung", "versorg_sst": 6, "esst_name": "Wilhelminian-period block development with wings and rear buildings (until 1918)", "evoeff_name": "reduced availability", "evpriv_name": "low: Wilhelminian-period block-edge development"}, "geometry": {"type": "MultiPolygon", "coordinates": [[[[13.43227062, 52.47114534], [13.43254388, 52.47024354], [13.43497068, 52.47052878], [13.43505723, 52.47059093], [13.43494555, 52.47089269], [13.43318497, 52.47069302], [13.43313569, 52.47085559], [13.43489477, 52.47106426], [13.43478571, 52.47143972], [13.43227062, 52.47114534]]]]}}, {"type": "Feature", "properties": {"id": "versorggruen_2020.1400782311000000", "styp_id": "1400782311000000", "sst_name": "Blockrand- und Zeilenbebauung der 20er und 30er Jahre", "voeff_name": "unterversorgter Bereich", "vpriv_name": "mittel: Zeilen oder kompakte Siedlung", "versorg_sst": 5, "esst_name": "Block-edge and row development of the 1920s and 1930s", "evoeff_name": "reduced availability", "evpriv_name": "medium: row development or compact settlement"}, "geometry": {"type": "MultiPolygon", "coordinates": [[[[13.4350549, 52.47146622], [13.43535019, 52.47056085], [13.43633406, 52.47069903], [13.43605505, 52.47158646], [13.4350549, 52.47146622]]]]}}, {"type": "Feature", "properties": {"id": "versorggruen_2020.1400782331000000", "styp_id": "1400782331000000", "sst_name": "Blockbebauung der Gründerzeit mit Seitenflügeln und Hinterhäusern", "voeff_name": "unterversorgter Bereich", "vpriv_name": "gering: Blockrandbebauung", "versorg_sst": 6, "esst_name": "Wilhelminian-period block development with wings and rear buildings (until 1918)", "evoeff_name": "reduced availability", "evpriv_name": "low: Wilhelminian-period block-edge development"}, "geometry": {"type": "MultiPolygon", "coordinates": [[[[13.43961392, 52.47109877], [13.44116862, 52.47127556], [13.44100696, 52.47227462], [13.43928717, 52.47204187], [13.43961392, 52.47109877]]]]}}, {"type": "Feature", "properties": {"id": "versorggruen_2020.1400782341000000", "styp_id": "1400782341000000", "sst_name": "nicht oder gering bebaute Grün- und Freiflächen", "voeff_name": "nicht versorgter Bereich", "vpriv_name": "hoch: aufgelockerte Siedlungsbebauung", "versorg_sst": 10, "esst_name": "Public green and open spaces with sparse or no development", "evoeff_name": "no availability", "evpriv_name": "high: loose settlement development"}, "geometry": {"type": "MultiPolygon", "coordinates": [[[[13.44154293, 52.47141659], [13.44170508, 52.4704996], [13.44298718, 52.47064125], [13.44277516, 52.4717292], [13.44263499, 52.47216843], [13.44252145, 52.47222487], [13.44154293, 52.47141659]]]]}}, {"type": "Feature", "properties": {"id": "versorggruen_2020.1400782441000000", "styp_id": "1400782441000000", "sst_name": "Blockbebauung der Gründerzeit mit Seitenflügeln und Hinterhäusern", "voeff_name": "nicht versorgter Bereich", "vpriv_name": "gering: Blockrandbebauung", "versorg_sst": 12, "esst_name": "Wilhelminian-period block development with wings and rear buildings (until 1918)", "evoeff_name": "no availability", "evpriv_name": "low: Wilhelminian-period block-edge development"}, "geometry": {"type": "MultiPolygon", "coordinates": [[[[13.44174259, 52.47033329], [13.44182951, 52.46979612], [13.44314013, 52.46995581], [13.4429658, 52.47047497], [13.44174259, 52.47033329]]]]}}, {"type": "Feature", "properties": {"id": "versorggruen_2020.1400782451000000", "styp_id": "1400782451000000", "sst_name": "Blockbebauung der Gründerzeit mit Seitenflügeln und Hinterhäusern", "voeff_name": "unterversorgter Bereich", "vpriv_name": "gering: Blockrandbebauung", "versorg_sst": 6, "esst_name": "Wilhelminian-period block development with wings and rear buildings (until 1918)", "evoeff_name": "reduced availability", "evpriv_name": "low: Wilhelminian-period block-edge development"}, "geometry": {"type": "MultiPolygon", "coordinates": [[[[13.44116891, 52.47104116], [13.43933284, 52.46971619], [13.43945241, 52.46962651], [13.44140613, 52.46980445], [13.44116891, 52.47104116]]]]}}, {"type": "Feature", "properties": {"id": "versorggruen_2020.1400782461000000", "styp_id": "1400782461000000", "sst_name": "Blockbebauung der Gründerzeit mit Seitenflügeln und Hinterhäusern", "voeff_name": "unterversorgter Bereich", "vpriv_name": "gering: Blockrandbebauung", "versorg_sst": 6, "esst_name": "Wilhelminian-period block development with wings and rear buildings (until 1918)", "evoeff_name": "reduced availability", "evpriv_name": "low: Wilhelminian-period block-edge development"}, "geometry": {"type": "MultiPolygon", "coordinates": [[[[13.43887859, 52.47082845], [13.43905852, 52.47030017], [13.43919679, 52.47031787], [13.43954421, 52.47013779], [13.44082357, 52.47106327], [13.43887859, 52.47082845]]]]}}, {"type": "Feature", "properties": {"id": "versorggruen_2020.1400782471000000", "styp_id": "1400782471000000", "sst_name": "Blockbebauung der Gründerzeit mit Seitenflügeln und Hinterhäusern", "voeff_name": "unterversorgter Bereich", "vpriv_name": "gering: Blockrandbebauung", "versorg_sst": 6, "esst_name": "Wilhelminian-period block development with wings and rear buildings (until 1918)", "evoeff_name": "reduced availability", "evpriv_name": "low: Wilhelminian-period block-edge development"}, "geometry": {"type": "MultiPolygon", "coordinates": [[[[13.43768219, 52.47068641], [13.43785304, 52.47015064], [13.43878516, 52.47026672], [13.43861052, 52.47079666], [13.43768219, 52.47068641]]]]}}, {"type": "Feature", "properties": {"id": "versorggruen_2020.1400782481000000", "styp_id": "1400782481000000", "sst_name": "Blockbebauung der Gründerzeit mit Seitenflügeln und Hinterhäusern", "voeff_name": "unterversorgter Bereich", "vpriv_name": "gering: Blockrandbebauung", "versorg_sst": 6, "esst_name": "Wilhelminian-period block development with wings and rear buildings (until 1918)", "evoeff_name": "reduced availability", "evpriv_name": "low: Wilhelminian-period block-edge development"}, "geometry": {"type": "MultiPolygon", "coordinates": [[[[13.43732614, 52.46991091], [13.4374777, 52.46942561], [13.43879042, 52.46959278], [13.43935872, 52.47000737], [13.43911806, 52.47013517], [13.43732614, 52.46991091]]]]}}, {"type": "Feature", "properties": {"id": "versorggruen_2020.1400782491000000", "styp_id": "1400782491000000", "sst_name": "Blockbebauung der Gründerzeit mit Seitenflügeln und Hinterhäusern", "voeff_name": "unterversorgter Bereich", "vpriv_name": "gering: Blockrandbebauung", "versorg_sst": 6, "esst_name": "Wilhelminian-period block development with wings and rear buildings (until 1918)", "evoeff_name": "reduced availability", "evpriv_name": "low: Wilhelminian-period block-edge development"}, "geometry": {"type": "MultiPolygon", "coordinates": [[[[13.43539795, 52.47040815], [13.43558578, 52.46984859], [13.43700648, 52.4700342], [13.43681724, 52.47058028], [13.43539795, 52.47040815]]]]}}, {"type": "Feature", "properties": {"id": "versorggruen_2020.1400782501000000", "styp_id": "1400782501000000", "sst_name": "Blockbebauung der Gründerzeit mit Seitenflügeln und Hinterhäusern", "voeff_name": "unterversorgter Bereich", "vpriv_name": "gering: Blockrandbebauung", "versorg_sst": 6, "esst_name": "Wilhelminian-period block development with wings and rear buildings (until 1918)", "evoeff_name": "reduced availability", "evpriv_name": "low: Wilhelminian-period block-edge development"}, "geometry": {"type": "MultiPolygon", "coordinates": [[[[13.43562769, 52.469686], [13.43579167, 52.46919829], [13.43721233, 52.4693866], [13.43704401, 52.46985992], [13.43562769, 52.469686]]]]}}, {"type": "Feature", "properties": {"id": "versorggruen_2020.1400782511000000", "styp_id": "1400782511000000", "sst_name": "Blockbebauung der Gründerzeit mit Seitenflügeln und Hinterhäusern", "voeff_name": "unterversorgter Bereich", "vpriv_name": "gering: Blockrandbebauung", "versorg_sst": 6, "esst_name": "Wilhelminian-period block development with wings and rear buildings (until 1918)", "evoeff_name": "reduced availability", "evpriv_name": "low: Wilhelminian-period block-edge development"}, "geometry": {"type": "MultiPolygon", "coordinates": [[[[13.43257263, 52.47006295], [13.43274877, 52.46949529], [13.43530777, 52.46982388], [13.43514378, 52.47031338], [13.43500815, 52.47036978], [13.43257263, 52.47006295]]]]}}, {"type": "Feature", "properties": {"id": "versorggruen_2020.1400782521000000", "styp_id": "1400782521000000", "sst_name": "Blockbebauung der Gründerzeit mit Seitenflügeln und Hinterhäusern", "voeff_name": "unterversorgter Bereich", "vpriv_name": "gering: Blockrandbebauung", "versorg_sst": 6, "esst_name": "Wilhelminian-period block development with wings and rear buildings (until 1918)", "evoeff_name": "reduced availability", "evpriv_name": "low: Wilhelminian-period block-edge development"}, "geometry": {"type": "MultiPolygon", "coordinates": [[[[13.43279661, 52.46932462], [13.43293709, 52.46883329], [13.43552402, 52.46916012], [13.43535125, 52.46963792], [13.43279661, 52.46932462]]]]}}, {"type": "Feature", "properties": {"id": "versorggruen_2020.1400782531000000", "styp_id": "1400782531000000", "sst_name": "Blockbebauung der Gründerzeit mit Seitenflügeln und Hinterhäusern", "voeff_name": "unterversorgter Bereich", "vpriv_name": "gering: Blockrandbebauung", "versorg_sst": 6, "esst_name": "Wilhelminian-period block development with wings and rear buildings (until 1918)", "evoeff_name": "reduced availability", "evpriv_name": "low: Wilhelminian-period block-edge development"}, "geometry": {"type": "MultiPolygon", "coordinates": [[[[13.43021499, 52.46979036], [13.4305339, 52.46921934], [13.43246641, 52.46945798], [13.43229758, 52.47003554], [13.43021499, 52.46979036]]]]}}, {"type": "Feature", "properties": {"id": "versorggruen_2020.1400782541000000", "styp_id": "1400782541000000", "sst_name": "Blockbebauung der Gründerzeit mit Seitenflügeln und Hinterhäusern", "voeff_name": "unterversorgter Bereich", "vpriv_name": "gering: Blockrandbebauung", "versorg_sst": 6, "esst_name": "Wilhelminian-period block development with wings and rear buildings (until 1918)", "evoeff_name": "reduced availability", "evpriv_name": "low: Wilhelminian-period block-edge development"}, "geometry": {"type": "MultiPolygon", "coordinates": [[[[13.43061558, 52.46905143], [13.43088552, 52.46857199], [13.43266503, 52.4687951], [13.4325275, 52.46928374], [13.43061558, 52.46905143]]]]}}, {"type": "Feature", "properties": {"id": "versorggruen_2020.1400782591000000", "styp_id": "1400782591000000", "sst_name": "Blockbebauung der Gründerzeit mit Seitenflügeln und Hinterhäusern", "voeff_name": "unterversorgter Bereich", "vpriv_name": "gering: Blockrandbebauung", "versorg_sst": 6, "esst_name": "Wilhelminian-period block development with wings and rear buildings (until 1918)", "evoeff_name": "reduced availability", "evpriv_name": "low: Wilhelminian-period block-edge development"}, "geometry": {"type": "MultiPolygon", "coordinates": [[[[13.43097749, 52.46840589], [13.4312593, 52.46790311], [13.43287386, 52.4681529], [13.43272609, 52.46863074], [13.43097749, 52.46840589]]]]}}, {"type": "Feature", "properties": {"id": "versorggruen_2020.1400782601000000", "styp_id": "1400782601000000", "sst_name": "Blockbebauung der Gründerzeit mit Seitenflügeln und Hinterhäusern", "voeff_name": "unterversorgter Bereich", "vpriv_name": "gering: Blockrandbebauung", "versorg_sst": 6, "esst_name": "Wilhelminian-period block development with wings and rear buildings (until 1918)", "evoeff_name": "reduced availability", "evpriv_name": "low: Wilhelminian-period block-edge development"}, "geometry": {"type": "MultiPolygon", "coordinates": [[[[13.43299228, 52.46866353], [13.43313415, 52.46819017], [13.43573259, 52.46856913], [13.43557479, 52.46898945], [13.43299228, 52.46866353]]]]}}, {"type": "Feature", "properties": {"id": "versorggruen_2020.1400782611000000", "styp_id": "1400782611000000", "sst_name": "Blockbebauung der Gründerzeit mit Seitenflügeln und Hinterhäusern", "voeff_name": "unterversorgter Bereich", "vpriv_name": "gering: Blockrandbebauung", "versorg_sst": 6, "esst_name": "Wilhelminian-period block development with wings and rear buildings (until 1918)", "evoeff_name": "reduced availability", "evpriv_name": "low: Wilhelminian-period block-edge development"}, "geometry": {"type": "MultiPolygon", "coordinates": [[[[13.43586745, 52.46902947], [13.43600024, 52.46860641], [13.43793416, 52.46885665], [13.43829636, 52.46915198], [13.43811171, 52.46931794], [13.43586745, 52.46902947]]]]}}, {"type": "Feature", "properties": {"id": "versorggruen_2020.1400782621000000", "styp_id": "1400782621000000", "sst_name": "Bebauung mit überwiegender Nutzung durch Gemeinbedarf und Sondernutzung, Verkehrsflächen ohne Straßen", "voeff_name": "unterversorgter Bereich", "vpriv_name": "mittel: Zeilen oder kompakte Siedlung", "versorg_sst": 5, "esst_name": "Development with predominantly public and special use or non-street traffic area", "evoeff_name": "reduced availability", "evpriv_name": "medium: row development or compact settlement"}, "geometry": {"type": "MultiPolygon", "coordinates": [[[[13.4380538, 52.46874252], [13.4385306, 52.46879877], [13.44008549, 52.46907697], [13.44102213, 52.46917555], [13.44151591, 52.46924916], [13.44143611, 52.4696786], [13.43896905, 52.46944691], [13.43887218, 52.46938835], [13.4388922, 52.46917809], [13.43852308, 52.46912718], [13.4380538, 52.46874252]]]]}}, {"type": "Feature", "properties": {"id": "versorggruen_2020.1400782641000000", "styp_id": "1400782641000000", "sst_name": "hohe Bebauung der Nachkriegszeit", "voeff_name": "nicht versorgter Bereich", "vpriv_name": "mittel: Zeilen oder kompakte Siedlung", "versorg_sst": 11, "esst_name": "Postwar high-rise development", "evoeff_name": "no availability", "evpriv_name": "medium: row development or compact settlement"}, "geometry": {"type": "MultiPolygon", "coordinates": [[[[13.43188141, 52.46697582], [13.43211438, 52.46653226], [13.43562634, 52.46694059], [13.43612772, 52.46736826], [13.4360771, 52.46750478], [13.43188141, 52.46697582]]]]}}, {"type": "Feature", "properties": {"id": "versorggruen_2020.1400782651000000", "styp_id": "1400782651000000", "sst_name": "Blockbebauung der Gründerzeit mit Seitenflügeln und Hinterhäusern", "voeff_name": "nicht versorgter Bereich", "vpriv_name": "gering: Blockrandbebauung", "versorg_sst": 12, "esst_name": "Wilhelminian-period block development with wings and rear buildings (until 1918)", "evoeff_name": "no availability", "evpriv_name": "low: Wilhelminian-period block-edge development"}, "geometry": {"type": "MultiPolygon", "coordinates": [[[[13.43650082, 52.46705746], [13.44018044, 52.46748348], [13.43971979, 52.46794229], [13.43799849, 52.46773559], [13.43654528, 52.46744532], [13.43642359, 52.46734178], [13.43650082, 52.46705746]]]]}}, {"type": "Feature", "properties": {"id": "versorggruen_2020.1400782661000000", "styp_id": "1400782661000000", "sst_name": "Blockbebauung der Gründerzeit mit Seitenflügeln und Hinterhäusern", "voeff_name": "nicht versorgter Bereich", "vpriv_name": "gering: Blockrandbebauung", "versorg_sst": 12, "esst_name": "Wilhelminian-period block development with wings and rear buildings (until 1918)", "evoeff_name": "no availability", "evpriv_name": "low: Wilhelminian-period block-edge development"}, "geometry": {"type": "MultiPolygon", "coordinates": [[[[13.44047401, 52.46752326], [13.44186555, 52.46768518], [13.44176685, 52.46819371], [13.44001336, 52.46798208], [13.44047401, 52.46752326]]]]}}, {"type": "Feature", "properties": {"id": "versorggruen_2020.1400782911000000", "styp_id": "1400782911000000", "sst_name": "Blockbebauung der Gründerzeit mit Seitenflügeln und Hinterhäusern", "voeff_name": "nicht versorgter Bereich", "vpriv_name": "gering: Blockrandbebauung", "versorg_sst": 12, "esst_name": "Wilhelminian-period block development with wings and rear buildings (until 1918)", "evoeff_name": "no availability", "evpriv_name": "low: Wilhelminian-period block-edge development"}, "geometry": {"type": "MultiPolygon", "coordinates": [[[[13.44062755, 52.46737114], [13.44219032, 52.46577673], [13.44187432, 52.46751317], [13.44062755, 52.46737114]]]]}}, {"type": "Feature", "properties": {"id": "versorggruen_2020.1400782921000000", "styp_id": "1400782921000000", "sst_name": "Blockrandbebauung der Gründerzeit mit massiven Veränderungen", "voeff_name": "nicht versorgter Bereich", "vpriv_name": "gering: Blockrandbebauung", "versorg_sst": 12, "esst_name": "Wilhelminian-period block-edge development with major changes", "evoeff_name": "no availability", "evpriv_name": "low: Wilhelminian-period block-edge development"}, "geometry": {"type": "MultiPolygon", "coordinates": [[[[13.43829774, 52.46709393], [13.43844346, 52.46660885], [13.44076235, 52.46689215], [13.44032997, 52.46732889], [13.43829774, 52.46709393]]]]}}, {"type": "Feature", "properties": {"id": "versorggruen_2020.1400782931000000", "styp_id": "1400782931000000", "sst_name": "Blockrandbebauung der Gründerzeit mit geringem Anteil von Seiten- und Hintergebäuden", "voeff_name": "nicht versorgter Bereich", "vpriv_name": "gering: Blockrandbebauung", "versorg_sst": 12, "esst_name": "Wilhelminian-period block-edge development with few wings and rear buildings", "evoeff_name": "no availability", "evpriv_name": "low: Wilhelminian-period block-edge development"}, "geometry": {"type": "MultiPolygon", "coordinates": [[[[13.44056373, 52.46562502], [13.44187162, 52.4657621], [13.44091189, 52.46673511], [13.4402644, 52.46665791], [13.44056373, 52.46562502]]]]}}, {"type": "Feature", "properties": {"id": "versorggruen_2020.1400782941000000", "styp_id": "1400782941000000", "sst_name": "Blockrand- und Zeilenbebauung der 20er und 30er Jahre", "voeff_name": "nicht versorgter Bereich", "vpriv_name": "mittel: Zeilen oder kompakte Siedlung", "versorg_sst": 11, "esst_name": "Block-edge and row development of the 1920s and 1930s", "evoeff_name": "no availability", "evpriv_name": "medium: row development or compact settlement"}, "geometry": {"type": "MultiPolygon", "coordinates": [[[[13.43849306, 52.4664428], [13.43879156, 52.46544037], [13.44029907, 52.46559792], [13.43998691, 52.46662552], [13.43849306, 52.4664428]]]]}}, {"type": "Feature", "properties": {"id": "versorggruen_2020.1400782951000000", "styp_id": "1400782951000000", "sst_name": "Blockrandbebauung der Gründerzeit mit geringem Anteil von Seiten- und Hintergebäuden", "voeff_name": "nicht versorgter Bereich", "vpriv_name": "gering: Blockrandbebauung", "versorg_sst": 12, "esst_name": "Wilhelminian-period block-edge development with few wings and rear buildings", "evoeff_name": "no availability", "evpriv_name": "low: Wilhelminian-period block-edge development"}, "geometry": {"type": "MultiPolygon", "coordinates": [[[[13.43831432, 52.4660748], [13.43687866, 52.46590078], [13.4370924, 52.46526665], [13.43852171, 52.46541093], [13.43831432, 52.4660748]]]]}}, {"type": "Feature", "properties": {"id": "versorggruen_2020.1400782961000000", "styp_id": "1400782961000000", "sst_name": "Blockrandbebauung der Gründerzeit mit geringem Anteil von Seiten- und Hintergebäuden", "voeff_name": "nicht versorgter Bereich", "vpriv_name": "gering: Blockrandbebauung", "versorg_sst": 12, "esst_name": "Wilhelminian-period block-edge development with few wings and rear buildings", "evoeff_name": "no availability", "evpriv_name": "low: Wilhelminian-period block-edge development"}, "geometry": {"type": "MultiPolygon", "coordinates": [[[[13.43655043, 52.46689141], [13.43670842, 52.46639888], [13.43817158, 52.46657855], [13.43801976, 52.46706175], [13.43655043, 52.46689141]]]]}}, {"type": "Feature", "properties": {"id": "versorggruen_2020.1400782971000000", "styp_id": "1400782971000000", "sst_name": "Blockrandbebauung der Gründerzeit mit geringem Anteil von Seiten- und Hintergebäuden", "voeff_name": "nicht versorgter Bereich", "vpriv_name": "gering: Blockrandbebauung", "versorg_sst": 12, "esst_name": "Wilhelminian-period block-edge development with few wings and rear buildings", "evoeff_name": "no availability", "evpriv_name": "low: Wilhelminian-period block-edge development"}, "geometry": {"type": "MultiPolygon", "coordinates": [[[[13.43479328, 52.46597857], [13.43638233, 52.4661837], [13.43647228, 52.46628683], [13.43628163, 52.46685738], [13.43576538, 52.46679868], [13.43479328, 52.46597857]]]]}}, {"type": "Feature", "properties": {"id": "versorggruen_2020.1400782981000000", "styp_id": "1400782981000000", "sst_name": "Blockbebauung der Gründerzeit mit Seitenflügeln und Hinterhäusern", "voeff_name": "nicht versorgter Bereich", "vpriv_name": "gering: Blockrandbebauung", "versorg_sst": 12, "esst_name": "Wilhelminian-period block development with wings and rear buildings (until 1918)", "evoeff_name": "no availability", "evpriv_name": "low: Wilhelminian-period block-edge development"}, "geometry": {"type": "MultiPolygon", "coordinates": [[[[13.43340916, 52.46486557], [13.43681256, 52.46523414], [13.43659745, 52.46592217], [13.43644113, 52.46601581], [13.4345293, 52.46577864], [13.43340916, 52.46486557]]]]}}, {"type": "Feature", "properties": {"id": "versorggruen_2020.1400782991000000", "styp_id": "1400782991000000", "sst_name": "Blockbebauung der Gründerzeit mit Seitenflügeln und Hinterhäusern", "voeff_name": "nicht versorgter Bereich", "vpriv_name": "gering: Blockrandbebauung", "versorg_sst": 12, "esst_name": "Wilhelminian-period block development with wings and rear buildings (until 1918)", "evoeff_name": "no availability", "evpriv_name": "low: Wilhelminian-period block-edge development"}, "geometry": {"type": "MultiPolygon", "coordinates": [[[[13.43253889, 52.46569451], [13.4330223, 52.46484158], [13.43421874, 52.4658015], [13.43419626, 52.46589582], [13.43253889, 52.46569451]]]]}}, {"type": "Feature", "properties": {"id": "versorggruen_2020.1400783001000000", "styp_id": "1400783001000000", "sst_name": "Blockrand- und Zeilenbebauung der 20er und 30er Jahre", "voeff_name": "nicht versorgter Bereich", "vpriv_name": "mittel: Zeilen oder kompakte Siedlung", "versorg_sst": 11, "esst_name": "Block-edge and row development of the 1920s and 1930s", "evoeff_name": "no availability", "evpriv_name": "medium: row development or compact settlement"}, "geometry": {"type": "MultiPolygon", "coordinates": [[[[13.43218573, 52.46636793], [13.43247488, 52.46586246], [13.43460434, 52.46611666], [13.43536532, 52.46673437], [13.43218573, 52.46636793]]]]}}, {"type": "Feature", "properties": {"id": "versorggruen_2020.1400783061000000", "styp_id": "1400783061000000", "sst_name": "Blockbebauung der Gründerzeit mit Seitenflügeln und Hinterhäusern", "voeff_name": "unterversorgter Bereich", "vpriv_name": "gering: Blockrandbebauung", "versorg_sst": 6, "esst_name": "Wilhelminian-period block development with wings and rear buildings (until 1918)", "evoeff_name": "reduced availability", "evpriv_name": "low: Wilhelminian-period block-edge development"}, "geometry": {"type": "MultiPolygon", "coordinates": [[[[13.43307337, 52.46460351], [13.43343744, 52.46411973], [13.4370481, 52.46452455], [13.43687062, 52.46510445], [13.43319948, 52.46470078], [13.43307337, 52.46460351]]]]}}, {"type": "Feature", "properties": {"id": "versorggruen_2020.1400783071000000", "styp_id": "1400783071000000", "sst_name": "Blockbebauung der Gründerzeit mit Seitenflügeln und Hinterhäusern", "voeff_name": "unterversorgter Bereich", "vpriv_name": "gering: Blockrandbebauung", "versorg_sst": 6, "esst_name": "Wilhelminian-period block development with wings and rear buildings (until 1918)", "evoeff_name": "reduced availability", "evpriv_name": "low: Wilhelminian-period block-edge development"}, "geometry": {"type": "MultiPolygon", "coordinates": [[[[13.43359117, 52.46395732], [13.43419306, 52.46325555], [13.43732452, 52.46360584], [13.43709883, 52.46435362], [13.43359117, 52.46395732]]]]}}, {"type": "Feature", "properties": {"id": "versorggruen_2020.1400783081000000", "styp_id": "1400783081000000", "sst_name": "Blockrandbebauung der Gründerzeit mit geringem Anteil von Seiten- und Hintergebäuden", "voeff_name": "unterversorgter Bereich", "vpriv_name": "gering: Blockrandbebauung", "versorg_sst": 6, "esst_name": "Wilhelminian-period block-edge development with few wings and rear buildings", "evoeff_name": "reduced availability", "evpriv_name": "low: Wilhelminian-period block-edge development"}, "geometry": {"type": "MultiPolygon", "coordinates": [[[[13.43429661, 52.46312901], [13.43454156, 52.46285865], [13.43746937, 52.46311883], [13.43736758, 52.4634746], [13.43429661, 52.46312901]]]]}}, {"type": "Feature", "properties": {"id": "versorggruen_2020.1400783101000000", "styp_id": "1400783101000000", "sst_name": "Blockrandbebauung der Gründerzeit mit massiven Veränderungen", "voeff_name": "unterversorgter Bereich", "vpriv_name": "gering: Blockrandbebauung", "versorg_sst": 6, "esst_name": "Wilhelminian-period block-edge development with major changes", "evoeff_name": "reduced availability", "evpriv_name": "low: Wilhelminian-period block-edge development"}, "geometry": {"type": "MultiPolygon", "coordinates": [[[[13.43878291, 52.464538], [13.43734868, 52.46438303], [13.4375719, 52.46362914], [13.43900361, 52.46378258], [13.43878291, 52.464538]]]]}}, {"type": "Feature", "properties": {"id": "versorggruen_2020.1400783111000000", "styp_id": "1400783111000000", "sst_name": "Blockrandbebauung der Gründerzeit mit geringem Anteil von Seiten- und Hintergebäuden", "voeff_name": "unterversorgter Bereich", "vpriv_name": "gering: Blockrandbebauung", "versorg_sst": 6, "esst_name": "Wilhelminian-period block-edge development with few wings and rear buildings", "evoeff_name": "reduced availability", "evpriv_name": "low: Wilhelminian-period block-edge development"}, "geometry": {"type": "MultiPolygon", "coordinates": [[[[13.43771794, 52.46313839], [13.43916611, 52.46324586], [13.43905417, 52.46364982], [13.43760995, 52.46349789], [13.43771794, 52.46313839]]]]}}, {"type": "Feature", "properties": {"id": "versorggruen_2020.1400783121000000", "styp_id": "1400783121000000", "sst_name": "Blockrandbebauung der Gründerzeit mit geringem Anteil von Seiten- und Hintergebäuden", "voeff_name": "unterversorgter Bereich", "vpriv_name": "gering: Blockrandbebauung", "versorg_sst": 6, "esst_name": "Wilhelminian-period block-edge development with few wings and rear buildings", "evoeff_name": "reduced availability", "evpriv_name": "low: Wilhelminian-period block-edge development"}, "geometry": {"type": "MultiPolygon", "coordinates": [[[[13.44202894, 52.46564145], [13.43883964, 52.46530456], [13.43900456, 52.46473379], [13.44253496, 52.46511941], [13.44202894, 52.46564145]]]]}}, {"type": "Feature", "properties": {"id": "versorggruen_2020.1400783131000000", "styp_id": "1400783131000000", "sst_name": "Blockrandbebauung der Gründerzeit mit geringem Anteil von Seiten- und Hintergebäuden", "voeff_name": "unterversorgter Bereich", "vpriv_name": "gering: Blockrandbebauung", "versorg_sst": 6, "esst_name": "Wilhelminian-period block-edge development with few wings and rear buildings", "evoeff_name": "reduced availability", "evpriv_name": "low: Wilhelminian-period block-edge development"}, "geometry": {"type": "MultiPolygon", "coordinates": [[[[13.4426873, 52.4649595], [13.43905527, 52.46456592], [13.43928095, 52.46381355], [13.44339708, 52.46425801], [13.4426873, 52.4649595]]]]}}, {"type": "Feature", "properties": {"id": "versorggruen_2020.1400786001000000", "styp_id": "1400786001000000", "sst_name": "Blockrandbebauung der Gründerzeit mit geringem Anteil von Seiten- und Hintergebäuden", "voeff_name": "unterversorgter Bereich", "vpriv_name": "gering: Blockrandbebauung", "versorg_sst": 6, "esst_name": "Wilhelminian-period block-edge development with few wings and rear buildings", "evoeff_name": "reduced availability", "evpriv_name": "low: Wilhelminian-period block-edge development"}, "geometry": {"type": "MultiPolygon", "coordinates": [[[[13.44276506, 52.46405449], [13.44284361, 52.46377105], [13.44284114, 52.46372033], [13.44281208, 52.46362524], [13.44386341, 52.46379046], [13.44352338, 52.46413655], [13.44276506, 52.46405449]]]]}}, {"type": "Feature", "properties": {"id": "versorggruen_2020.1400786011000000", "styp_id": "1400786011000000", "sst_name": "Blockrandbebauung der Gründerzeit mit geringem Anteil von Seiten- und Hintergebäuden", "voeff_name": "unterversorgter Bereich", "vpriv_name": "gering: Blockrandbebauung", "versorg_sst": 6, "esst_name": "Wilhelminian-period block-edge development with few wings and rear buildings", "evoeff_name": "reduced availability", "evpriv_name": "low: Wilhelminian-period block-edge development"}, "geometry": {"type": "MultiPolygon", "coordinates": [[[[13.43945411, 52.46326296], [13.44019639, 52.46331115], [13.4406936, 52.46334768], [13.44143202, 52.46342367], [13.44199842, 52.46349703], [13.44266433, 52.46360407], [13.44270314, 52.46373811], [13.442703, 52.46377001], [13.44262391, 52.46403921], [13.4393265, 52.46368232], [13.43945411, 52.46326296]]]]}}, {"type": "Feature", "properties": {"id": "versorggruen_2020.1400786031000000", "styp_id": "1400786031000000", "sst_name": "hohe Bebauung der Nachkriegszeit", "voeff_name": "nicht versorgter Bereich", "vpriv_name": "mittel: Zeilen oder kompakte Siedlung", "versorg_sst": 11, "esst_name": "Postwar high-rise development", "evoeff_name": "no availability", "evpriv_name": "medium: row development or compact settlement"}, "geometry": {"type": "MultiPolygon", "coordinates": [[[[13.43086343, 52.47888191], [13.43106634, 52.47831657], [13.43249975, 52.47849568], [13.43255736, 52.47854879], [13.43244921, 52.47887735], [13.43236264, 52.47891234], [13.43137765, 52.47878913], [13.43132755, 52.47893976], [13.43086343, 52.47888191]]]]}}, {"type": "Feature", "properties": {"id": "versorggruen_2020.1400786411000000", "styp_id": "1400786411000000", "sst_name": "Blockrandbebauung der Gründerzeit mit massiven Veränderungen", "voeff_name": "versorgter Bereich", "vpriv_name": "gering: Blockrandbebauung", "versorg_sst": 3, "esst_name": "Wilhelminian-period block-edge development with major changes", "evoeff_name": "good availability", "evpriv_name": "low: Wilhelminian-period block-edge development"}, "geometry": {"type": "MultiPolygon", "coordinates": [[[[13.42896201, 52.47780811], [13.42960204, 52.47589573], [13.43326459, 52.47636189], [13.43266157, 52.47827152], [13.42896201, 52.47780811]]]]}}, {"type": "Feature", "properties": {"id": "versorggruen_2020.1400786421000000", "styp_id": "1400786421000000", "sst_name": "Blockrandbebauung der Gründerzeit mit massiven Veränderungen", "voeff_name": "nicht versorgter Bereich", "vpriv_name": "gering: Blockrandbebauung", "versorg_sst": 12, "esst_name": "Wilhelminian-period block-edge development with major changes", "evoeff_name": "no availability", "evpriv_name": "low: Wilhelminian-period block-edge development"}, "geometry": {"type": "MultiPolygon", "coordinates": [[[[13.42667164, 52.47687996], [13.42700022, 52.47618074], [13.42791513, 52.47629281], [13.42794955, 52.47616526], [13.42703473, 52.47603431], [13.42722951, 52.4755943], [13.42942106, 52.47588734], [13.42897237, 52.4771582], [13.42667164, 52.47687996]]]]}}, {"type": "Feature", "properties": {"id": "versorggruen_2020.1400786471000000", "styp_id": "1400786471000000", "sst_name": "Blockrandbebauung der Gründerzeit mit massiven Veränderungen", "voeff_name": "nicht versorgter Bereich", "vpriv_name": "gering: Blockrandbebauung", "versorg_sst": 12, "esst_name": "Wilhelminian-period block-edge development with major changes", "evoeff_name": "no availability", "evpriv_name": "low: Wilhelminian-period block-edge development"}, "geometry": {"type": "MultiPolygon", "coordinates": [[[[13.43284836, 52.47853939], [13.43314757, 52.47857671], [13.43316668, 52.47851493], [13.43455533, 52.47868821], [13.43446448, 52.47896906], [13.43438853, 52.47911864], [13.43429983, 52.47915348], [13.43270877, 52.4789556], [13.43265116, 52.47890256], [13.43275858, 52.47857626], [13.43284836, 52.47853939]]]]}}, {"type": "Feature", "properties": {"id": "versorggruen_2020.1400786481000000", "styp_id": "1400786481000000", "sst_name": "Blockrandbebauung der Gründerzeit mit massiven Veränderungen", "voeff_name": "nicht versorgter Bereich", "vpriv_name": "gering: Blockrandbebauung", "versorg_sst": 12, "esst_name": "Wilhelminian-period block-edge development with major changes", "evoeff_name": "no availability", "evpriv_name": "low: Wilhelminian-period block-edge development"}, "geometry": {"type": "MultiPolygon", "coordinates": [[[[13.43515918, 52.47876266], [13.437288, 52.47903975], [13.43694602, 52.47948318], [13.43471108, 52.47920291], [13.43466442, 52.47915301], [13.43482554, 52.47883314], [13.43491944, 52.47879831], [13.43513808, 52.47882411], [13.43515918, 52.47876266]]]]}}, {"type": "Feature", "properties": {"id": "versorggruen_2020.1400786551000200", "styp_id": "1400786551000200", "sst_name": "Blockrandbebauung der Gründerzeit mit massiven Veränderungen", "voeff_name": "versorgter Bereich", "vpriv_name": "gering: Blockrandbebauung", "versorg_sst": 3, "esst_name": "Wilhelminian-period block-edge development with major changes", "evoeff_name": "good availability", "evpriv_name": "low: Wilhelminian-period block-edge development"}, "geometry": {"type": "MultiPolygon", "coordinates": [[[[13.43558517, 52.47712683], [13.43571188, 52.47671469], [13.43665343, 52.47683649], [13.43647801, 52.477258], [13.43558517, 52.47712683]]]]}}, {"type": "Feature", "properties": {"id": "versorggruen_2020.1400786551000300", "styp_id": "1400786551000300", "sst_name": "Blockrandbebauung der Gründerzeit mit massiven Veränderungen", "voeff_name": "versorgter Bereich", "vpriv_name": "gering: Blockrandbebauung", "versorg_sst": 3, "esst_name": "Wilhelminian-period block-edge development with major changes", "evoeff_name": "good availability", "evpriv_name": "low: Wilhelminian-period block-edge development"}, "geometry": {"type": "MultiPolygon", "coordinates": [[[[13.43334492, 52.47683831], [13.43350288, 52.47639284], [13.43492674, 52.47657219], [13.43505962, 52.47658721], [13.43490851, 52.47704126], [13.43334492, 52.47683831]]]]}}, {"type": "Feature", "properties": {"id": "versorggruen_2020.1400786551000400", "styp_id": "1400786551000400", "sst_name": "Bebauung mit überwiegender Nutzung durch Gemeinbedarf und Sondernutzung, Verkehrsflächen ohne Straßen", "voeff_name": "versorgter Bereich", "vpriv_name": "mittel: Zeilen oder kompakte Siedlung", "versorg_sst": 2, "esst_name": "Development with predominantly public and special use or non-street traffic area", "evoeff_name": "good availability", "evpriv_name": "medium: row development or compact settlement"}, "geometry": {"type": "MultiPolygon", "coordinates": [[[[13.43408031, 52.47474263], [13.43510195, 52.47451942], [13.43573051, 52.47450569], [13.43568291, 52.47463528], [13.43560562, 52.47462099], [13.43496852, 52.47644015], [13.43358877, 52.47627166], [13.43408031, 52.47474263]]]]}}, {"type": "Feature", "properties": {"id": "versorggruen_2020.1400790651000300", "styp_id": "1400790651000300", "sst_name": "Blockbebauung der Gründerzeit mit Seitenflügeln und Hinterhäusern", "voeff_name": "versorgter Bereich", "vpriv_name": "gering: Blockrandbebauung", "versorg_sst": 3, "esst_name": "Wilhelminian-period block development with wings and rear buildings (until 1918)", "evoeff_name": "good availability", "evpriv_name": "low: Wilhelminian-period block-edge development"}, "geometry": {"type": "MultiPolygon", "coordinates": [[[[13.42505757, 52.48224807], [13.42508487, 52.48198525], [13.427263, 52.48228218], [13.42732056, 52.48481937], [13.42581762, 52.48550204], [13.42577181, 52.48508795], [13.4262727, 52.48506554], [13.42623608, 52.48476397], [13.42652981, 52.48475081], [13.4265359, 52.48480222], [13.42702296, 52.48478067], [13.4269806, 52.48363221], [13.42694119, 52.48248645], [13.42505757, 52.48224807]]]]}}, {"type": "Feature", "properties": {"id": "versorggruen_2020.1400790661000000", "styp_id": "1400790661000000", "sst_name": "Blockbebauung der Gründerzeit mit Seitenflügeln und Hinterhäusern", "voeff_name": "versorgter Bereich", "vpriv_name": "gering: Blockrandbebauung", "versorg_sst": 3, "esst_name": "Wilhelminian-period block development with wings and rear buildings (until 1918)", "evoeff_name": "good availability", "evpriv_name": "low: Wilhelminian-period block-edge development"}, "geometry": {"type": "MultiPolygon", "coordinates": [[[[13.42336501, 52.48644942], [13.42330538, 52.48400895], [13.42336503, 52.48224589], [13.42456605, 52.48226322], [13.42462347, 52.48230872], [13.42462632, 52.48292294], [13.42464427, 52.4835035], [13.42457758, 52.48392306], [13.42432629, 52.48447261], [13.4239291, 52.48560498], [13.42389228, 52.48560241], [13.42392681, 52.48628204], [13.4236697, 52.48636287], [13.42336501, 52.48644942]]]]}}, {"type": "Feature", "properties": {"id": "versorggruen_2020.1400790671000100", "styp_id": "1400790671000100", "sst_name": "Bebauung mit überwiegender Nutzung durch Handel und Dienstleistung", "voeff_name": "versorgter Bereich", "vpriv_name": "gering: Blockrandbebauung", "versorg_sst": 3, "esst_name": "Development with predominantly retail and service use", "evoeff_name": "good availability", "evpriv_name": "low: Wilhelminian-period block-edge development"}, "geometry": {"type": "MultiPolygon", "coordinates": [[[[13.4208285, 52.48481651], [13.4225688, 52.48483408], [13.42256792, 52.48479283], [13.42300913, 52.48478901], [13.42305079, 52.48654175], [13.42108929, 52.48711015], [13.42100859, 52.48594217], [13.42091285, 52.48559278], [13.42077578, 52.48535885], [13.4208285, 52.48481651]]]]}}, {"type": "Feature", "properties": {"id": "versorggruen_2020.1400790671000300", "styp_id": "1400790671000300", "sst_name": "Bebauung mit überwiegender Nutzung durch Gemeinbedarf und Sondernutzung, Verkehrsflächen ohne Straßen", "voeff_name": "versorgter Bereich", "vpriv_name": "mittel: Zeilen oder kompakte Siedlung", "versorg_sst": 2, "esst_name": "Development with predominantly public and special use or non-street traffic area", "evoeff_name": "good availability", "evpriv_name": "medium: row development or compact settlement"}, "geometry": {"type": "MultiPolygon", "coordinates": [[[[13.42089536, 52.48197099], [13.4230988, 52.48220589], [13.42305478, 52.48339078], [13.42261332, 52.48334957], [13.42086489, 52.48329857], [13.42038702, 52.48328721], [13.42033965, 52.48291741], [13.42040014, 52.48223305], [13.42061395, 52.48200859], [13.4207083, 52.4819563], [13.4208921, 52.48198367], [13.42089536, 52.48197099]]]]}}, {"type": "Feature", "properties": {"id": "versorggruen_2020.1400790731000000", "styp_id": "1400790731000000", "sst_name": "Blockbebauung der Gründerzeit mit Seitenflügeln und Hinterhäusern", "voeff_name": "versorgter Bereich", "vpriv_name": "gering: Blockrandbebauung", "versorg_sst": 3, "esst_name": "Wilhelminian-period block development with wings and rear buildings (until 1918)", "evoeff_name": "good availability", "evpriv_name": "low: Wilhelminian-period block-edge development"}, "geometry": {"type": "MultiPolygon", "coordinates": [[[[13.42124663, 52.4804722], [13.42485358, 52.4808681], [13.42470142, 52.48131087], [13.42461394, 52.48209256], [13.42337614, 52.48207067], [13.42118994, 52.48183863], [13.42121072, 52.48049556], [13.42124663, 52.4804722]]]]}}, {"type": "Feature", "properties": {"id": "versorggruen_2020.1400790741000000", "styp_id": "1400790741000000", "sst_name": "Blockbebauung der Gründerzeit mit Seitenflügeln und Hinterhäusern", "voeff_name": "versorgter Bereich", "vpriv_name": "gering: Blockrandbebauung", "versorg_sst": 3, "esst_name": "Wilhelminian-period block development with wings and rear buildings (until 1918)", "evoeff_name": "good availability", "evpriv_name": "low: Wilhelminian-period block-edge development"}, "geometry": {"type": "MultiPolygon", "coordinates": [[[[13.4251142, 52.48181303], [13.4251671, 52.48118676], [13.4252463, 52.48092718], [13.42759861, 52.48120435], [13.4272869, 52.48210698], [13.4251142, 52.48181303]]]]}}, {"type": "Feature", "properties": {"id": "versorggruen_2020.1400791181000000", "styp_id": "1400791181000000", "sst_name": "Blockbebauung der Gründerzeit mit Seitenflügeln und Hinterhäusern", "voeff_name": "versorgter Bereich", "vpriv_name": "gering: Blockrandbebauung", "versorg_sst": 3, "esst_name": "Wilhelminian-period block development with wings and rear buildings (until 1918)", "evoeff_name": "good availability", "evpriv_name": "low: Wilhelminian-period block-edge development"}, "geometry": {"type": "MultiPolygon", "coordinates": [[[[13.42554672, 52.48000932], [13.42559712, 52.47984849], [13.42796991, 52.48014096], [13.42765537, 52.48102112], [13.42607829, 52.48084681], [13.42615419, 52.48066362], [13.42537308, 52.48056344], [13.42554672, 52.48000932]]]]}}, {"type": "Feature", "properties": {"id": "versorggruen_2020.1400791191000000", "styp_id": "1400791191000000", "sst_name": "Blockbebauung der Gründerzeit mit Seitenflügeln und Hinterhäusern", "voeff_name": "versorgter Bereich", "vpriv_name": "gering: Blockrandbebauung", "versorg_sst": 3, "esst_name": "Wilhelminian-period block development with wings and rear buildings (until 1918)", "evoeff_name": "good availability", "evpriv_name": "low: Wilhelminian-period block-edge development"}, "geometry": {"type": "MultiPolygon", "coordinates": [[[[13.42360055, 52.47904796], [13.42536438, 52.47924509], [13.42513295, 52.47996542], [13.42337349, 52.47977369], [13.42360055, 52.47904796]]]]}}, {"type": "Feature", "properties": {"id": "versorggruen_2020.1400791201000000", "styp_id": "1400791201000000", "sst_name": "Blockbebauung der Gründerzeit mit Seitenflügeln und Hinterhäusern", "voeff_name": "versorgter Bereich", "vpriv_name": "gering: Blockrandbebauung", "versorg_sst": 3, "esst_name": "Wilhelminian-period block development with wings and rear buildings (until 1918)", "evoeff_name": "good availability", "evpriv_name": "low: Wilhelminian-period block-edge development"}, "geometry": {"type": "MultiPolygon", "coordinates": [[[[13.42320328, 52.48029642], [13.42332562, 52.47994076], [13.42509097, 52.4801334], [13.42497305, 52.48049266], [13.42320328, 52.48029642]]]]}}, {"type": "Feature", "properties": {"id": "versorggruen_2020.1400791211000000", "styp_id": "1400791211000000", "sst_name": "Blockbebauung der Gründerzeit mit Seitenflügeln und Hinterhäusern", "voeff_name": "versorgter Bereich", "vpriv_name": "gering: Blockrandbebauung", "versorg_sst": 3, "esst_name": "Wilhelminian-period block development with wings and rear buildings (until 1918)", "evoeff_name": "good availability", "evpriv_name": "low: Wilhelminian-period block-edge development"}, "geometry": {"type": "MultiPolygon", "coordinates": [[[[13.42173522, 52.47884435], [13.42332693, 52.47901784], [13.42310284, 52.47973548], [13.42150818, 52.47955839], [13.42173522, 52.47884435]]]]}}, {"type": "Feature", "properties": {"id": "versorggruen_2020.1400791221000000", "styp_id": "1400791221000000", "sst_name": "Blockbebauung der Gründerzeit mit Seitenflügeln und Hinterhäusern", "voeff_name": "versorgter Bereich", "vpriv_name": "gering: Blockrandbebauung", "versorg_sst": 3, "esst_name": "Wilhelminian-period block development with wings and rear buildings (until 1918)", "evoeff_name": "good availability", "evpriv_name": "low: Wilhelminian-period block-edge development"}, "geometry": {"type": "MultiPolygon", "coordinates": [[[[13.42134676, 52.48008742], [13.42145883, 52.47972455], [13.42304316, 52.47990972], [13.42294142, 52.48026811], [13.42134676, 52.48008742]]]]}}, {"type": "Feature", "properties": {"id": "versorggruen_2020.1400791241000000", "styp_id": "1400791241000000", "sst_name": "Zeilenbebauung seit den 50er Jahren", "voeff_name": "versorgter Bereich", "vpriv_name": "mittel: Zeilen oder kompakte Siedlung", "versorg_sst": 2, "esst_name": "Row development since the 1950s", "evoeff_name": "good availability", "evpriv_name": "medium: row development or compact settlement"}, "geometry": {"type": "MultiPolygon", "coordinates": [[[[13.4195611, 52.47951524], [13.42113955, 52.47970063], [13.42103046, 52.48005362], [13.41972103, 52.47992077], [13.4195611, 52.47951524]]]]}}, {"type": "Feature", "properties": {"id": "versorggruen_2020.1400791251000000", "styp_id": "1400791251000000", "sst_name": "Blockbebauung der Gründerzeit mit Seitenflügeln und Hinterhäusern", "voeff_name": "versorgter Bereich", "vpriv_name": "gering: Blockrandbebauung", "versorg_sst": 3, "esst_name": "Wilhelminian-period block development with wings and rear buildings (until 1918)", "evoeff_name": "good availability", "evpriv_name": "low: Wilhelminian-period block-edge development"}, "geometry": {"type": "MultiPolygon", "coordinates": [[[[13.41980963, 52.47862442], [13.42141899, 52.47879887], [13.42119482, 52.47952639], [13.4198194, 52.47936673], [13.4196782, 52.47903128], [13.41980963, 52.47862442]]]]}}, {"type": "Feature", "properties": {"id": "versorggruen_2020.1400791261000200", "styp_id": "1400791261000200", "sst_name": "Blockbebauung der Gründerzeit mit Seitenflügeln und Hinterhäusern", "voeff_name": "versorgter Bereich", "vpriv_name": "gering: Blockrandbebauung", "versorg_sst": 3, "esst_name": "Wilhelminian-period block development with wings and rear buildings (until 1918)", "evoeff_name": "good availability", "evpriv_name": "low: Wilhelminian-period block-edge development"}, "geometry": {"type": "MultiPolygon", "coordinates": [[[[13.41896399, 52.47786664], [13.41878938, 52.47737784], [13.41918717, 52.4774199], [13.419226, 52.47726745], [13.41919638, 52.47726222], [13.41933328, 52.47686573], [13.42005442, 52.47695424], [13.41937646, 52.47902331], [13.41896399, 52.47786664]]]]}}, {"type": "Feature", "properties": {"id": "versorggruen_2020.1400791271000000", "styp_id": "1400791271000000", "sst_name": "Blockbebauung der Gründerzeit mit Seitenflügeln und Hinterhäusern", "voeff_name": "versorgter Bereich", "vpriv_name": "gering: Blockrandbebauung", "versorg_sst": 3, "esst_name": "Wilhelminian-period block development with wings and rear buildings (until 1918)", "evoeff_name": "good availability", "evpriv_name": "low: Wilhelminian-period block-edge development"}, "geometry": {"type": "MultiPolygon", "coordinates": [[[[13.41986636, 52.47845467], [13.42032805, 52.47697898], [13.42121948, 52.47707759], [13.42126716, 52.47726909], [13.42131539, 52.47734196], [13.42139305, 52.47741578], [13.4214972, 52.47748966], [13.42160444, 52.47753208], [13.42126825, 52.47861438], [13.41986636, 52.47845467]]]]}}, {"type": "Feature", "properties": {"id": "versorggruen_2020.1400791281000000", "styp_id": "1400791281000000", "sst_name": "Blockbebauung der Gründerzeit mit Seitenflügeln und Hinterhäusern", "voeff_name": "versorgter Bereich", "vpriv_name": "gering: Blockrandbebauung", "versorg_sst": 3, "esst_name": "Wilhelminian-period block development with wings and rear buildings (until 1918)", "evoeff_name": "good availability", "evpriv_name": "low: Wilhelminian-period block-edge development"}, "geometry": {"type": "MultiPolygon", "coordinates": [[[[13.42232379, 52.47760881], [13.42247401, 52.4775875], [13.4226096, 52.4775473], [13.42269514, 52.4775088], [13.42278517, 52.47745324], [13.42287825, 52.47737701], [13.42293314, 52.47728275], [13.42381572, 52.47738761], [13.42337482, 52.47884718], [13.42198759, 52.47869651], [13.42232379, 52.47760881]]]]}}, {"type": "Feature", "properties": {"id": "versorggruen_2020.1400791291000000", "styp_id": "1400791291000000", "sst_name": "Blockbebauung der Gründerzeit mit Seitenflügeln und Hinterhäusern", "voeff_name": "versorgter Bereich", "vpriv_name": "gering: Blockrandbebauung", "versorg_sst": 3, "esst_name": "Wilhelminian-period block development with wings and rear buildings (until 1918)", "evoeff_name": "good availability", "evpriv_name": "low: Wilhelminian-period block-edge development"}, "geometry": {"type": "MultiPolygon", "coordinates": [[[[13.4240996, 52.47742404], [13.4259413, 52.47763567], [13.42542109, 52.47907264], [13.42364696, 52.4788773], [13.4240996, 52.47742404]]]]}}, {"type": "Feature", "properties": {"id": "versorggruen_2020.1400791631000000", "styp_id": "1400791631000000", "sst_name": "Blockbebauung der Gründerzeit mit Seitenflügeln und Hinterhäusern", "voeff_name": "versorgter Bereich", "vpriv_name": "gering: Blockrandbebauung", "versorg_sst": 3, "esst_name": "Wilhelminian-period block development with wings and rear buildings (until 1918)", "evoeff_name": "good availability", "evpriv_name": "low: Wilhelminian-period block-edge development"}, "geometry": {"type": "MultiPolygon", "coordinates": [[[[13.4241535, 52.47722463], [13.42455981, 52.47591778], [13.42656178, 52.47615034], [13.42601726, 52.47743989], [13.4241535, 52.47722463]]]]}}, {"type": "Feature", "properties": {"id": "versorggruen_2020.1400791641000000", "styp_id": "1400791641000000", "sst_name": "Blockbebauung der Gründerzeit mit Seitenflügeln und Hinterhäusern", "voeff_name": "versorgter Bereich", "vpriv_name": "gering: Blockrandbebauung", "versorg_sst": 3, "esst_name": "Wilhelminian-period block development with wings and rear buildings (until 1918)", "evoeff_name": "good availability", "evpriv_name": "low: Wilhelminian-period block-edge development"}, "geometry": {"type": "MultiPolygon", "coordinates": [[[[13.42263286, 52.47665497], [13.42289614, 52.4757343], [13.42427887, 52.47588405], [13.42387844, 52.47719091], [13.42298998, 52.47708514], [13.42299173, 52.47702404], [13.42292471, 52.47687564], [13.42277526, 52.4767316], [13.42263286, 52.47665497]]]]}}, {"type": "Feature", "properties": {"id": "versorggruen_2020.1400791651000000", "styp_id": "1400791651000000", "sst_name": "Blockbebauung der Gründerzeit mit Seitenflügeln und Hinterhäusern", "voeff_name": "versorgter Bereich", "vpriv_name": "gering: Blockrandbebauung", "versorg_sst": 3, "esst_name": "Wilhelminian-period block development with wings and rear buildings (until 1918)", "evoeff_name": "good availability", "evpriv_name": "low: Wilhelminian-period block-edge development"}, "geometry": {"type": "MultiPolygon", "coordinates": [[[[13.42039226, 52.47678139], [13.420803, 52.47549432], [13.42218128, 52.47564859], [13.42190765, 52.47657643], [13.42181193, 52.47658795], [13.42170585, 52.47661382], [13.42160411, 52.47665409], [13.42149494, 52.47670961], [13.42137829, 52.47679119], [13.42128803, 52.47689618], [13.42039226, 52.47678139]]]]}}, {"type": "Feature", "properties": {"id": "versorggruen_2020.1400791661000000", "styp_id": "1400791661000000", "sst_name": "Blockrand- und Zeilenbebauung der 20er und 30er Jahre", "voeff_name": "versorgter Bereich", "vpriv_name": "mittel: Zeilen oder kompakte Siedlung", "versorg_sst": 2, "esst_name": "Block-edge and row development of the 1920s and 1930s", "evoeff_name": "good availability", "evpriv_name": "medium: row development or compact settlement"}, "geometry": {"type": "MultiPolygon", "coordinates": [[[[13.42011869, 52.47674496], [13.41880646, 52.47660586], [13.41918794, 52.47530818], [13.42049856, 52.47545246], [13.42011869, 52.47674496]]]]}}, {"type": "Feature", "properties": {"id": "versorggruen_2020.1400791671000000", "styp_id": "1400791671000000", "sst_name": "Blockrand- und Zeilenbebauung der 20er und 30er Jahre", "voeff_name": "versorgter Bereich", "vpriv_name": "mittel: Zeilen oder kompakte Siedlung", "versorg_sst": 2, "esst_name": "Block-edge and row development of the 1920s and 1930s", "evoeff_name": "good availability", "evpriv_name": "medium: row development or compact settlement"}, "geometry": {"type": "MultiPolygon", "coordinates": [[[[13.42057584, 52.47529083], [13.41922557, 52.47513121], [13.41941881, 52.47440992], [13.42079853, 52.47456061], [13.42057584, 52.47529083]]]]}}, {"type": "Feature", "properties": {"id": "versorggruen_2020.1400791681000000", "styp_id": "1400791681000000", "sst_name": "Blockbebauung der Gründerzeit mit Seitenflügeln und Hinterhäusern", "voeff_name": "versorgter Bereich", "vpriv_name": "gering: Blockrandbebauung", "versorg_sst": 3, "esst_name": "Wilhelminian-period block development with wings and rear buildings (until 1918)", "evoeff_name": "good availability", "evpriv_name": "low: Wilhelminian-period block-edge development"}, "geometry": {"type": "MultiPolygon", "coordinates": [[[[13.42222622, 52.47547792], [13.42084795, 52.47532366], [13.42106915, 52.47459703], [13.42245328, 52.47475399], [13.42222622, 52.47547792]]]]}}, {"type": "Feature", "properties": {"id": "versorggruen_2020.1400791691000000", "styp_id": "1400791691000000", "sst_name": "Blockbebauung der Gründerzeit mit Seitenflügeln und Hinterhäusern", "voeff_name": "versorgter Bereich", "vpriv_name": "gering: Blockrandbebauung", "versorg_sst": 3, "esst_name": "Wilhelminian-period block development with wings and rear buildings (until 1918)", "evoeff_name": "good availability", "evpriv_name": "low: Wilhelminian-period block-edge development"}, "geometry": {"type": "MultiPolygon", "coordinates": [[[[13.4231652, 52.4748343], [13.42455675, 52.47498047], [13.42433409, 52.47571699], [13.42294405, 52.47555824], [13.4231652, 52.4748343]]]]}}, {"type": "Feature", "properties": {"id": "versorggruen_2020.1400791701000000", "styp_id": "1400791701000000", "sst_name": "Blockbebauung der Gründerzeit mit Seitenflügeln und Hinterhäusern", "voeff_name": "versorgter Bereich", "vpriv_name": "gering: Blockrandbebauung", "versorg_sst": 3, "esst_name": "Wilhelminian-period block development with wings and rear buildings (until 1918)", "evoeff_name": "good availability", "evpriv_name": "low: Wilhelminian-period block-edge development"}, "geometry": {"type": "MultiPolygon", "coordinates": [[[[13.42482883, 52.47502048], [13.42697059, 52.47524878], [13.42662872, 52.47599229], [13.42460618, 52.475757], [13.42482883, 52.47502048]]]]}}, {"type": "Feature", "properties": {"id": "versorggruen_2020.1400791711000000", "styp_id": "1400791711000000", "sst_name": "Blockrand- und Zeilenbebauung der 20er und 30er Jahre", "voeff_name": "versorgter Bereich", "vpriv_name": "mittel: Zeilen oder kompakte Siedlung", "versorg_sst": 2, "esst_name": "Block-edge and row development of the 1920s and 1930s", "evoeff_name": "good availability", "evpriv_name": "medium: row development or compact settlement"}, "geometry": {"type": "MultiPolygon", "coordinates": [[[[13.42086705, 52.47438549], [13.4194682, 52.47423387], [13.41968063, 52.47349734], [13.42109123, 52.47364898], [13.42086705, 52.47438549]]]]}}, {"type": "Feature", "properties": {"id": "versorggruen_2020.1400791721000000", "styp_id": "1400791721000000", "sst_name": "Blockbebauung der Gründerzeit mit Seitenflügeln und Hinterhäusern", "voeff_name": "versorgter Bereich", "vpriv_name": "gering: Blockrandbebauung", "versorg_sst": 3, "esst_name": "Wilhelminian-period block development with wings and rear buildings (until 1918)", "evoeff_name": "good availability", "evpriv_name": "low: Wilhelminian-period block-edge development"}, "geometry": {"type": "MultiPolygon", "coordinates": [[[[13.42136327, 52.47369528], [13.42272976, 52.47384233], [13.42250408, 52.47458873], [13.42113468, 52.47443179], [13.42136327, 52.47369528]]]]}}, {"type": "Feature", "properties": {"id": "versorggruen_2020.1400791731000000", "styp_id": "1400791731000000", "sst_name": "Blockbebauung der Gründerzeit mit Seitenflügeln und Hinterhäusern", "voeff_name": "versorgter Bereich", "vpriv_name": "gering: Blockrandbebauung", "versorg_sst": 3, "esst_name": "Wilhelminian-period block development with wings and rear buildings (until 1918)", "evoeff_name": "good availability", "evpriv_name": "low: Wilhelminian-period block-edge development"}, "geometry": {"type": "MultiPolygon", "coordinates": [[[[13.42322632, 52.47466546], [13.42345194, 52.47392805], [13.42483459, 52.47408408], [13.42461638, 52.47481522], [13.42322632, 52.47466546]]]]}}, {"type": "Feature", "properties": {"id": "versorggruen_2020.1400791741000000", "styp_id": "1400791741000000", "sst_name": "Blockbebauung der Gründerzeit mit Seitenflügeln und Hinterhäusern", "voeff_name": "versorgter Bereich", "vpriv_name": "gering: Blockrandbebauung", "versorg_sst": 3, "esst_name": "Wilhelminian-period block development with wings and rear buildings (until 1918)", "evoeff_name": "good availability", "evpriv_name": "low: Wilhelminian-period block-edge development"}, "geometry": {"type": "MultiPolygon", "coordinates": [[[[13.42488113, 52.47484892], [13.42510969, 52.47410612], [13.42742193, 52.47437514], [13.42705963, 52.47508447], [13.42488113, 52.47484892]]]]}}, {"type": "Feature", "properties": {"id": "versorggruen_2020.1400792131000000", "styp_id": "1400792131000000", "sst_name": "Blockbebauung der Gründerzeit mit Seitenflügeln und Hinterhäusern", "voeff_name": "versorgter Bereich", "vpriv_name": "gering: Blockrandbebauung", "versorg_sst": 3, "esst_name": "Wilhelminian-period block development with wings and rear buildings (until 1918)", "evoeff_name": "good availability", "evpriv_name": "low: Wilhelminian-period block-edge development"}, "geometry": {"type": "MultiPolygon", "coordinates": [[[[13.42539927, 52.47321335], [13.42787039, 52.47348443], [13.42750955, 52.47420095], [13.42517958, 52.47394898], [13.42539927, 52.47321335]]]]}}, {"type": "Feature", "properties": {"id": "versorggruen_2020.1400792141000000", "styp_id": "1400792141000000", "sst_name": "Blockbebauung der Gründerzeit mit Seitenflügeln und Hinterhäusern", "voeff_name": "versorgter Bereich", "vpriv_name": "gering: Blockrandbebauung", "versorg_sst": 3, "esst_name": "Wilhelminian-period block development with wings and rear buildings (until 1918)", "evoeff_name": "good availability", "evpriv_name": "low: Wilhelminian-period block-edge development"}, "geometry": {"type": "MultiPolygon", "coordinates": [[[[13.42352686, 52.47299896], [13.42512278, 52.47317334], [13.42488982, 52.47391343], [13.42328361, 52.47373185], [13.42352686, 52.47299896]]]]}}, {"type": "Feature", "properties": {"id": "versorggruen_2020.1400792151000000", "styp_id": "1400792151000000", "sst_name": "Blockrand- und Zeilenbebauung der 20er und 30er Jahre", "voeff_name": "versorgter Bereich", "vpriv_name": "mittel: Zeilen oder kompakte Siedlung", "versorg_sst": 2, "esst_name": "Block-edge and row development of the 1920s and 1930s", "evoeff_name": "good availability", "evpriv_name": "medium: row development or compact settlement"}, "geometry": {"type": "MultiPolygon", "coordinates": [[[[13.42142002, 52.47351834], [13.42164418, 52.47278453], [13.42321503, 52.47296517], [13.42297919, 52.47368549], [13.42142002, 52.47351834]]]]}}, {"type": "Feature", "properties": {"id": "versorggruen_2020.1400792161000000", "styp_id": "1400792161000000", "sst_name": "Blockrand- und Zeilenbebauung der 20er und 30er Jahre", "voeff_name": "versorgter Bereich", "vpriv_name": "mittel: Zeilen oder kompakte Siedlung", "versorg_sst": 2, "esst_name": "Block-edge and row development of the 1920s and 1930s", "evoeff_name": "good availability", "evpriv_name": "medium: row development or compact settlement"}, "geometry": {"type": "MultiPolygon", "coordinates": [[[[13.42114058, 52.47348191], [13.41972555, 52.47333386], [13.41993795, 52.47260272], [13.42137498, 52.47276159], [13.42114058, 52.47348191]]]]}}, {"type": "Feature", "properties": {"id": "versorggruen_2020.1400792171000000", "styp_id": "1400792171000000", "sst_name": "Blockrand- und Zeilenbebauung der 20er und 30er Jahre", "voeff_name": "versorgter Bereich", "vpriv_name": "mittel: Zeilen oder kompakte Siedlung", "versorg_sst": 2, "esst_name": "Block-edge and row development of the 1920s and 1930s", "evoeff_name": "good availability", "evpriv_name": "medium: row development or compact settlement"}, "geometry": {"type": "MultiPolygon", "coordinates": [[[[13.42005228, 52.47207224], [13.4223483, 52.47231754], [13.42224359, 52.47268491], [13.41996524, 52.47243113], [13.42005228, 52.47207224]]]]}}, {"type": "Feature", "properties": {"id": "versorggruen_2020.1400792191000000", "styp_id": "1400792191000000", "sst_name": "Blockbebauung der Gründerzeit mit Seitenflügeln und Hinterhäusern", "voeff_name": "versorgter Bereich", "vpriv_name": "gering: Blockrandbebauung", "versorg_sst": 3, "esst_name": "Wilhelminian-period block development with wings and rear buildings (until 1918)", "evoeff_name": "good availability", "evpriv_name": "low: Wilhelminian-period block-edge development"}, "geometry": {"type": "MultiPolygon", "coordinates": [[[[13.42471636, 52.47258492], [13.4281273, 52.47297172], [13.42794764, 52.4733237], [13.42460727, 52.47294869], [13.42471636, 52.47258492]]]]}}, {"type": "Feature", "properties": {"id": "versorggruen_2020.1400792221000200", "styp_id": "1400792221000200", "sst_name": "geringe Bebauung mit überwiegender Nutzung durch Gewerbe und Industrie", "voeff_name": "nicht versorgter Bereich", "vpriv_name": "gering: Blockrandbebauung", "versorg_sst": 12, "esst_name": "Sparse development with predominantly commercial and industrial use", "evoeff_name": "no availability", "evpriv_name": "low: Wilhelminian-period block-edge development"}, "geometry": {"type": "MultiPolygon", "coordinates": [[[[13.41655999, 52.46683425], [13.41671389, 52.46617128], [13.41677506, 52.46588236], [13.42114521, 52.46632391], [13.42091585, 52.46726653], [13.41700618, 52.46691349], [13.41655999, 52.46683425]]]]}}, {"type": "Feature", "properties": {"id": "versorggruen_2020.1400792231000000", "styp_id": "1400792231000000", "sst_name": "Blockrand- und Zeilenbebauung der 20er und 30er Jahre", "voeff_name": "versorgter Bereich", "vpriv_name": "mittel: Zeilen oder kompakte Siedlung", "versorg_sst": 2, "esst_name": "Block-edge and row development of the 1920s and 1930s", "evoeff_name": "good availability", "evpriv_name": "medium: row development or compact settlement"}, "geometry": {"type": "MultiPolygon", "coordinates": [[[[13.42037214, 52.47092057], [13.42071515, 52.46941114], [13.42186824, 52.46953536], [13.42140191, 52.4710379], [13.42037214, 52.47092057]]]]}}, {"type": "Feature", "properties": {"id": "versorggruen_2020.1400792241000100", "styp_id": "1400792241000100", "sst_name": "Blockbebauung der Gründerzeit mit Seitenflügeln und Hinterhäusern", "voeff_name": "versorgter Bereich", "vpriv_name": "gering: Blockrandbebauung", "versorg_sst": 3, "esst_name": "Wilhelminian-period block development with wings and rear buildings (until 1918)", "evoeff_name": "good availability", "evpriv_name": "low: Wilhelminian-period block-edge development"}, "geometry": {"type": "MultiPolygon", "coordinates": [[[[13.42198428, 52.47005477], [13.42212412, 52.46956905], [13.42338015, 52.46970871], [13.42328152, 52.47003655], [13.42457724, 52.47018885], [13.42468604, 52.46988799], [13.42944547, 52.47042893], [13.42921794, 52.47087526], [13.42198428, 52.47005477]]]]}}, {"type": "Feature", "properties": {"id": "versorggruen_2020.1400792551000100", "styp_id": "1400792551000100", "sst_name": "Blockbebauung der Gründerzeit mit Seitenflügeln und Hinterhäusern", "voeff_name": "versorgter Bereich", "vpriv_name": "gering: Blockrandbebauung", "versorg_sst": 3, "esst_name": "Wilhelminian-period block development with wings and rear buildings (until 1918)", "evoeff_name": "good availability", "evpriv_name": "low: Wilhelminian-period block-edge development"}, "geometry": {"type": "MultiPolygon", "coordinates": [[[[13.4208794, 52.46875865], [13.42980776, 52.46976607], [13.42956712, 52.47020896], [13.42474742, 52.46965803], [13.42481311, 52.46945146], [13.42472809, 52.46938121], [13.42362065, 52.46924901], [13.42350561, 52.46930723], [13.42342505, 52.46954523], [13.42076298, 52.46925126], [13.4208794, 52.46875865]]]]}}, {"type": "Feature", "properties": {"id": "versorggruen_2020.1400792551000300", "styp_id": "1400792551000300", "sst_name": "Blockbebauung der Gründerzeit mit Seitenflügeln und Hinterhäusern", "voeff_name": "nicht versorgter Bereich", "vpriv_name": "gering: Blockrandbebauung", "versorg_sst": 12, "esst_name": "Wilhelminian-period block development with wings and rear buildings (until 1918)", "evoeff_name": "no availability", "evpriv_name": "low: Wilhelminian-period block-edge development"}, "geometry": {"type": "MultiPolygon", "coordinates": [[[[13.42112983, 52.46769889], [13.42118329, 52.46747265], [13.43046936, 52.46851109], [13.43035314, 52.46873156], [13.42867078, 52.46855298], [13.4273498, 52.46840401], [13.42512285, 52.46812673], [13.42228442, 52.46781501], [13.42112983, 52.46769889]]]]}}, {"type": "Feature", "properties": {"id": "versorggruen_2020.1400792561000000", "styp_id": "1400792561000000", "sst_name": "Blockbebauung der Gründerzeit mit Seitenflügeln und Hinterhäusern", "voeff_name": "nicht versorgter Bereich", "vpriv_name": "gering: Blockrandbebauung", "versorg_sst": 12, "esst_name": "Wilhelminian-period block development with wings and rear buildings (until 1918)", "evoeff_name": "no availability", "evpriv_name": "low: Wilhelminian-period block-edge development"}, "geometry": {"type": "MultiPolygon", "coordinates": [[[[13.42120474, 52.46729115], [13.42131307, 52.46677821], [13.42495889, 52.4671772], [13.42478143, 52.46769452], [13.42120474, 52.46729115]]]]}}, {"type": "Feature", "properties": {"id": "versorggruen_2020.1400792571000000", "styp_id": "1400792571000000", "sst_name": "Blockbebauung der Gründerzeit mit Seitenflügeln und Hinterhäusern", "voeff_name": "nicht versorgter Bereich", "vpriv_name": "gering: Blockrandbebauung", "versorg_sst": 12, "esst_name": "Wilhelminian-period block development with wings and rear buildings (until 1918)", "evoeff_name": "no availability", "evpriv_name": "low: Wilhelminian-period block-edge development"}, "geometry": {"type": "MultiPolygon", "coordinates": [[[[13.42519861, 52.46720456], [13.42773559, 52.46748115], [13.42757578, 52.4680066], [13.42503437, 52.46772641], [13.42519861, 52.46720456]]]]}}, {"type": "Feature", "properties": {"id": "versorggruen_2020.1400792581000000", "styp_id": "1400792581000000", "sst_name": "Blockbebauung der Gründerzeit mit Seitenflügeln und Hinterhäusern", "voeff_name": "nicht versorgter Bereich", "vpriv_name": "gering: Blockrandbebauung", "versorg_sst": 12, "esst_name": "Wilhelminian-period block development with wings and rear buildings (until 1918)", "evoeff_name": "no availability", "evpriv_name": "low: Wilhelminian-period block-edge development"}, "geometry": {"type": "MultiPolygon", "coordinates": [[[[13.42797091, 52.46750671], [13.43082669, 52.46790329], [13.43056279, 52.46834769], [13.42781403, 52.46803396], [13.42797091, 52.46750671]]]]}}, {"type": "Feature", "properties": {"id": "versorggruen_2020.1400792631000000", "styp_id": "1400792631000000", "sst_name": "Blockbebauung der Gründerzeit mit Seitenflügeln und Hinterhäusern", "voeff_name": "nicht versorgter Bereich", "vpriv_name": "gering: Blockrandbebauung", "versorg_sst": 12, "esst_name": "Wilhelminian-period block development with wings and rear buildings (until 1918)", "evoeff_name": "no availability", "evpriv_name": "low: Wilhelminian-period block-edge development"}, "geometry": {"type": "MultiPolygon", "coordinates": [[[[13.4215518, 52.46575235], [13.42162164, 52.46528697], [13.43169966, 52.46648215], [13.43138661, 52.46706577], [13.42520981, 52.46636433], [13.42526361, 52.4661829], [13.4215518, 52.46575235]]]]}}, {"type": "Feature", "properties": {"id": "versorggruen_2020.1400793051000100", "styp_id": "1400793051000100", "sst_name": "Bebauung mit überwiegender Nutzung durch Gemeinbedarf und Sondernutzung, Verkehrsflächen ohne Straßen", "voeff_name": "versorgter Bereich", "vpriv_name": "mittel: Zeilen oder kompakte Siedlung", "versorg_sst": 2, "esst_name": "Development with predominantly public and special use or non-street traffic area", "evoeff_name": "good availability", "evpriv_name": "medium: row development or compact settlement"}, "geometry": {"type": "MultiPolygon", "coordinates": [[[[13.42802731, 52.46394424], [13.42818388, 52.46339079], [13.43238502, 52.46390201], [13.43203242, 52.46442438], [13.42802731, 52.46394424]]]]}}, {"type": "Feature", "properties": {"id": "versorggruen_2020.1400793051000400", "styp_id": "1400793051000400", "sst_name": "Siedlungsbebauung der 90er Jahre", "voeff_name": "versorgter Bereich", "vpriv_name": "mittel: Zeilen oder kompakte Siedlung", "versorg_sst": 2, "esst_name": "Residential development of the 1990s", "evoeff_name": "good availability", "evpriv_name": "medium: row development or compact settlement"}, "geometry": {"type": "MultiPolygon", "coordinates": [[[[13.42198648, 52.46150639], [13.42199081, 52.46151233], [13.42303334, 52.46132002], [13.42358417, 52.46137893], [13.42314752, 52.46278097], [13.422711, 52.4627281], [13.42214689, 52.46243642], [13.42205214, 52.46161219], [13.42198648, 52.46150639]]]]}}, {"type": "Feature", "properties": {"id": "versorggruen_2020.1400793051000500", "styp_id": "1400793051000500", "sst_name": "Siedlungsbebauung der 90er Jahre", "voeff_name": "versorgter Bereich", "vpriv_name": "mittel: Zeilen oder kompakte Siedlung", "versorg_sst": 2, "esst_name": "Residential development of the 1990s", "evoeff_name": "good availability", "evpriv_name": "medium: row development or compact settlement"}, "geometry": {"type": "MultiPolygon", "coordinates": [[[[13.43203242, 52.46442438], [13.43238502, 52.46390201], [13.43254362, 52.4639213], [13.43274847, 52.46332534], [13.43299272, 52.46253017], [13.4342026, 52.46275501], [13.43410169, 52.46295435], [13.4331922, 52.46401239], [13.43283391, 52.46452045], [13.43203242, 52.46442438]]]]}}, {"type": "Feature", "properties": {"id": "versorggruen_2020.1400796051000000", "styp_id": "1400796051000000", "sst_name": "Blockbebauung der Gründerzeit mit Seitenflügeln und Hinterhäusern", "voeff_name": "versorgter Bereich", "vpriv_name": "gering: Blockrandbebauung", "versorg_sst": 3, "esst_name": "Wilhelminian-period block development with wings and rear buildings (until 1918)", "evoeff_name": "good availability", "evpriv_name": "low: Wilhelminian-period block-edge development"}, "geometry": {"type": "MultiPolygon", "coordinates": [[[[13.40774359, 52.4886637], [13.40783741, 52.48850519], [13.40791401, 52.48849634], [13.41176172, 52.48798847], [13.41173425, 52.48788687], [13.41369488, 52.4876325], [13.41359327, 52.48811513], [13.40788011, 52.48885576], [13.40772352, 52.48875057], [13.40774359, 52.4886637]]]]}}, {"type": "Feature", "properties": {"id": "versorggruen_2020.1400796061000000", "styp_id": "1400796061000000", "sst_name": "Blockbebauung der Gründerzeit mit Seitenflügeln und Hinterhäusern", "voeff_name": "versorgter Bereich", "vpriv_name": "gering: Blockrandbebauung", "versorg_sst": 3, "esst_name": "Wilhelminian-period block development with wings and rear buildings (until 1918)", "evoeff_name": "good availability", "evpriv_name": "low: Wilhelminian-period block-edge development"}, "geometry": {"type": "MultiPolygon", "coordinates": [[[[13.41549797, 52.48785691], [13.41535007, 52.48752224], [13.41840948, 52.48713495], [13.41844536, 52.48747576], [13.41549797, 52.48785691]]]]}}, {"type": "Feature", "properties": {"id": "versorggruen_2020.1400796261000100", "styp_id": "1400796261000100", "sst_name": "Blockbebauung der Gründerzeit mit Seitenflügeln und Hinterhäusern", "voeff_name": "nicht versorgter Bereich", "vpriv_name": "gering: Blockrandbebauung", "versorg_sst": 12, "esst_name": "Wilhelminian-period block development with wings and rear buildings (until 1918)", "evoeff_name": "no availability", "evpriv_name": "low: Wilhelminian-period block-edge development"}, "geometry": {"type": "MultiPolygon", "coordinates": [[[[13.42686216, 52.4657219], [13.42699362, 52.46529033], [13.42813591, 52.46543556], [13.42818659, 52.46527293], [13.43042209, 52.46553768], [13.4307934, 52.4644396], [13.43259348, 52.46465575], [13.43271373, 52.46474761], [13.43180045, 52.46631517], [13.42686216, 52.4657219]]]]}}, {"type": "Feature", "properties": {"id": "versorggruen_2020.1400796261000200", "styp_id": "1400796261000200", "sst_name": "nicht oder gering bebaute Grün- und Freiflächen", "voeff_name": "nicht versorgter Bereich", "vpriv_name": "hoch: aufgelockerte Siedlungsbebauung", "versorg_sst": 10, "esst_name": "Public green and open spaces with sparse or no development", "evoeff_name": "no availability", "evpriv_name": "high: loose settlement development"}, "geometry": {"type": "MultiPolygon", "coordinates": [[[[13.4262904, 52.4652042], [13.42647331, 52.46467721], [13.42654412, 52.46463898], [13.42695207, 52.46467802], [13.42714995, 52.46400201], [13.4307934, 52.4644396], [13.43042209, 52.46553768], [13.42818659, 52.46527293], [13.42813591, 52.46543556], [13.42699362, 52.46529033], [13.42675687, 52.46525442], [13.42668382, 52.46549362], [13.4262187, 52.46543897], [13.4262904, 52.4652042]]]]}}, {"type": "Feature", "properties": {"id": "versorggruen_2020.1400796261000300", "styp_id": "1400796261000300", "sst_name": "Blockbebauung der Gründerzeit mit Seitenflügeln und Hinterhäusern", "voeff_name": "nicht versorgter Bereich", "vpriv_name": "gering: Blockrandbebauung", "versorg_sst": 12, "esst_name": "Wilhelminian-period block development with wings and rear buildings (until 1918)", "evoeff_name": "no availability", "evpriv_name": "low: Wilhelminian-period block-edge development"}, "geometry": {"type": "MultiPolygon", "coordinates": [[[[13.42165224, 52.46465448], [13.42465209, 52.46501005], [13.4262904, 52.4652042], [13.4262187, 52.46543897], [13.42668382, 52.46549362], [13.42662245, 52.46569454], [13.42163861, 52.46511894], [13.42165224, 52.46465448]]]]}}, {"type": "Feature", "properties": {"id": "versorggruen_2020.1400796261000500", "styp_id": "1400796261000500", "sst_name": "Siedlungsbebauung der 90er Jahre", "voeff_name": "nicht versorgter Bereich", "vpriv_name": "mittel: Zeilen oder kompakte Siedlung", "versorg_sst": 11, "esst_name": "Residential development of the 1990s", "evoeff_name": "no availability", "evpriv_name": "medium: row development or compact settlement"}, "geometry": {"type": "MultiPolygon", "coordinates": [[[[13.42465209, 52.46501005], [13.42504157, 52.46374874], [13.42714995, 52.46400201], [13.42695207, 52.46467802], [13.42654412, 52.46463898], [13.42647331, 52.46467721], [13.4262904, 52.4652042], [13.42465209, 52.46501005]]]]}}, {"type": "Feature", "properties": {"id": "versorggruen_2020.1400800101000000", "styp_id": "1400800101000000", "sst_name": "Blockrandbebauung der Gründerzeit mit geringem Anteil von Seiten- und Hintergebäuden", "voeff_name": "unterversorgter Bereich", "vpriv_name": "gering: Blockrandbebauung", "versorg_sst": 6, "esst_name": "Wilhelminian-period block-edge development with few wings and rear buildings", "evoeff_name": "reduced availability", "evpriv_name": "low: Wilhelminian-period block-edge development"}, "geometry": {"type": "MultiPolygon", "coordinates": [[[[13.43488551, 52.46199533], [13.43510031, 52.46139314], [13.44049847, 52.46200513], [13.44030678, 52.46260966], [13.43488551, 52.46199533]]]]}}, {"type": "Feature", "properties": {"id": "versorggruen_2020.1400800141000000", "styp_id": "1400800141000000", "sst_name": "Blockrand- und Zeilenbebauung der 20er und 30er Jahre", "voeff_name": "versorgter Bereich", "vpriv_name": "mittel: Zeilen oder kompakte Siedlung", "versorg_sst": 2, "esst_name": "Block-edge and row development of the 1920s and 1930s", "evoeff_name": "good availability", "evpriv_name": "medium: row development or compact settlement"}, "geometry": {"type": "MultiPolygon", "coordinates": [[[[13.42915465, 52.46143465], [13.42788721, 52.46126268], [13.42815715, 52.46012632], [13.42949521, 52.46028942], [13.42915465, 52.46143465]]]]}}, {"type": "Feature", "properties": {"id": "versorggruen_2020.1400800151000000", "styp_id": "1400800151000000", "sst_name": "Blockrand- und Zeilenbebauung der 20er und 30er Jahre", "voeff_name": "versorgter Bereich", "vpriv_name": "mittel: Zeilen oder kompakte Siedlung", "versorg_sst": 2, "esst_name": "Block-edge and row development of the 1920s and 1930s", "evoeff_name": "good availability", "evpriv_name": "medium: row development or compact settlement"}, "geometry": {"type": "MultiPolygon", "coordinates": [[[[13.42691325, 52.45898922], [13.42801872, 52.45950422], [13.42765805, 52.46118501], [13.42666266, 52.46104932], [13.42680865, 52.4590205], [13.42691325, 52.45898922]]]]}}, {"type": "Feature", "properties": {"id": "versorggruen_2020.1400800161000000", "styp_id": "1400800161000000", "sst_name": "Zeilenbebauung seit den 50er Jahren", "voeff_name": "unterversorgter Bereich", "vpriv_name": "mittel: Zeilen oder kompakte Siedlung", "versorg_sst": 5, "esst_name": "Row development since the 1950s", "evoeff_name": "reduced availability", "evpriv_name": "medium: row development or compact settlement"}, "geometry": {"type": "MultiPolygon", "coordinates": [[[[13.42521318, 52.45789176], [13.42624002, 52.45724647], [13.4266321, 52.45740081], [13.42642704, 52.45752897], [13.42810262, 52.45818512], [13.42804832, 52.45913582], [13.42792748, 52.45918144], [13.42521318, 52.45789176]]]]}}, {"type": "Feature", "properties": {"id": "versorggruen_2020.1400800171000000", "styp_id": "1400800171000000", "sst_name": "Zeilenbebauung seit den 50er Jahren", "voeff_name": "unterversorgter Bereich", "vpriv_name": "mittel: Zeilen oder kompakte Siedlung", "versorg_sst": 5, "esst_name": "Row development since the 1950s", "evoeff_name": "reduced availability", "evpriv_name": "medium: row development or compact settlement"}, "geometry": {"type": "MultiPolygon", "coordinates": [[[[13.42831508, 52.45935823], [13.42836503, 52.45839136], [13.42846381, 52.45834389], [13.42978686, 52.45889069], [13.42969823, 52.45963194], [13.42859693, 52.4594944], [13.42831508, 52.45935823]]]]}}, {"type": "Feature", "properties": {"id": "versorggruen_2020.1400800181000000", "styp_id": "1400800181000000", "sst_name": "Blockrand- und Zeilenbebauung der 20er und 30er Jahre", "voeff_name": "unterversorgter Bereich", "vpriv_name": "mittel: Zeilen oder kompakte Siedlung", "versorg_sst": 5, "esst_name": "Block-edge and row development of the 1920s and 1930s", "evoeff_name": "reduced availability", "evpriv_name": "medium: row development or compact settlement"}, "geometry": {"type": "MultiPolygon", "coordinates": [[[[13.42628423, 52.45722857], [13.42671059, 52.4569606], [13.42704006, 52.45697373], [13.42816905, 52.45715357], [13.42811261, 52.45792722], [13.42796699, 52.45792338], [13.42628423, 52.45722857]]]]}}, {"type": "Feature", "properties": {"id": "versorggruen_2020.1400800191000000", "styp_id": "1400800191000000", "sst_name": "Blockrand- und Zeilenbebauung der 20er und 30er Jahre", "voeff_name": "unterversorgter Bereich", "vpriv_name": "mittel: Zeilen oder kompakte Siedlung", "versorg_sst": 5, "esst_name": "Block-edge and row development of the 1920s and 1930s", "evoeff_name": "reduced availability", "evpriv_name": "medium: row development or compact settlement"}, "geometry": {"type": "MultiPolygon", "coordinates": [[[[13.42842777, 52.45719714], [13.42991654, 52.45752224], [13.42982635, 52.45861397], [13.42973058, 52.45864616], [13.42837664, 52.45810021], [13.42842777, 52.45719714]]]]}}, {"type": "Feature", "properties": {"id": "versorggruen_2020.1400800201000200", "styp_id": "1400800201000200", "sst_name": "nicht oder gering bebaute Grün- und Freiflächen", "voeff_name": "unterversorgter Bereich", "vpriv_name": "hoch: aufgelockerte Siedlungsbebauung", "versorg_sst": 4, "esst_name": "Public green and open spaces with sparse or no development", "evoeff_name": "reduced availability", "evpriv_name": "high: loose settlement development"}, "geometry": {"type": "MultiPolygon", "coordinates": [[[[13.42994169, 52.4601311], [13.43006129, 52.45970444], [13.42996572, 52.4596908], [13.43020321, 52.45756765], [13.43231161, 52.45810712], [13.43221765, 52.45838568], [13.43086747, 52.45810339], [13.43066362, 52.45825376], [13.43051909, 52.45975176], [13.43160106, 52.4599027], [13.43146806, 52.46029719], [13.42994169, 52.4601311]]]]}}, {"type": "Feature", "properties": {"id": "versorggruen_2020.1400800231000000", "styp_id": "1400800231000000", "sst_name": "Blockrandbebauung der Gründerzeit mit geringem Anteil von Seiten- und Hintergebäuden", "voeff_name": "unterversorgter Bereich", "vpriv_name": "gering: Blockrandbebauung", "versorg_sst": 6, "esst_name": "Wilhelminian-period block-edge development with few wings and rear buildings", "evoeff_name": "reduced availability", "evpriv_name": "low: Wilhelminian-period block-edge development"}, "geometry": {"type": "MultiPolygon", "coordinates": [[[[13.43514742, 52.46125907], [13.43547874, 52.46025521], [13.43800206, 52.46055222], [13.43769046, 52.46154929], [13.43514742, 52.46125907]]]]}}, {"type": "Feature", "properties": {"id": "versorggruen_2020.1400800241000000", "styp_id": "1400800241000000", "sst_name": "Blockrandbebauung der Gründerzeit mit geringem Anteil von Seiten- und Hintergebäuden", "voeff_name": "unterversorgter Bereich", "vpriv_name": "gering: Blockrandbebauung", "versorg_sst": 6, "esst_name": "Wilhelminian-period block-edge development with few wings and rear buildings", "evoeff_name": "reduced availability", "evpriv_name": "low: Wilhelminian-period block-edge development"}, "geometry": {"type": "MultiPolygon", "coordinates": [[[[13.440464, 52.4618677], [13.43788608, 52.46156923], [13.43821089, 52.46057053], [13.44079457, 52.46086399], [13.440464, 52.4618677]]]]}}, {"type": "Feature", "properties": {"id": "versorggruen_2020.1400800251000000", "styp_id": "1400800251000000", "sst_name": "geringe Bebauung mit überwiegender Nutzung durch Gewerbe und Industrie", "voeff_name": "unterversorgter Bereich", "vpriv_name": "gering: Blockrandbebauung", "versorg_sst": 6, "esst_name": "Sparse development with predominantly commercial and industrial use", "evoeff_name": "reduced availability", "evpriv_name": "low: Wilhelminian-period block-edge development"}, "geometry": {"type": "MultiPolygon", "coordinates": [[[[13.44074136, 52.46189847], [13.44105926, 52.46089496], [13.44377673, 52.46122313], [13.44371776, 52.46143298], [13.4440308, 52.46227623], [13.44074136, 52.46189847]]]]}}, {"type": "Feature", "properties": {"id": "versorggruen_2020.1400800261000000", "styp_id": "1400800261000000", "sst_name": "Blockrandbebauung der Gründerzeit mit geringem Anteil von Seiten- und Hintergebäuden", "voeff_name": "unterversorgter Bereich", "vpriv_name": "gering: Blockrandbebauung", "versorg_sst": 6, "esst_name": "Wilhelminian-period block-edge development with few wings and rear buildings", "evoeff_name": "reduced availability", "evpriv_name": "low: Wilhelminian-period block-edge development"}, "geometry": {"type": "MultiPolygon", "coordinates": [[[[13.44492046, 52.4623784], [13.44418223, 52.46229464], [13.44386658, 52.46142825], [13.44392358, 52.46124067], [13.44558281, 52.46143531], [13.44492046, 52.4623784]]]]}}, {"type": "Feature", "properties": {"id": "versorggruen_2020.1400800291000100", "styp_id": "1400800291000100", "sst_name": "Blockbebauung der Gründerzeit mit Seitenflügeln und Hinterhäusern", "voeff_name": "unterversorgter Bereich", "vpriv_name": "gering: Blockrandbebauung", "versorg_sst": 6, "esst_name": "Wilhelminian-period block development with wings and rear buildings (until 1918)", "evoeff_name": "reduced availability", "evpriv_name": "low: Wilhelminian-period block-edge development"}, "geometry": {"type": "MultiPolygon", "coordinates": [[[[13.44092011, 52.46075006], [13.44113462, 52.4601051], [13.44186008, 52.46017545], [13.44181365, 52.46040224], [13.44597052, 52.46087997], [13.4456478, 52.46130158], [13.44092011, 52.46075006]]]]}}, {"type": "Feature", "properties": {"id": "versorggruen_2020.1400800301000100", "styp_id": "1400800301000100", "sst_name": "Zeilenbebauung seit den 50er Jahren", "voeff_name": "unterversorgter Bereich", "vpriv_name": "mittel: Zeilen oder kompakte Siedlung", "versorg_sst": 5, "esst_name": "Row development since the 1950s", "evoeff_name": "reduced availability", "evpriv_name": "medium: row development or compact settlement"}, "geometry": {"type": "MultiPolygon", "coordinates": [[[[13.43549665, 52.46012673], [13.43623697, 52.4586277], [13.43664634, 52.45865904], [13.43659283, 52.45896036], [13.44105684, 52.45951965], [13.44068041, 52.46072272], [13.43549665, 52.46012673]]]]}}, {"type": "Feature", "properties": {"id": "versorggruen_2020.1400800361000100", "styp_id": "1400800361000100", "sst_name": "Siedlungsbebauung der 90er Jahre", "voeff_name": "versorgter Bereich", "vpriv_name": "mittel: Zeilen oder kompakte Siedlung", "versorg_sst": 2, "esst_name": "Residential development of the 1990s", "evoeff_name": "good availability", "evpriv_name": "medium: row development or compact settlement"}, "geometry": {"type": "MultiPolygon", "coordinates": [[[[13.43667643, 52.45772363], [13.43745811, 52.45599783], [13.44198505, 52.45658373], [13.44184951, 52.4569785], [13.43865647, 52.45658039], [13.43859788, 52.4567395], [13.44179741, 52.45712582], [13.44148159, 52.45815111], [13.44102929, 52.45810357], [13.43949739, 52.45797465], [13.43869, 52.45791433], [13.43667643, 52.45772363]]]]}}, {"type": "Feature", "properties": {"id": "versorggruen_2020.1400800411000000", "styp_id": "1400800411000000", "sst_name": "geringe Bebauung mit überwiegender Nutzung durch Gewerbe und Industrie", "voeff_name": "versorgter Bereich", "vpriv_name": "gering: Blockrandbebauung", "versorg_sst": 3, "esst_name": "Sparse development with predominantly commercial and industrial use", "evoeff_name": "good availability", "evpriv_name": "low: Wilhelminian-period block-edge development"}, "geometry": {"type": "MultiPolygon", "coordinates": [[[[13.44992335, 52.45612856], [13.45022123, 52.4556875], [13.45280946, 52.45642246], [13.45245341, 52.45684073], [13.44992335, 52.45612856]]]]}}, {"type": "Feature", "properties": {"id": "versorggruen_2020.1400800431000000", "styp_id": "1400800431000000", "sst_name": "Zeilenbebauung seit den 50er Jahren", "voeff_name": "versorgter Bereich", "vpriv_name": "mittel: Zeilen oder kompakte Siedlung", "versorg_sst": 2, "esst_name": "Row development since the 1950s", "evoeff_name": "good availability", "evpriv_name": "medium: row development or compact settlement"}, "geometry": {"type": "MultiPolygon", "coordinates": [[[[13.44687778, 52.45534304], [13.44980863, 52.45569943], [13.44922944, 52.45645364], [13.4466074, 52.45613309], [13.44687778, 52.45534304]]]]}}, {"type": "Feature", "properties": {"id": "versorggruen_2020.1400800451000000", "styp_id": "1400800451000000", "sst_name": "Blockrand- und Zeilenbebauung der 20er und 30er Jahre", "voeff_name": "versorgter Bereich", "vpriv_name": "mittel: Zeilen oder kompakte Siedlung", "versorg_sst": 2, "esst_name": "Block-edge and row development of the 1920s and 1930s", "evoeff_name": "good availability", "evpriv_name": "medium: row development or compact settlement"}, "geometry": {"type": "MultiPolygon", "coordinates": [[[[13.44254326, 52.45571829], [13.4449863, 52.45602315], [13.44594645, 52.45691686], [13.44230801, 52.45647192], [13.44254326, 52.45571829]]]]}}, {"type": "Feature", "properties": {"id": "versorggruen_2020.1400800461000000", "styp_id": "1400800461000000", "sst_name": "niedrige Bebauung mit Hausgärten", "voeff_name": "versorgter Bereich", "vpriv_name": "hoch: aufgelockerte Siedlungsbebauung", "versorg_sst": 1, "esst_name": "Low buildings with yards", "evoeff_name": "good availability", "evpriv_name": "high: loose settlement development"}, "geometry": {"type": "MultiPolygon", "coordinates": [[[[13.44255521, 52.45567607], [13.44284207, 52.45484856], [13.44408856, 52.45500221], [13.44493461, 52.45597325], [13.44255521, 52.45567607]]]]}}, {"type": "Feature", "properties": {"id": "versorggruen_2020.1400800471000000", "styp_id": "1400800471000000", "sst_name": "Blockrand- und Zeilenbebauung der 20er und 30er Jahre", "voeff_name": "versorgter Bereich", "vpriv_name": "mittel: Zeilen oder kompakte Siedlung", "versorg_sst": 2, "esst_name": "Block-edge and row development of the 1920s and 1930s", "evoeff_name": "good availability", "evpriv_name": "medium: row development or compact settlement"}, "geometry": {"type": "MultiPolygon", "coordinates": [[[[13.44201355, 52.45645347], [13.44004483, 52.45620504], [13.44026244, 52.45553316], [13.4402921, 52.45547841], [13.44034378, 52.45543085], [13.44043223, 52.45538785], [13.44055286, 52.45538537], [13.44127481, 52.45546377], [13.44153115, 52.45469099], [13.44255607, 52.45481678], [13.44201355, 52.45645347]]]]}}, {"type": "Feature", "properties": {"id": "versorggruen_2020.1400800481000000", "styp_id": "1400800481000000", "sst_name": "Blockrandbebauung der Gründerzeit mit massiven Veränderungen", "voeff_name": "versorgter Bereich", "vpriv_name": "gering: Blockrandbebauung", "versorg_sst": 3, "esst_name": "Wilhelminian-period block-edge development with major changes", "evoeff_name": "good availability", "evpriv_name": "low: Wilhelminian-period block-edge development"}, "geometry": {"type": "MultiPolygon", "coordinates": [[[[13.43752488, 52.45586494], [13.43780411, 52.45524172], [13.44001687, 52.45551303], [13.43981111, 52.45616334], [13.43752488, 52.45586494]]]]}}, {"type": "Feature", "properties": {"id": "versorggruen_2020.1400800491000000", "styp_id": "1400800491000000", "sst_name": "Bebauung mit überwiegender Nutzung durch Gemeinbedarf und Sondernutzung, Verkehrsflächen ohne Straßen", "voeff_name": "versorgter Bereich", "vpriv_name": "mittel: Zeilen oder kompakte Siedlung", "versorg_sst": 2, "esst_name": "Development with predominantly public and special use or non-street traffic area", "evoeff_name": "good availability", "evpriv_name": "medium: row development or compact settlement"}, "geometry": {"type": "MultiPolygon", "coordinates": [[[[13.43786808, 52.45507467], [13.43818768, 52.45429514], [13.44065436, 52.45458431], [13.44046698, 52.45517135], [13.44034054, 52.45515497], [13.44015728, 52.45535509], [13.43786808, 52.45507467]]]]}}, {"type": "Feature", "properties": {"id": "versorggruen_2020.1400800501000000", "styp_id": "1400800501000000", "sst_name": "Blockbebauung der Gründerzeit mit Seitenflügeln und Hinterhäusern", "voeff_name": "unterversorgter Bereich", "vpriv_name": "gering: Blockrandbebauung", "versorg_sst": 6, "esst_name": "Wilhelminian-period block development with wings and rear buildings (until 1918)", "evoeff_name": "reduced availability", "evpriv_name": "low: Wilhelminian-period block-edge development"}, "geometry": {"type": "MultiPolygon", "coordinates": [[[[13.43699251, 52.45275022], [13.43751177, 52.45276482], [13.43753494, 52.45271345], [13.43814677, 52.45272611], [13.43832646, 52.45273808], [13.43781069, 52.45404651], [13.43740508, 52.45395779], [13.43733221, 52.45414098], [13.43773934, 52.45422073], [13.43722198, 52.45548971], [13.43610307, 52.45535212], [13.43699251, 52.45275022]]]]}}, {"type": "Feature", "properties": {"id": "versorggruen_2020.1400800561000000", "styp_id": "1400800561000000", "sst_name": "Zeilenbebauung seit den 50er Jahren", "voeff_name": "versorgter Bereich", "vpriv_name": "mittel: Zeilen oder kompakte Siedlung", "versorg_sst": 2, "esst_name": "Row development since the 1950s", "evoeff_name": "good availability", "evpriv_name": "medium: row development or compact settlement"}, "geometry": {"type": "MultiPolygon", "coordinates": [[[[13.43827977, 52.4540859], [13.43878231, 52.45281676], [13.43927008, 52.45284399], [13.44031922, 52.45288672], [13.44085193, 52.45288882], [13.44117532, 52.45287345], [13.44109798, 52.45308834], [13.4413523, 52.45312469], [13.44126278, 52.4534274], [13.44100765, 52.45393022], [13.44066348, 52.45392161], [13.44060492, 52.4543759], [13.43827977, 52.4540859]]]]}}, {"type": "Feature", "properties": {"id": "versorggruen_2020.1400800591000200", "styp_id": "1400800591000200", "sst_name": "Siedlungsbebauung der 90er Jahre", "voeff_name": "versorgter Bereich", "vpriv_name": "mittel: Zeilen oder kompakte Siedlung", "versorg_sst": 2, "esst_name": "Residential development of the 1990s", "evoeff_name": "good availability", "evpriv_name": "medium: row development or compact settlement"}, "geometry": {"type": "MultiPolygon", "coordinates": [[[[13.4449597, 52.45314627], [13.44726835, 52.45342528], [13.44668809, 52.45514144], [13.44440033, 52.45485935], [13.4449597, 52.45314627]]]]}}, {"type": "Feature", "properties": {"id": "versorggruen_2020.1400800601000200", "styp_id": "1400800601000200", "sst_name": "nicht oder gering bebaute Grün- und Freiflächen", "voeff_name": "versorgter Bereich", "vpriv_name": "hoch: aufgelockerte Siedlungsbebauung", "versorg_sst": 1, "esst_name": "Public green and open spaces with sparse or no development", "evoeff_name": "good availability", "evpriv_name": "high: loose settlement development"}, "geometry": {"type": "MultiPolygon", "coordinates": [[[[13.44683379, 52.45515917], [13.44704804, 52.45454791], [13.4493557, 52.45481623], [13.44937558, 52.45471806], [13.44966279, 52.45475717], [13.44970193, 52.45471558], [13.45042322, 52.45489169], [13.44994925, 52.45553818], [13.44683379, 52.45515917]]]]}}, {"type": "Feature", "properties": {"id": "versorggruen_2020.1400800611000000", "styp_id": "1400800611000000", "sst_name": "Blockrandbebauung der Gründerzeit mit geringem Anteil von Seiten- und Hintergebäuden", "voeff_name": "versorgter Bereich", "vpriv_name": "gering: Blockrandbebauung", "versorg_sst": 3, "esst_name": "Wilhelminian-period block-edge development with few wings and rear buildings", "evoeff_name": "good availability", "evpriv_name": "low: Wilhelminian-period block-edge development"}, "geometry": {"type": "MultiPolygon", "coordinates": [[[[13.45032622, 52.45558473], [13.4512063, 52.45440448], [13.45323702, 52.4551683], [13.45366217, 52.45528088], [13.45287966, 52.45630189], [13.45032622, 52.45558473]]]]}}, {"type": "Feature", "properties": {"id": "versorggruen_2020.1400800621000000", "styp_id": "1400800621000000", "sst_name": "geringe Bebauung mit überwiegender Nutzung durch Gewerbe und Industrie", "voeff_name": "versorgter Bereich", "vpriv_name": "gering: Blockrandbebauung", "versorg_sst": 3, "esst_name": "Sparse development with predominantly commercial and industrial use", "evoeff_name": "good availability", "evpriv_name": "low: Wilhelminian-period block-edge development"}, "geometry": {"type": "MultiPolygon", "coordinates": [[[[13.45129312, 52.45427553], [13.4515774, 52.45388142], [13.45421163, 52.45459099], [13.4537725, 52.4551619], [13.45325445, 52.45499657], [13.45129312, 52.45427553]]]]}}, {"type": "Feature", "properties": {"id": "versorggruen_2020.1400800661000500", "styp_id": "1400800661000500", "sst_name": "nicht oder gering bebaute Grün- und Freiflächen", "voeff_name": "versorgter Bereich", "vpriv_name": "hoch: aufgelockerte Siedlungsbebauung", "versorg_sst": 1, "esst_name": "Public green and open spaces with sparse or no development", "evoeff_name": "good availability", "evpriv_name": "high: loose settlement development"}, "geometry": {"type": "MultiPolygon", "coordinates": [[[[13.46207055, 52.4508341], [13.46205467, 52.4507514], [13.46288883, 52.45030952], [13.46328423, 52.44998385], [13.46427664, 52.44929864], [13.46464843, 52.44906592], [13.46468205, 52.44904487], [13.4647638, 52.44909808], [13.46425124, 52.44940644], [13.46382647, 52.44972309], [13.46337816, 52.4500379], [13.46302696, 52.45034566], [13.46266406, 52.45063363], [13.46237311, 52.45095315], [13.46207055, 52.4508341]]]]}}, {"type": "Feature", "properties": {"id": "versorggruen_2020.1400800661000700", "styp_id": "1400800661000700", "sst_name": "niedrige Bebauung mit Hausgärten", "voeff_name": "versorgter Bereich", "vpriv_name": "hoch: aufgelockerte Siedlungsbebauung", "versorg_sst": 1, "esst_name": "Low buildings with yards", "evoeff_name": "good availability", "evpriv_name": "high: loose settlement development"}, "geometry": {"type": "MultiPolygon", "coordinates": [[[[13.45893443, 52.4491362], [13.45940448, 52.44868834], [13.4605827, 52.44804078], [13.46295234, 52.45012098], [13.46273811, 52.45030149], [13.46146283, 52.45089563], [13.46103858, 52.45098786], [13.45893443, 52.4491362]]]]}}, {"type": "Feature", "properties": {"id": "versorggruen_2020.1400800701000200", "styp_id": "1400800701000200", "sst_name": "Blockrand- und Zeilenbebauung der 20er und 30er Jahre", "voeff_name": "versorgter Bereich", "vpriv_name": "mittel: Zeilen oder kompakte Siedlung", "versorg_sst": 2, "esst_name": "Block-edge and row development of the 1920s and 1930s", "evoeff_name": "good availability", "evpriv_name": "medium: row development or compact settlement"}, "geometry": {"type": "MultiPolygon", "coordinates": [[[[13.44546059, 52.4515023], [13.4455759, 52.45113072], [13.44924557, 52.45142369], [13.44913983, 52.45178582], [13.44546059, 52.4515023]]]]}}, {"type": "Feature", "properties": {"id": "versorggruen_2020.1400800711000000", "styp_id": "1400800711000000", "sst_name": "niedrige Bebauung mit Hausgärten", "voeff_name": "versorgter Bereich", "vpriv_name": "hoch: aufgelockerte Siedlungsbebauung", "versorg_sst": 1, "esst_name": "Low buildings with yards", "evoeff_name": "good availability", "evpriv_name": "high: loose settlement development"}, "geometry": {"type": "MultiPolygon", "coordinates": [[[[13.44495348, 52.44841949], [13.44521966, 52.44840061], [13.4460334, 52.44844315], [13.44682458, 52.44825405], [13.44694216, 52.44824167], [13.44697668, 52.44842304], [13.44704376, 52.44854702], [13.44714025, 52.44866387], [13.44726033, 52.44876099], [13.44744678, 52.44887688], [13.44701379, 52.44926877], [13.44658212, 52.44933598], [13.44649593, 52.44913223], [13.44636623, 52.44915579], [13.44682719, 52.45024754], [13.44671776, 52.45113246], [13.44559234, 52.45104477], [13.44495348, 52.44841949]]]]}}, {"type": "Feature", "properties": {"id": "versorggruen_2020.1400800721000000", "styp_id": "1400800721000000", "sst_name": "niedrige Bebauung mit Hausgärten", "voeff_name": "versorgter Bereich", "vpriv_name": "hoch: aufgelockerte Siedlungsbebauung", "versorg_sst": 1, "esst_name": "Low buildings with yards", "evoeff_name": "good availability", "evpriv_name": "high: loose settlement development"}, "geometry": {"type": "MultiPolygon", "coordinates": [[[[13.4468544, 52.45114741], [13.44696247, 52.45025673], [13.44661881, 52.44941862], [13.44709681, 52.44934355], [13.44756136, 52.44893022], [13.44772592, 52.44898477], [13.44789556, 52.44903057], [13.44809694, 52.44905963], [13.44832043, 52.44907884], [13.4485455, 52.4490711], [13.44831146, 52.45020575], [13.44798384, 52.4512351], [13.4468544, 52.45114741]]]]}}, {"type": "Feature", "properties": {"id": "versorggruen_2020.1400800731000000", "styp_id": "1400800731000000", "sst_name": "niedrige Bebauung mit Hausgärten", "voeff_name": "versorgter Bereich", "vpriv_name": "hoch: aufgelockerte Siedlungsbebauung", "versorg_sst": 1, "esst_name": "Low buildings with yards", "evoeff_name": "good availability", "evpriv_name": "high: loose settlement development"}, "geometry": {"type": "MultiPolygon", "coordinates": [[[[13.44812452, 52.45124759], [13.44844412, 52.45021683], [13.44868376, 52.4490704], [13.44916359, 52.44901513], [13.44951246, 52.44895642], [13.44980929, 52.44896243], [13.44969881, 52.44975851], [13.4495744, 52.45033886], [13.44943563, 52.45083201], [13.44927404, 52.45134267], [13.44812452, 52.45124759]]]]}}, {"type": "Feature", "properties": {"id": "versorggruen_2020.1400800741000000", "styp_id": "1400800741000000", "sst_name": "niedrige Bebauung mit Hausgärten", "voeff_name": "versorgter Bereich", "vpriv_name": "hoch: aufgelockerte Siedlungsbebauung", "versorg_sst": 1, "esst_name": "Low buildings with yards", "evoeff_name": "good availability", "evpriv_name": "high: loose settlement development"}, "geometry": {"type": "MultiPolygon", "coordinates": [[[[13.45017608, 52.44900341], [13.45033367, 52.44900953], [13.45051903, 52.44914954], [13.45067894, 52.44925402], [13.45088441, 52.44936576], [13.45124384, 52.44959905], [13.45129787, 52.44969798], [13.45133773, 52.45003145], [13.45131632, 52.45023631], [13.4512551, 52.45046628], [13.45109885, 52.45092166], [13.45074388, 52.45178296], [13.44957376, 52.45160058], [13.44994051, 52.45037445], [13.45006495, 52.44978512], [13.45017608, 52.44900341]]]]}}, {"type": "Feature", "properties": {"id": "versorggruen_2020.1400800751000000", "styp_id": "1400800751000000", "sst_name": "Blockrand- und Zeilenbebauung der 20er und 30er Jahre", "voeff_name": "versorgter Bereich", "vpriv_name": "mittel: Zeilen oder kompakte Siedlung", "versorg_sst": 2, "esst_name": "Block-edge and row development of the 1920s and 1930s", "evoeff_name": "good availability", "evpriv_name": "medium: row development or compact settlement"}, "geometry": {"type": "MultiPolygon", "coordinates": [[[[13.45091292, 52.45181017], [13.45139037, 52.45047996], [13.45145452, 52.45025269], [13.45147309, 52.45002176], [13.45143623, 52.44967213], [13.45157337, 52.44958426], [13.45301246, 52.44980476], [13.45213207, 52.45198175], [13.45091292, 52.45181017]]]]}}, {"type": "Feature", "properties": {"id": "versorggruen_2020.1400800871000100", "styp_id": "1400800871000100", "sst_name": "Zeilenbebauung seit den 50er Jahren", "voeff_name": "versorgter Bereich", "vpriv_name": "mittel: Zeilen oder kompakte Siedlung", "versorg_sst": 2, "esst_name": "Row development since the 1950s", "evoeff_name": "good availability", "evpriv_name": "medium: row development or compact settlement"}, "geometry": {"type": "MultiPolygon", "coordinates": [[[[13.43888134, 52.44822398], [13.43941734, 52.44807655], [13.43990894, 52.44799375], [13.44029238, 52.44784048], [13.44063234, 52.44824325], [13.44082185, 52.4484901], [13.44167952, 52.44978585], [13.44169035, 52.4498749], [13.44202531, 52.45019047], [13.44148643, 52.45038824], [13.44177641, 52.45073798], [13.44222296, 52.45117699], [13.44231238, 52.45123877], [13.4429185, 52.45104795], [13.44336476, 52.45156229], [13.4431754, 52.45192468], [13.4426464, 52.45179849], [13.44094341, 52.45136806], [13.44051455, 52.45086773], [13.44039636, 52.45064288], [13.44019403, 52.4501411], [13.44004362, 52.44988295], [13.4393058, 52.44871442], [13.43888134, 52.44822398]]]]}}, {"type": "Feature", "properties": {"id": "versorggruen_2020.1400800871000500", "styp_id": "1400800871000500", "sst_name": "niedrige Bebauung mit Hausgärten", "voeff_name": "versorgter Bereich", "vpriv_name": "hoch: aufgelockerte Siedlungsbebauung", "versorg_sst": 1, "esst_name": "Low buildings with yards", "evoeff_name": "good availability", "evpriv_name": "high: loose settlement development"}, "geometry": {"type": "MultiPolygon", "coordinates": [[[[13.44488786, 52.44880619], [13.44537062, 52.45070633], [13.44539338, 52.45089418], [13.44539417, 52.45106044], [13.44536065, 52.45134257], [13.44531006, 52.4514917], [13.44494824, 52.45145642], [13.44432902, 52.44886018], [13.44488786, 52.44880619]]]]}}, {"type": "Feature", "properties": {"id": "versorggruen_2020.1400800881000000", "styp_id": "1400800881000000", "sst_name": "niedrige Bebauung mit Hausgärten", "voeff_name": "versorgter Bereich", "vpriv_name": "hoch: aufgelockerte Siedlungsbebauung", "versorg_sst": 1, "esst_name": "Low buildings with yards", "evoeff_name": "good availability", "evpriv_name": "high: loose settlement development"}, "geometry": {"type": "MultiPolygon", "coordinates": [[[[13.43769772, 52.44848091], [13.43879099, 52.44837211], [13.43909538, 52.44873386], [13.43953967, 52.44940497], [13.43998524, 52.4501219], [13.44026645, 52.45075411], [13.44017212, 52.45079979], [13.43968615, 52.45058874], [13.43975537, 52.45056728], [13.43901699, 52.45022282], [13.43871647, 52.44998419], [13.43769772, 52.44848091]]]]}}, {"type": "Feature", "properties": {"id": "versorggruen_2020.1400800891000000", "styp_id": "1400800891000000", "sst_name": "dichte Bebauung mit überwiegender Nutzung durch Gewerbe und Industrie", "voeff_name": "versorgter Bereich", "vpriv_name": "kein: alle anderen Strukturtypen", "versorg_sst": 3, "esst_name": "Dense development with predominantly commercial and industrial use", "evoeff_name": "good availability", "evpriv_name": "none: all other structure types"}, "geometry": {"type": "MultiPolygon", "coordinates": [[[[13.43882119, 52.45249935], [13.43883493, 52.45221846], [13.43988394, 52.45216351], [13.44084976, 52.45147974], [13.44112849, 52.45177904], [13.44121772, 52.4518987], [13.44123355, 52.4519805], [13.44123324, 52.4520542], [13.44117251, 52.45215475], [13.44099955, 52.45236027], [13.44081226, 52.45247411], [13.44083994, 52.45260223], [13.4404346, 52.45258657], [13.43882119, 52.45249935]]]]}}, {"type": "Feature", "properties": {"id": "versorggruen_2020.1400800901000000", "styp_id": "1400800901000000", "sst_name": "Bebauung mit Gärten und halbprivater Umgrünung", "voeff_name": "versorgter Bereich", "vpriv_name": "hoch: aufgelockerte Siedlungsbebauung", "versorg_sst": 1, "esst_name": "Development with yards and semi-private greening", "evoeff_name": "good availability", "evpriv_name": "high: loose settlement development"}, "geometry": {"type": "MultiPolygon", "coordinates": [[[[13.43646316, 52.44895073], [13.43739611, 52.44850289], [13.43843229, 52.45005654], [13.43879286, 52.45035187], [13.44035936, 52.45104542], [13.44068575, 52.45143601], [13.43973616, 52.45207488], [13.43877643, 52.45213928], [13.43646316, 52.44895073]]]]}}, {"type": "Feature", "properties": {"id": "versorggruen_2020.1400800911000200", "styp_id": "1400800911000200", "sst_name": "geringe Bebauung mit überwiegender Nutzung durch Gewerbe und Industrie", "voeff_name": "nicht versorgter Bereich", "vpriv_name": "gering: Blockrandbebauung", "versorg_sst": 12, "esst_name": "Sparse development with predominantly commercial and industrial use", "evoeff_name": "no availability", "evpriv_name": "low: Wilhelminian-period block-edge development"}, "geometry": {"type": "MultiPolygon", "coordinates": [[[[13.43534476, 52.4504407], [13.43601969, 52.44947762], [13.43622289, 52.44946627], [13.43666244, 52.45007153], [13.43684172, 52.45006597], [13.43774733, 52.45132345], [13.43782095, 52.4513047], [13.43816245, 52.45193521], [13.43815925, 52.45249015], [13.4381277, 52.45249412], [13.43634073, 52.45244273], [13.43631308, 52.45169051], [13.43621081, 52.45168875], [13.43622439, 52.45099381], [13.4362808, 52.45099129], [13.43627697, 52.45085649], [13.43624345, 52.45078454], [13.43619515, 52.45072695], [13.43610863, 52.4506684], [13.43599121, 52.4506089], [13.43534476, 52.4504407]]]]}}, {"type": "Feature", "properties": {"id": "versorggruen_2020.1400800921000700", "styp_id": "1400800921000700", "sst_name": "geringe Bebauung mit überwiegender Nutzung durch Gewerbe und Industrie", "voeff_name": "versorgter Bereich", "vpriv_name": "gering: Blockrandbebauung", "versorg_sst": 3, "esst_name": "Sparse development with predominantly commercial and industrial use", "evoeff_name": "good availability", "evpriv_name": "low: Wilhelminian-period block-edge development"}, "geometry": {"type": "MultiPolygon", "coordinates": [[[[13.43139935, 52.45221899], [13.43154176, 52.45047344], [13.43234593, 52.45052807], [13.43274965, 52.4505506], [13.43302014, 52.4505852], [13.4333214, 52.4506477], [13.43449429, 52.45095874], [13.43403588, 52.45143593], [13.43374873, 52.45167222], [13.43299075, 52.45225396], [13.43288623, 52.45227357], [13.43139935, 52.45221899]]]]}}, {"type": "Feature", "properties": {"id": "versorggruen_2020.1400806061000100", "styp_id": "1400806061000100", "sst_name": "Blockrandbebauung der Gründerzeit mit geringem Anteil von Seiten- und Hintergebäuden", "voeff_name": "versorgter Bereich", "vpriv_name": "gering: Blockrandbebauung", "versorg_sst": 3, "esst_name": "Wilhelminian-period block-edge development with few wings and rear buildings", "evoeff_name": "good availability", "evpriv_name": "low: Wilhelminian-period block-edge development"}, "geometry": {"type": "MultiPolygon", "coordinates": [[[[13.44779641, 52.45897771], [13.44825037, 52.45835088], [13.45007584, 52.45913737], [13.44999742, 52.45925445], [13.4495359, 52.4592208], [13.44779641, 52.45897771]]]]}}, {"type": "Feature", "properties": {"id": "versorggruen_2020.1400806061001300", "styp_id": "1400806061001300", "sst_name": "geringe Bebauung mit überwiegender Nutzung durch Gewerbe und Industrie", "voeff_name": "versorgter Bereich", "vpriv_name": "gering: Blockrandbebauung", "versorg_sst": 3, "esst_name": "Sparse development with predominantly commercial and industrial use", "evoeff_name": "good availability", "evpriv_name": "low: Wilhelminian-period block-edge development"}, "geometry": {"type": "MultiPolygon", "coordinates": [[[[13.45489264, 52.45416645], [13.45560306, 52.453212], [13.45627211, 52.45331872], [13.4571643, 52.45349095], [13.45740078, 52.45355068], [13.4594913, 52.45402105], [13.45916031, 52.45450593], [13.45868462, 52.4552828], [13.45876631, 52.45531624], [13.45857915, 52.45552425], [13.45853012, 52.45552561], [13.45489264, 52.45416645]]]]}}, {"type": "Feature", "properties": {"id": "versorggruen_2020.1400806071001500", "styp_id": "1400806071001500", "sst_name": "geringe Bebauung mit überwiegender Nutzung durch Gewerbe und Industrie", "voeff_name": "versorgter Bereich", "vpriv_name": "gering: Blockrandbebauung", "versorg_sst": 3, "esst_name": "Sparse development with predominantly commercial and industrial use", "evoeff_name": "good availability", "evpriv_name": "low: Wilhelminian-period block-edge development"}, "geometry": {"type": "MultiPolygon", "coordinates": [[[[13.45731356, 52.45330038], [13.45729191, 52.45326625], [13.45743871, 52.4529712], [13.45749603, 52.4529322], [13.45853319, 52.4527307], [13.45879238, 52.45265198], [13.45919761, 52.45246204], [13.45945858, 52.45229885], [13.45981734, 52.45194978], [13.46115109, 52.45244931], [13.46114802, 52.45247557], [13.460183, 52.45391127], [13.4593233, 52.45373934], [13.45731356, 52.45330038]]]]}}, {"type": "Feature", "properties": {"id": "versorggruen_2020.1400806081000000", "styp_id": "1400806081000000", "sst_name": "Blockrandbebauung der Gründerzeit mit geringem Anteil von Seiten- und Hintergebäuden", "voeff_name": "unterversorgter Bereich", "vpriv_name": "gering: Blockrandbebauung", "versorg_sst": 6, "esst_name": "Wilhelminian-period block-edge development with few wings and rear buildings", "evoeff_name": "reduced availability", "evpriv_name": "low: Wilhelminian-period block-edge development"}, "geometry": {"type": "MultiPolygon", "coordinates": [[[[13.44281208, 52.46362524], [13.44276489, 52.46346037], [13.44279436, 52.46340904], [13.44299015, 52.46337807], [13.4431933, 52.46333483], [13.44322298, 52.46323324], [13.44296857, 52.46329092], [13.4426575, 52.46334181], [13.44244896, 52.46336159], [13.44223498, 52.46337243], [13.44197715, 52.46337203], [13.44191136, 52.46336299], [13.44182374, 52.46332823], [13.44173267, 52.46324097], [13.44169252, 52.46322304], [13.4416304, 52.46321177], [13.44157004, 52.46321391], [13.4415316, 52.4632239], [13.44149496, 52.4632406], [13.44146375, 52.46326959], [13.441449, 52.4632986], [13.441447, 52.46333992], [13.44147245, 52.46337682], [13.44151988, 52.4634037], [13.44159842, 52.46342281], [13.44177388, 52.4634443], [13.44199874, 52.46345694], [13.44227485, 52.46345626], [13.4425419, 52.46343769], [13.44262951, 52.46347691], [13.44266433, 52.46360407], [13.44199842, 52.46349703], [13.44143202, 52.46342367], [13.4406936, 52.46334768], [13.44019639, 52.46331115], [13.44032862, 52.46302025], [13.44043628, 52.46272494], [13.44052576, 52.4626332], [13.44071159, 52.46203223], [13.44480903, 52.46250217], [13.44471839, 52.46263279], [13.4438379, 52.46259165], [13.44312051, 52.4625794], [13.44168825, 52.46258334], [13.44129617, 52.46260016], [13.4412681, 52.46306299], [13.44210951, 52.46310125], [13.44296053, 52.46311582], [13.44432412, 52.46315976], [13.44386341, 52.46379046], [13.44281208, 52.46362524]]]]}}, {"type": "Feature", "properties": {"id": "versorggruen_2020.1400806261000000", "styp_id": "1400806261000000", "sst_name": "Zeilenbebauung seit den 50er Jahren", "voeff_name": "unterversorgter Bereich", "vpriv_name": "mittel: Zeilen oder kompakte Siedlung", "versorg_sst": 5, "esst_name": "Row development since the 1950s", "evoeff_name": "reduced availability", "evpriv_name": "medium: row development or compact settlement"}, "geometry": {"type": "MultiPolygon", "coordinates": [[[[13.43171937, 52.46034036], [13.43206909, 52.45926688], [13.43209911, 52.45918989], [13.43216247, 52.45912202], [13.43227413, 52.45903609], [13.43238193, 52.45898642], [13.43251937, 52.45894359], [13.43269385, 52.45891216], [13.43283485, 52.45890332], [13.43297952, 52.45890356], [13.43312782, 52.45891966], [13.43339838, 52.45897222], [13.4335132, 52.4590132], [13.43358347, 52.4590609], [13.43364625, 52.45912445], [13.43367381, 52.45919276], [13.43316901, 52.46052402], [13.43171937, 52.46034036]]]]}}, {"type": "Feature", "properties": {"id": "versorggruen_2020.1400806271000100", "styp_id": "1400806271000100", "sst_name": "Zeilenbebauung seit den 50er Jahren", "voeff_name": "unterversorgter Bereich", "vpriv_name": "mittel: Zeilen oder kompakte Siedlung", "versorg_sst": 5, "esst_name": "Row development since the 1950s", "evoeff_name": "reduced availability", "evpriv_name": "medium: row development or compact settlement"}, "geometry": {"type": "MultiPolygon", "coordinates": [[[[13.43244131, 52.45813679], [13.43401539, 52.45840997], [13.43461734, 52.45848631], [13.43575915, 52.45861577], [13.43520469, 52.45987474], [13.43490418, 52.46073758], [13.43340999, 52.46055614], [13.43378661, 52.45963957], [13.43375016, 52.45956403], [13.43375775, 52.45950922], [13.43385147, 52.45927213], [13.43385767, 52.45920114], [13.43383169, 52.45913381], [13.43379122, 52.4590567], [13.43371732, 52.45899087], [13.43364335, 52.4589409], [13.43351374, 52.45888857], [13.43337667, 52.45884756], [13.43322842, 52.45882013], [13.43292806, 52.45879471], [13.43266833, 52.45881015], [13.43247532, 52.45883702], [13.432167, 52.45893622], [13.43244131, 52.45813679]]]]}}, {"type": "Feature", "properties": {"id": "versorggruen_2020.1400806281000100", "styp_id": "1400806281000100", "sst_name": "Zeilenbebauung seit den 50er Jahren", "voeff_name": "unterversorgter Bereich", "vpriv_name": "mittel: Zeilen oder kompakte Siedlung", "versorg_sst": 5, "esst_name": "Row development since the 1950s", "evoeff_name": "reduced availability", "evpriv_name": "medium: row development or compact settlement"}, "geometry": {"type": "MultiPolygon", "coordinates": [[[[13.42821959, 52.45600139], [13.42891908, 52.45560261], [13.42940858, 52.45586571], [13.43265716, 52.45635402], [13.43482313, 52.45663232], [13.43503441, 52.4566285], [13.43513671, 52.45661201], [13.43525965, 52.45654977], [13.43530754, 52.45650821], [13.43534228, 52.45643927], [13.43605485, 52.45547277], [13.43644988, 52.45552753], [13.43644288, 52.45556915], [13.43713759, 52.45566602], [13.43625485, 52.45768629], [13.4361799, 52.45766819], [13.43537135, 52.45756154], [13.43542046, 52.45741356], [13.43163336, 52.45662565], [13.4309644, 52.45663639], [13.43023743, 52.4566115], [13.4289591, 52.45631326], [13.42829076, 52.45618777], [13.42821959, 52.45600139]]]]}}, {"type": "Feature", "properties": {"id": "versorggruen_2020.1400806291000000", "styp_id": "1400806291000000", "sst_name": "Zeilenbebauung seit den 50er Jahren", "voeff_name": "unterversorgter Bereich", "vpriv_name": "mittel: Zeilen oder kompakte Siedlung", "versorg_sst": 5, "esst_name": "Row development since the 1950s", "evoeff_name": "reduced availability", "evpriv_name": "medium: row development or compact settlement"}, "geometry": {"type": "MultiPolygon", "coordinates": [[[[13.42903529, 52.4555237], [13.4305918, 52.45453801], [13.43107134, 52.45420809], [13.43167052, 52.45376784], [13.43307736, 52.45262975], [13.43397742, 52.45266627], [13.43273255, 52.45625839], [13.42951121, 52.45577429], [13.42903529, 52.4555237]]]]}}, {"type": "Feature", "properties": {"id": "versorggruen_2020.1400806301000100", "styp_id": "1400806301000100", "sst_name": "Zeilenbebauung seit den 50er Jahren", "voeff_name": "unterversorgter Bereich", "vpriv_name": "mittel: Zeilen oder kompakte Siedlung", "versorg_sst": 5, "esst_name": "Row development since the 1950s", "evoeff_name": "reduced availability", "evpriv_name": "medium: row development or compact settlement"}, "geometry": {"type": "MultiPolygon", "coordinates": [[[[13.434198, 52.45268011], [13.43502012, 52.45269933], [13.43502988, 52.4530062], [13.43465135, 52.45297156], [13.43401982, 52.45476013], [13.43410883, 52.45478069], [13.43387166, 52.4555288], [13.43567208, 52.45573444], [13.43521167, 52.45636804], [13.43517151, 52.45644554], [13.43512364, 52.45648293], [13.43505535, 52.45651613], [13.43489853, 52.45653253], [13.43290281, 52.45628365], [13.434198, 52.45268011]]]]}}, {"type": "Feature", "properties": {"id": "versorggruen_2020.1400806351000100", "styp_id": "1400806351000100", "sst_name": "Zeilenbebauung seit den 50er Jahren", "voeff_name": "versorgter Bereich", "vpriv_name": "mittel: Zeilen oder kompakte Siedlung", "versorg_sst": 2, "esst_name": "Row development since the 1950s", "evoeff_name": "good availability", "evpriv_name": "medium: row development or compact settlement"}, "geometry": {"type": "MultiPolygon", "coordinates": [[[[13.4293603, 52.46147141], [13.42955293, 52.46087095], [13.42974906, 52.46076793], [13.42987897, 52.46034128], [13.43140088, 52.46051905], [13.4311475, 52.46125553], [13.43140774, 52.4612937], [13.43164345, 52.46055809], [13.43309328, 52.46073751], [13.432784, 52.46148019], [13.43310453, 52.46152655], [13.43319504, 52.46135236], [13.43311271, 52.46133874], [13.4333256, 52.46076844], [13.43485191, 52.46095515], [13.43435712, 52.46232672], [13.43286965, 52.46211791], [13.43290611, 52.46196925], [13.4293603, 52.46147141]]]]}}, {"type": "Feature", "properties": {"id": "versorggruen_2020.1400806371000100", "styp_id": "1400806371000100", "sst_name": "Zeilenbebauung seit den 50er Jahren", "voeff_name": "versorgter Bereich", "vpriv_name": "mittel: Zeilen oder kompakte Siedlung", "versorg_sst": 2, "esst_name": "Row development since the 1950s", "evoeff_name": "good availability", "evpriv_name": "medium: row development or compact settlement"}, "geometry": {"type": "MultiPolygon", "coordinates": [[[[13.44173562, 52.45825483], [13.4422518, 52.45661676], [13.44847518, 52.45738002], [13.44820017, 52.45778626], [13.44603764, 52.45752205], [13.44310442, 52.4571636], [13.4427154, 52.45840182], [13.44235343, 52.45836143], [13.44231734, 52.45833041], [13.44173562, 52.45825483]]]]}}, {"type": "Feature", "properties": {"id": "versorggruen_2020.1400806371000400", "styp_id": "1400806371000400", "sst_name": "geringe Bebauung mit überwiegender Nutzung durch Gewerbe und Industrie", "voeff_name": "versorgter Bereich", "vpriv_name": "gering: Blockrandbebauung", "versorg_sst": 3, "esst_name": "Sparse development with predominantly commercial and industrial use", "evoeff_name": "good availability", "evpriv_name": "low: Wilhelminian-period block-edge development"}, "geometry": {"type": "MultiPolygon", "coordinates": [[[[13.44538719, 52.45819639], [13.44542568, 52.45804321], [13.44585381, 52.45784477], [13.44603764, 52.45752205], [13.44820017, 52.45778626], [13.44756228, 52.45872851], [13.44736403, 52.45870981], [13.44663227, 52.45876622], [13.44642445, 52.45822171], [13.44564263, 52.45812318], [13.44538719, 52.45819639]]]]}}, {"type": "Feature", "properties": {"id": "versorggruen_2020.1400806551000100", "styp_id": "1400806551000100", "sst_name": "Zeilenbebauung seit den 50er Jahren", "voeff_name": "nicht versorgter Bereich", "vpriv_name": "mittel: Zeilen oder kompakte Siedlung", "versorg_sst": 11, "esst_name": "Row development since the 1950s", "evoeff_name": "no availability", "evpriv_name": "medium: row development or compact settlement"}, "geometry": {"type": "MultiPolygon", "coordinates": [[[[13.44452149, 52.46367568], [13.44460547, 52.46350372], [13.44478219, 52.46329332], [13.44466177, 52.46326272], [13.44472213, 52.46317851], [13.44495607, 52.46319518], [13.44724179, 52.46349895], [13.44761675, 52.46355871], [13.44730276, 52.46413475], [13.44716672, 52.46415683], [13.44452149, 52.46367568]]]]}}, {"type": "Feature", "properties": {"id": "versorggruen_2020.1400806561000100", "styp_id": "1400806561000100", "sst_name": "Blockrand- und Zeilenbebauung der 20er und 30er Jahre", "voeff_name": "nicht versorgter Bereich", "vpriv_name": "mittel: Zeilen oder kompakte Siedlung", "versorg_sst": 11, "esst_name": "Block-edge and row development of the 1920s and 1930s", "evoeff_name": "no availability", "evpriv_name": "medium: row development or compact settlement"}, "geometry": {"type": "MultiPolygon", "coordinates": [[[[13.44764587, 52.46424553], [13.44755667, 52.46418123], [13.44779313, 52.46374292], [13.44836581, 52.46384024], [13.44823676, 52.46406166], [13.44956822, 52.46434099], [13.44962217, 52.4642441], [13.45025917, 52.464375], [13.45032711, 52.46423842], [13.45068042, 52.46432314], [13.4510595, 52.4643947], [13.45116409, 52.46440212], [13.4512446, 52.46439499], [13.45136774, 52.46435886], [13.45137864, 52.46428771], [13.45146089, 52.4642992], [13.45187618, 52.46429981], [13.45239644, 52.46424943], [13.45246391, 52.46472266], [13.45269667, 52.46511289], [13.45275744, 52.4651508], [13.45248868, 52.46510967], [13.45246946, 52.465133], [13.45224179, 52.46512347], [13.45185659, 52.46508345], [13.45124238, 52.46499025], [13.44821238, 52.46436549], [13.44764587, 52.46424553]]]]}}, {"type": "Feature", "properties": {"id": "versorggruen_2020.1400806571000100", "styp_id": "1400806571000100", "sst_name": "geringe Bebauung mit überwiegender Nutzung durch Gewerbe und Industrie", "voeff_name": "nicht versorgter Bereich", "vpriv_name": "gering: Blockrandbebauung", "versorg_sst": 12, "esst_name": "Sparse development with predominantly commercial and industrial use", "evoeff_name": "no availability", "evpriv_name": "low: Wilhelminian-period block-edge development"}, "geometry": {"type": "MultiPolygon", "coordinates": [[[[13.44710524, 52.45999665], [13.44740691, 52.45961248], [13.4474353, 52.45950648], [13.44882029, 52.45971976], [13.4492997, 52.45976721], [13.44995194, 52.45981383], [13.45083192, 52.46000283], [13.45057127, 52.46001983], [13.45043559, 52.46010231], [13.44998295, 52.46071542], [13.44983981, 52.46073282], [13.44710524, 52.45999665]]]]}}, {"type": "Feature", "properties": {"id": "versorggruen_2020.1400806581000000", "styp_id": "1400806581000000", "sst_name": "Zeilenbebauung seit den 50er Jahren", "voeff_name": "versorgter Bereich", "vpriv_name": "mittel: Zeilen oder kompakte Siedlung", "versorg_sst": 2, "esst_name": "Row development since the 1950s", "evoeff_name": "good availability", "evpriv_name": "medium: row development or compact settlement"}, "geometry": {"type": "MultiPolygon", "coordinates": [[[[13.44478825, 52.45508815], [13.4466558, 52.45531517], [13.44637662, 52.45612589], [13.44633458, 52.45627885], [13.44802784, 52.45648296], [13.44805565, 52.4563549], [13.44919518, 52.45649233], [13.44861104, 52.45725172], [13.4464059, 52.45696964], [13.44537561, 52.45600337], [13.44465232, 52.45520967], [13.44478825, 52.45508815]]]]}}, {"type": "Feature", "properties": {"id": "versorggruen_2020.1400806591000000", "styp_id": "1400806591000000", "sst_name": "Blockrand- und Zeilenbebauung der 20er und 30er Jahre", "voeff_name": "versorgter Bereich", "vpriv_name": "mittel: Zeilen oder kompakte Siedlung", "versorg_sst": 2, "esst_name": "Block-edge and row development of the 1920s and 1930s", "evoeff_name": "good availability", "evpriv_name": "medium: row development or compact settlement"}, "geometry": {"type": "MultiPolygon", "coordinates": [[[[13.45175045, 52.45377077], [13.45199053, 52.45344284], [13.45191853, 52.45342116], [13.45225022, 52.45286897], [13.45231408, 52.45270044], [13.45529183, 52.45315354], [13.45428425, 52.45445271], [13.45322795, 52.45416748], [13.45350203, 52.45374525], [13.4535683, 52.45370928], [13.45366099, 52.45355792], [13.453359, 52.453481], [13.4532687, 52.45362227], [13.45329679, 52.45368579], [13.45302579, 52.45411445], [13.45175045, 52.45377077]]]]}}, {"type": "Feature", "properties": {"id": "versorggruen_2020.1400806601000200", "styp_id": "1400806601000200", "sst_name": "Blockrandbebauung der Gründerzeit mit massiven Veränderungen", "voeff_name": "nicht versorgter Bereich", "vpriv_name": "gering: Blockrandbebauung", "versorg_sst": 12, "esst_name": "Wilhelminian-period block-edge development with major changes", "evoeff_name": "no availability", "evpriv_name": "low: Wilhelminian-period block-edge development"}, "geometry": {"type": "MultiPolygon", "coordinates": [[[[13.452524, 52.45246334], [13.45292555, 52.45138547], [13.45334291, 52.45034685], [13.45405902, 52.45046217], [13.4536783, 52.45142598], [13.45380384, 52.45145495], [13.45359143, 52.45220448], [13.45345284, 52.45224105], [13.4533314, 52.45258719], [13.452524, 52.45246334]]]]}}, {"type": "Feature", "properties": {"id": "versorggruen_2020.1400806661000100", "styp_id": "1400806661000100", "sst_name": "geringe Bebauung mit überwiegender Nutzung durch Gewerbe und Industrie", "voeff_name": "unterversorgter Bereich", "vpriv_name": "gering: Blockrandbebauung", "versorg_sst": 6, "esst_name": "Sparse development with predominantly commercial and industrial use", "evoeff_name": "reduced availability", "evpriv_name": "low: Wilhelminian-period block-edge development"}, "geometry": {"type": "MultiPolygon", "coordinates": [[[[13.43454156, 52.46285865], [13.43468806, 52.46253464], [13.43473309, 52.46239362], [13.44004118, 52.46298471], [13.43996539, 52.46316379], [13.43775722, 52.46300563], [13.4378219, 52.46278376], [13.43757448, 52.46275609], [13.43746937, 52.46311883], [13.43454156, 52.46285865]]]]}}, {"type": "Feature", "properties": {"id": "versorggruen_2020.1501200011000200", "styp_id": "1501200011000200", "sst_name": "Zeilenbebauung seit den 50er Jahren", "voeff_name": "versorgter Bereich", "vpriv_name": "mittel: Zeilen oder kompakte Siedlung", "versorg_sst": 2, "esst_name": "Row development since the 1950s", "evoeff_name": "good availability", "evpriv_name": "medium: row development or compact settlement"}, "geometry": {"type": "MultiPolygon", "coordinates": [[[[13.44023938, 52.49000167], [13.44034578, 52.4900808], [13.4419444, 52.49124436], [13.44242326, 52.49161274], [13.44423242, 52.49298367], [13.44414238, 52.49302578], [13.44356024, 52.49281367], [13.44351154, 52.49284325], [13.44341319, 52.49278109], [13.44330615, 52.4928378], [13.4405626, 52.49070996], [13.44014926, 52.4903862], [13.44004124, 52.49022511], [13.44003528, 52.49007232], [13.44023938, 52.49000167]]]]}}, {"type": "Feature", "properties": {"id": "versorggruen_2020.1501200021000000", "styp_id": "1501200021000000", "sst_name": "Blockbebauung der Gründerzeit mit Seitenflügeln und Hinterhäusern", "voeff_name": "versorgter Bereich", "vpriv_name": "gering: Blockrandbebauung", "versorg_sst": 3, "esst_name": "Wilhelminian-period block development with wings and rear buildings (until 1918)", "evoeff_name": "good availability", "evpriv_name": "low: Wilhelminian-period block-edge development"}, "geometry": {"type": "MultiPolygon", "coordinates": [[[[13.44375395, 52.49225235], [13.44556425, 52.49107824], [13.44564662, 52.49108123], [13.44646784, 52.49161122], [13.44452159, 52.49282953], [13.44375395, 52.49225235]]]]}}, {"type": "Feature", "properties": {"id": "versorggruen_2020.1501200031000000", "styp_id": "1501200031000000", "sst_name": "Zeilenbebauung seit den 50er Jahren", "voeff_name": "versorgter Bereich", "vpriv_name": "mittel: Zeilen oder kompakte Siedlung", "versorg_sst": 2, "esst_name": "Row development since the 1950s", "evoeff_name": "good availability", "evpriv_name": "medium: row development or compact settlement"}, "geometry": {"type": "MultiPolygon", "coordinates": [[[[13.44273101, 52.49148863], [13.44453554, 52.49052932], [13.44454388, 52.49053095], [13.44460268, 52.49054246], [13.44475203, 52.49064422], [13.44530916, 52.49093218], [13.44531389, 52.4909699], [13.44356832, 52.49213411], [13.44273101, 52.49148863]]]]}}, {"type": "Feature", "properties": {"id": "versorggruen_2020.1501200041000000", "styp_id": "1501200041000000", "sst_name": "Zeilenbebauung seit den 50er Jahren", "voeff_name": "versorgter Bereich", "vpriv_name": "mittel: Zeilen oder kompakte Siedlung", "versorg_sst": 2, "esst_name": "Row development since the 1950s", "evoeff_name": "good availability", "evpriv_name": "medium: row development or compact settlement"}, "geometry": {"type": "MultiPolygon", "coordinates": [[[[13.44339743, 52.48977509], [13.44433814, 52.49039974], [13.44401901, 52.49058535], [13.44255093, 52.49134439], [13.44158608, 52.49062181], [13.44250198, 52.49016804], [13.4427433, 52.49034139], [13.44261637, 52.49040079], [13.44298258, 52.49068026], [13.4432328, 52.49055684], [13.44266208, 52.49013176], [13.44339743, 52.48977509]]]]}}, {"type": "Feature", "properties": {"id": "versorggruen_2020.1501200051000000", "styp_id": "1501200051000000", "sst_name": "Blockrand- und Zeilenbebauung der 20er und 30er Jahre", "voeff_name": "versorgter Bereich", "vpriv_name": "mittel: Zeilen oder kompakte Siedlung", "versorg_sst": 2, "esst_name": "Block-edge and row development of the 1920s and 1930s", "evoeff_name": "good availability", "evpriv_name": "medium: row development or compact settlement"}, "geometry": {"type": "MultiPolygon", "coordinates": [[[[13.4404499, 52.48950319], [13.4421144, 52.48865539], [13.44319787, 52.48942058], [13.44304955, 52.48951291], [13.44321907, 52.48963311], [13.44241756, 52.49001433], [13.44176226, 52.48952228], [13.44186465, 52.48947066], [13.44172459, 52.4893724], [13.44150853, 52.48947784], [13.44229775, 52.49008978], [13.44143908, 52.49051044], [13.4403933, 52.48973643], [13.4404499, 52.48950319]]]]}}, {"type": "Feature", "properties": {"id": "versorggruen_2020.1501200061000000", "styp_id": "1501200061000000", "sst_name": "Blockrand- und Zeilenbebauung der 20er und 30er Jahre", "voeff_name": "versorgter Bereich", "vpriv_name": "mittel: Zeilen oder kompakte Siedlung", "versorg_sst": 2, "esst_name": "Block-edge and row development of the 1920s and 1930s", "evoeff_name": "good availability", "evpriv_name": "medium: row development or compact settlement"}, "geometry": {"type": "MultiPolygon", "coordinates": [[[[13.44235085, 52.48853307], [13.44286209, 52.48825149], [13.44391604, 52.48899754], [13.44341073, 52.48929228], [13.44235085, 52.48853307]]]]}}, {"type": "Feature", "properties": {"id": "versorggruen_2020.1501200071000100", "styp_id": "1501200071000100", "sst_name": "Siedlungsbebauung der 90er Jahre", "voeff_name": "versorgter Bereich", "vpriv_name": "mittel: Zeilen oder kompakte Siedlung", "versorg_sst": 2, "esst_name": "Residential development of the 1990s", "evoeff_name": "good availability", "evpriv_name": "medium: row development or compact settlement"}, "geometry": {"type": "MultiPolygon", "coordinates": [[[[13.44388243, 52.48870382], [13.44499224, 52.48805537], [13.44567496, 52.48849838], [13.44448795, 52.48917962], [13.44428288, 52.48904355], [13.44433811, 52.48901092], [13.44388243, 52.48870382]]]]}}, {"type": "Feature", "properties": {"id": "versorggruen_2020.1501200081000000", "styp_id": "1501200081000000", "sst_name": "Blockrand- und Zeilenbebauung der 20er und 30er Jahre", "voeff_name": "versorgter Bereich", "vpriv_name": "mittel: Zeilen oder kompakte Siedlung", "versorg_sst": 2, "esst_name": "Block-edge and row development of the 1920s and 1930s", "evoeff_name": "good availability", "evpriv_name": "medium: row development or compact settlement"}, "geometry": {"type": "MultiPolygon", "coordinates": [[[[13.44501535, 52.48996607], [13.44433418, 52.48953661], [13.44587481, 52.4886366], [13.44653658, 52.48905924], [13.44654138, 52.48912873], [13.44509033, 52.48996443], [13.44501535, 52.48996607]]]]}}, {"type": "Feature", "properties": {"id": "versorggruen_2020.1501200111000100", "styp_id": "1501200111000100", "sst_name": "Blockbebauung der Gründerzeit mit Seitenflügeln und Hinterhäusern", "voeff_name": "versorgter Bereich", "vpriv_name": "gering: Blockrandbebauung", "versorg_sst": 3, "esst_name": "Wilhelminian-period block development with wings and rear buildings (until 1918)", "evoeff_name": "good availability", "evpriv_name": "low: Wilhelminian-period block-edge development"}, "geometry": {"type": "MultiPolygon", "coordinates": [[[[13.44522467, 52.49006721], [13.44674211, 52.48919667], [13.44851724, 52.49034912], [13.44674554, 52.49143438], [13.44656966, 52.49142487], [13.44580882, 52.49091787], [13.44582592, 52.49086698], [13.44613388, 52.49067786], [13.44667437, 52.49034114], [13.44700784, 52.49053403], [13.44753787, 52.49019473], [13.44737662, 52.49010208], [13.44747694, 52.49003751], [13.44752735, 52.48995591], [13.44725449, 52.48978096], [13.44710077, 52.48971548], [13.44638051, 52.49014481], [13.44579734, 52.49046942], [13.44523279, 52.49011977], [13.44522467, 52.49006721]]]]}}, {"type": "Feature", "properties": {"id": "versorggruen_2020.1501200131000000", "styp_id": "1501200131000000", "sst_name": "Blockbebauung der Gründerzeit mit Seitenflügeln und Hinterhäusern", "voeff_name": "versorgter Bereich", "vpriv_name": "gering: Blockrandbebauung", "versorg_sst": 3, "esst_name": "Wilhelminian-period block development with wings and rear buildings (until 1918)", "evoeff_name": "good availability", "evpriv_name": "low: Wilhelminian-period block-edge development"}, "geometry": {"type": "MultiPolygon", "coordinates": [[[[13.4447249, 52.49298159], [13.44665888, 52.49177271], [13.4467167, 52.49178348], [13.44805737, 52.4926408], [13.44778154, 52.49277339], [13.44552375, 52.49357938], [13.4447249, 52.49298159]]]]}}, {"type": "Feature", "properties": {"id": "versorggruen_2020.1501200141000000", "styp_id": "1501200141000000", "sst_name": "Blockbebauung der Gründerzeit mit Seitenflügeln und Hinterhäusern", "voeff_name": "versorgter Bereich", "vpriv_name": "gering: Blockrandbebauung", "versorg_sst": 3, "esst_name": "Wilhelminian-period block development with wings and rear buildings (until 1918)", "evoeff_name": "good availability", "evpriv_name": "low: Wilhelminian-period block-edge development"}, "geometry": {"type": "MultiPolygon", "coordinates": [[[[13.44692029, 52.49163563], [13.44867416, 52.49052743], [13.44875359, 52.49052979], [13.45017194, 52.49144797], [13.44968623, 52.49178628], [13.44933523, 52.49205269], [13.44828613, 52.49252542], [13.44692029, 52.49163563]]]]}}, {"type": "Feature", "properties": {"id": "versorggruen_2020.1501200151000100", "styp_id": "1501200151000100", "sst_name": "Siedlungsbebauung der 90er Jahre", "voeff_name": "versorgter Bereich", "vpriv_name": "mittel: Zeilen oder kompakte Siedlung", "versorg_sst": 2, "esst_name": "Residential development of the 1990s", "evoeff_name": "good availability", "evpriv_name": "medium: row development or compact settlement"}, "geometry": {"type": "MultiPolygon", "coordinates": [[[[13.45228139, 52.49027366], [13.45397928, 52.48907561], [13.45465952, 52.48958797], [13.45469561, 52.4896565], [13.45425347, 52.48985056], [13.45281762, 52.4905569], [13.45228139, 52.49027366]]]]}}, {"type": "Feature", "properties": {"id": "versorggruen_2020.1501200161000000", "styp_id": "1501200161000000", "sst_name": "Blockbebauung der Gründerzeit mit Seitenflügeln und Hinterhäusern", "voeff_name": "versorgter Bereich", "vpriv_name": "gering: Blockrandbebauung", "versorg_sst": 3, "esst_name": "Wilhelminian-period block development with wings and rear buildings (until 1918)", "evoeff_name": "good availability", "evpriv_name": "low: Wilhelminian-period block-edge development"}, "geometry": {"type": "MultiPolygon", "coordinates": [[[[13.45039574, 52.49125239], [13.44898135, 52.4903367], [13.45052236, 52.48937201], [13.45186207, 52.49024208], [13.45064838, 52.49110501], [13.45039574, 52.49125239]]]]}}, {"type": "Feature", "properties": {"id": "versorggruen_2020.1501200171000100", "styp_id": "1501200171000100", "sst_name": "Blockbebauung der Gründerzeit mit Seitenflügeln und Hinterhäusern", "voeff_name": "schlecht versorgter Bereich", "vpriv_name": "gering: Blockrandbebauung", "versorg_sst": 9, "esst_name": "Wilhelminian-period block development with wings and rear buildings (until 1918)", "evoeff_name": "poor availability", "evpriv_name": "low: Wilhelminian-period block-edge development"}, "geometry": {"type": "MultiPolygon", "coordinates": [[[[13.44827634, 52.48992157], [13.44856545, 52.48976413], [13.44991326, 52.48896111], [13.45029918, 52.48922282], [13.4487192, 52.49020587], [13.44827634, 52.48992157]]]]}}, {"type": "Feature", "properties": {"id": "versorggruen_2020.1501200191000000", "styp_id": "1501200191000000", "sst_name": "Blockbebauung der Gründerzeit mit Seitenflügeln und Hinterhäusern", "voeff_name": "versorgter Bereich", "vpriv_name": "gering: Blockrandbebauung", "versorg_sst": 3, "esst_name": "Wilhelminian-period block development with wings and rear buildings (until 1918)", "evoeff_name": "good availability", "evpriv_name": "low: Wilhelminian-period block-edge development"}, "geometry": {"type": "MultiPolygon", "coordinates": [[[[13.45073528, 52.48924027], [13.45095348, 52.48912342], [13.45311278, 52.48923675], [13.45320886, 52.48929352], [13.45204313, 52.49011121], [13.45073528, 52.48924027]]]]}}, {"type": "Feature", "properties": {"id": "versorggruen_2020.1501200201000000", "styp_id": "1501200201000000", "sst_name": "Blockbebauung der Gründerzeit mit Seitenflügeln und Hinterhäusern", "voeff_name": "versorgter Bereich", "vpriv_name": "gering: Blockrandbebauung", "versorg_sst": 3, "esst_name": "Wilhelminian-period block development with wings and rear buildings (until 1918)", "evoeff_name": "good availability", "evpriv_name": "low: Wilhelminian-period block-edge development"}, "geometry": {"type": "MultiPolygon", "coordinates": [[[[13.4513544, 52.48888369], [13.45263951, 52.48816751], [13.45271424, 52.48817614], [13.45370083, 52.48892556], [13.45351238, 52.48905295], [13.45145027, 52.4889496], [13.4513544, 52.48888369]]]]}}, {"type": "Feature", "properties": {"id": "versorggruen_2020.1501200211000100", "styp_id": "1501200211000100", "sst_name": "Blockrand- und Zeilenbebauung der 20er und 30er Jahre", "voeff_name": "schlecht versorgter Bereich", "vpriv_name": "mittel: Zeilen oder kompakte Siedlung", "versorg_sst": 8, "esst_name": "Block-edge and row development of the 1920s and 1930s", "evoeff_name": "poor availability", "evpriv_name": "medium: row development or compact settlement"}, "geometry": {"type": "MultiPolygon", "coordinates": [[[[13.44974767, 52.4885647], [13.45048426, 52.4881402], [13.45070046, 52.48828947], [13.45038929, 52.48847971], [13.45058361, 52.48859491], [13.45115581, 52.48859114], [13.451471, 52.48841784], [13.45107256, 52.4881674], [13.45127116, 52.48805455], [13.45091246, 52.48781938], [13.45122835, 52.48764127], [13.45064877, 52.48726099], [13.45119078, 52.48699395], [13.45248033, 52.48800288], [13.45084794, 52.48891014], [13.45023772, 52.48888663], [13.44974767, 52.4885647]]]]}}, {"type": "Feature", "properties": {"id": "versorggruen_2020.1501200221000100", "styp_id": "1501200221000100", "sst_name": "geringe Bebauung mit überwiegender Nutzung durch Gewerbe und Industrie", "voeff_name": "schlecht versorgter Bereich", "vpriv_name": "gering: Blockrandbebauung", "versorg_sst": 9, "esst_name": "Sparse development with predominantly commercial and industrial use", "evoeff_name": "poor availability", "evpriv_name": "low: Wilhelminian-period block-edge development"}, "geometry": {"type": "MultiPolygon", "coordinates": [[[[13.45141398, 52.48687522], [13.45462505, 52.48521743], [13.45552658, 52.48586607], [13.45521772, 52.4860196], [13.45568199, 52.48635968], [13.45585347, 52.4864496], [13.45658411, 52.48691921], [13.45398976, 52.48874766], [13.45278989, 52.48784032], [13.45249321, 52.48761596], [13.4524478, 52.48763498], [13.45141398, 52.48687522]]]]}}, {"type": "Feature", "properties": {"id": "versorggruen_2020.1501200221000200", "styp_id": "1501200221000200", "sst_name": "Bebauung mit überwiegender Nutzung durch Gemeinbedarf und Sondernutzung, Verkehrsflächen ohne Straßen", "voeff_name": "schlecht versorgter Bereich", "vpriv_name": "mittel: Zeilen oder kompakte Siedlung", "versorg_sst": 8, "esst_name": "Development with predominantly public and special use or non-street traffic area", "evoeff_name": "poor availability", "evpriv_name": "medium: row development or compact settlement"}, "geometry": {"type": "MultiPolygon", "coordinates": [[[[13.45552658, 52.48586607], [13.45559927, 52.48591862], [13.45617184, 52.48562349], [13.45665179, 52.48601805], [13.45735074, 52.48637552], [13.45658411, 52.48691921], [13.45585347, 52.4864496], [13.45568199, 52.48635968], [13.45521772, 52.4860196], [13.45552658, 52.48586607]]]]}}, {"type": "Feature", "properties": {"id": "versorggruen_2020.1501200231000100", "styp_id": "1501200231000100", "sst_name": "Siedlungsbebauung der 90er Jahre", "voeff_name": "versorgter Bereich", "vpriv_name": "mittel: Zeilen oder kompakte Siedlung", "versorg_sst": 2, "esst_name": "Residential development of the 1990s", "evoeff_name": "good availability", "evpriv_name": "medium: row development or compact settlement"}, "geometry": {"type": "MultiPolygon", "coordinates": [[[[13.45420496, 52.48891847], [13.45543395, 52.48803623], [13.45645396, 52.48732423], [13.45755556, 52.48796907], [13.45706015, 52.48821994], [13.45507336, 52.48943625], [13.45493767, 52.48947048], [13.45420496, 52.48891847]]]]}}, {"type": "Feature", "properties": {"id": "versorggruen_2020.1501200231000200", "styp_id": "1501200231000200", "sst_name": "geringe Bebauung mit überwiegender Nutzung durch Gewerbe und Industrie", "voeff_name": "versorgter Bereich", "vpriv_name": "gering: Blockrandbebauung", "versorg_sst": 3, "esst_name": "Sparse development with predominantly commercial and industrial use", "evoeff_name": "good availability", "evpriv_name": "low: Wilhelminian-period block-edge development"}, "geometry": {"type": "MultiPolygon", "coordinates": [[[[13.45645396, 52.48732423], [13.45824034, 52.48605478], [13.45855396, 52.48627115], [13.45833671, 52.48695481], [13.45807017, 52.48739937], [13.45789982, 52.48761438], [13.45763166, 52.48791366], [13.45755556, 52.48796907], [13.45645396, 52.48732423]]]]}}, {"type": "Feature", "properties": {"id": "versorggruen_2020.1501200241000000", "styp_id": "1501200241000000", "sst_name": "Blockbebauung der Gründerzeit mit Seitenflügeln und Hinterhäusern", "voeff_name": "versorgter Bereich", "vpriv_name": "gering: Blockrandbebauung", "versorg_sst": 3, "esst_name": "Wilhelminian-period block development with wings and rear buildings (until 1918)", "evoeff_name": "good availability", "evpriv_name": "low: Wilhelminian-period block-edge development"}, "geometry": {"type": "MultiPolygon", "coordinates": [[[[13.45522999, 52.48970111], [13.45759875, 52.48854523], [13.4585093, 52.48908937], [13.45604801, 52.49029857], [13.45522999, 52.48970111]]]]}}, {"type": "Feature", "properties": {"id": "versorggruen_2020.1501200251000000", "styp_id": "1501200251000000", "sst_name": "Bebauung mit überwiegender Nutzung durch Handel und Dienstleistung", "voeff_name": "versorgter Bereich", "vpriv_name": "gering: Blockrandbebauung", "versorg_sst": 3, "esst_name": "Development with predominantly retail and service use", "evoeff_name": "good availability", "evpriv_name": "low: Wilhelminian-period block-edge development"}, "geometry": {"type": "MultiPolygon", "coordinates": [[[[13.45616432, 52.49040087], [13.45841159, 52.48928999], [13.4585009, 52.48979553], [13.45867369, 52.49025938], [13.45888728, 52.49066079], [13.4576733, 52.491461], [13.45760022, 52.49146152], [13.45616432, 52.49040087]]]]}}, {"type": "Feature", "properties": {"id": "versorggruen_2020.1501200321000100", "styp_id": "1501200321000100", "sst_name": "Siedlungsbebauung der 90er Jahre", "voeff_name": "versorgter Bereich", "vpriv_name": "mittel: Zeilen oder kompakte Siedlung", "versorg_sst": 2, "esst_name": "Residential development of the 1990s", "evoeff_name": "good availability", "evpriv_name": "medium: row development or compact settlement"}, "geometry": {"type": "MultiPolygon", "coordinates": [[[[13.45407831, 52.49472067], [13.45428446, 52.49464461], [13.45707704, 52.49381459], [13.4575358, 52.49438491], [13.4576922, 52.49434327], [13.45824294, 52.49484091], [13.4573406, 52.49523759], [13.45425104, 52.49586753], [13.45372556, 52.49522777], [13.45371188, 52.49517172], [13.45374491, 52.49504185], [13.45383592, 52.49491591], [13.45397192, 52.4947892], [13.45407831, 52.49472067]]]]}}, {"type": "Feature", "properties": {"id": "versorggruen_2020.1501200321000200", "styp_id": "1501200321000200", "sst_name": "Bebauung mit überwiegender Nutzung durch Gemeinbedarf und Sondernutzung, Verkehrsflächen ohne Straßen", "voeff_name": "versorgter Bereich", "vpriv_name": "mittel: Zeilen oder kompakte Siedlung", "versorg_sst": 2, "esst_name": "Development with predominantly public and special use or non-street traffic area", "evoeff_name": "good availability", "evpriv_name": "medium: row development or compact settlement"}, "geometry": {"type": "MultiPolygon", "coordinates": [[[[13.45707704, 52.49381459], [13.45920133, 52.49318313], [13.46026024, 52.49397421], [13.45824294, 52.49484091], [13.4576922, 52.49434327], [13.4575358, 52.49438491], [13.45707704, 52.49381459]]]]}}, {"type": "Feature", "properties": {"id": "versorggruen_2020.1501200361000000", "styp_id": "1501200361000000", "sst_name": "Bebauung mit überwiegender Nutzung durch Gemeinbedarf und Sondernutzung, Verkehrsflächen ohne Straßen", "voeff_name": "versorgter Bereich", "vpriv_name": "mittel: Zeilen oder kompakte Siedlung", "versorg_sst": 2, "esst_name": "Development with predominantly public and special use or non-street traffic area", "evoeff_name": "good availability", "evpriv_name": "medium: row development or compact settlement"}, "geometry": {"type": "MultiPolygon", "coordinates": [[[[13.45445799, 52.49395539], [13.45759496, 52.49200833], [13.45861184, 52.49275111], [13.45445799, 52.49395539]]]]}}, {"type": "Feature", "properties": {"id": "versorggruen_2020.1501200381000000", "styp_id": "1501200381000000", "sst_name": "Blockrandbebauung der Gründerzeit mit massiven Veränderungen", "voeff_name": "versorgter Bereich", "vpriv_name": "gering: Blockrandbebauung", "versorg_sst": 3, "esst_name": "Wilhelminian-period block-edge development with major changes", "evoeff_name": "good availability", "evpriv_name": "low: Wilhelminian-period block-edge development"}, "geometry": {"type": "MultiPolygon", "coordinates": [[[[13.46190682, 52.48866694], [13.46179523, 52.48863403], [13.46075138, 52.48800521], [13.46059542, 52.48810548], [13.46172288, 52.4887647], [13.46172545, 52.48879373], [13.46009264, 52.48989941], [13.46003573, 52.48856879], [13.46007978, 52.48828603], [13.46030598, 52.48774339], [13.46055206, 52.48739272], [13.46089219, 52.48702571], [13.46114594, 52.48682809], [13.46162417, 52.48648281], [13.46245872, 52.48594727], [13.46431585, 52.48706057], [13.46272136, 52.48812131], [13.46105673, 52.48711731], [13.46091046, 52.48720626], [13.46257928, 52.48821646], [13.46190682, 52.48866694]]]]}}, {"type": "Feature", "properties": {"id": "versorggruen_2020.1501200391000000", "styp_id": "1501200391000000", "sst_name": "Blockrand- und Zeilenbebauung der 20er und 30er Jahre", "voeff_name": "versorgter Bereich", "vpriv_name": "mittel: Zeilen oder kompakte Siedlung", "versorg_sst": 2, "esst_name": "Block-edge and row development of the 1920s and 1930s", "evoeff_name": "good availability", "evpriv_name": "medium: row development or compact settlement"}, "geometry": {"type": "MultiPolygon", "coordinates": [[[[13.46384654, 52.48532582], [13.46496685, 52.48661628], [13.46445685, 52.48695902], [13.46273062, 52.48594766], [13.46352055, 52.48540867], [13.46375499, 52.4853159], [13.46384654, 52.48532582]]]]}}, {"type": "Feature", "properties": {"id": "versorggruen_2020.1501200421000000", "styp_id": "1501200421000000", "sst_name": "Blockrand- und Zeilenbebauung der 20er und 30er Jahre", "voeff_name": "versorgter Bereich", "vpriv_name": "mittel: Zeilen oder kompakte Siedlung", "versorg_sst": 2, "esst_name": "Block-edge and row development of the 1920s and 1930s", "evoeff_name": "good availability", "evpriv_name": "medium: row development or compact settlement"}, "geometry": {"type": "MultiPolygon", "coordinates": [[[[13.46398442, 52.48511578], [13.46520539, 52.4843247], [13.46589886, 52.48471305], [13.46468457, 52.48553958], [13.46455294, 52.48556129], [13.46438651, 52.48554846], [13.46398442, 52.48511578]]]]}}, {"type": "Feature", "properties": {"id": "versorggruen_2020.1501200431000000", "styp_id": "1501200431000000", "sst_name": "Blockrand- und Zeilenbebauung der 20er und 30er Jahre", "voeff_name": "versorgter Bereich", "vpriv_name": "mittel: Zeilen oder kompakte Siedlung", "versorg_sst": 2, "esst_name": "Block-edge and row development of the 1920s and 1930s", "evoeff_name": "good availability", "evpriv_name": "medium: row development or compact settlement"}, "geometry": {"type": "MultiPolygon", "coordinates": [[[[13.46520472, 52.48645619], [13.46515613, 52.48645121], [13.46458843, 52.4858082], [13.46605621, 52.4847943], [13.46694939, 52.48529621], [13.46520472, 52.48645619]]]]}}, {"type": "Feature", "properties": {"id": "versorggruen_2020.1501200441000000", "styp_id": "1501200441000000", "sst_name": "Blockbebauung der Gründerzeit mit Seitenflügeln und Hinterhäusern", "voeff_name": "versorgter Bereich", "vpriv_name": "gering: Blockrandbebauung", "versorg_sst": 3, "esst_name": "Wilhelminian-period block development with wings and rear buildings (until 1918)", "evoeff_name": "good availability", "evpriv_name": "low: Wilhelminian-period block-edge development"}, "geometry": {"type": "MultiPolygon", "coordinates": [[[[13.46707711, 52.48520025], [13.46618188, 52.48470632], [13.46755214, 52.48377492], [13.46843302, 52.48424133], [13.46839027, 52.48430832], [13.46707711, 52.48520025]]]]}}, {"type": "Feature", "properties": {"id": "versorggruen_2020.1501200451000000", "styp_id": "1501200451000000", "sst_name": "Blockrand- und Zeilenbebauung der 20er und 30er Jahre", "voeff_name": "versorgter Bereich", "vpriv_name": "mittel: Zeilen oder kompakte Siedlung", "versorg_sst": 2, "esst_name": "Block-edge and row development of the 1920s and 1930s", "evoeff_name": "good availability", "evpriv_name": "medium: row development or compact settlement"}, "geometry": {"type": "MultiPolygon", "coordinates": [[[[13.46515234, 52.48414586], [13.46653082, 52.48322625], [13.46740018, 52.48370399], [13.46603382, 52.48462857], [13.46515234, 52.48414586]]]]}}, {"type": "Feature", "properties": {"id": "versorggruen_2020.1501200461000000", "styp_id": "1501200461000000", "sst_name": "Blockbebauung der Gründerzeit mit Seitenflügeln und Hinterhäusern", "voeff_name": "versorgter Bereich", "vpriv_name": "gering: Blockrandbebauung", "versorg_sst": 3, "esst_name": "Wilhelminian-period block development with wings and rear buildings (until 1918)", "evoeff_name": "good availability", "evpriv_name": "low: Wilhelminian-period block-edge development"}, "geometry": {"type": "MultiPolygon", "coordinates": [[[[13.46864922, 52.4841267], [13.46783074, 52.48369676], [13.46883602, 52.48301288], [13.46965204, 52.48344905], [13.46864922, 52.4841267]]]]}}, {"type": "Feature", "properties": {"id": "versorggruen_2020.1501200471000000", "styp_id": "1501200471000000", "sst_name": "Blockrand- und Zeilenbebauung der 20er und 30er Jahre", "voeff_name": "versorgter Bereich", "vpriv_name": "mittel: Zeilen oder kompakte Siedlung", "versorg_sst": 2, "esst_name": "Block-edge and row development of the 1920s and 1930s", "evoeff_name": "good availability", "evpriv_name": "medium: row development or compact settlement"}, "geometry": {"type": "MultiPolygon", "coordinates": [[[[13.46977094, 52.48332903], [13.46900543, 52.48292295], [13.46983815, 52.48236375], [13.47060597, 52.48277782], [13.46977094, 52.48332903]]]]}}, {"type": "Feature", "properties": {"id": "versorggruen_2020.1501200481000000", "styp_id": "1501200481000000", "sst_name": "Zeilenbebauung seit den 50er Jahren", "voeff_name": "versorgter Bereich", "vpriv_name": "mittel: Zeilen oder kompakte Siedlung", "versorg_sst": 2, "esst_name": "Row development since the 1950s", "evoeff_name": "good availability", "evpriv_name": "medium: row development or compact settlement"}, "geometry": {"type": "MultiPolygon", "coordinates": [[[[13.46669162, 52.48307692], [13.4684893, 52.48185107], [13.46941109, 52.48129414], [13.46965292, 52.48112983], [13.47111881, 52.4818584], [13.47132743, 52.48197431], [13.47160757, 52.48186859], [13.47163626, 52.48211619], [13.47077835, 52.48269479], [13.46989369, 52.48222951], [13.47028357, 52.48197478], [13.47043731, 52.48196809], [13.47063482, 52.48185103], [13.47053769, 52.48175939], [13.47032742, 52.48185985], [13.46892805, 52.48275907], [13.46770276, 52.48357983], [13.46765016, 52.48358623], [13.46756671, 52.48355013], [13.46669162, 52.48307692]]]]}}, {"type": "Feature", "properties": {"id": "versorggruen_2020.1501200551000100", "styp_id": "1501200551000100", "sst_name": "geringe Bebauung mit überwiegender Nutzung durch Gewerbe und Industrie", "voeff_name": "versorgter Bereich", "vpriv_name": "gering: Blockrandbebauung", "versorg_sst": 3, "esst_name": "Sparse development with predominantly commercial and industrial use", "evoeff_name": "good availability", "evpriv_name": "low: Wilhelminian-period block-edge development"}, "geometry": {"type": "MultiPolygon", "coordinates": [[[[13.47282805, 52.47580805], [13.47339712, 52.47539706], [13.47552584, 52.47651111], [13.47493543, 52.47690749], [13.47282805, 52.47580805]]]]}}, {"type": "Feature", "properties": {"id": "versorggruen_2020.1501200551000200", "styp_id": "1501200551000200", "sst_name": "Zeilenbebauung seit den 50er Jahren", "voeff_name": "versorgter Bereich", "vpriv_name": "mittel: Zeilen oder kompakte Siedlung", "versorg_sst": 2, "esst_name": "Row development since the 1950s", "evoeff_name": "good availability", "evpriv_name": "medium: row development or compact settlement"}, "geometry": {"type": "MultiPolygon", "coordinates": [[[[13.47339712, 52.47539706], [13.47370336, 52.47517588], [13.47586018, 52.47628666], [13.47552584, 52.47651111], [13.47339712, 52.47539706]]]]}}, {"type": "Feature", "properties": {"id": "versorggruen_2020.1501200571000000", "styp_id": "1501200571000000", "sst_name": "Zeilenbebauung seit den 50er Jahren", "voeff_name": "versorgter Bereich", "vpriv_name": "mittel: Zeilen oder kompakte Siedlung", "versorg_sst": 1, "esst_name": "Row development since the 1950s", "evoeff_name": "good availability", "evpriv_name": "medium: row development or compact settlement"}, "geometry": {"type": "MultiPolygon", "coordinates": [[[[13.47548964, 52.48007106], [13.47881209, 52.47780794], [13.48060234, 52.47873922], [13.4771556, 52.48094958], [13.47654959, 52.48064031], [13.47548964, 52.48007106]]]]}}, {"type": "Feature", "properties": {"id": "versorggruen_2020.1501200601000100", "styp_id": "1501200601000100", "sst_name": "Zeilenbebauung seit den 50er Jahren", "voeff_name": "versorgter Bereich", "vpriv_name": "mittel: Zeilen oder kompakte Siedlung", "versorg_sst": 1, "esst_name": "Row development since the 1950s", "evoeff_name": "good availability", "evpriv_name": "medium: row development or compact settlement"}, "geometry": {"type": "MultiPolygon", "coordinates": [[[[13.47771687, 52.48073491], [13.47794847, 52.48084272], [13.4784665, 52.48105787], [13.47920311, 52.4805013], [13.47976639, 52.48075338], [13.478716, 52.48161562], [13.47796979, 52.48131364], [13.47728312, 52.48100912], [13.47771687, 52.48073491]]]]}}, {"type": "Feature", "properties": {"id": "versorggruen_2020.1501200611000000", "styp_id": "1501200611000000", "sst_name": "Zeilenbebauung seit den 50er Jahren", "voeff_name": "versorgter Bereich", "vpriv_name": "mittel: Zeilen oder kompakte Siedlung", "versorg_sst": 1, "esst_name": "Row development since the 1950s", "evoeff_name": "good availability", "evpriv_name": "medium: row development or compact settlement"}, "geometry": {"type": "MultiPolygon", "coordinates": [[[[13.48113501, 52.4824507], [13.47943547, 52.48186124], [13.47885384, 52.48166683], [13.48171154, 52.47932083], [13.48273763, 52.47984809], [13.48321323, 52.48011399], [13.48165993, 52.48187047], [13.48113501, 52.4824507]]]]}}, {"type": "Feature", "properties": {"id": "versorggruen_2020.1501200621000100", "styp_id": "1501200621000100", "sst_name": "Zeilenbebauung seit den 50er Jahren", "voeff_name": "versorgter Bereich", "vpriv_name": "mittel: Zeilen oder kompakte Siedlung", "versorg_sst": 1, "esst_name": "Row development since the 1950s", "evoeff_name": "good availability", "evpriv_name": "medium: row development or compact settlement"}, "geometry": {"type": "MultiPolygon", "coordinates": [[[[13.4790879, 52.47762686], [13.48139465, 52.4760672], [13.48186833, 52.47633653], [13.48089933, 52.47697491], [13.48204395, 52.47760438], [13.48223398, 52.47747261], [13.48202923, 52.4773761], [13.48191711, 52.47740722], [13.48113708, 52.47697315], [13.48173145, 52.47656977], [13.48185828, 52.47650323], [13.48387826, 52.47510607], [13.48484249, 52.4756157], [13.48471766, 52.47572197], [13.48483367, 52.47577785], [13.48450883, 52.47614233], [13.48459172, 52.47617283], [13.48451657, 52.47631464], [13.48425846, 52.47657277], [13.48355154, 52.47702801], [13.4839055, 52.47716002], [13.48253784, 52.47834399], [13.48275198, 52.47844276], [13.48288224, 52.47833054], [13.48281408, 52.47822341], [13.48386549, 52.4773268], [13.48521983, 52.47784399], [13.48413265, 52.47908187], [13.48342302, 52.47986572], [13.48337627, 52.47987383], [13.48131096, 52.47879126], [13.48182086, 52.47835499], [13.48159553, 52.47826082], [13.48108172, 52.47867426], [13.4790879, 52.47762686]]]]}}, {"type": "Feature", "properties": {"id": "versorggruen_2020.1501200621000200", "styp_id": "1501200621000200", "sst_name": "Bebauung mit überwiegender Nutzung durch Gemeinbedarf und Sondernutzung, Verkehrsflächen ohne Straßen", "voeff_name": "versorgter Bereich", "vpriv_name": "mittel: Zeilen oder kompakte Siedlung", "versorg_sst": 1, "esst_name": "Development with predominantly public and special use or non-street traffic area", "evoeff_name": "good availability", "evpriv_name": "medium: row development or compact settlement"}, "geometry": {"type": "MultiPolygon", "coordinates": [[[[13.48387826, 52.47510607], [13.48460665, 52.47460451], [13.48655414, 52.47554555], [13.48488173, 52.47737896], [13.48488853, 52.47742566], [13.48473096, 52.47759629], [13.48436103, 52.4774728], [13.484142, 52.47724617], [13.4839055, 52.47716002], [13.48355154, 52.47702801], [13.48425846, 52.47657277], [13.48451657, 52.47631464], [13.48459172, 52.47617283], [13.48450883, 52.47614233], [13.48483367, 52.47577785], [13.48471766, 52.47572197], [13.48484249, 52.4756157], [13.48387826, 52.47510607]]]]}}, {"type": "Feature", "properties": {"id": "versorggruen_2020.1501200621000300", "styp_id": "1501200621000300", "sst_name": "Blockrand- und Zeilenbebauung der 20er und 30er Jahre", "voeff_name": "versorgter Bereich", "vpriv_name": "mittel: Zeilen oder kompakte Siedlung", "versorg_sst": 1, "esst_name": "Block-edge and row development of the 1920s and 1930s", "evoeff_name": "good availability", "evpriv_name": "medium: row development or compact settlement"}, "geometry": {"type": "MultiPolygon", "coordinates": [[[[13.48473096, 52.47759629], [13.48488853, 52.47742566], [13.48488173, 52.47737896], [13.48655414, 52.47554555], [13.4870565, 52.47578827], [13.48527675, 52.47777849], [13.48473096, 52.47759629]]]]}}, {"type": "Feature", "properties": {"id": "versorggruen_2020.1501200631000000", "styp_id": "1501200631000000", "sst_name": "Blockrand- und Zeilenbebauung der 20er und 30er Jahre", "voeff_name": "versorgter Bereich", "vpriv_name": "mittel: Zeilen oder kompakte Siedlung", "versorg_sst": 1, "esst_name": "Block-edge and row development of the 1920s and 1930s", "evoeff_name": "good availability", "evpriv_name": "medium: row development or compact settlement"}, "geometry": {"type": "MultiPolygon", "coordinates": [[[[13.48152893, 52.47599493], [13.48398262, 52.47432525], [13.4841455, 52.4743927], [13.48444795, 52.474548], [13.48199877, 52.47624943], [13.48152893, 52.47599493]]]]}}, {"type": "Feature", "properties": {"id": "versorggruen_2020.1501200641000100", "styp_id": "1501200641000100", "sst_name": "Zeilenbebauung seit den 50er Jahren", "voeff_name": "versorgter Bereich", "vpriv_name": "mittel: Zeilen oder kompakte Siedlung", "versorg_sst": 1, "esst_name": "Row development since the 1950s", "evoeff_name": "good availability", "evpriv_name": "medium: row development or compact settlement"}, "geometry": {"type": "MultiPolygon", "coordinates": [[[[13.48811841, 52.47371244], [13.48746321, 52.47441694], [13.48810992, 52.47463247], [13.48726171, 52.47557283], [13.484235, 52.47414193], [13.48781701, 52.47173033], [13.48863987, 52.47180019], [13.48817388, 52.47212291], [13.48821687, 52.47214399], [13.48754091, 52.47259407], [13.48731732, 52.47271597], [13.48758823, 52.47278143], [13.48740076, 52.47303634], [13.48716085, 52.47339049], [13.48811841, 52.47371244]]]]}}, {"type": "Feature", "properties": {"id": "versorggruen_2020.1501200641000300", "styp_id": "1501200641000300", "sst_name": "Blockrand- und Zeilenbebauung der 20er und 30er Jahre", "voeff_name": "versorgter Bereich", "vpriv_name": "mittel: Zeilen oder kompakte Siedlung", "versorg_sst": 1, "esst_name": "Block-edge and row development of the 1920s and 1930s", "evoeff_name": "good availability", "evpriv_name": "medium: row development or compact settlement"}, "geometry": {"type": "MultiPolygon", "coordinates": [[[[13.48816545, 52.47372822], [13.48919151, 52.47257794], [13.48937326, 52.47263908], [13.49002887, 52.47191811], [13.49050092, 52.47195818], [13.48874629, 52.47392229], [13.48816545, 52.47372822]]]]}}, {"type": "Feature", "properties": {"id": "versorggruen_2020.1501200661000100", "styp_id": "1501200661000100", "sst_name": "Zeilenbebauung seit den 50er Jahren", "voeff_name": "versorgter Bereich", "vpriv_name": "mittel: Zeilen oder kompakte Siedlung", "versorg_sst": 1, "esst_name": "Row development since the 1950s", "evoeff_name": "good availability", "evpriv_name": "medium: row development or compact settlement"}, "geometry": {"type": "MultiPolygon", "coordinates": [[[[13.48832384, 52.4713976], [13.49119315, 52.46949405], [13.49129865, 52.46947954], [13.49139554, 52.46949349], [13.49147126, 52.469522], [13.4921663, 52.47010117], [13.49081416, 52.47161508], [13.4902255, 52.47156368], [13.4902985, 52.47131087], [13.49057853, 52.47134838], [13.49157459, 52.47023754], [13.49113693, 52.46997671], [13.48956849, 52.47106085], [13.48950022, 52.47146986], [13.48955454, 52.47150508], [13.48832384, 52.4713976]]]]}}, {"type": "Feature", "properties": {"id": "versorggruen_2020.1501200671000000", "styp_id": "1501200671000000", "sst_name": "Blockbebauung der Gründerzeit mit Seitenflügeln und Hinterhäusern", "voeff_name": "versorgter Bereich", "vpriv_name": "gering: Blockrandbebauung", "versorg_sst": 1, "esst_name": "Wilhelminian-period block development with wings and rear buildings (until 1918)", "evoeff_name": "good availability", "evpriv_name": "low: Wilhelminian-period block-edge development"}, "geometry": {"type": "MultiPolygon", "coordinates": [[[[13.49011632, 52.46966971], [13.48939007, 52.46926614], [13.49039782, 52.46855677], [13.49092033, 52.46899517], [13.49065604, 52.4691892], [13.49073433, 52.46924747], [13.49011632, 52.46966971]]]]}}, {"type": "Feature", "properties": {"id": "versorggruen_2020.1501200681000000", "styp_id": "1501200681000000", "sst_name": "Blockbebauung der Gründerzeit mit Seitenflügeln und Hinterhäusern", "voeff_name": "versorgter Bereich", "vpriv_name": "gering: Blockrandbebauung", "versorg_sst": 1, "esst_name": "Wilhelminian-period block development with wings and rear buildings (until 1918)", "evoeff_name": "good availability", "evpriv_name": "low: Wilhelminian-period block-edge development"}, "geometry": {"type": "MultiPolygon", "coordinates": [[[[13.48974833, 52.46801138], [13.49026839, 52.46846462], [13.4892263, 52.4691895], [13.48848495, 52.46878914], [13.48964172, 52.46800644], [13.48974833, 52.46801138]]]]}}, {"type": "Feature", "properties": {"id": "versorggruen_2020.1501200691000000", "styp_id": "1501200691000000", "sst_name": "Blockrand- und Zeilenbebauung der 20er und 30er Jahre", "voeff_name": "versorgter Bereich", "vpriv_name": "mittel: Zeilen oder kompakte Siedlung", "versorg_sst": 1, "esst_name": "Block-edge and row development of the 1920s and 1930s", "evoeff_name": "good availability", "evpriv_name": "medium: row development or compact settlement"}, "geometry": {"type": "MultiPolygon", "coordinates": [[[[13.48706924, 52.46951205], [13.48812013, 52.46882176], [13.48991848, 52.46979266], [13.48887551, 52.47049238], [13.48707774, 52.46950654], [13.48706924, 52.46951205]]]]}}, {"type": "Feature", "properties": {"id": "versorggruen_2020.1501200711000000", "styp_id": "1501200711000000", "sst_name": "Zeilenbebauung seit den 50er Jahren", "voeff_name": "versorgter Bereich", "vpriv_name": "mittel: Zeilen oder kompakte Siedlung", "versorg_sst": 1, "esst_name": "Row development since the 1950s", "evoeff_name": "good availability", "evpriv_name": "medium: row development or compact settlement"}, "geometry": {"type": "MultiPolygon", "coordinates": [[[[13.48175659, 52.47292145], [13.48388774, 52.47157038], [13.48470632, 52.47201651], [13.48481768, 52.47194836], [13.48584076, 52.47252423], [13.48415634, 52.47367838], [13.48378867, 52.47390565], [13.48201562, 52.47308375], [13.48175659, 52.47292145]]]]}}, {"type": "Feature", "properties": {"id": "versorggruen_2020.1501200721000000", "styp_id": "1501200721000000", "sst_name": "Zeilenbebauung seit den 50er Jahren", "voeff_name": "versorgter Bereich", "vpriv_name": "mittel: Zeilen oder kompakte Siedlung", "versorg_sst": 1, "esst_name": "Row development since the 1950s", "evoeff_name": "good availability", "evpriv_name": "medium: row development or compact settlement"}, "geometry": {"type": "MultiPolygon", "coordinates": [[[[13.47678774, 52.4763964], [13.48153879, 52.47315691], [13.48350916, 52.47408903], [13.4786406, 52.47738143], [13.47678774, 52.4763964]]]]}}, {"type": "Feature", "properties": {"id": "versorggruen_2020.1501200741000000", "styp_id": "1501200741000000", "sst_name": "Zeilenbebauung seit den 50er Jahren", "voeff_name": "versorgter Bereich", "vpriv_name": "mittel: Zeilen oder kompakte Siedlung", "versorg_sst": 2, "esst_name": "Row development since the 1950s", "evoeff_name": "good availability", "evpriv_name": "medium: row development or compact settlement"}, "geometry": {"type": "MultiPolygon", "coordinates": [[[[13.47402424, 52.4749684], [13.47418345, 52.47486847], [13.4786728, 52.47170174], [13.48039937, 52.47256139], [13.4757095, 52.47585181], [13.47402424, 52.4749684]]]]}}, {"type": "Feature", "properties": {"id": "versorggruen_2020.1501200761000000", "styp_id": "1501200761000000", "sst_name": "geringe Bebauung mit überwiegender Nutzung durch Gewerbe und Industrie", "voeff_name": "versorgter Bereich", "vpriv_name": "gering: Blockrandbebauung", "versorg_sst": 3, "esst_name": "Sparse development with predominantly commercial and industrial use", "evoeff_name": "good availability", "evpriv_name": "low: Wilhelminian-period block-edge development"}, "geometry": {"type": "MultiPolygon", "coordinates": [[[[13.47881485, 52.47153488], [13.4791446, 52.47131028], [13.4809506, 52.47151568], [13.4815199, 52.47154617], [13.48178756, 52.47154319], [13.48225353, 52.47152258], [13.48279223, 52.47146295], [13.48292006, 52.47154025], [13.48112037, 52.47272303], [13.47881485, 52.47153488]]]]}}, {"type": "Feature", "properties": {"id": "versorggruen_2020.1501200771000100", "styp_id": "1501200771000100", "sst_name": "nicht oder gering bebaute Grün- und Freiflächen", "voeff_name": "nicht versorgter Bereich", "vpriv_name": "hoch: aufgelockerte Siedlungsbebauung", "versorg_sst": 10, "esst_name": "Public green and open spaces with sparse or no development", "evoeff_name": "no availability", "evpriv_name": "high: loose settlement development"}, "geometry": {"type": "MultiPolygon", "coordinates": [[[[13.47945007, 52.47107288], [13.4803908, 52.4704406], [13.48308338, 52.46856751], [13.48438601, 52.46924052], [13.48431703, 52.46928209], [13.48444138, 52.46931244], [13.48528544, 52.4687654], [13.48535544, 52.46879612], [13.48621084, 52.46829383], [13.48723725, 52.46849591], [13.48916936, 52.46748414], [13.48752038, 52.46858682], [13.48551179, 52.46989415], [13.48416233, 52.47057984], [13.48379077, 52.47078681], [13.48362662, 52.47086829], [13.48309431, 52.47103635], [13.48290832, 52.4710863], [13.48279184, 52.47108731], [13.48199979, 52.47121051], [13.481619, 52.47124174], [13.48085761, 52.47124873], [13.47945007, 52.47107288]]]]}}, {"type": "Feature", "properties": {"id": "versorggruen_2020.1501200771000200", "styp_id": "1501200771000200", "sst_name": "Bebauung mit überwiegender Nutzung durch Gemeinbedarf und Sondernutzung, Verkehrsflächen ohne Straßen", "voeff_name": "nicht versorgter Bereich", "vpriv_name": "mittel: Zeilen oder kompakte Siedlung", "versorg_sst": 11, "esst_name": "Development with predominantly public and special use or non-street traffic area", "evoeff_name": "no availability", "evpriv_name": "medium: row development or compact settlement"}, "geometry": {"type": "MultiPolygon", "coordinates": [[[[13.48308338, 52.46856751], [13.48395032, 52.46796438], [13.48415117, 52.46795117], [13.48584371, 52.46824288], [13.48594063, 52.46830371], [13.48438601, 52.46924052], [13.48308338, 52.46856751]]]]}}, {"type": "Feature", "properties": {"id": "versorggruen_2020.1501200781000000", "styp_id": "1501200781000000", "sst_name": "Zeilenbebauung seit den 50er Jahren", "voeff_name": "nicht versorgter Bereich", "vpriv_name": "mittel: Zeilen oder kompakte Siedlung", "versorg_sst": 11, "esst_name": "Row development since the 1950s", "evoeff_name": "no availability", "evpriv_name": "medium: row development or compact settlement"}, "geometry": {"type": "MultiPolygon", "coordinates": [[[[13.48418207, 52.4677551], [13.48509413, 52.46709814], [13.48521753, 52.46715249], [13.48700218, 52.46588715], [13.48718318, 52.46589198], [13.48888411, 52.46730404], [13.48809984, 52.46776163], [13.48757137, 52.46747632], [13.48733151, 52.46728543], [13.48679091, 52.46764472], [13.48672685, 52.46760608], [13.48646174, 52.46777266], [13.48665296, 52.46786569], [13.48728721, 52.46745971], [13.48796325, 52.46785229], [13.48720674, 52.46831827], [13.48419727, 52.46779761], [13.48418207, 52.4677551]]]]}}, {"type": "Feature", "properties": {"id": "versorggruen_2020.1501200801000200", "styp_id": "1501200801000200", "sst_name": "Zeilenbebauung seit den 50er Jahren", "voeff_name": "versorgter Bereich", "vpriv_name": "mittel: Zeilen oder kompakte Siedlung", "versorg_sst": 2, "esst_name": "Row development since the 1950s", "evoeff_name": "good availability", "evpriv_name": "medium: row development or compact settlement"}, "geometry": {"type": "MultiPolygon", "coordinates": [[[[13.47817684, 52.46730664], [13.48084886, 52.46544223], [13.4823507, 52.46622647], [13.48187965, 52.46657702], [13.48166354, 52.46672028], [13.48114425, 52.46713374], [13.48052616, 52.46760682], [13.47974848, 52.46817279], [13.47817684, 52.46730664]]]]}}, {"type": "Feature", "properties": {"id": "versorggruen_2020.1501200811000000", "styp_id": "1501200811000000", "sst_name": "Zeilenbebauung seit den 50er Jahren", "voeff_name": "versorgter Bereich", "vpriv_name": "mittel: Zeilen oder kompakte Siedlung", "versorg_sst": 2, "esst_name": "Row development since the 1950s", "evoeff_name": "good availability", "evpriv_name": "medium: row development or compact settlement"}, "geometry": {"type": "MultiPolygon", "coordinates": [[[[13.48052322, 52.47010691], [13.47857867, 52.46908791], [13.47912068, 52.46870408], [13.47991991, 52.46816662], [13.48045819, 52.4677885], [13.4808921, 52.46747459], [13.48164793, 52.46689384], [13.48250276, 52.46628886], [13.48412397, 52.46716582], [13.48448795, 52.46731359], [13.4837134, 52.46781316], [13.48365405, 52.46789094], [13.48052322, 52.47010691]]]]}}, {"type": "Feature", "properties": {"id": "versorggruen_2020.1501200821000000", "styp_id": "1501200821000000", "sst_name": "Blockrandbebauung der Gründerzeit mit massiven Veränderungen", "voeff_name": "versorgter Bereich", "vpriv_name": "gering: Blockrandbebauung", "versorg_sst": 3, "esst_name": "Wilhelminian-period block-edge development with major changes", "evoeff_name": "good availability", "evpriv_name": "low: Wilhelminian-period block-edge development"}, "geometry": {"type": "MultiPolygon", "coordinates": [[[[13.48450519, 52.46720866], [13.48287706, 52.46628332], [13.48286726, 52.46622056], [13.48411027, 52.46546044], [13.48418101, 52.46549506], [13.48558618, 52.46644778], [13.48450519, 52.46720866]]]]}}, {"type": "Feature", "properties": {"id": "versorggruen_2020.1501200831000000", "styp_id": "1501200831000000", "sst_name": "Blockrandbebauung der Gründerzeit mit massiven Veränderungen", "voeff_name": "versorgter Bereich", "vpriv_name": "gering: Blockrandbebauung", "versorg_sst": 3, "esst_name": "Wilhelminian-period block-edge development with major changes", "evoeff_name": "good availability", "evpriv_name": "low: Wilhelminian-period block-edge development"}, "geometry": {"type": "MultiPolygon", "coordinates": [[[[13.48050542, 52.46508924], [13.48233816, 52.46419561], [13.4830798, 52.46478731], [13.48389584, 52.46531145], [13.48246591, 52.46610744], [13.48050542, 52.46508924]]]]}}, {"type": "Feature", "properties": {"id": "versorggruen_2020.1501200841000100", "styp_id": "1501200841000100", "sst_name": "Blockbebauung der Gründerzeit mit Seitenflügeln und Hinterhäusern", "voeff_name": "versorgter Bereich", "vpriv_name": "gering: Blockrandbebauung", "versorg_sst": 3, "esst_name": "Wilhelminian-period block development with wings and rear buildings (until 1918)", "evoeff_name": "good availability", "evpriv_name": "low: Wilhelminian-period block-edge development"}, "geometry": {"type": "MultiPolygon", "coordinates": [[[[13.48466428, 52.46565119], [13.48596937, 52.46489243], [13.48680961, 52.46558946], [13.48580598, 52.46628971], [13.48568648, 52.46632689], [13.48466428, 52.46565119]]]]}}, {"type": "Feature", "properties": {"id": "versorggruen_2020.1501200841000300", "styp_id": "1501200841000300", "sst_name": "Zeilenbebauung seit den 50er Jahren", "voeff_name": "versorgter Bereich", "vpriv_name": "mittel: Zeilen oder kompakte Siedlung", "versorg_sst": 2, "esst_name": "Row development since the 1950s", "evoeff_name": "good availability", "evpriv_name": "medium: row development or compact settlement"}, "geometry": {"type": "MultiPolygon", "coordinates": [[[[13.48250413, 52.4641107], [13.48251512, 52.46407642], [13.48406498, 52.46331094], [13.48519555, 52.46425047], [13.48461794, 52.46455836], [13.48374538, 52.46504579], [13.48329853, 52.46475249], [13.48250413, 52.4641107]]]]}}, {"type": "Feature", "properties": {"id": "versorggruen_2020.1501200851000000", "styp_id": "1501200851000000", "sst_name": "Zeilenbebauung seit den 50er Jahren", "voeff_name": "versorgter Bereich", "vpriv_name": "mittel: Zeilen oder kompakte Siedlung", "versorg_sst": 2, "esst_name": "Row development since the 1950s", "evoeff_name": "good availability", "evpriv_name": "medium: row development or compact settlement"}, "geometry": {"type": "MultiPolygon", "coordinates": [[[[13.48329855, 52.4626531], [13.48396103, 52.46316851], [13.48168775, 52.46432401], [13.48033007, 52.46499531], [13.48007482, 52.46485919], [13.48037589, 52.46355226], [13.48141884, 52.46361692], [13.48208633, 52.46325901], [13.48329855, 52.4626531]]]]}}, {"type": "Feature", "properties": {"id": "versorggruen_2020.1501200861000000", "styp_id": "1501200861000000", "sst_name": "Blockrand- und Zeilenbebauung der 20er und 30er Jahre", "voeff_name": "versorgter Bereich", "vpriv_name": "mittel: Zeilen oder kompakte Siedlung", "versorg_sst": 2, "esst_name": "Block-edge and row development of the 1920s and 1930s", "evoeff_name": "good availability", "evpriv_name": "medium: row development or compact settlement"}, "geometry": {"type": "MultiPolygon", "coordinates": [[[[13.48256045, 52.462026], [13.48321163, 52.4625346], [13.48132807, 52.46348587], [13.48040297, 52.46341064], [13.48058983, 52.46257222], [13.48065523, 52.46255836], [13.48136884, 52.46263528], [13.48256045, 52.462026]]]]}}, {"type": "Feature", "properties": {"id": "versorggruen_2020.1501200871000000", "styp_id": "1501200871000000", "sst_name": "Blockrand- und Zeilenbebauung der 20er und 30er Jahre", "voeff_name": "versorgter Bereich", "vpriv_name": "mittel: Zeilen oder kompakte Siedlung", "versorg_sst": 2, "esst_name": "Block-edge and row development of the 1920s and 1930s", "evoeff_name": "good availability", "evpriv_name": "medium: row development or compact settlement"}, "geometry": {"type": "MultiPolygon", "coordinates": [[[[13.48111026, 52.46100347], [13.48117393, 52.46101015], [13.48131404, 52.4609744], [13.4824136, 52.46190423], [13.48130599, 52.46248133], [13.48077793, 52.4624416], [13.48111026, 52.46100347]]]]}}, {"type": "Feature", "properties": {"id": "versorggruen_2020.1501200881000000", "styp_id": "1501200881000000", "sst_name": "Zeilenbebauung seit den 50er Jahren", "voeff_name": "versorgter Bereich", "vpriv_name": "mittel: Zeilen oder kompakte Siedlung", "versorg_sst": 2, "esst_name": "Row development since the 1950s", "evoeff_name": "good availability", "evpriv_name": "medium: row development or compact settlement"}, "geometry": {"type": "MultiPolygon", "coordinates": [[[[13.47849814, 52.46468636], [13.47854155, 52.46397185], [13.47740514, 52.46231774], [13.47735374, 52.46222191], [13.47759892, 52.4621124], [13.48046174, 52.46122719], [13.48064411, 52.46124783], [13.48015985, 52.46343866], [13.47984424, 52.46480002], [13.47918482, 52.46474514], [13.47849814, 52.46468636]]]]}}, {"type": "Feature", "properties": {"id": "versorggruen_2020.1501200891000000", "styp_id": "1501200891000000", "sst_name": "Zeilenbebauung seit den 50er Jahren", "voeff_name": "versorgter Bereich", "vpriv_name": "mittel: Zeilen oder kompakte Siedlung", "versorg_sst": 2, "esst_name": "Row development since the 1950s", "evoeff_name": "good availability", "evpriv_name": "medium: row development or compact settlement"}, "geometry": {"type": "MultiPolygon", "coordinates": [[[[13.47539054, 52.46025447], [13.4761289, 52.46021103], [13.48045726, 52.46049601], [13.48077019, 52.46082283], [13.47750424, 52.46182958], [13.47715192, 52.46195296], [13.47579756, 52.46091153], [13.47539054, 52.46025447]]]]}}, {"type": "Feature", "properties": {"id": "versorggruen_2020.1501200921000000", "styp_id": "1501200921000000", "sst_name": "Blockrand- und Zeilenbebauung der 20er und 30er Jahre", "voeff_name": "schlecht versorgter Bereich", "vpriv_name": "mittel: Zeilen oder kompakte Siedlung", "versorg_sst": 8, "esst_name": "Block-edge and row development of the 1920s and 1930s", "evoeff_name": "poor availability", "evpriv_name": "medium: row development or compact settlement"}, "geometry": {"type": "MultiPolygon", "coordinates": [[[[13.48160917, 52.46089373], [13.48247257, 52.46072024], [13.48356623, 52.46055757], [13.48435148, 52.4603814], [13.48548215, 52.46078618], [13.48533942, 52.46093848], [13.48417705, 52.46145164], [13.48403728, 52.46152784], [13.48418421, 52.46165988], [13.48523024, 52.46252831], [13.48421702, 52.46304435], [13.48160917, 52.46089373]]]]}}, {"type": "Feature", "properties": {"id": "versorggruen_2020.1501200931000100", "styp_id": "1501200931000100", "sst_name": "niedrige Bebauung mit Hausgärten", "voeff_name": "schlecht versorgter Bereich", "vpriv_name": "hoch: aufgelockerte Siedlungsbebauung", "versorg_sst": 7, "esst_name": "Low buildings with yards", "evoeff_name": "poor availability", "evpriv_name": "high: loose settlement development"}, "geometry": {"type": "MultiPolygon", "coordinates": [[[[13.48481751, 52.46027528], [13.48570991, 52.45997603], [13.48649676, 52.46031484], [13.48715484, 52.46056587], [13.48785924, 52.46086596], [13.48803611, 52.46096143], [13.48772935, 52.4611773], [13.48645811, 52.4605977], [13.48630351, 52.46057493], [13.48613232, 52.46059307], [13.48597717, 52.46063202], [13.48571572, 52.46075406], [13.48492233, 52.46044325], [13.48481751, 52.46027528]]]]}}, {"type": "Feature", "properties": {"id": "versorggruen_2020.1501200941000000", "styp_id": "1501200941000000", "sst_name": "Zeilenbebauung seit den 50er Jahren", "voeff_name": "schlecht versorgter Bereich", "vpriv_name": "mittel: Zeilen oder kompakte Siedlung", "versorg_sst": 8, "esst_name": "Row development since the 1950s", "evoeff_name": "poor availability", "evpriv_name": "medium: row development or compact settlement"}, "geometry": {"type": "MultiPolygon", "coordinates": [[[[13.48542003, 52.46099666], [13.48606373, 52.46071785], [13.48616413, 52.46068956], [13.4862713, 52.46067965], [13.48638293, 52.46069953], [13.48770331, 52.46128419], [13.48771052, 52.46133916], [13.4854004, 52.46250568], [13.48424472, 52.46157455], [13.48439783, 52.46149213], [13.48437706, 52.46144839], [13.48542003, 52.46099666]]]]}}, {"type": "Feature", "properties": {"id": "versorggruen_2020.1501200951000000", "styp_id": "1501200951000000", "sst_name": "Blockbebauung der Gründerzeit mit Seitenflügeln und Hinterhäusern", "voeff_name": "schlecht versorgter Bereich", "vpriv_name": "gering: Blockrandbebauung", "versorg_sst": 9, "esst_name": "Wilhelminian-period block development with wings and rear buildings (until 1918)", "evoeff_name": "poor availability", "evpriv_name": "low: Wilhelminian-period block-edge development"}, "geometry": {"type": "MultiPolygon", "coordinates": [[[[13.48435622, 52.46316327], [13.48538301, 52.46264595], [13.48691314, 52.46379756], [13.48758423, 52.46346377], [13.48766712, 52.46345238], [13.48879305, 52.4642206], [13.48713379, 52.46540818], [13.48704657, 52.46537562], [13.48435622, 52.46316327]]]]}}, {"type": "Feature", "properties": {"id": "versorggruen_2020.1501200961000000", "styp_id": "1501200961000000", "sst_name": "Bebauung mit überwiegender Nutzung durch Gemeinbedarf und Sondernutzung, Verkehrsflächen ohne Straßen", "voeff_name": "schlecht versorgter Bereich", "vpriv_name": "mittel: Zeilen oder kompakte Siedlung", "versorg_sst": 8, "esst_name": "Development with predominantly public and special use or non-street traffic area", "evoeff_name": "poor availability", "evpriv_name": "medium: row development or compact settlement"}, "geometry": {"type": "MultiPolygon", "coordinates": [[[[13.48550174, 52.46258018], [13.48778335, 52.4614408], [13.48788072, 52.46144218], [13.48855342, 52.46187016], [13.48902025, 52.46214887], [13.48895618, 52.46220627], [13.48904222, 52.46225779], [13.48770862, 52.46320603], [13.48748844, 52.46337438], [13.48700069, 52.46362926], [13.48685335, 52.4636123], [13.48550174, 52.46258018]]]]}}, {"type": "Feature", "properties": {"id": "versorggruen_2020.1501200971000100", "styp_id": "1501200971000100", "sst_name": "Zeilenbebauung seit den 50er Jahren", "voeff_name": "schlecht versorgter Bereich", "vpriv_name": "mittel: Zeilen oder kompakte Siedlung", "versorg_sst": 8, "esst_name": "Row development since the 1950s", "evoeff_name": "poor availability", "evpriv_name": "medium: row development or compact settlement"}, "geometry": {"type": "MultiPolygon", "coordinates": [[[[13.48772935, 52.4611773], [13.48803611, 52.46096143], [13.48855966, 52.46123705], [13.48955524, 52.46178084], [13.48977263, 52.46191413], [13.49035003, 52.46239442], [13.49072745, 52.46267492], [13.49084423, 52.46278139], [13.48889132, 52.46415112], [13.48774083, 52.46338826], [13.48774618, 52.46334718], [13.48919308, 52.46232852], [13.48924762, 52.46222755], [13.48921102, 52.46210928], [13.48909767, 52.46198992], [13.48890602, 52.4618603], [13.48823296, 52.46144147], [13.48772935, 52.4611773]]]]}}, {"type": "Feature", "properties": {"id": "versorggruen_2020.1501200981000000", "styp_id": "1501200981000000", "sst_name": "Blockbebauung der Gründerzeit mit Seitenflügeln und Hinterhäusern", "voeff_name": "schlecht versorgter Bereich", "vpriv_name": "gering: Blockrandbebauung", "versorg_sst": 9, "esst_name": "Wilhelminian-period block development with wings and rear buildings (until 1918)", "evoeff_name": "poor availability", "evpriv_name": "low: Wilhelminian-period block-edge development"}, "geometry": {"type": "MultiPolygon", "coordinates": [[[[13.48735165, 52.46552743], [13.48882673, 52.46446116], [13.48896187, 52.46445508], [13.48970386, 52.46483715], [13.48972083, 52.46497801], [13.48809104, 52.46611983], [13.48794718, 52.46611569], [13.48744419, 52.46570022], [13.48759985, 52.4656487], [13.48735165, 52.46552743]]]]}}, {"type": "Feature", "properties": {"id": "versorggruen_2020.1501200991000000", "styp_id": "1501200991000000", "sst_name": "Blockrand- und Zeilenbebauung der 20er und 30er Jahre", "voeff_name": "schlecht versorgter Bereich", "vpriv_name": "mittel: Zeilen oder kompakte Siedlung", "versorg_sst": 8, "esst_name": "Block-edge and row development of the 1920s and 1930s", "evoeff_name": "poor availability", "evpriv_name": "medium: row development or compact settlement"}, "geometry": {"type": "MultiPolygon", "coordinates": [[[[13.48814483, 52.46627722], [13.48993868, 52.46501311], [13.49001536, 52.46501648], [13.49090566, 52.46548754], [13.48894582, 52.4668762], [13.48883719, 52.46684657], [13.48814483, 52.46627722]]]]}}, {"type": "Feature", "properties": {"id": "versorggruen_2020.1501201001000000", "styp_id": "1501201001000000", "sst_name": "Blockrand- und Zeilenbebauung der 20er und 30er Jahre", "voeff_name": "schlecht versorgter Bereich", "vpriv_name": "mittel: Zeilen oder kompakte Siedlung", "versorg_sst": 8, "esst_name": "Block-edge and row development of the 1920s and 1930s", "evoeff_name": "poor availability", "evpriv_name": "medium: row development or compact settlement"}, "geometry": {"type": "MultiPolygon", "coordinates": [[[[13.48907758, 52.46427495], [13.48985372, 52.46373606], [13.49167708, 52.4648777], [13.49168024, 52.46494062], [13.49104041, 52.46539571], [13.48907271, 52.46435147], [13.48907758, 52.46427495]]]]}}, {"type": "Feature", "properties": {"id": "versorggruen_2020.1501201011000100", "styp_id": "1501201011000100", "sst_name": "Blockrand- und Zeilenbebauung der 20er und 30er Jahre", "voeff_name": "schlecht versorgter Bereich", "vpriv_name": "mittel: Zeilen oder kompakte Siedlung", "versorg_sst": 8, "esst_name": "Block-edge and row development of the 1920s and 1930s", "evoeff_name": "poor availability", "evpriv_name": "medium: row development or compact settlement"}, "geometry": {"type": "MultiPolygon", "coordinates": [[[[13.48907271, 52.46703103], [13.48906178, 52.46697616], [13.49158302, 52.46519132], [13.49199382, 52.46544922], [13.48931887, 52.46725417], [13.48907271, 52.46703103]]]]}}, {"type": "Feature", "properties": {"id": "versorggruen_2020.1501201011000200", "styp_id": "1501201011000200", "sst_name": "Bebauung mit überwiegender Nutzung durch Gemeinbedarf und Sondernutzung, Verkehrsflächen ohne Straßen", "voeff_name": "schlecht versorgter Bereich", "vpriv_name": "mittel: Zeilen oder kompakte Siedlung", "versorg_sst": 8, "esst_name": "Development with predominantly public and special use or non-street traffic area", "evoeff_name": "poor availability", "evpriv_name": "medium: row development or compact settlement"}, "geometry": {"type": "MultiPolygon", "coordinates": [[[[13.4913081, 52.46446331], [13.49156124, 52.46429422], [13.49241148, 52.46379898], [13.49324317, 52.46469074], [13.49199382, 52.46544922], [13.49158302, 52.46519132], [13.49199859, 52.46489712], [13.4913081, 52.46446331]]]]}}, {"type": "Feature", "properties": {"id": "versorggruen_2020.1501201011000300", "styp_id": "1501201011000300", "sst_name": "Blockrand- und Zeilenbebauung der 20er und 30er Jahre", "voeff_name": "schlecht versorgter Bereich", "vpriv_name": "mittel: Zeilen oder kompakte Siedlung", "versorg_sst": 8, "esst_name": "Block-edge and row development of the 1920s and 1930s", "evoeff_name": "poor availability", "evpriv_name": "medium: row development or compact settlement"}, "geometry": {"type": "MultiPolygon", "coordinates": [[[[13.49001767, 52.46361606], [13.49131003, 52.46271523], [13.4919628, 52.46331893], [13.49241148, 52.46379898], [13.49156124, 52.46429422], [13.4913081, 52.46446331], [13.49003273, 52.46366201], [13.49001767, 52.46361606]]]]}}, {"type": "Feature", "properties": {"id": "versorggruen_2020.1501201021000000", "styp_id": "1501201021000000", "sst_name": "Blockrand- und Zeilenbebauung der 20er und 30er Jahre", "voeff_name": "versorgter Bereich", "vpriv_name": "mittel: Zeilen oder kompakte Siedlung", "versorg_sst": 2, "esst_name": "Block-edge and row development of the 1920s and 1930s", "evoeff_name": "good availability", "evpriv_name": "medium: row development or compact settlement"}, "geometry": {"type": "MultiPolygon", "coordinates": [[[[13.49004825, 52.46786467], [13.49005094, 52.46779617], [13.49123957, 52.46696361], [13.49141833, 52.46694442], [13.4919593, 52.46724589], [13.49194102, 52.46733023], [13.49070368, 52.46816212], [13.49063337, 52.4681394], [13.49052733, 52.46821563], [13.49047301, 52.4682167], [13.49004825, 52.46786467]]]]}}, {"type": "Feature", "properties": {"id": "versorggruen_2020.1501201031000000", "styp_id": "1501201031000000", "sst_name": "Blockrand- und Zeilenbebauung der 20er und 30er Jahre", "voeff_name": "versorgter Bereich", "vpriv_name": "mittel: Zeilen oder kompakte Siedlung", "versorg_sst": 2, "esst_name": "Block-edge and row development of the 1920s and 1930s", "evoeff_name": "good availability", "evpriv_name": "medium: row development or compact settlement"}, "geometry": {"type": "MultiPolygon", "coordinates": [[[[13.49069535, 52.46833409], [13.49210354, 52.46739084], [13.49219503, 52.46739899], [13.49265236, 52.46763526], [13.49260604, 52.46767004], [13.49277895, 52.46775252], [13.49258971, 52.46789617], [13.49268742, 52.46793796], [13.49164654, 52.46863277], [13.49153592, 52.46858662], [13.49124103, 52.46879331], [13.49103388, 52.46867896], [13.49075088, 52.46844059], [13.49069535, 52.46833409]]]]}}, {"type": "Feature", "properties": {"id": "versorggruen_2020.1501201041000000", "styp_id": "1501201041000000", "sst_name": "Blockrand- und Zeilenbebauung der 20er und 30er Jahre", "voeff_name": "versorgter Bereich", "vpriv_name": "mittel: Zeilen oder kompakte Siedlung", "versorg_sst": 2, "esst_name": "Block-edge and row development of the 1920s and 1930s", "evoeff_name": "good availability", "evpriv_name": "medium: row development or compact settlement"}, "geometry": {"type": "MultiPolygon", "coordinates": [[[[13.49310341, 52.46766674], [13.49300911, 52.46766432], [13.49234739, 52.46728797], [13.49236117, 52.467223], [13.49405055, 52.46608883], [13.49413478, 52.46609116], [13.49456979, 52.46661062], [13.49452431, 52.46669175], [13.49310341, 52.46766674]]]]}}, {"type": "Feature", "properties": {"id": "versorggruen_2020.1501201051000000", "styp_id": "1501201051000000", "sst_name": "Blockrand- und Zeilenbebauung der 20er und 30er Jahre", "voeff_name": "versorgter Bereich", "vpriv_name": "mittel: Zeilen oder kompakte Siedlung", "versorg_sst": 2, "esst_name": "Block-edge and row development of the 1920s and 1930s", "evoeff_name": "good availability", "evpriv_name": "medium: row development or compact settlement"}, "geometry": {"type": "MultiPolygon", "coordinates": [[[[13.49152522, 52.46671651], [13.49343896, 52.46538852], [13.493528, 52.4654115], [13.49395946, 52.46592634], [13.49394056, 52.46597867], [13.49221024, 52.46715342], [13.49211072, 52.46715887], [13.49154915, 52.4668571], [13.49152522, 52.46671651]]]]}}, {"type": "Feature", "properties": {"id": "versorggruen_2020.1501206011000000", "styp_id": "1501206011000000", "sst_name": "Blockrand- und Zeilenbebauung der 20er und 30er Jahre", "voeff_name": "versorgter Bereich", "vpriv_name": "mittel: Zeilen oder kompakte Siedlung", "versorg_sst": 2, "esst_name": "Block-edge and row development of the 1920s and 1930s", "evoeff_name": "good availability", "evpriv_name": "medium: row development or compact settlement"}, "geometry": {"type": "MultiPolygon", "coordinates": [[[[13.49173998, 52.469107], [13.49180263, 52.46904997], [13.49190474, 52.46897825], [13.4933037, 52.46803775], [13.49377305, 52.46830276], [13.49243577, 52.4697746], [13.49175905, 52.46920598], [13.49172744, 52.4691518], [13.49173998, 52.469107]]]]}}, {"type": "Feature", "properties": {"id": "versorggruen_2020.1501206021000200", "styp_id": "1501206021000200", "sst_name": "Siedlungsbebauung der 90er Jahre", "voeff_name": "versorgter Bereich", "vpriv_name": "mittel: Zeilen oder kompakte Siedlung", "versorg_sst": 2, "esst_name": "Residential development of the 1990s", "evoeff_name": "good availability", "evpriv_name": "medium: row development or compact settlement"}, "geometry": {"type": "MultiPolygon", "coordinates": [[[[13.45618459, 52.49692262], [13.45734867, 52.49668808], [13.45671944, 52.49554577], [13.45747692, 52.49538892], [13.45763708, 52.4953203], [13.45784922, 52.49573881], [13.45815791, 52.49560695], [13.45928011, 52.49658551], [13.45631902, 52.49717422], [13.45618459, 52.49692262]]]]}}, {"type": "Feature", "properties": {"id": "versorggruen_2020.1501206031000100", "styp_id": "1501206031000100", "sst_name": "Siedlungsbebauung der 90er Jahre", "voeff_name": "versorgter Bereich", "vpriv_name": "mittel: Zeilen oder kompakte Siedlung", "versorg_sst": 2, "esst_name": "Residential development of the 1990s", "evoeff_name": "good availability", "evpriv_name": "medium: row development or compact settlement"}, "geometry": {"type": "MultiPolygon", "coordinates": [[[[13.45566749, 52.49575965], [13.45650351, 52.49558967], [13.45681472, 52.4961598], [13.45598014, 52.49632964], [13.45566749, 52.49575965]]]]}}, {"type": "Feature", "properties": {"id": "versorggruen_2020.1501206041000000", "styp_id": "1501206041000000", "sst_name": "Zeilenbebauung seit den 50er Jahren", "voeff_name": "versorgter Bereich", "vpriv_name": "mittel: Zeilen oder kompakte Siedlung", "versorg_sst": 1, "esst_name": "Row development since the 1950s", "evoeff_name": "good availability", "evpriv_name": "medium: row development or compact settlement"}, "geometry": {"type": "MultiPolygon", "coordinates": [[[[13.47396596, 52.4786632], [13.47485578, 52.47803589], [13.47498025, 52.47809556], [13.47690068, 52.47674732], [13.47817661, 52.47742714], [13.47835903, 52.47754425], [13.47582298, 52.47927224], [13.47488955, 52.47885337], [13.47478276, 52.47884222], [13.47462939, 52.47886544], [13.47452268, 52.47886571], [13.47430904, 52.47883771], [13.47396596, 52.4786632]]]]}}, {"type": "Feature", "properties": {"id": "versorggruen_2020.1501206061000300", "styp_id": "1501206061000300", "sst_name": "Zeilenbebauung seit den 50er Jahren", "voeff_name": "versorgter Bereich", "vpriv_name": "mittel: Zeilen oder kompakte Siedlung", "versorg_sst": 2, "esst_name": "Row development since the 1950s", "evoeff_name": "good availability", "evpriv_name": "medium: row development or compact settlement"}, "geometry": {"type": "MultiPolygon", "coordinates": [[[[13.47717077, 52.46851272], [13.47717325, 52.4685505], [13.4754923, 52.46972909], [13.4755647, 52.46975788], [13.47658619, 52.46903933], [13.47662866, 52.46903938], [13.47812825, 52.4698417], [13.47875719, 52.46940085], [13.47882071, 52.46936977], [13.48035719, 52.4701884], [13.48033091, 52.47021846], [13.47921308, 52.47096277], [13.47888626, 52.47082366], [13.47883533, 52.47095857], [13.47856014, 52.47089819], [13.47432346, 52.47033577], [13.47482961, 52.46982862], [13.47433556, 52.46963003], [13.47443829, 52.46952251], [13.47439287, 52.46950161], [13.47447276, 52.46942184], [13.47450116, 52.4694323], [13.47475225, 52.46917563], [13.47472386, 52.46916171], [13.47480372, 52.46908888], [13.47482074, 52.46910279], [13.4749063, 52.4690265], [13.47479843, 52.46897427], [13.47536878, 52.46847839], [13.47539718, 52.46848884], [13.47700531, 52.46714344], [13.47699403, 52.46711564], [13.47764382, 52.46665458], [13.47766651, 52.46667197], [13.47784324, 52.46653676], [13.47775813, 52.46648108], [13.47784936, 52.46640827], [13.47787774, 52.4664222], [13.47817979, 52.46621768], [13.47815708, 52.46620723], [13.47824829, 52.46613789], [13.47827102, 52.46614487], [13.47847046, 52.46601662], [13.47844775, 52.46600617], [13.47911456, 52.4655486], [13.47914293, 52.465566], [13.47920012, 52.46546536], [13.47914336, 52.4654375], [13.47926874, 52.46535084], [13.47913926, 52.46496172], [13.47918482, 52.46474514], [13.47984424, 52.46480002], [13.47980363, 52.46497673], [13.47987759, 52.46499577], [13.47986909, 52.46504601], [13.47994464, 52.46505934], [13.48003603, 52.46501579], [13.4803513, 52.46516952], [13.4806992, 52.46533916], [13.47695369, 52.46798472], [13.47664816, 52.46819099], [13.47651923, 52.46822214], [13.47637331, 52.46823393], [13.47627781, 52.4682296], [13.47626526, 52.46830841], [13.47663242, 52.46834971], [13.47689305, 52.46841297], [13.47717077, 52.46851272]]]]}}, {"type": "Feature", "properties": {"id": "versorggruen_2020.1501206071000000", "styp_id": "1501206071000000", "sst_name": "Zeilenbebauung seit den 50er Jahren", "voeff_name": "versorgter Bereich", "vpriv_name": "mittel: Zeilen oder kompakte Siedlung", "versorg_sst": 2, "esst_name": "Row development since the 1950s", "evoeff_name": "good availability", "evpriv_name": "medium: row development or compact settlement"}, "geometry": {"type": "MultiPolygon", "coordinates": [[[[13.47734119, 52.46858144], [13.47870152, 52.46930626], [13.47869312, 52.46934178], [13.47814812, 52.46972132], [13.47812896, 52.46973151], [13.47809406, 52.46973287], [13.47673611, 52.46900377], [13.47673927, 52.46896143], [13.47727712, 52.46859022], [13.47734119, 52.46858144]]]]}}, {"type": "Feature", "properties": {"id": "versorggruen_2020.1501210031000200", "styp_id": "1501210031000200", "sst_name": "geringe Bebauung mit überwiegender Nutzung durch Gewerbe und Industrie", "voeff_name": "versorgter Bereich", "vpriv_name": "gering: Blockrandbebauung", "versorg_sst": 3, "esst_name": "Sparse development with predominantly commercial and industrial use", "evoeff_name": "good availability", "evpriv_name": "low: Wilhelminian-period block-edge development"}, "geometry": {"type": "MultiPolygon", "coordinates": [[[[13.47359233, 52.48839784], [13.47354585, 52.48835672], [13.47345522, 52.48824548], [13.47334542, 52.48803897], [13.47330056, 52.48785239], [13.47417914, 52.4875797], [13.47579247, 52.48726428], [13.47614364, 52.48722901], [13.4764296, 52.48725319], [13.47669432, 52.48730316], [13.4765516, 52.48743107], [13.47638229, 52.48754381], [13.47622497, 52.48762355], [13.47603972, 52.4876962], [13.47379297, 52.48837372], [13.47376927, 52.48834498], [13.47359233, 52.48839784]]]]}}, {"type": "Feature", "properties": {"id": "versorggruen_2020.1501220021000000", "styp_id": "1501220021000000", "sst_name": "geringe Bebauung mit überwiegender Nutzung durch Gewerbe und Industrie", "voeff_name": "nicht versorgter Bereich", "vpriv_name": "gering: Blockrandbebauung", "versorg_sst": 12, "esst_name": "Sparse development with predominantly commercial and industrial use", "evoeff_name": "no availability", "evpriv_name": "low: Wilhelminian-period block-edge development"}, "geometry": {"type": "MultiPolygon", "coordinates": [[[[13.49384407, 52.46484669], [13.49429264, 52.46454089], [13.49642257, 52.46339691], [13.49723993, 52.46295117], [13.49784911, 52.46260651], [13.49852873, 52.46218625], [13.4996208, 52.46146771], [13.49973112, 52.46147383], [13.49980768, 52.46143147], [13.49983076, 52.46131976], [13.50087171, 52.46061534], [13.50101757, 52.46057396], [13.50104168, 52.46048284], [13.50189229, 52.46099948], [13.50239042, 52.46130781], [13.50239255, 52.46133724], [13.4973945, 52.46470704], [13.49746176, 52.46475945], [13.49680167, 52.46520855], [13.49673005, 52.46517094], [13.49516447, 52.46625663], [13.49384407, 52.46484669]]]]}}, {"type": "Feature", "properties": {"id": "versorggruen_2020.1501240021000000", "styp_id": "1501240021000000", "sst_name": "Zeilenbebauung seit den 50er Jahren", "voeff_name": "versorgter Bereich", "vpriv_name": "mittel: Zeilen oder kompakte Siedlung", "versorg_sst": 1, "esst_name": "Row development since the 1950s", "evoeff_name": "good availability", "evpriv_name": "medium: row development or compact settlement"}, "geometry": {"type": "MultiPolygon", "coordinates": [[[[13.49548178, 52.45470837], [13.49819874, 52.45338502], [13.49762464, 52.45281456], [13.4986403, 52.45230821], [13.49986853, 52.45324767], [13.50260405, 52.45531906], [13.49939247, 52.45687304], [13.49658034, 52.45531616], [13.49547524, 52.45471155], [13.49548178, 52.45470837]]]]}}, {"type": "Feature", "properties": {"id": "versorggruen_2020.1501240101000200", "styp_id": "1501240101000200", "sst_name": "geringe Bebauung mit überwiegender Nutzung durch Gewerbe und Industrie", "voeff_name": "nicht versorgter Bereich", "vpriv_name": "gering: Blockrandbebauung", "versorg_sst": 12, "esst_name": "Sparse development with predominantly commercial and industrial use", "evoeff_name": "no availability", "evpriv_name": "low: Wilhelminian-period block-edge development"}, "geometry": {"type": "MultiPolygon", "coordinates": [[[[13.46454718, 52.45168], [13.4663381, 52.45088095], [13.46735284, 52.45116011], [13.46683238, 52.4517994], [13.46615967, 52.45183032], [13.46607531, 52.45182874], [13.46550444, 52.451818], [13.46460072, 52.4516978], [13.46454718, 52.45168]]]]}}, {"type": "Feature", "properties": {"id": "versorggruen_2020.1501240121000200", "styp_id": "1501240121000200", "sst_name": "niedrige Bebauung mit Hausgärten", "voeff_name": "versorgter Bereich", "vpriv_name": "hoch: aufgelockerte Siedlungsbebauung", "versorg_sst": 1, "esst_name": "Low buildings with yards", "evoeff_name": "good availability", "evpriv_name": "high: loose settlement development"}, "geometry": {"type": "MultiPolygon", "coordinates": [[[[13.47574175, 52.44911373], [13.47607341, 52.44889588], [13.47868441, 52.4502242], [13.47814126, 52.45048943], [13.47785428, 52.45022871], [13.47574175, 52.44911373]]]]}}, {"type": "Feature", "properties": {"id": "versorggruen_2020.1501240131000100", "styp_id": "1501240131000100", "sst_name": "niedrige Bebauung mit Hausgärten", "voeff_name": "versorgter Bereich", "vpriv_name": "hoch: aufgelockerte Siedlungsbebauung", "versorg_sst": 1, "esst_name": "Low buildings with yards", "evoeff_name": "good availability", "evpriv_name": "high: loose settlement development"}, "geometry": {"type": "MultiPolygon", "coordinates": [[[[13.47773576, 52.44783451], [13.47790083, 52.4480499], [13.47771842, 52.44809419], [13.4778834, 52.4482713], [13.47706974, 52.44881646], [13.47921841, 52.44990567], [13.47877198, 52.45014435], [13.47620978, 52.4488476], [13.47773576, 52.44783451]]]]}}, {"type": "Feature", "properties": {"id": "versorggruen_2020.1501240141000000", "styp_id": "1501240141000000", "sst_name": "niedrige Bebauung mit Hausgärten", "voeff_name": "versorgter Bereich", "vpriv_name": "hoch: aufgelockerte Siedlungsbebauung", "versorg_sst": 1, "esst_name": "Low buildings with yards", "evoeff_name": "good availability", "evpriv_name": "high: loose settlement development"}, "geometry": {"type": "MultiPolygon", "coordinates": [[[[13.47888275, 52.45024088], [13.47951841, 52.44989616], [13.4803025, 52.44950561], [13.48126288, 52.45057671], [13.48175477, 52.45128508], [13.48147715, 52.45133917], [13.48111907, 52.45143663], [13.48084534, 52.45153309], [13.48060911, 52.45162897], [13.48035902, 52.45174294], [13.47888275, 52.45024088]]]]}}, {"type": "Feature", "properties": {"id": "versorggruen_2020.1501240171000000", "styp_id": "1501240171000000", "sst_name": "niedrige Bebauung mit Hausgärten", "voeff_name": "versorgter Bereich", "vpriv_name": "hoch: aufgelockerte Siedlungsbebauung", "versorg_sst": 1, "esst_name": "Low buildings with yards", "evoeff_name": "good availability", "evpriv_name": "high: loose settlement development"}, "geometry": {"type": "MultiPolygon", "coordinates": [[[[13.48245306, 52.45203202], [13.48196219, 52.45134425], [13.48560758, 52.45097473], [13.48624986, 52.4508607], [13.48731003, 52.4505661], [13.48811562, 52.45127269], [13.48811419, 52.45131842], [13.48635946, 52.45176805], [13.48601636, 52.4518352], [13.48571682, 52.45187524], [13.48541128, 52.45190739], [13.48381885, 52.45194071], [13.48324164, 52.45194452], [13.48293926, 52.4519628], [13.48267943, 52.4519943], [13.48245306, 52.45203202]]]]}}, {"type": "Feature", "properties": {"id": "versorggruen_2020.1501240181000000", "styp_id": "1501240181000000", "sst_name": "niedrige Bebauung mit Hausgärten", "voeff_name": "versorgter Bereich", "vpriv_name": "hoch: aufgelockerte Siedlungsbebauung", "versorg_sst": 1, "esst_name": "Low buildings with yards", "evoeff_name": "good availability", "evpriv_name": "high: loose settlement development"}, "geometry": {"type": "MultiPolygon", "coordinates": [[[[13.48043438, 52.4494413], [13.48154116, 52.44890129], [13.48215983, 52.4495327], [13.48271419, 52.45013339], [13.48345579, 52.45101248], [13.48347477, 52.45109853], [13.48228088, 52.4512016], [13.4819038, 52.4512599], [13.48153826, 52.45071467], [13.48043438, 52.4494413]]]]}}, {"type": "Feature", "properties": {"id": "versorggruen_2020.1501240191000000", "styp_id": "1501240191000000", "sst_name": "niedrige Bebauung mit Hausgärten", "voeff_name": "versorgter Bereich", "vpriv_name": "hoch: aufgelockerte Siedlungsbebauung", "versorg_sst": 1, "esst_name": "Low buildings with yards", "evoeff_name": "good availability", "evpriv_name": "high: loose settlement development"}, "geometry": {"type": "MultiPolygon", "coordinates": [[[[13.48167109, 52.44883924], [13.48285488, 52.44833927], [13.48537618, 52.45080666], [13.48540337, 52.45089982], [13.48368176, 52.45107651], [13.48167109, 52.44883924]]]]}}, {"type": "Feature", "properties": {"id": "versorggruen_2020.1501240201000000", "styp_id": "1501240201000000", "sst_name": "niedrige Bebauung mit Hausgärten", "voeff_name": "versorgter Bereich", "vpriv_name": "hoch: aufgelockerte Siedlungsbebauung", "versorg_sst": 1, "esst_name": "Low buildings with yards", "evoeff_name": "good availability", "evpriv_name": "high: loose settlement development"}, "geometry": {"type": "MultiPolygon", "coordinates": [[[[13.48298982, 52.44829215], [13.48415842, 52.44779651], [13.4871856, 52.45047595], [13.48695972, 52.45056484], [13.48611354, 52.45079477], [13.48561366, 52.45087293], [13.48422667, 52.44949505], [13.48298982, 52.44829215]]]]}}, {"type": "Feature", "properties": {"id": "versorggruen_2020.1501240471000300", "styp_id": "1501240471000300", "sst_name": "niedrige Bebauung mit Hausgärten", "voeff_name": "versorgter Bereich", "vpriv_name": "hoch: aufgelockerte Siedlungsbebauung", "versorg_sst": 1, "esst_name": "Low buildings with yards", "evoeff_name": "good availability", "evpriv_name": "high: loose settlement development"}, "geometry": {"type": "MultiPolygon", "coordinates": [[[[13.4685818, 52.4549802], [13.46866687, 52.45426513], [13.46880683, 52.45333663], [13.46957807, 52.45336841], [13.46944458, 52.4527607], [13.46948681, 52.45228105], [13.46950438, 52.45218031], [13.46955988, 52.4520804], [13.46985323, 52.45211299], [13.47020754, 52.45221917], [13.47089277, 52.45290806], [13.47234594, 52.45432593], [13.4720948, 52.4544655], [13.47179875, 52.45531428], [13.47175372, 52.45530698], [13.47032671, 52.45507548], [13.46918622, 52.455], [13.4685818, 52.4549802]]]]}}, {"type": "Feature", "properties": {"id": "versorggruen_2020.1501240471000500", "styp_id": "1501240471000500", "sst_name": "niedrige Bebauung mit Hausgärten", "voeff_name": "versorgter Bereich", "vpriv_name": "hoch: aufgelockerte Siedlungsbebauung", "versorg_sst": 1, "esst_name": "Low buildings with yards", "evoeff_name": "good availability", "evpriv_name": "high: loose settlement development"}, "geometry": {"type": "MultiPolygon", "coordinates": [[[[13.45958924, 52.45717581], [13.46008533, 52.45646874], [13.46038702, 52.45612745], [13.46056399, 52.45589672], [13.46090589, 52.45537258], [13.46195973, 52.45565689], [13.46158448, 52.45585048], [13.46138492, 52.45593657], [13.46124256, 52.45601673], [13.46120678, 52.45604483], [13.46080134, 52.45658907], [13.46057311, 52.4569492], [13.46051088, 52.45706912], [13.46042891, 52.45734962], [13.45958924, 52.45717581]]]]}}, {"type": "Feature", "properties": {"id": "versorggruen_2020.1501240561000200", "styp_id": "1501240561000200", "sst_name": "Zeilenbebauung seit den 50er Jahren", "voeff_name": "versorgter Bereich", "vpriv_name": "mittel: Zeilen oder kompakte Siedlung", "versorg_sst": 1, "esst_name": "Row development since the 1950s", "evoeff_name": "good availability", "evpriv_name": "medium: row development or compact settlement"}, "geometry": {"type": "MultiPolygon", "coordinates": [[[[13.49936346, 52.45731454], [13.50426068, 52.4549381], [13.50477111, 52.45536009], [13.50473514, 52.45538935], [13.50481939, 52.45546198], [13.50456148, 52.45558352], [13.50457281, 52.45562214], [13.50429381, 52.4558812], [13.50388305, 52.45616451], [13.50342713, 52.45644412], [13.50295343, 52.45677892], [13.50250596, 52.45711435], [13.50202607, 52.45754867], [13.50154423, 52.45801844], [13.50109612, 52.45786373], [13.50087295, 52.45807941], [13.50020533, 52.4578212], [13.5006189, 52.45759591], [13.50080824, 52.45766227], [13.50085572, 52.45762924], [13.50097066, 52.45767484], [13.50098427, 52.45765005], [13.50114659, 52.45769571], [13.50122799, 52.45763377], [13.50152551, 52.45774159], [13.50239414, 52.45695688], [13.50289608, 52.45658113], [13.50331655, 52.45629212], [13.50356058, 52.45616419], [13.50360137, 52.45610221], [13.50387933, 52.45594124], [13.50346725, 52.45565137], [13.49956277, 52.45745688], [13.49936346, 52.45731454]]]]}}, {"type": "Feature", "properties": {"id": "versorggruen_2020.1501240571000100", "styp_id": "1501240571000100", "sst_name": "niedrige Bebauung mit Hausgärten", "voeff_name": "versorgter Bereich", "vpriv_name": "hoch: aufgelockerte Siedlungsbebauung", "versorg_sst": 1, "esst_name": "Low buildings with yards", "evoeff_name": "good availability", "evpriv_name": "high: loose settlement development"}, "geometry": {"type": "MultiPolygon", "coordinates": [[[[13.49768744, 52.45816124], [13.49769563, 52.45811225], [13.49924881, 52.45738071], [13.4996682, 52.45770739], [13.49987625, 52.45781991], [13.50004339, 52.4578808], [13.49994988, 52.45793535], [13.49971103, 52.45817404], [13.49976769, 52.45878231], [13.49919757, 52.45909199], [13.49768744, 52.45816124]]]]}}, {"type": "Feature", "properties": {"id": "versorggruen_2020.1501240571000300", "styp_id": "1501240571000300", "sst_name": "Blockrand- und Zeilenbebauung der 20er und 30er Jahre", "voeff_name": "versorgter Bereich", "vpriv_name": "mittel: Zeilen oder kompakte Siedlung", "versorg_sst": 1, "esst_name": "Block-edge and row development of the 1920s and 1930s", "evoeff_name": "good availability", "evpriv_name": "medium: row development or compact settlement"}, "geometry": {"type": "MultiPolygon", "coordinates": [[[[13.49919757, 52.45909199], [13.49976769, 52.45878231], [13.49971103, 52.45817404], [13.49994988, 52.45793535], [13.50004339, 52.4578808], [13.50136927, 52.45837144], [13.50240403, 52.45735624], [13.50285676, 52.45697731], [13.50331539, 52.45664051], [13.50360006, 52.4564556], [13.5041468, 52.45612053], [13.50453652, 52.45582849], [13.50469572, 52.45568146], [13.50535719, 52.45535558], [13.50526195, 52.45525114], [13.50502756, 52.45535737], [13.50493593, 52.45528718], [13.5048904, 52.45531205], [13.50435351, 52.454886], [13.50810539, 52.45306333], [13.50860591, 52.45344768], [13.50752326, 52.45414366], [13.50651791, 52.45476872], [13.50579862, 52.45522162], [13.50636462, 52.45557908], [13.50548924, 52.45612989], [13.50493182, 52.45634499], [13.50468359, 52.45651599], [13.50354602, 52.45747849], [13.50178821, 52.45875045], [13.50169328, 52.45883224], [13.50056594, 52.45962681], [13.5010644, 52.45983846], [13.50075825, 52.46005148], [13.49919757, 52.45909199]]]]}}, {"type": "Feature", "properties": {"id": "versorggruen_2020.1501246071000100", "styp_id": "1501246071000100", "sst_name": "niedrige Bebauung mit Hausgärten", "voeff_name": "versorgter Bereich", "vpriv_name": "hoch: aufgelockerte Siedlungsbebauung", "versorg_sst": 1, "esst_name": "Low buildings with yards", "evoeff_name": "good availability", "evpriv_name": "high: loose settlement development"}, "geometry": {"type": "MultiPolygon", "coordinates": [[[[13.47826571, 52.45059507], [13.47877597, 52.45032164], [13.48025844, 52.45182031], [13.48007256, 52.45192153], [13.47988457, 52.45203649], [13.47826571, 52.45059507]]]]}}, {"type": "Feature", "properties": {"id": "versorggruen_2020.1501246071000200", "styp_id": "1501246071000200", "sst_name": "niedrige Bebauung mit Hausgärten", "voeff_name": "versorgter Bereich", "vpriv_name": "hoch: aufgelockerte Siedlungsbebauung", "versorg_sst": 1, "esst_name": "Low buildings with yards", "evoeff_name": "good availability", "evpriv_name": "high: loose settlement development"}, "geometry": {"type": "MultiPolygon", "coordinates": [[[[13.47826571, 52.45059507], [13.47988457, 52.45203649], [13.47936337, 52.45226903], [13.47893404, 52.45188765], [13.47933835, 52.45171039], [13.47929529, 52.45167306], [13.47888665, 52.45184799], [13.47844138, 52.45146134], [13.47889415, 52.451273], [13.4788383, 52.45122654], [13.47838542, 52.45141102], [13.47800191, 52.45107369], [13.47845432, 52.45088544], [13.47840267, 52.45084177], [13.47795364, 52.45103259], [13.47771363, 52.45081952], [13.47826571, 52.45059507]]]]}}, {"type": "Feature", "properties": {"id": "versorggruen_2020.1501246081000100", "styp_id": "1501246081000100", "sst_name": "niedrige Bebauung mit Hausgärten", "voeff_name": "versorgter Bereich", "vpriv_name": "hoch: aufgelockerte Siedlungsbebauung", "versorg_sst": 1, "esst_name": "Low buildings with yards", "evoeff_name": "good availability", "evpriv_name": "high: loose settlement development"}, "geometry": {"type": "MultiPolygon", "coordinates": [[[[13.47988599, 52.45272704], [13.48038212, 52.45246666], [13.47997527, 52.45211726], [13.48059999, 52.45176032], [13.48103039, 52.45158964], [13.48145376, 52.45145315], [13.48179939, 52.45138523], [13.48227332, 52.45207503], [13.48150271, 52.45231828], [13.48076663, 52.45281704], [13.48079322, 52.45285404], [13.48044513, 52.45311095], [13.48015668, 52.45295147], [13.47988599, 52.45272704]]]]}}, {"type": "Feature", "properties": {"id": "versorggruen_2020.1501246081000200", "styp_id": "1501246081000200", "sst_name": "niedrige Bebauung mit Hausgärten", "voeff_name": "versorgter Bereich", "vpriv_name": "hoch: aufgelockerte Siedlungsbebauung", "versorg_sst": 1, "esst_name": "Low buildings with yards", "evoeff_name": "good availability", "evpriv_name": "high: loose settlement development"}, "geometry": {"type": "MultiPolygon", "coordinates": [[[[13.47988599, 52.45272704], [13.47969187, 52.45255504], [13.4801385, 52.45236563], [13.48008343, 52.45231577], [13.47963449, 52.45250371], [13.47945528, 52.45234817], [13.47997527, 52.45211726], [13.48038212, 52.45246666], [13.47988599, 52.45272704]]]]}}, {"type": "Feature", "properties": {"id": "versorggruen_2020.1501246761000300", "styp_id": "1501246761000300", "sst_name": "niedrige Bebauung mit Hausgärten", "voeff_name": "versorgter Bereich", "vpriv_name": "hoch: aufgelockerte Siedlungsbebauung", "versorg_sst": 1, "esst_name": "Low buildings with yards", "evoeff_name": "good availability", "evpriv_name": "high: loose settlement development"}, "geometry": {"type": "MultiPolygon", "coordinates": [[[[13.4752173, 52.45086463], [13.47547659, 52.44941269], [13.47574175, 52.44911373], [13.47785428, 52.45022871], [13.47814126, 52.45048943], [13.47757551, 52.4507098], [13.47734173, 52.45052061], [13.47771923, 52.45024809], [13.47766312, 52.45021902], [13.47729056, 52.45048637], [13.47703311, 52.45031669], [13.47738244, 52.45005494], [13.47732385, 52.45002573], [13.4769663, 52.4502813], [13.47664974, 52.45011815], [13.47698036, 52.44988427], [13.47692465, 52.44985492], [13.47659437, 52.45008873], [13.47634844, 52.44996175], [13.4766867, 52.44972016], [13.47660614, 52.44967972], [13.47626358, 52.44991726], [13.47600508, 52.44978351], [13.47628004, 52.44958295], [13.47622358, 52.44955414], [13.47594966, 52.44975573], [13.47570771, 52.44962928], [13.47603498, 52.44938543], [13.47598006, 52.44935623], [13.47567122, 52.44957545], [13.47561417, 52.44954903], [13.47551339, 52.44961788], [13.47549837, 52.4496966], [13.475563, 52.44972499], [13.4757171, 52.44972303], [13.47643813, 52.45009505], [13.47646461, 52.45017658], [13.47628819, 52.45042107], [13.47548035, 52.45000809], [13.47543312, 52.45004255], [13.47625707, 52.45046402], [13.47615898, 52.45066741], [13.47601567, 52.45074342], [13.47537119, 52.45041122], [13.4753435, 52.45055992], [13.47547715, 52.45055225], [13.47601904, 52.45083082], [13.47584754, 52.45115352], [13.47529262, 52.45084139], [13.47526327, 52.45088588], [13.4752173, 52.45086463]]]]}}, {"type": "Feature", "properties": {"id": "versorggruen_2020.1501246761000400", "styp_id": "1501246761000400", "sst_name": "niedrige Bebauung mit Hausgärten", "voeff_name": "versorgter Bereich", "vpriv_name": "hoch: aufgelockerte Siedlungsbebauung", "versorg_sst": 1, "esst_name": "Low buildings with yards", "evoeff_name": "good availability", "evpriv_name": "high: loose settlement development"}, "geometry": {"type": "MultiPolygon", "coordinates": [[[[13.47655705, 52.45167586], [13.47664351, 52.45163611], [13.47670217, 52.45168673], [13.47704341, 52.45153856], [13.47732052, 52.45178332], [13.47739138, 52.45174911], [13.47711627, 52.45150758], [13.47748474, 52.45135091], [13.47775505, 52.45158822], [13.47782835, 52.45155643], [13.47755837, 52.4513152], [13.47788871, 52.45117391], [13.4785634, 52.45176304], [13.47737127, 52.45227122], [13.47742781, 52.45232073], [13.47776202, 52.4521757], [13.47805184, 52.45243207], [13.47812277, 52.45240214], [13.47783506, 52.45214499], [13.47820584, 52.45198907], [13.47849231, 52.45224477], [13.47856814, 52.45221334], [13.4782812, 52.45195738], [13.47862359, 52.4518134], [13.47928044, 52.45239643], [13.47805875, 52.45289507], [13.47812526, 52.45296019], [13.47848496, 52.45281459], [13.47874704, 52.4530389], [13.47881766, 52.45300807], [13.47855757, 52.45278344], [13.47892588, 52.45262543], [13.47918741, 52.45285453], [13.47926329, 52.45282163], [13.47900076, 52.45259331], [13.47934417, 52.4524547], [13.47974635, 52.4528053], [13.47847435, 52.45337967], [13.47655705, 52.45167586]]]]}}, {"type": "Feature", "properties": {"id": "versorggruen_2020.1501246761000500", "styp_id": "1501246761000500", "sst_name": "niedrige Bebauung mit Hausgärten", "voeff_name": "versorgter Bereich", "vpriv_name": "hoch: aufgelockerte Siedlungsbebauung", "versorg_sst": 1, "esst_name": "Low buildings with yards", "evoeff_name": "good availability", "evpriv_name": "high: loose settlement development"}, "geometry": {"type": "MultiPolygon", "coordinates": [[[[13.47620265, 52.45141453], [13.47637853, 52.45137181], [13.47697349, 52.45037706], [13.47725726, 52.45056376], [13.47747675, 52.45074027], [13.47743868, 52.45082364], [13.47746472, 52.45084694], [13.47755971, 52.45085636], [13.47785202, 52.45111326], [13.47664351, 52.45163611], [13.47655705, 52.45167586], [13.4762946, 52.45144222], [13.47620265, 52.45141453]]]]}}, {"type": "Feature", "properties": {"id": "versorggruen_2020.1501246771000000", "styp_id": "1501246771000000", "sst_name": "niedrige Bebauung mit Hausgärten", "voeff_name": "versorgter Bereich", "vpriv_name": "hoch: aufgelockerte Siedlungsbebauung", "versorg_sst": 1, "esst_name": "Low buildings with yards", "evoeff_name": "good availability", "evpriv_name": "high: loose settlement development"}, "geometry": {"type": "MultiPolygon", "coordinates": [[[[13.47665195, 52.45020545], [13.47687618, 52.45032379], [13.4762814, 52.45133761], [13.47620328, 52.45135387], [13.47593708, 52.45120271], [13.4761326, 52.45087354], [13.47622433, 52.45086245], [13.47625397, 52.45077509], [13.47623217, 52.45071456], [13.4765236, 52.45022417], [13.47665195, 52.45020545]]]]}}, {"type": "Feature", "properties": {"id": "versorggruen_2020.1701460031000000", "styp_id": "1701460031000000", "sst_name": "Zeilenbebauung seit den 50er Jahren", "voeff_name": "nicht versorgter Bereich", "vpriv_name": "mittel: Zeilen oder kompakte Siedlung", "versorg_sst": 11, "esst_name": "Row development since the 1950s", "evoeff_name": "no availability", "evpriv_name": "medium: row development or compact settlement"}, "geometry": {"type": "MultiPolygon", "coordinates": [[[[13.47544988, 52.50168245], [13.47543919, 52.50160687], [13.47843355, 52.50024442], [13.48066039, 52.49930642], [13.48174263, 52.49983933], [13.47995521, 52.50050225], [13.47890046, 52.50084341], [13.47835919, 52.50100557], [13.47835058, 52.50106991], [13.4777372, 52.50121804], [13.47645852, 52.50149132], [13.47544988, 52.50168245]]]]}}, {"type": "Feature", "properties": {"id": "versorggruen_2020.1701460041000100", "styp_id": "1701460041000100", "sst_name": "Zeilenbebauung seit den 50er Jahren", "voeff_name": "nicht versorgter Bereich", "vpriv_name": "mittel: Zeilen oder kompakte Siedlung", "versorg_sst": 11, "esst_name": "Row development since the 1950s", "evoeff_name": "no availability", "evpriv_name": "medium: row development or compact settlement"}, "geometry": {"type": "MultiPolygon", "coordinates": [[[[13.482131, 52.49969265], [13.48101979, 52.49914149], [13.4840547, 52.49765009], [13.48584698, 52.49684081], [13.48637953, 52.49726423], [13.4858883, 52.4976887], [13.48519956, 52.49833419], [13.48493676, 52.49852166], [13.48429662, 52.49886164], [13.482131, 52.49969265]]]]}}, {"type": "Feature", "properties": {"id": "versorggruen_2020.1701460071000100", "styp_id": "1701460071000100", "sst_name": "geringe Bebauung mit überwiegender Nutzung durch Gewerbe und Industrie", "voeff_name": "nicht versorgter Bereich", "vpriv_name": "gering: Blockrandbebauung", "versorg_sst": 12, "esst_name": "Sparse development with predominantly commercial and industrial use", "evoeff_name": "no availability", "evpriv_name": "low: Wilhelminian-period block-edge development"}, "geometry": {"type": "MultiPolygon", "coordinates": [[[[13.48882222, 52.49508428], [13.48987179, 52.49411565], [13.49189714, 52.49228667], [13.49349246, 52.49291632], [13.49274338, 52.4932799], [13.49292924, 52.49335545], [13.49044905, 52.49446238], [13.4889749, 52.49516442], [13.48882222, 52.49508428]]]]}}, {"type": "Feature", "properties": {"id": "versorggruen_2020.1701460071000300", "styp_id": "1701460071000300", "sst_name": "Blockrand- und Zeilenbebauung der 20er und 30er Jahre", "voeff_name": "nicht versorgter Bereich", "vpriv_name": "mittel: Zeilen oder kompakte Siedlung", "versorg_sst": 11, "esst_name": "Block-edge and row development of the 1920s and 1930s", "evoeff_name": "no availability", "evpriv_name": "medium: row development or compact settlement"}, "geometry": {"type": "MultiPolygon", "coordinates": [[[[13.49908605, 52.48538655], [13.50050039, 52.48406762], [13.50095467, 52.48366388], [13.50130705, 52.48337914], [13.50154173, 52.48340923], [13.50183768, 52.48348341], [13.50129477, 52.48403373], [13.49963392, 52.48558385], [13.49908605, 52.48538655]]]]}}, {"type": "Feature", "properties": {"id": "versorggruen_2020.1701460131000000", "styp_id": "1701460131000000", "sst_name": "Siedlungsbebauung der 90er Jahre", "voeff_name": "versorgter Bereich", "vpriv_name": "mittel: Zeilen oder kompakte Siedlung", "versorg_sst": 2, "esst_name": "Residential development of the 1990s", "evoeff_name": "good availability", "evpriv_name": "medium: row development or compact settlement"}, "geometry": {"type": "MultiPolygon", "coordinates": [[[[13.47725778, 52.50024833], [13.47683796, 52.49990128], [13.47955075, 52.49867909], [13.47997058, 52.49902605], [13.47725778, 52.50024833]]]]}}, {"type": "Feature", "properties": {"id": "versorggruen_2020.1701460141000700", "styp_id": "1701460141000700", "sst_name": "Siedlungsbebauung der 90er Jahre", "voeff_name": "versorgter Bereich", "vpriv_name": "mittel: Zeilen oder kompakte Siedlung", "versorg_sst": 2, "esst_name": "Residential development of the 1990s", "evoeff_name": "good availability", "evpriv_name": "medium: row development or compact settlement"}, "geometry": {"type": "MultiPolygon", "coordinates": [[[[13.4807296, 52.49661012], [13.47976986, 52.49705292], [13.47960996, 52.49692445], [13.47943572, 52.49700747], [13.47959198, 52.49713391], [13.47871442, 52.49754078], [13.47930984, 52.49802251], [13.47895164, 52.49818382], [13.47937586, 52.49853446], [13.47666451, 52.49975614], [13.47634826, 52.49949644], [13.47587426, 52.4997099], [13.47618923, 52.49997028], [13.47636411, 52.50011482], [13.47678393, 52.50046188], [13.47517622, 52.50118613], [13.4751144, 52.50117634], [13.47508438, 52.50117163], [13.47432392, 52.50015868], [13.47557475, 52.49965003], [13.47786363, 52.49861992], [13.47782583, 52.4980406], [13.4777741, 52.49801223], [13.47849759, 52.49723681], [13.47860864, 52.49732754], [13.47984076, 52.49676049], [13.47994706, 52.4968466], [13.48024509, 52.49670938], [13.48018312, 52.49665925], [13.4802194, 52.49664249], [13.48010016, 52.49654682], [13.48084738, 52.49619987], [13.48096956, 52.49629726], [13.48144693, 52.49607197], [13.48104915, 52.49574844], [13.48150175, 52.49554018], [13.48143603, 52.49549126], [13.48200463, 52.49522994], [13.48205853, 52.49527315], [13.48227765, 52.49517177], [13.4821261, 52.4950491], [13.48341151, 52.49445376], [13.48336465, 52.49441588], [13.48354337, 52.4943336], [13.483021, 52.49391135], [13.48359217, 52.49364555], [13.48380095, 52.49381418], [13.48411781, 52.49367073], [13.48432002, 52.49365201], [13.48434131, 52.4936692], [13.48584438, 52.49291859], [13.48631334, 52.49326628], [13.48498728, 52.49387838], [13.48463455, 52.49359287], [13.48439556, 52.49371206], [13.48474045, 52.49399194], [13.48422225, 52.49423007], [13.48358454, 52.49371358], [13.48346004, 52.49377101], [13.48410111, 52.49428822], [13.48352956, 52.49454926], [13.48347376, 52.49450408], [13.48325051, 52.49460689], [13.483829, 52.49506835], [13.48267393, 52.4956028], [13.48209772, 52.49586773], [13.48167523, 52.49551977], [13.48155303, 52.4955749], [13.48197839, 52.49592415], [13.48157593, 52.49610812], [13.48141608, 52.49618179], [13.48150463, 52.49625343], [13.4807296, 52.49661012]]]]}}, {"type": "Feature", "properties": {"id": "versorggruen_2020.1701466051000000", "styp_id": "1701466051000000", "sst_name": "Siedlungsbebauung der 90er Jahre", "voeff_name": "versorgter Bereich", "vpriv_name": "mittel: Zeilen oder kompakte Siedlung", "versorg_sst": 2, "esst_name": "Residential development of the 1990s", "evoeff_name": "good availability", "evpriv_name": "medium: row development or compact settlement"}, "geometry": {"type": "MultiPolygon", "coordinates": [[[[13.48079791, 52.49810954], [13.48125463, 52.49847909], [13.48047509, 52.49883777], [13.48001852, 52.49846822], [13.48079791, 52.49810954]]]]}}, {"type": "Feature", "properties": {"id": "versorggruen_2020.1701466061000000", "styp_id": "1701466061000000", "sst_name": "niedrige Bebauung mit Hausgärten", "voeff_name": "versorgter Bereich", "vpriv_name": "hoch: aufgelockerte Siedlungsbebauung", "versorg_sst": 1, "esst_name": "Low buildings with yards", "evoeff_name": "good availability", "evpriv_name": "high: loose settlement development"}, "geometry": {"type": "MultiPolygon", "coordinates": [[[[13.47964514, 52.49717693], [13.48062052, 52.49796608], [13.47984113, 52.49832485], [13.47886636, 52.49753574], [13.47964514, 52.49717693]]]]}}, {"type": "Feature", "properties": {"id": "versorggruen_2020.1701466071000000", "styp_id": "1701466071000000", "sst_name": "niedrige Bebauung mit Hausgärten", "voeff_name": "versorgter Bereich", "vpriv_name": "hoch: aufgelockerte Siedlungsbebauung", "versorg_sst": 1, "esst_name": "Low buildings with yards", "evoeff_name": "good availability", "evpriv_name": "high: loose settlement development"}, "geometry": {"type": "MultiPolygon", "coordinates": [[[[13.48097429, 52.49802843], [13.48175381, 52.49766966], [13.48222801, 52.49805352], [13.48144863, 52.49841229], [13.48097429, 52.49802843]]]]}}, {"type": "Feature", "properties": {"id": "versorggruen_2020.1701466081000000", "styp_id": "1701466081000000", "sst_name": "niedrige Bebauung mit Hausgärten", "voeff_name": "versorgter Bereich", "vpriv_name": "hoch: aufgelockerte Siedlungsbebauung", "versorg_sst": 1, "esst_name": "Low buildings with yards", "evoeff_name": "good availability", "evpriv_name": "high: loose settlement development"}, "geometry": {"type": "MultiPolygon", "coordinates": [[[[13.47982152, 52.49709573], [13.48060162, 52.4967367], [13.481577, 52.49752593], [13.48079689, 52.49788497], [13.47982152, 52.49709573]]]]}}, {"type": "Feature", "properties": {"id": "versorggruen_2020.1701466091000000", "styp_id": "1701466091000000", "sst_name": "niedrige Bebauung mit Hausgärten", "voeff_name": "versorgter Bereich", "vpriv_name": "hoch: aufgelockerte Siedlungsbebauung", "versorg_sst": 1, "esst_name": "Low buildings with yards", "evoeff_name": "good availability", "evpriv_name": "high: loose settlement development"}, "geometry": {"type": "MultiPolygon", "coordinates": [[[[13.48193004, 52.49758846], [13.48271058, 52.49722914], [13.4831673, 52.49759868], [13.48238676, 52.497958], [13.48193004, 52.49758846]]]]}}, {"type": "Feature", "properties": {"id": "versorggruen_2020.1701466101000000", "styp_id": "1701466101000000", "sst_name": "niedrige Bebauung mit Hausgärten", "voeff_name": "versorgter Bereich", "vpriv_name": "hoch: aufgelockerte Siedlungsbebauung", "versorg_sst": 1, "esst_name": "Low buildings with yards", "evoeff_name": "good availability", "evpriv_name": "high: loose settlement development"}, "geometry": {"type": "MultiPolygon", "coordinates": [[[[13.48288694, 52.49714811], [13.48379222, 52.49673143], [13.48421781, 52.49707577], [13.48331268, 52.49749246], [13.48288694, 52.49714811]]]]}}, {"type": "Feature", "properties": {"id": "versorggruen_2020.1701466111000000", "styp_id": "1701466111000000", "sst_name": "niedrige Bebauung mit Hausgärten", "voeff_name": "versorgter Bereich", "vpriv_name": "hoch: aufgelockerte Siedlungsbebauung", "versorg_sst": 1, "esst_name": "Low buildings with yards", "evoeff_name": "good availability", "evpriv_name": "high: loose settlement development"}, "geometry": {"type": "MultiPolygon", "coordinates": [[[[13.48077673, 52.49665721], [13.48155793, 52.49629654], [13.48253332, 52.49708577], [13.48175469, 52.49744528], [13.48077673, 52.49665721]]]]}}, {"type": "Feature", "properties": {"id": "versorggruen_2020.1701466131000000", "styp_id": "1701466131000000", "sst_name": "Siedlungsbebauung der 90er Jahre", "voeff_name": "versorgter Bereich", "vpriv_name": "mittel: Zeilen oder kompakte Siedlung", "versorg_sst": 2, "esst_name": "Residential development of the 1990s", "evoeff_name": "good availability", "evpriv_name": "medium: row development or compact settlement"}, "geometry": {"type": "MultiPolygon", "coordinates": [[[[13.48510874, 52.49612525], [13.48557271, 52.49650023], [13.48443412, 52.49702678], [13.48396843, 52.49665022], [13.48510874, 52.49612525]]]]}}, {"type": "Feature", "properties": {"id": "versorggruen_2020.1701466141000000", "styp_id": "1701466141000000", "sst_name": "niedrige Bebauung mit Hausgärten", "voeff_name": "versorgter Bereich", "vpriv_name": "hoch: aufgelockerte Siedlungsbebauung", "versorg_sst": 1, "esst_name": "Low buildings with yards", "evoeff_name": "good availability", "evpriv_name": "high: loose settlement development"}, "geometry": {"type": "MultiPolygon", "coordinates": [[[[13.48279537, 52.49570108], [13.48395911, 52.49516536], [13.48495478, 52.49597104], [13.48379118, 52.49650676], [13.48279537, 52.49570108]]]]}}, {"type": "Feature", "properties": {"id": "versorggruen_2020.1701466191000000", "styp_id": "1701466191000000", "sst_name": "Siedlungsbebauung der 90er Jahre", "voeff_name": "versorgter Bereich", "vpriv_name": "mittel: Zeilen oder kompakte Siedlung", "versorg_sst": 2, "esst_name": "Residential development of the 1990s", "evoeff_name": "good availability", "evpriv_name": "medium: row development or compact settlement"}, "geometry": {"type": "MultiPolygon", "coordinates": [[[[13.48691337, 52.495316], [13.48803636, 52.49479907], [13.4880787, 52.49479212], [13.48811732, 52.494805], [13.48838599, 52.49500437], [13.48769239, 52.49564933], [13.48746455, 52.49576184], [13.48691337, 52.495316]]]]}}, {"type": "Feature", "properties": {"id": "versorggruen_2020.1701466201000000", "styp_id": "1701466201000000", "sst_name": "Siedlungsbebauung der 90er Jahre", "voeff_name": "versorgter Bereich", "vpriv_name": "mittel: Zeilen oder kompakte Siedlung", "versorg_sst": 2, "esst_name": "Residential development of the 1990s", "evoeff_name": "good availability", "evpriv_name": "medium: row development or compact settlement"}, "geometry": {"type": "MultiPolygon", "coordinates": [[[[13.48652557, 52.49549455], [13.48686648, 52.49533769], [13.48715198, 52.49556862], [13.48681107, 52.49572558], [13.48652557, 52.49549455]]]]}}, {"type": "Feature", "properties": {"id": "versorggruen_2020.1701466211000000", "styp_id": "1701466211000000", "sst_name": "Siedlungsbebauung der 90er Jahre", "voeff_name": "versorgter Bereich", "vpriv_name": "mittel: Zeilen oder kompakte Siedlung", "versorg_sst": 2, "esst_name": "Residential development of the 1990s", "evoeff_name": "good availability", "evpriv_name": "medium: row development or compact settlement"}, "geometry": {"type": "MultiPolygon", "coordinates": [[[[13.48484677, 52.49407816], [13.48549233, 52.49460024], [13.48539929, 52.49464318], [13.48638983, 52.49544443], [13.48527153, 52.49595919], [13.48363603, 52.49463539], [13.48484677, 52.49407816]]]]}}, {"type": "Feature", "properties": {"id": "versorggruen_2020.1701466221000000", "styp_id": "1701466221000000", "sst_name": "hohe Bebauung der Nachkriegszeit", "voeff_name": "versorgter Bereich", "vpriv_name": "mittel: Zeilen oder kompakte Siedlung", "versorg_sst": 2, "esst_name": "Postwar high-rise development", "evoeff_name": "good availability", "evpriv_name": "medium: row development or compact settlement"}, "geometry": {"type": "MultiPolygon", "coordinates": [[[[13.4850936, 52.4939645], [13.48619386, 52.49345799], [13.48622703, 52.49344853], [13.48628979, 52.49345388], [13.48794883, 52.49467989], [13.48796095, 52.49471024], [13.48793881, 52.49473146], [13.48682482, 52.49524427], [13.48583427, 52.49444293], [13.48573916, 52.49448677], [13.4850936, 52.4939645]]]]}}, {"type": "Feature", "properties": {"id": "versorggruen_2020.1701466231000000", "styp_id": "1701466231000000", "sst_name": "geringe Bebauung mit überwiegender Nutzung durch Gewerbe und Industrie", "voeff_name": "versorgter Bereich", "vpriv_name": "gering: Blockrandbebauung", "versorg_sst": 3, "esst_name": "Sparse development with predominantly commercial and industrial use", "evoeff_name": "good availability", "evpriv_name": "low: Wilhelminian-period block-edge development"}, "geometry": {"type": "MultiPolygon", "coordinates": [[[[13.48643687, 52.49542283], [13.48553502, 52.49469321], [13.48552534, 52.49466276], [13.48554652, 52.4946429], [13.4857935, 52.49452925], [13.48581342, 52.4945233], [13.48586127, 52.49452799], [13.48677778, 52.49526587], [13.48643687, 52.49542283]]]]}}, {"type": "Feature", "properties": {"id": "versorggruen_2020.1701466241000000", "styp_id": "1701466241000000", "sst_name": "Bebauung mit überwiegender Nutzung durch Gemeinbedarf und Sondernutzung, Verkehrsflächen ohne Straßen", "voeff_name": "versorgter Bereich", "vpriv_name": "mittel: Zeilen oder kompakte Siedlung", "versorg_sst": 2, "esst_name": "Development with predominantly public and special use or non-street traffic area", "evoeff_name": "good availability", "evpriv_name": "medium: row development or compact settlement"}, "geometry": {"type": "MultiPolygon", "coordinates": [[[[13.4848997, 52.49405378], [13.48504066, 52.4939888], [13.48545655, 52.4943253], [13.48531558, 52.49439019], [13.4848997, 52.49405378]]]]}}, {"type": "Feature", "properties": {"id": "versorggruen_2020.1701470321000100", "styp_id": "1701470321000100", "sst_name": "geringe Bebauung mit überwiegender Nutzung durch Gewerbe und Industrie", "voeff_name": "unterversorgter Bereich", "vpriv_name": "gering: Blockrandbebauung", "versorg_sst": 6, "esst_name": "Sparse development with predominantly commercial and industrial use", "evoeff_name": "reduced availability", "evpriv_name": "low: Wilhelminian-period block-edge development"}, "geometry": {"type": "MultiPolygon", "coordinates": [[[[13.48922139, 52.49996559], [13.49043663, 52.50052014], [13.49273134, 52.49933303], [13.49287378, 52.49906372], [13.4936058, 52.49870929], [13.4936831, 52.49880538], [13.49364056, 52.49882218], [13.49382503, 52.4990559], [13.49387072, 52.49904166], [13.49497408, 52.50041595], [13.49476217, 52.50051717], [13.49073259, 52.50136597], [13.48904245, 52.50190411], [13.48829621, 52.50207039], [13.4870437, 52.50237131], [13.48685904, 52.50209159], [13.48750128, 52.5013792], [13.48922139, 52.49996559]]]]}}, {"type": "Feature", "properties": {"id": "versorggruen_2020.1701470641000200", "styp_id": "1701470641000200", "sst_name": "hohe Bebauung der Nachkriegszeit", "voeff_name": "versorgter Bereich", "vpriv_name": "mittel: Zeilen oder kompakte Siedlung", "versorg_sst": 2, "esst_name": "Postwar high-rise development", "evoeff_name": "good availability", "evpriv_name": "medium: row development or compact settlement"}, "geometry": {"type": "MultiPolygon", "coordinates": [[[[13.49396532, 52.49782837], [13.49677562, 52.49594802], [13.49729527, 52.49563505], [13.49811445, 52.49521609], [13.49826998, 52.49553231], [13.49833327, 52.49570955], [13.49745584, 52.49585256], [13.497766, 52.49659623], [13.49648522, 52.49682183], [13.49675801, 52.4974054], [13.49493749, 52.49773709], [13.49496623, 52.49781434], [13.49505834, 52.49802532], [13.49440748, 52.49826031], [13.49430456, 52.49824389], [13.49396532, 52.49782837]]]]}}, {"type": "Feature", "properties": {"id": "versorggruen_2020.1701470661000200", "styp_id": "1701470661000200", "sst_name": "hohe Bebauung der Nachkriegszeit", "voeff_name": "versorgter Bereich", "vpriv_name": "mittel: Zeilen oder kompakte Siedlung", "versorg_sst": 2, "esst_name": "Postwar high-rise development", "evoeff_name": "good availability", "evpriv_name": "medium: row development or compact settlement"}, "geometry": {"type": "MultiPolygon", "coordinates": [[[[13.49894651, 52.49463103], [13.49909752, 52.49459431], [13.50043282, 52.4943266], [13.50060772, 52.49432876], [13.50075262, 52.49437762], [13.50126271, 52.49466142], [13.50133564, 52.49480241], [13.50151956, 52.49498661], [13.50144648, 52.4950209], [13.50132797, 52.49511207], [13.50097021, 52.49542144], [13.50079311, 52.49576948], [13.50077523, 52.49588565], [13.500795, 52.49613424], [13.50092011, 52.49652379], [13.49985272, 52.49664226], [13.49895697, 52.49682031], [13.49890303, 52.49672642], [13.49895229, 52.49670032], [13.49888638, 52.49655216], [13.49899128, 52.4965706], [13.49976463, 52.49644513], [13.49990513, 52.49626697], [13.50022786, 52.49621531], [13.50007062, 52.49586224], [13.50038729, 52.49579943], [13.50042397, 52.49574374], [13.50013965, 52.49513794], [13.49939692, 52.49521143], [13.49903291, 52.49480613], [13.49894651, 52.49463103]]]]}}, {"type": "Feature", "properties": {"id": "versorggruen_2020.1701471011000000", "styp_id": "1701471011000000", "sst_name": "Zeilenbebauung seit den 50er Jahren", "voeff_name": "versorgter Bereich", "vpriv_name": "mittel: Zeilen oder kompakte Siedlung", "versorg_sst": 2, "esst_name": "Row development since the 1950s", "evoeff_name": "good availability", "evpriv_name": "medium: row development or compact settlement"}, "geometry": {"type": "MultiPolygon", "coordinates": [[[[13.49899177, 52.50041365], [13.49935926, 52.50119369], [13.49702, 52.50061705], [13.49666055, 52.5001694], [13.50119633, 52.49869667], [13.50122504, 52.49874945], [13.49915625, 52.50025815], [13.49896146, 52.50034933], [13.49899177, 52.50041365]]]]}}, {"type": "Feature", "properties": {"id": "versorggruen_2020.1701471551000000", "styp_id": "1701471551000000", "sst_name": "hohe Bebauung der Nachkriegszeit", "voeff_name": "versorgter Bereich", "vpriv_name": "mittel: Zeilen oder kompakte Siedlung", "versorg_sst": 2, "esst_name": "Postwar high-rise development", "evoeff_name": "good availability", "evpriv_name": "medium: row development or compact settlement"}, "geometry": {"type": "MultiPolygon", "coordinates": [[[[13.49895697, 52.49682031], [13.49985272, 52.49664226], [13.50092011, 52.49652379], [13.50171586, 52.49828777], [13.49988728, 52.49887782], [13.49895697, 52.49682031]]]]}}, {"type": "Feature", "properties": {"id": "versorggruen_2020.1701471581000000", "styp_id": "1701471581000000", "sst_name": "hohe Bebauung der Nachkriegszeit", "voeff_name": "versorgter Bereich", "vpriv_name": "mittel: Zeilen oder kompakte Siedlung", "versorg_sst": 2, "esst_name": "Postwar high-rise development", "evoeff_name": "good availability", "evpriv_name": "medium: row development or compact settlement"}, "geometry": {"type": "MultiPolygon", "coordinates": [[[[13.4979175, 52.4995021], [13.49670654, 52.49691142], [13.49805566, 52.49664389], [13.49776442, 52.49602714], [13.49840281, 52.495923], [13.49884303, 52.49684726], [13.49975351, 52.49891596], [13.49800346, 52.49948442], [13.4979175, 52.4995021]]]]}}]}