{
"type": "FeatureCollection",
"name": "ab_ua_lufttemp_gebsonst_2022_neukoelln",
"crs": { "type": "name", "properties": { "name": "urn:ogc:def:crs:OGC:1.3:CRS84" } },
"features": [
{ "type": "Feature", "properties": { "id": 100, "art": "NOT-ALKIS-Gebäude" }, "geometry": { "type": "Polygon", "coordinates": [ [ [ 13.405660895177986, 52.418665497381646 ], [ 13.405675593574212, 52.418665695611054 ], [ 13.40567624199825, 52.418647721944339 ], [ 13.405661543607996, 52.418647523715059 ], [ 13.405661867822744, 52.418638536881744 ], [ 13.405617772661961, 52.418637942183153 ], [ 13.405617448438253, 52.418646929016276 ], [ 13.405602750048683, 52.418646730779692 ], [ 13.405602425821819, 52.418655717612744 ], [ 13.405617124214377, 52.418655915849392 ], [ 13.405616799990328, 52.41866490268248 ], [ 13.405631498386043, 52.418665100917366 ], [ 13.405631391198522, 52.418668071964397 ], [ 13.405660653670054, 52.41867219167375 ], [ 13.405660895177986, 52.418665497381646 ] ] ] } },
{ "type": "Feature", "properties": { "id": 102, "art": "NOT-ALKIS-Gebäude" }, "geometry": { "type": "Polygon", "coordinates": [ [ [ 13.408776635417201, 52.418716468010189 ], [ 13.408791333852621, 52.418716665852429 ], [ 13.408791981010978, 52.418698692158671 ], [ 13.408777282581529, 52.418698494316558 ], [ 13.408777606163437, 52.418689507469715 ], [ 13.408748209311021, 52.418689111780125 ], [ 13.408747885723141, 52.418698098626848 ], [ 13.408733187294201, 52.418697900779243 ], [ 13.408732540111957, 52.418715874472497 ], [ 13.408747238546868, 52.418716072320215 ], [ 13.408746914958476, 52.418725059166881 ], [ 13.40877631183478, 52.41872545485699 ], [ 13.408776635417201, 52.418716468010189 ] ] ] } },
{ "type": "Feature", "properties": { "id": 142, "art": "NOT-ALKIS-Gebäude" }, "geometry": { "type": "Polygon", "coordinates": [ [ [ 13.416571467058011, 52.424027029339506 ], [ 13.416586167315002, 52.424027226226706 ], [ 13.416586811427255, 52.424009252481348 ], [ 13.41660151167844, 52.424009449366586 ], [ 13.416601833731326, 52.424000462493836 ], [ 13.416587133483127, 52.424000265608655 ], [ 13.41658745553883, 52.42399127873594 ], [ 13.416558055048919, 52.42399088496024 ], [ 13.416558377110423, 52.423981898087639 ], [ 13.416543676868709, 52.423981701197107 ], [ 13.416543998933033, 52.423972714324549 ], [ 13.416514598456086, 52.423972320538141 ], [ 13.416514920526215, 52.423963333665704 ], [ 13.416500220290983, 52.423963136769821 ], [ 13.416499898217868, 52.423972123642194 ], [ 13.41647049774194, 52.423971729844816 ], [ 13.416469531503658, 52.423998690461481 ], [ 13.416454831256988, 52.423998493559857 ], [ 13.416454509174233, 52.424007480431989 ], [ 13.416469209423889, 52.424007677333677 ], [ 13.416468887343951, 52.424016664205844 ], [ 13.416498287849748, 52.424017058003862 ], [ 13.416497965775616, 52.424026044876136 ], [ 13.416512666031755, 52.424026241772459 ], [ 13.416512343960438, 52.424035228644804 ], [ 13.416571144998642, 52.424036016212106 ], [ 13.416571467058011, 52.424027029339506 ] ] ] } },
{ "type": "Feature", "properties": { "id": 184, "art": "NOT-ALKIS-Gebäude" }, "geometry": { "type": "Polygon", "coordinates": [ [ [ 13.419651838667418, 52.425488852880271 ], [ 13.419666539432502, 52.425489049388347 ], [ 13.419666860879286, 52.425480062504555 ], [ 13.41968156164155, 52.42548025901074 ], [ 13.419681883085179, 52.425471272126877 ], [ 13.419696583844626, 52.42547146863118 ], [ 13.419697226725399, 52.425453494863262 ], [ 13.419682525971924, 52.42545329835918 ], [ 13.419682847415046, 52.425444311475196 ], [ 13.41966814666473, 52.425444114969252 ], [ 13.419668468110668, 52.42543512808539 ], [ 13.419653767363506, 52.425434931577691 ], [ 13.419653445914584, 52.425443918461497 ], [ 13.419638745164606, 52.425443721951908 ], [ 13.419638423712525, 52.425452708835628 ], [ 13.419623722959729, 52.425452512324142 ], [ 13.419623401504492, 52.425461499207792 ], [ 13.41960870074888, 52.42546130269443 ], [ 13.419608057831921, 52.425479276461552 ], [ 13.419622758593507, 52.425479472975034 ], [ 13.419622437137761, 52.425488459858634 ], [ 13.419637137902505, 52.425488656370369 ], [ 13.419636816449577, 52.425497643254012 ], [ 13.419651517217476, 52.42549783976397 ], [ 13.419651838667418, 52.425488852880271 ] ] ] } },
{ "type": "Feature", "properties": { "id": 353, "art": "NOT-ALKIS-Gebäude" }, "geometry": { "type": "Polygon", "coordinates": [ [ [ 13.419835720779918, 52.41212141140447 ], [ 13.419850417101433, 52.412121607854871 ], [ 13.41985105961032, 52.412103634044811 ], [ 13.419836363294772, 52.412103437594553 ], [ 13.419837005808951, 52.412085463784571 ], [ 13.419822309499542, 52.4120852673326 ], [ 13.419822630759361, 52.412076280427648 ], [ 13.419807934453107, 52.412076083973929 ], [ 13.419808255715743, 52.412067097069013 ], [ 13.419778863109713, 52.412066704156217 ], [ 13.419777899303391, 52.412093664870504 ], [ 13.419792595615275, 52.41209386132801 ], [ 13.419791631816384, 52.412120822042361 ], [ 13.419806328137392, 52.412121018498219 ], [ 13.419806006873742, 52.412130005403029 ], [ 13.419835399522235, 52.412130398309415 ], [ 13.419835720779918, 52.41212141140447 ] ] ] } },
{ "type": "Feature", "properties": { "id": 355, "art": "NOT-ALKIS-Gebäude" }, "geometry": { "type": "Polygon", "coordinates": [ [ [ 13.405371806111438, 52.414858316885898 ], [ 13.405370833422346, 52.414885277399335 ], [ 13.405429621972711, 52.414886070410446 ], [ 13.405430270408395, 52.414868096734331 ], [ 13.405415573276517, 52.414867898484417 ], [ 13.405415897497088, 52.414858911646412 ], [ 13.405371806111438, 52.414858316885898 ] ] ] } },
{ "type": "Feature", "properties": { "id": 358, "art": "NOT-ALKIS-Gebäude" }, "geometry": { "type": "Polygon", "coordinates": [ [ [ 13.414968100422236, 52.415014349479058 ], [ 13.414997494919675, 52.415014743603138 ], [ 13.414997817194195, 52.415005756723588 ], [ 13.415012514440184, 52.415005953782831 ], [ 13.415013158982743, 52.414987980023568 ], [ 13.414998461742723, 52.414987782964459 ], [ 13.414998784016733, 52.414978796084867 ], [ 13.414984086779871, 52.414978599023982 ], [ 13.414984409056695, 52.414969612144453 ], [ 13.414940317356081, 52.414969020951055 ], [ 13.4149399950703, 52.414978007830399 ], [ 13.414925297834117, 52.414977810762217 ], [ 13.41492497554518, 52.414986797641497 ], [ 13.414910278306181, 52.414986600571432 ], [ 13.414909311429396, 52.415013561208966 ], [ 13.41492400867735, 52.415013758279223 ], [ 13.414923686387736, 52.415022745158446 ], [ 13.414967778141575, 52.415023336358459 ], [ 13.414968100422236, 52.415014349479058 ] ] ] } },
{ "type": "Feature", "properties": { "id": 386, "art": "NOT-ALKIS-Gebäude" }, "geometry": { "type": "Polygon", "coordinates": [ [ [ 13.42399058558223, 52.424665635097021 ], [ 13.424005286104178, 52.424665831063599 ], [ 13.424006568323053, 52.424629883448247 ], [ 13.423991867813054, 52.424629687481932 ], [ 13.423992188370336, 52.424620700578124 ], [ 13.423948086850308, 52.424620112668478 ], [ 13.423947766284067, 52.424629099572023 ], [ 13.423933065774742, 52.424628903598396 ], [ 13.423932424635774, 52.424646877405465 ], [ 13.423917724120644, 52.42464668142987 ], [ 13.42391740354792, 52.424655668333344 ], [ 13.423932104066036, 52.424655864308981 ], [ 13.423931783496128, 52.424664851212469 ], [ 13.423946484017399, 52.424665047186352 ], [ 13.42394616345031, 52.424674034089897 ], [ 13.4239902650241, 52.424674622000758 ], [ 13.42399058558223, 52.424665635097021 ] ] ] } },
{ "type": "Feature", "properties": { "id": 411, "art": "NOT-ALKIS-Gebäude" }, "geometry": { "type": "Polygon", "coordinates": [ [ [ 13.405770716834279, 52.424996784103875 ], [ 13.405800117839686, 52.424997180566841 ], [ 13.405800442100489, 52.424988193742628 ], [ 13.405829843100607, 52.424988590198154 ], [ 13.405830815864066, 52.424961629725033 ], [ 13.405786714391029, 52.42496103503958 ], [ 13.405786390127753, 52.424970021863764 ], [ 13.405756989140611, 52.424969625397544 ], [ 13.405756664871188, 52.424978612221594 ], [ 13.405741964374888, 52.42497841398567 ], [ 13.405741640102306, 52.424987400809655 ], [ 13.40572693960319, 52.424987202571835 ], [ 13.405726291051542, 52.425005176219621 ], [ 13.405770392567332, 52.425005770927953 ], [ 13.405770716834279, 52.424996784103875 ] ] ] } },
{ "type": "Feature", "properties": { "id": 683, "art": "NOT-ALKIS-Gebäude" }, "geometry": { "type": "Polygon", "coordinates": [ [ [ 13.407946849881458, 52.415216708256033 ], [ 13.407946526171189, 52.415225695104553 ], [ 13.407931828902461, 52.41522549716646 ], [ 13.407931505189035, 52.415234484014917 ], [ 13.407916807917493, 52.415234286074934 ], [ 13.407914865615441, 52.415288207164913 ], [ 13.407929562904895, 52.415288405105279 ], [ 13.407929239190274, 52.415297391953615 ], [ 13.407958633775666, 52.415297787828997 ], [ 13.407958957484315, 52.415288800980527 ], [ 13.407973654774281, 52.415288998915422 ], [ 13.407976244413456, 52.415217104126612 ], [ 13.407946849881458, 52.415216708256033 ] ] ] } },
{ "type": "Feature", "properties": { "id": 707, "art": "NOT-ALKIS-Gebäude" }, "geometry": { "type": "Polygon", "coordinates": [ [ [ 13.416816303700065, 52.415551614423883 ], [ 13.416831001140435, 52.415551811258517 ], [ 13.416831323048481, 52.415542824371833 ], [ 13.416787230736839, 52.415542233862638 ], [ 13.416786908819837, 52.415551220749144 ], [ 13.416772211379978, 52.415551023909025 ], [ 13.41677188945982, 52.415560010795446 ], [ 13.416786586902667, 52.415560207635615 ], [ 13.416786264985326, 52.415569194522085 ], [ 13.416800962431324, 52.415569391360499 ], [ 13.416800640516801, 52.415578378247005 ], [ 13.416830035415281, 52.415578771918483 ], [ 13.41683067923222, 52.415560798145187 ], [ 13.416815981788865, 52.415560601310489 ], [ 13.416816303700065, 52.415551614423883 ] ] ] } },
{ "type": "Feature", "properties": { "id": 718, "art": "NOT-ALKIS-Gebäude" }, "geometry": { "type": "Polygon", "coordinates": [ [ [ 13.412390280394721, 52.422918985150766 ], [ 13.412404980253449, 52.422919182554828 ], [ 13.41240530314697, 52.422910195698648 ], [ 13.412420003002882, 52.422910393100807 ], [ 13.412420325893246, 52.422901406244534 ], [ 13.41246442545304, 52.422901998439905 ], [ 13.412465716976957, 52.422866051013905 ], [ 13.412451017135469, 52.42286585361753 ], [ 13.412452954434157, 52.422811932478467 ], [ 13.412438254610757, 52.422811735080643 ], [ 13.412439223266762, 52.422784774511101 ], [ 13.412424523452493, 52.422784577111642 ], [ 13.412424846340475, 52.422775590255164 ], [ 13.412410146529364, 52.42277539285395 ], [ 13.412409823638397, 52.422784379710365 ], [ 13.412336324570463, 52.422783392676564 ], [ 13.412336647476364, 52.422774405820462 ], [ 13.412292548046608, 52.422773813578452 ], [ 13.412292225131747, 52.422782800434355 ], [ 13.412277525319181, 52.422782603016643 ], [ 13.412276879482976, 52.422800576728278 ], [ 13.412262179664609, 52.422800379308605 ], [ 13.412260887978205, 52.422836326731456 ], [ 13.41224618814806, 52.422836129309708 ], [ 13.412245542297866, 52.422854103020917 ], [ 13.412230842461918, 52.422853905597208 ], [ 13.412230196605067, 52.422871879308232 ], [ 13.412259596289079, 52.422872274154081 ], [ 13.412259273366372, 52.422881261009699 ], [ 13.412273973211621, 52.422881458429949 ], [ 13.412273004451436, 52.42290841899689 ], [ 13.412287704305813, 52.422908616415512 ], [ 13.412287381388397, 52.422917603271188 ], [ 13.412302081245933, 52.422917800688033 ], [ 13.412301758331335, 52.422926787543766 ], [ 13.412345857913921, 52.422927379783552 ], [ 13.412346180819561, 52.422918392927627 ], [ 13.412375580536164, 52.422918787744884 ], [ 13.412375257636498, 52.422927774600929 ], [ 13.412389957498043, 52.422927972006882 ], [ 13.412390280394721, 52.422918985150766 ] ] ] } },
{ "type": "Feature", "properties": { "id": 2033, "art": "NOT-ALKIS-Gebäude" }, "geometry": { "type": "Polygon", "coordinates": [ [ [ 13.421708379418138, 52.411148406129804 ], [ 13.421723075429508, 52.411148602344909 ], [ 13.421724038016935, 52.411121641601028 ], [ 13.421665254008289, 52.41112085673042 ], [ 13.421663649635372, 52.411165791302224 ], [ 13.421707737686374, 52.411166379958857 ], [ 13.421708379418138, 52.411148406129804 ] ] ] } },
{ "type": "Feature", "properties": { "id": 2157, "art": "NOT-ALKIS-Gebäude" }, "geometry": { "type": "Polygon", "coordinates": [ [ [ 13.416642056033186, 52.411385267606171 ], [ 13.416640729521527, 52.41142230169023 ], [ 13.416655425588026, 52.411422498535899 ], [ 13.416655103692046, 52.411431485428118 ], [ 13.416699191901511, 52.411432075954387 ], [ 13.416699513788538, 52.411423089061969 ], [ 13.416728905923062, 52.411423482736893 ], [ 13.416729871565218, 52.411396522059178 ], [ 13.416715175506827, 52.411396325222825 ], [ 13.416715497390189, 52.411387338330279 ], [ 13.416700801334951, 52.411387141492163 ], [ 13.416701123221129, 52.411378154599667 ], [ 13.416686427169045, 52.411377957759797 ], [ 13.416686749058039, 52.411368970867372 ], [ 13.416684106708431, 52.411368935475373 ], [ 13.416670514334406, 52.411368753415559 ], [ 13.416657163330736, 52.411373983071421 ], [ 13.416657035065388, 52.411377564074563 ], [ 13.416648319278631, 52.411377447331489 ], [ 13.416642459777933, 52.411379742527636 ], [ 13.416642250891092, 52.411379827477873 ], [ 13.416642056033186, 52.411385267606171 ] ] ] } },
{ "type": "Feature", "properties": { "id": 2294, "art": "NOT-ALKIS-Gebäude" }, "geometry": { "type": "Polygon", "coordinates": [ [ [ 13.416768046776754, 52.413204265057068 ], [ 13.416767081094941, 52.413231225726996 ], [ 13.4167817777636, 52.41323142256168 ], [ 13.416781133980846, 52.413249396341676 ], [ 13.416825224005748, 52.413249986835183 ], [ 13.416825867770591, 52.413232013054809 ], [ 13.416811171101426, 52.41323181622559 ], [ 13.41681181487156, 52.41321384244528 ], [ 13.416797118208532, 52.41321364561437 ], [ 13.41679744009633, 52.413204658724254 ], [ 13.416768046776754, 52.413204265057068 ] ] ] } },
{ "type": "Feature", "properties": { "id": 2300, "art": "NOT-ALKIS-Gebäude" }, "geometry": { "type": "Polygon", "coordinates": [ [ [ 13.402466328758321, 52.413065800720297 ], [ 13.402481025270051, 52.413065999332041 ], [ 13.40248232445297, 52.413030052020204 ], [ 13.402497020952932, 52.413030250629866 ], [ 13.402497670537395, 52.413012276973724 ], [ 13.402512367031559, 52.413012475581439 ], [ 13.402513016609365, 52.412994501925105 ], [ 13.402468927145298, 52.412993906096894 ], [ 13.40246827754958, 52.41301187975283 ], [ 13.402453581055932, 52.413011681139643 ], [ 13.40245325625483, 52.413020667967544 ], [ 13.402438559758368, 52.413020469352453 ], [ 13.402436286124978, 52.413083377146776 ], [ 13.402465679159864, 52.413083774375991 ], [ 13.402466328758321, 52.413065800720297 ] ] ] } },
{ "type": "Feature", "properties": { "id": 2318, "art": "NOT-ALKIS-Gebäude" }, "geometry": { "type": "Polygon", "coordinates": [ [ [ 13.402188303322097, 52.414248883694924 ], [ 13.402217697128286, 52.414249280991925 ], [ 13.402218021991656, 52.414240294166966 ], [ 13.40220332509146, 52.414240095519446 ], [ 13.402203649957643, 52.414231108694509 ], [ 13.402188953060604, 52.41423091004522 ], [ 13.402189277929601, 52.414221923220339 ], [ 13.402174581035718, 52.414221724569288 ], [ 13.402174905907529, 52.41421273774445 ], [ 13.402116118345651, 52.414211943122254 ], [ 13.402116443229231, 52.414202956297665 ], [ 13.402072352568577, 52.414202360312018 ], [ 13.402072677460941, 52.41419337348762 ], [ 13.402028586810784, 52.414192777485731 ], [ 13.40202891171193, 52.414183790661497 ], [ 13.40198482107227, 52.414183194643364 ], [ 13.401985145982202, 52.414174207819308 ], [ 13.401955752229256, 52.414173810464888 ], [ 13.401956077144986, 52.414164823640952 ], [ 13.401926683398694, 52.414164426279356 ], [ 13.401926358476995, 52.414173413103164 ], [ 13.401911661601122, 52.414173214419563 ], [ 13.401911336676264, 52.414182201243293 ], [ 13.401896639797576, 52.414182002557808 ], [ 13.401896314869564, 52.414190989381467 ], [ 13.401911011751235, 52.414191188067015 ], [ 13.401910686826037, 52.414200174890723 ], [ 13.401925383710864, 52.414200373574516 ], [ 13.401925058788478, 52.414209360398274 ], [ 13.401969149452951, 52.414209956438889 ], [ 13.401968824539347, 52.414218943262824 ], [ 13.401998218322488, 52.414219340614238 ], [ 13.401997893414686, 52.414228327438273 ], [ 13.402056680994962, 52.414229122119444 ], [ 13.402056356098926, 52.414238108943728 ], [ 13.40207105299741, 52.414238307609509 ], [ 13.402070728104189, 52.414247294433849 ], [ 13.402100121907639, 52.414247691760067 ], [ 13.402099797020218, 52.414256678584515 ], [ 13.402158584641111, 52.414257473215322 ], [ 13.402158259765459, 52.414266460040004 ], [ 13.402187653582905, 52.414266857344565 ], [ 13.402188303322097, 52.414248883694924 ] ] ] } },
{ "type": "Feature", "properties": { "id": 2324, "art": "NOT-ALKIS-Gebäude" }, "geometry": { "type": "Polygon", "coordinates": [ [ [ 13.407743421109378, 52.41433282989955 ], [ 13.407758118080009, 52.414333027858717 ], [ 13.407760707980428, 52.414261133065757 ], [ 13.40774601103368, 52.414260935107102 ], [ 13.407746334773448, 52.41425194825797 ], [ 13.407716940886433, 52.414251552335308 ], [ 13.407716617140693, 52.414260539184319 ], [ 13.407599041575576, 52.414258955420095 ], [ 13.407599365345197, 52.41424996857161 ], [ 13.407525880637472, 52.414248978659948 ], [ 13.407525556852926, 52.414257965508114 ], [ 13.407510859908909, 52.414257767520233 ], [ 13.407507945813443, 52.414338649152491 ], [ 13.407552036726607, 52.414339243112352 ], [ 13.407551712946322, 52.414348229960495 ], [ 13.407566409920705, 52.41434842794353 ], [ 13.407566086143236, 52.414357414791723 ], [ 13.407595480098481, 52.414357810752442 ], [ 13.407595156326812, 52.414366797600756 ], [ 13.407639247269914, 52.41436739152833 ], [ 13.407639571032629, 52.414358404679824 ], [ 13.40765426801102, 52.414358602651966 ], [ 13.407654591770578, 52.414349615803395 ], [ 13.407669288746154, 52.414349813773654 ], [ 13.407669612502556, 52.414340826924999 ], [ 13.407684309475318, 52.414341024893346 ], [ 13.407684633228563, 52.41433203804462 ], [ 13.40771402716863, 52.414332433975737 ], [ 13.407712732178501, 52.414368381371091 ], [ 13.407742126143132, 52.414368777295422 ], [ 13.407743421109378, 52.41433282989955 ] ] ] } },
{ "type": "Feature", "properties": { "id": 2339, "art": "NOT-ALKIS-Gebäude" }, "geometry": { "type": "Polygon", "coordinates": [ [ [ 13.422375411210197, 52.420472184400808 ], [ 13.422390110326033, 52.420472380557257 ], [ 13.422390431160935, 52.420463393654011 ], [ 13.422375732048085, 52.420463197497618 ], [ 13.422376052885802, 52.420454210594436 ], [ 13.422361353776108, 52.420454014436281 ], [ 13.422361674616644, 52.420445027533134 ], [ 13.422317577297534, 52.420444439047913 ], [ 13.422317256448039, 52.420453425950868 ], [ 13.422302557339021, 52.420453229785409 ], [ 13.422301915633552, 52.420471203591163 ], [ 13.422316614748542, 52.420471399756742 ], [ 13.422316293898541, 52.420480386659648 ], [ 13.422375090372139, 52.420481171303962 ], [ 13.422375411210197, 52.420472184400808 ] ] ] } },
{ "type": "Feature", "properties": { "id": 2348, "art": "NOT-ALKIS-Gebäude" }, "geometry": { "type": "Polygon", "coordinates": [ [ [ 13.415260414465932, 52.420395004027895 ], [ 13.415275113505668, 52.420395201068587 ], [ 13.415276402627041, 52.420359253578383 ], [ 13.415261703599249, 52.420359056537954 ], [ 13.415262025882154, 52.420350069665432 ], [ 13.415247326857518, 52.420349872623241 ], [ 13.415247004571627, 52.420358859495707 ], [ 13.415232305544174, 52.420358662451619 ], [ 13.415231660965912, 52.420376636196366 ], [ 13.415216961932655, 52.420376439150331 ], [ 13.415215995055027, 52.420403399767146 ], [ 13.415260092182178, 52.420403990900354 ], [ 13.415260414465932, 52.420395004027895 ] ] ] } },
{ "type": "Feature", "properties": { "id": 2448, "art": "NOT-ALKIS-Gebäude" }, "geometry": { "type": "Polygon", "coordinates": [ [ [ 13.40913649009382, 52.430778501439349 ], [ 13.409151192543993, 52.430778699268487 ], [ 13.409151516190823, 52.430769712438483 ], [ 13.409166218638179, 52.430769910265745 ], [ 13.409166542281849, 52.430760923435656 ], [ 13.409181244726385, 52.430761121261028 ], [ 13.409181568366899, 52.430752134430861 ], [ 13.409166865925348, 52.43075193660556 ], [ 13.409167189568679, 52.430742949775443 ], [ 13.409137784692069, 52.430742554119483 ], [ 13.409138108341201, 52.430733567289479 ], [ 13.409123405906142, 52.430733369458807 ], [ 13.409123729558093, 52.430724382628867 ], [ 13.409094324694458, 52.430723986962207 ], [ 13.40909400103653, 52.430732973792018 ], [ 13.409064596167601, 52.430732578117912 ], [ 13.409063948839282, 52.430750551777258 ], [ 13.409049246399098, 52.430750353937341 ], [ 13.409048599064118, 52.43076832759651 ], [ 13.409063301510278, 52.430768525436562 ], [ 13.409062977845521, 52.430777512266175 ], [ 13.409077680294839, 52.430777710104465 ], [ 13.409077356632899, 52.430786696934149 ], [ 13.409092059085376, 52.430786894770662 ], [ 13.409091735426252, 52.430795881600389 ], [ 13.409135842793672, 52.430796475099179 ], [ 13.40913649009382, 52.430778501439349 ] ] ] } },
{ "type": "Feature", "properties": { "id": 2627, "art": "NOT-ALKIS-Gebäude" }, "geometry": { "type": "Polygon", "coordinates": [ [ [ 13.414239524663852, 52.412370155764144 ], [ 13.414238557469263, 52.412397116404946 ], [ 13.414253253842709, 52.412397313551722 ], [ 13.414252931447157, 52.412406300432025 ], [ 13.414267627823758, 52.412406497577059 ], [ 13.414267305431022, 52.412415484457405 ], [ 13.4142966981907, 52.412415878742117 ], [ 13.414297342964066, 52.412397904981155 ], [ 13.414282646590109, 52.41239770783983 ], [ 13.414283291368765, 52.412379734078939 ], [ 13.41426859500095, 52.412379536935916 ], [ 13.414268917393006, 52.412370550055527 ], [ 13.414239524663852, 52.412370155764144 ] ] ] } },
{ "type": "Feature", "properties": { "id": 2635, "art": "NOT-ALKIS-Gebäude" }, "geometry": { "type": "Polygon", "coordinates": [ [ [ 13.418073030222525, 52.412484457344078 ], [ 13.418102423082088, 52.4124848506831 ], [ 13.418102744696116, 52.41247586378622 ], [ 13.418117441123167, 52.412476060452924 ], [ 13.418118084344744, 52.41245808665898 ], [ 13.418103387923662, 52.412457889992389 ], [ 13.418103709537181, 52.412448903095459 ], [ 13.418089013119253, 52.412448706427107 ], [ 13.418089656351752, 52.412430732633325 ], [ 13.418074959939965, 52.412430535963274 ], [ 13.418075281558943, 52.41242154906643 ], [ 13.418045888741846, 52.412421155720992 ], [ 13.418045567116895, 52.412430142617715 ], [ 13.418016174294506, 52.412429749264838 ], [ 13.418015852663418, 52.412438736161427 ], [ 13.418001156249492, 52.412438539482189 ], [ 13.418000191346254, 52.412465500171656 ], [ 13.418014887769134, 52.412465696851086 ], [ 13.41801424450543, 52.412483670644114 ], [ 13.41802894093445, 52.412483867321839 ], [ 13.418028619305327, 52.412492854218414 ], [ 13.418072708602358, 52.41249344424083 ], [ 13.418073030222525, 52.412484457344078 ] ] ] } },
{ "type": "Feature", "properties": { "id": 2897, "art": "NOT-ALKIS-Gebäude" }, "geometry": { "type": "Polygon", "coordinates": [ [ [ 13.409508062631765, 52.413511411894433 ], [ 13.409493365921772, 52.41351121415493 ], [ 13.409493042545758, 52.413520201012794 ], [ 13.40947834583295, 52.413520003271415 ], [ 13.409477375694927, 52.413546963844766 ], [ 13.409521465860726, 52.413547557064035 ], [ 13.409522435971885, 52.413520596490116 ], [ 13.409507739258737, 52.413520398752368 ], [ 13.409508062631765, 52.413511411894433 ] ] ] } },
{ "type": "Feature", "properties": { "id": 2965, "art": "NOT-ALKIS-Gebäude" }, "geometry": { "type": "Polygon", "coordinates": [ [ [ 13.416547371708818, 52.414028499781821 ], [ 13.416562068640939, 52.4140286966459 ], [ 13.416563034475534, 52.414001735982325 ], [ 13.416548337552365, 52.414001539118438 ], [ 13.416548981447217, 52.413983565342754 ], [ 13.41653428453019, 52.413983368477162 ], [ 13.416534928430332, 52.413965394701556 ], [ 13.416520231519444, 52.413965197834258 ], [ 13.416520553472246, 52.413956210946495 ], [ 13.416491159656951, 52.413955817206556 ], [ 13.416490837698181, 52.413964804094199 ], [ 13.4164761407878, 52.41396460722143 ], [ 13.416475818825875, 52.413973594108988 ], [ 13.416461121912681, 52.413973397234322 ], [ 13.4164607999476, 52.413982384121795 ], [ 13.416475496863777, 52.413982580996525 ], [ 13.416475174901512, 52.413991567884054 ], [ 13.416489871820845, 52.413991764757014 ], [ 13.416489227901774, 52.414009738532151 ], [ 13.416503924827246, 52.414009935403413 ], [ 13.416503602870442, 52.414018922291021 ], [ 13.416518299799071, 52.414019119160521 ], [ 13.416517977845078, 52.414028106048185 ], [ 13.416532674776864, 52.414028302915909 ], [ 13.416532352825689, 52.414037289803609 ], [ 13.416547049760627, 52.414037486669592 ], [ 13.416547371708818, 52.414028499781821 ] ] ] } },
{ "type": "Feature", "properties": { "id": 3058, "art": "NOT-ALKIS-Gebäude" }, "geometry": { "type": "Polygon", "coordinates": [ [ [ 13.416537600321615, 52.414711700078023 ], [ 13.416552297480781, 52.4147118969451 ], [ 13.416552941390512, 52.414693923171569 ], [ 13.416538244237316, 52.414693726304606 ], [ 13.416538566194912, 52.414684739417893 ], [ 13.416494474745294, 52.414684148806252 ], [ 13.416493508845129, 52.414711109465813 ], [ 13.416508206003787, 52.414711306338376 ], [ 13.416507884039712, 52.414720293224931 ], [ 13.416537278363508, 52.414720686964699 ], [ 13.416537600321615, 52.414711700078023 ] ] ] } },
{ "type": "Feature", "properties": { "id": 3186, "art": "NOT-ALKIS-Gebäude" }, "geometry": { "type": "Polygon", "coordinates": [ [ [ 13.40306972559272, 52.415492590455052 ], [ 13.403084422915491, 52.415492788998186 ], [ 13.403085072318815, 52.415474815344432 ], [ 13.403099769635787, 52.415475013885612 ], [ 13.403100743730532, 52.415448053404667 ], [ 13.403115441038718, 52.415448251943836 ], [ 13.403116090428389, 52.415430278289683 ], [ 13.403101393126171, 52.415430079750642 ], [ 13.403101717823736, 52.415421092923602 ], [ 13.403057625927069, 52.415420497295742 ], [ 13.403057301220549, 52.415429484122576 ], [ 13.403042603919017, 52.415429285576238 ], [ 13.403041954499495, 52.415447259229765 ], [ 13.403027257192164, 52.415447060681466 ], [ 13.403025958339121, 52.415483007988072 ], [ 13.403040655658394, 52.415483206536621 ], [ 13.403040006236816, 52.415501180189956 ], [ 13.403069400887816, 52.415501577281844 ], [ 13.40306972559272, 52.415492590455052 ] ] ] } },
{ "type": "Feature", "properties": { "id": 3197, "art": "NOT-ALKIS-Gebäude" }, "geometry": { "type": "Polygon", "coordinates": [ [ [ 13.418132641130393, 52.415749060069899 ], [ 13.41814733864574, 52.415749256741428 ], [ 13.418148303573481, 52.415722296065105 ], [ 13.418133606067089, 52.415722099393768 ], [ 13.418133927712315, 52.415713112501685 ], [ 13.418089835203117, 52.415712522476895 ], [ 13.418088870240059, 52.415739483152507 ], [ 13.418103567751913, 52.415739679829457 ], [ 13.418103246100205, 52.415748666721356 ], [ 13.418117943615215, 52.415748863396544 ], [ 13.418117621966324, 52.415757850288493 ], [ 13.418132319484487, 52.415758046961919 ], [ 13.418132641130393, 52.415749060069899 ] ] ] } },
{ "type": "Feature", "properties": { "id": 3266, "art": "NOT-ALKIS-Gebäude" }, "geometry": { "type": "Polygon", "coordinates": [ [ [ 13.411417994418978, 52.41600967520052 ], [ 13.411432691973257, 52.416009872707349 ], [ 13.411433337994577, 52.415991898982291 ], [ 13.411374547802367, 52.415991108944532 ], [ 13.41137422477985, 52.416000095806808 ], [ 13.411359527229239, 52.415999898292746 ], [ 13.411358881177723, 52.416017872017136 ], [ 13.411417671405077, 52.416018662062967 ], [ 13.411417994418978, 52.41600967520052 ] ] ] } },
{ "type": "Feature", "properties": { "id": 3396, "art": "NOT-ALKIS-Gebäude" }, "geometry": { "type": "Polygon", "coordinates": [ [ [ 13.420952729096449, 52.416809978615987 ], [ 13.420961786060985, 52.416819480102625 ], [ 13.420962699638038, 52.416793909668478 ], [ 13.420977397520812, 52.416794105990952 ], [ 13.420978360758941, 52.416767145282634 ], [ 13.42094896501148, 52.416766752636228 ], [ 13.4209486439263, 52.416775739538892 ], [ 13.420933946049837, 52.416775543212879 ], [ 13.420932982784329, 52.416802503920565 ], [ 13.420918284899079, 52.41680230759254 ], [ 13.420917642715255, 52.416820281397477 ], [ 13.420902944824205, 52.416820085067492 ], [ 13.420902302633731, 52.416838058872244 ], [ 13.420913540645781, 52.416838208986398 ], [ 13.420903405182532, 52.416827778685672 ], [ 13.420952729096449, 52.416809978615987 ] ] ] } },
{ "type": "Feature", "properties": { "id": 3401, "art": "NOT-ALKIS-Gebäude" }, "geometry": { "type": "Polygon", "coordinates": [ [ [ 13.414552504590908, 52.416762060320274 ], [ 13.414567202417629, 52.416762257439466 ], [ 13.414568169564014, 52.416735296814394 ], [ 13.414582867381945, 52.416735493931562 ], [ 13.414583189760748, 52.416726507056453 ], [ 13.414597887575864, 52.416726704171722 ], [ 13.414598532326989, 52.416708730421327 ], [ 13.414613230136306, 52.41670892753465 ], [ 13.414613552508627, 52.416699940659349 ], [ 13.414598854702296, 52.416699743546097 ], [ 13.414599177077433, 52.41669075667086 ], [ 13.414525688063259, 52.416689771077493 ], [ 13.414524720892553, 52.416716731702209 ], [ 13.414510023081272, 52.416716534577851 ], [ 13.41450841111177, 52.416761468951769 ], [ 13.41452310893798, 52.416761666076432 ], [ 13.414522786546554, 52.416770652951236 ], [ 13.414552182205457, 52.416771047195205 ], [ 13.414552504590908, 52.416762060320274 ] ] ] } },
{ "type": "Feature", "properties": { "id": 3458, "art": "NOT-ALKIS-Gebäude" }, "geometry": { "type": "Polygon", "coordinates": [ [ [ 13.404682515889236, 52.416845065542766 ], [ 13.40469721367319, 52.416845263888987 ], [ 13.404697538062909, 52.416836277057129 ], [ 13.40471223584405, 52.416836475401468 ], [ 13.404712560230612, 52.416827488569531 ], [ 13.404639071341549, 52.416826496829898 ], [ 13.404638098136566, 52.416853457324699 ], [ 13.404682191496359, 52.416854052374539 ], [ 13.404682515889236, 52.416845065542766 ] ] ] } },
{ "type": "Feature", "properties": { "id": 3484, "art": "NOT-ALKIS-Gebäude" }, "geometry": { "type": "Polygon", "coordinates": [ [ [ 13.418728852106424, 52.41716865418865 ], [ 13.418743550097968, 52.417168850789764 ], [ 13.418745479323468, 52.417114929434497 ], [ 13.418686687429965, 52.417114143020562 ], [ 13.418686365880861, 52.417123129912888 ], [ 13.418671667904924, 52.417122933304775 ], [ 13.418670703247644, 52.417149893981488 ], [ 13.418656005262918, 52.41714969737135 ], [ 13.418655683707165, 52.417158684263498 ], [ 13.418670381694877, 52.417158880873686 ], [ 13.41867006014194, 52.417167867765876 ], [ 13.418684758132807, 52.417168064374316 ], [ 13.418684436582689, 52.417177051266549 ], [ 13.418728530565263, 52.417177641081075 ], [ 13.418728852106424, 52.41716865418865 ] ] ] } },
{ "type": "Feature", "properties": { "id": 3509, "art": "NOT-ALKIS-Gebäude" }, "geometry": { "type": "Polygon", "coordinates": [ [ [ 13.423161881715403, 52.417389709119782 ], [ 13.423176579811823, 52.417389905170459 ], [ 13.423178183006947, 52.41734497061352 ], [ 13.423163484925455, 52.417344774563176 ], [ 13.423163164283782, 52.41735376147453 ], [ 13.423148466199475, 52.417353565422282 ], [ 13.423148145554649, 52.417362552333557 ], [ 13.423133447467524, 52.417362356279419 ], [ 13.423133126819543, 52.417371343190602 ], [ 13.423118428729602, 52.417371147134588 ], [ 13.423117787427159, 52.417389120956805 ], [ 13.423132485523071, 52.417389317012962 ], [ 13.423132164874582, 52.417398303924109 ], [ 13.423161561072886, 52.417398696031057 ], [ 13.423161881715403, 52.417389709119782 ] ] ] } },
{ "type": "Feature", "properties": { "id": 3552, "art": "NOT-ALKIS-Gebäude" }, "geometry": { "type": "Polygon", "coordinates": [ [ [ 13.421866781742292, 52.417830977894717 ], [ 13.421896178210421, 52.417831370318495 ], [ 13.421896820019789, 52.417813396508187 ], [ 13.421882121791612, 52.417813200297346 ], [ 13.421882763606273, 52.417795226487108 ], [ 13.421868065384237, 52.417795030274554 ], [ 13.4218683862943, 52.417786043369475 ], [ 13.421853688075418, 52.417785847155173 ], [ 13.421853367162369, 52.417794834060167 ], [ 13.421838668940671, 52.417794637843976 ], [ 13.421838027108093, 52.417812611653829 ], [ 13.421823328880594, 52.417812415435677 ], [ 13.421822366121502, 52.417839376150155 ], [ 13.421866460831383, 52.417839964799718 ], [ 13.421866781742292, 52.417830977894717 ] ] ] } },
{ "type": "Feature", "properties": { "id": 3575, "art": "NOT-ALKIS-Gebäude" }, "geometry": { "type": "Polygon", "coordinates": [ [ [ 13.417332975259518, 52.417959182027758 ], [ 13.417347673504006, 52.417959378804447 ], [ 13.417348317165738, 52.417941405033936 ], [ 13.41733361892722, 52.417941208257368 ], [ 13.417333940760816, 52.417932221372155 ], [ 13.417304544290262, 52.417931827813668 ], [ 13.417304866129662, 52.417922840928568 ], [ 13.417260771434062, 52.41792225057732 ], [ 13.417260449585706, 52.417931237462227 ], [ 13.417253328291064, 52.417931142118938 ], [ 13.417245331560235, 52.417942762268659 ], [ 13.417245107648002, 52.417949014444424 ], [ 13.417259805888486, 52.417949211232013 ], [ 13.41725948403962, 52.417958198116878 ], [ 13.417288880527069, 52.417958591686713 ], [ 13.417288558684008, 52.417967578571691 ], [ 13.417332653425412, 52.417968168912928 ], [ 13.417332975259518, 52.417959182027758 ] ] ] } },
{ "type": "Feature", "properties": { "id": 3592, "art": "NOT-ALKIS-Gebäude" }, "geometry": { "type": "Polygon", "coordinates": [ [ [ 13.407933061945284, 52.418048752502671 ], [ 13.40794776015267, 52.418048950448018 ], [ 13.407948731381069, 52.418021989915331 ], [ 13.407904636786299, 52.418021396074366 ], [ 13.407904313034713, 52.418030382918424 ], [ 13.407889614833813, 52.418030184967712 ], [ 13.407888967324157, 52.418048158655651 ], [ 13.407903665531029, 52.418048356606484 ], [ 13.40790334177893, 52.418057343450492 ], [ 13.407932738199159, 52.4180577393468 ], [ 13.407933061945284, 52.418048752502671 ] ] ] } },
{ "type": "Feature", "properties": { "id": 3659, "art": "NOT-ALKIS-Gebäude" }, "geometry": { "type": "Polygon", "coordinates": [ [ [ 13.416813163580816, 52.418923270656713 ], [ 13.416827862142183, 52.418923467500527 ], [ 13.416828506037646, 52.418905493737476 ], [ 13.416813807482253, 52.418905296893776 ], [ 13.416814129432717, 52.418896310012293 ], [ 13.416784732328409, 52.418895916319542 ], [ 13.416785054284674, 52.418886929438173 ], [ 13.416755657187018, 52.418886535738231 ], [ 13.416755979149086, 52.418877548856976 ], [ 13.416711883512832, 52.418876958293573 ], [ 13.416712205483689, 52.418867971412496 ], [ 13.416682808399674, 52.418867577694549 ], [ 13.416682486422847, 52.418876564575505 ], [ 13.416667787878106, 52.418876367713743 ], [ 13.416667465898124, 52.418885354594615 ], [ 13.416682164445847, 52.418885551456455 ], [ 13.41668184246868, 52.418894538337369 ], [ 13.416696541019562, 52.418894735197455 ], [ 13.41669621904521, 52.418903722078433 ], [ 13.416710917599246, 52.418903918936742 ], [ 13.416710595627713, 52.418912905817763 ], [ 13.416725294184904, 52.41891310267431 ], [ 13.416724972216183, 52.418922089555387 ], [ 13.416754369337049, 52.418922483263131 ], [ 13.416754047374132, 52.418931470144322 ], [ 13.416812841629843, 52.418932257538138 ], [ 13.416813163580816, 52.418923270656713 ] ] ] } },
{ "type": "Feature", "properties": { "id": 3703, "art": "NOT-ALKIS-Gebäude" }, "geometry": { "type": "Polygon", "coordinates": [ [ [ 13.411086712004897, 52.41908920498085 ], [ 13.411086388887778, 52.419098191837136 ], [ 13.411071690309134, 52.419097994279177 ], [ 13.41107136718886, 52.419106981135378 ], [ 13.411086065770489, 52.419107178693423 ], [ 13.411084773299631, 52.419143126118371 ], [ 13.411099471893376, 52.419143323674824 ], [ 13.41109979500836, 52.419134336818551 ], [ 13.411129192190389, 52.419134731925851 ], [ 13.4111298384079, 52.419116758212986 ], [ 13.411144536993199, 52.419116955763783 ], [ 13.411145183204058, 52.419098982050741 ], [ 13.411115786045579, 52.419098586947591 ], [ 13.411116109156724, 52.419089600091169 ], [ 13.411086712004897, 52.41908920498085 ] ] ] } },
{ "type": "Feature", "properties": { "id": 3735, "art": "NOT-ALKIS-Gebäude" }, "geometry": { "type": "Polygon", "coordinates": [ [ [ 13.412810816571319, 52.41940008362316 ], [ 13.412825515262796, 52.419400280965739 ], [ 13.412826806330015, 52.419364333512043 ], [ 13.412812107650481, 52.419364136169726 ], [ 13.412814044264122, 52.41931021498911 ], [ 13.412740550958597, 52.419309228252018 ], [ 13.412740228175153, 52.419318215115162 ], [ 13.412696132184923, 52.419317623050794 ], [ 13.41269580939235, 52.419326609913746 ], [ 13.412681110726295, 52.419326412555243 ], [ 13.412679173949368, 52.419380333732235 ], [ 13.412693872633339, 52.419380531091129 ], [ 13.41269322704564, 52.419398504816797 ], [ 13.412707925735754, 52.419398702173979 ], [ 13.412707602944636, 52.419407689036859 ], [ 13.412810493801103, 52.419409070486481 ], [ 13.412810816571319, 52.41940008362316 ] ] ] } },
{ "type": "Feature", "properties": { "id": 3758, "art": "NOT-ALKIS-Gebäude" }, "geometry": { "type": "Polygon", "coordinates": [ [ [ 13.411645098381593, 52.419510303802326 ], [ 13.411674495821424, 52.419510698776044 ], [ 13.41167481882378, 52.41950171191781 ], [ 13.411689517540964, 52.419501909401866 ], [ 13.411690809536745, 52.419465961968569 ], [ 13.411676110831506, 52.419465764484769 ], [ 13.411676433833009, 52.419456777626465 ], [ 13.411647036429011, 52.419456382653529 ], [ 13.411646713421534, 52.419465369511698 ], [ 13.41158791860364, 52.419464579543636 ], [ 13.411586303503977, 52.419509513832992 ], [ 13.411601002223126, 52.419509711328061 ], [ 13.411600679205669, 52.419518698185946 ], [ 13.411644775373095, 52.419519290660403 ], [ 13.411645098381593, 52.419510303802326 ] ] ] } },
{ "type": "Feature", "properties": { "id": 3919, "art": "NOT-ALKIS-Gebäude" }, "geometry": { "type": "Polygon", "coordinates": [ [ [ 13.412124033217612, 52.42050576933061 ], [ 13.412109334163514, 52.420505571897941 ], [ 13.412110302939602, 52.42047861132211 ], [ 13.412095603894635, 52.420478413887807 ], [ 13.412095926822644, 52.420469427029232 ], [ 13.412110625864626, 52.420469624463472 ], [ 13.41211127171416, 52.420451650746152 ], [ 13.411993679430847, 52.420450071222106 ], [ 13.411993356482274, 52.420459058080262 ], [ 13.41197865744464, 52.42045886063147 ], [ 13.411978334492911, 52.420467847489547 ], [ 13.411963635452462, 52.420467650038873 ], [ 13.411962989542522, 52.420485623754878 ], [ 13.411977688588944, 52.420485821205673 ], [ 13.411977042684294, 52.420503794921736 ], [ 13.411991741736859, 52.420503992370847 ], [ 13.411991095837502, 52.420521966086966 ], [ 13.41200579489621, 52.420522163534379 ], [ 13.412006117842989, 52.420513176676252 ], [ 13.412020816898881, 52.420513374121768 ], [ 13.412020171011125, 52.420531347838129 ], [ 13.412034870073162, 52.420531545281946 ], [ 13.412034547132015, 52.420540532140159 ], [ 13.412122741525719, 52.420541716765086 ], [ 13.412124033217612, 52.42050576933061 ] ] ] } },
{ "type": "Feature", "properties": { "id": 3977, "art": "NOT-ALKIS-Gebäude" }, "geometry": { "type": "Polygon", "coordinates": [ [ [ 13.420517465196049, 52.421022811725209 ], [ 13.42053216448185, 52.421023008114048 ], [ 13.420532806919738, 52.421005034325304 ], [ 13.420518107639909, 52.421004837936593 ], [ 13.420518428861586, 52.420995851042264 ], [ 13.420503729584913, 52.420995654651783 ], [ 13.420504050809409, 52.420986667757511 ], [ 13.420459952989367, 52.420986078575311 ], [ 13.42046027422265, 52.420977091681195 ], [ 13.420430875682776, 52.420976698884068 ], [ 13.420429911964499, 52.421003659565969 ], [ 13.42044461124331, 52.421003855965637 ], [ 13.420443968769584, 52.421021829753613 ], [ 13.420458668054538, 52.421022026151597 ], [ 13.420458346820407, 52.421031013045628 ], [ 13.420517143973864, 52.421031798619488 ], [ 13.420517465196049, 52.421022811725209 ] ] ] } },
{ "type": "Feature", "properties": { "id": 4101, "art": "NOT-ALKIS-Gebäude" }, "geometry": { "type": "Polygon", "coordinates": [ [ [ 13.41571185268042, 52.421749733408568 ], [ 13.41572655217389, 52.421749930396672 ], [ 13.415727196582822, 52.421731956651826 ], [ 13.415712497095324, 52.421731759663857 ], [ 13.415712819302524, 52.421722772791462 ], [ 13.415683420334011, 52.421722378810152 ], [ 13.415683098120839, 52.421731365682412 ], [ 13.415668398633853, 52.42173116868895 ], [ 13.415667754201028, 52.421749142433292 ], [ 13.415682453693988, 52.421749339426874 ], [ 13.41568213148031, 52.421758326299084 ], [ 13.415711530472713, 52.421758720280899 ], [ 13.41571185268042, 52.421749733408568 ] ] ] } },
{ "type": "Feature", "properties": { "id": 4151, "art": "NOT-ALKIS-Gebäude" }, "geometry": { "type": "Polygon", "coordinates": [ [ [ 13.405263579378831, 52.4219329365433 ], [ 13.405278278858779, 52.421933134830681 ], [ 13.405278603189862, 52.421924148004052 ], [ 13.405263903712902, 52.421923949716735 ], [ 13.405264876714091, 52.421896989236984 ], [ 13.405220778311115, 52.421896394364637 ], [ 13.405220453968598, 52.421905381191046 ], [ 13.405205754498295, 52.421905182896545 ], [ 13.405204781460755, 52.4219321433755 ], [ 13.405219480940017, 52.4219323416702 ], [ 13.405219156596816, 52.421941328496537 ], [ 13.405233856079235, 52.42194152678946 ], [ 13.405233207398291, 52.421959500442235 ], [ 13.405247906886856, 52.421959698733467 ], [ 13.405246933873116, 52.421986659212713 ], [ 13.405276332868675, 52.421987055790069 ], [ 13.405276981532728, 52.421969082137004 ], [ 13.405262282040834, 52.421968883849367 ], [ 13.405263579378831, 52.4219329365433 ] ] ] } },
{ "type": "Feature", "properties": { "id": 4216, "art": "NOT-ALKIS-Gebäude" }, "geometry": { "type": "Polygon", "coordinates": [ [ [ 13.410621942914135, 52.42260750661864 ], [ 13.410636642656677, 52.422607704241699 ], [ 13.410637289155412, 52.422589730543748 ], [ 13.410593189946226, 52.422589137669462 ], [ 13.410592866687983, 52.42259812451826 ], [ 13.410578166948941, 52.422597926889772 ], [ 13.410577520425971, 52.422615900587189 ], [ 13.410621619661525, 52.422616493467537 ], [ 13.410621942914135, 52.42260750661864 ] ] ] } },
{ "type": "Feature", "properties": { "id": 4263, "art": "NOT-ALKIS-Gebäude" }, "geometry": { "type": "Polygon", "coordinates": [ [ [ 13.406895785312948, 52.422755159603476 ], [ 13.406910485078013, 52.422755357690129 ], [ 13.406911133095484, 52.422737384025133 ], [ 13.406873181257808, 52.422736872601618 ], [ 13.406852334060138, 52.422736591668084 ], [ 13.406852221754621, 52.422739706504153 ], [ 13.406852010039543, 52.42274557850034 ], [ 13.406837310278148, 52.42274538040644 ], [ 13.406836662230468, 52.422763354070781 ], [ 13.406895461300969, 52.422764146435895 ], [ 13.406895785312948, 52.422755159603476 ] ] ] } },
{ "type": "Feature", "properties": { "id": 4299, "art": "NOT-ALKIS-Gebäude" }, "geometry": { "type": "Polygon", "coordinates": [ [ [ 13.408124738448008, 52.422933555591335 ], [ 13.408095338782173, 52.422933159717168 ], [ 13.408095015012025, 52.42294214655454 ], [ 13.408080315176377, 52.42294194861465 ], [ 13.408079343855945, 52.42296890912651 ], [ 13.408094043700553, 52.422969107066592 ], [ 13.408093719929722, 52.4229780939039 ], [ 13.408108419777486, 52.422978291842213 ], [ 13.408108096009469, 52.422987278679599 ], [ 13.408137495711484, 52.422987674550875 ], [ 13.40813911451999, 52.422942740363254 ], [ 13.408124414683831, 52.422942542428842 ], [ 13.408124738448008, 52.422933555591335 ] ] ] } },
{ "type": "Feature", "properties": { "id": 4349, "art": "NOT-ALKIS-Gebäude" }, "geometry": { "type": "Polygon", "coordinates": [ [ [ 13.421847716308671, 52.423306355136823 ], [ 13.421862416363348, 52.423306551366245 ], [ 13.421863058313155, 52.423288577572961 ], [ 13.42184835826445, 52.423288381343674 ], [ 13.421848679242085, 52.423279394447064 ], [ 13.421804579105947, 52.423278805748424 ], [ 13.42180425811935, 52.423287792644835 ], [ 13.421789558071323, 52.42328759640823 ], [ 13.421788916091648, 52.423305570200867 ], [ 13.421803616145651, 52.423305766437601 ], [ 13.421803295158547, 52.423314753333955 ], [ 13.421847395330525, 52.423315342033355 ], [ 13.421847716308671, 52.423306355136823 ] ] ] } },
{ "type": "Feature", "properties": { "id": 4388, "art": "NOT-ALKIS-Gebäude" }, "geometry": { "type": "Polygon", "coordinates": [ [ [ 13.423858099108127, 52.423432077504842 ], [ 13.423872799218834, 52.423432273484693 ], [ 13.42387440205542, 52.423387338958889 ], [ 13.423889102151364, 52.423387534936587 ], [ 13.423890384405642, 52.423351587315437 ], [ 13.423875684321644, 52.423351391337995 ], [ 13.423876646019535, 52.423324430622252 ], [ 13.423817845721084, 52.423323646694897 ], [ 13.423818807453294, 52.423296685979771 ], [ 13.423804107388063, 52.423296489993575 ], [ 13.42380442796812, 52.423287503088453 ], [ 13.423745627720837, 52.423286719125649 ], [ 13.423745307128836, 52.423295706030437 ], [ 13.423730607064451, 52.423295510035111 ], [ 13.423730286469294, 52.423304496939814 ], [ 13.423715586402091, 52.423304300942597 ], [ 13.42371205981136, 52.423403156892675 ], [ 13.42369735971147, 52.423402960892936 ], [ 13.423696397901486, 52.423429921606093 ], [ 13.423711098010335, 52.423430117606031 ], [ 13.423710777409656, 52.423439104510436 ], [ 13.423784277971372, 52.423440084483005 ], [ 13.423783957385458, 52.423449071387722 ], [ 13.423857457966335, 52.423450051314944 ], [ 13.423858099108127, 52.423432077504842 ] ] ] } },
{ "type": "Feature", "properties": { "id": 4794, "art": "NOT-ALKIS-Gebäude" }, "geometry": { "type": "Polygon", "coordinates": [ [ [ 13.404086465970657, 52.423985028385054 ], [ 13.404101166124697, 52.423985226824165 ], [ 13.404101490719135, 52.423976240005835 ], [ 13.40411619087036, 52.423976438443034 ], [ 13.404116515461638, 52.423967451624634 ], [ 13.404101815313402, 52.423967253187477 ], [ 13.404102464501419, 52.423949279550733 ], [ 13.404087764359327, 52.423949081111886 ], [ 13.404088413552635, 52.423931107475198 ], [ 13.404073713416688, 52.423930909034652 ], [ 13.404074038016072, 52.423921922216351 ], [ 13.404059337883281, 52.423921723774043 ], [ 13.404059662485482, 52.423912736955792 ], [ 13.404044962355849, 52.423912538511715 ], [ 13.404045286960864, 52.42390355169352 ], [ 13.40403058683439, 52.423903353247681 ], [ 13.404030911442222, 52.423894366429536 ], [ 13.403972110949985, 52.423893572628174 ], [ 13.403970812469845, 52.423929519899659 ], [ 13.403985512604594, 52.423929718353001 ], [ 13.403984863369471, 52.423947691988786 ], [ 13.403999563510366, 52.423947890440431 ], [ 13.403999238895535, 52.423956877258355 ], [ 13.404013939039586, 52.423957075708223 ], [ 13.404013614427571, 52.423966062526212 ], [ 13.404028314574782, 52.423966260974325 ], [ 13.40402766535621, 52.423984234610373 ], [ 13.404042365509564, 52.423984433056781 ], [ 13.404042040903009, 52.423993419874847 ], [ 13.404086141373062, 52.42399401520332 ], [ 13.404086465970657, 52.423985028385054 ] ] ] } },
{ "type": "Feature", "properties": { "id": 5744, "art": "NOT-ALKIS-Gebäude" }, "geometry": { "type": "Polygon", "coordinates": [ [ [ 13.406868425488355, 52.426369251760519 ], [ 13.406883126455364, 52.426369449860061 ], [ 13.406883450511973, 52.426360463033227 ], [ 13.406898151476165, 52.426360661130879 ], [ 13.406898475529616, 52.426351674303945 ], [ 13.406927877452539, 52.426352070493635 ], [ 13.406928525546977, 52.426334096839476 ], [ 13.406913824591404, 52.426333898745675 ], [ 13.406914148641356, 52.426324911918627 ], [ 13.406870045784627, 52.42632431762646 ], [ 13.406869397666631, 52.426342291280129 ], [ 13.406854696708756, 52.42634209317896 ], [ 13.406854048584101, 52.426360066832444 ], [ 13.406839347620423, 52.426359868729314 ], [ 13.406839023554852, 52.426368855555971 ], [ 13.406853724521518, 52.426369053659165 ], [ 13.406853400458765, 52.426378040485872 ], [ 13.406868101428589, 52.426378238587297 ], [ 13.406868425488355, 52.426369251760519 ] ] ] } },
{ "type": "Feature", "properties": { "id": 6009, "art": "NOT-ALKIS-Gebäude" }, "geometry": { "type": "Polygon", "coordinates": [ [ [ 13.424073945836604, 52.433873704787509 ], [ 13.424088649422846, 52.433873900767736 ], [ 13.424088970067313, 52.433864913877542 ], [ 13.424103673650741, 52.433865109855788 ], [ 13.424103994292047, 52.433856122965608 ], [ 13.424118697872654, 52.433856318941956 ], [ 13.424119018510801, 52.433847332051684 ], [ 13.424104314933182, 52.433847136075414 ], [ 13.42410463557415, 52.433838149185199 ], [ 13.424089931999687, 52.43383795320716 ], [ 13.424090252643476, 52.433828966316987 ], [ 13.424075549072171, 52.433828770337179 ], [ 13.424075869718777, 52.433819783447063 ], [ 13.424031759014845, 52.433819195496859 ], [ 13.424031438359274, 52.433828182386776 ], [ 13.424016734788648, 52.433827986399649 ], [ 13.424016414129918, 52.433836973289495 ], [ 13.424001710556471, 52.433836777300492 ], [ 13.424000427907906, 52.433872724859448 ], [ 13.424015131493302, 52.433872920848813 ], [ 13.42401481083373, 52.433881907738488 ], [ 13.424029514422291, 52.433882103725992 ], [ 13.424029193765534, 52.433891090615809 ], [ 13.424073304541192, 52.433891678567534 ], [ 13.424073945836604, 52.433873704787509 ] ] ] } },
{ "type": "Feature", "properties": { "id": 6021, "art": "NOT-ALKIS-Gebäude" }, "geometry": { "type": "Polygon", "coordinates": [ [ [ 13.411259409590265, 52.435554390040558 ], [ 13.411274113644959, 52.435554587618299 ], [ 13.411275083456589, 52.435527627122383 ], [ 13.411289787502486, 52.435527824698099 ], [ 13.411290434036742, 52.435509851033949 ], [ 13.411275729996822, 52.435509653458368 ], [ 13.411276053266681, 52.435500666626332 ], [ 13.41124664519333, 52.435500271469813 ], [ 13.41124632191749, 52.435509258301714 ], [ 13.411231617878082, 52.435509060720655 ], [ 13.411231294599084, 52.43551804755247 ], [ 13.411216590556858, 52.435517849969507 ], [ 13.411215943992374, 52.435535823632982 ], [ 13.411201239944338, 52.435535626048065 ], [ 13.411200916658851, 52.435544612879731 ], [ 13.411215620709873, 52.435544810464712 ], [ 13.411215297427205, 52.4355537972964 ], [ 13.411230001481387, 52.435553994879619 ], [ 13.411229678201536, 52.435562981711378 ], [ 13.411259086316393, 52.435563376872437 ], [ 13.411259409590265, 52.435554390040558 ] ] ] } },
{ "type": "Feature", "properties": { "id": 6023, "art": "NOT-ALKIS-Gebäude" }, "geometry": { "type": "Polygon", "coordinates": [ [ [ 13.422846899272983, 52.435691540814361 ], [ 13.422832195090553, 52.435691344675135 ], [ 13.42283251601163, 52.435682357793233 ], [ 13.422803107653255, 52.43568196550941 ], [ 13.42280342858014, 52.435672978627622 ], [ 13.422759316052817, 52.435672390188358 ], [ 13.422758995116967, 52.435681377069947 ], [ 13.422744290938542, 52.435681180919801 ], [ 13.422743649060353, 52.435699154682823 ], [ 13.42272894487612, 52.435698958530715 ], [ 13.422728623933779, 52.43570794541224 ], [ 13.422743328121001, 52.435708141564398 ], [ 13.422743007181488, 52.435717128445773 ], [ 13.422787119753137, 52.435717716891467 ], [ 13.422786798822418, 52.435726703773121 ], [ 13.422845615598945, 52.435727488342046 ], [ 13.422846899272983, 52.435691540814361 ] ] ] } },
{ "type": "Feature", "properties": { "id": 6050, "art": "NOT-ALKIS-Gebäude" }, "geometry": { "type": "Polygon", "coordinates": [ [ [ 13.413719236596965, 52.444479680993886 ], [ 13.41373394364066, 52.444479878289123 ], [ 13.413734912262813, 52.444452917802018 ], [ 13.413705498193538, 52.44445252321011 ], [ 13.413705175313677, 52.444461510039019 ], [ 13.413690468276304, 52.444461312740266 ], [ 13.413689499626724, 52.444488273226746 ], [ 13.413718913719583, 52.444488667822824 ], [ 13.413719236596965, 52.444479680993886 ] ] ] } },
{ "type": "Feature", "properties": { "id": 6066, "art": "NOT-ALKIS-Gebäude" }, "geometry": { "type": "Polygon", "coordinates": [ [ [ 13.417549281980797, 52.447641938509641 ], [ 13.417563990104894, 52.447642135336878 ], [ 13.417564956499101, 52.447615174814381 ], [ 13.417550248383979, 52.44761497798735 ], [ 13.417551214785629, 52.447588017464895 ], [ 13.417536506679651, 52.447587820636222 ], [ 13.417536828816186, 52.44757883379544 ], [ 13.417507412610719, 52.447578440132716 ], [ 13.417507090468202, 52.447587426973371 ], [ 13.417492382362733, 52.447587230139206 ], [ 13.417492060217056, 52.44759621697979 ], [ 13.417506768325516, 52.447596413814018 ], [ 13.417506124039631, 52.44761438749525 ], [ 13.417491415925191, 52.447614190660886 ], [ 13.417491093779002, 52.44762317750142 ], [ 13.417461677544646, 52.447622783827093 ], [ 13.417461355392305, 52.447631770667478 ], [ 13.417446647272392, 52.447631573827515 ], [ 13.41744632511689, 52.447640560667814 ], [ 13.417461033239796, 52.447640757507855 ], [ 13.417460711087115, 52.447649744348212 ], [ 13.417548959846066, 52.447650925350381 ], [ 13.417549281980797, 52.447641938509641 ] ] ] } },
{ "type": "Feature", "properties": { "id": 6220, "art": "NOT-ALKIS-Gebäude" }, "geometry": { "type": "Polygon", "coordinates": [ [ [ 13.409595951309768, 52.434767776269489 ], [ 13.409610655090793, 52.434767974051965 ], [ 13.409611302290472, 52.434750000400129 ], [ 13.409596598515423, 52.434749802617773 ], [ 13.409596922117995, 52.434740815791898 ], [ 13.409582218346108, 52.434740618007773 ], [ 13.409582541951497, 52.43473163118194 ], [ 13.409567838182769, 52.434731433396045 ], [ 13.409567514574389, 52.434740420221821 ], [ 13.409552810802841, 52.434740222434051 ], [ 13.409552487191304, 52.434749209259728 ], [ 13.409537783416939, 52.434749011470061 ], [ 13.409537459802241, 52.434757998295659 ], [ 13.409552163579594, 52.434758196085397 ], [ 13.409551839967714, 52.434767182911052 ], [ 13.409566543748229, 52.434767380699014 ], [ 13.409566220139167, 52.434776367524734 ], [ 13.409595627706683, 52.434776763095314 ], [ 13.409595951309768, 52.434767776269489 ] ] ] } },
{ "type": "Feature", "properties": { "id": 8891, "art": "NOT-ALKIS-Gebäude" }, "geometry": { "type": "Polygon", "coordinates": [ [ [ 13.417699056219311, 52.443463055926941 ], [ 13.417713762952742, 52.443463252724648 ], [ 13.417715695265516, 52.443409331637298 ], [ 13.417700988550028, 52.443409134839968 ], [ 13.417701310604551, 52.443400147992101 ], [ 13.417642483756254, 52.443399360784746 ], [ 13.417642161689768, 52.443408347632364 ], [ 13.417612748260655, 52.443407954017694 ], [ 13.417612426188024, 52.443416940865077 ], [ 13.417597719470733, 52.443416744054893 ], [ 13.417597397394937, 52.443425730902291 ], [ 13.417582690674825, 52.44342553409021 ], [ 13.417582046516742, 52.443443507784842 ], [ 13.41756733979082, 52.443443310970814 ], [ 13.417567017708533, 52.443452297818048 ], [ 13.417581724437445, 52.44345249463214 ], [ 13.41758140235798, 52.443461481479432 ], [ 13.417669642752958, 52.443462662326027 ], [ 13.417669320691264, 52.443471649173674 ], [ 13.417698734163597, 52.443472042774715 ], [ 13.417699056219311, 52.443463055926941 ] ] ] } },
{ "type": "Feature", "properties": { "id": 8903, "art": "NOT-ALKIS-Gebäude" }, "geometry": { "type": "Polygon", "coordinates": [ [ [ 13.419772064041018, 52.44350876007374 ], [ 13.419742650514825, 52.443508366988027 ], [ 13.419742328874426, 52.443517353844591 ], [ 13.419727622108589, 52.443517157299063 ], [ 13.419726335533339, 52.44355310472482 ], [ 13.419741042311129, 52.443553301270775 ], [ 13.419740720669884, 52.443562288127183 ], [ 13.419770134231966, 52.443562681213557 ], [ 13.419772064041018, 52.44350876007374 ] ] ] } },
{ "type": "Feature", "properties": { "id": 8951, "art": "NOT-ALKIS-Gebäude" }, "geometry": { "type": "Polygon", "coordinates": [ [ [ 13.418347408252336, 52.477521149194835 ], [ 13.418362126342998, 52.477521346000664 ], [ 13.418363415607232, 52.477485398806081 ], [ 13.418333979450043, 52.47748500519311 ], [ 13.418333657128247, 52.477493991991651 ], [ 13.418318939046912, 52.47749379518234 ], [ 13.418318616721951, 52.477502781980803 ], [ 13.418289180553799, 52.477502388356598 ], [ 13.418288858222674, 52.477511375154911 ], [ 13.418274140135859, 52.477511178339995 ], [ 13.418273817801566, 52.477520165138245 ], [ 13.41828853589138, 52.477520361953225 ], [ 13.418288213559915, 52.477529348751503 ], [ 13.418347085932854, 52.477530135993376 ], [ 13.418347408252336, 52.477521149194835 ] ] ] } },
{ "type": "Feature", "properties": { "id": 9215, "art": "NOT-ALKIS-Gebäude" }, "geometry": { "type": "Polygon", "coordinates": [ [ [ 13.410486437545387, 52.434141377369237 ], [ 13.410501141124282, 52.434141575039362 ], [ 13.410501787947066, 52.434123601377863 ], [ 13.410487084374147, 52.434123403707837 ], [ 13.410487731202226, 52.434105430046401 ], [ 13.410458324068852, 52.434105034701169 ], [ 13.410458000648921, 52.434114021531762 ], [ 13.410443297079501, 52.434113823856336 ], [ 13.410442650233151, 52.434131797517367 ], [ 13.410457353808548, 52.434131995192928 ], [ 13.410457030388104, 52.434140982023479 ], [ 13.410471733966659, 52.434141179697271 ], [ 13.410471410549034, 52.434150166527878 ], [ 13.41048611413075, 52.434150364199894 ], [ 13.410486437545387, 52.434141377369237 ] ] ] } },
{ "type": "Feature", "properties": { "id": 9627, "art": "NOT-ALKIS-Gebäude" }, "geometry": { "type": "Polygon", "coordinates": [ [ [ 13.419578860017957, 52.436573993478881 ], [ 13.419593564471151, 52.436574190024814 ], [ 13.419594316541586, 52.436553173338822 ], [ 13.419579927727952, 52.43654703425517 ], [ 13.419579824796841, 52.436547032879439 ], [ 13.419579826276172, 52.436546991539757 ], [ 13.419558173543246, 52.436537752311075 ], [ 13.41955073750751, 52.436537652915796 ], [ 13.419550845821879, 52.436534626139199 ], [ 13.419536419367731, 52.436528470363037 ], [ 13.41952165023064, 52.436528272945182 ], [ 13.419521865383894, 52.436522260731643 ], [ 13.419514665201401, 52.436519188411062 ], [ 13.419507267400473, 52.436519089524111 ], [ 13.419507375171014, 52.436516078025335 ], [ 13.419492884576282, 52.436509906101328 ], [ 13.419471156896304, 52.43650062449526 ], [ 13.419463797330154, 52.436500526116681 ], [ 13.419463475714299, 52.436509512982738 ], [ 13.419448771283559, 52.436509316420711 ], [ 13.419448449664545, 52.436518303286697 ], [ 13.419433745230984, 52.436518106722865 ], [ 13.419433101986471, 52.436536080454573 ], [ 13.419418397547105, 52.436535883888695 ], [ 13.419417432670091, 52.436562844486083 ], [ 13.419432137118424, 52.436563041052167 ], [ 13.419431815495402, 52.43657202791799 ], [ 13.419461224398557, 52.436572421044772 ], [ 13.419461546015601, 52.436563434178822 ], [ 13.419505659362637, 52.436564023855091 ], [ 13.419505337754561, 52.436573010721233 ], [ 13.419520042206901, 52.436573207276403 ], [ 13.419519720601647, 52.436582194142602 ], [ 13.419578538424661, 52.436582980345243 ], [ 13.419578860017957, 52.436573993478881 ] ] ] } },
{ "type": "Feature", "properties": { "id": 9678, "art": "NOT-ALKIS-Gebäude" }, "geometry": { "type": "Polygon", "coordinates": [ [ [ 13.416925504796025, 52.437131914699023 ], [ 13.416940209416106, 52.437132111576403 ], [ 13.416941175824812, 52.437105151013839 ], [ 13.416955880436097, 52.437105347889201 ], [ 13.416956202569002, 52.437096361034918 ], [ 13.416941497960707, 52.437096164159627 ], [ 13.416941820096433, 52.437087177305379 ], [ 13.416927115491298, 52.437086980428326 ], [ 13.416926793352582, 52.437095967282495 ], [ 13.416912088744628, 52.437095770403538 ], [ 13.41691176660275, 52.437104757257721 ], [ 13.41689706199198, 52.437104560376781 ], [ 13.416896095556371, 52.437131520938784 ], [ 13.416910800176113, 52.437131717819817 ], [ 13.416910478033559, 52.437140704673851 ], [ 13.41692518265646, 52.437140901553114 ], [ 13.416925504796025, 52.437131914699023 ] ] ] } },
{ "type": "Feature", "properties": { "id": 9708, "art": "NOT-ALKIS-Gebäude" }, "geometry": { "type": "Polygon", "coordinates": [ [ [ 13.411992034357544, 52.437272555061199 ], [ 13.412006738989364, 52.437272752552332 ], [ 13.412007062131062, 52.437263765719827 ], [ 13.412021766760061, 52.437263963209062 ], [ 13.412023059313194, 52.437228015878581 ], [ 13.412008354696152, 52.437227818389594 ], [ 13.412008677836997, 52.43721883155699 ], [ 13.41189104093071, 52.437217251579739 ], [ 13.411890394601018, 52.437235225243903 ], [ 13.411934508457534, 52.437235817749453 ], [ 13.4119341853014, 52.437244804581709 ], [ 13.411948889923568, 52.437245002079976 ], [ 13.411948243616768, 52.437262975744545 ], [ 13.411933538988622, 52.437262778246158 ], [ 13.411932892675164, 52.437280751910549 ], [ 13.41194759730929, 52.437280949409057 ], [ 13.411947274155294, 52.437289936241285 ], [ 13.411961978792577, 52.437290133738038 ], [ 13.411961655641401, 52.437299120570323 ], [ 13.411976360281844, 52.437299318065314 ], [ 13.411976037133485, 52.437308304897655 ], [ 13.411990741777089, 52.43730850239087 ], [ 13.411992034357544, 52.437272555061199 ] ] ] } },
{ "type": "Feature", "properties": { "id": 9849, "art": "NOT-ALKIS-Gebäude" }, "geometry": { "type": "Polygon", "coordinates": [ [ [ 13.416431399644608, 52.439013443100976 ], [ 13.416446104887525, 52.439013640044706 ], [ 13.416447071663383, 52.438986679497191 ], [ 13.416461776897501, 52.438986876438904 ], [ 13.41646209915279, 52.438977889589637 ], [ 13.416432688690699, 52.438977495704535 ], [ 13.416433010951799, 52.438968508855382 ], [ 13.416388895268909, 52.4389679180142 ], [ 13.416386961645959, 52.439021839107717 ], [ 13.41643107738266, 52.439022429950057 ], [ 13.416431399644608, 52.439013443100976 ] ] ] } },
{ "type": "Feature", "properties": { "id": 9853, "art": "NOT-ALKIS-Gebäude" }, "geometry": { "type": "Polygon", "coordinates": [ [ [ 13.421087507790247, 52.439228559484327 ], [ 13.421102213137797, 52.43922875584969 ], [ 13.421103177079248, 52.439201795242631 ], [ 13.42105906106401, 52.439201206141639 ], [ 13.421058097095653, 52.439228166748123 ], [ 13.421072802442865, 52.439228363117145 ], [ 13.42107248112273, 52.439237349985994 ], [ 13.421087186473098, 52.439237546353347 ], [ 13.421087507790247, 52.439228559484327 ] ] ] } },
{ "type": "Feature", "properties": { "id": 9881, "art": "NOT-ALKIS-Gebäude" }, "geometry": { "type": "Polygon", "coordinates": [ [ [ 13.423860036301313, 52.43986795707319 ], [ 13.423874741881349, 52.439868153095482 ], [ 13.423875704152746, 52.439841192455312 ], [ 13.423860998581679, 52.439840996433198 ], [ 13.42386131934146, 52.4398320095532 ], [ 13.423846613773554, 52.439831813529331 ], [ 13.423846934536156, 52.439822826649383 ], [ 13.423788112278176, 52.43982204253588 ], [ 13.423787791503615, 52.439831029415572 ], [ 13.423773085936554, 52.439830833382558 ], [ 13.423772765158834, 52.439839820262172 ], [ 13.423758059588952, 52.439839624227275 ], [ 13.423757738808073, 52.439848611106811 ], [ 13.423772444380944, 52.439848807141779 ], [ 13.42377212360288, 52.439857794021464 ], [ 13.423786829178912, 52.439857990054662 ], [ 13.423786508403676, 52.439866976934191 ], [ 13.423815919562225, 52.439867368995237 ], [ 13.423815598792798, 52.439876355874993 ], [ 13.423859715540855, 52.439876943953131 ], [ 13.423860036301313, 52.43986795707319 ] ] ] } },
{ "type": "Feature", "properties": { "id": 9887, "art": "NOT-ALKIS-Gebäude" }, "geometry": { "type": "Polygon", "coordinates": [ [ [ 13.413119841018696, 52.43986816241199 ], [ 13.413163957530985, 52.439868754479626 ], [ 13.413164128299831, 52.439864002242025 ], [ 13.413164280467491, 52.439859767646034 ], [ 13.413178985968939, 52.439859964998192 ], [ 13.413179954768463, 52.43983300449716 ], [ 13.413165249275984, 52.439832807145194 ], [ 13.413165572211808, 52.439823820311531 ], [ 13.413096872578821, 52.439822898318447 ], [ 13.413092044766922, 52.439822833524595 ], [ 13.413091721816148, 52.439831820357938 ], [ 13.413077016324694, 52.439831622994994 ], [ 13.413075401553328, 52.439876557161099 ], [ 13.413119518073053, 52.439877149245362 ], [ 13.413119841018696, 52.43986816241199 ] ] ] } },
{ "type": "Feature", "properties": { "id": 9894, "art": "NOT-ALKIS-Gebäude" }, "geometry": { "type": "Polygon", "coordinates": [ [ [ 13.411616324747623, 52.439946877418848 ], [ 13.411645735786648, 52.439947272506735 ], [ 13.411646059032963, 52.439938285679872 ], [ 13.411616647999917, 52.439937890592113 ], [ 13.411616971252041, 52.439928903765363 ], [ 13.411602265738765, 52.439928706218815 ], [ 13.411602912248478, 52.439910732565401 ], [ 13.411573501234395, 52.439910337467062 ], [ 13.411573177973644, 52.439919324293641 ], [ 13.41156584874755, 52.439919225833968 ], [ 13.411569301860823, 52.439928263391813 ], [ 13.411572854712722, 52.439928311120212 ], [ 13.411572550653345, 52.439936764129278 ], [ 13.411579664149999, 52.439955376104244 ], [ 13.411616001495158, 52.439955864245569 ], [ 13.411616324747623, 52.439946877418848 ] ] ] } },
{ "type": "Feature", "properties": { "id": 9895, "art": "NOT-ALKIS-Gebäude" }, "geometry": { "type": "Polygon", "coordinates": [ [ [ 13.423321009416451, 52.440130505376246 ], [ 13.423335715080087, 52.440130701466231 ], [ 13.423336035950094, 52.440121714588962 ], [ 13.423350741610909, 52.440121910677064 ], [ 13.423351383344436, 52.440103936922327 ], [ 13.423336677689599, 52.440103740834445 ], [ 13.423336998559103, 52.44009475395702 ], [ 13.423322292907425, 52.440094557867269 ], [ 13.423322613779746, 52.440085570989993 ], [ 13.423293202482881, 52.440085178805134 ], [ 13.423292881604578, 52.440094165682382 ], [ 13.423278175953412, 52.440093969587153 ], [ 13.423276892426562, 52.440129917095277 ], [ 13.423291598089685, 52.440130113190854 ], [ 13.423291277210543, 52.440139100067846 ], [ 13.423320688543281, 52.440139492253543 ], [ 13.423321009416451, 52.440130505376246 ] ] ] } },
{ "type": "Feature", "properties": { "id": 9909, "art": "NOT-ALKIS-Gebäude" }, "geometry": { "type": "Polygon", "coordinates": [ [ [ 13.415122240153023, 52.440236683377684 ], [ 13.415121595067799, 52.440254657060706 ], [ 13.415136300714638, 52.440254854170533 ], [ 13.41513597817476, 52.440263841012083 ], [ 13.415150683824759, 52.440264038120148 ], [ 13.415150361287703, 52.440273024961733 ], [ 13.415179772594188, 52.440273419172499 ], [ 13.415180417656174, 52.440255445489029 ], [ 13.415165712008825, 52.440255248384688 ], [ 13.415166034542553, 52.440246261542988 ], [ 13.415151328898363, 52.440246064436892 ], [ 13.415151651434911, 52.440237077595242 ], [ 13.415122240153023, 52.440236683377684 ] ] ] } },
{ "type": "Feature", "properties": { "id": 9921, "art": "NOT-ALKIS-Gebäude" }, "geometry": { "type": "Polygon", "coordinates": [ [ [ 13.416354936242321, 52.44032512899426 ], [ 13.416310819206149, 52.440324538113323 ], [ 13.41631049690443, 52.440333524959883 ], [ 13.416295791223057, 52.440333327995845 ], [ 13.416294179696964, 52.440378262228045 ], [ 13.416279474000811, 52.440378065261875 ], [ 13.416277862455519, 52.440422999493371 ], [ 13.416263156744588, 52.440422802525049 ], [ 13.416262512119301, 52.440440776217415 ], [ 13.416333081915164, 52.440441721412945 ], [ 13.416284151515216, 52.440434709302643 ], [ 13.416323303530865, 52.440329650463482 ], [ 13.416354612285625, 52.440334121213517 ], [ 13.416354936242321, 52.44032512899426 ] ] ] } },
{ "type": "Feature", "properties": { "id": 10009, "art": "NOT-ALKIS-Gebäude" }, "geometry": { "type": "Polygon", "coordinates": [ [ [ 13.41320116728668, 52.44128985814244 ], [ 13.413201813177476, 52.441271884479278 ], [ 13.413187107205784, 52.44127168712626 ], [ 13.41318775310188, 52.441253713463162 ], [ 13.413173047136336, 52.441253516108446 ], [ 13.413172078282967, 52.441280476602877 ], [ 13.413157372308625, 52.441280279246158 ], [ 13.413156403444752, 52.441307239740262 ], [ 13.413215227379023, 52.441308029156986 ], [ 13.413215873264523, 52.441290055493759 ], [ 13.41320116728668, 52.44128985814244 ] ] ] } },
{ "type": "Feature", "properties": { "id": 10056, "art": "NOT-ALKIS-Gebäude" }, "geometry": { "type": "Polygon", "coordinates": [ [ [ 13.422278897694241, 52.44170803946178 ], [ 13.422264191512911, 52.441707843236266 ], [ 13.422263870406461, 52.441716830106415 ], [ 13.422249164222309, 52.441716633879011 ], [ 13.422248522002914, 52.441734607619402 ], [ 13.422233815812952, 52.441734411390044 ], [ 13.422232210246559, 52.441779345740066 ], [ 13.422276328861805, 52.441779934423579 ], [ 13.422278897694241, 52.44170803946178 ] ] ] } },
{ "type": "Feature", "properties": { "id": 10093, "art": "NOT-ALKIS-Gebäude" }, "geometry": { "type": "Polygon", "coordinates": [ [ [ 13.419131684666873, 52.442079597552386 ], [ 13.419161097232891, 52.442079990782503 ], [ 13.419162384199842, 52.442044043357541 ], [ 13.419147677928709, 52.442043846743651 ], [ 13.419147999673017, 52.442034859887315 ], [ 13.419089174602137, 52.442034073413737 ], [ 13.419088852845872, 52.442043060269718 ], [ 13.419074146575589, 52.442042863646705 ], [ 13.419072859536872, 52.442078811070225 ], [ 13.419087565819117, 52.442079007693515 ], [ 13.419087244062, 52.442087994549517 ], [ 13.419131362918726, 52.44208858440858 ], [ 13.419131684666873, 52.442079597552386 ] ] ] } },
{ "type": "Feature", "properties": { "id": 10124, "art": "NOT-ALKIS-Gebäude" }, "geometry": { "type": "Polygon", "coordinates": [ [ [ 13.413841164048705, 52.442314446612251 ], [ 13.413855870372252, 52.442314643886661 ], [ 13.413856193196457, 52.442305657053801 ], [ 13.413841486875898, 52.442305459779455 ], [ 13.41384180970292, 52.442296472946644 ], [ 13.413827103385522, 52.442296275670536 ], [ 13.413827426215363, 52.442287288837775 ], [ 13.413768600959434, 52.442286499715294 ], [ 13.413768278117633, 52.442295486547799 ], [ 13.413753571801086, 52.442295289262546 ], [ 13.413752926110989, 52.442313262927392 ], [ 13.413767632433517, 52.442313460212773 ], [ 13.413767309591204, 52.442322447045235 ], [ 13.41384084122134, 52.442323433445026 ], [ 13.413841164048705, 52.442314446612251 ] ] ] } },
{ "type": "Feature", "properties": { "id": 10162, "art": "NOT-ALKIS-Gebäude" }, "geometry": { "type": "Polygon", "coordinates": [ [ [ 13.415298250908963, 52.442711612235364 ], [ 13.415312957375123, 52.442711809329552 ], [ 13.415314247503463, 52.442675861975125 ], [ 13.415299541049267, 52.442675664881108 ], [ 13.415299863583916, 52.442666678042535 ], [ 13.415255744231319, 52.442666086749682 ], [ 13.415255421687698, 52.442675073588084 ], [ 13.415240715234182, 52.442674876486755 ], [ 13.415240392687402, 52.442683863325058 ], [ 13.415225686231066, 52.442683666221832 ], [ 13.415224718580733, 52.442710626736485 ], [ 13.415239425046039, 52.442710823839896 ], [ 13.415239102498578, 52.442719810678142 ], [ 13.415297928373466, 52.44272059907378 ], [ 13.415298250908963, 52.442711612235364 ] ] ] } },
{ "type": "Feature", "properties": { "id": 11822, "art": "NOT-ALKIS-Gebäude" }, "geometry": { "type": "Polygon", "coordinates": [ [ [ 13.417144253006825, 52.451961260296081 ], [ 13.417158962566903, 52.451961457184943 ], [ 13.417159284831101, 52.451952470352481 ], [ 13.417173994388355, 52.451952667239546 ], [ 13.417174316649394, 52.45194368040692 ], [ 13.41715960709513, 52.451943483520012 ], [ 13.417160251622676, 52.451925509855009 ], [ 13.417101413431247, 52.451924722289704 ], [ 13.417101735706735, 52.451915735457348 ], [ 13.417087026162298, 52.451915538561479 ], [ 13.417087348440603, 52.451906551729273 ], [ 13.417072638899326, 52.45190635483165 ], [ 13.417072961180452, 52.451897367999564 ], [ 13.41705825164234, 52.451897171100079 ], [ 13.417057929358219, 52.451906157932193 ], [ 13.41704321981728, 52.451905961030917 ], [ 13.417042575242544, 52.451923934695046 ], [ 13.417057284789465, 52.451924131596449 ], [ 13.417055995649923, 52.4519600789246 ], [ 13.417070705208983, 52.451960275824348 ], [ 13.417070382926662, 52.451969262656505 ], [ 13.417143930739464, 52.451970247128465 ], [ 13.417144253006825, 52.451961260296081 ] ] ] } },
{ "type": "Feature", "properties": { "id": 14604, "art": "NOT-ALKIS-Gebäude" }, "geometry": { "type": "Polygon", "coordinates": [ [ [ 13.511046700101017, 52.404503157807248 ], [ 13.511061394518158, 52.404503342901904 ], [ 13.511061697150074, 52.404494355601607 ], [ 13.511076391564389, 52.404494540694373 ], [ 13.511076694193163, 52.404485553394004 ], [ 13.511091388604653, 52.404485738484887 ], [ 13.51109199385575, 52.404467763883986 ], [ 13.511106688261433, 52.404467948972915 ], [ 13.511107293505924, 52.404449974371836 ], [ 13.511077904706651, 52.404449604192386 ], [ 13.511078207334627, 52.404440616891932 ], [ 13.511048818541962, 52.404440246705299 ], [ 13.511049121175745, 52.404431259404952 ], [ 13.511019732389686, 52.404430889211135 ], [ 13.511020035029278, 52.404421901910901 ], [ 13.511005340639471, 52.404421716811306 ], [ 13.511005643281885, 52.404412729511115 ], [ 13.510990948895223, 52.404412544409759 ], [ 13.510990646249825, 52.404421531709893 ], [ 13.510975951860337, 52.40442134660664 ], [ 13.510975649211796, 52.404430333906696 ], [ 13.510960954819483, 52.404430148801573 ], [ 13.510960652167798, 52.404439136101551 ], [ 13.510945957772661, 52.404438950994532 ], [ 13.510945049807692, 52.40446591289421 ], [ 13.51095974421178, 52.404466098001407 ], [ 13.510958836254328, 52.404493059901114 ], [ 13.510944141841287, 52.404492874793746 ], [ 13.510943536529554, 52.404510849393368 ], [ 13.510987619787056, 52.404511404710362 ], [ 13.510987922434047, 52.40450241741047 ], [ 13.511017311267215, 52.404502787612458 ], [ 13.511017008626188, 52.404511774912571 ], [ 13.511046397465957, 52.404512145107468 ], [ 13.511046700101017, 52.404503157807248 ] ] ] } },
{ "type": "Feature", "properties": { "id": 14605, "art": "NOT-ALKIS-Gebäude" }, "geometry": { "type": "Polygon", "coordinates": [ [ [ 13.515631365981514, 52.404560818756053 ], [ 13.515646060448359, 52.404561003280953 ], [ 13.51564636214926, 52.404552015962068 ], [ 13.515661056613279, 52.40455220048517 ], [ 13.515661660008634, 52.404534225847236 ], [ 13.515646965550586, 52.404534041324247 ], [ 13.51564726725101, 52.404525054005319 ], [ 13.515632572796102, 52.404524869480568 ], [ 13.515632874499353, 52.404515882161675 ], [ 13.515603485595985, 52.404515513106823 ], [ 13.515603183886768, 52.404524500425588 ], [ 13.515588489432339, 52.404524315895365 ], [ 13.515587282581944, 52.404560265170055 ], [ 13.515601977048307, 52.404560449700519 ], [ 13.515601675338296, 52.404569437019198 ], [ 13.515631064277471, 52.404569806074782 ], [ 13.515631365981514, 52.404560818756053 ] ] ] } },
{ "type": "Feature", "properties": { "id": 14606, "art": "NOT-ALKIS-Gebäude" }, "geometry": { "type": "Polygon", "coordinates": [ [ [ 13.490944580805161, 52.404257225856632 ], [ 13.490959275005556, 52.404257413449038 ], [ 13.490959581719641, 52.404248426230957 ], [ 13.490974275917214, 52.404248613821487 ], [ 13.490975196049549, 52.404221652166967 ], [ 13.490989890238332, 52.404221839755493 ], [ 13.490990196945802, 52.404212852537235 ], [ 13.490960808574366, 52.404212477358499 ], [ 13.490961115287643, 52.404203490140333 ], [ 13.49093172692282, 52.404203114954413 ], [ 13.490931420203577, 52.404212102172451 ], [ 13.490916726018423, 52.404211914576685 ], [ 13.490916419296035, 52.404220901794638 ], [ 13.490906112792572, 52.40422077021384 ], [ 13.49090172510806, 52.404220714196995 ], [ 13.490901453502605, 52.404228672378437 ], [ 13.490901418382524, 52.404229701414884 ], [ 13.490900851186755, 52.404229694173573 ], [ 13.490886724191727, 52.404229513815345 ], [ 13.490886110734204, 52.404247488250952 ], [ 13.490890326499237, 52.40424754207347 ], [ 13.490900804930966, 52.404247675850598 ], [ 13.490900498204946, 52.404256663068438 ], [ 13.490929886604929, 52.404257038262386 ], [ 13.490929579884712, 52.404266025480339 ], [ 13.49094427408793, 52.404266213074635 ], [ 13.490944580805161, 52.404257225856632 ] ] ] } },
{ "type": "Feature", "properties": { "id": 14607, "art": "NOT-ALKIS-Gebäude" }, "geometry": { "type": "Polygon", "coordinates": [ [ [ 13.495749592943756, 52.404318471259593 ], [ 13.495764287196943, 52.404318658254965 ], [ 13.495765815887136, 52.404273722065682 ], [ 13.495751121648869, 52.404273535070601 ], [ 13.495751427389409, 52.404264547832753 ], [ 13.495692650449891, 52.404263799834418 ], [ 13.495690815932626, 52.404317723259808 ], [ 13.49572020443787, 52.404318097263349 ], [ 13.495719898690394, 52.404327084500991 ], [ 13.495749287202251, 52.404327458497342 ], [ 13.495749592943756, 52.404318471259593 ] ] ] } },
{ "type": "Feature", "properties": { "id": 14609, "art": "NOT-ALKIS-Gebäude" }, "geometry": { "type": "Polygon", "coordinates": [ [ [ 13.493599630987264, 52.40615225549957 ], [ 13.493614325835242, 52.406152442766718 ], [ 13.493614938226049, 52.406134468314406 ], [ 13.493629633068219, 52.406134655579585 ], [ 13.493630551644268, 52.406107693900807 ], [ 13.493615856811051, 52.406107506635799 ], [ 13.493616163005729, 52.406098519409575 ], [ 13.49355738368641, 52.406097770331492 ], [ 13.493557077479796, 52.406106757557481 ], [ 13.493542382647385, 52.406106570283342 ], [ 13.493540851596972, 52.406151506412748 ], [ 13.493555546444304, 52.406151693687193 ], [ 13.49355524023672, 52.406160680913089 ], [ 13.493599324788633, 52.406161242725652 ], [ 13.493599630987264, 52.40615225549957 ] ] ] } },
{ "type": "Feature", "properties": { "id": 14615, "art": "NOT-ALKIS-Gebäude" }, "geometry": { "type": "Polygon", "coordinates": [ [ [ 13.50224144717747, 52.406226104420952 ], [ 13.502256142108159, 52.406226290614214 ], [ 13.502255837667882, 52.406235277875822 ], [ 13.502285227535706, 52.406235650256981 ], [ 13.502284923101238, 52.406244637518697 ], [ 13.502299618038377, 52.406244823706608 ], [ 13.502299313606731, 52.406253810968366 ], [ 13.502328703487457, 52.40625418333881 ], [ 13.50232839906162, 52.406263170600667 ], [ 13.502372483892866, 52.406263729142836 ], [ 13.50237217947582, 52.406272716404857 ], [ 13.50240156937009, 52.406273088757295 ], [ 13.502401264958852, 52.406282076019423 ], [ 13.502430654859729, 52.406282448364671 ], [ 13.502430350454301, 52.406291435626912 ], [ 13.50245974036179, 52.406291807964976 ], [ 13.502459435962169, 52.406300795227317 ], [ 13.50250352083356, 52.406301353720885 ], [ 13.502503825224228, 52.406292366458381 ], [ 13.502518520178693, 52.406292552619199 ], [ 13.50251912895358, 52.406274578093999 ], [ 13.502533823902239, 52.406274764252863 ], [ 13.502534432670515, 52.406256789727479 ], [ 13.502549127613365, 52.406256975884403 ], [ 13.502549736375029, 52.406239001358841 ], [ 13.502564431312072, 52.406239187513819 ], [ 13.502564735689681, 52.406230200250945 ], [ 13.502594125558279, 52.406230572555309 ], [ 13.502594429929756, 52.406221585292307 ], [ 13.502609124861312, 52.406221771441693 ], [ 13.502609733597819, 52.406203796915527 ], [ 13.502595038672233, 52.406203610766262 ], [ 13.502595343043229, 52.406194623503218 ], [ 13.502580648120787, 52.406194437352191 ], [ 13.502580952494609, 52.40618545008919 ], [ 13.502551562656175, 52.406185077781778 ], [ 13.502551867035804, 52.40617609051889 ], [ 13.50252247720398, 52.406175718204288 ], [ 13.502522781589416, 52.4061667309415 ], [ 13.50250808667673, 52.40616654478152 ], [ 13.502507782288308, 52.406175532044259 ], [ 13.502478392457446, 52.4061751597187 ], [ 13.502478088062896, 52.406184146981303 ], [ 13.502463393144723, 52.406183960815724 ], [ 13.502463088747026, 52.406192948078242 ], [ 13.502433698905193, 52.4061925757415 ], [ 13.502434003308855, 52.406183588479102 ], [ 13.502404613473631, 52.406183216135169 ], [ 13.502404917883103, 52.406174228872885 ], [ 13.502375528054488, 52.406173856521761 ], [ 13.502375832469768, 52.40616486925957 ], [ 13.502346442647765, 52.406164496901276 ], [ 13.502346747068852, 52.406155509639198 ], [ 13.502317357253457, 52.406155137273714 ], [ 13.502317661680353, 52.406146150011729 ], [ 13.502302966775881, 52.406145963826319 ], [ 13.502302662346002, 52.40615495108824 ], [ 13.502287967438706, 52.406154764900933 ], [ 13.502287054139151, 52.406181726686413 ], [ 13.502272359223063, 52.406181540497101 ], [ 13.502271750349921, 52.406199515020575 ], [ 13.50224236050629, 52.406199142636233 ], [ 13.50224144717747, 52.406226104420952 ] ] ] } },
{ "type": "Feature", "properties": { "id": 15432, "art": "NOT-ALKIS-Gebäude" }, "geometry": { "type": "Polygon", "coordinates": [ [ [ 13.489523815720244, 52.398080148491381 ], [ 13.48953850785912, 52.398080336244973 ], [ 13.489539428661949, 52.39805337457998 ], [ 13.489554120792041, 52.398053562331576 ], [ 13.489554427723011, 52.398044575109815 ], [ 13.489510351342171, 52.398044011849755 ], [ 13.489510658281928, 52.398035024628172 ], [ 13.48948127403481, 52.398034649112446 ], [ 13.489481580980371, 52.398025661890969 ], [ 13.489466888860035, 52.398025474130435 ], [ 13.489467502756636, 52.398007499687552 ], [ 13.489438118528385, 52.398007124161246 ], [ 13.489438425482408, 52.397998136939911 ], [ 13.489394349150192, 52.397997573636935 ], [ 13.489394042187222, 52.398006560858093 ], [ 13.489379350073824, 52.398006373086723 ], [ 13.489379043107709, 52.398015360307809 ], [ 13.489364350991488, 52.398015172534564 ], [ 13.489364657960589, 52.398006185313534 ], [ 13.489349965847515, 52.398005997538512 ], [ 13.489349658875433, 52.398014984759477 ], [ 13.489334966759538, 52.398014796982579 ], [ 13.489334045833376, 52.398041758645192 ], [ 13.489319353708694, 52.398041570866276 ], [ 13.489318739751143, 52.398059545307831 ], [ 13.489333431881793, 52.398059733086868 ], [ 13.489333124905757, 52.398068720307677 ], [ 13.489391893441894, 52.398069471405798 ], [ 13.489391586477627, 52.398078458626848 ], [ 13.489435662890376, 52.398079021931451 ], [ 13.489435355934898, 52.398088009152644 ], [ 13.489479432358051, 52.398088572441004 ], [ 13.489479125411359, 52.398097559662375 ], [ 13.489523201844916, 52.398098122934499 ], [ 13.489523815720244, 52.398080148491381 ] ] ] } },
{ "type": "Feature", "properties": { "id": 15445, "art": "NOT-ALKIS-Gebäude" }, "geometry": { "type": "Polygon", "coordinates": [ [ [ 13.489975589948594, 52.398193814684483 ], [ 13.489990282128279, 52.398194002382226 ], [ 13.489990895815945, 52.398176027935534 ], [ 13.489976203642225, 52.398175840237904 ], [ 13.489976510488797, 52.398166853014601 ], [ 13.489961818318221, 52.398166665315216 ], [ 13.489962125167613, 52.398157678091955 ], [ 13.489888664332078, 52.398156739567973 ], [ 13.489887436873877, 52.398192688459716 ], [ 13.489902129052592, 52.398192876168423 ], [ 13.489901822190621, 52.398201863391378 ], [ 13.489975283101534, 52.39820280190775 ], [ 13.489975589948594, 52.398193814684483 ] ] ] } },
{ "type": "Feature", "properties": { "id": 15463, "art": "NOT-ALKIS-Gebäude" }, "geometry": { "type": "Polygon", "coordinates": [ [ [ 13.486630310052341, 52.402313929655236 ], [ 13.486674390629547, 52.40231449402102 ], [ 13.486674698192797, 52.402305506817704 ], [ 13.486689391715872, 52.402305694935926 ], [ 13.486690314395693, 52.402278733325751 ], [ 13.486675620881568, 52.402278545207707 ], [ 13.486675928444168, 52.402269558004342 ], [ 13.486661234933189, 52.40226936988455 ], [ 13.486660927367605, 52.402278357087852 ], [ 13.486631540340165, 52.402277980842669 ], [ 13.486631232768453, 52.402286968045821 ], [ 13.486601845735693, 52.402286591793214 ], [ 13.48660092300168, 52.402313553402259 ], [ 13.48661561652693, 52.40231374152966 ], [ 13.486615308951585, 52.402322728732699 ], [ 13.486630002479981, 52.402322916858338 ], [ 13.486630310052341, 52.402313929655236 ] ] ] } },
{ "type": "Feature", "properties": { "id": 15470, "art": "NOT-ALKIS-Gebäude" }, "geometry": { "type": "Polygon", "coordinates": [ [ [ 13.501161676564125, 52.402517066619922 ], [ 13.501176370255255, 52.402517252938225 ], [ 13.501176979492723, 52.402499278412492 ], [ 13.501162285807562, 52.402499092094317 ], [ 13.501162590429038, 52.4024901048315 ], [ 13.501133203065164, 52.402489732189771 ], [ 13.501132898437721, 52.402498719452495 ], [ 13.501118204753039, 52.402498533128842 ], [ 13.501117595491703, 52.402516507654084 ], [ 13.501132289182349, 52.402516693977859 ], [ 13.501131984554425, 52.402525681240505 ], [ 13.501161371942166, 52.402526053882703 ], [ 13.501161676564125, 52.402517066619922 ] ] ] } },
{ "type": "Feature", "properties": { "id": 15475, "art": "NOT-ALKIS-Gebäude" }, "geometry": { "type": "Polygon", "coordinates": [ [ [ 13.499793944392589, 52.402535680067118 ], [ 13.499823331768992, 52.402536053041942 ], [ 13.499823636662942, 52.402527065784675 ], [ 13.499808942977644, 52.402526879298229 ], [ 13.499809247874413, 52.402517892041018 ], [ 13.499823941556729, 52.402518078527393 ], [ 13.499824551343822, 52.40250010401278 ], [ 13.499795163991285, 52.402499731038446 ], [ 13.499795468890559, 52.402490743781243 ], [ 13.499722000526951, 52.402489811313735 ], [ 13.499721695612759, 52.40249879857064 ], [ 13.499692308262475, 52.402498425570748 ], [ 13.499692003342158, 52.402507412827511 ], [ 13.499677309664271, 52.402507226324765 ], [ 13.499676699817185, 52.402525200838127 ], [ 13.499691393501038, 52.402525387341015 ], [ 13.499691088580237, 52.402534374597735 ], [ 13.499705782267233, 52.40253456109884 ], [ 13.499705477349256, 52.402543548355609 ], [ 13.499793639492513, 52.40254466732425 ], [ 13.499793944392589, 52.402535680067118 ] ] ] } },
{ "type": "Feature", "properties": { "id": 16419, "art": "NOT-ALKIS-Gebäude" }, "geometry": { "type": "Polygon", "coordinates": [ [ [ 13.510556684280884, 52.406394108917311 ], [ 13.510571379323055, 52.406394294077508 ], [ 13.51057228757896, 52.406367332191259 ], [ 13.510528202479783, 52.406366776705717 ], [ 13.510527899719019, 52.406375764000977 ], [ 13.510513204683292, 52.406375578835501 ], [ 13.510512599155327, 52.406393553425758 ], [ 13.510527294197018, 52.40639373859144 ], [ 13.510526991435778, 52.40640272588665 ], [ 13.510556381525612, 52.406403096212635 ], [ 13.510556684280884, 52.406394108917311 ] ] ] } },
{ "type": "Feature", "properties": { "id": 16420, "art": "NOT-ALKIS-Gebäude" }, "geometry": { "type": "Polygon", "coordinates": [ [ [ 13.477331295624342, 52.405979779631778 ], [ 13.477360684985003, 52.405980158207235 ], [ 13.477361303978014, 52.405962183889322 ], [ 13.477331914629289, 52.405961805314114 ], [ 13.477332224131519, 52.405952818155264 ], [ 13.477317529460386, 52.405952628864995 ], [ 13.477317838965437, 52.405943641706173 ], [ 13.47730314429745, 52.405943452414128 ], [ 13.47730376331303, 52.405925478096592 ], [ 13.477289068651174, 52.405925288802841 ], [ 13.477289378161702, 52.405916301644119 ], [ 13.477259988844452, 52.405915923051268 ], [ 13.477259679327956, 52.405924910209869 ], [ 13.477244984666591, 52.405924720910654 ], [ 13.477244675146945, 52.405933708069192 ], [ 13.477229980482761, 52.40593351876808 ], [ 13.477229361437015, 52.405951493084977 ], [ 13.477214666767024, 52.405951303781933 ], [ 13.477214047714657, 52.405969278098645 ], [ 13.477228742390615, 52.405969467401832 ], [ 13.477228432867172, 52.40597845456022 ], [ 13.477257822225548, 52.405978833161228 ], [ 13.47725751270791, 52.405987820319744 ], [ 13.477330986121624, 52.4059887667906 ], [ 13.477331295624342, 52.405979779631778 ] ] ] } },
{ "type": "Feature", "properties": { "id": 16422, "art": "NOT-ALKIS-Gebäude" }, "geometry": { "type": "Polygon", "coordinates": [ [ [ 13.488778193681433, 52.406135669389649 ], [ 13.488792888491297, 52.406135857255983 ], [ 13.488793195666402, 52.406126870049746 ], [ 13.488807890473444, 52.40612705791419 ], [ 13.488808197645401, 52.406118070707883 ], [ 13.488793502841343, 52.406117882843482 ], [ 13.488793810016125, 52.406108895637217 ], [ 13.488764420414462, 52.406108519903079 ], [ 13.488764113233714, 52.406117507109222 ], [ 13.488749418430142, 52.406117319239357 ], [ 13.488749111246246, 52.406126306445429 ], [ 13.488734416439852, 52.406126118573674 ], [ 13.488734109252812, 52.406135105779668 ], [ 13.48876349887173, 52.406135481521474 ], [ 13.488763191690495, 52.406144468727575 ], [ 13.488777886503181, 52.406144656595814 ], [ 13.488778193681433, 52.406135669389649 ] ] ] } },
{ "type": "Feature", "properties": { "id": 16423, "art": "NOT-ALKIS-Gebäude" }, "geometry": { "type": "Polygon", "coordinates": [ [ [ 13.513877163705162, 52.40645388331459 ], [ 13.513891858789336, 52.40645406806226 ], [ 13.51389216086732, 52.4064450807534 ], [ 13.513921551030176, 52.406445450243098 ], [ 13.513922155173729, 52.406427475625115 ], [ 13.51390746009819, 52.406427290881297 ], [ 13.513907762172712, 52.406418303572345 ], [ 13.513893067100318, 52.406418118826757 ], [ 13.513893369177666, 52.406409131517847 ], [ 13.513863979039321, 52.406408762021307 ], [ 13.513863676956005, 52.406417749330117 ], [ 13.513848981884085, 52.406417564579129 ], [ 13.513848377711009, 52.406435539196465 ], [ 13.513833682633281, 52.406435354443452 ], [ 13.513833078453597, 52.406453329060689 ], [ 13.513847773537291, 52.40645351381383 ], [ 13.513847471450196, 52.406462501122476 ], [ 13.513876861624032, 52.406462870623372 ], [ 13.513877163705162, 52.40645388331459 ] ] ] } },
{ "type": "Feature", "properties": { "id": 16426, "art": "NOT-ALKIS-Gebäude" }, "geometry": { "type": "Polygon", "coordinates": [ [ [ 13.493744436289388, 52.406217038675301 ], [ 13.493759131159868, 52.406217225924607 ], [ 13.493760355825989, 52.4061812770179 ], [ 13.493716271250843, 52.406180715265229 ], [ 13.493716577425923, 52.4061717280387 ], [ 13.493657798006591, 52.406170979009815 ], [ 13.493657491819576, 52.406179966236103 ], [ 13.493642796962162, 52.406179778974263 ], [ 13.493641878391191, 52.406206740652856 ], [ 13.493656573257557, 52.406206927914887 ], [ 13.493656267069895, 52.406215915141125 ], [ 13.493700351678914, 52.40621647691642 ], [ 13.493700045500045, 52.406225464142821 ], [ 13.49374413011947, 52.406226025901873 ], [ 13.493744436289388, 52.406217038675301 ] ] ] } },
{ "type": "Feature", "properties": { "id": 16469, "art": "NOT-ALKIS-Gebäude" }, "geometry": { "type": "Polygon", "coordinates": [ [ [ 13.497535356840592, 52.401949542911375 ], [ 13.497550050318802, 52.401949729678947 ], [ 13.49755035566821, 52.401940742430135 ], [ 13.497535662192982, 52.401940555662613 ], [ 13.497535967545213, 52.401931568413858 ], [ 13.497521274073129, 52.40193138164458 ], [ 13.497521579428183, 52.401922394395868 ], [ 13.497374644746046, 52.401920526603298 ], [ 13.497374339361158, 52.401929513851421 ], [ 13.497359645890848, 52.401929327062071 ], [ 13.497359340502816, 52.401938314310094 ], [ 13.497374033976111, 52.401938501099522 ], [ 13.497373728590901, 52.401947488347609 ], [ 13.497432502497626, 52.401948235487268 ], [ 13.497432197124189, 52.401957222735568 ], [ 13.49753505148804, 52.401958530160115 ], [ 13.497535356840592, 52.401949542911375 ] ] ] } },
{ "type": "Feature", "properties": { "id": 16470, "art": "NOT-ALKIS-Gebäude" }, "geometry": { "type": "Polygon", "coordinates": [ [ [ 13.502854102185786, 52.402026020752842 ], [ 13.502868795725151, 52.402026206859574 ], [ 13.50286909999469, 52.40201721958902 ], [ 13.502883793531229, 52.402017405693883 ], [ 13.502884706329938, 52.401990443881942 ], [ 13.502855319274921, 52.40199007167076 ], [ 13.502855015002879, 52.401999058941293 ], [ 13.502840321472627, 52.401998872832905 ], [ 13.502839104370917, 52.402034821914675 ], [ 13.502853797913103, 52.402035008023311 ], [ 13.502854102185786, 52.402026020752842 ] ] ] } },
{ "type": "Feature", "properties": { "id": 16475, "art": "NOT-ALKIS-Gebäude" }, "geometry": { "type": "Polygon", "coordinates": [ [ [ 13.492185409283628, 52.401926374372898 ], [ 13.492200102718058, 52.401926561805304 ], [ 13.492200409154256, 52.401917574578533 ], [ 13.492215102585863, 52.401917762009042 ], [ 13.492215409018913, 52.401908774782193 ], [ 13.492200715590288, 52.401908587351748 ], [ 13.49220102202616, 52.401899600124935 ], [ 13.49217163517536, 52.401899225258674 ], [ 13.492171328733523, 52.401908212485353 ], [ 13.492156635305381, 52.401908025049423 ], [ 13.492156022415253, 52.401925999502623 ], [ 13.49217071584936, 52.401926186938681 ], [ 13.492170409407036, 52.40193517416531 ], [ 13.492185102844289, 52.401935361599598 ], [ 13.492185409283628, 52.401926374372898 ] ] ] } },
{ "type": "Feature", "properties": { "id": 16507, "art": "NOT-ALKIS-Gebäude" }, "geometry": { "type": "Polygon", "coordinates": [ [ [ 13.481958235852801, 52.407378970773479 ], [ 13.481972931029507, 52.407379159490567 ], [ 13.481973856753626, 52.407352197962425 ], [ 13.481959161585872, 52.407352009245535 ], [ 13.481959470163236, 52.407343022069519 ], [ 13.481930079834186, 52.407342644630376 ], [ 13.481929771250853, 52.407351631806272 ], [ 13.481915076083586, 52.407351443083897 ], [ 13.481914150323655, 52.407378404611293 ], [ 13.481928845499876, 52.407378593333846 ], [ 13.481928536915891, 52.407387580509685 ], [ 13.481957927274784, 52.407387957949432 ], [ 13.481958235852801, 52.407378970773479 ] ] ] } },
{ "type": "Feature", "properties": { "id": 16514, "art": "NOT-ALKIS-Gebäude" }, "geometry": { "type": "Polygon", "coordinates": [ [ [ 13.489201442133012, 52.407516722872217 ], [ 13.489216137404654, 52.407516910689402 ], [ 13.489216751613256, 52.407498936277619 ], [ 13.489202056347581, 52.407498748460569 ], [ 13.489202363454625, 52.407489761254709 ], [ 13.489187668192097, 52.407489573435896 ], [ 13.489187966119381, 52.407480854947529 ], [ 13.489173101732883, 52.407485616381145 ], [ 13.489172972929733, 52.407489385615243 ], [ 13.48916178248755, 52.407489242588596 ], [ 13.489158237312498, 52.407490378711586 ], [ 13.489157663435376, 52.407507172204106 ], [ 13.489172358703549, 52.407507360026692 ], [ 13.489172051590213, 52.407516347232388 ], [ 13.489186746861531, 52.407516535053226 ], [ 13.48918643975102, 52.407525522258965 ], [ 13.489201135025484, 52.407525710078026 ], [ 13.489201442133012, 52.407516722872217 ] ] ] } },
{ "type": "Feature", "properties": { "id": 16904, "art": "NOT-ALKIS-Gebäude" }, "geometry": { "type": "Polygon", "coordinates": [ [ [ 13.485837935336713, 52.403130967037036 ], [ 13.485852629128338, 52.403131155261313 ], [ 13.485853244606741, 52.403113180864004 ], [ 13.485809163250249, 52.403112616186085 ], [ 13.485808855502178, 52.403121603384562 ], [ 13.485794161714022, 52.403121415154878 ], [ 13.485793853962807, 52.403130402353277 ], [ 13.48577916017183, 52.40313021412171 ], [ 13.485778852417468, 52.40313920132003 ], [ 13.485837627594284, 52.403139954235606 ], [ 13.485837935336713, 52.403130967037036 ] ] ] } },
{ "type": "Feature", "properties": { "id": 16912, "art": "NOT-ALKIS-Gebäude" }, "geometry": { "type": "Polygon", "coordinates": [ [ [ 13.484648354721591, 52.403097740420854 ], [ 13.484647738753877, 52.403115714808209 ], [ 13.484662432532357, 52.403115903180364 ], [ 13.484662124551241, 52.403124890374059 ], [ 13.484676818332867, 52.403125078744445 ], [ 13.484676510354571, 52.403134065938211 ], [ 13.484691204139345, 52.403134254306821 ], [ 13.484690896163871, 52.403143241500622 ], [ 13.484734977528111, 52.403143806595708 ], [ 13.484735285494637, 52.403134819401735 ], [ 13.484720591709376, 52.403134631038583 ], [ 13.484720899678722, 52.403125643844639 ], [ 13.484706205896607, 52.403125455479739 ], [ 13.484706513868773, 52.403116468285852 ], [ 13.484691820089806, 52.403116279919175 ], [ 13.484692128064793, 52.403107292725323 ], [ 13.484662740513311, 52.403106915986626 ], [ 13.484663048494104, 52.403097928792882 ], [ 13.484648354721591, 52.403097740420854 ] ] ] } },
{ "type": "Feature", "properties": { "id": 16917, "art": "NOT-ALKIS-Gebäude" }, "geometry": { "type": "Polygon", "coordinates": [ [ [ 13.485499978174083, 52.403126637374974 ], [ 13.485426509237042, 52.403125696016303 ], [ 13.485426201411073, 52.40313468321316 ], [ 13.485411507621169, 52.403134494935898 ], [ 13.485410584133337, 52.403161456526234 ], [ 13.485425277932194, 52.403161644803696 ], [ 13.485424970105576, 52.403170632000496 ], [ 13.485498439117205, 52.403171573360694 ], [ 13.485499978174083, 52.403126637374974 ] ] ] } },
{ "type": "Feature", "properties": { "id": 16924, "art": "NOT-ALKIS-Gebäude" }, "geometry": { "type": "Polygon", "coordinates": [ [ [ 13.477480429034703, 52.404210444685106 ], [ 13.477495123128099, 52.404210633950761 ], [ 13.477495432577625, 52.404201646788543 ], [ 13.4775101266682, 52.404201836052309 ], [ 13.477510436114578, 52.404192848890027 ], [ 13.477525130202332, 52.404193038151909 ], [ 13.477525439645566, 52.404184050989535 ], [ 13.477540133730498, 52.404184240249535 ], [ 13.477540752610507, 52.404166265924623 ], [ 13.477555446689637, 52.404166455182683 ], [ 13.477556065563025, 52.4041484808576 ], [ 13.477541371489865, 52.404148291599668 ], [ 13.477541680929297, 52.404139304437166 ], [ 13.477497598719744, 52.404138736652612 ], [ 13.47749728927136, 52.40414772381493 ], [ 13.47748259519885, 52.404147534549708 ], [ 13.477482285747319, 52.404156521711954 ], [ 13.47746759167199, 52.404156332444835 ], [ 13.477467282217312, 52.404165319606996 ], [ 13.477452588139162, 52.404165130338001 ], [ 13.477452278681335, 52.404174117500098 ], [ 13.477437584600366, 52.404173928229199 ], [ 13.477437275139394, 52.404182915391225 ], [ 13.477422581055603, 52.404182726118449 ], [ 13.477421652662755, 52.404209687604215 ], [ 13.477436346755496, 52.404209876877182 ], [ 13.477436037293872, 52.40421886403913 ], [ 13.47748011958203, 52.404219431847245 ], [ 13.477480429034703, 52.404210444685106 ] ] ] } },
{ "type": "Feature", "properties": { "id": 16925, "art": "NOT-ALKIS-Gebäude" }, "geometry": { "type": "Polygon", "coordinates": [ [ [ 13.47695113222106, 52.40421261706549 ], [ 13.476965826311567, 52.40421280639692 ], [ 13.476966135868672, 52.404203819236926 ], [ 13.476980829956355, 52.404204008566481 ], [ 13.476981449064109, 52.404186034246315 ], [ 13.476966754982392, 52.404185844916874 ], [ 13.476967064539009, 52.404176857756831 ], [ 13.476922982303789, 52.404176289757743 ], [ 13.476922672738221, 52.404185276917623 ], [ 13.476907978657158, 52.404185087580878 ], [ 13.476906740381322, 52.404221036219944 ], [ 13.476950822660807, 52.404221604225413 ], [ 13.47695113222106, 52.40421261706549 ] ] ] } },
{ "type": "Feature", "properties": { "id": 16945, "art": "NOT-ALKIS-Gebäude" }, "geometry": { "type": "Polygon", "coordinates": [ [ [ 13.500012512709285, 52.406926122159369 ], [ 13.500027207857608, 52.406926308631398 ], [ 13.500027512758383, 52.406917321380007 ], [ 13.500042207903881, 52.406917507850139 ], [ 13.500043122596285, 52.406890546095696 ], [ 13.500013732323353, 52.406890173153954 ], [ 13.500013427420077, 52.406899160405331 ], [ 13.499939951725638, 52.406898228018733 ], [ 13.49993934188876, 52.406916202520847 ], [ 13.499954037033294, 52.406916389001935 ], [ 13.4999537321176, 52.406925376253021 ], [ 13.499983122413122, 52.406925749209854 ], [ 13.499982817503234, 52.406934736461046 ], [ 13.500012207805366, 52.406935109410703 ], [ 13.500012512709285, 52.406926122159369 ] ] ] } },
{ "type": "Feature", "properties": { "id": 16981, "art": "NOT-ALKIS-Gebäude" }, "geometry": { "type": "Polygon", "coordinates": [ [ [ 13.491035284990552, 52.407630058001004 ], [ 13.491049980312265, 52.407630245590539 ], [ 13.491050593777997, 52.40761227116392 ], [ 13.491035898462254, 52.407612083574506 ], [ 13.49103620519786, 52.407603096361242 ], [ 13.49099211926055, 52.407602533582242 ], [ 13.490991812515992, 52.407611520795321 ], [ 13.490977117200893, 52.407611333198609 ], [ 13.490976810453185, 52.40762032041161 ], [ 13.490991505771268, 52.407620508008392 ], [ 13.490991199026382, 52.407629495221457 ], [ 13.491005894347611, 52.407629682816456 ], [ 13.491005587605549, 52.407638670029563 ], [ 13.491034978254458, 52.407639045214239 ], [ 13.491035284990552, 52.407630058001004 ] ] ] } },
{ "type": "Feature", "properties": { "id": 16986, "art": "NOT-ALKIS-Gebäude" }, "geometry": { "type": "Polygon", "coordinates": [ [ [ 13.475089107374719, 52.409610271820675 ], [ 13.475103803246244, 52.409610461397108 ], [ 13.475104113242031, 52.409601474253137 ], [ 13.475118809110588, 52.409601663827694 ], [ 13.475119119103228, 52.40959267668363 ], [ 13.475104423237509, 52.409592487109151 ], [ 13.475104733233117, 52.409583499965159 ], [ 13.475090037370546, 52.409583310388903 ], [ 13.475090347368976, 52.409574323244939 ], [ 13.475060955650589, 52.409573944087086 ], [ 13.475060645646336, 52.409582931230915 ], [ 13.475045949784402, 52.409582741649196 ], [ 13.475045639777003, 52.40959172879294 ], [ 13.475030943912099, 52.409591539209316 ], [ 13.475030323890987, 52.409609513496662 ], [ 13.475045019761712, 52.409609703080413 ], [ 13.475044709753821, 52.409618690224129 ], [ 13.475088797375781, 52.409619258964568 ], [ 13.475089107374719, 52.409610271820675 ] ] ] } },
{ "type": "Feature", "properties": { "id": 16988, "art": "NOT-ALKIS-Gebäude" }, "geometry": { "type": "Polygon", "coordinates": [ [ [ 13.490812862487575, 52.409839035856976 ], [ 13.49082755854189, 52.409839223479658 ], [ 13.490828172146889, 52.409821249061643 ], [ 13.490842868195397, 52.409821436682364 ], [ 13.490843788592731, 52.409794475055037 ], [ 13.490858484632444, 52.409794662673761 ], [ 13.490858791428247, 52.409785675464569 ], [ 13.490829399354949, 52.409785300225423 ], [ 13.490829706156559, 52.409776313016337 ], [ 13.490770922023843, 52.409775562516366 ], [ 13.490770001582709, 52.409802524142862 ], [ 13.490755305540979, 52.409802336513124 ], [ 13.490754385089435, 52.409829298139321 ], [ 13.490769081140119, 52.409829485769237 ], [ 13.490768774325598, 52.409838472977988 ], [ 13.49078347037943, 52.409838660606148 ], [ 13.49078316356773, 52.409847647814956 ], [ 13.490812555681847, 52.409848023065905 ], [ 13.490812862487575, 52.409839035856976 ] ] ] } },
{ "type": "Feature", "properties": { "id": 16993, "art": "NOT-ALKIS-Gebäude" }, "geometry": { "type": "Polygon", "coordinates": [ [ [ 13.483037438930213, 52.40977547617225 ], [ 13.483052134910675, 52.409775664761192 ], [ 13.483052443292864, 52.409766677584336 ], [ 13.483096531226275, 52.409767243340028 ], [ 13.483097456345, 52.409740281808823 ], [ 13.483068064407139, 52.40973990464056 ], [ 13.483067756028424, 52.409748891817522 ], [ 13.483053060056752, 52.409748703230576 ], [ 13.483052751674888, 52.409757690407474 ], [ 13.483038055700394, 52.409757501818639 ], [ 13.483037747315386, 52.409766488995452 ], [ 13.483023051338069, 52.409766300404755 ], [ 13.483022434561592, 52.409784274758202 ], [ 13.483037130544878, 52.409784463349027 ], [ 13.483037438930213, 52.40977547617225 ] ] ] } },
{ "type": "Feature", "properties": { "id": 16999, "art": "NOT-ALKIS-Gebäude" }, "geometry": { "type": "Polygon", "coordinates": [ [ [ 13.488650393548795, 52.409874345858697 ], [ 13.488679785651783, 52.409874721639945 ], [ 13.488680707369792, 52.409847760039739 ], [ 13.488651315284713, 52.409847384258853 ], [ 13.488651008039568, 52.409856371458808 ], [ 13.488636311994286, 52.409856183565566 ], [ 13.488636004745997, 52.409865170765443 ], [ 13.488621308697891, 52.40986498287031 ], [ 13.488620694194854, 52.409882957269922 ], [ 13.488650086303165, 52.409883333058609 ], [ 13.488650393548795, 52.409874345858697 ] ] ] } },
{ "type": "Feature", "properties": { "id": 17002, "art": "NOT-ALKIS-Gebäude" }, "geometry": { "type": "Polygon", "coordinates": [ [ [ 13.500993609970541, 52.410076467508723 ], [ 13.501008306172398, 52.410076653866597 ], [ 13.501008915644233, 52.41005867936537 ], [ 13.500994219448346, 52.410058493007611 ], [ 13.500994524187007, 52.410049505757044 ], [ 13.500965131801683, 52.410049133036175 ], [ 13.500964827057054, 52.410058120286635 ], [ 13.500950130861648, 52.410057933923405 ], [ 13.500949521365934, 52.410075908424155 ], [ 13.50096421756731, 52.410076094787506 ], [ 13.500963912822195, 52.410085082037916 ], [ 13.500993305231397, 52.410085454759262 ], [ 13.500993609970541, 52.410076467508723 ] ] ] } },
{ "type": "Feature", "properties": { "id": 18403, "art": "NOT-ALKIS-Gebäude" }, "geometry": { "type": "Polygon", "coordinates": [ [ [ 13.490415240450039, 52.400815852624085 ], [ 13.490444626557331, 52.400816227921517 ], [ 13.490444933337937, 52.400807240700324 ], [ 13.490489012491137, 52.400807803632595 ], [ 13.490489319262633, 52.400798816411182 ], [ 13.490504012311039, 52.400799004051571 ], [ 13.490504625847576, 52.400781029608581 ], [ 13.490519318890179, 52.400781217247015 ], [ 13.490519625655223, 52.400772230025446 ], [ 13.490534318695001, 52.400772417661997 ], [ 13.490534625456901, 52.400763430440342 ], [ 13.490549318493859, 52.400763618075004 ], [ 13.490549932011204, 52.400745643631538 ], [ 13.490535238980209, 52.40074545599699 ], [ 13.490534932218635, 52.40075444321868 ], [ 13.490505546151169, 52.400754067944 ], [ 13.490505239383467, 52.400763055165534 ], [ 13.490490546346992, 52.400762867525408 ], [ 13.490490239576145, 52.400771854746871 ], [ 13.490460853497714, 52.400771479460992 ], [ 13.490461160274529, 52.40076249223965 ], [ 13.49044646723854, 52.400762304594018 ], [ 13.490446160458742, 52.400771291815317 ], [ 13.490431467419933, 52.400771104167816 ], [ 13.490430853853885, 52.400789078610217 ], [ 13.490416160809271, 52.400788890960769 ], [ 13.490415854023023, 52.400797878181884 ], [ 13.490401160975585, 52.400797690530553 ], [ 13.490400547396636, 52.400815664972626 ], [ 13.490385854343394, 52.400815477319348 ], [ 13.490385547550693, 52.400824464540314 ], [ 13.490414933663304, 52.400824839845171 ], [ 13.490415240450039, 52.400815852624085 ] ] ] } },
{ "type": "Feature", "properties": { "id": 18405, "art": "NOT-ALKIS-Gebäude" }, "geometry": { "type": "Polygon", "coordinates": [ [ [ 13.498643070597128, 52.400929637936422 ], [ 13.498657763743994, 52.400929824563796 ], [ 13.498659289307966, 52.400884888289006 ], [ 13.498644596176016, 52.40088470166193 ], [ 13.498644901291311, 52.400875714406993 ], [ 13.49861551503386, 52.400875341147476 ], [ 13.498615209912598, 52.400884328402299 ], [ 13.498600516781131, 52.400884141769744 ], [ 13.498598991157495, 52.40092907804334 ], [ 13.498613684303878, 52.400929264676186 ], [ 13.498613379181652, 52.400938251930917 ], [ 13.498642765480868, 52.400938625191266 ], [ 13.498643070597128, 52.400929637936422 ] ] ] } },
{ "type": "Feature", "properties": { "id": 18446, "art": "NOT-ALKIS-Gebäude" }, "geometry": { "type": "Polygon", "coordinates": [ [ [ 13.511406273745283, 52.406485730879062 ], [ 13.51142096882357, 52.406485915933892 ], [ 13.511421573984354, 52.406467941336416 ], [ 13.511406878912036, 52.4064677562817 ], [ 13.511407181495175, 52.406458768982993 ], [ 13.511353363744117, 52.406458091241767 ], [ 13.511348237152406, 52.406462901659353 ], [ 13.511347796029128, 52.406476003343052 ], [ 13.511362491103792, 52.406476188405129 ], [ 13.511362188511383, 52.406485175703615 ], [ 13.511391578667157, 52.406485545822406 ], [ 13.511391276080555, 52.406494533120998 ], [ 13.511405971161668, 52.406494718177719 ], [ 13.511406273745283, 52.406485730879062 ] ] ] } },
{ "type": "Feature", "properties": { "id": 18448, "art": "NOT-ALKIS-Gebäude" }, "geometry": { "type": "Polygon", "coordinates": [ [ [ 13.485647587245852, 52.406113586631982 ], [ 13.485646971617291, 52.406131561018405 ], [ 13.485661666404562, 52.406131749273889 ], [ 13.485661358593021, 52.406140736467144 ], [ 13.485676053383438, 52.406140924720887 ], [ 13.485675745574721, 52.406149911914177 ], [ 13.485690440368284, 52.406150100166137 ], [ 13.485689516950108, 52.406177061746121 ], [ 13.485718906555627, 52.406177438244946 ], [ 13.485719522155971, 52.406159463858053 ], [ 13.485704827359099, 52.406159275609681 ], [ 13.485706058569775, 52.406123326835981 ], [ 13.485691363785, 52.406123138586018 ], [ 13.485691671590248, 52.406114151392622 ], [ 13.485647587245852, 52.406113586631982 ] ] ] } },
{ "type": "Feature", "properties": { "id": 18453, "art": "NOT-ALKIS-Gebäude" }, "geometry": { "type": "Polygon", "coordinates": [ [ [ 13.452798174414951, 52.419750360173502 ], [ 13.452812873503833, 52.419750552546361 ], [ 13.452813188145054, 52.419741565511728 ], [ 13.452798489059159, 52.419741373138926 ], [ 13.452798803703198, 52.41973238610435 ], [ 13.452784104620456, 52.4197321937298 ], [ 13.452784419267315, 52.419723206695267 ], [ 13.452725622949949, 52.419722437179026 ], [ 13.452725308291141, 52.41973142421331 ], [ 13.452710609209229, 52.419731231829616 ], [ 13.45271029454727, 52.419740218863822 ], [ 13.45272499363217, 52.419740411247567 ], [ 13.452724678973032, 52.419749398281823 ], [ 13.452739378061084, 52.419749590663812 ], [ 13.452739063404767, 52.419758577698119 ], [ 13.452797859770579, 52.41975934720805 ], [ 13.452798174414951, 52.419750360173502 ] ] ] } },
{ "type": "Feature", "properties": { "id": 18454, "art": "NOT-ALKIS-Gebäude" }, "geometry": { "type": "Polygon", "coordinates": [ [ [ 13.505511073394247, 52.420401505253082 ], [ 13.505525773059055, 52.420401691074822 ], [ 13.505526380920791, 52.420383716568104 ], [ 13.50554108057978, 52.420383902387982 ], [ 13.505541384507422, 52.420374915134531 ], [ 13.505556084163583, 52.420375100952612 ], [ 13.505555780238931, 52.420384088206028 ], [ 13.505643978197199, 52.420385203075988 ], [ 13.50564519382317, 52.420349254060433 ], [ 13.505659893471497, 52.420349439865461 ], [ 13.505661716887726, 52.420295516341326 ], [ 13.505544119848976, 52.420294029852847 ], [ 13.505544423775012, 52.420285042599254 ], [ 13.505529724148875, 52.420284856780029 ], [ 13.505529420219851, 52.420293844033573 ], [ 13.50551472059089, 52.420293658212465 ], [ 13.505514416658716, 52.420302645465931 ], [ 13.505529116290667, 52.420302831287088 ], [ 13.505528812361323, 52.420311818540597 ], [ 13.505543511996418, 52.420312004359992 ], [ 13.505542600216382, 52.420338966120596 ], [ 13.505527900572325, 52.420338780301016 ], [ 13.505527596642338, 52.420347767554468 ], [ 13.505498197348732, 52.420347395909694 ], [ 13.505498805220491, 52.420329421403039 ], [ 13.505484105579903, 52.420329235578045 ], [ 13.50548440951853, 52.420320248324735 ], [ 13.505425610969723, 52.420319505006709 ], [ 13.50542530701915, 52.42032849225977 ], [ 13.505410607379364, 52.420328306425638 ], [ 13.505410303425643, 52.420337293678614 ], [ 13.505395603783031, 52.420337107842585 ], [ 13.505394691911947, 52.420364069601263 ], [ 13.505379992260535, 52.420363883763237 ], [ 13.505379080379049, 52.420390845521595 ], [ 13.505393780039425, 52.420391031359806 ], [ 13.505393476081593, 52.42040001861271 ], [ 13.505408175745115, 52.420400204449059 ], [ 13.505407263879627, 52.42042716620761 ], [ 13.505421963552269, 52.420427352042388 ], [ 13.505421659599772, 52.420436339295271 ], [ 13.505451058951511, 52.420436710959493 ], [ 13.505451362898034, 52.420427723706503 ], [ 13.505466062571156, 52.42042790953581 ], [ 13.50546575862762, 52.420436896788864 ], [ 13.505509857656911, 52.420437454266029 ], [ 13.505511073394247, 52.420401505253082 ] ] ] } },
{ "type": "Feature", "properties": { "id": 18457, "art": "NOT-ALKIS-Gebäude" }, "geometry": { "type": "Polygon", "coordinates": [ [ [ 13.509890368414517, 52.420492748397173 ], [ 13.509905068138961, 52.420492933674829 ], [ 13.509905674221859, 52.420474959132555 ], [ 13.509890974503389, 52.420474773855013 ], [ 13.509891277547585, 52.420465786583925 ], [ 13.509817778972563, 52.420464860169126 ], [ 13.509817475913431, 52.420473847439922 ], [ 13.509802776195922, 52.420473662151416 ], [ 13.509802473133645, 52.420482649422148 ], [ 13.50981717285414, 52.420482834710789 ], [ 13.509816869794692, 52.420491821981472 ], [ 13.509831569518338, 52.420492007268265 ], [ 13.509831266461715, 52.42050099453909 ], [ 13.50989006536984, 52.420501735668225 ], [ 13.509890368414517, 52.420492748397173 ] ] ] } },
{ "type": "Feature", "properties": { "id": 18464, "art": "NOT-ALKIS-Gebäude" }, "geometry": { "type": "Polygon", "coordinates": [ [ [ 13.511389135650532, 52.420529611862236 ], [ 13.511403835397239, 52.420529796953758 ], [ 13.511404440871472, 52.420511822399284 ], [ 13.511419140612368, 52.420512007488782 ], [ 13.511419443346254, 52.420503020211576 ], [ 13.511404743608345, 52.42050283512215 ], [ 13.511405046345063, 52.420493847844824 ], [ 13.5113903466103, 52.420493662753636 ], [ 13.511390043870597, 52.420502650030805 ], [ 13.511375344133006, 52.420502464937805 ], [ 13.511374738647149, 52.420520439491909 ], [ 13.511360038903746, 52.420520254396891 ], [ 13.511359433411275, 52.420538228950889 ], [ 13.511388832910191, 52.420538599139363 ], [ 13.511389135650532, 52.420529611862236 ] ] ] } },
{ "type": "Feature", "properties": { "id": 18465, "art": "NOT-ALKIS-Gebäude" }, "geometry": { "type": "Polygon", "coordinates": [ [ [ 13.518900726988031, 52.420623955532008 ], [ 13.518915426816116, 52.420624139689892 ], [ 13.518916029237801, 52.420606165074567 ], [ 13.518930729060074, 52.420606349230511 ], [ 13.518931331475141, 52.420588374615171 ], [ 13.518916631658847, 52.420588190459263 ], [ 13.51891693286913, 52.42057920315159 ], [ 13.518902233055977, 52.420579018994076 ], [ 13.518901931842707, 52.420588006301607 ], [ 13.518887232026726, 52.420587822142132 ], [ 13.518886629593734, 52.420605796757201 ], [ 13.518871929771938, 52.420605612595779 ], [ 13.518871327332334, 52.420623587210741 ], [ 13.518886027160102, 52.420623771372284 ], [ 13.518885725943052, 52.420632758679695 ], [ 13.518900425773964, 52.420632942839546 ], [ 13.518900726988031, 52.420623955532008 ] ] ] } },
{ "type": "Feature", "properties": { "id": 18474, "art": "NOT-ALKIS-Gebäude" }, "geometry": { "type": "Polygon", "coordinates": [ [ [ 13.449561856481752, 52.419779889905143 ], [ 13.449576555557984, 52.419780082680376 ], [ 13.449576870857527, 52.419771095659527 ], [ 13.44959156993094, 52.419771288432855 ], [ 13.449591885227331, 52.419762301411936 ], [ 13.449635982439604, 52.4197628797208 ], [ 13.44963661301397, 52.419744905678542 ], [ 13.449651312079087, 52.419745098444388 ], [ 13.449653203780276, 52.419691176316881 ], [ 13.449667902827644, 52.419691369080532 ], [ 13.449668533387403, 52.419673395037783 ], [ 13.449653834346009, 52.419673202274268 ], [ 13.449654464911077, 52.419655228231576 ], [ 13.449669163946499, 52.419655420994964 ], [ 13.449669794504929, 52.419637446952102 ], [ 13.449610998388135, 52.419636675888064 ], [ 13.449611313679044, 52.419627688866861 ], [ 13.449523119526761, 52.419626532216377 ], [ 13.449522173599775, 52.41965349327883 ], [ 13.449507474566017, 52.41965330049716 ], [ 13.449506213315763, 52.419689248579985 ], [ 13.449491514270226, 52.419689055796248 ], [ 13.449490253005367, 52.419725003878582 ], [ 13.449475553948051, 52.41972481109277 ], [ 13.449474923308649, 52.419742785133721 ], [ 13.449489622371939, 52.419742977919654 ], [ 13.449488676420552, 52.41976993898114 ], [ 13.449503375492965, 52.419770131765446 ], [ 13.44950306017849, 52.419779118785975 ], [ 13.449532458329788, 52.419779504349222 ], [ 13.44953214302112, 52.419788491369857 ], [ 13.449561541179058, 52.4197888769259 ], [ 13.449561856481752, 52.419779889905143 ] ] ] } },
{ "type": "Feature", "properties": { "id": 18475, "art": "NOT-ALKIS-Gebäude" }, "geometry": { "type": "Polygon", "coordinates": [ [ [ 13.48112238915877, 52.420153621410194 ], [ 13.481107689741291, 52.420153432555416 ], [ 13.481107380848195, 52.420162419708284 ], [ 13.481092681427896, 52.420162230851616 ], [ 13.48109237253165, 52.42017121800442 ], [ 13.481107071954938, 52.420171406861158 ], [ 13.48110645416793, 52.42018938116685 ], [ 13.481121153597353, 52.420189570021869 ], [ 13.481120844706592, 52.420198557174764 ], [ 13.4811502435719, 52.420198934879458 ], [ 13.481151479110073, 52.420162986267357 ], [ 13.48112208026866, 52.420162608563132 ], [ 13.48112238915877, 52.420153621410194 ] ] ] } },
{ "type": "Feature", "properties": { "id": 18482, "art": "NOT-ALKIS-Gebäude" }, "geometry": { "type": "Polygon", "coordinates": [ [ [ 13.513172410580808, 52.421289321677058 ], [ 13.513187110592067, 52.421289506548668 ], [ 13.513187715357697, 52.421271531981972 ], [ 13.513173015352409, 52.421271347110476 ], [ 13.513173317737969, 52.421262359827196 ], [ 13.513143917733849, 52.421261990078847 ], [ 13.513143615342315, 52.421270977361999 ], [ 13.513128915337505, 52.421270792485018 ], [ 13.513128310547984, 52.421288767051237 ], [ 13.513143010558769, 52.421288951928247 ], [ 13.513142708166754, 52.421297939211449 ], [ 13.513172108194773, 52.421298308960182 ], [ 13.513172410580808, 52.421289321677058 ] ] ] } },
{ "type": "Feature", "properties": { "id": 18483, "art": "NOT-ALKIS-Gebäude" }, "geometry": { "type": "Polygon", "coordinates": [ [ [ 13.514776223046404, 52.421264525481007 ], [ 13.514702722980301, 52.421263602092708 ], [ 13.514703025054743, 52.421254614803111 ], [ 13.514688325044986, 52.421254430120037 ], [ 13.514687720889976, 52.421272404698925 ], [ 13.514673020874405, 52.421272220013975 ], [ 13.514672114631736, 52.421299181881928 ], [ 13.514686814656265, 52.421299366567141 ], [ 13.514686512578042, 52.42130835385661 ], [ 13.514730612661552, 52.421308907901448 ], [ 13.514730310592135, 52.421317895190896 ], [ 13.514789110717658, 52.421318633892014 ], [ 13.514790621003428, 52.421273697442977 ], [ 13.51477592098674, 52.421273512770824 ], [ 13.514776223046404, 52.421264525481007 ] ] ] } },
{ "type": "Feature", "properties": { "id": 18487, "art": "NOT-ALKIS-Gebäude" }, "geometry": { "type": "Polygon", "coordinates": [ [ [ 13.484183684059246, 52.420939175146323 ], [ 13.484198383758951, 52.420939363620697 ], [ 13.484199000305328, 52.420921389291578 ], [ 13.484184300611595, 52.420921200817325 ], [ 13.484184608887524, 52.420912213652805 ], [ 13.484169909196943, 52.42091202517679 ], [ 13.484169600918026, 52.420921012341246 ], [ 13.484140201531375, 52.420920635383602 ], [ 13.484139276675727, 52.420947596876516 ], [ 13.484183375782827, 52.420948162310786 ], [ 13.484183684059246, 52.420939175146323 ] ] ] } },
{ "type": "Feature", "properties": { "id": 18490, "art": "NOT-ALKIS-Gebäude" }, "geometry": { "type": "Polygon", "coordinates": [ [ [ 13.455681274010667, 52.420570287389488 ], [ 13.455695973392189, 52.420570479406038 ], [ 13.455697229648511, 52.420534531223602 ], [ 13.455711929018253, 52.420534723238077 ], [ 13.455712557139448, 52.420516749146664 ], [ 13.455683158412072, 52.420516365116121 ], [ 13.455683472478393, 52.420507378070504 ], [ 13.455639374397531, 52.420506802011182 ], [ 13.455639060322252, 52.420515789056608 ], [ 13.455624360959307, 52.420515597033116 ], [ 13.455623732802277, 52.420533571123805 ], [ 13.455609033433527, 52.420533379098366 ], [ 13.455607777105529, 52.42056932727931 ], [ 13.455622476486226, 52.420569519304998 ], [ 13.455622162406801, 52.42057850635026 ], [ 13.455636861790648, 52.420578698374186 ], [ 13.455636547714041, 52.420587685419498 ], [ 13.455680645875539, 52.420588261480482 ], [ 13.455681274010667, 52.420570287389488 ] ] ] } },
{ "type": "Feature", "properties": { "id": 18501, "art": "NOT-ALKIS-Gebäude" }, "geometry": { "type": "Polygon", "coordinates": [ [ [ 13.492752103838843, 52.421093681774316 ], [ 13.492766803647992, 52.421093869183935 ], [ 13.492767110180784, 52.421084881984122 ], [ 13.492752410374623, 52.421084694574567 ], [ 13.492753329980991, 52.421057732975214 ], [ 13.492738630183949, 52.421057545564018 ], [ 13.492738936722068, 52.421048558364269 ], [ 13.492724236928176, 52.421048370951304 ], [ 13.492724850009903, 52.42103039655187 ], [ 13.492710150222146, 52.4210302091372 ], [ 13.492710456765755, 52.421021221937522 ], [ 13.492681057196698, 52.42102084710281 ], [ 13.492681363746119, 52.421011859903253 ], [ 13.492666663964817, 52.421011672483218 ], [ 13.492666970517064, 52.421002685283689 ], [ 13.492652270738914, 52.421002497861892 ], [ 13.492652577293983, 52.420993510662413 ], [ 13.492623177744141, 52.420993135813454 ], [ 13.492623484305023, 52.420984148614082 ], [ 13.49260878453333, 52.42098396118692 ], [ 13.492609091097037, 52.42097497398759 ], [ 13.492579691560111, 52.420974599127916 ], [ 13.49257938499043, 52.420983586327125 ], [ 13.492549985448179, 52.420983211460012 ], [ 13.492549678872361, 52.420992198659086 ], [ 13.49253497909849, 52.420992011222737 ], [ 13.492534672519525, 52.421000998421718 ], [ 13.492578771850583, 52.421001560725486 ], [ 13.492578465280417, 52.421010547924652 ], [ 13.492593165060748, 52.421010735355651 ], [ 13.492592858493406, 52.421019722554853 ], [ 13.492607558276882, 52.421019909984082 ], [ 13.492607251712368, 52.421028897183334 ], [ 13.492621951498995, 52.421029084610794 ], [ 13.492621644937303, 52.421038071810088 ], [ 13.492636344727078, 52.421038259235779 ], [ 13.492636038168213, 52.421047246435123 ], [ 13.492650737961135, 52.421047433859059 ], [ 13.492650431405096, 52.421056421058438 ], [ 13.492665131201166, 52.421056608480612 ], [ 13.492664824647951, 52.421065595680041 ], [ 13.492694224246552, 52.42106597051901 ], [ 13.49269391769915, 52.42107495771856 ], [ 13.49270861750168, 52.421075145135354 ], [ 13.492708004412362, 52.421093119534511 ], [ 13.492722704221027, 52.421093306949601 ], [ 13.492722397679112, 52.421102294149229 ], [ 13.492751797302901, 52.421102668974058 ], [ 13.492752103838843, 52.421093681774316 ] ] ] } },
{ "type": "Feature", "properties": { "id": 18508, "art": "NOT-ALKIS-Gebäude" }, "geometry": { "type": "Polygon", "coordinates": [ [ [ 13.484476363924005, 52.428270683379395 ], [ 13.484491066064436, 52.428270871835714 ], [ 13.484491374359681, 52.428261884681149 ], [ 13.48452077863506, 52.428262261588166 ], [ 13.484521086924167, 52.428253274433466 ], [ 13.484535789059111, 52.428253462884172 ], [ 13.484536097345066, 52.428244475729407 ], [ 13.484550799477187, 52.428244664178223 ], [ 13.484551416042633, 52.428226689868517 ], [ 13.484536713916489, 52.428226501419822 ], [ 13.484537022201957, 52.428217514265 ], [ 13.484522320078964, 52.428217325814529 ], [ 13.484522628367255, 52.428208338659772 ], [ 13.484493224127732, 52.428207961753486 ], [ 13.484492915833465, 52.428216948908116 ], [ 13.484478213710959, 52.42821676045218 ], [ 13.48447790541354, 52.428225747606753 ], [ 13.48444850116304, 52.428225370689255 ], [ 13.484448192859483, 52.428234357843678 ], [ 13.48443349073149, 52.428234169382137 ], [ 13.484433182424782, 52.428243156536503 ], [ 13.484418480293963, 52.428242968073057 ], [ 13.484417555363896, 52.42826992953588 ], [ 13.484432257503679, 52.428270117999496 ], [ 13.48443194919632, 52.428279105153798 ], [ 13.48447605562561, 52.428279670533875 ], [ 13.484476363924005, 52.428270683379395 ] ] ] } },
{ "type": "Feature", "properties": { "id": 18509, "art": "NOT-ALKIS-Gebäude" }, "geometry": { "type": "Polygon", "coordinates": [ [ [ 13.444017011412081, 52.427736142614947 ], [ 13.443972906361095, 52.427735562149309 ], [ 13.443972589831306, 52.427744549134118 ], [ 13.44395788814499, 52.427744355641842 ], [ 13.443957571612044, 52.42775334262658 ], [ 13.443972273301348, 52.427753536118907 ], [ 13.443971956771223, 52.427762523103695 ], [ 13.4440160618491, 52.427763103569887 ], [ 13.444017011412081, 52.427736142614947 ] ] ] } },
{ "type": "Feature", "properties": { "id": 18516, "art": "NOT-ALKIS-Gebäude" }, "geometry": { "type": "Polygon", "coordinates": [ [ [ 13.487503162184831, 52.428363389797084 ], [ 13.487517864376654, 52.428363577877342 ], [ 13.487518172057339, 52.428354590710349 ], [ 13.487532874246337, 52.428354778788709 ], [ 13.487533181923871, 52.428345791621666 ], [ 13.487547884110045, 52.428345979698129 ], [ 13.487548191784427, 52.428336992530994 ], [ 13.487562893967775, 52.428337180605574 ], [ 13.487563201639007, 52.428328193438368 ], [ 13.487577903819529, 52.428328381511058 ], [ 13.487578519155532, 52.428310407176497 ], [ 13.487563816980987, 52.428310219103928 ], [ 13.487564739992736, 52.428283257602125 ], [ 13.487520633496965, 52.428282693373994 ], [ 13.487520325817581, 52.428291680541093 ], [ 13.487490921481902, 52.428291304379741 ], [ 13.487490613796377, 52.428300291546712 ], [ 13.487475911625793, 52.428300103463236 ], [ 13.487475603937121, 52.428309090630115 ], [ 13.487460901763709, 52.428308902544757 ], [ 13.487460594071885, 52.428317889711565 ], [ 13.48744589189565, 52.428317701624316 ], [ 13.487445584200675, 52.428326688791046 ], [ 13.487430882021613, 52.428326500701914 ], [ 13.487430266625202, 52.428344475035217 ], [ 13.487444968810239, 52.428344663124477 ], [ 13.487444661114777, 52.428353650291164 ], [ 13.487459363302964, 52.428353838378655 ], [ 13.487459055610328, 52.428362825545392 ], [ 13.487473757801666, 52.42836301363112 ], [ 13.487473450111857, 52.428372000797893 ], [ 13.487502854500997, 52.428372376963985 ], [ 13.487503162184831, 52.428363389797084 ] ] ] } },
{ "type": "Feature", "properties": { "id": 18517, "art": "NOT-ALKIS-Gebäude" }, "geometry": { "type": "Polygon", "coordinates": [ [ [ 13.493678097011108, 52.42844222271075 ], [ 13.493692799270953, 52.428442410023507 ], [ 13.493693105696645, 52.428433422831105 ], [ 13.493678403439789, 52.428433235518405 ], [ 13.493678709868306, 52.428424248326053 ], [ 13.493634603107671, 52.428423686377194 ], [ 13.493633683794739, 52.428450647953667 ], [ 13.493677790582268, 52.428451209903074 ], [ 13.493678097011108, 52.42844222271075 ] ] ] } },
{ "type": "Feature", "properties": { "id": 18520, "art": "NOT-ALKIS-Gebäude" }, "geometry": { "type": "Polygon", "coordinates": [ [ [ 13.441617786076836, 52.427785462927801 ], [ 13.44163248776049, 52.427785656711094 ], [ 13.441634389795004, 52.427731734862313 ], [ 13.441619688129277, 52.427731541079396 ], [ 13.441620005137432, 52.427722554104598 ], [ 13.441590601812456, 52.427722166533414 ], [ 13.441590918826417, 52.427713179558737 ], [ 13.441576217167167, 52.427712985770476 ], [ 13.441576534183953, 52.427703998795835 ], [ 13.441561832527857, 52.427703805005798 ], [ 13.441562466566898, 52.427685831056614 ], [ 13.441577168217018, 52.427686024846523 ], [ 13.441578436281141, 52.427650076947735 ], [ 13.44159313791948, 52.427650270735576 ], [ 13.441593454932104, 52.427641283760771 ], [ 13.441622858203303, 52.427641671330818 ], [ 13.441623175209784, 52.427632684355892 ], [ 13.441608473577089, 52.427632490571838 ], [ 13.441608790586393, 52.427623503596948 ], [ 13.441594088956853, 52.427623309811132 ], [ 13.441594405968978, 52.427614322836291 ], [ 13.44157970434259, 52.427614129048706 ], [ 13.441580655386923, 52.427587168124262 ], [ 13.441595357004346, 52.427587361911662 ], [ 13.441595991027089, 52.427569387961839 ], [ 13.441581289415641, 52.427569194174566 ], [ 13.44158160642975, 52.427560207199697 ], [ 13.441552203213332, 52.427559819619795 ], [ 13.441551569172997, 52.427577793569277 ], [ 13.441536867559064, 52.427577599776463 ], [ 13.441536233512085, 52.427595573725753 ], [ 13.441521531892345, 52.427595379930992 ], [ 13.44151931270174, 52.427658288752596 ], [ 13.44150461106125, 52.427658094955561 ], [ 13.441500489646693, 52.427774925621506 ], [ 13.441515191326019, 52.427775119419344 ], [ 13.441514874295947, 52.427784106393617 ], [ 13.44152957597843, 52.427784300189693 ], [ 13.44152925895118, 52.427793287164 ], [ 13.441617469067513, 52.427794449902478 ], [ 13.441617786076836, 52.427785462927801 ] ] ] } },
{ "type": "Feature", "properties": { "id": 18532, "art": "NOT-ALKIS-Gebäude" }, "geometry": { "type": "Polygon", "coordinates": [ [ [ 13.497952794716738, 52.428604500133993 ], [ 13.497967497059404, 52.428604686915705 ], [ 13.49796810817541, 52.428586712496148 ], [ 13.49795340583872, 52.42858652571455 ], [ 13.497953711399468, 52.428577538504804 ], [ 13.497939009065927, 52.428577351721444 ], [ 13.497938703502189, 52.428586338931133 ], [ 13.497924001165822, 52.428586152145883 ], [ 13.497923695598935, 52.428595139355501 ], [ 13.49790899325974, 52.428594952568361 ], [ 13.497908687689703, 52.428603939777901 ], [ 13.497923390031888, 52.428604126565091 ], [ 13.497923084464679, 52.428613113774674 ], [ 13.497952489155503, 52.428613487343782 ], [ 13.497952794716738, 52.428604500133993 ] ] ] } },
{ "type": "Feature", "properties": { "id": 18542, "art": "NOT-ALKIS-Gebäude" }, "geometry": { "type": "Polygon", "coordinates": [ [ [ 13.441786130450344, 52.429684814775818 ], [ 13.441830237401147, 52.42968539607206 ], [ 13.441831188363643, 52.429658435153904 ], [ 13.441816486055506, 52.429658241390513 ], [ 13.44181680304566, 52.429649254417832 ], [ 13.441802100740677, 52.429649060652672 ], [ 13.441802417733651, 52.429640073680027 ], [ 13.441773013130163, 52.429639686144341 ], [ 13.441773330128948, 52.429630699171824 ], [ 13.441758627830442, 52.429630505401306 ], [ 13.441758310828671, 52.429639492373759 ], [ 13.441743608527345, 52.429639298601359 ], [ 13.441742023501044, 52.429684233463142 ], [ 13.441756725817312, 52.429684427235856 ], [ 13.441756408814536, 52.429693414208231 ], [ 13.441785813453546, 52.429693801748314 ], [ 13.441786130450344, 52.429684814775818 ] ] ] } },
{ "type": "Feature", "properties": { "id": 18545, "art": "NOT-ALKIS-Gebäude" }, "geometry": { "type": "Polygon", "coordinates": [ [ [ 13.447754969002546, 52.429772321038804 ], [ 13.447799076165563, 52.429772900109533 ], [ 13.447799391940247, 52.429763913111536 ], [ 13.447814094325265, 52.429764106131387 ], [ 13.447814725868156, 52.429746132135207 ], [ 13.447800023489116, 52.42974593911547 ], [ 13.447800339263299, 52.429736952117402 ], [ 13.44778563688741, 52.42973675909591 ], [ 13.447785321110238, 52.429745746093907 ], [ 13.447755916352987, 52.429745360045303 ], [ 13.447755600569673, 52.429754347043158 ], [ 13.447696791045219, 52.429753574923758 ], [ 13.447696475249785, 52.429762561921351 ], [ 13.447681772866098, 52.42976236888687 ], [ 13.44768145706751, 52.429771355884377 ], [ 13.447725564228032, 52.429771934982526 ], [ 13.447725248438241, 52.429780921980196 ], [ 13.44775465321873, 52.429781308036617 ], [ 13.447754969002546, 52.429772321038804 ] ] ] } },
{ "type": "Feature", "properties": { "id": 18548, "art": "NOT-ALKIS-Gebäude" }, "geometry": { "type": "Polygon", "coordinates": [ [ [ 13.486863288180954, 52.430297280433294 ], [ 13.486877991011905, 52.430297468597921 ], [ 13.486878298844191, 52.430288481436563 ], [ 13.486893001672316, 52.430288669599292 ], [ 13.486893617330423, 52.430270695276391 ], [ 13.486878914508276, 52.430270507113775 ], [ 13.486879222340074, 52.43026151995236 ], [ 13.486864519521077, 52.430261331787982 ], [ 13.486865135190166, 52.430243357465237 ], [ 13.48685043237731, 52.430243169299153 ], [ 13.486850740214598, 52.430234182137823 ], [ 13.48683603740489, 52.430233993969978 ], [ 13.486836345245004, 52.430225006808676 ], [ 13.486806939632055, 52.43022463046762 ], [ 13.486806631785964, 52.430233617628794 ], [ 13.486777226167685, 52.430233241280312 ], [ 13.486776918315456, 52.43024222844133 ], [ 13.486762215503573, 52.430242040264289 ], [ 13.486761907648193, 52.430251027425243 ], [ 13.486747204833481, 52.43025083924632 ], [ 13.486746589116256, 52.430268813568063 ], [ 13.486761291936942, 52.430269001747121 ], [ 13.486760984081075, 52.430277988908024 ], [ 13.48677568690491, 52.430278177085313 ], [ 13.486775379051867, 52.430287164246288 ], [ 13.486790081878857, 52.430287352421807 ], [ 13.48678977402864, 52.430296339582803 ], [ 13.486804476858778, 52.430296527756553 ], [ 13.486804169011387, 52.430305514917606 ], [ 13.486862980345519, 52.430306267594595 ], [ 13.486863288180954, 52.430297280433294 ] ] ] } },
{ "type": "Feature", "properties": { "id": 18550, "art": "NOT-ALKIS-Gebäude" }, "geometry": { "type": "Polygon", "coordinates": [ [ [ 13.438580711740743, 52.429651516856403 ], [ 13.438579758795182, 52.429678477732899 ], [ 13.438609163379816, 52.429678866062773 ], [ 13.438608845736937, 52.42968785302169 ], [ 13.438667654920167, 52.429688629659744 ], [ 13.438668290181855, 52.429670655741376 ], [ 13.438653587891773, 52.42967046158472 ], [ 13.438653905525353, 52.42966147462559 ], [ 13.438639203238425, 52.429661280467172 ], [ 13.438639520874826, 52.429652293508077 ], [ 13.438580711740743, 52.429651516856403 ] ] ] } },
{ "type": "Feature", "properties": { "id": 18553, "art": "NOT-ALKIS-Gebäude" }, "geometry": { "type": "Polygon", "coordinates": [ [ [ 13.437638812440788, 52.42966604731793 ], [ 13.437653514722296, 52.429666241600735 ], [ 13.437654150395995, 52.429648267690972 ], [ 13.437668852671692, 52.429648461971809 ], [ 13.437669488338743, 52.429630488061882 ], [ 13.437684190608636, 52.429630682340772 ], [ 13.43768450843892, 52.42962169538572 ], [ 13.437669806172019, 52.429621501106887 ], [ 13.437670124005125, 52.429612514151884 ], [ 13.43768482626904, 52.429612708430639 ], [ 13.437685144098991, 52.429603721475566 ], [ 13.437655739577302, 52.429603332916322 ], [ 13.437656057413061, 52.429594345961355 ], [ 13.437626652898023, 52.429593957394943 ], [ 13.43762697073959, 52.429584970440068 ], [ 13.437597566231196, 52.429584581866479 ], [ 13.437597884078572, 52.429575594911732 ], [ 13.437509670575341, 52.429574429147458 ], [ 13.437509034844568, 52.429592403056205 ], [ 13.43749433258864, 52.429592208755629 ], [ 13.437493696851218, 52.429610182664184 ], [ 13.437478994589483, 52.429609988361662 ], [ 13.437478358845414, 52.429627962270025 ], [ 13.437463656577872, 52.429627767965563 ], [ 13.437463338702598, 52.429636754919663 ], [ 13.437478040973129, 52.429636949224189 ], [ 13.437477723100677, 52.429645936178339 ], [ 13.437492425374364, 52.42964613048111 ], [ 13.437492107504733, 52.42965511743531 ], [ 13.437506809781574, 52.429655311736312 ], [ 13.437506491914762, 52.429664298690554 ], [ 13.437550598755262, 52.429664881582788 ], [ 13.437550280897247, 52.429673868537201 ], [ 13.437564983180737, 52.429674062831026 ], [ 13.437564665325541, 52.429683049785488 ], [ 13.437638176760446, 52.429684021227501 ], [ 13.437638812440788, 52.42966604731793 ] ] ] } },
{ "type": "Feature", "properties": { "id": 18555, "art": "NOT-ALKIS-Gebäude" }, "geometry": { "type": "Polygon", "coordinates": [ [ [ 13.436608699003667, 52.429679403832615 ], [ 13.4366234012824, 52.42967959824351 ], [ 13.436623719328997, 52.429670611293076 ], [ 13.436609017053252, 52.429670416882246 ], [ 13.436609335102668, 52.429661429931848 ], [ 13.436535823741398, 52.429660457850595 ], [ 13.436536141805584, 52.429651470900509 ], [ 13.436521439536822, 52.429651276478843 ], [ 13.436521757603829, 52.4296422895288 ], [ 13.436507055338224, 52.429642095105365 ], [ 13.436507373408052, 52.429633108155365 ], [ 13.436448564359253, 52.429632330443603 ], [ 13.436447928195525, 52.429650304343077 ], [ 13.4364920349998, 52.429650887630011 ], [ 13.436491716926648, 52.429659874579919 ], [ 13.436506419198064, 52.429660069005294 ], [ 13.436505783057232, 52.429678042905188 ], [ 13.436520485334791, 52.429678237328872 ], [ 13.436520167267112, 52.429687224278858 ], [ 13.436608380953917, 52.429688390782978 ], [ 13.436608699003667, 52.429679403832615 ] ] ] } },
{ "type": "Feature", "properties": { "id": 19645, "art": "NOT-ALKIS-Gebäude" }, "geometry": { "type": "Polygon", "coordinates": [ [ [ 13.486308864925842, 52.398821249861491 ], [ 13.486323557289078, 52.398821438016476 ], [ 13.486323864884879, 52.398812450809281 ], [ 13.486338557245293, 52.398812638962376 ], [ 13.486339172430442, 52.398794664547829 ], [ 13.486324480075991, 52.398794476394862 ], [ 13.486324787671306, 52.398785489187631 ], [ 13.48629540296886, 52.398785112876332 ], [ 13.486295710569976, 52.398776125669201 ], [ 13.48628101822198, 52.398775937510877 ], [ 13.48628071061788, 52.398784924717937 ], [ 13.486266018267063, 52.39878473655773 ], [ 13.486265403052411, 52.398802710971694 ], [ 13.486250710695789, 52.39880252280954 ], [ 13.486250403085236, 52.398811510016436 ], [ 13.486265095444841, 52.398811698178655 ], [ 13.486264787837108, 52.398820685385601 ], [ 13.486279480199858, 52.398820873546065 ], [ 13.486279172594948, 52.39882986075304 ], [ 13.486308557326899, 52.398830237068609 ], [ 13.486308864925842, 52.398821249861491 ] ] ] } },
{ "type": "Feature", "properties": { "id": 19673, "art": "NOT-ALKIS-Gebäude" }, "geometry": { "type": "Polygon", "coordinates": [ [ [ 13.499173337337233, 52.399165119229231 ], [ 13.499188029901562, 52.399165305786347 ], [ 13.499188334887538, 52.399156318526543 ], [ 13.499173642326191, 52.399156131969505 ], [ 13.49917394731499, 52.399147144709737 ], [ 13.499129869640862, 52.399146585027815 ], [ 13.499129564643114, 52.399155572287398 ], [ 13.49911487208241, 52.399155385723049 ], [ 13.49911456708152, 52.399164372982554 ], [ 13.499129259645207, 52.399164559546961 ], [ 13.499128954647137, 52.399173546806509 ], [ 13.499173032348112, 52.399174106488978 ], [ 13.499173337337233, 52.399165119229231 ] ] ] } },
{ "type": "Feature", "properties": { "id": 19735, "art": "NOT-ALKIS-Gebäude" }, "geometry": { "type": "Polygon", "coordinates": [ [ [ 13.489905699592089, 52.399379752608915 ], [ 13.489920392165194, 52.39937994031829 ], [ 13.489920699036423, 52.399370953097048 ], [ 13.489935391606705, 52.39937114080454 ], [ 13.489935698474792, 52.399362153583233 ], [ 13.489921005907492, 52.399361965875791 ], [ 13.489921312778399, 52.399352978654527 ], [ 13.489906620214246, 52.399352790945322 ], [ 13.489906927087974, 52.399343803724108 ], [ 13.489862849405432, 52.39934324058575 ], [ 13.489863156287946, 52.399334253364685 ], [ 13.48981907861581, 52.399333690210078 ], [ 13.489818771724345, 52.399342677430965 ], [ 13.489804079164305, 52.399342489709049 ], [ 13.489803465374926, 52.399360464150632 ], [ 13.489818157940931, 52.399360651872662 ], [ 13.489817851048979, 52.399369639093486 ], [ 13.489861928756914, 52.399370202248825 ], [ 13.489861621873752, 52.399379189469826 ], [ 13.489876314446368, 52.39937937718468 ], [ 13.489876007566028, 52.399388364405731 ], [ 13.489905392717715, 52.39938873983008 ], [ 13.489905699592089, 52.399379752608915 ] ] ] } },
{ "type": "Feature", "properties": { "id": 19815, "art": "NOT-ALKIS-Gebäude" }, "geometry": { "type": "Polygon", "coordinates": [ [ [ 13.48671857661947, 52.399734601743184 ], [ 13.486733269288848, 52.399734789849532 ], [ 13.486733884334058, 52.399716815434537 ], [ 13.486719191670646, 52.39971662732831 ], [ 13.486719806721174, 52.399698652913379 ], [ 13.48669042140677, 52.399698276695702 ], [ 13.486689191281201, 52.399734225525023 ], [ 13.486703883950254, 52.399734413635016 ], [ 13.486703576421441, 52.399743400842382 ], [ 13.48671826909364, 52.399743588950606 ], [ 13.48671857661947, 52.399734601743184 ] ] ] } },
{ "type": "Feature", "properties": { "id": 19831, "art": "NOT-ALKIS-Gebäude" }, "geometry": { "type": "Polygon", "coordinates": [ [ [ 13.486069945724367, 52.399789233689781 ], [ 13.486084638407492, 52.399789421876861 ], [ 13.48608525371748, 52.399771447467423 ], [ 13.486070561040322, 52.399771259280456 ], [ 13.486070868698054, 52.399762272075769 ], [ 13.486056176024041, 52.399762083887033 ], [ 13.486056483684594, 52.399753096682396 ], [ 13.486041791013728, 52.399752908491898 ], [ 13.486041483350188, 52.399761895696471 ], [ 13.486026790676501, 52.399761707504098 ], [ 13.486026175342975, 52.399779681913095 ], [ 13.486040868022629, 52.399779870105597 ], [ 13.486040560358605, 52.399788857310135 ], [ 13.486055253041405, 52.399789045500867 ], [ 13.486054945380202, 52.399798032705448 ], [ 13.486069638066146, 52.399798220894425 ], [ 13.486069945724367, 52.399789233689781 ] ] ] } },
{ "type": "Feature", "properties": { "id": 19906, "art": "NOT-ALKIS-Gebäude" }, "geometry": { "type": "Polygon", "coordinates": [ [ [ 13.488802432177939, 52.400264766493827 ], [ 13.488817125037535, 52.400264954342518 ], [ 13.488817739247727, 52.40024697991187 ], [ 13.488803046394098, 52.400246792063299 ], [ 13.488803353501932, 52.400237804848004 ], [ 13.488759274950963, 52.400237241291521 ], [ 13.488759582067589, 52.400228254076403 ], [ 13.488730196373718, 52.400227878363076 ], [ 13.488729889251127, 52.400236865578066 ], [ 13.488715196401451, 52.400236677718603 ], [ 13.488714889275718, 52.400245664933536 ], [ 13.48870019642322, 52.400245477072183 ], [ 13.488699582165298, 52.400263451501871 ], [ 13.488714275023762, 52.400263639363331 ], [ 13.488713967897542, 52.400272626578214 ], [ 13.488802125069618, 52.400273753709079 ], [ 13.488802432177939, 52.400264766493827 ] ] ] } },
{ "type": "Feature", "properties": { "id": 19953, "art": "NOT-ALKIS-Gebäude" }, "geometry": { "type": "Polygon", "coordinates": [ [ [ 13.499607273073497, 52.400672147148917 ], [ 13.499621966141316, 52.400672333655827 ], [ 13.499622575969912, 52.400654359137228 ], [ 13.499637269031924, 52.400654545642197 ], [ 13.499637573943, 52.40064555838282 ], [ 13.499652267002189, 52.4006457448859 ], [ 13.499652876817887, 52.400627770366981 ], [ 13.499638183764663, 52.400627583864015 ], [ 13.499638488675256, 52.400618596604602 ], [ 13.499623795625176, 52.400618410099874 ], [ 13.499624100538588, 52.400609422840489 ], [ 13.499594714444878, 52.40060904982569 ], [ 13.499595019364097, 52.400600062566426 ], [ 13.499550940233686, 52.400599503030705 ], [ 13.499549720520044, 52.400635452066972 ], [ 13.499535027464962, 52.40063526555118 ], [ 13.499534722533168, 52.400644252810146 ], [ 13.499520029475262, 52.400644066292458 ], [ 13.499519724540322, 52.400653053551359 ], [ 13.499505031479597, 52.400652867031795 ], [ 13.499504421603266, 52.400670841549413 ], [ 13.49951911466996, 52.400671028069112 ], [ 13.499518809734539, 52.400680015327971 ], [ 13.499606968155975, 52.400681134408131 ], [ 13.499607273073497, 52.400672147148917 ] ] ] } },
{ "type": "Feature", "properties": { "id": 20004, "art": "NOT-ALKIS-Gebäude" }, "geometry": { "type": "Polygon", "coordinates": [ [ [ 13.487438947378628, 52.401020564602952 ], [ 13.487497719785249, 52.401021316672107 ], [ 13.487498027166877, 52.401012329463413 ], [ 13.487542106464597, 52.401012893495938 ], [ 13.48754241383711, 52.401003906287038 ], [ 13.487557106933691, 52.401004094294173 ], [ 13.487557414303062, 52.400995107085208 ], [ 13.48757210739682, 52.400995295090432 ], [ 13.487572414763045, 52.400986307881404 ], [ 13.487557721672269, 52.400986119876215 ], [ 13.487558029041315, 52.400977132667222 ], [ 13.487528642866216, 52.400976756651495 ], [ 13.487528335491204, 52.400985743860375 ], [ 13.487469563131016, 52.400984991806801 ], [ 13.48746925574391, 52.400993979015411 ], [ 13.487439869558822, 52.40099360297755 ], [ 13.487439562165585, 52.401002590186039 ], [ 13.48741017597518, 52.401002214140753 ], [ 13.487409868575815, 52.401011201349085 ], [ 13.48739517547787, 52.401011013323647 ], [ 13.487394560672689, 52.401028987740169 ], [ 13.487438639984905, 52.401029551811384 ], [ 13.487438947378628, 52.401020564602952 ] ] ] } },
{ "type": "Feature", "properties": { "id": 20018, "art": "NOT-ALKIS-Gebäude" }, "geometry": { "type": "Polygon", "coordinates": [ [ [ 13.498369438812279, 52.401195895938017 ], [ 13.49838413204575, 52.401196082600052 ], [ 13.498384742388872, 52.401178108093248 ], [ 13.498370049161368, 52.401177921431326 ], [ 13.498370354335673, 52.40116893417796 ], [ 13.498311581439198, 52.401168187512255 ], [ 13.498311276252961, 52.401177174765373 ], [ 13.498296583026262, 52.401176988094328 ], [ 13.498295972647339, 52.401194962600407 ], [ 13.498281279414835, 52.401194775927415 ], [ 13.498280669029301, 52.401212750433317 ], [ 13.498295362267774, 52.401212937106429 ], [ 13.498295057077749, 52.401221924359419 ], [ 13.498368523287439, 52.401222857697917 ], [ 13.498369438812279, 52.401195895938017 ] ] ] } },
{ "type": "Feature", "properties": { "id": 20031, "art": "NOT-ALKIS-Gebäude" }, "geometry": { "type": "Polygon", "coordinates": [ [ [ 13.506639933687088, 52.401354621575877 ], [ 13.506654627028782, 52.40135480721046 ], [ 13.506654930521737, 52.401345819923378 ], [ 13.506664407725291, 52.401345939656672 ], [ 13.506669807289871, 52.401340573639715 ], [ 13.506670230840072, 52.401328030981709 ], [ 13.506682276434507, 52.401328183161951 ], [ 13.506685017252465, 52.401325460211467 ], [ 13.506685531145992, 52.40131024203793 ], [ 13.506670837818897, 52.401310056407297 ], [ 13.50667114130807, 52.401301069120066 ], [ 13.506641754660322, 52.401300697853436 ], [ 13.506641451165184, 52.401309685140539 ], [ 13.506626757838566, 52.401309499504421 ], [ 13.506626454340285, 52.401318486791467 ], [ 13.506611761010843, 52.401318301153466 ], [ 13.506610547004181, 52.401354250301225 ], [ 13.506625240345555, 52.401354435939467 ], [ 13.506624936846471, 52.401363423226428 ], [ 13.506639630190989, 52.401363608862916 ], [ 13.506639933687088, 52.401354621575877 ] ] ] } },
{ "type": "Feature", "properties": { "id": 20062, "art": "NOT-ALKIS-Gebäude" }, "geometry": { "type": "Polygon", "coordinates": [ [ [ 13.514010125019148, 52.401465488792162 ], [ 13.514000713878776, 52.401465370478761 ], [ 13.514000411877069, 52.401474357795664 ], [ 13.513985718446627, 52.401474173073701 ], [ 13.513985416441777, 52.401483160390534 ], [ 13.513970723008509, 52.401482975666703 ], [ 13.513970118992368, 52.401500950300203 ], [ 13.513955425553293, 52.401500765574418 ], [ 13.513955123541999, 52.401509752891101 ], [ 13.513940430100098, 52.401509568163519 ], [ 13.51393982607107, 52.4015275427966 ], [ 13.513925132623362, 52.401527358066993 ], [ 13.513924528587728, 52.401545332699982 ], [ 13.513909835134212, 52.40154514796842 ], [ 13.513909231091974, 52.401563122601246 ], [ 13.513923924551456, 52.401563307332914 ], [ 13.513923622533081, 52.401572294649355 ], [ 13.51395046602007, 52.40157263213105 ], [ 13.513914472577952, 52.401558935702667 ], [ 13.514010125019148, 52.401465488792162 ] ] ] } },
{ "type": "Feature", "properties": { "id": 20119, "art": "NOT-ALKIS-Gebäude" }, "geometry": { "type": "Polygon", "coordinates": [ [ [ 13.481488134748721, 52.401375839973859 ], [ 13.481487517535038, 52.401393814340182 ], [ 13.48150221072002, 52.401394003100791 ], [ 13.481501902115918, 52.401402990283991 ], [ 13.481560674869407, 52.401403745308336 ], [ 13.481561292053582, 52.401385770941424 ], [ 13.481531905688446, 52.401385393433145 ], [ 13.481532214286256, 52.401376406249788 ], [ 13.481488134748721, 52.401375839973859 ] ] ] } },
{ "type": "Feature", "properties": { "id": 20174, "art": "NOT-ALKIS-Gebäude" }, "geometry": { "type": "Polygon", "coordinates": [ [ [ 13.487650678263671, 52.401706600576439 ], [ 13.487680064925311, 52.401706976565464 ], [ 13.487680372277483, 52.401697989357075 ], [ 13.487665678949568, 52.401697801363532 ], [ 13.487666601014071, 52.401670839738408 ], [ 13.487651907695266, 52.401670651743224 ], [ 13.48765221505276, 52.401661664534878 ], [ 13.487637521737101, 52.401661476537939 ], [ 13.487637214376623, 52.401670463746221 ], [ 13.487593134421669, 52.401669899744242 ], [ 13.487591904942342, 52.401705848576491 ], [ 13.48760659827243, 52.40170603657922 ], [ 13.487606290905175, 52.401715023787304 ], [ 13.487650370905367, 52.401715587784722 ], [ 13.487650678263671, 52.401706600576439 ] ] ] } },
{ "type": "Feature", "properties": { "id": 20239, "art": "NOT-ALKIS-Gebäude" }, "geometry": { "type": "Polygon", "coordinates": [ [ [ 13.503872007998721, 52.40235359842098 ], [ 13.503886701653732, 52.402353784402031 ], [ 13.503887613852164, 52.402326822579305 ], [ 13.503872920206103, 52.402326636598431 ], [ 13.50387322427491, 52.40231764932421 ], [ 13.503829143346643, 52.402317091370826 ], [ 13.50382944742424, 52.402308104096775 ], [ 13.503785366506365, 52.40230754612714 ], [ 13.503785062419817, 52.402316533401006 ], [ 13.503799756061932, 52.402316719392779 ], [ 13.503799147894323, 52.402334693940595 ], [ 13.503813841542565, 52.402334879930642 ], [ 13.503812929298899, 52.402361841752437 ], [ 13.503827622956251, 52.402362027740857 ], [ 13.503827318877693, 52.402371015014808 ], [ 13.503871399859666, 52.402371572969265 ], [ 13.503872007998721, 52.40235359842098 ] ] ] } },
{ "type": "Feature", "properties": { "id": 20271, "art": "NOT-ALKIS-Gebäude" }, "geometry": { "type": "Polygon", "coordinates": [ [ [ 13.48864608903102, 52.402258800698185 ], [ 13.488631395510263, 52.40225861282326 ], [ 13.488631088345114, 52.402267600034762 ], [ 13.488616394821534, 52.402267412157947 ], [ 13.48861608765324, 52.402276399369356 ], [ 13.488630781179802, 52.40227658724622 ], [ 13.4886298596829, 52.402303548880539 ], [ 13.488673940290413, 52.402304112500737 ], [ 13.488674554603943, 52.402286138077514 ], [ 13.488659861073909, 52.402285950206057 ], [ 13.488660475392759, 52.402267975782891 ], [ 13.488645781868854, 52.402267787909736 ], [ 13.48864608903102, 52.402258800698185 ] ] ] } },
{ "type": "Feature", "properties": { "id": 20296, "art": "NOT-ALKIS-Gebäude" }, "geometry": { "type": "Polygon", "coordinates": [ [ [ 13.482685358452747, 52.402470151976281 ], [ 13.48270005200343, 52.402470340590703 ], [ 13.482700668748315, 52.402452366217574 ], [ 13.482715362293195, 52.402452554830056 ], [ 13.48271567066241, 52.402443567643395 ], [ 13.482730364204468, 52.40244375625398 ], [ 13.482730980936445, 52.402425781880517 ], [ 13.482701593864427, 52.40242540465777 ], [ 13.482701285492553, 52.402434391844388 ], [ 13.482686591953803, 52.402434203230207 ], [ 13.482685975203601, 52.402452177603287 ], [ 13.482671281659046, 52.402451988987153 ], [ 13.482670973280719, 52.402460976173607 ], [ 13.482656279733344, 52.402460787555604 ], [ 13.482655662970231, 52.402478761928336 ], [ 13.482685050077077, 52.402479139162772 ], [ 13.482685358452747, 52.402470151976281 ] ] ] } },
{ "type": "Feature", "properties": { "id": 20330, "art": "NOT-ALKIS-Gebäude" }, "geometry": { "type": "Polygon", "coordinates": [ [ [ 13.515095196900758, 52.403016604929242 ], [ 13.515065809000772, 52.403016235748076 ], [ 13.515065507198605, 52.403025223066955 ], [ 13.515050813245866, 52.403025038473572 ], [ 13.51505020963509, 52.403043013111166 ], [ 13.515079597552662, 52.403043382296339 ], [ 13.515079295753003, 52.403052369615224 ], [ 13.515108683677179, 52.4030527387932 ], [ 13.515109589057776, 52.403025776836145 ], [ 13.515094895104561, 52.403025592248241 ], [ 13.515095196900758, 52.403016604929242 ] ] ] } },
{ "type": "Feature", "properties": { "id": 20464, "art": "NOT-ALKIS-Gebäude" }, "geometry": { "type": "Polygon", "coordinates": [ [ [ 13.513471501996762, 52.4036525476821 ], [ 13.513486196147461, 52.403652732473297 ], [ 13.513486498277373, 52.403643745161823 ], [ 13.513471804129658, 52.403643560370668 ], [ 13.51347240839497, 52.40362558574779 ], [ 13.513457714253382, 52.403625400954937 ], [ 13.513458016388784, 52.403616413643533 ], [ 13.513428628112052, 52.403616044052477 ], [ 13.513428325970684, 52.403625031363767 ], [ 13.513413631829573, 52.403624846565442 ], [ 13.513412725395558, 52.403651808499042 ], [ 13.513442113695842, 52.403652178094212 ], [ 13.513441811556818, 52.403661165405509 ], [ 13.513471199863707, 52.40366153499351 ], [ 13.513471501996762, 52.4036525476821 ] ] ] } },
{ "type": "Feature", "properties": { "id": 20501, "art": "NOT-ALKIS-Gebäude" }, "geometry": { "type": "Polygon", "coordinates": [ [ [ 13.499152154100333, 52.403687388201952 ], [ 13.499166848166761, 52.403687574772896 ], [ 13.499168068325806, 52.403651625761576 ], [ 13.499153374271316, 52.403651439190895 ], [ 13.499153984355841, 52.40363346468525 ], [ 13.499139290307477, 52.403633278112849 ], [ 13.499139595352485, 52.40362429086008 ], [ 13.499124901307267, 52.40362410428591 ], [ 13.499124596259277, 52.40363309153863 ], [ 13.499109902211234, 52.403632904962571 ], [ 13.499107766849917, 52.403695815730742 ], [ 13.499151849057185, 52.403696375454693 ], [ 13.499152154100333, 52.403687388201952 ] ] ] } },
{ "type": "Feature", "properties": { "id": 20524, "art": "NOT-ALKIS-Gebäude" }, "geometry": { "type": "Polygon", "coordinates": [ [ [ 13.480119148880384, 52.40357006719367 ], [ 13.480148536677804, 52.403570445064055 ], [ 13.480148845581022, 52.403561457889786 ], [ 13.480163539476992, 52.403561646822183 ], [ 13.48016415727697, 52.403543672473496 ], [ 13.480134769497127, 52.40354329460714 ], [ 13.480134460591252, 52.403552281781373 ], [ 13.480105072806092, 52.403551903907569 ], [ 13.480104763894087, 52.403560891081653 ], [ 13.480090069998766, 52.403560702141966 ], [ 13.480089761083613, 52.403569689315979 ], [ 13.480104454981918, 52.403569878255738 ], [ 13.480104146069587, 52.403578865429793 ], [ 13.480118839971036, 52.403579054367789 ], [ 13.480119148880384, 52.40357006719367 ] ] ] } },
{ "type": "Feature", "properties": { "id": 20637, "art": "NOT-ALKIS-Gebäude" }, "geometry": { "type": "Polygon", "coordinates": [ [ [ 13.483881830601822, 52.40444557358127 ], [ 13.48389652481692, 52.404445762051935 ], [ 13.483897141119471, 52.404427787674905 ], [ 13.483882446910339, 52.404427599204354 ], [ 13.483882755064354, 52.404418612015867 ], [ 13.483853366652548, 52.404418235069436 ], [ 13.483853674812368, 52.404409247881063 ], [ 13.483824286407179, 52.40440887092744 ], [ 13.483823978241391, 52.4044178581157 ], [ 13.483809284036058, 52.404417669636082 ], [ 13.483808051359347, 52.404453618388708 ], [ 13.483822745576617, 52.404453806868545 ], [ 13.483822437410018, 52.404462794056734 ], [ 13.483881214292655, 52.40446354795813 ], [ 13.483881830601822, 52.40444557358127 ] ] ] } },
{ "type": "Feature", "properties": { "id": 20748, "art": "NOT-ALKIS-Gebäude" }, "geometry": { "type": "Polygon", "coordinates": [ [ [ 13.511104301467933, 52.405411985630465 ], [ 13.511118996187424, 52.405412170720183 ], [ 13.511119298817549, 52.405403183421051 ], [ 13.511133993534214, 52.405403368508885 ], [ 13.511134598788018, 52.405385393910429 ], [ 13.511149293498873, 52.405385578996331 ], [ 13.51115020136943, 52.405358617098365 ], [ 13.511164896071493, 52.405358802182249 ], [ 13.511165501311766, 52.405340827583423 ], [ 13.511150806615669, 52.40534064249966 ], [ 13.51115141186127, 52.405322667900883 ], [ 13.511136717171304, 52.405322482815414 ], [ 13.511137322422234, 52.405304508216702 ], [ 13.511122627738393, 52.405304323129521 ], [ 13.511122930366605, 52.405295335830196 ], [ 13.511093541005371, 52.405294965650477 ], [ 13.511093843639392, 52.405285978351259 ], [ 13.51104975960769, 52.405285423068165 ], [ 13.51104945696472, 52.405294410367198 ], [ 13.511034762284821, 52.40529422526911 ], [ 13.511034459638704, 52.405303212568079 ], [ 13.51101976495598, 52.405303027468207 ], [ 13.511019159657305, 52.405321002065875 ], [ 13.511004464968773, 52.405320816963972 ], [ 13.511003859663489, 52.40533879156154 ], [ 13.510989164969148, 52.405338606457683 ], [ 13.510988862313283, 52.405347593756403 ], [ 13.510974167616117, 52.405347408650655 ], [ 13.51097356229794, 52.405365383247904 ], [ 13.510958867594965, 52.405365198140217 ], [ 13.51095795960755, 52.405392160035809 ], [ 13.510972654319476, 52.40539234514366 ], [ 13.510972351659669, 52.405401332442239 ], [ 13.511001741089968, 52.405401702652604 ], [ 13.51100143843597, 52.40541068995126 ], [ 13.511030827872876, 52.405411060154449 ], [ 13.511030525224687, 52.405420047453212 ], [ 13.511074609390196, 52.405420602744471 ], [ 13.511074306750798, 52.405429590043411 ], [ 13.511103696201237, 52.405429960228567 ], [ 13.511104301467933, 52.405411985630465 ] ] ] } },
{ "type": "Feature", "properties": { "id": 20786, "art": "NOT-ALKIS-Gebäude" }, "geometry": { "type": "Polygon", "coordinates": [ [ [ 13.495417481516485, 52.405438135420688 ], [ 13.495432176139445, 52.405438322460114 ], [ 13.495432787775666, 52.405420347990614 ], [ 13.495418093158674, 52.405420160951302 ], [ 13.495418398979528, 52.40541117371658 ], [ 13.495359620525111, 52.405410425541298 ], [ 13.495359314692323, 52.405419412775771 ], [ 13.495344620076137, 52.405419225727329 ], [ 13.495344008404107, 52.405437200196118 ], [ 13.495358703026261, 52.405437387244675 ], [ 13.495358397192987, 52.405446374479112 ], [ 13.495417175695149, 52.405447122655346 ], [ 13.495417481516485, 52.405438135420688 ] ] ] } },
{ "type": "Feature", "properties": { "id": 20826, "art": "NOT-ALKIS-Gebäude" }, "geometry": { "type": "Polygon", "coordinates": [ [ [ 13.503935021871685, 52.405704959485504 ], [ 13.503935220292529, 52.405699095292285 ], [ 13.503920525525752, 52.405698909309002 ], [ 13.503920221429491, 52.405707896578235 ], [ 13.50390552665989, 52.405707710593092 ], [ 13.503904918460922, 52.405725685131401 ], [ 13.503913484045581, 52.405725793542437 ], [ 13.503919613236491, 52.40572587111668 ], [ 13.50391930913975, 52.405734858385884 ], [ 13.503934003918465, 52.405735044369386 ], [ 13.503933699824547, 52.405744031638626 ], [ 13.503963089388424, 52.405744403600295 ], [ 13.50396400165179, 52.405717441792177 ], [ 13.503949306878724, 52.405717255812434 ], [ 13.503949610969174, 52.405708268543087 ], [ 13.503934916199254, 52.405708082561581 ], [ 13.503935021871685, 52.405704959485504 ] ] ] } },
{ "type": "Feature", "properties": { "id": 20857, "art": "NOT-ALKIS-Gebäude" }, "geometry": { "type": "Polygon", "coordinates": [ [ [ 13.505073512169671, 52.405947265480584 ], [ 13.505088207026699, 52.405947451321175 ], [ 13.5050888147496, 52.405929476773835 ], [ 13.505074119898541, 52.405929290933372 ], [ 13.505074423762736, 52.405920303659741 ], [ 13.505059728914821, 52.405920117817516 ], [ 13.505059425047643, 52.405929105091076 ], [ 13.505044730196904, 52.405928919246961 ], [ 13.505044426326581, 52.405937906520457 ], [ 13.505029731473019, 52.405937720674451 ], [ 13.505029427599553, 52.405946707947869 ], [ 13.505044122456098, 52.405946893793924 ], [ 13.505043818585454, 52.405955881067399 ], [ 13.505073208304998, 52.405956252754166 ], [ 13.505073512169671, 52.405947265480584 ] ] ] } },
{ "type": "Feature", "properties": { "id": 20864, "art": "NOT-ALKIS-Gebäude" }, "geometry": { "type": "Polygon", "coordinates": [ [ [ 13.489789413032543, 52.405797938928579 ], [ 13.489804107737037, 52.405798126668387 ], [ 13.489804721668611, 52.405780152246493 ], [ 13.489790026970088, 52.405779964506792 ], [ 13.489790333938618, 52.405770977295873 ], [ 13.489746249852972, 52.405770414066019 ], [ 13.489745942875491, 52.405779401276753 ], [ 13.489731248177614, 52.405779213529748 ], [ 13.489730634216196, 52.405797187951045 ], [ 13.489745328920041, 52.405797375698164 ], [ 13.489745021942074, 52.405806362908855 ], [ 13.489789106063528, 52.405806926139448 ], [ 13.489789413032543, 52.405797938928579 ] ] ] } },
{ "type": "Feature", "properties": { "id": 20878, "art": "NOT-ALKIS-Gebäude" }, "geometry": { "type": "Polygon", "coordinates": [ [ [ 13.502278143485883, 52.406010782521193 ], [ 13.502289023559758, 52.406010920375095 ], [ 13.502292838345269, 52.406010968709381 ], [ 13.502292968337027, 52.406007131148456 ], [ 13.502293142775565, 52.406001981447282 ], [ 13.502298260994088, 52.406002046296166 ], [ 13.502307837632129, 52.406002167633567 ], [ 13.502308164038915, 52.405992531491059 ], [ 13.502308446486271, 52.405984193109205 ], [ 13.502316734382077, 52.405984298117396 ], [ 13.502323141337028, 52.405984379293535 ], [ 13.502323359730712, 52.405977931831586 ], [ 13.50232375018456, 52.405966404768989 ], [ 13.502335206285666, 52.405966549916947 ], [ 13.502338445029507, 52.405966590951394 ], [ 13.502338555381971, 52.405963333068776 ], [ 13.502338749450049, 52.405957603689025 ], [ 13.502324054608085, 52.405957417506706 ], [ 13.50232435903145, 52.405948430244386 ], [ 13.50230966419263, 52.405948244060291 ], [ 13.502309968618819, 52.405939256798028 ], [ 13.502280578947632, 52.405938884424472 ], [ 13.502280883379628, 52.405929897162316 ], [ 13.50225149371505, 52.405929524781577 ], [ 13.502251798152855, 52.405920537519528 ], [ 13.50223710332379, 52.405920351326472 ], [ 13.502236798883002, 52.405929338588471 ], [ 13.502222104051114, 52.405929152393533 ], [ 13.502221190718833, 52.405956114179254 ], [ 13.502235885559674, 52.405956300374363 ], [ 13.502235581118244, 52.405965287636299 ], [ 13.502220886274419, 52.405965101441126 ], [ 13.502220581829844, 52.405974088702976 ], [ 13.502235276676652, 52.405974274898213 ], [ 13.502234667792989, 52.405992249422006 ], [ 13.502249362645927, 52.405992435615531 ], [ 13.502248449328182, 52.406019397401288 ], [ 13.502263144190231, 52.406019583593178 ], [ 13.502262839753646, 52.406028570855121 ], [ 13.502270550149394, 52.406028668549311 ], [ 13.502277534618841, 52.406028757045235 ], [ 13.502277772655487, 52.406021729905071 ], [ 13.502278143485883, 52.406010782521193 ] ] ] } },
{ "type": "Feature", "properties": { "id": 20949, "art": "NOT-ALKIS-Gebäude" }, "geometry": { "type": "Polygon", "coordinates": [ [ [ 13.479116628445698, 52.406218551354442 ], [ 13.479131323217461, 52.406218740421785 ], [ 13.479131632356886, 52.406209753255816 ], [ 13.479116937588108, 52.406209564188536 ], [ 13.479117246730354, 52.406200577022616 ], [ 13.479102551964724, 52.406200387953561 ], [ 13.479102861109789, 52.406191400787684 ], [ 13.479088166347307, 52.40619121171688 ], [ 13.479088475495194, 52.406182224551046 ], [ 13.479059085976685, 52.406181846404067 ], [ 13.479059395130378, 52.406172859238339 ], [ 13.479044700374352, 52.406172670162178 ], [ 13.479045009530866, 52.406163682996493 ], [ 13.479030314777988, 52.406163493918562 ], [ 13.479030623937323, 52.406154506752934 ], [ 13.479015929187591, 52.406154317673227 ], [ 13.479016238349747, 52.406145330507648 ], [ 13.47898684885674, 52.406144952342899 ], [ 13.478985921351876, 52.406171913839245 ], [ 13.47900061610725, 52.406172102922724 ], [ 13.478999997775828, 52.406190077253662 ], [ 13.479014692537334, 52.406190266335429 ], [ 13.479014074211227, 52.406208240666444 ], [ 13.479028768978862, 52.406208429746499 ], [ 13.479028459818551, 52.406217416912035 ], [ 13.479072544131389, 52.406217984141456 ], [ 13.479072234979867, 52.406226971307177 ], [ 13.479116319303126, 52.406227538520334 ], [ 13.479116628445698, 52.406218551354442 ] ] ] } },
{ "type": "Feature", "properties": { "id": 20986, "art": "NOT-ALKIS-Gebäude" }, "geometry": { "type": "Polygon", "coordinates": [ [ [ 13.476481312080175, 52.406328473363025 ], [ 13.476496006870484, 52.406328662758163 ], [ 13.476496316546678, 52.406319675603356 ], [ 13.476511011334166, 52.406319864996618 ], [ 13.47651164839338, 52.406301376621585 ], [ 13.476486167180848, 52.406292571354207 ], [ 13.476482550795906, 52.406292524743947 ], [ 13.476482591766384, 52.406291335743369 ], [ 13.476459138698718, 52.406283231845194 ], [ 13.476453470924143, 52.406283158793975 ], [ 13.476453535121719, 52.406281295756798 ], [ 13.476432110228242, 52.406273892330063 ], [ 13.476424391064807, 52.40627379283692 ], [ 13.476424478521318, 52.406271254864457 ], [ 13.47640995021062, 52.406266234865015 ], [ 13.476409386599936, 52.406282590587523 ], [ 13.476394691825528, 52.406282401181734 ], [ 13.47639376273575, 52.406309362645004 ], [ 13.476423152302635, 52.406309741455146 ], [ 13.476422842611685, 52.406318728609648 ], [ 13.476452232185192, 52.406319107412614 ], [ 13.476451922500045, 52.406328094567243 ], [ 13.476466617290027, 52.40632828396604 ], [ 13.476466307607701, 52.406337271120712 ], [ 13.476481002400833, 52.406337460517747 ], [ 13.476481312080175, 52.406328473363025 ] ] ] } },
{ "type": "Feature", "properties": { "id": 21004, "art": "NOT-ALKIS-Gebäude" }, "geometry": { "type": "Polygon", "coordinates": [ [ [ 13.507294216365668, 52.406793520527216 ], [ 13.507308911518761, 52.406793706093893 ], [ 13.50730921493826, 52.406784718812418 ], [ 13.507323910088529, 52.40678490437719 ], [ 13.507324213504882, 52.406775917095665 ], [ 13.507353603799926, 52.406776288219632 ], [ 13.507353907210154, 52.40676730093795 ], [ 13.507368602354932, 52.406767486497138 ], [ 13.507369209168937, 52.406749511933633 ], [ 13.507383904307906, 52.406749697490866 ], [ 13.507384207711684, 52.406740710209043 ], [ 13.507398902847831, 52.406740895764386 ], [ 13.507399509648938, 52.406722921200561 ], [ 13.507414204779272, 52.406723106753965 ], [ 13.507414811573772, 52.406705132189956 ], [ 13.507400116449405, 52.406704946636665 ], [ 13.507400419849398, 52.4066959593547 ], [ 13.507356334486209, 52.406695402684065 ], [ 13.507356031077263, 52.40670438996586 ], [ 13.507341335953534, 52.406704204405266 ], [ 13.507340729129192, 52.406722178968678 ], [ 13.507326033999655, 52.406721993406144 ], [ 13.50732573058426, 52.406730980687762 ], [ 13.507311035451899, 52.406730795123337 ], [ 13.507310428614661, 52.406748769686438 ], [ 13.507295733476489, 52.406748584120059 ], [ 13.507295430054645, 52.406757571401528 ], [ 13.507280734913651, 52.406757385833274 ], [ 13.507280431488663, 52.40676637311465 ], [ 13.507265736344845, 52.406766187544505 ], [ 13.507264826059966, 52.406793149388399 ], [ 13.507279521212737, 52.406793334958721 ], [ 13.507279217787108, 52.406802322240047 ], [ 13.507293912943025, 52.406802507808592 ], [ 13.507294216365668, 52.406793520527216 ] ] ] } },
{ "type": "Feature", "properties": { "id": 21028, "art": "NOT-ALKIS-Gebäude" }, "geometry": { "type": "Polygon", "coordinates": [ [ [ 13.506252075441697, 52.406744391518053 ], [ 13.506237380312065, 52.406744205820161 ], [ 13.506237683948784, 52.406735218543005 ], [ 13.506193598569801, 52.406734661438541 ], [ 13.506192991278297, 52.406752635992461 ], [ 13.506178296146322, 52.4067524502872 ], [ 13.506177992497344, 52.406761437564086 ], [ 13.506192687632305, 52.406761623269396 ], [ 13.506192383986152, 52.406770610546339 ], [ 13.506207079124257, 52.406770796249887 ], [ 13.506206775480928, 52.406779783526865 ], [ 13.506236165763587, 52.406780154928597 ], [ 13.506235862126069, 52.406789142205675 ], [ 13.50625055727062, 52.406789327903873 ], [ 13.506250253635926, 52.406798315180993 ], [ 13.506279643931483, 52.406798686572024 ], [ 13.506279340302598, 52.406807673849251 ], [ 13.506308730604765, 52.406808045233099 ], [ 13.506308426981686, 52.406817032510432 ], [ 13.506323122135994, 52.40681721819967 ], [ 13.506322818515741, 52.406826205477046 ], [ 13.506352208830803, 52.406826576850179 ], [ 13.506351905216359, 52.406835564127661 ], [ 13.506381295538032, 52.406835935493611 ], [ 13.506380991929396, 52.406844922771199 ], [ 13.506395687093457, 52.406845108451485 ], [ 13.506395383487645, 52.406854095729109 ], [ 13.506424773822214, 52.406854467084344 ], [ 13.506424470222212, 52.406863454362089 ], [ 13.506453860563393, 52.406863825710133 ], [ 13.506453556969198, 52.406872812987963 ], [ 13.506497642491123, 52.406873369996525 ], [ 13.506498553246365, 52.406846408162437 ], [ 13.506483858081182, 52.40684622249492 ], [ 13.506484161668929, 52.406837235216919 ], [ 13.506410685860345, 52.406836306852242 ], [ 13.506410989462852, 52.406827319574532 ], [ 13.506396294304601, 52.406827133896179 ], [ 13.506396597909932, 52.406818146618505 ], [ 13.506381902754823, 52.406817960938398 ], [ 13.50638220636298, 52.406808973660773 ], [ 13.506367511211016, 52.406808787978882 ], [ 13.506367814821997, 52.406799800701307 ], [ 13.506323729376019, 52.40679924364489 ], [ 13.506324032995794, 52.406790256367458 ], [ 13.506309337850439, 52.406790070678397 ], [ 13.506309641473038, 52.406781083401022 ], [ 13.506294946330827, 52.406780897710199 ], [ 13.506295249956249, 52.406771910432866 ], [ 13.506280554817184, 52.406771724740267 ], [ 13.506280858445431, 52.406762737462984 ], [ 13.506266163309508, 52.406762551768615 ], [ 13.506266466940579, 52.406753564491368 ], [ 13.506251771807802, 52.406753378795244 ], [ 13.506252075441697, 52.406744391518053 ] ] ] } },
{ "type": "Feature", "properties": { "id": 21058, "art": "NOT-ALKIS-Gebäude" }, "geometry": { "type": "Polygon", "coordinates": [ [ [ 13.487402290062287, 52.406819379476175 ], [ 13.487416985090015, 52.406819567515228 ], [ 13.487417292552305, 52.406810580315735 ], [ 13.48743198757721, 52.406810768352905 ], [ 13.487432295036355, 52.40680178115332 ], [ 13.487417600014433, 52.406801593116221 ], [ 13.487417907476399, 52.406792605916699 ], [ 13.487403212457625, 52.406792417877838 ], [ 13.487402904992674, 52.406801405077289 ], [ 13.487373514949642, 52.406801028993954 ], [ 13.48737320747856, 52.40681001619329 ], [ 13.487358512454303, 52.406809828148823 ], [ 13.487357897505687, 52.406827802547305 ], [ 13.48740198259685, 52.406828366675597 ], [ 13.487402290062287, 52.406819379476175 ] ] ] } },
{ "type": "Feature", "properties": { "id": 21100, "art": "NOT-ALKIS-Gebäude" }, "geometry": { "type": "Polygon", "coordinates": [ [ [ 13.480843074315997, 52.406888113976663 ], [ 13.480857769322006, 52.406888302831106 ], [ 13.48085807811804, 52.406879315658976 ], [ 13.480872773121225, 52.406879504511537 ], [ 13.480873081914114, 52.406870517339314 ], [ 13.480887776914477, 52.406870706189991 ], [ 13.480888085704219, 52.406861719017705 ], [ 13.480902780701761, 52.406861907866492 ], [ 13.480903089488354, 52.406852920694128 ], [ 13.480888394493796, 52.406852731845397 ], [ 13.48088870328321, 52.406843744673083 ], [ 13.480874008291797, 52.40684355582259 ], [ 13.480874317084034, 52.406834568650311 ], [ 13.480830232119727, 52.406834002088068 ], [ 13.480829923318538, 52.406842989260163 ], [ 13.480815228327778, 52.406842800402366 ], [ 13.480814610718944, 52.406860774746384 ], [ 13.480799915722377, 52.406860585886633 ], [ 13.480799606914731, 52.40686957305855 ], [ 13.480784911915343, 52.406869384196924 ], [ 13.480784603104551, 52.406878371368769 ], [ 13.480799298106923, 52.406878560230467 ], [ 13.48079898929895, 52.406887547402356 ], [ 13.48081368430447, 52.406887736262284 ], [ 13.48081337549932, 52.40689672343423 ], [ 13.480842765516817, 52.406897101148722 ], [ 13.480843074315997, 52.406888113976663 ] ] ] } },
{ "type": "Feature", "properties": { "id": 21210, "art": "NOT-ALKIS-Gebäude" }, "geometry": { "type": "Polygon", "coordinates": [ [ [ 13.499170059788769, 52.407490860650391 ], [ 13.49918475511909, 52.407491047228511 ], [ 13.499185365275311, 52.407473072734376 ], [ 13.49917066995096, 52.40747288615637 ], [ 13.499170975031815, 52.407463898909327 ], [ 13.499141584389562, 52.407463525747957 ], [ 13.499141279302737, 52.407472512994879 ], [ 13.499126583978869, 52.407472326411387 ], [ 13.4991262788889, 52.407481313658238 ], [ 13.499140974215754, 52.407481500241779 ], [ 13.499140669128609, 52.407490487488658 ], [ 13.499155364458607, 52.407490674070431 ], [ 13.499155059374289, 52.407499661317374 ], [ 13.499169754707433, 52.407499847897377 ], [ 13.499170059788769, 52.407490860650391 ] ] ] } },
{ "type": "Feature", "properties": { "id": 21274, "art": "NOT-ALKIS-Gebäude" }, "geometry": { "type": "Polygon", "coordinates": [ [ [ 13.507971515503346, 52.408069818087128 ], [ 13.507986211085088, 52.408070003572746 ], [ 13.507986514380899, 52.408061016290468 ], [ 13.507971818802142, 52.408060830804907 ], [ 13.507972122100778, 52.408051843522671 ], [ 13.507913339799284, 52.408051101562378 ], [ 13.507912733177976, 52.408069076126353 ], [ 13.50792742875908, 52.408069261619296 ], [ 13.50792712545117, 52.408078248901305 ], [ 13.50797121220439, 52.408078805369321 ], [ 13.507971515503346, 52.408069818087128 ] ] ] } },
{ "type": "Feature", "properties": { "id": 21297, "art": "NOT-ALKIS-Gebäude" }, "geometry": { "type": "Polygon", "coordinates": [ [ [ 13.500030131432084, 52.408140146861193 ], [ 13.500044826983954, 52.408140333334025 ], [ 13.50004543680487, 52.408122358834788 ], [ 13.500030741258966, 52.408122172362077 ], [ 13.500031046172168, 52.408113185112498 ], [ 13.500016350629412, 52.408112998638011 ], [ 13.500016045713227, 52.40812198588754 ], [ 13.49998665462223, 52.40812161293298 ], [ 13.499986349699915, 52.408130600182346 ], [ 13.499971654151672, 52.408130413702274 ], [ 13.499971349226211, 52.408139400951583 ], [ 13.499986044777438, 52.408139587431727 ], [ 13.499985739854802, 52.408148574681078 ], [ 13.500029826518402, 52.408149134110722 ], [ 13.500030131432084, 52.408140146861193 ] ] ] } },
{ "type": "Feature", "properties": { "id": 21301, "art": "NOT-ALKIS-Gebäude" }, "geometry": { "type": "Polygon", "coordinates": [ [ [ 13.487787870517236, 52.408011142292864 ], [ 13.487802565943602, 52.408011330286968 ], [ 13.48780287334074, 52.408002343087702 ], [ 13.487817568764283, 52.408002531079916 ], [ 13.487817876158276, 52.407993543880565 ], [ 13.487832571578997, 52.407993731870889 ], [ 13.487832878969844, 52.407984744671481 ], [ 13.487847574387743, 52.407984932659907 ], [ 13.487847881775441, 52.407975945460414 ], [ 13.487862577190517, 52.407976133446965 ], [ 13.487863191959459, 52.407958159047809 ], [ 13.487833801141406, 52.407957783073122 ], [ 13.487833493751046, 52.407966770272587 ], [ 13.487818798339276, 52.407966582282448 ], [ 13.487818490945772, 52.407975569481835 ], [ 13.487803795531182, 52.407975381489805 ], [ 13.48780348813453, 52.407984368689121 ], [ 13.487788792717117, 52.407984180695195 ], [ 13.487788485317319, 52.407993167894432 ], [ 13.48775909447701, 52.407992791901002 ], [ 13.487758172258735, 52.40801975349828 ], [ 13.487787563116951, 52.408020129492066 ], [ 13.487787870517236, 52.408011142292864 ] ] ] } },
{ "type": "Feature", "properties": { "id": 21318, "art": "NOT-ALKIS-Gebäude" }, "geometry": { "type": "Polygon", "coordinates": [ [ [ 13.493135484838078, 52.408124387613718 ], [ 13.493150180338256, 52.408124574943443 ], [ 13.493150486649839, 52.408115587722222 ], [ 13.493165182147193, 52.408115775050078 ], [ 13.493165488455633, 52.408106787828771 ], [ 13.493180183950164, 52.40810697515473 ], [ 13.493180796560587, 52.408089000711968 ], [ 13.493166101072022, 52.408088813386129 ], [ 13.493166713687769, 52.408070838943431 ], [ 13.493137322723065, 52.408070464286524 ], [ 13.493137629036665, 52.408061477065267 ], [ 13.493122933557542, 52.408061289734128 ], [ 13.493122627240957, 52.408070276955328 ], [ 13.49310793175901, 52.408070089622306 ], [ 13.493107625439279, 52.408079076843421 ], [ 13.493092929954509, 52.408078889508509 ], [ 13.493092623631632, 52.40808787672956 ], [ 13.493077928144039, 52.408087689392758 ], [ 13.493076396512311, 52.408132625497437 ], [ 13.493091092014829, 52.408132812834531 ], [ 13.493090785690985, 52.408141800055482 ], [ 13.493134872208456, 52.40814236205599 ], [ 13.493135484838078, 52.408124387613718 ] ] ] } },
{ "type": "Feature", "properties": { "id": 21342, "art": "NOT-ALKIS-Gebäude" }, "geometry": { "type": "Polygon", "coordinates": [ [ [ 13.500979248213719, 52.40833200886329 ], [ 13.50097894349082, 52.408340996116436 ], [ 13.501037725991756, 52.408341741527096 ], [ 13.501038335413513, 52.40832376702032 ], [ 13.501023639794008, 52.408323580670519 ], [ 13.501023944507629, 52.408314593417167 ], [ 13.500994553275071, 52.408314220712199 ], [ 13.500994857994502, 52.408305233458947 ], [ 13.500980162381449, 52.408305047103795 ], [ 13.500980771825798, 52.408287072597368 ], [ 13.500966076218875, 52.408286886240504 ], [ 13.500966685668551, 52.40826891173414 ], [ 13.500951990067756, 52.408268725375571 ], [ 13.500952294795338, 52.408259738122425 ], [ 13.5009229036002, 52.408259365399914 ], [ 13.500923208333591, 52.408250378146874 ], [ 13.500893817145066, 52.40825000541718 ], [ 13.500893207666186, 52.408267979923004 ], [ 13.50092259886665, 52.408268352652932 ], [ 13.500922294132938, 52.408277339905943 ], [ 13.500936989736395, 52.408277526268222 ], [ 13.50093577081188, 52.408313475280345 ], [ 13.500950466427437, 52.408313661641046 ], [ 13.50095016169889, 52.408322648894099 ], [ 13.500964857317593, 52.408322835253038 ], [ 13.500964552591871, 52.408331822506121 ], [ 13.500979248213719, 52.40833200886329 ] ] ] } },
{ "type": "Feature", "properties": { "id": 21383, "art": "NOT-ALKIS-Gebäude" }, "geometry": { "type": "Polygon", "coordinates": [ [ [ 13.497517840416689, 52.408521832929914 ], [ 13.497532536078499, 52.408522019715953 ], [ 13.49753314692898, 52.408504045238558 ], [ 13.497518451273141, 52.40850385845264 ], [ 13.497518756701124, 52.408494871213989 ], [ 13.497474669743523, 52.408494310845477 ], [ 13.497474364306585, 52.408503298083943 ], [ 13.497459668651389, 52.408503111290734 ], [ 13.497459057771062, 52.408521085767518 ], [ 13.497444362110055, 52.408520898972363 ], [ 13.497443751223114, 52.408538873448968 ], [ 13.497458446890088, 52.408539060244252 ], [ 13.497458141449361, 52.40854804748259 ], [ 13.49747283711948, 52.408548234276111 ], [ 13.497472531681577, 52.408557221514492 ], [ 13.497501923028267, 52.408557595096177 ], [ 13.497501617596173, 52.408566582334664 ], [ 13.497516313272744, 52.408566769122828 ], [ 13.497516007843473, 52.408575756361358 ], [ 13.497560094883109, 52.40857631671507 ], [ 13.49756101114358, 52.408549354998875 ], [ 13.497531619801569, 52.408548981431927 ], [ 13.497531925227374, 52.408539994193283 ], [ 13.497517229559595, 52.408539807407131 ], [ 13.497517840416689, 52.408521832929914 ] ] ] } },
{ "type": "Feature", "properties": { "id": 21430, "art": "NOT-ALKIS-Gebäude" }, "geometry": { "type": "Polygon", "coordinates": [ [ [ 13.487348416950542, 52.408823712627481 ], [ 13.487363112643967, 52.408823900678236 ], [ 13.487363727634715, 52.408805926285794 ], [ 13.487349031947263, 52.408805738235181 ], [ 13.487349339445379, 52.408796751038992 ], [ 13.487319948076928, 52.408796374932386 ], [ 13.487319640572842, 52.40880536212844 ], [ 13.487304944885874, 52.408805174072334 ], [ 13.487304329871247, 52.408823148464286 ], [ 13.487319025564183, 52.408823336520513 ], [ 13.487318718059612, 52.408832323716517 ], [ 13.48734810945194, 52.408832699823606 ], [ 13.487348416950542, 52.408823712627481 ] ] ] } },
{ "type": "Feature", "properties": { "id": 21445, "art": "NOT-ALKIS-Gebäude" }, "geometry": { "type": "Polygon", "coordinates": [ [ [ 13.502776853470316, 52.409083071059499 ], [ 13.502791549353992, 52.409083257193259 ], [ 13.502792158079147, 52.409065282674355 ], [ 13.502777462201438, 52.409065096540701 ], [ 13.50277776656676, 52.409056109281295 ], [ 13.502748374817795, 52.409055737008622 ], [ 13.502748679188924, 52.409046749749301 ], [ 13.502733983317666, 52.409046563610289 ], [ 13.502734287691622, 52.409037576351032 ], [ 13.502704895955556, 52.409037204067651 ], [ 13.502703982815305, 52.409064165845038 ], [ 13.50271867869221, 52.409064351987823 ], [ 13.50271837431479, 52.409073339246987 ], [ 13.502733070194841, 52.409073525388003 ], [ 13.502732765820245, 52.40908251264721 ], [ 13.502762157586799, 52.40908288492389 ], [ 13.502761853218011, 52.409091872183211 ], [ 13.502776549104512, 52.409092058318876 ], [ 13.502776853470316, 52.409083071059499 ] ] ] } },
{ "type": "Feature", "properties": { "id": 21479, "art": "NOT-ALKIS-Gebäude" }, "geometry": { "type": "Polygon", "coordinates": [ [ [ 13.486139758362169, 52.415353780918508 ], [ 13.486154456217948, 52.415353969135786 ], [ 13.486155071844898, 52.415335994773351 ], [ 13.486140373995093, 52.415335806556207 ], [ 13.48614068181131, 52.415326819375018 ], [ 13.486111286118156, 52.41532644293536 ], [ 13.486110978295967, 52.415335430116421 ], [ 13.486096280446645, 52.415335241893786 ], [ 13.486095972621307, 52.415344229074769 ], [ 13.486081274769164, 52.415344040850243 ], [ 13.48608096694068, 52.415353028031156 ], [ 13.486095664795807, 52.415353216255731 ], [ 13.486095356970146, 52.415362203436686 ], [ 13.486139450545464, 52.415362768099648 ], [ 13.486139758362169, 52.415353780918508 ] ] ] } },
{ "type": "Feature", "properties": { "id": 21480, "art": "NOT-ALKIS-Gebäude" }, "geometry": { "type": "Polygon", "coordinates": [ [ [ 13.51190534737872, 52.41568092094974 ], [ 13.511920045516611, 52.415681105965113 ], [ 13.511920650675124, 52.415663131391682 ], [ 13.511935348807205, 52.415663316405109 ], [ 13.511935651383236, 52.415654329118318 ], [ 13.511950349512489, 52.415654514129848 ], [ 13.511950652085375, 52.415645526842972 ], [ 13.511935953959107, 52.415645341831507 ], [ 13.51193625653482, 52.415636354544674 ], [ 13.511906860288736, 52.415635984516364 ], [ 13.511907162870259, 52.415626997229722 ], [ 13.511892464750442, 52.415626812212885 ], [ 13.511892767334796, 52.415617824926123 ], [ 13.511878069218126, 52.415617639907516 ], [ 13.511878674392319, 52.415599665334241 ], [ 13.511863976281781, 52.415599480313922 ], [ 13.511864278871625, 52.415590493027324 ], [ 13.511849580764233, 52.41559030800525 ], [ 13.511849278171402, 52.415599295291798 ], [ 13.511834580061182, 52.415599110267827 ], [ 13.511833974869068, 52.415617084840761 ], [ 13.511819276753037, 52.41561689981485 ], [ 13.511818974153757, 52.415625887101221 ], [ 13.511804276034898, 52.415625702073434 ], [ 13.511803973432469, 52.415634689359827 ], [ 13.511789275310786, 52.415634504330065 ], [ 13.511788670099483, 52.415652478902501 ], [ 13.51180336822714, 52.415652663932306 ], [ 13.511803065624235, 52.415661651218564 ], [ 13.511817763755037, 52.415661836246592 ], [ 13.511817461154957, 52.415670823532999 ], [ 13.511832159288904, 52.415671008559251 ], [ 13.511831856691655, 52.415679995845515 ], [ 13.511890649240987, 52.415680735932554 ], [ 13.511890346655516, 52.415689723219216 ], [ 13.511905044796235, 52.415689908236466 ], [ 13.51190534737872, 52.41568092094974 ] ] ] } },
{ "type": "Feature", "properties": { "id": 21481, "art": "NOT-ALKIS-Gebäude" }, "geometry": { "type": "Polygon", "coordinates": [ [ [ 13.513639728750897, 52.415702740154188 ], [ 13.513654426907607, 52.415702924954019 ], [ 13.513654729134595, 52.415693937660365 ], [ 13.51366942728848, 52.415694122458234 ], [ 13.513669729512326, 52.415685135164409 ], [ 13.51368442766338, 52.41568531996046 ], [ 13.513684729884082, 52.415676332666571 ], [ 13.513699428032311, 52.415676517460746 ], [ 13.513700636901579, 52.415640568284779 ], [ 13.51368593876529, 52.415640383490945 ], [ 13.513686240985198, 52.415631396196879 ], [ 13.51365684471908, 52.415631026603641 ], [ 13.513657146944796, 52.415622039309781 ], [ 13.513613052555771, 52.415621484906431 ], [ 13.513612750321098, 52.4156304722001 ], [ 13.513598052188756, 52.415630287395274 ], [ 13.513597749950934, 52.415639274688886 ], [ 13.513583051815766, 52.41563908988217 ], [ 13.513582447333674, 52.415657064469308 ], [ 13.513567749192694, 52.41565687966056 ], [ 13.513567144703995, 52.415674854247435 ], [ 13.513581842850945, 52.415675039056303 ], [ 13.513581540609346, 52.415684026349695 ], [ 13.513596238759442, 52.415684211156716 ], [ 13.513595936520666, 52.415693198450242 ], [ 13.51361063467391, 52.415693383255494 ], [ 13.513610332437962, 52.415702370549056 ], [ 13.513625030594349, 52.415702555352539 ], [ 13.513624728361227, 52.415711542646143 ], [ 13.513639426520758, 52.415711727447949 ], [ 13.513639728750897, 52.415702740154188 ] ] ] } },
{ "type": "Feature", "properties": { "id": 21482, "art": "NOT-ALKIS-Gebäude" }, "geometry": { "type": "Polygon", "coordinates": [ [ [ 13.521297489946688, 52.415798773437281 ], [ 13.521312188186213, 52.415798957285453 ], [ 13.521313090199586, 52.415771995311282 ], [ 13.521327788430312, 52.41577217915745 ], [ 13.5213286904333, 52.415745217182945 ], [ 13.521313992211535, 52.415745033336862 ], [ 13.521314292881865, 52.41573604601215 ], [ 13.521284896444778, 52.415735678314789 ], [ 13.521285197120926, 52.415726690990006 ], [ 13.521241102475443, 52.415726139430447 ], [ 13.52124080179034, 52.415735126754974 ], [ 13.521226103572507, 52.415734942898169 ], [ 13.521225502195856, 52.415752917546961 ], [ 13.52121080397221, 52.415752733688201 ], [ 13.521209901897084, 52.415779695661143 ], [ 13.521224600129685, 52.415779879520173 ], [ 13.521223998751442, 52.415797854168979 ], [ 13.521282791707321, 52.415798589587268 ], [ 13.521282491029909, 52.415807576911853 ], [ 13.521297189272261, 52.415807760761922 ], [ 13.521297489946688, 52.415798773437281 ] ] ] } },
{ "type": "Feature", "properties": { "id": 21489, "art": "NOT-ALKIS-Gebäude" }, "geometry": { "type": "Polygon", "coordinates": [ [ [ 13.471589271789226, 52.415157562728318 ], [ 13.47160396948056, 52.415157752753736 ], [ 13.471604591018886, 52.415139778512014 ], [ 13.471619288704414, 52.415139968535485 ], [ 13.471619599470344, 52.415130981414549 ], [ 13.471604901787803, 52.415130791391142 ], [ 13.471605212556556, 52.415121804270242 ], [ 13.471575817197936, 52.415121424218079 ], [ 13.471576127972497, 52.415112437097285 ], [ 13.471546732620503, 52.415112057037931 ], [ 13.47154704340087, 52.415103069917258 ], [ 13.471517648055505, 52.415102689850734 ], [ 13.47151795884168, 52.415093702730161 ], [ 13.471503261172227, 52.415093512694213 ], [ 13.471502950383067, 52.415102499814729 ], [ 13.471488252710792, 52.415102309776898 ], [ 13.471487320333368, 52.415129271138149 ], [ 13.471472622652303, 52.415129081098307 ], [ 13.471472001060564, 52.415147055338934 ], [ 13.471457303373688, 52.415146865297153 ], [ 13.471456681775322, 52.415164839537596 ], [ 13.47147137946817, 52.415165029579512 ], [ 13.471471068671725, 52.415174016699794 ], [ 13.471515161760202, 52.41517458681475 ], [ 13.471514850972552, 52.415183573935181 ], [ 13.471544246371661, 52.415183954002821 ], [ 13.471543935589818, 52.415192941123365 ], [ 13.471588028698665, 52.415193511211307 ], [ 13.471589271789226, 52.415157562728318 ] ] ] } },
{ "type": "Feature", "properties": { "id": 21497, "art": "NOT-ALKIS-Gebäude" }, "geometry": { "type": "Polygon", "coordinates": [ [ [ 13.510213850881385, 52.415695581118349 ], [ 13.510228549012862, 52.415695766344008 ], [ 13.510228851936221, 52.415686779064231 ], [ 13.510243550064871, 52.415686964288007 ], [ 13.510244155905141, 52.415668989728267 ], [ 13.510258854027978, 52.415669174950111 ], [ 13.510259156944889, 52.415660187670149 ], [ 13.510273855064899, 52.415660372890102 ], [ 13.510274460892267, 52.415642398330043 ], [ 13.510259762778228, 52.415642213110218 ], [ 13.510260065694657, 52.415633225830227 ], [ 13.510245367583764, 52.415633040608633 ], [ 13.51024567050302, 52.415624053328678 ], [ 13.51023097239527, 52.415623868105335 ], [ 13.510231275317354, 52.415614880825437 ], [ 13.510216577212752, 52.415614695600304 ], [ 13.510216880137659, 52.415605708320442 ], [ 13.510172785833767, 52.415605152634292 ], [ 13.510173088767473, 52.4155961653546 ], [ 13.510128994473977, 52.415595609652193 ], [ 13.510129297416482, 52.415586622372658 ], [ 13.510099901227589, 52.415586251895377 ], [ 13.510099598279108, 52.41559523917487 ], [ 13.510084900181919, 52.415595053933345 ], [ 13.510083991326571, 52.415622015771298 ], [ 13.510098689432724, 52.41562220101293 ], [ 13.510098083534333, 52.415640175571617 ], [ 13.510083385422208, 52.415639990329872 ], [ 13.510082173611565, 52.415675939446821 ], [ 13.510096871735632, 52.415676124688801 ], [ 13.510096568785558, 52.415685111968052 ], [ 13.510125965040139, 52.415685482446747 ], [ 13.510125662095881, 52.415694469726013 ], [ 13.510140360226398, 52.415694654962643 ], [ 13.510140057284962, 52.41570364224205 ], [ 13.51016945355245, 52.415704012709931 ], [ 13.510169150616825, 52.415712999989452 ], [ 13.510213245028213, 52.415713555677748 ], [ 13.510213850881385, 52.415695581118349 ] ] ] } },
{ "type": "Feature", "properties": { "id": 21500, "art": "NOT-ALKIS-Gebäude" }, "geometry": { "type": "Polygon", "coordinates": [ [ [ 13.484200875666494, 52.415292971512798 ], [ 13.48418617784426, 52.415292783052841 ], [ 13.484185869631098, 52.415301770225959 ], [ 13.484156473981146, 52.415301393300446 ], [ 13.484156165761853, 52.415310380473429 ], [ 13.484141467934135, 52.415310192007865 ], [ 13.484140851489084, 52.415328166353667 ], [ 13.484155549322773, 52.415328354819344 ], [ 13.484154932883046, 52.415346329165203 ], [ 13.484169630722871, 52.415346517629175 ], [ 13.484169014288465, 52.415364491975083 ], [ 13.484183712134422, 52.415364680437349 ], [ 13.48418340391996, 52.415373667610353 ], [ 13.484198101769065, 52.415373856070843 ], [ 13.484197793557428, 52.415382843243904 ], [ 13.484212491409682, 52.415383031702632 ], [ 13.484212183200867, 52.415392018875714 ], [ 13.484226881056269, 52.415392207332694 ], [ 13.484227189262098, 52.415383220159541 ], [ 13.484256584967419, 52.41538359706788 ], [ 13.484256893167114, 52.415374609894592 ], [ 13.484271591017032, 52.415374798345951 ], [ 13.48427189921358, 52.415365811172599 ], [ 13.484286597060674, 52.415365999622082 ], [ 13.484286905254072, 52.415357012448645 ], [ 13.484301603098345, 52.415357200896231 ], [ 13.484301911288593, 52.415348213722723 ], [ 13.484316609130042, 52.415348402168419 ], [ 13.484316917317145, 52.415339414994847 ], [ 13.484302219478682, 52.415339226549193 ], [ 13.484302835858369, 52.415321252202105 ], [ 13.48428813802604, 52.415321063754746 ], [ 13.484288446218626, 52.41531207658123 ], [ 13.484273748389446, 52.415311888132109 ], [ 13.484274056584855, 52.41530290095865 ], [ 13.484259358758822, 52.415302712507774 ], [ 13.484259666957055, 52.415293725334344 ], [ 13.48423027131145, 52.41529334842722 ], [ 13.48423057951549, 52.41528436125391 ], [ 13.484201183876506, 52.415283984339602 ], [ 13.484200875666494, 52.415292971512798 ] ] ] } },
{ "type": "Feature", "properties": { "id": 21502, "art": "NOT-ALKIS-Gebäude" }, "geometry": { "type": "Polygon", "coordinates": [ [ [ 13.481669147938165, 52.415368375492143 ], [ 13.481683845768414, 52.415368564265144 ], [ 13.481685080657543, 52.415332615614616 ], [ 13.481699778476012, 52.415332804385557 ], [ 13.481700704632193, 52.415305842897318 ], [ 13.481686006822683, 52.415305654126556 ], [ 13.481686315544069, 52.41529666696384 ], [ 13.481671617737707, 52.415296478191308 ], [ 13.481671926461916, 52.415287491028643 ], [ 13.481657228658701, 52.415287302254349 ], [ 13.481657537385734, 52.415278315091726 ], [ 13.481642839585668, 52.415278126315677 ], [ 13.48164253085565, 52.415287113478243 ], [ 13.481613135250033, 52.415286735920525 ], [ 13.48161282651388, 52.415295723082949 ], [ 13.481598128708331, 52.415295534301286 ], [ 13.481597819969029, 52.415304521463639 ], [ 13.481583122160657, 52.415304332680101 ], [ 13.481582195932818, 52.415331294166876 ], [ 13.481596893750149, 52.415331482950606 ], [ 13.48159627627008, 52.41534945727517 ], [ 13.481610974093543, 52.415349646057201 ], [ 13.48161066535625, 52.415358633219512 ], [ 13.481640061009639, 52.415359010778204 ], [ 13.481639752278154, 52.415367997940635 ], [ 13.481654450108078, 52.415368186717302 ], [ 13.481654141379417, 52.415377173879769 ], [ 13.481668839212489, 52.415377362654667 ], [ 13.481669147938165, 52.415368375492143 ] ] ] } },
{ "type": "Feature", "properties": { "id": 21504, "art": "NOT-ALKIS-Gebäude" }, "geometry": { "type": "Polygon", "coordinates": [ [ [ 13.517914789539164, 52.415819351009091 ], [ 13.517929487763084, 52.415819535277805 ], [ 13.51792978912226, 52.415810547966935 ], [ 13.517944487343355, 52.41581073223368 ], [ 13.517945994121945, 52.415765795678375 ], [ 13.517960692328263, 52.415765979943153 ], [ 13.517961897736331, 52.41573003069832 ], [ 13.517947199541954, 52.415729846433855 ], [ 13.517947500896559, 52.415720859122693 ], [ 13.51790340632334, 52.415720306318512 ], [ 13.517903707686743, 52.415711319007521 ], [ 13.517844914936621, 52.415710581909948 ], [ 13.517845216311805, 52.415701594599248 ], [ 13.517801121759843, 52.415701041756996 ], [ 13.517800820375694, 52.415710029067682 ], [ 13.517786122189039, 52.415709844783152 ], [ 13.517785519414295, 52.415727819404196 ], [ 13.517770821221825, 52.415727635117811 ], [ 13.517770519831229, 52.415736622428248 ], [ 13.517755821635928, 52.415736438140065 ], [ 13.517755520242186, 52.415745425450432 ], [ 13.517740822044065, 52.415745241160188 ], [ 13.517740520647179, 52.415754228470476 ], [ 13.517725822446227, 52.415754044178428 ], [ 13.517725219646005, 52.415772018798933 ], [ 13.517710521439243, 52.415771834504866 ], [ 13.517709918632415, 52.415789809125087 ], [ 13.517739315058042, 52.415790177711564 ], [ 13.517739013660364, 52.415799165021696 ], [ 13.517753711876406, 52.415799349312202 ], [ 13.517753410481548, 52.415808336622554 ], [ 13.517768108700734, 52.415808520911298 ], [ 13.51776780730871, 52.415817508221515 ], [ 13.517826600198982, 52.415818245358544 ], [ 13.51782629881874, 52.415827232669081 ], [ 13.517870393497073, 52.415827785502792 ], [ 13.51787009212563, 52.415836772813471 ], [ 13.517914186814352, 52.415837325630925 ], [ 13.517914789539164, 52.415819351009091 ] ] ] } },
{ "type": "Feature", "properties": { "id": 21507, "art": "NOT-ALKIS-Gebäude" }, "geometry": { "type": "Polygon", "coordinates": [ [ [ 13.481905500196143, 52.416621177476124 ], [ 13.481934896693058, 52.416621554967833 ], [ 13.481935205378495, 52.416612567806091 ], [ 13.48194990362421, 52.416612756549149 ], [ 13.481950212306499, 52.416603769387329 ], [ 13.481979608792445, 52.41660414686784 ], [ 13.481979917468598, 52.416595159705892 ], [ 13.481994615708828, 52.416595348443344 ], [ 13.481995541727352, 52.416568386957202 ], [ 13.481980843496078, 52.416568198219935 ], [ 13.481981460846919, 52.416550223895896 ], [ 13.481966762621781, 52.416550035156916 ], [ 13.481967071299943, 52.416541047994947 ], [ 13.48195237307795, 52.416540859254212 ], [ 13.481952681758937, 52.416531872092264 ], [ 13.481923285321416, 52.416531494605422 ], [ 13.481922976634459, 52.416540481767228 ], [ 13.481893580191617, 52.416540104272954 ], [ 13.481893271498524, 52.416549091434639 ], [ 13.481878573274363, 52.416548902684703 ], [ 13.481878264578123, 52.416557889846317 ], [ 13.481863566351137, 52.41655770109449 ], [ 13.481863257651749, 52.416566688256012 ], [ 13.481848559421941, 52.416566499502295 ], [ 13.4818482507194, 52.416575486663753 ], [ 13.481833552486769, 52.416575297908153 ], [ 13.481832935075232, 52.416593272230884 ], [ 13.481847633313837, 52.416593460986618 ], [ 13.481847324610811, 52.416602448148019 ], [ 13.481862022852562, 52.41660263690197 ], [ 13.481861405451994, 52.416620611224857 ], [ 13.481876103699882, 52.416620799977096 ], [ 13.481875795002338, 52.416629787138582 ], [ 13.481905191504573, 52.416630164637731 ], [ 13.481905500196143, 52.416621177476124 ] ] ] } },
{ "type": "Feature", "properties": { "id": 21508, "art": "NOT-ALKIS-Gebäude" }, "geometry": { "type": "Polygon", "coordinates": [ [ [ 13.485874033163634, 52.416672072772037 ], [ 13.485888731455903, 52.416672261025631 ], [ 13.485889039338112, 52.41666327384754 ], [ 13.485903737627554, 52.416663462099251 ], [ 13.485904045506613, 52.416654474921074 ], [ 13.485933442080016, 52.416654851418897 ], [ 13.485933749952942, 52.416645864240593 ], [ 13.485948448236902, 52.416646052486691 ], [ 13.485948756106678, 52.416637065308315 ], [ 13.485963454387813, 52.416637253552544 ], [ 13.485964377987212, 52.416610292017126 ], [ 13.485949679715034, 52.416610103773088 ], [ 13.485949987584162, 52.416601116594649 ], [ 13.485935289315131, 52.416600928348842 ], [ 13.485935597187083, 52.416591941170452 ], [ 13.485920898921202, 52.416591752922876 ], [ 13.485921206795977, 52.416582765744536 ], [ 13.485906508533244, 52.416582577495198 ], [ 13.485907124288278, 52.416564603138575 ], [ 13.485892426031681, 52.416564414887539 ], [ 13.485892733911941, 52.416555427709248 ], [ 13.485848639152078, 52.416554862945354 ], [ 13.48584833126286, 52.41656385012346 ], [ 13.485818934751125, 52.416563473604931 ], [ 13.485818626855773, 52.416572460782881 ], [ 13.485803928597162, 52.416572272520824 ], [ 13.485803620698663, 52.41658125969871 ], [ 13.485744827653901, 52.416580506631959 ], [ 13.485745135564347, 52.416571519454322 ], [ 13.485715739048912, 52.416571142910108 ], [ 13.485714815299177, 52.416598104442599 ], [ 13.48572951356577, 52.416598292715804 ], [ 13.485728589823532, 52.416625254248352 ], [ 13.485743288099247, 52.416625442519909 ], [ 13.485742980187828, 52.416634429697446 ], [ 13.485787075024902, 52.416634994501351 ], [ 13.48578676712228, 52.416643981679066 ], [ 13.485801465404617, 52.416644169943439 ], [ 13.485800849604857, 52.416662144298932 ], [ 13.485815547893326, 52.4166623325616 ], [ 13.485815239996189, 52.416671319739379 ], [ 13.485829938287806, 52.416671508000285 ], [ 13.485829630393493, 52.416680495178134 ], [ 13.48587372527828, 52.416681059950051 ], [ 13.485874033163634, 52.416672072772037 ] ] ] } },
{ "type": "Feature", "properties": { "id": 21520, "art": "NOT-ALKIS-Gebäude" }, "geometry": { "type": "Polygon", "coordinates": [ [ [ 13.497116134864385, 52.416878463558653 ], [ 13.497130833301293, 52.416878650415335 ], [ 13.497131138900309, 52.416869663191072 ], [ 13.497145837334394, 52.416869850045863 ], [ 13.497146448525971, 52.416851875597175 ], [ 13.497161146954243, 52.416852062450019 ], [ 13.497161452546804, 52.416843075225586 ], [ 13.497176150972251, 52.41684326207654 ], [ 13.497176762150916, 52.416825287627525 ], [ 13.497147365312127, 52.416824913924046 ], [ 13.497147059716903, 52.416833901148436 ], [ 13.497132361294764, 52.416833714293887 ], [ 13.497132055696394, 52.416842701518199 ], [ 13.49711735727143, 52.416842514661774 ], [ 13.497116440466387, 52.416869476334462 ], [ 13.497101742032626, 52.416869289476033 ], [ 13.497101436427638, 52.416878276700153 ], [ 13.497086737991053, 52.416878089839834 ], [ 13.497086432382915, 52.416887077063905 ], [ 13.497115829262221, 52.416887450782845 ], [ 13.497116134864385, 52.416878463558653 ] ] ] } },
{ "type": "Feature", "properties": { "id": 21522, "art": "NOT-ALKIS-Gebäude" }, "geometry": { "type": "Polygon", "coordinates": [ [ [ 13.517002965181476, 52.417138597250776 ], [ 13.517017663837962, 52.417138781636147 ], [ 13.517017965396851, 52.417129794330911 ], [ 13.517032664050513, 52.417129978714307 ], [ 13.517032965606258, 52.417120991408915 ], [ 13.517018266955581, 52.417120807025661 ], [ 13.517018568514155, 52.417111819720311 ], [ 13.516989171219251, 52.417111450948369 ], [ 13.51698886965471, 52.417120438253427 ], [ 13.516974171004509, 52.417120253864688 ], [ 13.516973567868973, 52.417138228474826 ], [ 13.516988266525145, 52.417138412863757 ], [ 13.516987964960126, 52.41714740016878 ], [ 13.517002663619442, 52.417147584555948 ], [ 13.517002965181476, 52.417138597250776 ] ] ] } },
{ "type": "Feature", "properties": { "id": 21535, "art": "NOT-ALKIS-Gebäude" }, "geometry": { "type": "Polygon", "coordinates": [ [ [ 13.443427413204683, 52.4173346021201 ], [ 13.443442111425103, 52.417334795651598 ], [ 13.44344559312332, 52.417235938667694 ], [ 13.443430894935744, 52.417235745136885 ], [ 13.443431211455749, 52.417226758138334 ], [ 13.443416513271327, 52.417226564605748 ], [ 13.443416196748336, 52.41723555160425 ], [ 13.44322512032722, 52.417233035513753 ], [ 13.443221638136334, 52.417331892487347 ], [ 13.443398016764343, 52.417334215051625 ], [ 13.443397700236364, 52.417343202049878 ], [ 13.443427096682674, 52.417343589118481 ], [ 13.443427413204683, 52.4173346021201 ] ] ] } },
{ "type": "Feature", "properties": { "id": 21536, "art": "NOT-ALKIS-Gebäude" }, "geometry": { "type": "Polygon", "coordinates": [ [ [ 13.445499863930459, 52.417361872033503 ], [ 13.445514562174397, 52.417362065307451 ], [ 13.44551551046743, 52.417335104285655 ], [ 13.445500812232453, 52.417334911011871 ], [ 13.445501444432946, 52.417316936997373 ], [ 13.445486746204105, 52.417316743721905 ], [ 13.445487062307089, 52.417307756714713 ], [ 13.4454723640814, 52.417307563437475 ], [ 13.445472680187203, 52.417298576430305 ], [ 13.445457981964665, 52.417298383151312 ], [ 13.44545893029003, 52.417271422129936 ], [ 13.445444232076619, 52.417271228849295 ], [ 13.445444548187726, 52.417262241842195 ], [ 13.445429849977467, 52.417262048559792 ], [ 13.445429533863376, 52.41727103556682 ], [ 13.445414835650297, 52.417270842282534 ], [ 13.445413887298059, 52.417297803303349 ], [ 13.445428585520094, 52.417297996587827 ], [ 13.445426372713273, 52.417360905636308 ], [ 13.445441070956376, 52.417361098919415 ], [ 13.445440754843435, 52.417370085926343 ], [ 13.445499547829462, 52.41737085904068 ], [ 13.445499863930459, 52.417361872033503 ] ] ] } },
{ "type": "Feature", "properties": { "id": 21537, "art": "NOT-ALKIS-Gebäude" }, "geometry": { "type": "Polygon", "coordinates": [ [ [ 13.471663000571125, 52.417703007676209 ], [ 13.471677699109266, 52.417703197698877 ], [ 13.471678320674654, 52.417685223464325 ], [ 13.471663622142486, 52.417685033441778 ], [ 13.471663932927919, 52.417676046324551 ], [ 13.471634535870049, 52.417675666274107 ], [ 13.471634225078642, 52.41768465339122 ], [ 13.471619526546966, 52.417684463363194 ], [ 13.471618904957689, 52.417702437597242 ], [ 13.471633603495338, 52.417702627625388 ], [ 13.471633292703437, 52.417711614742458 ], [ 13.471662689785198, 52.417711994793393 ], [ 13.471663000571125, 52.417703007676209 ] ] ] } },
{ "type": "Feature", "properties": { "id": 21538, "art": "NOT-ALKIS-Gebäude" }, "geometry": { "type": "Polygon", "coordinates": [ [ [ 13.484171515639007, 52.41786405632056 ], [ 13.484186214316042, 52.417864244788767 ], [ 13.484186830799013, 52.417846270450347 ], [ 13.48417213212795, 52.417846081982262 ], [ 13.484172440372179, 52.417837094813088 ], [ 13.484143043036516, 52.417836717871566 ], [ 13.484142734786314, 52.417845705040619 ], [ 13.484128036115742, 52.417845516567056 ], [ 13.484127727862393, 52.417854503736038 ], [ 13.484142426535954, 52.417854692209652 ], [ 13.484142118285426, 52.417863679378662 ], [ 13.484156816962138, 52.417863867850528 ], [ 13.484156508714435, 52.417872855019596 ], [ 13.484171207394294, 52.417873043489685 ], [ 13.484171515639007, 52.41786405632056 ] ] ] } },
{ "type": "Feature", "properties": { "id": 21542, "art": "NOT-ALKIS-Gebäude" }, "geometry": { "type": "Polygon", "coordinates": [ [ [ 13.486346921607351, 52.417891929744322 ], [ 13.486361620308424, 52.417892117942174 ], [ 13.486361928108034, 52.41788313076399 ], [ 13.486347229409946, 52.417882942566195 ], [ 13.486347537212378, 52.417873955388053 ], [ 13.486332838517441, 52.417873767188489 ], [ 13.486333146322696, 52.417864780010376 ], [ 13.486318447630905, 52.417864591809042 ], [ 13.486318755438987, 52.417855604630994 ], [ 13.486289358061866, 52.417855228222976 ], [ 13.486288434619221, 52.417882189756732 ], [ 13.486303133316659, 52.417882377961838 ], [ 13.486302825505105, 52.417891365139788 ], [ 13.486317524205692, 52.417891553343125 ], [ 13.486317216396962, 52.417900540521124 ], [ 13.486331915100697, 52.417900728722692 ], [ 13.48633160729479, 52.417909715900727 ], [ 13.486346306001673, 52.417909904100533 ], [ 13.486346921607351, 52.417891929744322 ] ] ] } },
{ "type": "Feature", "properties": { "id": 21545, "art": "NOT-ALKIS-Gebäude" }, "geometry": { "type": "Polygon", "coordinates": [ [ [ 13.472514894828445, 52.417732000212894 ], [ 13.47252959338206, 52.41773219012974 ], [ 13.472530214601715, 52.417714215888147 ], [ 13.472515516054074, 52.417714025971421 ], [ 13.47251582666664, 52.41770503885067 ], [ 13.472471731033655, 52.417704469089735 ], [ 13.472471420412131, 52.417713456210294 ], [ 13.472456721865141, 52.41771326628627 ], [ 13.472456100615624, 52.417731240527246 ], [ 13.472470799168583, 52.417731430451397 ], [ 13.472470488546564, 52.41774041757192 ], [ 13.472514584215384, 52.417740987333602 ], [ 13.472514894828445, 52.417732000212894 ] ] ] } },
{ "type": "Feature", "properties": { "id": 21556, "art": "NOT-ALKIS-Gebäude" }, "geometry": { "type": "Polygon", "coordinates": [ [ [ 13.490960480519488, 52.418004857290569 ], [ 13.491033974370502, 52.418005795395537 ], [ 13.491034281221459, 52.417996808198176 ], [ 13.491093076293238, 52.417997558649041 ], [ 13.491093383132089, 52.417988571451417 ], [ 13.491122780662977, 52.417988946665758 ], [ 13.491124007992877, 52.417952997874615 ], [ 13.491109309239295, 52.417952810268602 ], [ 13.491110536578551, 52.417916861477451 ], [ 13.491095837837079, 52.417916673869854 ], [ 13.49109675834878, 52.417889712276519 ], [ 13.491067360884237, 52.417889337056202 ], [ 13.491067054041194, 52.417898324253862 ], [ 13.490993560367738, 52.417897386170779 ], [ 13.4909932535096, 52.41790637336814 ], [ 13.490949157298509, 52.41790581049618 ], [ 13.490948850431252, 52.417914797693335 ], [ 13.490890055473452, 52.417914047171593 ], [ 13.490889748594087, 52.417923034368492 ], [ 13.49090444733628, 52.417923222001733 ], [ 13.490902606074611, 52.41797714518318 ], [ 13.4908879073145, 52.417976957549591 ], [ 13.490887600434002, 52.417985944746377 ], [ 13.490872901671066, 52.417985757110891 ], [ 13.490872287903615, 52.418003731504314 ], [ 13.490931082980216, 52.418004482035791 ], [ 13.490930776108193, 52.418013469232726 ], [ 13.490960173653438, 52.418013844487625 ], [ 13.490960480519488, 52.418004857290569 ] ] ] } },
{ "type": "Feature", "properties": { "id": 21563, "art": "NOT-ALKIS-Gebäude" }, "geometry": { "type": "Polygon", "coordinates": [ [ [ 13.491761074678331, 52.426862323176096 ], [ 13.491790478121008, 52.426862698268579 ], [ 13.491790784916121, 52.42685371108162 ], [ 13.491805486634716, 52.426853898625069 ], [ 13.49180640701012, 52.426826937063915 ], [ 13.491791705300489, 52.426826749520664 ], [ 13.491792012094955, 52.426817762333641 ], [ 13.491747906976, 52.426817199693076 ], [ 13.49174760017257, 52.426826186879914 ], [ 13.491732898463587, 52.42682599932936 ], [ 13.4917316712363, 52.426861948076301 ], [ 13.491746372957236, 52.426862135627118 ], [ 13.491746066152997, 52.426871122813878 ], [ 13.49176076787708, 52.426871310362927 ], [ 13.491761074678331, 52.426862323176096 ] ] ] } },
{ "type": "Feature", "properties": { "id": 21568, "art": "NOT-ALKIS-Gebäude" }, "geometry": { "type": "Polygon", "coordinates": [ [ [ 13.478940616692508, 52.426716060823246 ], [ 13.478955318278043, 52.426716249963881 ], [ 13.478955937085393, 52.426698275696062 ], [ 13.478941235505834, 52.426698086555561 ], [ 13.478941544912253, 52.426689099421694 ], [ 13.478926843335843, 52.426688910279417 ], [ 13.478927152745086, 52.426679923145599 ], [ 13.47891245117183, 52.426679734001553 ], [ 13.478912760583896, 52.426670746867785 ], [ 13.478898059013789, 52.42667055772197 ], [ 13.47889836842868, 52.426661570588237 ], [ 13.478883666861726, 52.426661381440674 ], [ 13.478883357443847, 52.426670368574335 ], [ 13.478868655874065, 52.426670179424875 ], [ 13.478868346453035, 52.426679166558465 ], [ 13.478853644880429, 52.426678977407121 ], [ 13.478853335456249, 52.426687964540633 ], [ 13.478868037031841, 52.426688153692055 ], [ 13.478867727610485, 52.426697140825617 ], [ 13.478882429189229, 52.426697329975255 ], [ 13.478882119770697, 52.426706317108867 ], [ 13.47889682135259, 52.426706506256743 ], [ 13.478896511936883, 52.42671549339039 ], [ 13.478911213521929, 52.426715682536503 ], [ 13.478910904109044, 52.4267246696702 ], [ 13.478940307285599, 52.426725047957078 ], [ 13.478940616692508, 52.426716060823246 ] ] ] } },
{ "type": "Feature", "properties": { "id": 21576, "art": "NOT-ALKIS-Gebäude" }, "geometry": { "type": "Polygon", "coordinates": [ [ [ 13.504418403735009, 52.42705008648327 ], [ 13.5043742981291, 52.427049528550057 ], [ 13.504373993890955, 52.427058515788531 ], [ 13.50435929201965, 52.427058329807103 ], [ 13.504358683536903, 52.427076304283865 ], [ 13.504417491046986, 52.42707704819906 ], [ 13.504418403735009, 52.42705008648327 ] ] ] } },
{ "type": "Feature", "properties": { "id": 21581, "art": "NOT-ALKIS-Gebäude" }, "geometry": { "type": "Polygon", "coordinates": [ [ [ 13.477763251793879, 52.426736872168391 ], [ 13.477777953378308, 52.426737061455448 ], [ 13.477778572664997, 52.426719087197512 ], [ 13.477763871086546, 52.426718897910597 ], [ 13.477764180732635, 52.426709910781668 ], [ 13.477749479157335, 52.426709721492955 ], [ 13.477749788806248, 52.42670073436409 ], [ 13.477720385662114, 52.426700355781342 ], [ 13.477719147041583, 52.426736304296277 ], [ 13.477733848625517, 52.426736493588812 ], [ 13.477733538972965, 52.426745480717571 ], [ 13.477762942147303, 52.426745859297277 ], [ 13.477763251793879, 52.426736872168391 ] ] ] } },
{ "type": "Feature", "properties": { "id": 21583, "art": "NOT-ALKIS-Gebäude" }, "geometry": { "type": "Polygon", "coordinates": [ [ [ 13.494478139621062, 52.426977873081526 ], [ 13.494492841399119, 52.426978060291169 ], [ 13.494494066385377, 52.426942111499308 ], [ 13.494479364619272, 52.426941924289892 ], [ 13.49447967086842, 52.426932937091948 ], [ 13.494450267342671, 52.426932562667766 ], [ 13.494448736065433, 52.426977498656719 ], [ 13.494463437843166, 52.426977685870035 ], [ 13.494463131590223, 52.426986673067852 ], [ 13.494477833371105, 52.426986860279385 ], [ 13.494478139621062, 52.426977873081526 ] ] ] } },
{ "type": "Feature", "properties": { "id": 21590, "art": "NOT-ALKIS-Gebäude" }, "geometry": { "type": "Polygon", "coordinates": [ [ [ 13.483465936358678, 52.426855114122333 ], [ 13.483480638021291, 52.426855302700716 ], [ 13.48348094650629, 52.426846315548197 ], [ 13.483495648166077, 52.426846504124697 ], [ 13.483495956647925, 52.4268375169721 ], [ 13.483510658304885, 52.426837705546717 ], [ 13.483510966783584, 52.426828718394034 ], [ 13.48352566843772, 52.426828906966769 ], [ 13.483526593863875, 52.426801945508458 ], [ 13.483511892218702, 52.426801756935923 ], [ 13.483512200696749, 52.426792769783184 ], [ 13.483482797412867, 52.426792392632741 ], [ 13.483482488928844, 52.426801379785346 ], [ 13.483467787284161, 52.426801191207318 ], [ 13.483467478796987, 52.426810178359851 ], [ 13.48343807550213, 52.426809801198203 ], [ 13.483437767008819, 52.426818788350609 ], [ 13.483423065358647, 52.426818599766975 ], [ 13.483422756862184, 52.426827586919302 ], [ 13.483408055209187, 52.426827398333785 ], [ 13.483407438209801, 52.426845372638269 ], [ 13.483422139868773, 52.426845561223907 ], [ 13.483421831371823, 52.426854548376184 ], [ 13.483436533033945, 52.426854736960074 ], [ 13.483436224539821, 52.426863724112387 ], [ 13.483465627870531, 52.426864101274774 ], [ 13.483465936358678, 52.426855114122333 ] ] ] } },
{ "type": "Feature", "properties": { "id": 21597, "art": "NOT-ALKIS-Gebäude" }, "geometry": { "type": "Polygon", "coordinates": [ [ [ 13.436933605339254, 52.427148193301257 ], [ 13.436948306778117, 52.427148387665241 ], [ 13.436948624729611, 52.427139400709528 ], [ 13.436933923293735, 52.427139206345622 ], [ 13.43693424124805, 52.427130219389966 ], [ 13.436860734086123, 52.427129247543292 ], [ 13.436860098147452, 52.42714722145395 ], [ 13.436874799585476, 52.427147415827058 ], [ 13.436874481618876, 52.42715640278243 ], [ 13.436933287384605, 52.42715718025687 ], [ 13.436933605339254, 52.427148193301257 ] ] ] } },
{ "type": "Feature", "properties": { "id": 21600, "art": "NOT-ALKIS-Gebäude" }, "geometry": { "type": "Polygon", "coordinates": [ [ [ 13.438243304807933, 52.427129536695354 ], [ 13.438258006249765, 52.427129730896468 ], [ 13.438258323934697, 52.427120743935134 ], [ 13.438243622495852, 52.427120549734092 ], [ 13.438243940183602, 52.427111562772808 ], [ 13.438185134441856, 52.427110785950589 ], [ 13.438185452141386, 52.427101798989526 ], [ 13.438170750709356, 52.427101604779473 ], [ 13.438170433006835, 52.427110591740458 ], [ 13.438141030137302, 52.42711020331474 ], [ 13.438140394719806, 52.427128177236412 ], [ 13.438155096160465, 52.427128371450308 ], [ 13.438154778454454, 52.427137358411187 ], [ 13.438169479898267, 52.427137552623329 ], [ 13.438169162195075, 52.427146539584257 ], [ 13.438227967983956, 52.427147316414789 ], [ 13.438227332600968, 52.427165290337101 ], [ 13.438212631147524, 52.427165096132079 ], [ 13.438212313452791, 52.427174083093156 ], [ 13.438197611996525, 52.427173888886244 ], [ 13.438197294298638, 52.427182875847244 ], [ 13.438211995757891, 52.427183070054227 ], [ 13.438211678062824, 52.427192057015255 ], [ 13.43824108098781, 52.427192445423842 ], [ 13.438243304807933, 52.427129536695354 ] ] ] } },
{ "type": "Feature", "properties": { "id": 21611, "art": "NOT-ALKIS-Gebäude" }, "geometry": { "type": "Polygon", "coordinates": [ [ [ 13.495870250284232, 52.42799360343195 ], [ 13.495884952409611, 52.427993790471049 ], [ 13.495885564359243, 52.427975816066784 ], [ 13.495856160120601, 52.427975441986973 ], [ 13.495856466101152, 52.427966454784922 ], [ 13.495841763985061, 52.427966267742349 ], [ 13.49584145800152, 52.427975254944336 ], [ 13.495826755882602, 52.427975067899858 ], [ 13.495826143909063, 52.427993042303669 ], [ 13.495840846033959, 52.427993229348253 ], [ 13.495840540049935, 52.42800221655019 ], [ 13.495869944306186, 52.428002590634001 ], [ 13.495870250284232, 52.42799360343195 ] ] ] } },
{ "type": "Feature", "properties": { "id": 21620, "art": "NOT-ALKIS-Gebäude" }, "geometry": { "type": "Polygon", "coordinates": [ [ [ 13.456600223108605, 52.4321538838362 ], [ 13.456614926349983, 52.43215407576799 ], [ 13.456615240358591, 52.432145088736227 ], [ 13.456600537120201, 52.432144896804495 ], [ 13.456600851131634, 52.432135909772775 ], [ 13.456556741426423, 52.432135333966791 ], [ 13.456556427406024, 52.432144320998333 ], [ 13.456541724168297, 52.432144129059289 ], [ 13.456541410144744, 52.432153116090745 ], [ 13.456556113385462, 52.432153308029839 ], [ 13.456555799364732, 52.43216229506136 ], [ 13.456599909096839, 52.432162870867892 ], [ 13.456600223108605, 52.4321538838362 ] ] ] } },
{ "type": "Feature", "properties": { "id": 21621, "art": "NOT-ALKIS-Gebäude" }, "geometry": { "type": "Polygon", "coordinates": [ [ [ 13.465421885424369, 52.432277701574264 ], [ 13.465436588767828, 52.432277892409601 ], [ 13.465436900983455, 52.432268905340813 ], [ 13.465466307664895, 52.432269287005873 ], [ 13.465467244292853, 52.432242325799045 ], [ 13.465481947624854, 52.432242516628655 ], [ 13.465482259830855, 52.43223352955961 ], [ 13.465467556501842, 52.432233338730065 ], [ 13.465467868710666, 52.432224351661084 ], [ 13.465453165384808, 52.432224160829783 ], [ 13.465453477596457, 52.432215173760838 ], [ 13.46543877427375, 52.432214982927761 ], [ 13.465439398702532, 52.432197008789956 ], [ 13.465424695385968, 52.432196817955173 ], [ 13.4654250076031, 52.432187830886313 ], [ 13.465410304289691, 52.432187640049769 ], [ 13.465411553168526, 52.432151691774408 ], [ 13.465426256469982, 52.432151882610704 ], [ 13.46542656868629, 52.432142895541773 ], [ 13.465441271984924, 52.432143086376193 ], [ 13.465441896411068, 52.432125112238147 ], [ 13.465427193118412, 52.432124921403855 ], [ 13.465427505334228, 52.432115934334867 ], [ 13.465398098755388, 52.432115552660939 ], [ 13.465397786533597, 52.432124539729806 ], [ 13.465383083241434, 52.432124348890028 ], [ 13.465383707690831, 52.432106374752415 ], [ 13.465369004404812, 52.432106183910939 ], [ 13.465369316632252, 52.432097196842165 ], [ 13.465354613349387, 52.432097005998926 ], [ 13.46535492557965, 52.432088018930202 ], [ 13.465340222299938, 52.432087828085201 ], [ 13.465340534533023, 52.432078841016526 ], [ 13.465325831256465, 52.432078650169757 ], [ 13.465326455728123, 52.432060676032478 ], [ 13.465311752457705, 52.432060485184003 ], [ 13.465312064696276, 52.432051498115399 ], [ 13.465297361429011, 52.432051307265162 ], [ 13.465297673670404, 52.432042320196615 ], [ 13.465238860614948, 52.432041556777612 ], [ 13.465238548361601, 52.432050543845911 ], [ 13.465223845095158, 52.432050352986522 ], [ 13.465223532838657, 52.432059340054764 ], [ 13.465208829569391, 52.432059149193485 ], [ 13.465208205049917, 52.432077123329783 ], [ 13.46519350177484, 52.432076932466558 ], [ 13.465192877248729, 52.432094906602664 ], [ 13.465178173967839, 52.432094715737499 ], [ 13.465177549435092, 52.432112689873414 ], [ 13.46516284614839, 52.432112499006287 ], [ 13.465162533878781, 52.432121486074166 ], [ 13.46517723716847, 52.43212167694135 ], [ 13.465176924901687, 52.432130664009264 ], [ 13.46519162819453, 52.432130854874693 ], [ 13.465191315930568, 52.432139841942657 ], [ 13.465206019226565, 52.432140032806309 ], [ 13.465205394704126, 52.432158006942323 ], [ 13.465220098006265, 52.432158197804263 ], [ 13.465219473489144, 52.432176171940355 ], [ 13.46524888010587, 52.432176553659012 ], [ 13.46524856785304, 52.43218554072714 ], [ 13.465263271164639, 52.432185731583786 ], [ 13.465262958914632, 52.432194718651985 ], [ 13.465277662229385, 52.432194909506862 ], [ 13.465277037734854, 52.432212883643309 ], [ 13.465291741055749, 52.432213074496481 ], [ 13.465291428811225, 52.432222061564758 ], [ 13.465306132135273, 52.432222252416167 ], [ 13.465305819893574, 52.432231239484473 ], [ 13.465320523220775, 52.43223143033412 ], [ 13.465319898742857, 52.432249404470824 ], [ 13.465349305409708, 52.432249786164874 ], [ 13.465348680943087, 52.432267760301762 ], [ 13.465363384282737, 52.43226795114618 ], [ 13.465363072052169, 52.432276938214656 ], [ 13.465377775394971, 52.432277129057297 ], [ 13.465377463167227, 52.432286116125823 ], [ 13.465421573205589, 52.432286688642975 ], [ 13.465421885424369, 52.432277701574264 ] ] ] } },
{ "type": "Feature", "properties": { "id": 21626, "art": "NOT-ALKIS-Gebäude" }, "geometry": { "type": "Polygon", "coordinates": [ [ [ 13.448747769088154, 52.432078092202019 ], [ 13.448762472249829, 52.432078285109895 ], [ 13.448762787854804, 52.432069298111323 ], [ 13.448777491013654, 52.432069491017295 ], [ 13.448777806615476, 52.432060504018629 ], [ 13.448763103459614, 52.432060311112714 ], [ 13.448763419064255, 52.432051324114099 ], [ 13.448748715911547, 52.432051131206421 ], [ 13.448749347126309, 52.432033157209275 ], [ 13.448734643979744, 52.432032964299886 ], [ 13.448734959589864, 52.432023977301348 ], [ 13.44870555330321, 52.432023591477218 ], [ 13.448705237687113, 52.432032578475621 ], [ 13.448690534541047, 52.432032385560753 ], [ 13.448688956443121, 52.43207732055226 ], [ 13.448703659604131, 52.432077513467448 ], [ 13.448703343987034, 52.432086500465765 ], [ 13.448747453480024, 52.432087079200528 ], [ 13.448747769088154, 52.432078092202019 ] ] ] } },
{ "type": "Feature", "properties": { "id": 21627, "art": "NOT-ALKIS-Gebäude" }, "geometry": { "type": "Polygon", "coordinates": [ [ [ 13.489064458571146, 52.432600177844911 ], [ 13.489123273020981, 52.432600929420715 ], [ 13.48912358042212, 52.432591942253559 ], [ 13.489138284031995, 52.432592130142872 ], [ 13.489138591429983, 52.432583142975659 ], [ 13.489153295037031, 52.432583330863075 ], [ 13.489154217221056, 52.432556369361123 ], [ 13.489139513622973, 52.432556181473878 ], [ 13.489139821020313, 52.432547194306586 ], [ 13.489125117425383, 52.432547006417572 ], [ 13.489125424825549, 52.432538019250337 ], [ 13.489110721233768, 52.432537831359561 ], [ 13.48911102863676, 52.432528844192348 ], [ 13.489081621459663, 52.432528468405422 ], [ 13.489081314050692, 52.432537455572501 ], [ 13.489051906868267, 52.432537079778136 ], [ 13.489051599453157, 52.432546066945079 ], [ 13.489036895859199, 52.432545879045087 ], [ 13.489036281022516, 52.432563853378802 ], [ 13.489006873823129, 52.432563477573112 ], [ 13.489005951548956, 52.432590439073195 ], [ 13.489020655157532, 52.432590626977145 ], [ 13.48902004031325, 52.432608601310584 ], [ 13.489064151157889, 52.432609165011804 ], [ 13.489064458571146, 52.432600177844911 ] ] ] } },
{ "type": "Feature", "properties": { "id": 21632, "art": "NOT-ALKIS-Gebäude" }, "geometry": { "type": "Polygon", "coordinates": [ [ [ 13.478890526329137, 52.432442753737348 ], [ 13.478875822838635, 52.432442564574295 ], [ 13.47887458490173, 52.432478513073406 ], [ 13.478903991906803, 52.432478891398141 ], [ 13.478903682428145, 52.43248787852302 ], [ 13.478918385933916, 52.432488067682705 ], [ 13.478918695409583, 52.432479080557776 ], [ 13.478933398912529, 52.432479269715579 ], [ 13.478933708385044, 52.432470282590593 ], [ 13.478948411885163, 52.432470471746512 ], [ 13.478948721354529, 52.432461484621427 ], [ 13.478934017857398, 52.432461295465572 ], [ 13.478934636801615, 52.432443321215501 ], [ 13.478919933310625, 52.432443132057941 ], [ 13.478920242785478, 52.432434144932948 ], [ 13.478890835809965, 52.432433766612462 ], [ 13.478890526329137, 52.432442753737348 ] ] ] } },
{ "type": "Feature", "properties": { "id": 21642, "art": "NOT-ALKIS-Gebäude" }, "geometry": { "type": "Polygon", "coordinates": [ [ [ 13.491209959761669, 52.432663540119286 ], [ 13.491224663409497, 52.432663727749393 ], [ 13.491225277358108, 52.432645753397871 ], [ 13.491210573716257, 52.432645565767892 ], [ 13.491210880693309, 52.432636578592167 ], [ 13.49119617705461, 52.432636390960425 ], [ 13.491196484034486, 52.43262740378475 ], [ 13.491167076763551, 52.432627028515896 ], [ 13.491166769777694, 52.43263601569145 ], [ 13.491152066139479, 52.432635828054217 ], [ 13.491151145171976, 52.432662789580618 ], [ 13.491165848819154, 52.43266297721803 ], [ 13.491165541832652, 52.432671964393514 ], [ 13.491209652784132, 52.432672527294962 ], [ 13.491209959761669, 52.432663540119286 ] ] ] } },
{ "type": "Feature", "properties": { "id": 21645, "art": "NOT-ALKIS-Gebäude" }, "geometry": { "type": "Polygon", "coordinates": [ [ [ 13.474638741612134, 52.432459906417975 ], [ 13.474653445079463, 52.432460096107846 ], [ 13.47465375542235, 52.432451109000702 ], [ 13.474668458886853, 52.432451298688683 ], [ 13.474669389905564, 52.432424337366932 ], [ 13.474654686450025, 52.432424147679129 ], [ 13.474654996792257, 52.4324151605719 ], [ 13.474640293339871, 52.432414970882334 ], [ 13.474640603684927, 52.432405983775162 ], [ 13.474625900235692, 52.43240579408382 ], [ 13.474626210583573, 52.432396806976691 ], [ 13.474596803691574, 52.432396427588657 ], [ 13.474596493337716, 52.432405414695651 ], [ 13.474581789888973, 52.432405224998838 ], [ 13.474581479531961, 52.432414212105762 ], [ 13.474596182983694, 52.432414401802653 ], [ 13.474595872629507, 52.432423388909626 ], [ 13.474610576084244, 52.432423578604741 ], [ 13.47461026573303, 52.432432565711771 ], [ 13.474595562275157, 52.432432376016585 ], [ 13.474594941565966, 52.432450350230461 ], [ 13.474580238102281, 52.432450160533335 ], [ 13.47457992774445, 52.432459147640195 ], [ 13.474594631211126, 52.43245933733737 ], [ 13.47459432085612, 52.432468324444272 ], [ 13.474638431266095, 52.432468893525062 ], [ 13.474638741612134, 52.432459906417975 ] ] ] } },
{ "type": "Feature", "properties": { "id": 21670, "art": "NOT-ALKIS-Gebäude" }, "geometry": { "type": "Polygon", "coordinates": [ [ [ 13.477140305651234, 52.433714943439767 ], [ 13.477155009553341, 52.433715132821789 ], [ 13.47715562924931, 52.433697158590391 ], [ 13.477140925353181, 52.433696969208491 ], [ 13.477141235203909, 52.433687982092827 ], [ 13.477111827418119, 52.43368760332369 ], [ 13.477111517561413, 52.433696590439233 ], [ 13.477096813665776, 52.433696401051847 ], [ 13.477095884085712, 52.43372336239819 ], [ 13.477139995800016, 52.433723930555374 ], [ 13.477140305651234, 52.433714943439767 ] ] ] } },
{ "type": "Feature", "properties": { "id": 21726, "art": "NOT-ALKIS-Gebäude" }, "geometry": { "type": "Polygon", "coordinates": [ [ [ 13.483742945759039, 52.40935295323829 ], [ 13.483757641603875, 52.409353141738492 ], [ 13.483757949837976, 52.409344154558049 ], [ 13.48377264567999, 52.409344343056354 ], [ 13.483772953910947, 52.409335355875854 ], [ 13.483787649750138, 52.409335544372276 ], [ 13.483787957977945, 52.409326557191683 ], [ 13.483802653814315, 52.409326745686229 ], [ 13.483803578487812, 52.409299784144203 ], [ 13.483788882660395, 52.409299595649856 ], [ 13.483789190887553, 52.409290608469199 ], [ 13.483774495063285, 52.40929041997309 ], [ 13.483774803293267, 52.40928143279249 ], [ 13.48373071583039, 52.409280867293361 ], [ 13.483730407591455, 52.409289854473769 ], [ 13.483715711767838, 52.409289665970356 ], [ 13.483715403525757, 52.409298653150692 ], [ 13.483700707699317, 52.409298464645389 ], [ 13.483700399454086, 52.409307451825647 ], [ 13.483685703624825, 52.409307263318446 ], [ 13.483685395376448, 52.409316250498641 ], [ 13.483670699544364, 52.409316061989564 ], [ 13.483670083041154, 52.409334036349776 ], [ 13.483684778879208, 52.409334224858974 ], [ 13.483684470630346, 52.409343212039111 ], [ 13.483699166471547, 52.409343400546561 ], [ 13.483698858225505, 52.409352387726742 ], [ 13.483713554069855, 52.409352576232422 ], [ 13.483713245826634, 52.409361563412645 ], [ 13.483742637521788, 52.409361940418627 ], [ 13.483742945759039, 52.40935295323829 ] ] ] } },
{ "type": "Feature", "properties": { "id": 21746, "art": "NOT-ALKIS-Gebäude" }, "geometry": { "type": "Polygon", "coordinates": [ [ [ 13.504108500975043, 52.409702334437284 ], [ 13.504093804876787, 52.409702148465669 ], [ 13.504093500771855, 52.409711135729502 ], [ 13.504078804670774, 52.409710949756004 ], [ 13.504077892346062, 52.409737911547211 ], [ 13.504121980676654, 52.409738469462773 ], [ 13.5041228929745, 52.409711507671034 ], [ 13.504108196873096, 52.409711321701181 ], [ 13.504108500975043, 52.409702334437284 ] ] ] } },
{ "type": "Feature", "properties": { "id": 21777, "art": "NOT-ALKIS-Gebäude" }, "geometry": { "type": "Polygon", "coordinates": [ [ [ 13.484732098360702, 52.409662344171927 ], [ 13.484746794315082, 52.409662532549952 ], [ 13.484747410387923, 52.409644558181803 ], [ 13.484703322543179, 52.409643993042607 ], [ 13.484703014497885, 52.409652980226518 ], [ 13.484688318546979, 52.409652791843065 ], [ 13.484687702449936, 52.409670766210702 ], [ 13.484731790321053, 52.409671331355923 ], [ 13.484732098360702, 52.409662344171927 ] ] ] } },
{ "type": "Feature", "properties": { "id": 21781, "art": "NOT-ALKIS-Gebäude" }, "geometry": { "type": "Polygon", "coordinates": [ [ [ 13.480704177554045, 52.409646608463383 ], [ 13.480718873475803, 52.409646797342006 ], [ 13.480719800040237, 52.409619835839933 ], [ 13.480690408214789, 52.409619458081224 ], [ 13.480690099354172, 52.40962844524848 ], [ 13.480675403438706, 52.409628256366325 ], [ 13.480674476846925, 52.409655217867808 ], [ 13.480703868695924, 52.409655595630653 ], [ 13.480704177554045, 52.409646608463383 ] ] ] } },
{ "type": "Feature", "properties": { "id": 21812, "art": "NOT-ALKIS-Gebäude" }, "geometry": { "type": "Polygon", "coordinates": [ [ [ 13.505190044726742, 52.410327411319926 ], [ 13.50517534841349, 52.41032722548119 ], [ 13.505175044521529, 52.410336212748504 ], [ 13.50516034820545, 52.410336026907885 ], [ 13.505159740415079, 52.410354001442336 ], [ 13.505174436737127, 52.410354187283069 ], [ 13.505174132844687, 52.410363174550326 ], [ 13.505218221820748, 52.410363732061754 ], [ 13.505217917937102, 52.410372719329182 ], [ 13.50524731059458, 52.410373090994447 ], [ 13.505247918349774, 52.410355116459343 ], [ 13.505233222026924, 52.41035493062774 ], [ 13.505233525907265, 52.410345943360227 ], [ 13.505218829587561, 52.410345757526855 ], [ 13.505219133470726, 52.410336770259384 ], [ 13.505189740837768, 52.410336398587283 ], [ 13.505190044726742, 52.410327411319926 ] ] ] } },
{ "type": "Feature", "properties": { "id": 21846, "art": "NOT-ALKIS-Gebäude" }, "geometry": { "type": "Polygon", "coordinates": [ [ [ 13.483785293709218, 52.410261600891801 ], [ 13.483784368992511, 52.410288562429194 ], [ 13.483799065148578, 52.410288750926568 ], [ 13.483798756912334, 52.410297738105733 ], [ 13.483842845390463, 52.410298303587119 ], [ 13.483843770071839, 52.410271342049057 ], [ 13.483829073921255, 52.410271153557268 ], [ 13.483829382151042, 52.41026216637794 ], [ 13.483785293709218, 52.410261600891801 ] ] ] } },
{ "type": "Feature", "properties": { "id": 21851, "art": "NOT-ALKIS-Gebäude" }, "geometry": { "type": "Polygon", "coordinates": [ [ [ 13.522670060770139, 52.410807898066572 ], [ 13.522684757359679, 52.410808081731972 ], [ 13.522685057697887, 52.410799094393987 ], [ 13.522699754284599, 52.410799278057503 ], [ 13.52270035495456, 52.410781303381611 ], [ 13.52271505153546, 52.410781487043188 ], [ 13.522715652198826, 52.410763512366948 ], [ 13.52273034877391, 52.41076369602667 ], [ 13.522730649102371, 52.410754708688415 ], [ 13.522745345674632, 52.410754892346169 ], [ 13.522745645999944, 52.410745905008021 ], [ 13.522760342569381, 52.410746088663799 ], [ 13.522760943213566, 52.410728113987176 ], [ 13.522775639777187, 52.410728297641093 ], [ 13.522775940096055, 52.410719310302781 ], [ 13.522761243535422, 52.410719126648836 ], [ 13.522761844178653, 52.410701151972212 ], [ 13.522732451069796, 52.410700784659255 ], [ 13.522732751397148, 52.410691797320922 ], [ 13.522673965193274, 52.410691062673422 ], [ 13.522674265532409, 52.410682075335295 ], [ 13.522644872437395, 52.410681708000666 ], [ 13.522645172782335, 52.410672720662816 ], [ 13.522630476238049, 52.410672536992827 ], [ 13.522630776585824, 52.410663549654842 ], [ 13.522624340970435, 52.410663469225291 ], [ 13.522615831234123, 52.41067081109383 ], [ 13.52261547934301, 52.410681340658734 ], [ 13.522603794118513, 52.410681194619919 ], [ 13.522600692089146, 52.410683871161112 ], [ 13.522600482441996, 52.410690144322849 ], [ 13.522593520686348, 52.410690057315868 ], [ 13.522585552935183, 52.410696931226369 ], [ 13.522585485535012, 52.410698947984926 ], [ 13.522583248719696, 52.410698920029333 ], [ 13.522540135389361, 52.410736112308641 ], [ 13.522539894044504, 52.410743333634251 ], [ 13.522554590611723, 52.410743517315673 ], [ 13.52255398988332, 52.410761491990506 ], [ 13.522539293310134, 52.410761308308956 ], [ 13.522538692575123, 52.410779282983761 ], [ 13.522553389154281, 52.410779466665431 ], [ 13.522553088789525, 52.410788454002819 ], [ 13.522582481954286, 52.410788821360796 ], [ 13.522582181595343, 52.410797808698213 ], [ 13.522611574766707, 52.410798176049006 ], [ 13.522611274413572, 52.410807163386693 ], [ 13.52262597100248, 52.410807347059318 ], [ 13.522625670652175, 52.410816334396962 ], [ 13.522669760428792, 52.410816885404309 ], [ 13.522670060770139, 52.410807898066572 ] ] ] } },
{ "type": "Feature", "properties": { "id": 21872, "art": "NOT-ALKIS-Gebäude" }, "geometry": { "type": "Polygon", "coordinates": [ [ [ 13.497475453025793, 52.410634207190121 ], [ 13.497490149389357, 52.410634393986655 ], [ 13.497490760303586, 52.410616419516067 ], [ 13.497476063945994, 52.41061623271964 ], [ 13.497476369405854, 52.410607245484385 ], [ 13.497461673051404, 52.41060705868621 ], [ 13.49746136758856, 52.410616045921408 ], [ 13.49743197487418, 52.410615672319445 ], [ 13.497431363936066, 52.410633646789549 ], [ 13.497446060299147, 52.410633833591561 ], [ 13.497445754832833, 52.410642820826652 ], [ 13.497475147565449, 52.410643194425326 ], [ 13.497475453025793, 52.410634207190121 ] ] ] } },
{ "type": "Feature", "properties": { "id": 21888, "art": "NOT-ALKIS-Gebäude" }, "geometry": { "type": "Polygon", "coordinates": [ [ [ 13.474929561643684, 52.410399434107475 ], [ 13.474958953908981, 52.410399813302142 ], [ 13.474959263943031, 52.410390826159997 ], [ 13.474973960072939, 52.410391015754527 ], [ 13.47497551022596, 52.410346080043198 ], [ 13.474964081057177, 52.410345932595924 ], [ 13.474914780094553, 52.410401720465003 ], [ 13.474914555468114, 52.410408231649356 ], [ 13.474929251603648, 52.410408421249485 ], [ 13.474929561643684, 52.410399434107475 ] ] ] } },
{ "type": "Feature", "properties": { "id": 21902, "art": "NOT-ALKIS-Gebäude" }, "geometry": { "type": "Polygon", "coordinates": [ [ [ 13.487845065734392, 52.410637283855777 ], [ 13.487859762033917, 52.410637471849327 ], [ 13.48786037686299, 52.410619497458327 ], [ 13.487845680569434, 52.410619309464906 ], [ 13.487845987986713, 52.410610322269441 ], [ 13.487831291696303, 52.410610134274265 ], [ 13.487831599116403, 52.410601147078843 ], [ 13.487802206542042, 52.410600771083111 ], [ 13.487801899115972, 52.410609758278412 ], [ 13.487787202826048, 52.410609570277749 ], [ 13.487786587967454, 52.410627544668174 ], [ 13.487801284263345, 52.410627732668956 ], [ 13.487800976836787, 52.4106367198642 ], [ 13.487815673135829, 52.410636907863228 ], [ 13.48781460271643, 52.410668200378453 ], [ 13.487819748808223, 52.410672924511609 ], [ 13.487843836062364, 52.410673232637372 ], [ 13.487845065734392, 52.410637283855777 ] ] ] } },
{ "type": "Feature", "properties": { "id": 21915, "art": "NOT-ALKIS-Gebäude" }, "geometry": { "type": "Polygon", "coordinates": [ [ [ 13.508653368351343, 52.410955576863657 ], [ 13.508682761442248, 52.410955947677785 ], [ 13.508683064628039, 52.410946960397069 ], [ 13.508697761170746, 52.410947145801337 ], [ 13.508698064353391, 52.410938158520544 ], [ 13.508683367813669, 52.41093797311634 ], [ 13.508683670999138, 52.410928985835596 ], [ 13.508654277926144, 52.410928615021831 ], [ 13.508653974734704, 52.410937602302461 ], [ 13.508639278195462, 52.410937416892779 ], [ 13.508638975000876, 52.410946404173316 ], [ 13.508624278458807, 52.410946218761744 ], [ 13.508623975261077, 52.410955206042232 ], [ 13.508609278716184, 52.410955020628776 ], [ 13.508608672314274, 52.41097299518956 ], [ 13.508652761967342, 52.41097355142481 ], [ 13.508653368351343, 52.410955576863657 ] ] ] } },
{ "type": "Feature", "properties": { "id": 21934, "art": "NOT-ALKIS-Gebäude" }, "geometry": { "type": "Polygon", "coordinates": [ [ [ 13.511630327503644, 52.412494610049308 ], [ 13.511645024580451, 52.412494795091121 ], [ 13.51164562978126, 52.412476820510108 ], [ 13.51166032685226, 52.412477005549881 ], [ 13.511660932046455, 52.412459030968783 ], [ 13.511675629111645, 52.412459216006617 ], [ 13.511675931705518, 52.412450228715983 ], [ 13.51169062876788, 52.412450413751941 ], [ 13.511691233949177, 52.412432439170509 ], [ 13.511676536892786, 52.412432254134679 ], [ 13.511676839486181, 52.412423266843994 ], [ 13.511662142432934, 52.412423081806388 ], [ 13.511662445029152, 52.412414094515832 ], [ 13.511647747979053, 52.412413909476385 ], [ 13.511648050578099, 52.412404922185793 ], [ 13.511633353531142, 52.412404737144655 ], [ 13.51163305092911, 52.41241372443519 ], [ 13.511618353879326, 52.412413539392169 ], [ 13.51161805127415, 52.412422526682619 ], [ 13.511603354221538, 52.4124223416378 ], [ 13.51160305161322, 52.412431328928101 ], [ 13.511588354557786, 52.412431143881307 ], [ 13.511587749334693, 52.412449118461907 ], [ 13.511573052273446, 52.412448933413167 ], [ 13.511572447043745, 52.41246690799359 ], [ 13.511557749976687, 52.412466722942909 ], [ 13.511557447358612, 52.412475710233039 ], [ 13.511542750288729, 52.412475525180461 ], [ 13.511542447667509, 52.41248451247052 ], [ 13.511557144740378, 52.412484697523148 ], [ 13.511556842121978, 52.412493684813334 ], [ 13.511586236274164, 52.412494054913239 ], [ 13.511585933661584, 52.412503042203355 ], [ 13.511630024900017, 52.412503597339679 ], [ 13.511630327503644, 52.412494610049308 ] ] ] } },
{ "type": "Feature", "properties": { "id": 21935, "art": "NOT-ALKIS-Gebäude" }, "geometry": { "type": "Polygon", "coordinates": [ [ [ 13.492450472315669, 52.412260561457174 ], [ 13.492465169185905, 52.412260748882339 ], [ 13.492465782178746, 52.412242774458178 ], [ 13.492480479043175, 52.41224296188139 ], [ 13.492481398522266, 52.412216000244861 ], [ 13.492466701666791, 52.412215812821835 ], [ 13.492467008162484, 52.412206825609694 ], [ 13.492408220754143, 52.412206075899569 ], [ 13.49240791424651, 52.412215063111468 ], [ 13.492393217391845, 52.412214875679311 ], [ 13.492392604370123, 52.412232850102946 ], [ 13.492377907509647, 52.412232662668856 ], [ 13.49237729448131, 52.412250637092299 ], [ 13.492391991347755, 52.412250824526531 ], [ 13.492391684836328, 52.412259811738302 ], [ 13.492406381705923, 52.412259999170765 ], [ 13.492406075197318, 52.412268986382578 ], [ 13.49245016581602, 52.41226954866918 ], [ 13.492450472315669, 52.412260561457174 ] ] ] } },
{ "type": "Feature", "properties": { "id": 21937, "art": "NOT-ALKIS-Gebäude" }, "geometry": { "type": "Polygon", "coordinates": [ [ [ 13.475960376242002, 52.412058107013074 ], [ 13.475975072932915, 52.412058296487366 ], [ 13.475976622161536, 52.412013360767865 ], [ 13.475991318837687, 52.412013550240033 ], [ 13.475991628679935, 52.412004563096019 ], [ 13.475976932006771, 52.412004373623923 ], [ 13.475977241851844, 52.411995386479958 ], [ 13.475962545181828, 52.411995197006092 ], [ 13.475962855029721, 52.411986209862171 ], [ 13.475948158362854, 52.411986020386543 ], [ 13.475948778064119, 52.411968046098785 ], [ 13.475934081403386, 52.411967856621452 ], [ 13.475933771549849, 52.411976843765274 ], [ 13.475919074886294, 52.41197665428605 ], [ 13.475918765029608, 52.411985641429794 ], [ 13.475904068363231, 52.411985451948674 ], [ 13.4759034486434, 52.412003426236005 ], [ 13.475918145315749, 52.412003615717239 ], [ 13.475917835458572, 52.412012602860941 ], [ 13.475932532134069, 52.412012792340413 ], [ 13.475932222279717, 52.412021779484149 ], [ 13.47594691895836, 52.412021968961859 ], [ 13.475946609106829, 52.412030956105653 ], [ 13.475931912425199, 52.412030766627893 ], [ 13.475930982860669, 52.412057728058997 ], [ 13.475945679551254, 52.412057917536956 ], [ 13.475945369699069, 52.412066904680685 ], [ 13.475960066392801, 52.412067094156868 ], [ 13.475960376242002, 52.412058107013074 ] ] ] } },
{ "type": "Feature", "properties": { "id": 21939, "art": "NOT-ALKIS-Gebäude" }, "geometry": { "type": "Polygon", "coordinates": [ [ [ 13.521888324801113, 52.412641299571831 ], [ 13.521903021994886, 52.412641483338788 ], [ 13.521903623028644, 52.41262350867499 ], [ 13.521888925840848, 52.412623324908068 ], [ 13.521889526879946, 52.412605350244235 ], [ 13.52187482969828, 52.412605166475615 ], [ 13.521875130220579, 52.412596179143648 ], [ 13.521860433042056, 52.412595995373252 ], [ 13.521860132516771, 52.412604982705162 ], [ 13.521845435335418, 52.412604798932875 ], [ 13.521844233220763, 52.412640748259676 ], [ 13.521858930414057, 52.41264093203219 ], [ 13.521858629887978, 52.412649919364021 ], [ 13.52188802428101, 52.412650286903691 ], [ 13.521888324801113, 52.412641299571831 ] ] ] } },
{ "type": "Feature", "properties": { "id": 21940, "art": "NOT-ALKIS-Gebäude" }, "geometry": { "type": "Polygon", "coordinates": [ [ [ 13.489745329796644, 52.412253005747708 ], [ 13.489760026646076, 52.412253193509088 ], [ 13.489760640738456, 52.412235219107281 ], [ 13.489775337582081, 52.412235406866706 ], [ 13.489775644625043, 52.412226419665721 ], [ 13.489790341465843, 52.41222660742325 ], [ 13.489790955545311, 52.412208633021123 ], [ 13.489776258710481, 52.412208445263708 ], [ 13.489776565752958, 52.41219945806268 ], [ 13.489747172089755, 52.412199082542486 ], [ 13.489747479138039, 52.41219009534155 ], [ 13.489688691825517, 52.41218934427949 ], [ 13.489687463583641, 52.412225293082116 ], [ 13.489672766743974, 52.412225105311805 ], [ 13.489672152616093, 52.412243079712908 ], [ 13.489686849461732, 52.412243267483355 ], [ 13.489686542400534, 52.412252254683935 ], [ 13.489701239249319, 52.412252442452619 ], [ 13.489700932190944, 52.412261429653256 ], [ 13.489745022747226, 52.412261992948523 ], [ 13.489745329796644, 52.412253005747708 ] ] ] } },
{ "type": "Feature", "properties": { "id": 21941, "art": "NOT-ALKIS-Gebäude" }, "geometry": { "type": "Polygon", "coordinates": [ [ [ 13.513422163093196, 52.412553120850774 ], [ 13.513436860201404, 52.412553305669924 ], [ 13.513437464675043, 52.412535331074565 ], [ 13.513452161777439, 52.412535515891776 ], [ 13.51345276624447, 52.412517541296232 ], [ 13.513408674955675, 52.412516986839492 ], [ 13.513407768228021, 52.412543948732242 ], [ 13.513393071123119, 52.412543763909497 ], [ 13.513392768877262, 52.412552751206995 ], [ 13.513407465985148, 52.412552936029797 ], [ 13.513407163742119, 52.412561923327338 ], [ 13.513421860853152, 52.412562108148379 ], [ 13.513422163093196, 52.412553120850774 ] ] ] } },
{ "type": "Feature", "properties": { "id": 21945, "art": "NOT-ALKIS-Gebäude" }, "geometry": { "type": "Polygon", "coordinates": [ [ [ 13.499723917699725, 52.41239804982397 ], [ 13.499738614664693, 52.41239823634541 ], [ 13.499739224703708, 52.412380261861699 ], [ 13.499724527744711, 52.412380075340387 ], [ 13.499724832766962, 52.412371088098588 ], [ 13.49971013581111, 52.412370901575514 ], [ 13.499710440836186, 52.412361914333744 ], [ 13.49969574388348, 52.412361727808907 ], [ 13.499696048911382, 52.412352740567179 ], [ 13.499651958063186, 52.41235218098187 ], [ 13.499651653026332, 52.412361168223413 ], [ 13.499636956074269, 52.412360981691272 ], [ 13.499635735913294, 52.412396930657039 ], [ 13.499679826805787, 52.412397490248715 ], [ 13.499679521774096, 52.4124064774903 ], [ 13.499723612676991, 52.412407037065734 ], [ 13.499723917699725, 52.41239804982397 ] ] ] } },
{ "type": "Feature", "properties": { "id": 21946, "art": "NOT-ALKIS-Gebäude" }, "geometry": { "type": "Polygon", "coordinates": [ [ [ 13.520476191709621, 52.412659598736845 ], [ 13.520520283281567, 52.412660150559269 ], [ 13.520520584079797, 52.412651163232965 ], [ 13.520564675644216, 52.412651715038706 ], [ 13.520564976433333, 52.412642727712132 ], [ 13.52055027924802, 52.412642543778773 ], [ 13.520551482414831, 52.412606594472962 ], [ 13.520536785241625, 52.412606410537919 ], [ 13.520537687624026, 52.412579448558532 ], [ 13.52050829329599, 52.412579080683514 ], [ 13.520508594095778, 52.412570093357132 ], [ 13.520464502613869, 52.412569541531084 ], [ 13.520464201805126, 52.412578528857274 ], [ 13.520420110315685, 52.412577977014706 ], [ 13.520419809497829, 52.412586964340619 ], [ 13.5204019450928, 52.412586740747699 ], [ 13.520390415166357, 52.412586596436341 ], [ 13.520390062781122, 52.412597124189872 ], [ 13.520389813518221, 52.412604571088067 ], [ 13.520404510689847, 52.412604755041279 ], [ 13.520403608225411, 52.41263171701894 ], [ 13.520418305406153, 52.412631900970439 ], [ 13.520417402949246, 52.412658862948135 ], [ 13.520432100139098, 52.412659046898142 ], [ 13.5204317993228, 52.412668034223977 ], [ 13.520475890902276, 52.412668586062949 ], [ 13.520476191709621, 52.412659598736845 ] ] ] } },
{ "type": "Feature", "properties": { "id": 21950, "art": "NOT-ALKIS-Gebäude" }, "geometry": { "type": "Polygon", "coordinates": [ [ [ 13.474884727636757, 52.412125154710147 ], [ 13.474899424342604, 52.412125344318312 ], [ 13.474899734408043, 52.412116357179038 ], [ 13.474914431111216, 52.41211654678532 ], [ 13.474915361297443, 52.412089585367212 ], [ 13.474930057991825, 52.412089774971484 ], [ 13.474930988167626, 52.412062813553064 ], [ 13.474916291482494, 52.412062623948984 ], [ 13.474916601543654, 52.412053636809553 ], [ 13.474887208179705, 52.412053257596028 ], [ 13.474887518246819, 52.41204427045669 ], [ 13.474843428210855, 52.412043701622899 ], [ 13.474843738286616, 52.412034714483731 ], [ 13.474799648261078, 52.412034145633676 ], [ 13.474799338176217, 52.412043132772666 ], [ 13.474784641498527, 52.412042943152272 ], [ 13.474784021322197, 52.412060917430061 ], [ 13.474769324638553, 52.41206072780772 ], [ 13.474769014547229, 52.412069714946526 ], [ 13.474754317860764, 52.412069525322295 ], [ 13.474754627955072, 52.412060538183539 ], [ 13.474710537905612, 52.412059969300074 ], [ 13.474709917698924, 52.412077943577202 ], [ 13.47472461438803, 52.412078133206968 ], [ 13.474724304287278, 52.412087120345568 ], [ 13.474753697671659, 52.412087499599757 ], [ 13.474753387576861, 52.41209648673847 ], [ 13.474782780968013, 52.412096865985468 ], [ 13.474782470878875, 52.412105853124288 ], [ 13.474826560975565, 52.412106421981278 ], [ 13.474826250895513, 52.412115409120268 ], [ 13.474855644300092, 52.412115788349254 ], [ 13.474855334225554, 52.412124775488344 ], [ 13.474870030931074, 52.412124965100162 ], [ 13.474869720859502, 52.412133952239294 ], [ 13.474884417568319, 52.41213414184935 ], [ 13.474884727636757, 52.412125154710147 ] ] ] } },
{ "type": "Feature", "properties": { "id": 21952, "art": "NOT-ALKIS-Gebäude" }, "geometry": { "type": "Polygon", "coordinates": [ [ [ 13.482952935266891, 52.412237962047421 ], [ 13.482967632065241, 52.412238150653017 ], [ 13.482968248918564, 52.412220176307535 ], [ 13.482982945711106, 52.412220364911185 ], [ 13.482984179403855, 52.412184416219787 ], [ 13.482954785842814, 52.412184039011137 ], [ 13.482955094271567, 52.412175051838368 ], [ 13.482896307163378, 52.412174297399389 ], [ 13.482896615603908, 52.412165310226854 ], [ 13.482881918830252, 52.412165121612603 ], [ 13.482881610386737, 52.412174108785081 ], [ 13.482866913610261, 52.412173920168946 ], [ 13.482866605163599, 52.412182907341347 ], [ 13.482851908384298, 52.412182718723322 ], [ 13.482851599934488, 52.412191705895644 ], [ 13.482836903152364, 52.412191517275737 ], [ 13.482835977793002, 52.41221847879244 ], [ 13.48285067458408, 52.412218667412539 ], [ 13.482850366133619, 52.412227654584797 ], [ 13.482865062927846, 52.412227843203119 ], [ 13.482864754480207, 52.412236830375441 ], [ 13.482908844872817, 52.412237396219645 ], [ 13.482908536433971, 52.412246383392123 ], [ 13.482952626837003, 52.412246949220076 ], [ 13.482952935266891, 52.412237962047421 ] ] ] } },
{ "type": "Feature", "properties": { "id": 21966, "art": "NOT-ALKIS-Gebäude" }, "geometry": { "type": "Polygon", "coordinates": [ [ [ 13.47666436960151, 52.418082249339115 ], [ 13.476679068299958, 52.418082438741045 ], [ 13.476679378070187, 52.418073451603433 ], [ 13.476694076765812, 52.418073641003474 ], [ 13.476694696299806, 52.418055666728115 ], [ 13.476635901542174, 52.418054909117487 ], [ 13.476635591763314, 52.418063896254928 ], [ 13.476620893071328, 52.418063706847654 ], [ 13.476619963724811, 52.418090668259715 ], [ 13.476664059828133, 52.418091236476634 ], [ 13.47666436960151, 52.418082249339115 ] ] ] } },
{ "type": "Feature", "properties": { "id": 21967, "art": "NOT-ALKIS-Gebäude" }, "geometry": { "type": "Polygon", "coordinates": [ [ [ 13.431230843036605, 52.417506053134517 ], [ 13.431274937613086, 52.417506638272933 ], [ 13.431275256607437, 52.417497651326933 ], [ 13.43128995479695, 52.417497846369287 ], [ 13.431290273788152, 52.417488859423123 ], [ 13.431304971974843, 52.417489054463694 ], [ 13.431305290962891, 52.417480067517445 ], [ 13.431290592779185, 52.417479872476946 ], [ 13.43129091177005, 52.417470885530761 ], [ 13.431276213589497, 52.417470690488493 ], [ 13.431276532583176, 52.417461703542443 ], [ 13.431291230760745, 52.417461898584548 ], [ 13.43129186874163, 52.417443924692179 ], [ 13.43127717057004, 52.417443729650003 ], [ 13.431278127549067, 52.417416768811385 ], [ 13.431263429386597, 52.417416573767667 ], [ 13.431263748382257, 52.417407586821497 ], [ 13.431278446541739, 52.417407781865144 ], [ 13.431279084526581, 52.417389807972626 ], [ 13.431264386373069, 52.417389612929107 ], [ 13.431264705368225, 52.417380625982886 ], [ 13.431250007217868, 52.417380430937598 ], [ 13.431249688219728, 52.417389417883761 ], [ 13.431205593760703, 52.41738883273684 ], [ 13.431204955746004, 52.417406806628719 ], [ 13.431219653904817, 52.417407001679592 ], [ 13.431219334900197, 52.417415988625663 ], [ 13.431204636738405, 52.417415793574563 ], [ 13.431204317730634, 52.41742478052047 ], [ 13.43118961956602, 52.417424585467565 ], [ 13.431189300555092, 52.417433572413479 ], [ 13.431159904220403, 52.417433182301963 ], [ 13.431159585203337, 52.417442169247657 ], [ 13.431130188863344, 52.417441779128808 ], [ 13.431128274721596, 52.417495700801879 ], [ 13.43114297290942, 52.417495895862686 ], [ 13.4311423348668, 52.417513869753613 ], [ 13.431230524033127, 52.417515040080303 ], [ 13.431230843036605, 52.417506053134517 ] ] ] } },
{ "type": "Feature", "properties": { "id": 21995, "art": "NOT-ALKIS-Gebäude" }, "geometry": { "type": "Polygon", "coordinates": [ [ [ 13.482956533304984, 52.419844500297231 ], [ 13.482971232632307, 52.419844688921408 ], [ 13.482971849653351, 52.419826714599154 ], [ 13.482957150332002, 52.419826525975076 ], [ 13.482957458845267, 52.41981753881398 ], [ 13.482913360891153, 52.419816972931024 ], [ 13.482913052368929, 52.419825960091934 ], [ 13.482898353048229, 52.419825771460566 ], [ 13.482897735997319, 52.41984374578221 ], [ 13.482912435323991, 52.419843934413699 ], [ 13.482912126801278, 52.419852921574574 ], [ 13.482956224791231, 52.419853487458276 ], [ 13.482956533304984, 52.419844500297231 ] ] ] } },
{ "type": "Feature", "properties": { "id": 21997, "art": "NOT-ALKIS-Gebäude" }, "geometry": { "type": "Polygon", "coordinates": [ [ [ 13.491412083073859, 52.424160539731837 ], [ 13.491426783893989, 52.424160727315659 ], [ 13.49142801124975, 52.424124778557221 ], [ 13.491413310441569, 52.424124590973626 ], [ 13.491413617283092, 52.424115603784053 ], [ 13.491354814063934, 52.424114853431696 ], [ 13.491354507210463, 52.424123840621036 ], [ 13.49133980640309, 52.424123653028325 ], [ 13.491338578975633, 52.424159601785313 ], [ 13.491353279794954, 52.424159789378272 ], [ 13.491352972940673, 52.424168776567527 ], [ 13.491411776231526, 52.424169526921339 ], [ 13.491412083073859, 52.424160539731837 ] ] ] } },
{ "type": "Feature", "properties": { "id": 21998, "art": "NOT-ALKIS-Gebäude" }, "geometry": { "type": "Polygon", "coordinates": [ [ [ 13.510537986333583, 52.42440304119954 ], [ 13.510567388392404, 52.424403411611301 ], [ 13.510567994291396, 52.424385437075486 ], [ 13.510582695315072, 52.424385622278464 ], [ 13.510582998261336, 52.42437663501061 ], [ 13.510597699282185, 52.424376820211705 ], [ 13.510598002225308, 52.424367832943595 ], [ 13.510627404261506, 52.424368203340265 ], [ 13.510627707198493, 52.424359216072041 ], [ 13.51065710922936, 52.4243595864612 ], [ 13.510657412160212, 52.424350599192906 ], [ 13.510672113172895, 52.424350784384764 ], [ 13.510672719028141, 52.424332809847954 ], [ 13.510658018021431, 52.424332624656287 ], [ 13.510658623882009, 52.42431465011969 ], [ 13.510643922881432, 52.424314464926326 ], [ 13.510644225814474, 52.424305477657946 ], [ 13.510585421825718, 52.424304736866432 ], [ 13.51058511888073, 52.424313724134507 ], [ 13.510570417880954, 52.424313538931997 ], [ 13.510570114932817, 52.424322526199994 ], [ 13.510540712927767, 52.424322155789383 ], [ 13.510540409973498, 52.424331143057238 ], [ 13.510511007963112, 52.424330772639202 ], [ 13.510510705002705, 52.424339759906928 ], [ 13.510481302986982, 52.424339389481553 ], [ 13.510481000020446, 52.424348376749037 ], [ 13.510451597999388, 52.424348006316158 ], [ 13.510451295026714, 52.424356993583601 ], [ 13.510436594013436, 52.424356808364365 ], [ 13.51043568508549, 52.424383770166529 ], [ 13.510450386107728, 52.424383955385956 ], [ 13.510449780160942, 52.424401929920727 ], [ 13.510479182217852, 52.424402300354245 ], [ 13.510478879250195, 52.42441128762173 ], [ 13.510537683377875, 52.424412028467252 ], [ 13.510537986333583, 52.42440304119954 ] ] ] } },
{ "type": "Feature", "properties": { "id": 22003, "art": "NOT-ALKIS-Gebäude" }, "geometry": { "type": "Polygon", "coordinates": [ [ [ 13.502731153281108, 52.42432241280995 ], [ 13.502745854231351, 52.42432259898704 ], [ 13.502746463309633, 52.424304624515081 ], [ 13.502731762365364, 52.424304438338119 ], [ 13.502732066907249, 52.424295451102196 ], [ 13.502717365966129, 52.424295264923465 ], [ 13.502717670510844, 52.424286277687557 ], [ 13.502702969572871, 52.424286091507078 ], [ 13.502703274120408, 52.424277104271319 ], [ 13.502673872250924, 52.424276731904889 ], [ 13.502673567697407, 52.424285719140606 ], [ 13.502658866759916, 52.424285532954642 ], [ 13.502658257646427, 52.424303507425932 ], [ 13.502672958589894, 52.424303693612018 ], [ 13.502672654035898, 52.424312680847684 ], [ 13.502687354982511, 52.424312867032022 ], [ 13.502687050431341, 52.424321854267745 ], [ 13.502701751381103, 52.424322040450313 ], [ 13.502701446832758, 52.42433102768608 ], [ 13.502730848738739, 52.424331400045844 ], [ 13.502731153281108, 52.42432241280995 ] ] ] } },
{ "type": "Feature", "properties": { "id": 22006, "art": "NOT-ALKIS-Gebäude" }, "geometry": { "type": "Polygon", "coordinates": [ [ [ 13.500614218123609, 52.424295584235558 ], [ 13.500628919050705, 52.424295770675812 ], [ 13.500629833958453, 52.424268808993745 ], [ 13.500644534876752, 52.424268995431923 ], [ 13.500645144808468, 52.424251020977074 ], [ 13.500630443896146, 52.424250834539023 ], [ 13.500630748864751, 52.424241847311627 ], [ 13.500586646137709, 52.424241287986682 ], [ 13.500586341160142, 52.424250275213893 ], [ 13.500571640248461, 52.424250088768531 ], [ 13.500571335267747, 52.424259075995657 ], [ 13.500556634353241, 52.424258889548398 ], [ 13.500555109432314, 52.424303825683538 ], [ 13.500569810361757, 52.424304012131088 ], [ 13.500569505380076, 52.424312999358136 ], [ 13.500613608178334, 52.424313558690002 ], [ 13.500614218123609, 52.424295584235558 ] ] ] } },
{ "type": "Feature", "properties": { "id": 22022, "art": "NOT-ALKIS-Gebäude" }, "geometry": { "type": "Polygon", "coordinates": [ [ [ 13.449077418559705, 52.424332050265122 ], [ 13.449034461975872, 52.424331486736193 ], [ 13.449034146514181, 52.424340473747762 ], [ 13.449004745336012, 52.424340088037312 ], [ 13.449004429868182, 52.424349075048738 ], [ 13.448975028684702, 52.424348689330856 ], [ 13.448974713210731, 52.42435767634214 ], [ 13.448960012616254, 52.424357483480399 ], [ 13.448959697139131, 52.424366470491606 ], [ 13.448930295944699, 52.424366084762511 ], [ 13.448929980461434, 52.424375071773582 ], [ 13.448900579261696, 52.424374686037062 ], [ 13.448900263772293, 52.424383673047977 ], [ 13.448885563169686, 52.424383480176914 ], [ 13.448885247677127, 52.424392467187772 ], [ 13.448870547071699, 52.424392274314819 ], [ 13.448870375063457, 52.424397174033089 ], [ 13.449077418559705, 52.424332050265122 ] ] ] } },
{ "type": "Feature", "properties": { "id": 22028, "art": "NOT-ALKIS-Gebäude" }, "geometry": { "type": "Polygon", "coordinates": [ [ [ 13.50714443025454, 52.425160446284835 ], [ 13.507159131513133, 52.425160631915325 ], [ 13.507159435164075, 52.425151644662648 ], [ 13.507144733908472, 52.425151459032115 ], [ 13.507145037562241, 52.425142471779488 ], [ 13.507130336309784, 52.425142286147278 ], [ 13.507130639966388, 52.425133298894522 ], [ 13.507086536218941, 52.42513274198712 ], [ 13.507086839884343, 52.425123754734607 ], [ 13.507028034901937, 52.425123012166083 ], [ 13.507027731224587, 52.425131999418355 ], [ 13.507042432472934, 52.425132185063283 ], [ 13.50704212879841, 52.425141172315605 ], [ 13.507056830049907, 52.425141357958779 ], [ 13.507056526378209, 52.425150345211136 ], [ 13.507071227632853, 52.42515053085252 ], [ 13.50707092396398, 52.425159518105033 ], [ 13.507115027737836, 52.425160075018361 ], [ 13.50711472407777, 52.425169062270918 ], [ 13.507144126600448, 52.425169433537519 ], [ 13.50714443025454, 52.425160446284835 ] ] ] } },
{ "type": "Feature", "properties": { "id": 22033, "art": "NOT-ALKIS-Gebäude" }, "geometry": { "type": "Polygon", "coordinates": [ [ [ 13.495015334391947, 52.425024652969768 ], [ 13.495030035523857, 52.425024840107795 ], [ 13.495030341639856, 52.42501585290465 ], [ 13.49504504276894, 52.425016040040788 ], [ 13.495045961107003, 52.424989078431082 ], [ 13.494987156627486, 52.424988329876285 ], [ 13.494986850503009, 52.424997317079303 ], [ 13.494972149380546, 52.424997129935967 ], [ 13.494971230997185, 52.425024091544735 ], [ 13.494985932128612, 52.425024278688234 ], [ 13.494985626003491, 52.42503326589118 ], [ 13.4950150282728, 52.425033640172835 ], [ 13.495015334391947, 52.425024652969768 ] ] ] } },
{ "type": "Feature", "properties": { "id": 22034, "art": "NOT-ALKIS-Gebäude" }, "geometry": { "type": "Polygon", "coordinates": [ [ [ 13.502777554463583, 52.425123207639217 ], [ 13.502792255680518, 52.425123393812498 ], [ 13.502792560219095, 52.425114406577563 ], [ 13.502807261433203, 52.425114592748969 ], [ 13.502807870503903, 52.42509661827895 ], [ 13.502793169295767, 52.425096432107743 ], [ 13.502793473833865, 52.425087444872688 ], [ 13.502764071424059, 52.425087072524775 ], [ 13.502763766879987, 52.425096059759618 ], [ 13.502749065672337, 52.425095873582862 ], [ 13.502747847482492, 52.425131822521969 ], [ 13.502777249921857, 52.425132194874067 ], [ 13.502777554463583, 52.425123207639217 ] ] ] } },
{ "type": "Feature", "properties": { "id": 22036, "art": "NOT-ALKIS-Gebäude" }, "geometry": { "type": "Polygon", "coordinates": [ [ [ 13.436686305817172, 52.424124423704654 ], [ 13.436615007468589, 52.424097745477056 ], [ 13.436614752031682, 52.424104964701158 ], [ 13.436629452455978, 52.424105159096925 ], [ 13.436629134474366, 52.424114146055906 ], [ 13.436643834901817, 52.424114340449911 ], [ 13.436643516923022, 52.424123327408928 ], [ 13.436658217353628, 52.424123521801171 ], [ 13.436657581401512, 52.424141495719283 ], [ 13.436642880964932, 52.424141301326912 ], [ 13.436642245006169, 52.42415927524484 ], [ 13.436627544563784, 52.424159080850515 ], [ 13.436626908598377, 52.424177054768251 ], [ 13.436612208150184, 52.424176860371979 ], [ 13.436611890164242, 52.424185847330754 ], [ 13.436597189713229, 52.424185652932593 ], [ 13.436596553734871, 52.424203626849987 ], [ 13.436581853278051, 52.424203432449872 ], [ 13.436581217293046, 52.424221406367081 ], [ 13.436566516830421, 52.424221211965012 ], [ 13.436565880838769, 52.424239185882037 ], [ 13.436551180370341, 52.424238991478013 ], [ 13.436550862371275, 52.424247978436448 ], [ 13.436536161900026, 52.424247784030527 ], [ 13.43653584389781, 52.424256770988798 ], [ 13.436521143423736, 52.424256576581072 ], [ 13.436520507412823, 52.424274550497607 ], [ 13.436463619496729, 52.424273798160591 ], [ 13.436516234483443, 52.424293474336181 ], [ 13.436686305817172, 52.424124423704654 ] ] ] } },
{ "type": "Feature", "properties": { "id": 22038, "art": "NOT-ALKIS-Gebäude" }, "geometry": { "type": "Polygon", "coordinates": [ [ [ 13.486426361350379, 52.425877055533945 ], [ 13.486441062707726, 52.425877243741859 ], [ 13.486441986323486, 52.42585028224287 ], [ 13.486427284975102, 52.425850094035148 ], [ 13.486427592849685, 52.425841106868859 ], [ 13.48641289150445, 52.425840918659354 ], [ 13.486413199381857, 52.4258319314931 ], [ 13.486398498039774, 52.42583174328184 ], [ 13.486398805920008, 52.425822756115629 ], [ 13.486384104581072, 52.425822567902607 ], [ 13.486384412464131, 52.425813580736445 ], [ 13.486355009792725, 52.42581320430503 ], [ 13.486354701903691, 52.42582219147107 ], [ 13.486340000565244, 52.425822003252549 ], [ 13.486339692673059, 52.425830990418525 ], [ 13.486324991331788, 52.425830802198121 ], [ 13.486324683436456, 52.425839789364012 ], [ 13.486339384780715, 52.425839977584474 ], [ 13.486339076888205, 52.425848964750401 ], [ 13.486353778235616, 52.425849152969093 ], [ 13.486353470345932, 52.425858140135077 ], [ 13.486368171696492, 52.425858328352 ], [ 13.486367863809635, 52.425867315518033 ], [ 13.486382565163344, 52.425867503733187 ], [ 13.486382257279312, 52.425876490899249 ], [ 13.486396958636172, 52.42587667911264 ], [ 13.486396650754966, 52.425885666278759 ], [ 13.486426053475146, 52.425886042700178 ], [ 13.486426361350379, 52.425877055533945 ] ] ] } },
{ "type": "Feature", "properties": { "id": 22039, "art": "NOT-ALKIS-Gebäude" }, "geometry": { "type": "Polygon", "coordinates": [ [ [ 13.490513344939169, 52.425929306981011 ], [ 13.490528046341595, 52.425929494680972 ], [ 13.490528660424477, 52.425911520314614 ], [ 13.490513959028025, 52.425911332614795 ], [ 13.490514266072212, 52.425902345431659 ], [ 13.49048486328577, 52.425901970026629 ], [ 13.490484556235609, 52.425910957209645 ], [ 13.49045515344384, 52.425910581797197 ], [ 13.490454539331083, 52.425928556162923 ], [ 13.49046924073286, 52.425928743870195 ], [ 13.490468933679228, 52.425937731053097 ], [ 13.490513037894496, 52.425938294164105 ], [ 13.490513344939169, 52.425929306981011 ] ] ] } },
{ "type": "Feature", "properties": { "id": 22072, "art": "NOT-ALKIS-Gebäude" }, "geometry": { "type": "Polygon", "coordinates": [ [ [ 13.439382639400369, 52.425688013969143 ], [ 13.439397340370627, 52.425688208024908 ], [ 13.439398610116539, 52.425652260151175 ], [ 13.439369208200086, 52.425651872038316 ], [ 13.439369525642119, 52.425642885069962 ], [ 13.439325422777655, 52.425642302887162 ], [ 13.43932510532666, 52.425651289855331 ], [ 13.439310404369186, 52.425651095790677 ], [ 13.439309452006231, 52.425678056694878 ], [ 13.439324152972668, 52.425678250759717 ], [ 13.439323835521003, 52.425687237727821 ], [ 13.439338536490592, 52.425687431790891 ], [ 13.439338219041748, 52.425696418759031 ], [ 13.439382321960485, 52.425697000937475 ], [ 13.439382639400369, 52.425688013969143 ] ] ] } },
{ "type": "Feature", "properties": { "id": 22115, "art": "NOT-ALKIS-Gebäude" }, "geometry": { "type": "Polygon", "coordinates": [ [ [ 13.480205349384601, 52.41089895532695 ], [ 13.480220045719189, 52.410899144270722 ], [ 13.480220354689497, 52.410890157107367 ], [ 13.480235051021262, 52.410890346049243 ], [ 13.480236286888916, 52.410854397395447 ], [ 13.480206894249426, 52.410854019510367 ], [ 13.480206585276786, 52.410863006673715 ], [ 13.4801918889543, 52.410862817728365 ], [ 13.480191579978515, 52.410871804891627 ], [ 13.480176883653206, 52.410871615944401 ], [ 13.480175338756903, 52.410916551760238 ], [ 13.48020473143753, 52.410916929653489 ], [ 13.480205349384601, 52.41089895532695 ] ] ] } },
{ "type": "Feature", "properties": { "id": 22117, "art": "NOT-ALKIS-Gebäude" }, "geometry": { "type": "Polygon", "coordinates": [ [ [ 13.495474316829705, 52.411112257585962 ], [ 13.495489013338673, 52.411112444632423 ], [ 13.495489625076916, 52.411094470179791 ], [ 13.495504321580077, 52.41109465722429 ], [ 13.495505239177275, 52.411067695545057 ], [ 13.495461149695142, 52.411067134406608 ], [ 13.495460843820615, 52.41107612163286 ], [ 13.495446147323911, 52.411075934582989 ], [ 13.495445841446237, 52.41108492180917 ], [ 13.49541644844734, 52.41108454770383 ], [ 13.495415530795443, 52.411111509381897 ], [ 13.495430227303766, 52.411111696435654 ], [ 13.495429921422463, 52.411120683661693 ], [ 13.495474010957357, 52.4111212448122 ], [ 13.495474316829705, 52.411112257585962 ] ] ] } },
{ "type": "Feature", "properties": { "id": 22166, "art": "NOT-ALKIS-Gebäude" }, "geometry": { "type": "Polygon", "coordinates": [ [ [ 13.499039775427352, 52.411328413750979 ], [ 13.499037944524771, 52.411382337194262 ], [ 13.499067337770411, 52.411382710400794 ], [ 13.49906916863717, 52.411328786956787 ], [ 13.499039775427352, 52.411328413750979 ] ] ] } },
{ "type": "Feature", "properties": { "id": 22171, "art": "NOT-ALKIS-Gebäude" }, "geometry": { "type": "Polygon", "coordinates": [ [ [ 13.478051641589987, 52.411105015949744 ], [ 13.478022248813684, 52.411104637520324 ], [ 13.478021939394218, 52.411113624674179 ], [ 13.478007243003326, 52.411113435456684 ], [ 13.478006624157929, 52.411131409764231 ], [ 13.478021320554793, 52.411131598981861 ], [ 13.478021011134835, 52.41114058613568 ], [ 13.478065100335355, 52.411141153777798 ], [ 13.478066028567872, 52.411114192315765 ], [ 13.47805133217649, 52.411114003103727 ], [ 13.478051641589987, 52.411105015949744 ] ] ] } },
{ "type": "Feature", "properties": { "id": 22186, "art": "NOT-ALKIS-Gebäude" }, "geometry": { "type": "Polygon", "coordinates": [ [ [ 13.506972019401518, 52.411545748585027 ], [ 13.506986716131808, 52.411545934203446 ], [ 13.5069873232056, 52.411527959657676 ], [ 13.50697262648128, 52.411527774039378 ], [ 13.50697293002092, 52.411518786766543 ], [ 13.506943536578735, 52.41151841552459 ], [ 13.506943840124185, 52.411509428251847 ], [ 13.506929143406316, 52.411509242628199 ], [ 13.50692883985788, 52.411518229900871 ], [ 13.506914143137186, 52.41151804427534 ], [ 13.506913536033863, 52.411536018820534 ], [ 13.506928232760528, 52.411536204446193 ], [ 13.50692792921161, 52.411545191718822 ], [ 13.506942625941418, 52.411545377342726 ], [ 13.506942322395329, 52.411554364615398 ], [ 13.506971715861397, 52.41155473585782 ], [ 13.506972019401518, 52.411545748585027 ] ] ] } },
{ "type": "Feature", "properties": { "id": 22283, "art": "NOT-ALKIS-Gebäude" }, "geometry": { "type": "Polygon", "coordinates": [ [ [ 13.501964785428259, 52.411788099028747 ], [ 13.50197948220554, 52.411788285270134 ], [ 13.501979786762941, 52.411779298018153 ], [ 13.501994483537397, 52.41177948425765 ], [ 13.501994788091652, 52.411770497005605 ], [ 13.501980091320181, 52.411770310766158 ], [ 13.501980395877261, 52.411761323514149 ], [ 13.501951002340773, 52.411760951029898 ], [ 13.501950697777723, 52.411769938281793 ], [ 13.501936001006733, 52.411769752036868 ], [ 13.501935696440539, 52.411778739288685 ], [ 13.501920999666726, 52.411778553041877 ], [ 13.501920695097384, 52.411787540293616 ], [ 13.501905998320744, 52.411787354044925 ], [ 13.501905693748258, 52.411796341296572 ], [ 13.50192039052788, 52.411796527545334 ], [ 13.501920085958217, 52.411805514797052 ], [ 13.501964176307006, 52.411806073532539 ], [ 13.501964785428259, 52.411788099028747 ] ] ] } },
{ "type": "Feature", "properties": { "id": 22292, "art": "NOT-ALKIS-Gebäude" }, "geometry": { "type": "Polygon", "coordinates": [ [ [ 13.519423465564818, 52.41204401540012 ], [ 13.519438162543706, 52.412044199472007 ], [ 13.519439065577746, 52.41201723750347 ], [ 13.519409671638046, 52.412016869358077 ], [ 13.519409972655048, 52.412007882035304 ], [ 13.519395275688424, 52.412007697959837 ], [ 13.519395576708249, 52.411998710637192 ], [ 13.519380879744768, 52.411998526560055 ], [ 13.519381180767425, 52.411989539237268 ], [ 13.519351786846904, 52.411989171077707 ], [ 13.519352087875374, 52.411980183755048 ], [ 13.519337390918338, 52.411979999672539 ], [ 13.519337089886887, 52.411988986995077 ], [ 13.519322392927025, 52.411988802910678 ], [ 13.519321489822763, 52.412015764877992 ], [ 13.51933618679158, 52.412015948962562 ], [ 13.519335885759494, 52.412024936285029 ], [ 13.519350582731455, 52.412025120367829 ], [ 13.519350281702195, 52.412034107690339 ], [ 13.519379675652564, 52.41203447585066 ], [ 13.51937937462912, 52.412043463173198 ], [ 13.519394071607527, 52.412043647250634 ], [ 13.519393770586907, 52.412052634573293 ], [ 13.519423164550171, 52.412053002722814 ], [ 13.519423465564818, 52.41204401540012 ] ] ] } },
{ "type": "Feature", "properties": { "id": 22354, "art": "NOT-ALKIS-Gebäude" }, "geometry": { "type": "Polygon", "coordinates": [ [ [ 13.52263309683212, 52.412353903628855 ], [ 13.52264779393529, 52.412354087302617 ], [ 13.522648094297745, 52.412345099967304 ], [ 13.522662791398087, 52.412345283639198 ], [ 13.522663091757407, 52.412336296303636 ], [ 13.522648394660051, 52.41233611263182 ], [ 13.522648695022189, 52.412327125296478 ], [ 13.52258990664629, 52.412326390591183 ], [ 13.522589005523567, 52.41235335259659 ], [ 13.52261839972911, 52.412353719953252 ], [ 13.522618099360523, 52.412362707288523 ], [ 13.522632796466517, 52.412362890964168 ], [ 13.52263309683212, 52.412353903628855 ] ] ] } },
{ "type": "Feature", "properties": { "id": 22376, "art": "NOT-ALKIS-Gebäude" }, "geometry": { "type": "Polygon", "coordinates": [ [ [ 13.488487547440249, 52.412057107521989 ], [ 13.488516940992007, 52.412057483354602 ], [ 13.488517248288783, 52.412048496158555 ], [ 13.488531945061922, 52.412048684072076 ], [ 13.488532252355551, 52.412039696875958 ], [ 13.488546949125865, 52.412039884787582 ], [ 13.488546641835221, 52.412048871983764 ], [ 13.488561338608683, 52.412049059893612 ], [ 13.488561645896342, 52.412040072697373 ], [ 13.488576342666979, 52.412040260605345 ], [ 13.488576649951492, 52.412031273409028 ], [ 13.488561953183838, 52.41203108550112 ], [ 13.488562567758345, 52.412013111108564 ], [ 13.488547870996824, 52.412012923198944 ], [ 13.488548178286818, 52.412003936002705 ], [ 13.488533481528446, 52.41200374809133 ], [ 13.488533788821263, 52.411994760895119 ], [ 13.488519092066037, 52.411994572981975 ], [ 13.488519706657158, 52.411976598589661 ], [ 13.488505009908064, 52.411976410674811 ], [ 13.488505317206368, 52.411967423478693 ], [ 13.48849062046042, 52.411967235562081 ], [ 13.48849123506251, 52.411949261169909 ], [ 13.488461841583042, 52.411948885331434 ], [ 13.488461534276109, 52.411957872527402 ], [ 13.488432140791319, 52.411957496681509 ], [ 13.488431833478252, 52.41196648387735 ], [ 13.488417136733116, 52.411966295951586 ], [ 13.4884168294169, 52.411975283147335 ], [ 13.488387435921142, 52.411974907290251 ], [ 13.488386513953618, 52.412001868877063 ], [ 13.488401210710371, 52.412002056806706 ], [ 13.488400903390524, 52.412011044002334 ], [ 13.488415600150423, 52.412011231930215 ], [ 13.488414985516215, 52.412029206321556 ], [ 13.488429682282247, 52.412029394247732 ], [ 13.488429374967884, 52.412038381443445 ], [ 13.488444071737065, 52.412038569367851 ], [ 13.488443764425526, 52.412047556563607 ], [ 13.488458461197853, 52.412047744486266 ], [ 13.488458153889136, 52.41205673168205 ], [ 13.488472850664611, 52.412056919602939 ], [ 13.488472543358716, 52.41206590679878 ], [ 13.48848724013734, 52.412066094717886 ], [ 13.488487547440249, 52.412057107521989 ] ] ] } },
{ "type": "Feature", "properties": { "id": 22389, "art": "NOT-ALKIS-Gebäude" }, "geometry": { "type": "Polygon", "coordinates": [ [ [ 13.520878128238801, 52.412511779972888 ], [ 13.520892825382822, 52.412511963865185 ], [ 13.520893126103717, 52.412502976537148 ], [ 13.52087842896268, 52.412502792644993 ], [ 13.52087903040997, 52.412484817988997 ], [ 13.520849636140319, 52.412484450199294 ], [ 13.520849335410785, 52.412493437527097 ], [ 13.520834638273215, 52.412493253629442 ], [ 13.520833736074696, 52.412520215612858 ], [ 13.520877827514761, 52.412520767300862 ], [ 13.520878128238801, 52.412511779972888 ] ] ] } },
{ "type": "Feature", "properties": { "id": 22451, "art": "NOT-ALKIS-Gebäude" }, "geometry": { "type": "Polygon", "coordinates": [ [ [ 13.497364767819487, 52.412592863670902 ], [ 13.497379464833337, 52.412593050486059 ], [ 13.497380381336647, 52.412566088790498 ], [ 13.497365684331754, 52.41256590197554 ], [ 13.49736598983552, 52.412556914743725 ], [ 13.49733659583219, 52.41255654110843 ], [ 13.497336290322453, 52.412565528340124 ], [ 13.497321593318045, 52.412565341519681 ], [ 13.497320676778909, 52.412592303214502 ], [ 13.497335373792275, 52.412592490035131 ], [ 13.497335068281892, 52.412601477266769 ], [ 13.497364462315078, 52.412601850902654 ], [ 13.497364767819487, 52.412592863670902 ] ] ] } },
{ "type": "Feature", "properties": { "id": 22465, "art": "NOT-ALKIS-Gebäude" }, "geometry": { "type": "Polygon", "coordinates": [ [ [ 13.477844800436849, 52.412415058721663 ], [ 13.477859497259272, 52.412415247962642 ], [ 13.4778604256598, 52.412388286509007 ], [ 13.477845728846331, 52.412388097268234 ], [ 13.477846038315832, 52.412379110117058 ], [ 13.477816644695352, 52.412378731630135 ], [ 13.477816335219883, 52.41238771878119 ], [ 13.477801638406902, 52.412387529534918 ], [ 13.477800709970552, 52.412414490987814 ], [ 13.477815406792487, 52.412414680234249 ], [ 13.477815097316364, 52.412423667385255 ], [ 13.477844490966694, 52.41242404587279 ], [ 13.477844800436849, 52.412415058721663 ] ] ] } },
{ "type": "Feature", "properties": { "id": 22480, "art": "NOT-ALKIS-Gebäude" }, "geometry": { "type": "Polygon", "coordinates": [ [ [ 13.519582621980422, 52.412999064406307 ], [ 13.519597319277826, 52.412999248460807 ], [ 13.519597620267348, 52.412990261138695 ], [ 13.519612317561929, 52.412990445191326 ], [ 13.519612618548301, 52.412981457869293 ], [ 13.519583223965272, 52.412981089762333 ], [ 13.519583524957461, 52.412972102440243 ], [ 13.519539433093064, 52.412971550266377 ], [ 13.519538229087539, 52.413007499553522 ], [ 13.519567623687529, 52.413007867671787 ], [ 13.519567322691723, 52.413016854993693 ], [ 13.519582019994941, 52.413017039050139 ], [ 13.519582621980422, 52.412999064406307 ] ] ] } },
{ "type": "Feature", "properties": { "id": 22494, "art": "NOT-ALKIS-Gebäude" }, "geometry": { "type": "Polygon", "coordinates": [ [ [ 13.505176611786847, 52.412898698427938 ], [ 13.505191308954835, 52.412898884272863 ], [ 13.505191916788139, 52.412880909745937 ], [ 13.505206613950314, 52.412881095588894 ], [ 13.50520691786374, 52.412872108325352 ], [ 13.505221615023091, 52.412872294166426 ], [ 13.505221918933371, 52.4128633069028 ], [ 13.505207221777006, 52.412863121061783 ], [ 13.505207525690111, 52.412854133798213 ], [ 13.505178131383833, 52.412853762110821 ], [ 13.505177827464756, 52.41286274937427 ], [ 13.505163130308871, 52.412862563527781 ], [ 13.50516282638665, 52.412871550791152 ], [ 13.505148129227939, 52.412871364942774 ], [ 13.50514782530257, 52.412880352206081 ], [ 13.505133128141036, 52.412880166355812 ], [ 13.505132520283849, 52.412898140882263 ], [ 13.505147217451354, 52.412898326732645 ], [ 13.505146913525508, 52.412907313995916 ], [ 13.50517630786697, 52.412907685691337 ], [ 13.505176611786847, 52.412898698427938 ] ] ] } },
{ "type": "Feature", "properties": { "id": 22532, "art": "NOT-ALKIS-Gebäude" }, "geometry": { "type": "Polygon", "coordinates": [ [ [ 13.498718160666002, 52.413005668096204 ], [ 13.498732857826182, 52.413005854744149 ], [ 13.49873316305689, 52.412996867507374 ], [ 13.498747860214245, 52.412997054153436 ], [ 13.498748165441807, 52.412988066916583 ], [ 13.498762862596339, 52.412988253560762 ], [ 13.498763778269103, 52.412961291849946 ], [ 13.498734383978114, 52.412960918560138 ], [ 13.498733773517825, 52.412978893033788 ], [ 13.498719076366601, 52.412978706386021 ], [ 13.498718771133229, 52.412987693622767 ], [ 13.498704073979184, 52.412987506973103 ], [ 13.498702853032142, 52.413023455919692 ], [ 13.498717550198132, 52.413023642569584 ], [ 13.498718160666002, 52.413005668096204 ] ] ] } },
{ "type": "Feature", "properties": { "id": 22555, "art": "NOT-ALKIS-Gebäude" }, "geometry": { "type": "Polygon", "coordinates": [ [ [ 13.495098380584974, 52.413085518319413 ], [ 13.495113077747309, 52.413085705417487 ], [ 13.495113383714688, 52.413076718195754 ], [ 13.495128080874199, 52.413076905291938 ], [ 13.495128692802501, 52.413058930848294 ], [ 13.495143389956203, 52.413059117942531 ], [ 13.495144001877888, 52.413041143498717 ], [ 13.495129304730156, 52.413040956404586 ], [ 13.495129610693741, 52.413031969182718 ], [ 13.495114913549157, 52.413031782086826 ], [ 13.495114607582586, 52.413040769308637 ], [ 13.495099910435178, 52.413040582210868 ], [ 13.495099604465459, 52.413049569432609 ], [ 13.495084907315226, 52.413049382332943 ], [ 13.495083377449291, 52.413094318441111 ], [ 13.49509807461445, 52.413094505541075 ], [ 13.495098380584974, 52.413085518319413 ] ] ] } },
{ "type": "Feature", "properties": { "id": 22603, "art": "NOT-ALKIS-Gebäude" }, "geometry": { "type": "Polygon", "coordinates": [ [ [ 13.471870231469547, 52.412985339041491 ], [ 13.471884928440694, 52.412985529026514 ], [ 13.471885549816127, 52.412967554775804 ], [ 13.471870852850952, 52.412967364790909 ], [ 13.471871474231699, 52.412949390540263 ], [ 13.471856777272658, 52.412949200553662 ], [ 13.471857087965772, 52.412940213428385 ], [ 13.471827694054149, 52.412939833449826 ], [ 13.471827383355066, 52.412948820574996 ], [ 13.471812686396515, 52.41294863058291 ], [ 13.471812064991884, 52.412966604833073 ], [ 13.471826761956406, 52.412966794825266 ], [ 13.47182614055709, 52.412984769075472 ], [ 13.471840837527745, 52.412984959065973 ], [ 13.471840526830826, 52.412993946191129 ], [ 13.471869920778598, 52.412994326166761 ], [ 13.471870231469547, 52.412985339041491 ] ] ] } },
{ "type": "Feature", "properties": { "id": 22635, "art": "NOT-ALKIS-Gebäude" }, "geometry": { "type": "Polygon", "coordinates": [ [ [ 13.479977353198922, 52.415391590190644 ], [ 13.47996265537264, 52.415391401205447 ], [ 13.479962346299802, 52.415400388360851 ], [ 13.479947648470697, 52.415400199373778 ], [ 13.479947339394712, 52.415409186529097 ], [ 13.479962037226803, 52.415409375516234 ], [ 13.479961728153642, 52.415418362671602 ], [ 13.479991123824286, 52.415418740640511 ], [ 13.479990814756935, 52.415427727795986 ], [ 13.480005512595486, 52.415427916777759 ], [ 13.480005203530958, 52.415436903933283 ], [ 13.480063994898741, 52.415437659842375 ], [ 13.480064613003751, 52.415419685530843 ], [ 13.480049915167534, 52.415419496556424 ], [ 13.480050224222779, 52.415410509400694 ], [ 13.480006130724059, 52.415409942466674 ], [ 13.480006439788101, 52.415400955311121 ], [ 13.479977044129074, 52.415400577346105 ], [ 13.479977353198922, 52.415391590190644 ] ] ] } },
{ "type": "Feature", "properties": { "id": 22642, "art": "NOT-ALKIS-Gebäude" }, "geometry": { "type": "Polygon", "coordinates": [ [ [ 13.443623228678145, 52.420960619070463 ], [ 13.443637928105671, 52.420960812586934 ], [ 13.443638877666439, 52.420933851605639 ], [ 13.44353598173997, 52.420932496953348 ], [ 13.443535665198976, 52.420941483946692 ], [ 13.443520965778593, 52.420941290417474 ], [ 13.443520332690127, 52.42095926440409 ], [ 13.443535032116486, 52.420959457933328 ], [ 13.443534715574991, 52.420968444926636 ], [ 13.443622912154567, 52.420969606064148 ], [ 13.443623228678145, 52.420960619070463 ] ] ] } },
{ "type": "Feature", "properties": { "id": 22656, "art": "NOT-ALKIS-Gebäude" }, "geometry": { "type": "Polygon", "coordinates": [ [ [ 13.483296969230711, 52.421494243031155 ], [ 13.483282269352596, 52.421494054443336 ], [ 13.483282577818304, 52.421485067283442 ], [ 13.483238478193893, 52.421484501509205 ], [ 13.483238169719227, 52.421493488668915 ], [ 13.483223469841763, 52.421493300073784 ], [ 13.483223161363945, 52.42150228723343 ], [ 13.483193761603529, 52.42150191003757 ], [ 13.483193453119576, 52.421510897197074 ], [ 13.483178753236626, 52.421510708596344 ], [ 13.483178444749521, 52.421519695755777 ], [ 13.483163744863747, 52.421519507153171 ], [ 13.483163265685766, 52.421533466907761 ], [ 13.483242047591622, 52.42149533664405 ], [ 13.483281931087062, 52.421525761774205 ], [ 13.483255343246682, 52.421538664584325 ], [ 13.483324826701253, 52.421539556001484 ], [ 13.48332451824353, 52.421548543161471 ], [ 13.483339218140053, 52.421548731744174 ], [ 13.483340143503774, 52.421521770263986 ], [ 13.483325443616211, 52.421521581681461 ], [ 13.483325752073446, 52.421512594521417 ], [ 13.483311052189034, 52.421512405937143 ], [ 13.483311360649092, 52.421503418777149 ], [ 13.483296660767827, 52.421503230191099 ], [ 13.483296969230711, 52.421494243031155 ] ] ] } },
{ "type": "Feature", "properties": { "id": 22663, "art": "NOT-ALKIS-Gebäude" }, "geometry": { "type": "Polygon", "coordinates": [ [ [ 13.433242288266106, 52.420913410038708 ], [ 13.433256987605263, 52.420913604845481 ], [ 13.433257943496406, 52.420886643997342 ], [ 13.433272642826774, 52.420886838802005 ], [ 13.433273917334001, 52.420850891003909 ], [ 13.433244518697325, 52.420850501393168 ], [ 13.433244200064799, 52.420859488342579 ], [ 13.433229500743728, 52.42085929353437 ], [ 13.433228863472195, 52.420877267433042 ], [ 13.433214164145321, 52.420877072622872 ], [ 13.433213845506319, 52.420886059572034 ], [ 13.433199146176626, 52.420885864759974 ], [ 13.433198190249644, 52.420912825607445 ], [ 13.433212889588297, 52.42091302041969 ], [ 13.433212570948617, 52.420922007368979 ], [ 13.433241969632398, 52.420922396988125 ], [ 13.433242288266106, 52.420913410038708 ] ] ] } },
{ "type": "Feature", "properties": { "id": 22670, "art": "NOT-ALKIS-Gebäude" }, "geometry": { "type": "Polygon", "coordinates": [ [ [ 13.508586554264184, 52.423829984097367 ], [ 13.508585644224892, 52.423856945879194 ], [ 13.508629746729284, 52.423857502218084 ], [ 13.508629443391493, 52.423866489478847 ], [ 13.508658845067863, 52.423866860362409 ], [ 13.508659755062826, 52.423839898579743 ], [ 13.508630353404381, 52.423839527696522 ], [ 13.508630656741691, 52.423830540435709 ], [ 13.508586554264184, 52.423829984097367 ] ] ] } },
{ "type": "Feature", "properties": { "id": 22684, "art": "NOT-ALKIS-Gebäude" }, "geometry": { "type": "Polygon", "coordinates": [ [ [ 13.511274082823373, 52.423944776087644 ], [ 13.511288783705188, 52.42394496120167 ], [ 13.511289692098316, 52.423917999387214 ], [ 13.511245589480248, 52.42391744403983 ], [ 13.511245286673736, 52.42392643131118 ], [ 13.511230585798378, 52.423926246191698 ], [ 13.511229980178898, 52.423944220734228 ], [ 13.511244681060232, 52.423944405853831 ], [ 13.51124437825324, 52.423953393125139 ], [ 13.511273780022361, 52.423953763358973 ], [ 13.511274082823373, 52.423944776087644 ] ] ] } },
{ "type": "Feature", "properties": { "id": 22685, "art": "NOT-ALKIS-Gebäude" }, "geometry": { "type": "Polygon", "coordinates": [ [ [ 13.445474243249063, 52.423106886189466 ], [ 13.445488943403307, 52.423107079481333 ], [ 13.445489259571842, 52.423098092482967 ], [ 13.445474559420585, 52.42309789919117 ], [ 13.445474875591941, 52.423088912192853 ], [ 13.445460175443838, 52.42308871889928 ], [ 13.445460491618014, 52.423079731901012 ], [ 13.445431091328281, 52.423079345308516 ], [ 13.445430142787332, 52.423106306302905 ], [ 13.445444842941077, 52.423106499600244 ], [ 13.445444526763412, 52.423115486598412 ], [ 13.445473927077375, 52.423115873187747 ], [ 13.445474243249063, 52.423106886189466 ] ] ] } },
{ "type": "Feature", "properties": { "id": 22735, "art": "NOT-ALKIS-Gebäude" }, "geometry": { "type": "Polygon", "coordinates": [ [ [ 13.482085166535457, 52.428087159116558 ], [ 13.482099868598571, 52.428087347869685 ], [ 13.482100486157451, 52.428069373579859 ], [ 13.482085784100313, 52.42806918482686 ], [ 13.482086092882497, 52.428060197681994 ], [ 13.482071390828512, 52.428060008927226 ], [ 13.482071699613522, 52.428051021782387 ], [ 13.482056997562687, 52.42805083302585 ], [ 13.482057306350521, 52.428041845881076 ], [ 13.482027902255316, 52.428041468362636 ], [ 13.482027593461506, 52.428050455507282 ], [ 13.482012891411161, 52.428050266745259 ], [ 13.482012273817077, 52.428068241034396 ], [ 13.482026975873397, 52.428068429796546 ], [ 13.482026667079099, 52.428077416941171 ], [ 13.482041369138573, 52.428077605701539 ], [ 13.482041060347099, 52.428086592846192 ], [ 13.482055762409722, 52.428086781604812 ], [ 13.482055453621074, 52.428095768749515 ], [ 13.482084857752785, 52.428096146261367 ], [ 13.482085166535457, 52.428087159116558 ] ] ] } },
{ "type": "Feature", "properties": { "id": 22736, "art": "NOT-ALKIS-Gebäude" }, "geometry": { "type": "Polygon", "coordinates": [ [ [ 13.476778971849468, 52.427982951346493 ], [ 13.476777422544481, 52.428027886960692 ], [ 13.476792124551684, 52.428028076373543 ], [ 13.476791814693184, 52.428037063496397 ], [ 13.47680651670354, 52.428037252907487 ], [ 13.476808065979467, 52.427992317292755 ], [ 13.476793363984051, 52.427992127881978 ], [ 13.476793673841732, 52.427983140759046 ], [ 13.476778971849468, 52.427982951346493 ] ] ] } },
{ "type": "Feature", "properties": { "id": 22740, "art": "NOT-ALKIS-Gebäude" }, "geometry": { "type": "Polygon", "coordinates": [ [ [ 13.443211902575083, 52.427626641333724 ], [ 13.443226604217031, 52.427626834918428 ], [ 13.44322723757718, 52.427608860954784 ], [ 13.443241939213319, 52.427609054537541 ], [ 13.443242255890155, 52.427600067555638 ], [ 13.443256957523474, 52.427600261136504 ], [ 13.443257590870671, 52.427582287172541 ], [ 13.443272292498179, 52.42758248075144 ], [ 13.443272925838734, 52.427564506787284 ], [ 13.443258224217198, 52.427564313208492 ], [ 13.443258540890211, 52.427555326226461 ], [ 13.443229137653619, 52.427554939063533 ], [ 13.443229454332441, 52.427545952081601 ], [ 13.443200051102494, 52.42754556491149 ], [ 13.443200367787123, 52.427536577929686 ], [ 13.443170964563818, 52.427536190752392 ], [ 13.443171281254257, 52.427527203770673 ], [ 13.443156579645843, 52.427527010179347 ], [ 13.443156262952414, 52.427535997161002 ], [ 13.44314156134118, 52.427535803567793 ], [ 13.443141244644599, 52.427544790549355 ], [ 13.443126543030543, 52.427544596954249 ], [ 13.443126226330808, 52.427553583935747 ], [ 13.443111524713931, 52.427553390338751 ], [ 13.443111841416654, 52.427544403357317 ], [ 13.443097139802934, 52.427544209758551 ], [ 13.443097456508477, 52.42753522277718 ], [ 13.44308275489791, 52.42753502917666 ], [ 13.443083071606274, 52.427526042195318 ], [ 13.443097773213854, 52.427526235795781 ], [ 13.443098406624106, 52.427508261832934 ], [ 13.443083705022502, 52.427508068232612 ], [ 13.443084021730366, 52.427499081251227 ], [ 13.443054618533633, 52.427498694045191 ], [ 13.443054935247305, 52.42748970706392 ], [ 13.443025532057217, 52.427489319850707 ], [ 13.443025848776697, 52.427480332869557 ], [ 13.442996445593252, 52.427479945649161 ], [ 13.44299676231854, 52.427470958668103 ], [ 13.442967359141738, 52.427470571440523 ], [ 13.442967675872834, 52.427461584459579 ], [ 13.442923571117849, 52.427461003604698 ], [ 13.442922620897169, 52.427487964546913 ], [ 13.442937322490961, 52.427488158167229 ], [ 13.442937005753388, 52.427497145148003 ], [ 13.442966408947447, 52.427497532383263 ], [ 13.442966092215682, 52.42750651936413 ], [ 13.442995495416385, 52.427506906592214 ], [ 13.442995178690429, 52.427515893573208 ], [ 13.443039283501699, 52.427516474401813 ], [ 13.443038966784538, 52.42752546138297 ], [ 13.443053668391615, 52.427525654988905 ], [ 13.443052401533254, 52.427561602913663 ], [ 13.443067103152449, 52.427561796518034 ], [ 13.443066786440429, 52.427570783499242 ], [ 13.443081488062781, 52.427570977101851 ], [ 13.44308053793468, 52.427597938045579 ], [ 13.44309523956616, 52.427598131646533 ], [ 13.443094922859448, 52.427607118627805 ], [ 13.443124326128887, 52.427607505824376 ], [ 13.443124009427981, 52.427616492805775 ], [ 13.443153412704062, 52.427616879995149 ], [ 13.443153096008967, 52.427625866976648 ], [ 13.443182499291691, 52.427626254158831 ], [ 13.443182182602403, 52.427635241140443 ], [ 13.44321158589177, 52.427635628315457 ], [ 13.443211902575083, 52.427626641333724 ] ] ] } },
{ "type": "Feature", "properties": { "id": 22752, "art": "NOT-ALKIS-Gebäude" }, "geometry": { "type": "Polygon", "coordinates": [ [ [ 13.439386624193581, 52.42765713000324 ], [ 13.43940132581894, 52.427657324063567 ], [ 13.439403865481905, 52.427585428339796 ], [ 13.439418567083528, 52.4275856223978 ], [ 13.439419201991621, 52.427567648466578 ], [ 13.439375097205179, 52.427567066287452 ], [ 13.439375414667937, 52.427558079322004 ], [ 13.439346011483789, 52.42755769119357 ], [ 13.439346328952356, 52.427548704228244 ], [ 13.43933162736352, 52.427548510161351 ], [ 13.439331944834905, 52.42753952319606 ], [ 13.439317243249226, 52.427539329127399 ], [ 13.439317560723431, 52.427530342162157 ], [ 13.439288157558549, 52.427529954019484 ], [ 13.439286887636818, 52.427565901879866 ], [ 13.439272186042677, 52.427565707805535 ], [ 13.4392693286821, 52.427646590489921 ], [ 13.439254627061239, 52.427646396413195 ], [ 13.439254309572904, 52.427655383377996 ], [ 13.439269011196755, 52.427655577454779 ], [ 13.439268693711242, 52.427664564419622 ], [ 13.43938630673197, 52.427666116968574 ], [ 13.439386624193581, 52.42765713000324 ] ] ] } },
{ "type": "Feature", "properties": { "id": 22753, "art": "NOT-ALKIS-Gebäude" }, "geometry": { "type": "Polygon", "coordinates": [ [ [ 13.439770759056552, 52.428858023510465 ], [ 13.439741355001884, 52.428857635473648 ], [ 13.439741037598676, 52.428866622438662 ], [ 13.439726335568606, 52.42886642841745 ], [ 13.439726018162242, 52.4288754153824 ], [ 13.439740720195298, 52.428875609403683 ], [ 13.439740402791754, 52.428884596368668 ], [ 13.43976980686435, 52.428884984405855 ], [ 13.439769489466613, 52.428893971370975 ], [ 13.439813595585726, 52.428894553413244 ], [ 13.439814230363103, 52.428876579482647 ], [ 13.439799528329207, 52.428876385470502 ], [ 13.439799845720632, 52.42886739850524 ], [ 13.43977044165932, 52.428867010475606 ], [ 13.439770759056552, 52.428858023510465 ] ] ] } },
{ "type": "Feature", "properties": { "id": 22758, "art": "NOT-ALKIS-Gebäude" }, "geometry": { "type": "Polygon", "coordinates": [ [ [ 13.441753949323029, 52.428929133965859 ], [ 13.44176865138814, 52.428929327735155 ], [ 13.441769285371073, 52.428911353787946 ], [ 13.441783987430375, 52.428911547555295 ], [ 13.441784938394555, 52.428884586634197 ], [ 13.441770236344219, 52.42888439286704 ], [ 13.441770553334933, 52.428875405893365 ], [ 13.441741149240736, 52.428875018353693 ], [ 13.441740832244045, 52.428884005327234 ], [ 13.441711428144542, 52.42888361778013 ], [ 13.441711111141709, 52.428892604753521 ], [ 13.44169640908922, 52.428892410977163 ], [ 13.441695458070754, 52.428919371897102 ], [ 13.441710160132207, 52.428919565673652 ], [ 13.441709843128704, 52.428928552647001 ], [ 13.441739247258088, 52.428928940194737 ], [ 13.441738930260394, 52.428937927168192 ], [ 13.441753632328325, 52.428938120939378 ], [ 13.441753949323029, 52.428929133965859 ] ] ] } },
{ "type": "Feature", "properties": { "id": 22766, "art": "NOT-ALKIS-Gebäude" }, "geometry": { "type": "Polygon", "coordinates": [ [ [ 13.480919293687604, 52.429483789358507 ], [ 13.480933996207463, 52.42948397826008 ], [ 13.480934614271694, 52.429466003984231 ], [ 13.48094931678574, 52.429466192883865 ], [ 13.480949625814622, 52.429457205745862 ], [ 13.480934923303565, 52.429457016846293 ], [ 13.480935232335272, 52.42944802970834 ], [ 13.480920529827364, 52.429447840807015 ], [ 13.480920838861897, 52.42943885366909 ], [ 13.48090613635714, 52.429438664766003 ], [ 13.480905827319619, 52.42944765190385 ], [ 13.48087642230462, 52.429447274092063 ], [ 13.480875804217137, 52.429465248367471 ], [ 13.480861101703905, 52.429465059458714 ], [ 13.480860483609792, 52.429483033733945 ], [ 13.480875186129001, 52.42948322264283 ], [ 13.480874877084688, 52.42949220978047 ], [ 13.480918984652257, 52.429492776496339 ], [ 13.480919293687604, 52.429483789358507 ] ] ] } },
{ "type": "Feature", "properties": { "id": 22776, "art": "NOT-ALKIS-Gebäude" }, "geometry": { "type": "Polygon", "coordinates": [ [ [ 13.475963003574453, 52.42946496103901 ], [ 13.475977706054234, 52.429465150556723 ], [ 13.475978016094269, 52.429456163439447 ], [ 13.475992718571227, 52.42945635295527 ], [ 13.475993338644832, 52.429438378720555 ], [ 13.475949231232379, 52.429437810167975 ], [ 13.475948921186696, 52.429446797285159 ], [ 13.475934218713217, 52.429446607763914 ], [ 13.475933598615381, 52.429464581998104 ], [ 13.475948301094835, 52.429464771519477 ], [ 13.47594799104866, 52.429473758636604 ], [ 13.475962693531265, 52.429473948156208 ], [ 13.475963003574453, 52.42946496103901 ] ] ] } },
{ "type": "Feature", "properties": { "id": 22785, "art": "NOT-ALKIS-Gebäude" }, "geometry": { "type": "Polygon", "coordinates": [ [ [ 13.462657678124369, 52.435622454048612 ], [ 13.462672382561987, 52.435622645236087 ], [ 13.462672695377597, 52.435613658184053 ], [ 13.46265799094297, 52.435613466996628 ], [ 13.462658616579674, 52.435595492892631 ], [ 13.462614503294716, 52.435594919319783 ], [ 13.462613564812509, 52.435621880475203 ], [ 13.462628269249631, 52.43562207166817 ], [ 13.462627956424887, 52.435631058720006 ], [ 13.462657365305605, 52.435631441100576 ], [ 13.462657678124369, 52.435622454048612 ] ] ] } },
{ "type": "Feature", "properties": { "id": 22790, "art": "NOT-ALKIS-Gebäude" }, "geometry": { "type": "Polygon", "coordinates": [ [ [ 13.427764196054062, 52.435172604815932 ], [ 13.427778900098664, 52.435172800340546 ], [ 13.427779539916079, 52.435154826532553 ], [ 13.427764835877458, 52.435154631007983 ], [ 13.427765155788906, 52.435145644103891 ], [ 13.42772104368302, 52.435145057519414 ], [ 13.427720723762604, 52.435154044423321 ], [ 13.42770601972466, 52.435153848891439 ], [ 13.427705059953444, 52.435180809602592 ], [ 13.427763876142112, 52.435181591719804 ], [ 13.427764196054062, 52.435172604815932 ] ] ] } },
{ "type": "Feature", "properties": { "id": 22791, "art": "NOT-ALKIS-Gebäude" }, "geometry": { "type": "Polygon", "coordinates": [ [ [ 13.453217148565185, 52.435508321446406 ], [ 13.453246557234039, 52.43550870616648 ], [ 13.453247816160331, 52.435472758116887 ], [ 13.453233111837777, 52.435472565758012 ], [ 13.453233426571925, 52.435463578745647 ], [ 13.453218722252528, 52.435463386384988 ], [ 13.453218407515392, 52.435472373397303 ], [ 13.45320370319317, 52.435472181034768 ], [ 13.453203388452877, 52.435481168046998 ], [ 13.453188684127833, 52.43548097568258 ], [ 13.453188369384387, 52.435489962694739 ], [ 13.45317366505652, 52.435489770328424 ], [ 13.45317303556315, 52.43550774435257 ], [ 13.453187739896995, 52.435507936719013 ], [ 13.453187425153052, 52.435516923731122 ], [ 13.453216833827218, 52.435517308458628 ], [ 13.453217148565185, 52.435508321446406 ] ] ] } },
{ "type": "Feature", "properties": { "id": 22797, "art": "NOT-ALKIS-Gebäude" }, "geometry": { "type": "Polygon", "coordinates": [ [ [ 13.465598881150081, 52.435651668107177 ], [ 13.465598503862495, 52.435662528075689 ], [ 13.465606910291077, 52.435669754534715 ], [ 13.465612961181975, 52.435669833057737 ], [ 13.465612788369276, 52.435674807397859 ], [ 13.46561753085013, 52.435678883474594 ], [ 13.465627353440604, 52.435679010942295 ], [ 13.465627072883967, 52.435687086718353 ], [ 13.465628149943106, 52.435688012394444 ], [ 13.465641745705213, 52.435688188825125 ], [ 13.465641433492761, 52.435697175889551 ], [ 13.465670842459005, 52.435697557521102 ], [ 13.465671154665475, 52.435688570456549 ], [ 13.465656450185262, 52.435688379641753 ], [ 13.465657074603692, 52.435670405512738 ], [ 13.46564237012962, 52.435670214696223 ], [ 13.465642682341578, 52.435661227631762 ], [ 13.465627977870662, 52.435661036813492 ], [ 13.465628290085442, 52.435652049749081 ], [ 13.465598881150081, 52.435651668107177 ] ] ] } },
{ "type": "Feature", "properties": { "id": 22804, "art": "NOT-ALKIS-Gebäude" }, "geometry": { "type": "Polygon", "coordinates": [ [ [ 13.480051596344984, 52.435892286556388 ], [ 13.480066300991654, 52.435892475581895 ], [ 13.480066919551762, 52.435874501332869 ], [ 13.480052214911071, 52.43587431230749 ], [ 13.480052524193869, 52.435865325183023 ], [ 13.480037819556332, 52.435865136155861 ], [ 13.480038128841956, 52.435856149031444 ], [ 13.480023424207571, 52.435855960002527 ], [ 13.480023733496022, 52.435846972878146 ], [ 13.479994324233719, 52.435846594814954 ], [ 13.479994014939289, 52.435855581939215 ], [ 13.479979310305392, 52.435855392904806 ], [ 13.479979001007811, 52.435864380028988 ], [ 13.479993705644695, 52.435864569063462 ], [ 13.47999308705502, 52.435882543311905 ], [ 13.480007791698048, 52.435882732344652 ], [ 13.480007482405954, 52.435891719468898 ], [ 13.480022187052136, 52.435891908499897 ], [ 13.480021877762868, 52.435900895624201 ], [ 13.480051287061695, 52.435901273680813 ], [ 13.480051596344984, 52.435892286556388 ] ] ] } },
{ "type": "Feature", "properties": { "id": 22805, "art": "NOT-ALKIS-Gebäude" }, "geometry": { "type": "Polygon", "coordinates": [ [ [ 13.488654765065734, 52.435975592765629 ], [ 13.488653842463183, 52.436002554245704 ], [ 13.488668547205025, 52.436002742201914 ], [ 13.488668239673505, 52.436011729361979 ], [ 13.488697649163655, 52.43601210526905 ], [ 13.488698571739787, 52.435985143788479 ], [ 13.488683867003601, 52.435984955836027 ], [ 13.488684174531642, 52.435975968675884 ], [ 13.488654765065734, 52.435975592765629 ] ] ] } },
{ "type": "Feature", "properties": { "id": 22820, "art": "NOT-ALKIS-Gebäude" }, "geometry": { "type": "Polygon", "coordinates": [ [ [ 13.486829371401935, 52.413249695889412 ], [ 13.486844068562915, 52.413249884015713 ], [ 13.486844991512523, 52.413222922453805 ], [ 13.486859688664708, 52.413223110578095 ], [ 13.486860303957664, 52.413205136203295 ], [ 13.486845606811448, 52.41320494807912 ], [ 13.486845914460668, 52.413195960891763 ], [ 13.486801823031948, 52.413195396508456 ], [ 13.486801515373772, 52.413204383695643 ], [ 13.486786818228206, 52.413204195564163 ], [ 13.486786510566882, 52.413213182751264 ], [ 13.486771813418491, 52.413212994617894 ], [ 13.486770582759632, 52.413248943365936 ], [ 13.486785279919966, 52.413249131499533 ], [ 13.48678497225783, 52.413258118686571 ], [ 13.486829063748758, 52.41325868307662 ], [ 13.486829371401935, 52.413249695889412 ] ] ] } },
{ "type": "Feature", "properties": { "id": 22830, "art": "NOT-ALKIS-Gebäude" }, "geometry": { "type": "Polygon", "coordinates": [ [ [ 13.483258274474867, 52.413194939881052 ], [ 13.483228880238295, 52.413194562735477 ], [ 13.483228571853859, 52.413203549907827 ], [ 13.483213874732831, 52.413203361332243 ], [ 13.483213566345247, 52.413212348504508 ], [ 13.483198869221397, 52.413212159927028 ], [ 13.483198252439772, 52.413230134271416 ], [ 13.483212949569593, 52.413230322848996 ], [ 13.48321264118152, 52.413239310021225 ], [ 13.483256732580916, 52.413239875743237 ], [ 13.483258274474867, 52.413194939881052 ] ] ] } },
{ "type": "Feature", "properties": { "id": 22853, "art": "NOT-ALKIS-Gebäude" }, "geometry": { "type": "Polygon", "coordinates": [ [ [ 13.485002612356043, 52.413352174587679 ], [ 13.485032006721505, 52.413352551293109 ], [ 13.485032930779543, 52.41332558975423 ], [ 13.485018233605686, 52.413325401402609 ], [ 13.485018541627692, 52.413316414223019 ], [ 13.485003844456985, 52.413316225869643 ], [ 13.485004152481814, 52.413307238690081 ], [ 13.484960060979621, 52.413306673619168 ], [ 13.484960369013244, 52.413297686439783 ], [ 13.484901580357867, 52.413296932986576 ], [ 13.484901272312301, 52.413305920165726 ], [ 13.484886575145881, 52.413305731797784 ], [ 13.484885342950056, 52.413341680513952 ], [ 13.484900040128421, 52.413341868882121 ], [ 13.484900348174635, 52.413332881703056 ], [ 13.484944439701747, 52.413333446796415 ], [ 13.484944131664491, 52.413342433975679 ], [ 13.484958828843505, 52.41334262233655 ], [ 13.484958212774472, 52.413360596695149 ], [ 13.485002304330402, 52.413361161767156 ], [ 13.485002612356043, 52.413352174587679 ] ] ] } },
{ "type": "Feature", "properties": { "id": 22866, "art": "NOT-ALKIS-Gebäude" }, "geometry": { "type": "Polygon", "coordinates": [ [ [ 13.502931469180218, 52.413634531451152 ], [ 13.502946166577757, 52.41363471757694 ], [ 13.502946775339943, 52.413616743070676 ], [ 13.502932077948376, 52.413616556945001 ], [ 13.502932382332213, 52.413607569691905 ], [ 13.502917684943794, 52.413607383564475 ], [ 13.502917989330456, 52.413598396311421 ], [ 13.502903291945181, 52.413598210182208 ], [ 13.50290359633467, 52.413589222929211 ], [ 13.502874201570574, 52.413588850665427 ], [ 13.502873897175114, 52.413597837918317 ], [ 13.502859199790322, 52.41359765178364 ], [ 13.50285859099295, 52.413615626289243 ], [ 13.502873288383713, 52.413615812424048 ], [ 13.502872679591672, 52.413633786929708 ], [ 13.502887376988568, 52.413633973062808 ], [ 13.502887072595291, 52.413642960315677 ], [ 13.502931164795898, 52.413643518704198 ], [ 13.502931469180218, 52.413634531451152 ] ] ] } },
{ "type": "Feature", "properties": { "id": 22946, "art": "NOT-ALKIS-Gebäude" }, "geometry": { "type": "Polygon", "coordinates": [ [ [ 13.472717790294247, 52.413562734122969 ], [ 13.472761881801393, 52.413563303760853 ], [ 13.472762192317404, 52.41355431663272 ], [ 13.472776889483795, 52.413554506508312 ], [ 13.472777510509356, 52.413536532251882 ], [ 13.472762813348936, 52.413536342376418 ], [ 13.472763434379814, 52.413518368120044 ], [ 13.472748737225528, 52.413518178242882 ], [ 13.472749358261721, 52.413500203986573 ], [ 13.47273466111357, 52.413500014107697 ], [ 13.472734350592569, 52.413509001235802 ], [ 13.472690259140142, 52.413508431588049 ], [ 13.472689948610023, 52.413517418715948 ], [ 13.472675251456558, 52.413517228829662 ], [ 13.4726740093225, 52.413553177340873 ], [ 13.472688706487906, 52.413553367227415 ], [ 13.472688395956968, 52.413562354355243 ], [ 13.472703093125526, 52.413562544240023 ], [ 13.472702782597409, 52.413571531367893 ], [ 13.472717479769116, 52.413571721250904 ], [ 13.472717790294247, 52.413562734122969 ] ] ] } },
{ "type": "Feature", "properties": { "id": 23039, "art": "NOT-ALKIS-Gebäude" }, "geometry": { "type": "Polygon", "coordinates": [ [ [ 13.482817759077889, 52.414034453164497 ], [ 13.482832456472499, 52.41403464179141 ], [ 13.482832764946695, 52.414025654621973 ], [ 13.48284746233848, 52.414025843246982 ], [ 13.482847770809528, 52.414016856077481 ], [ 13.482862468198492, 52.414017044700607 ], [ 13.482863085134129, 52.413999070361442 ], [ 13.482877782517283, 52.413999258982614 ], [ 13.4828783994463, 52.413981284643263 ], [ 13.482863702069116, 52.413981096022198 ], [ 13.482864010536366, 52.413972108852562 ], [ 13.482834615788457, 52.413971731605081 ], [ 13.482834307315237, 52.413980718774603 ], [ 13.482819609938542, 52.413980530148066 ], [ 13.482819301462172, 52.413989517317511 ], [ 13.482804604082654, 52.413989328689084 ], [ 13.482804295603138, 52.41399831585845 ], [ 13.482789598220796, 52.413998127228147 ], [ 13.482789289738131, 52.414007114397442 ], [ 13.482774592352966, 52.414006925765229 ], [ 13.482773975381178, 52.414024900103648 ], [ 13.482788672772314, 52.414025088735976 ], [ 13.48278836428916, 52.414034075905214 ], [ 13.482803061683443, 52.414034264535772 ], [ 13.482802753203114, 52.41404325170506 ], [ 13.482817450600546, 52.414043440333849 ], [ 13.482817759077889, 52.414034453164497 ] ] ] } },
{ "type": "Feature", "properties": { "id": 23075, "art": "NOT-ALKIS-Gebäude" }, "geometry": { "type": "Polygon", "coordinates": [ [ [ 13.501979035058532, 52.414404692474285 ], [ 13.501993732705705, 52.414404878720362 ], [ 13.50199403728894, 52.414395891472331 ], [ 13.502008734933288, 52.414396077716532 ], [ 13.502010257832127, 52.414351141475805 ], [ 13.501995560202708, 52.41435095523191 ], [ 13.50199586478498, 52.414341967983788 ], [ 13.501951771906644, 52.414341409241324 ], [ 13.501951467315417, 52.414350396489262 ], [ 13.50193676968664, 52.414350210238062 ], [ 13.501935855903033, 52.414377171981641 ], [ 13.501921158265459, 52.414376985728438 ], [ 13.501920853667615, 52.414385972976199 ], [ 13.501876760746905, 52.414385414205434 ], [ 13.501876456139945, 52.414394401453009 ], [ 13.501861758497043, 52.414394215192381 ], [ 13.501861453886937, 52.414403202439864 ], [ 13.501876151532825, 52.414403388700556 ], [ 13.501875846925543, 52.41441237594811 ], [ 13.501949335172316, 52.414413307224478 ], [ 13.501949639764669, 52.41440431997664 ], [ 13.501964337411522, 52.414404506226376 ], [ 13.501964032822153, 52.414413493474285 ], [ 13.501978730472151, 52.414413679722244 ], [ 13.501979035058532, 52.414404692474285 ] ] ] } },
{ "type": "Feature", "properties": { "id": 23123, "art": "NOT-ALKIS-Gebäude" }, "geometry": { "type": "Polygon", "coordinates": [ [ [ 13.51608372077928, 52.414735432138166 ], [ 13.516098418630667, 52.41473561663183 ], [ 13.516099323789083, 52.414708654716193 ], [ 13.516084625946652, 52.414708470222706 ], [ 13.516084927668787, 52.414699482917634 ], [ 13.516055531990379, 52.414699113925288 ], [ 13.516055230262271, 52.414708101230254 ], [ 13.516040532420318, 52.414707916731281 ], [ 13.51603992895765, 52.414725891341192 ], [ 13.51605462680557, 52.414726075840363 ], [ 13.516054325076986, 52.414735063145265 ], [ 13.516069022928052, 52.414735247642675 ], [ 13.516068721202291, 52.414744234947705 ], [ 13.516083419056505, 52.414744419443259 ], [ 13.51608372077928, 52.414735432138166 ] ] ] } },
{ "type": "Feature", "properties": { "id": 23247, "art": "NOT-ALKIS-Gebäude" }, "geometry": { "type": "Polygon", "coordinates": [ [ [ 13.517099605524971, 52.415134796568459 ], [ 13.517114303515882, 52.415134980936841 ], [ 13.517114605033342, 52.415125993628131 ], [ 13.517099907045415, 52.41512580925982 ], [ 13.517100208565701, 52.415116821951173 ], [ 13.51704141662753, 52.415116084459918 ], [ 13.517041492010559, 52.415113837632894 ], [ 13.517041718159598, 52.415107097151491 ], [ 13.516997624216595, 52.415106544014137 ], [ 13.516997398060841, 52.415113284495241 ], [ 13.51699732267557, 52.415115531322293 ], [ 13.517026718643383, 52.415115900082533 ], [ 13.51702641710817, 52.415124887390888 ], [ 13.517055813082591, 52.415125256143952 ], [ 13.517055511553188, 52.415134243452385 ], [ 13.517084907534217, 52.415134612198266 ], [ 13.517084606010627, 52.415143599506827 ], [ 13.517099304004368, 52.415143783877085 ], [ 13.517099605524971, 52.415134796568459 ] ] ] } },
{ "type": "Feature", "properties": { "id": 23275, "art": "NOT-ALKIS-Gebäude" }, "geometry": { "type": "Polygon", "coordinates": [ [ [ 13.477500704652952, 52.414721349131788 ], [ 13.477515402239687, 52.414721538421311 ], [ 13.477516021364895, 52.414703564128828 ], [ 13.47750132378413, 52.414703374839434 ], [ 13.477501633349474, 52.414694387693238 ], [ 13.477472238194403, 52.414694009109063 ], [ 13.477472547765556, 52.414685021962967 ], [ 13.477384362322178, 52.414683886166991 ], [ 13.477383743143882, 52.414701860458429 ], [ 13.477398440723341, 52.414702049762447 ], [ 13.477398131136935, 52.414711036908201 ], [ 13.47744222388525, 52.414711604809483 ], [ 13.477441914307636, 52.414720591955415 ], [ 13.477471309479967, 52.414720970547251 ], [ 13.477470999908162, 52.414729957693275 ], [ 13.477500395087118, 52.414730336277941 ], [ 13.477500704652952, 52.414721349131788 ] ] ] } },
{ "type": "Feature", "properties": { "id": 23451, "art": "NOT-ALKIS-Gebäude" }, "geometry": { "type": "Polygon", "coordinates": [ [ [ 13.489976825334107, 52.415375882063167 ], [ 13.489932731667688, 52.415375318831082 ], [ 13.489932424621799, 52.415384306027903 ], [ 13.489917726730331, 52.415384118280159 ], [ 13.489917666149571, 52.415385891454072 ], [ 13.490034542364842, 52.415408086406565 ], [ 13.490034695816153, 52.415403594605401 ], [ 13.49001999791758, 52.415403406870318 ], [ 13.490020304945876, 52.415394419673177 ], [ 13.490005607050449, 52.415394231936332 ], [ 13.490005914081571, 52.415385244739213 ], [ 13.489976518297178, 52.415384869260173 ], [ 13.489976825334107, 52.415375882063167 ] ] ] } },
{ "type": "Feature", "properties": { "id": 23459, "art": "NOT-ALKIS-Gebäude" }, "geometry": { "type": "Polygon", "coordinates": [ [ [ 13.47891756369741, 52.415422914343807 ], [ 13.478888168038624, 52.415422536107975 ], [ 13.478887858747015, 52.415431523258846 ], [ 13.47887316091488, 52.415431334138134 ], [ 13.478872851620121, 52.415440321288926 ], [ 13.478887549455241, 52.415440510409709 ], [ 13.478887240163306, 52.415449497560537 ], [ 13.478901938001574, 52.415449686679544 ], [ 13.47890162871246, 52.415458673830436 ], [ 13.478916326553877, 52.415458862947681 ], [ 13.478916017267586, 52.415467850098608 ], [ 13.478945412956882, 52.415468228327732 ], [ 13.47894634079735, 52.415441266874538 ], [ 13.478931642961578, 52.415441077761059 ], [ 13.478931952244395, 52.415432090610018 ], [ 13.478917254411771, 52.415431901494792 ], [ 13.47891756369741, 52.415422914343807 ] ] ] } },
{ "type": "Feature", "properties": { "id": 23484, "art": "NOT-ALKIS-Gebäude" }, "geometry": { "type": "Polygon", "coordinates": [ [ [ 13.440037622091507, 52.415051118210755 ], [ 13.440052319529068, 52.415051312157729 ], [ 13.440052953892641, 52.415033338182774 ], [ 13.4400676513244, 52.415033532127708 ], [ 13.440068285681328, 52.41501555815266 ], [ 13.440053588255543, 52.415015364207761 ], [ 13.440053905436743, 52.415006377220223 ], [ 13.440009813169349, 52.415005795374725 ], [ 13.440009495979192, 52.415014782362078 ], [ 13.439994798554075, 52.415014588409875 ], [ 13.439993846973644, 52.41504154937163 ], [ 13.440008544407718, 52.415041743324025 ], [ 13.440008227216891, 52.415050730311307 ], [ 13.440022924654116, 52.415050924261955 ], [ 13.440022607466108, 52.415059911249273 ], [ 13.440037304906486, 52.415060105198151 ], [ 13.440037622091507, 52.415051118210755 ] ] ] } },
{ "type": "Feature", "properties": { "id": 23527, "art": "NOT-ALKIS-Gebäude" }, "geometry": { "type": "Polygon", "coordinates": [ [ [ 13.490225117031292, 52.415855582588662 ], [ 13.490239815081585, 52.415855770299373 ], [ 13.490241350023055, 52.415810834312367 ], [ 13.490226651987692, 52.415810646601955 ], [ 13.490226958978486, 52.415801659404572 ], [ 13.490212260946269, 52.415801471692404 ], [ 13.490212874933345, 52.415783497297717 ], [ 13.490227572959588, 52.415783685009771 ], [ 13.490228493930029, 52.415756723417417 ], [ 13.490243191947478, 52.41575691112746 ], [ 13.49024380592099, 52.415738936732382 ], [ 13.490214409898197, 52.415738561310704 ], [ 13.490214716890682, 52.415729574113264 ], [ 13.49018532087451, 52.41572919868441 ], [ 13.490185627872805, 52.41572021148707 ], [ 13.490141533858717, 52.415719648330267 ], [ 13.490141840865807, 52.41571066113309 ], [ 13.490097746862133, 52.41571009796003 ], [ 13.490097132829876, 52.415728072354007 ], [ 13.490082434823002, 52.415727884625881 ], [ 13.4900812067446, 52.415763833413401 ], [ 13.490066508725947, 52.415763645683192 ], [ 13.49006528063301, 52.415799594470229 ], [ 13.490079978663607, 52.415799782200665 ], [ 13.490079671642954, 52.415808769397444 ], [ 13.490094369676699, 52.41580895712611 ], [ 13.49009375564088, 52.415826931519753 ], [ 13.490108453680758, 52.415827119246714 ], [ 13.490108146665593, 52.415836106443578 ], [ 13.490166938838669, 52.415836857333417 ], [ 13.490166631835285, 52.415845844530502 ], [ 13.490196027928766, 52.415846219964578 ], [ 13.490195720931192, 52.415855207161762 ], [ 13.49021041898116, 52.415855394876132 ], [ 13.490210111986409, 52.415864382073359 ], [ 13.490224810039527, 52.415864569785953 ], [ 13.490225117031292, 52.415855582588662 ] ] ] } },
{ "type": "Feature", "properties": { "id": 23600, "art": "NOT-ALKIS-Gebäude" }, "geometry": { "type": "Polygon", "coordinates": [ [ [ 13.475004349782139, 52.415902975376916 ], [ 13.474960255895548, 52.415902406557571 ], [ 13.474960243522743, 52.415902765144203 ], [ 13.474959945800089, 52.415911393691303 ], [ 13.474945247835233, 52.415911204081141 ], [ 13.474944937736625, 52.415920191214802 ], [ 13.47495963570432, 52.415920380825021 ], [ 13.47495932560868, 52.415929367958732 ], [ 13.474987359048892, 52.415929729597366 ], [ 13.475003419522144, 52.415929936778632 ], [ 13.475004349782139, 52.415902975376916 ] ] ] } },
{ "type": "Feature", "properties": { "id": 23624, "art": "NOT-ALKIS-Gebäude" }, "geometry": { "type": "Polygon", "coordinates": [ [ [ 13.480630282994124, 52.416074318362554 ], [ 13.480644981052002, 52.416074507266472 ], [ 13.480645907876237, 52.416047545794797 ], [ 13.480631209827319, 52.416047356891063 ], [ 13.480631518771391, 52.416038369733876 ], [ 13.48061682072562, 52.416038180828387 ], [ 13.480616511778562, 52.416047167985518 ], [ 13.480587115681539, 52.416046790168927 ], [ 13.480586806728345, 52.416055777325916 ], [ 13.480572108677093, 52.416055588414821 ], [ 13.480571799720751, 52.416064575571745 ], [ 13.480557101666674, 52.416064386658761 ], [ 13.480556792707183, 52.416073373815607 ], [ 13.480571490764248, 52.416073562728641 ], [ 13.48057118180758, 52.416082549885523 ], [ 13.480585879867791, 52.416082738796803 ], [ 13.480585570913947, 52.416091725953748 ], [ 13.480600268977307, 52.416091914863266 ], [ 13.480599960026286, 52.41610090202024 ], [ 13.480629356159465, 52.416101279833924 ], [ 13.480630282994124, 52.416074318362554 ] ] ] } },
{ "type": "Feature", "properties": { "id": 23628, "art": "NOT-ALKIS-Gebäude" }, "geometry": { "type": "Polygon", "coordinates": [ [ [ 13.491197308165956, 52.416236630410722 ], [ 13.491226704533235, 52.416237005590517 ], [ 13.491227011325446, 52.416228018389646 ], [ 13.491212313144711, 52.416227830800729 ], [ 13.491213233529331, 52.4162008691982 ], [ 13.491198535357716, 52.416200681607634 ], [ 13.491198842155251, 52.41619169440682 ], [ 13.49116944581848, 52.416191319220324 ], [ 13.491169139014973, 52.416200306421011 ], [ 13.491154440843843, 52.416200118824968 ], [ 13.491154134037188, 52.416209106025576 ], [ 13.491168832211304, 52.416209293621684 ], [ 13.491167911799325, 52.41623625522363 ], [ 13.491182609982561, 52.416236442818089 ], [ 13.491182303181231, 52.416245430018755 ], [ 13.491197001367611, 52.416245617611466 ], [ 13.491197308165956, 52.416236630410722 ] ] ] } },
{ "type": "Feature", "properties": { "id": 23674, "art": "NOT-ALKIS-Gebäude" }, "geometry": { "type": "Polygon", "coordinates": [ [ [ 13.487489988002901, 52.416288158338794 ], [ 13.487475289827476, 52.416287970285204 ], [ 13.487474982271907, 52.41629695747045 ], [ 13.487445585915575, 52.416296581357656 ], [ 13.487444663229976, 52.416323542912949 ], [ 13.487459361417018, 52.416323730970433 ], [ 13.487458746298447, 52.41634170534067 ], [ 13.487473444491627, 52.416341893396456 ], [ 13.487473136935083, 52.416350880581611 ], [ 13.487517231524544, 52.416351444738183 ], [ 13.487518461713911, 52.416315495996749 ], [ 13.487503763529206, 52.416315307946618 ], [ 13.48750407107913, 52.416306320761279 ], [ 13.487489372897571, 52.416306132709401 ], [ 13.487489988002901, 52.416288158338794 ] ] ] } },
{ "type": "Feature", "properties": { "id": 23767, "art": "NOT-ALKIS-Gebäude" }, "geometry": { "type": "Polygon", "coordinates": [ [ [ 13.444712183519957, 52.416344501268462 ], [ 13.444741579320507, 52.416344888005163 ], [ 13.444741895563903, 52.416335900999556 ], [ 13.444771291359144, 52.416336287728896 ], [ 13.444771607596397, 52.416327300723253 ], [ 13.444786305491284, 52.416327494085074 ], [ 13.444787254193088, 52.416300533067833 ], [ 13.444801952079183, 52.416300726427657 ], [ 13.444802584540247, 52.416282752415945 ], [ 13.444787886660121, 52.416282559056263 ], [ 13.44478820289339, 52.416273572050457 ], [ 13.444700015634051, 52.41627241185433 ], [ 13.444699383131523, 52.416290385865189 ], [ 13.44468468524958, 52.416290192492639 ], [ 13.444682787720073, 52.416344114524463 ], [ 13.444697485619933, 52.416344307897383 ], [ 13.444697169367416, 52.416353294902692 ], [ 13.444711867270428, 52.416353488273842 ], [ 13.444712183519957, 52.416344501268462 ] ] ] } },
{ "type": "Feature", "properties": { "id": 23771, "art": "NOT-ALKIS-Gebäude" }, "geometry": { "type": "Polygon", "coordinates": [ [ [ 13.475871794070406, 52.416759328678353 ], [ 13.475886492323575, 52.416759518175475 ], [ 13.475886802240154, 52.41675053103917 ], [ 13.475901500490499, 52.416750720534395 ], [ 13.475901810403931, 52.416741733398013 ], [ 13.475916508651453, 52.416741922891362 ], [ 13.475917438381806, 52.416714961481901 ], [ 13.475902740143241, 52.416714771988751 ], [ 13.475903050056019, 52.416705784852297 ], [ 13.475888351820602, 52.416705595357371 ], [ 13.475888661736201, 52.41669660822096 ], [ 13.475873963503934, 52.416696418724264 ], [ 13.475873653585349, 52.416705405860611 ], [ 13.475858955350262, 52.41670521636204 ], [ 13.475858645428525, 52.416714203498287 ], [ 13.475843947190615, 52.416714013997826 ], [ 13.475843327340682, 52.416731988270186 ], [ 13.475828629096963, 52.416731798767785 ], [ 13.475827826537561, 52.416755070956668 ], [ 13.475827699311884, 52.416758760176023 ], [ 13.475831570831476, 52.416758810091181 ], [ 13.475842397564561, 52.416758949678631 ], [ 13.475842087638858, 52.416767936814743 ], [ 13.475871484150677, 52.416768315814593 ], [ 13.475871794070406, 52.416759328678353 ] ] ] } },
{ "type": "Feature", "properties": { "id": 23806, "art": "NOT-ALKIS-Gebäude" }, "geometry": { "type": "Polygon", "coordinates": [ [ [ 13.483023384861903, 52.41704012810095 ], [ 13.483052781652615, 52.417040505316855 ], [ 13.483053090115451, 52.417031518151113 ], [ 13.483082486900843, 52.417031895359578 ], [ 13.483082795357545, 52.41702290819368 ], [ 13.483097493747497, 52.417023096795106 ], [ 13.48309811065444, 52.417005122463181 ], [ 13.483083412270458, 52.417004933861868 ], [ 13.483084029182722, 52.416986959529993 ], [ 13.483069330804877, 52.416986770926975 ], [ 13.48306963926375, 52.416977783761077 ], [ 13.483025544140144, 52.416977217941252 ], [ 13.483025235672311, 52.416986205106966 ], [ 13.482995838918082, 52.416985827884503 ], [ 13.482995530444114, 52.416994815050089 ], [ 13.482980832064259, 52.416994626436036 ], [ 13.482980523587141, 52.417003613601551 ], [ 13.482965825204463, 52.417003424985616 ], [ 13.482965208243771, 52.417021399316461 ], [ 13.482979906632423, 52.417021587932517 ], [ 13.48297959815482, 52.417030575097968 ], [ 13.482994296546622, 52.417030763712248 ], [ 13.48299398807184, 52.417039750877755 ], [ 13.483008686466791, 52.417039939490273 ], [ 13.483008377994834, 52.417048926655816 ], [ 13.483023076392932, 52.417049115266565 ], [ 13.483023384861903, 52.41704012810095 ] ] ] } },
{ "type": "Feature", "properties": { "id": 23832, "art": "NOT-ALKIS-Gebäude" }, "geometry": { "type": "Polygon", "coordinates": [ [ [ 13.483475026285134, 52.417162807302581 ], [ 13.48348972472427, 52.417162995855605 ], [ 13.483490649849887, 52.417136034353426 ], [ 13.483475951419711, 52.41713584580058 ], [ 13.483476259797579, 52.417126858633218 ], [ 13.483461561370548, 52.417126670078602 ], [ 13.483461869751238, 52.417117682911297 ], [ 13.483432472903642, 52.417117305796708 ], [ 13.483432164516978, 52.417126292963907 ], [ 13.483417466090438, 52.417126104403813 ], [ 13.483417157700627, 52.417135091570941 ], [ 13.48338776084206, 52.417134714445162 ], [ 13.483387452446115, 52.417143701612133 ], [ 13.48337275401409, 52.41714351304644 ], [ 13.483372137215738, 52.417161487380248 ], [ 13.483386835653736, 52.417161675946062 ], [ 13.483386527257302, 52.417170663112998 ], [ 13.483474717906617, 52.41717179446988 ], [ 13.483475026285134, 52.417162807302581 ] ] ] } },
{ "type": "Feature", "properties": { "id": 23836, "art": "NOT-ALKIS-Gebäude" }, "geometry": { "type": "Polygon", "coordinates": [ [ [ 13.441731804302137, 52.416628934960421 ], [ 13.441731170584658, 52.416646908944863 ], [ 13.441819358466754, 52.416648071360925 ], [ 13.441819675307665, 52.416639084368327 ], [ 13.44180497732988, 52.41663889063696 ], [ 13.441805294173609, 52.41662990364442 ], [ 13.441731804302137, 52.416628934960421 ] ] ] } },
{ "type": "Feature", "properties": { "id": 23855, "art": "NOT-ALKIS-Gebäude" }, "geometry": { "type": "Polygon", "coordinates": [ [ [ 13.430395567121506, 52.41659584777652 ], [ 13.430410265004994, 52.416596042925981 ], [ 13.430410584164655, 52.416587055982227 ], [ 13.430395886284151, 52.416586860832815 ], [ 13.43039684377108, 52.416559900001729 ], [ 13.430382145899701, 52.416559704850691 ], [ 13.43038246506466, 52.416550717907 ], [ 13.430338371460495, 52.416550132443113 ], [ 13.430338052286578, 52.416559119386612 ], [ 13.430323354415876, 52.416558924228184 ], [ 13.430323035238805, 52.416567911171612 ], [ 13.430337733112497, 52.416568106330018 ], [ 13.430336775589234, 52.416595067160401 ], [ 13.430351473472049, 52.416595262317166 ], [ 13.430351154300274, 52.416604249260757 ], [ 13.430395247958691, 52.416604834720196 ], [ 13.430395567121506, 52.41659584777652 ] ] ] } },
{ "type": "Feature", "properties": { "id": 23890, "art": "NOT-ALKIS-Gebäude" }, "geometry": { "type": "Polygon", "coordinates": [ [ [ 13.490857314011004, 52.417580957971971 ], [ 13.490813218127279, 52.41758039505175 ], [ 13.490812911235986, 52.417589382248835 ], [ 13.490798212605414, 52.417589194605057 ], [ 13.490797905710972, 52.41759818180207 ], [ 13.490812604344528, 52.417598369445919 ], [ 13.49081229745291, 52.417607356642982 ], [ 13.490856393363512, 52.417607919563736 ], [ 13.490857314011004, 52.417580957971971 ] ] ] } },
{ "type": "Feature", "properties": { "id": 23920, "art": "NOT-ALKIS-Gebäude" }, "geometry": { "type": "Polygon", "coordinates": [ [ [ 13.510501345781584, 52.418072852929015 ], [ 13.510516044705401, 52.418073038124852 ], [ 13.510516953377548, 52.418046076292768 ], [ 13.51050225446269, 52.418045891097179 ], [ 13.510502557356071, 52.418036903819875 ], [ 13.51048785844436, 52.418036718622531 ], [ 13.510488161340568, 52.418027731345269 ], [ 13.510473462432001, 52.418027546146149 ], [ 13.510473159532804, 52.418036533423439 ], [ 13.510458460621413, 52.418036348222344 ], [ 13.510457854816572, 52.418054322776584 ], [ 13.510443155899363, 52.418054137573719 ], [ 13.510442852993719, 52.418063124850676 ], [ 13.510457551913913, 52.418063310053675 ], [ 13.510456946108112, 52.418081284607823 ], [ 13.510501042887565, 52.418081840206256 ], [ 13.510501345781584, 52.418072852929015 ] ] ] } },
{ "type": "Feature", "properties": { "id": 23925, "art": "NOT-ALKIS-Gebäude" }, "geometry": { "type": "Polygon", "coordinates": [ [ [ 13.474886016033865, 52.417627746337779 ], [ 13.474841920429181, 52.417627177461291 ], [ 13.47484161029038, 52.41763616459189 ], [ 13.474826911752876, 52.417635974962685 ], [ 13.474826601611074, 52.417644962093227 ], [ 13.474841300151416, 52.417645151722489 ], [ 13.474840990012289, 52.417654138853067 ], [ 13.474885085643846, 52.417654707730108 ], [ 13.474886016033865, 52.417627746337779 ] ] ] } },
{ "type": "Feature", "properties": { "id": 23937, "art": "NOT-ALKIS-Gebäude" }, "geometry": { "type": "Polygon", "coordinates": [ [ [ 13.426863265029663, 52.417097357290857 ], [ 13.426966151210648, 52.417098726381305 ], [ 13.426966471076256, 52.417089739453139 ], [ 13.426981169099799, 52.41708993503012 ], [ 13.426981488962252, 52.417080948101884 ], [ 13.426996186982979, 52.417081143676981 ], [ 13.426996826701407, 52.417063169820338 ], [ 13.426908638615405, 52.417061996343136 ], [ 13.426908318738359, 52.417070983271088 ], [ 13.426878922705066, 52.417070592097382 ], [ 13.426878602821887, 52.417079579025106 ], [ 13.426849206783301, 52.417079187843868 ], [ 13.426848886893977, 52.417088174771536 ], [ 13.42683418887195, 52.41708797917812 ], [ 13.426833868979472, 52.417096966105703 ], [ 13.426819170954628, 52.417096770510405 ], [ 13.426818851058995, 52.417105757437916 ], [ 13.426862945142988, 52.417106344218553 ], [ 13.426863265029663, 52.417097357290857 ] ] ] } },
{ "type": "Feature", "properties": { "id": 23945, "art": "NOT-ALKIS-Gebäude" }, "geometry": { "type": "Polygon", "coordinates": [ [ [ 13.507421382686818, 52.418267775805788 ], [ 13.507436081654863, 52.418267961384906 ], [ 13.507436688693076, 52.418249986856011 ], [ 13.507451387655308, 52.418250172433162 ], [ 13.507452601717867, 52.41821422337496 ], [ 13.507467300668315, 52.418214408950057 ], [ 13.507468514716367, 52.418178459891372 ], [ 13.507483213655028, 52.418178645464408 ], [ 13.507484124180428, 52.418151683670061 ], [ 13.50741062953351, 52.418150755787565 ], [ 13.507410933056587, 52.418141768523057 ], [ 13.507322739503488, 52.418140655004137 ], [ 13.507323043044323, 52.418131667739964 ], [ 13.507308344122354, 52.418131482147153 ], [ 13.507308040578531, 52.41814046941127 ], [ 13.507293341653734, 52.418140283816548 ], [ 13.507292127464895, 52.418176232872689 ], [ 13.507277428528315, 52.418176047275836 ], [ 13.507276517876049, 52.418203009067525 ], [ 13.50729121682159, 52.418203194664471 ], [ 13.507290913273501, 52.418212181928403 ], [ 13.507335010120045, 52.418212738708469 ], [ 13.507334706580753, 52.418221725972572 ], [ 13.507349405532906, 52.418221911562334 ], [ 13.50734819138609, 52.418257860618795 ], [ 13.50736289035035, 52.418258046206965 ], [ 13.507362586816233, 52.418267033471103 ], [ 13.507377285783638, 52.418267219057519 ], [ 13.507376982252346, 52.4182762063217 ], [ 13.507421079164486, 52.418276763070153 ], [ 13.507421382686818, 52.418267775805788 ] ] ] } },
{ "type": "Feature", "properties": { "id": 23954, "art": "NOT-ALKIS-Gebäude" }, "geometry": { "type": "Polygon", "coordinates": [ [ [ 13.49574953502472, 52.418146811107995 ], [ 13.495764233874143, 52.418146998137672 ], [ 13.495764539764972, 52.418138010920998 ], [ 13.495779238611572, 52.418138197948814 ], [ 13.495780156274135, 52.418111236298472 ], [ 13.495765457436494, 52.418111049270848 ], [ 13.495765763326679, 52.418102062054103 ], [ 13.495706967989674, 52.418101313925568 ], [ 13.495706662087546, 52.418110301142086 ], [ 13.495691963250712, 52.418110114105325 ], [ 13.495691045534395, 52.418137075754572 ], [ 13.495705744380187, 52.418137262791511 ], [ 13.495705438477414, 52.41814625000795 ], [ 13.495720137326353, 52.41814643704312 ], [ 13.495719831426403, 52.418155424259616 ], [ 13.495749229130741, 52.418155798324612 ], [ 13.49574953502472, 52.418146811107995 ] ] ] } },
{ "type": "Feature", "properties": { "id": 24009, "art": "NOT-ALKIS-Gebäude" }, "geometry": { "type": "Polygon", "coordinates": [ [ [ 13.477173559751527, 52.418241658691905 ], [ 13.477144162242158, 52.41824128000836 ], [ 13.477143852564549, 52.418250267147634 ], [ 13.477129153807123, 52.418250077803073 ], [ 13.477128534445443, 52.418268052081466 ], [ 13.477143233208841, 52.418268241426169 ], [ 13.477142923530742, 52.418277228565408 ], [ 13.477187019830875, 52.418277796588711 ], [ 13.477187948837807, 52.418250835170404 ], [ 13.477173250079892, 52.418250645831307 ], [ 13.477173559751527, 52.418241658691905 ] ] ] } },
{ "type": "Feature", "properties": { "id": 24023, "art": "NOT-ALKIS-Gebäude" }, "geometry": { "type": "Polygon", "coordinates": [ [ [ 13.471568683863104, 52.418304194333324 ], [ 13.471583382600496, 52.418304384369236 ], [ 13.471584004217709, 52.418286410137313 ], [ 13.471569305486289, 52.418286220101535 ], [ 13.471569616297634, 52.418277232985609 ], [ 13.471540218841261, 52.41827685290869 ], [ 13.47153990802394, 52.418285840024495 ], [ 13.471525209293011, 52.418285649983233 ], [ 13.471524898472543, 52.418294637098946 ], [ 13.471539597206458, 52.418294827140265 ], [ 13.471539286388813, 52.418303814256042 ], [ 13.471553985125876, 52.418304004295592 ], [ 13.471553674311053, 52.418312991411398 ], [ 13.471568373051268, 52.418313181449193 ], [ 13.471568683863104, 52.418304194333324 ] ] ] } },
{ "type": "Feature", "properties": { "id": 24051, "art": "NOT-ALKIS-Gebäude" }, "geometry": { "type": "Polygon", "coordinates": [ [ [ 13.506282998746036, 52.418882774599574 ], [ 13.506282694985524, 52.418891761858333 ], [ 13.50632679248975, 52.418892319019413 ], [ 13.50632648873804, 52.41890130627835 ], [ 13.506385285424528, 52.418902049134452 ], [ 13.506385589164292, 52.418893061875274 ], [ 13.506400288333328, 52.418893247584684 ], [ 13.506401199542704, 52.418866285806914 ], [ 13.50641589870294, 52.418866471514313 ], [ 13.506418024831639, 52.418803560698564 ], [ 13.506403325692306, 52.418803374991668 ], [ 13.506403629427325, 52.418794387732198 ], [ 13.506388930291138, 52.418794202023527 ], [ 13.506389234028985, 52.418785214764114 ], [ 13.506301039233158, 52.418784100473665 ], [ 13.50630134298876, 52.41877511321465 ], [ 13.506286643859669, 52.418774927493246 ], [ 13.506287858892421, 52.41873897845732 ], [ 13.506273159775438, 52.418738792734324 ], [ 13.506273463536212, 52.418729805475365 ], [ 13.506258764422373, 52.418729619750607 ], [ 13.506258460658614, 52.418738607009509 ], [ 13.506243761541949, 52.418738421282853 ], [ 13.506242850240746, 52.418765383059281 ], [ 13.506228151115284, 52.418765197330629 ], [ 13.50622784734491, 52.418774184589338 ], [ 13.506169050832712, 52.418773441656207 ], [ 13.506168747050232, 52.418782428914668 ], [ 13.506154047919596, 52.418782243176764 ], [ 13.506153744133966, 52.418791230435232 ], [ 13.506139045000506, 52.418791044695446 ], [ 13.506138741211736, 52.418800031953666 ], [ 13.506153440348182, 52.41880021769353 ], [ 13.506153136562235, 52.418809204951891 ], [ 13.506167835701831, 52.418809390689965 ], [ 13.50616753191871, 52.418818377948384 ], [ 13.50618223106145, 52.418818563684702 ], [ 13.506180712158374, 52.418863499976794 ], [ 13.506195411316208, 52.418863685711592 ], [ 13.506195107538099, 52.418872672970032 ], [ 13.506209806699079, 52.418872858703047 ], [ 13.506209502923797, 52.418881845961536 ], [ 13.506282998746036, 52.418882774599574 ] ] ] } },
{ "type": "Feature", "properties": { "id": 24077, "art": "NOT-ALKIS-Gebäude" }, "geometry": { "type": "Polygon", "coordinates": [ [ [ 13.431814016993686, 52.418062252432918 ], [ 13.431828715374708, 52.418062447409952 ], [ 13.431829353150869, 52.418044473514705 ], [ 13.43184405152609, 52.418044668489685 ], [ 13.431844370410937, 52.418035681541895 ], [ 13.431873767155913, 52.418036071486263 ], [ 13.431874086034615, 52.418027084538409 ], [ 13.431903482774292, 52.418027474475359 ], [ 13.43190380164685, 52.418018487527455 ], [ 13.431918500013959, 52.418018682493035 ], [ 13.431919137752606, 52.418000708596878 ], [ 13.431904439391474, 52.418000513631334 ], [ 13.431904758263531, 52.417991526683302 ], [ 13.431890059905554, 52.417991331715989 ], [ 13.43188974103051, 52.418000318663964 ], [ 13.431845645948624, 52.417999733750896 ], [ 13.431845327064455, 52.418008720698673 ], [ 13.431815930338066, 52.418008330747362 ], [ 13.431817524787094, 52.417963396008979 ], [ 13.431744033048716, 52.417962421100327 ], [ 13.431743714144316, 52.417971408047727 ], [ 13.431729015794158, 52.417971213060454 ], [ 13.431728696886607, 52.417980200007761 ], [ 13.431713998533631, 52.417980005018599 ], [ 13.431713679622925, 52.417988991965842 ], [ 13.431698981267132, 52.41798879697479 ], [ 13.431698662353272, 52.41799778392194 ], [ 13.431683963994661, 52.417997588928998 ], [ 13.431682369407905, 52.418042523664248 ], [ 13.431697067781444, 52.418042718657503 ], [ 13.431696748866575, 52.418051705604569 ], [ 13.431711447243268, 52.418051900596069 ], [ 13.431711128331212, 52.41806088754327 ], [ 13.431725826711062, 52.418061082532994 ], [ 13.431725507801831, 52.418070069480059 ], [ 13.431813698102365, 52.418071239380545 ], [ 13.431814016993686, 52.418062252432918 ] ] ] } },
{ "type": "Feature", "properties": { "id": 24110, "art": "NOT-ALKIS-Gebäude" }, "geometry": { "type": "Polygon", "coordinates": [ [ [ 13.514387294441285, 52.419272608733316 ], [ 13.514401993789965, 52.419272793448961 ], [ 13.514402295903865, 52.419263806157637 ], [ 13.514416995249718, 52.419263990871478 ], [ 13.514417599471068, 52.419246016288561 ], [ 13.514432298811105, 52.419246201000469 ], [ 13.514432903025844, 52.419228226417466 ], [ 13.514418203691779, 52.419228041705765 ], [ 13.514418505801899, 52.419219054414214 ], [ 13.514403806470975, 52.419218869700813 ], [ 13.514403504357873, 52.419227856992237 ], [ 13.514388805024124, 52.419227672276882 ], [ 13.514387596558171, 52.419263621442042 ], [ 13.514372897212636, 52.41926343672462 ], [ 13.51437229297273, 52.419281411307026 ], [ 13.514386992324239, 52.419281596024561 ], [ 13.514387294441285, 52.419272608733316 ] ] ] } },
{ "type": "Feature", "properties": { "id": 24139, "art": "NOT-ALKIS-Gebäude" }, "geometry": { "type": "Polygon", "coordinates": [ [ [ 13.492806064676186, 52.419080361257329 ], [ 13.492820763816168, 52.419080548655238 ], [ 13.49282107031574, 52.419071561452128 ], [ 13.492806371178743, 52.419071374054283 ], [ 13.49280667768114, 52.419062386851223 ], [ 13.492791978547292, 52.419062199451609 ], [ 13.492792285052513, 52.419053212248592 ], [ 13.492777585921811, 52.419053024847209 ], [ 13.492777892429858, 52.419044037644234 ], [ 13.492733795047686, 52.419043475429326 ], [ 13.49273348853068, 52.419052462632116 ], [ 13.492718789400627, 52.419052275223436 ], [ 13.492718482880473, 52.419061262426148 ], [ 13.492703783747594, 52.419061075015577 ], [ 13.492703477224291, 52.419070062218232 ], [ 13.492718176360158, 52.419070249628852 ], [ 13.49271786983968, 52.419079236831536 ], [ 13.492732568978694, 52.419079424240401 ], [ 13.492732262461042, 52.419088411443155 ], [ 13.492746961603203, 52.419088598850252 ], [ 13.492746655088375, 52.419097586053027 ], [ 13.492761354233684, 52.419097773458354 ], [ 13.492761047721682, 52.419106760661194 ], [ 13.492790446018759, 52.419107135466497 ], [ 13.492790139512568, 52.419116122669429 ], [ 13.492804838664336, 52.419116310069406 ], [ 13.492804532160969, 52.419125297272373 ], [ 13.492833930470962, 52.419125672066961 ], [ 13.492834543465587, 52.419107697660756 ], [ 13.492819844316482, 52.419107510264503 ], [ 13.492820150816538, 52.419098523061429 ], [ 13.492805451670584, 52.419098335663392 ], [ 13.492806064676186, 52.419080361257329 ] ] ] } },
{ "type": "Feature", "properties": { "id": 24188, "art": "NOT-ALKIS-Gebäude" }, "geometry": { "type": "Polygon", "coordinates": [ [ [ 13.473102221305325, 52.41903431059459 ], [ 13.473087522314815, 52.419034120745643 ], [ 13.473087211803595, 52.419043107866763 ], [ 13.473072512810264, 52.419042918015933 ], [ 13.473072202295892, 52.419051905136982 ], [ 13.473086901292209, 52.419052094987869 ], [ 13.473085659245033, 52.419088043472136 ], [ 13.473115057262049, 52.41908842316893 ], [ 13.473116609790749, 52.419043487562952 ], [ 13.473101910797089, 52.419043297715774 ], [ 13.473102221305325, 52.41903431059459 ] ] ] } },
{ "type": "Feature", "properties": { "id": 24194, "art": "NOT-ALKIS-Gebäude" }, "geometry": { "type": "Polygon", "coordinates": [ [ [ 13.468645943370806, 52.419048599608431 ], [ 13.468660642335683, 52.419048790009519 ], [ 13.468661265158026, 52.419030815804405 ], [ 13.468646566199121, 52.419030625403423 ], [ 13.468646877613034, 52.419021638300897 ], [ 13.468588081791001, 52.419020876678978 ], [ 13.468587770365145, 52.419029863781269 ], [ 13.468573071407061, 52.419029673371156 ], [ 13.468572448548882, 52.419047647575553 ], [ 13.468587147512938, 52.419047837985779 ], [ 13.468586836086589, 52.41905682508802 ], [ 13.468645631956402, 52.419057586710913 ], [ 13.468645943370806, 52.419048599608431 ] ] ] } },
{ "type": "Feature", "properties": { "id": 24235, "art": "NOT-ALKIS-Gebäude" }, "geometry": { "type": "Polygon", "coordinates": [ [ [ 13.500095695965555, 52.419640608953543 ], [ 13.500110395340974, 52.419640795446689 ], [ 13.500110700364628, 52.419631808214376 ], [ 13.500125399737222, 52.419631994705625 ], [ 13.500126009778073, 52.419614020240871 ], [ 13.500140709144857, 52.419614206730159 ], [ 13.500141319179091, 52.419596232265221 ], [ 13.500156018540061, 52.419596418752583 ], [ 13.50015632355395, 52.419587431520021 ], [ 13.500171022912093, 52.419587618005494 ], [ 13.500171327922835, 52.419578630772861 ], [ 13.500186027278154, 52.419578817256443 ], [ 13.500186637293183, 52.419560842791029 ], [ 13.500157238594655, 52.419560469822279 ], [ 13.500156933581247, 52.419569457054884 ], [ 13.500142234229239, 52.419569270567713 ], [ 13.500141929212683, 52.419578257800225 ], [ 13.500083131794307, 52.419577511833033 ], [ 13.500082826765645, 52.419586499065311 ], [ 13.500068127408468, 52.419586312568889 ], [ 13.500066907280264, 52.419622261497551 ], [ 13.500052207911301, 52.419622074999069 ], [ 13.500051597840262, 52.419640049463183 ], [ 13.500066297215199, 52.419640235961801 ], [ 13.500065992182423, 52.419649223193915 ], [ 13.500095390938753, 52.419649596185778 ], [ 13.500095695965555, 52.419640608953543 ] ] ] } },
{ "type": "Feature", "properties": { "id": 24241, "art": "NOT-ALKIS-Gebäude" }, "geometry": { "type": "Polygon", "coordinates": [ [ [ 13.50488770086452, 52.419701308939516 ], [ 13.504902400292295, 52.419701494837113 ], [ 13.504903616491406, 52.419665545829545 ], [ 13.504918315907394, 52.419665731725068 ], [ 13.504919228046084, 52.41963876996904 ], [ 13.504933927453274, 52.419638955862574 ], [ 13.504934535538959, 52.419620981358356 ], [ 13.504890437335796, 52.419620423672683 ], [ 13.504890741387355, 52.419611436420738 ], [ 13.504846643194595, 52.419610878718792 ], [ 13.504846947254956, 52.419601891467011 ], [ 13.504802849072597, 52.419601333748808 ], [ 13.504802545003276, 52.41961032100042 ], [ 13.50478784560649, 52.419610135090636 ], [ 13.504787237461393, 52.419628109593674 ], [ 13.504772538058795, 52.419627923681944 ], [ 13.504771625830985, 52.419654885436209 ], [ 13.504756926419587, 52.419654699522468 ], [ 13.504756014181377, 52.419681661276435 ], [ 13.504741314761178, 52.41968147536069 ], [ 13.504740402512564, 52.41970843711433 ], [ 13.50475510194172, 52.419708623030253 ], [ 13.504754797861516, 52.419717610281488 ], [ 13.50479889615891, 52.419718168018477 ], [ 13.504798592087504, 52.419727155269882 ], [ 13.504827990959209, 52.41972752708552 ], [ 13.504827686893615, 52.419736514337025 ], [ 13.504886484650894, 52.419737257946622 ], [ 13.50488770086452, 52.419701308939516 ] ] ] } },
{ "type": "Feature", "properties": { "id": 24254, "art": "NOT-ALKIS-Gebäude" }, "geometry": { "type": "Polygon", "coordinates": [ [ [ 13.514748032365937, 52.419915508498505 ], [ 13.514762731930814, 52.419915693170886 ], [ 13.514763336025769, 52.419897718587237 ], [ 13.514748636466866, 52.419897533914977 ], [ 13.514748938517092, 52.419888546623191 ], [ 13.514719539405737, 52.419888177273307 ], [ 13.514718935293182, 52.419906151856623 ], [ 13.51470423573177, 52.419905967178821 ], [ 13.514703631612601, 52.419923941761958 ], [ 13.514747730315232, 52.419924495790262 ], [ 13.514748032365937, 52.419915508498505 ] ] ] } },
{ "type": "Feature", "properties": { "id": 24318, "art": "NOT-ALKIS-Gebäude" }, "geometry": { "type": "Polygon", "coordinates": [ [ [ 13.486767049644664, 52.419794433981117 ], [ 13.486781748981221, 52.419794622131505 ], [ 13.486782056716523, 52.419785634954479 ], [ 13.486767357382954, 52.419785446804163 ], [ 13.48676766512108, 52.41977645962718 ], [ 13.486752965790663, 52.419776271475087 ], [ 13.486753273531612, 52.419767284298167 ], [ 13.486723874877232, 52.419766907988624 ], [ 13.486724182623995, 52.41975792081179 ], [ 13.486709483300034, 52.419757732654361 ], [ 13.486709175550287, 52.419766719831124 ], [ 13.486694476223501, 52.41976653167179 ], [ 13.486693552964322, 52.419793493201816 ], [ 13.486737650972042, 52.419794057674878 ], [ 13.486737343227615, 52.419803044851697 ], [ 13.486766741906212, 52.419803421158072 ], [ 13.486767049644664, 52.419794433981117 ] ] ] } },
{ "type": "Feature", "properties": { "id": 24330, "art": "NOT-ALKIS-Gebäude" }, "geometry": { "type": "Polygon", "coordinates": [ [ [ 13.449194503246542, 52.419352487191169 ], [ 13.449209202178094, 52.419352680010959 ], [ 13.449209832916672, 52.419334705971082 ], [ 13.449195133991093, 52.419334513151405 ], [ 13.449195449363121, 52.419325526131502 ], [ 13.449121954752648, 52.419324562006054 ], [ 13.449121008591277, 52.419351523064776 ], [ 13.449165105383937, 52.419352101546096 ], [ 13.44916479000544, 52.419361088565822 ], [ 13.449194187874017, 52.419361474211016 ], [ 13.449194503246542, 52.419352487191169 ] ] ] } },
{ "type": "Feature", "properties": { "id": 24350, "art": "NOT-ALKIS-Gebäude" }, "geometry": { "type": "Polygon", "coordinates": [ [ [ 13.453894396808884, 52.419521940768426 ], [ 13.453909095829408, 52.419522133004421 ], [ 13.453909410245162, 52.419513145964807 ], [ 13.453924109262866, 52.419513338198925 ], [ 13.453924738087901, 52.419495364119506 ], [ 13.45391003907617, 52.419495171885515 ], [ 13.453910353491425, 52.419486184845852 ], [ 13.453866256466185, 52.419485608133094 ], [ 13.45386594204197, 52.419494595172587 ], [ 13.453851243030901, 52.419494402931278 ], [ 13.453849985320442, 52.419530351088795 ], [ 13.453894082389981, 52.419530927807955 ], [ 13.453894396808884, 52.419521940768426 ] ] ] } },
{ "type": "Feature", "properties": { "id": 24361, "art": "NOT-ALKIS-Gebäude" }, "geometry": { "type": "Polygon", "coordinates": [ [ [ 13.429846703095912, 52.419213983580512 ], [ 13.429846064486679, 52.419231957455118 ], [ 13.429860763242806, 52.419232152679719 ], [ 13.429860443940921, 52.419241139617064 ], [ 13.429875142700203, 52.419241334839896 ], [ 13.429874823401134, 52.41925032177739 ], [ 13.429904220926172, 52.419250712217597 ], [ 13.429905178804946, 52.419223751404978 ], [ 13.4298904800513, 52.419223556185926 ], [ 13.42989079934687, 52.41921456924851 ], [ 13.429846703095912, 52.419213983580512 ] ] ] } },
{ "type": "Feature", "properties": { "id": 24379, "art": "NOT-ALKIS-Gebäude" }, "geometry": { "type": "Polygon", "coordinates": [ [ [ 13.488052289983511, 52.420053638138207 ], [ 13.48806698941498, 52.420053826129454 ], [ 13.488067296891844, 52.420044838947511 ], [ 13.488081996320485, 52.420045026936883 ], [ 13.488082918741146, 52.420018065390735 ], [ 13.488024121063384, 52.42001731342301 ], [ 13.488023813578048, 52.420026300604825 ], [ 13.488009114156025, 52.420026112608269 ], [ 13.48800819169008, 52.420053074153451 ], [ 13.488022891121062, 52.420053262150198 ], [ 13.488022583635077, 52.420062249331956 ], [ 13.488051982503498, 52.420062625320085 ], [ 13.488052289983511, 52.420053638138207 ] ] ] } },
{ "type": "Feature", "properties": { "id": 24382, "art": "NOT-ALKIS-Gebäude" }, "geometry": { "type": "Polygon", "coordinates": [ [ [ 13.425271877400673, 52.41925203624595 ], [ 13.42530127486196, 52.419252427830585 ], [ 13.425301595090888, 52.419243440912901 ], [ 13.425330992546877, 52.419243832490103 ], [ 13.425331312769664, 52.419234845572277 ], [ 13.425360710220357, 52.419235237142054 ], [ 13.425361030437003, 52.419226250224099 ], [ 13.425346331714557, 52.419226054440173 ], [ 13.425346972153314, 52.419208080604328 ], [ 13.425332273437011, 52.419207884818718 ], [ 13.425332913881062, 52.419189910983015 ], [ 13.425318215170902, 52.419189715195607 ], [ 13.425318535395663, 52.419180728277752 ], [ 13.425289137981816, 52.419180336697771 ], [ 13.425288817751083, 52.419189323615512 ], [ 13.425215324204492, 52.419188344633284 ], [ 13.425215003958661, 52.419197331550677 ], [ 13.425200305246863, 52.419197135748682 ], [ 13.425199984997878, 52.419206122666012 ], [ 13.425214683712662, 52.419206318468056 ], [ 13.425214043220153, 52.419224292302772 ], [ 13.425228741941078, 52.419224488103126 ], [ 13.425228421697559, 52.419233475020519 ], [ 13.425243120421639, 52.419233670819111 ], [ 13.425242479940062, 52.419251644653997 ], [ 13.425257178670282, 52.41925184045089 ], [ 13.425256858432229, 52.419260827368362 ], [ 13.425271557165605, 52.419261023163486 ], [ 13.425271877400673, 52.41925203624595 ] ] ] } },
{ "type": "Feature", "properties": { "id": 24399, "art": "NOT-ALKIS-Gebäude" }, "geometry": { "type": "Polygon", "coordinates": [ [ [ 13.519373831624815, 52.420548961892685 ], [ 13.519388531431103, 52.420549145991572 ], [ 13.519388832545017, 52.420540158681845 ], [ 13.519374132741714, 52.4205399745831 ], [ 13.519374433858452, 52.420530987273487 ], [ 13.519330334458466, 52.420530434966103 ], [ 13.519330033332766, 52.420539422275624 ], [ 13.519315333530098, 52.420539238169489 ], [ 13.519314731272251, 52.420557212788182 ], [ 13.519373530507762, 52.42055794920217 ], [ 13.519373831624815, 52.420548961892685 ] ] ] } },
{ "type": "Feature", "properties": { "id": 24449, "art": "NOT-ALKIS-Gebäude" }, "geometry": { "type": "Polygon", "coordinates": [ [ [ 13.516233422082383, 52.420788313388634 ], [ 13.516248121947402, 52.420788497878512 ], [ 13.516249027212048, 52.420761535988959 ], [ 13.516263727068269, 52.420761720476833 ], [ 13.516264028819849, 52.420752733180116 ], [ 13.516278728673241, 52.420752917666086 ], [ 13.516279332169944, 52.420734943072674 ], [ 13.516294032017521, 52.420735127556696 ], [ 13.516294635507615, 52.4207171529631 ], [ 13.516279935666009, 52.420716968479255 ], [ 13.516280237413804, 52.420707981182488 ], [ 13.516265537575347, 52.420707796696817 ], [ 13.516265839325973, 52.420698809400015 ], [ 13.51620703998568, 52.420698071439347 ], [ 13.516206738223113, 52.420707058735744 ], [ 13.516192038385451, 52.420706874240928 ], [ 13.516191736619732, 52.420715861537424 ], [ 13.516162336938915, 52.420715492542115 ], [ 13.516162035167063, 52.420724479838462 ], [ 13.516147335323909, 52.420724295337969 ], [ 13.516147033548913, 52.420733282634174 ], [ 13.516132333702927, 52.420733098131883 ], [ 13.516131730146487, 52.420751072724109 ], [ 13.516146429998445, 52.420751257226527 ], [ 13.516145826447339, 52.420769231818909 ], [ 13.516160526305431, 52.420769416319622 ], [ 13.516160224532626, 52.420778403615806 ], [ 13.516174924393868, 52.420778588114658 ], [ 13.516174622623886, 52.420787575410991 ], [ 13.516189322488271, 52.420787759908151 ], [ 13.516189020721127, 52.420796747204342 ], [ 13.516233120324195, 52.420797300685081 ], [ 13.516233422082383, 52.420788313388634 ] ] ] } },
{ "type": "Feature", "properties": { "id": 24490, "art": "NOT-ALKIS-Gebäude" }, "geometry": { "type": "Polygon", "coordinates": [ [ [ 13.456900745690623, 52.420181609388344 ], [ 13.456915444951331, 52.420181801252319 ], [ 13.456917014009614, 52.42013686599546 ], [ 13.456902314763839, 52.420136674131797 ], [ 13.456902526525644, 52.420130609669535 ], [ 13.456890115112728, 52.420127523745521 ], [ 13.456873230092905, 52.420127303347762 ], [ 13.456873367797119, 52.420123359829667 ], [ 13.456851950730371, 52.420118034440293 ], [ 13.45684414543441, 52.420117932556643 ], [ 13.456843831608483, 52.42012691960776 ], [ 13.456829132366522, 52.420126727735031 ], [ 13.456827877049212, 52.420162675939117 ], [ 13.456813177795471, 52.420162484064299 ], [ 13.456812863962744, 52.420171471115218 ], [ 13.456827563219473, 52.420171662990086 ], [ 13.456827249389567, 52.420180650041054 ], [ 13.456856647909492, 52.420181033785461 ], [ 13.456856334085394, 52.420190020836529 ], [ 13.456900431875484, 52.420190596439603 ], [ 13.456900745690623, 52.420181609388344 ] ] ] } },
{ "type": "Feature", "properties": { "id": 24512, "art": "NOT-ALKIS-Gebäude" }, "geometry": { "type": "Polygon", "coordinates": [ [ [ 13.506862959893962, 52.420868141791729 ], [ 13.506804160579394, 52.420867399153764 ], [ 13.506803856903113, 52.420876386411628 ], [ 13.506789157071884, 52.420876200747522 ], [ 13.506787942353213, 52.420912149778573 ], [ 13.506817342039724, 52.420912521105542 ], [ 13.506817038365632, 52.420921508363314 ], [ 13.506875837752524, 52.420922250995481 ], [ 13.50687735606166, 52.420877314704811 ], [ 13.506862656229629, 52.420877129049828 ], [ 13.506862959893962, 52.420868141791729 ] ] ] } },
{ "type": "Feature", "properties": { "id": 24578, "art": "NOT-ALKIS-Gebäude" }, "geometry": { "type": "Polygon", "coordinates": [ [ [ 13.428635972404599, 52.420177935234513 ], [ 13.428650671466775, 52.420178130611966 ], [ 13.42865163014217, 52.420151169819789 ], [ 13.42859283393032, 52.420150388299824 ], [ 13.428591875219091, 52.420177349091155 ], [ 13.428606574280758, 52.4201775444741 ], [ 13.428606254712996, 52.420186531404603 ], [ 13.428635652842811, 52.420186922165136 ], [ 13.428635972404599, 52.420177935234513 ] ] ] } },
{ "type": "Feature", "properties": { "id": 24617, "art": "NOT-ALKIS-Gebäude" }, "geometry": { "type": "Polygon", "coordinates": [ [ [ 13.442046780996897, 52.420625163988106 ], [ 13.441929186563197, 52.420623614229825 ], [ 13.441927602240716, 52.420668549164468 ], [ 13.441942301559274, 52.420668742890953 ], [ 13.441942618421118, 52.420659755904005 ], [ 13.441986716368842, 52.420660337072327 ], [ 13.441986399515958, 52.420669324059475 ], [ 13.442045196793874, 52.420670098925257 ], [ 13.442046780996897, 52.420625163988106 ] ] ] } },
{ "type": "Feature", "properties": { "id": 24691, "art": "NOT-ALKIS-Gebäude" }, "geometry": { "type": "Polygon", "coordinates": [ [ [ 13.445771875557462, 52.420916957114969 ], [ 13.445786574985449, 52.420917150364218 ], [ 13.445788471481293, 52.420863228346128 ], [ 13.445656176796675, 52.420861489040419 ], [ 13.445655860687571, 52.420870476042914 ], [ 13.445641161276017, 52.420870282777521 ], [ 13.44564021293875, 52.420897243784729 ], [ 13.445654912359265, 52.420897437050293 ], [ 13.445654596249497, 52.420906424052731 ], [ 13.445669295673163, 52.420906617316533 ], [ 13.445668979566214, 52.420915604319006 ], [ 13.445727777274499, 52.420916377356242 ], [ 13.445727461179329, 52.420925364358943 ], [ 13.445742160609804, 52.420925557613742 ], [ 13.445741844517453, 52.420934544616507 ], [ 13.445771243384876, 52.420934931120748 ], [ 13.445771875557462, 52.420916957114969 ] ] ] } },
{ "type": "Feature", "properties": { "id": 24720, "art": "NOT-ALKIS-Gebäude" }, "geometry": { "type": "Polygon", "coordinates": [ [ [ 13.440913146590402, 52.42107775964503 ], [ 13.440927846037962, 52.421077953498674 ], [ 13.440928480183358, 52.421059979534654 ], [ 13.440884381859101, 52.421059397968605 ], [ 13.440883747695789, 52.421077371932249 ], [ 13.440869048248731, 52.421077178073126 ], [ 13.440868414078777, 52.421095152036585 ], [ 13.440912512438366, 52.421095733608851 ], [ 13.440913146590402, 52.42107775964503 ] ] ] } },
{ "type": "Feature", "properties": { "id": 24722, "art": "NOT-ALKIS-Gebäude" }, "geometry": { "type": "Polygon", "coordinates": [ [ [ 13.512958023267377, 52.421978938884529 ], [ 13.512956511080031, 52.42202387529094 ], [ 13.512985911588435, 52.422024245089631 ], [ 13.512987423745908, 52.421979308682701 ], [ 13.512958023267377, 52.421978938884529 ] ] ] } },
{ "type": "Feature", "properties": { "id": 24730, "art": "NOT-ALKIS-Gebäude" }, "geometry": { "type": "Polygon", "coordinates": [ [ [ 13.510089358535039, 52.422005759366343 ], [ 13.510104058764, 52.422005944623066 ], [ 13.510104664799043, 52.421987970083713 ], [ 13.510045863908035, 52.421987229046756 ], [ 13.510046166937263, 52.421978241777268 ], [ 13.51000206627965, 52.42197768598048 ], [ 13.510001763241458, 52.421986673249798 ], [ 13.509987063019588, 52.421986487980405 ], [ 13.509986759978251, 52.421995475249652 ], [ 13.510001460203112, 52.421995660518945 ], [ 13.510001157164606, 52.42200464778815 ], [ 13.510030557620777, 52.422005018321514 ], [ 13.510030254588083, 52.422014005590832 ], [ 13.510089055514293, 52.422014746635895 ], [ 13.510089358535039, 52.422005759366343 ] ] ] } },
{ "type": "Feature", "properties": { "id": 24740, "art": "NOT-ALKIS-Gebäude" }, "geometry": { "type": "Polygon", "coordinates": [ [ [ 13.51868781463077, 52.4221497716306 ], [ 13.518717215299187, 52.422150140004945 ], [ 13.518717817834622, 52.422132165395979 ], [ 13.518732518163098, 52.422132349580203 ], [ 13.518732819427587, 52.422123362275727 ], [ 13.518718119102104, 52.42212317809139 ], [ 13.518718420369421, 52.422114190786942 ], [ 13.518689019724901, 52.422113822413074 ], [ 13.518689320998035, 52.422104835108662 ], [ 13.518674620679002, 52.422104650918968 ], [ 13.518674921954966, 52.422095663614584 ], [ 13.518645521323347, 52.422095295230079 ], [ 13.518644617477058, 52.422122257142725 ], [ 13.518659317801749, 52.422122441336114 ], [ 13.518659016522319, 52.422131428640462 ], [ 13.518673716850156, 52.422131612832089 ], [ 13.518672813019881, 52.422158574744984 ], [ 13.518687513356843, 52.42215875893487 ], [ 13.51868781463077, 52.4221497716306 ] ] ] } },
{ "type": "Feature", "properties": { "id": 24779, "art": "NOT-ALKIS-Gebäude" }, "geometry": { "type": "Polygon", "coordinates": [ [ [ 13.494473212979432, 52.421942793666375 ], [ 13.494472600588539, 52.42196076807744 ], [ 13.494487300697683, 52.421960955275338 ], [ 13.494486994504982, 52.421969942480921 ], [ 13.494501694617274, 52.421970129677042 ], [ 13.4945013884274, 52.421979116882667 ], [ 13.494545488774206, 52.421979678460254 ], [ 13.49454518259313, 52.421988665666042 ], [ 13.494589282950351, 52.421989227227378 ], [ 13.494589895294421, 52.421971252815425 ], [ 13.494575195181159, 52.421971065630267 ], [ 13.494575501355939, 52.421962078424322 ], [ 13.494516700916456, 52.421961329665642 ], [ 13.494517007103022, 52.421952342459939 ], [ 13.494502306996541, 52.421952155265757 ], [ 13.494502613185935, 52.421943168060082 ], [ 13.494473212979432, 52.421942793666375 ] ] ] } },
{ "type": "Feature", "properties": { "id": 24806, "art": "NOT-ALKIS-Gebäude" }, "geometry": { "type": "Polygon", "coordinates": [ [ [ 13.489633201664017, 52.421988952651233 ], [ 13.489647901749821, 52.421989140450791 ], [ 13.489648208926686, 52.421980153265245 ], [ 13.489662909009665, 52.42198034106292 ], [ 13.489663216183382, 52.421971353877304 ], [ 13.48969261634385, 52.421971729467039 ], [ 13.489692923511431, 52.421962742281281 ], [ 13.48970762358892, 52.421962930073349 ], [ 13.489707930753355, 52.421953942887512 ], [ 13.489693230678851, 52.421953755095501 ], [ 13.48969353784611, 52.421944767909714 ], [ 13.489664137703564, 52.421944392320341 ], [ 13.489663830530331, 52.421953379506007 ], [ 13.489575630088661, 52.421952252693664 ], [ 13.489575937279815, 52.421943265508361 ], [ 13.489561237209756, 52.421943077699964 ], [ 13.489560622821314, 52.421961052070444 ], [ 13.489575322897345, 52.421961239878954 ], [ 13.489575015705867, 52.421970227064229 ], [ 13.489604415864392, 52.421970602675891 ], [ 13.489603801492899, 52.421988577046633 ], [ 13.489618501578377, 52.42198876484985 ], [ 13.489618194395376, 52.42199775203526 ], [ 13.489632894484002, 52.4219979398367 ], [ 13.489633201664017, 52.421988952651233 ] ] ] } },
{ "type": "Feature", "properties": { "id": 24857, "art": "NOT-ALKIS-Gebäude" }, "geometry": { "type": "Polygon", "coordinates": [ [ [ 13.485216097453206, 52.422139235141159 ], [ 13.485230797559039, 52.422139423490187 ], [ 13.485231413712242, 52.422121449156172 ], [ 13.485216713612383, 52.422121260807266 ], [ 13.485217021691726, 52.42211227364028 ], [ 13.485202321595018, 52.422112085289619 ], [ 13.485202629677188, 52.422103098122676 ], [ 13.485158529396994, 52.422102533059856 ], [ 13.485158221305866, 52.422111520226615 ], [ 13.485143521209807, 52.422111331868628 ], [ 13.485143213115528, 52.422120319035287 ], [ 13.485128513016644, 52.422120130675417 ], [ 13.485127896821623, 52.422138105008592 ], [ 13.485186697242028, 52.422138858437606 ], [ 13.485186389156224, 52.422147845604414 ], [ 13.485215789373376, 52.422148222308088 ], [ 13.485216097453206, 52.422139235141159 ] ] ] } },
{ "type": "Feature", "properties": { "id": 24874, "art": "NOT-ALKIS-Gebäude" }, "geometry": { "type": "Polygon", "coordinates": [ [ [ 13.506691302239862, 52.422466388107487 ], [ 13.506706002599305, 52.42246657378768 ], [ 13.506706306312896, 52.422457586532651 ], [ 13.506721006669512, 52.422457772211033 ], [ 13.506721310379955, 52.422448784955854 ], [ 13.506736010733746, 52.422448970632274 ], [ 13.506736314441042, 52.422439983377089 ], [ 13.506721614090239, 52.42243979770074 ], [ 13.506721917800361, 52.422430810445597 ], [ 13.506707217452703, 52.422430624767472 ], [ 13.506707521165652, 52.422421637512372 ], [ 13.506692820821142, 52.422421451832484 ], [ 13.506693428252532, 52.422403477322383 ], [ 13.506678727914158, 52.422403291640769 ], [ 13.506679031632601, 52.422394304385755 ], [ 13.506664331297372, 52.422394118702385 ], [ 13.506664635018639, 52.422385131447498 ], [ 13.506635234354642, 52.42238476007531 ], [ 13.506635538081724, 52.422375772820438 ], [ 13.506620837752951, 52.422375587131704 ], [ 13.506621141482864, 52.422366599876888 ], [ 13.506606441157237, 52.422366414186392 ], [ 13.506606744889973, 52.422357426931612 ], [ 13.506577344245178, 52.422357055545262 ], [ 13.506577647983729, 52.422348068290582 ], [ 13.506562947664557, 52.422347882594721 ], [ 13.506563251405936, 52.422338895340097 ], [ 13.506548551089912, 52.422338709642467 ], [ 13.506548854834117, 52.422329722387886 ], [ 13.506534154521241, 52.42232953668848 ], [ 13.506534458268273, 52.422320549433948 ], [ 13.506519757958543, 52.422320363732787 ], [ 13.506519150458345, 52.422338338241737 ], [ 13.50648974982742, 52.422337966833688 ], [ 13.506489446071106, 52.422346954088013 ], [ 13.506474745752895, 52.422346768381182 ], [ 13.506473834474031, 52.422373730143903 ], [ 13.506488534801203, 52.422373915850912 ], [ 13.50648823104425, 52.422382903105181 ], [ 13.506502931374568, 52.422383088810413 ], [ 13.50650262762044, 52.422392076064732 ], [ 13.506532028287531, 52.422392447469832 ], [ 13.506531724539219, 52.42240143472425 ], [ 13.506546424875991, 52.422401620424125 ], [ 13.506546121130503, 52.422410607678593 ], [ 13.506560821470424, 52.422410793376699 ], [ 13.506560517727765, 52.422419780631209 ], [ 13.506589918414061, 52.422420152022042 ], [ 13.506589614677216, 52.422429139276666 ], [ 13.506604315023592, 52.422429324969407 ], [ 13.506604011289571, 52.422438312224067 ], [ 13.506618711639096, 52.422438497915039 ], [ 13.506618407907903, 52.422447485169741 ], [ 13.506647808613403, 52.422447856546349 ], [ 13.506647504888024, 52.422456843801143 ], [ 13.506662205244002, 52.422457029486765 ], [ 13.506661901521452, 52.422466016741616 ], [ 13.506676601880576, 52.422466202425468 ], [ 13.506676298160851, 52.422475189680362 ], [ 13.506690998523124, 52.422475375362453 ], [ 13.506691302239862, 52.422466388107487 ] ] ] } },
{ "type": "Feature", "properties": { "id": 24886, "art": "NOT-ALKIS-Gebäude" }, "geometry": { "type": "Polygon", "coordinates": [ [ [ 13.45071161903487, 52.421799990440093 ], [ 13.45072631879089, 52.421800183077558 ], [ 13.450728209320774, 52.421746260941511 ], [ 13.450713509582673, 52.421746068304415 ], [ 13.450713194491788, 52.421755055327068 ], [ 13.450698494750865, 52.421754862688083 ], [ 13.45069664127082, 52.421807727050748 ], [ 13.450696604184145, 52.421808784823305 ], [ 13.450705551927333, 52.4218089020831 ], [ 13.450711303942986, 52.421808977462653 ], [ 13.45071161903487, 52.421799990440093 ] ] ] } },
{ "type": "Feature", "properties": { "id": 24909, "art": "NOT-ALKIS-Gebäude" }, "geometry": { "type": "Polygon", "coordinates": [ [ [ 13.453516130226438, 52.421926621390995 ], [ 13.453530830044036, 52.421926813680152 ], [ 13.453532088122747, 52.421890865542693 ], [ 13.453517388317097, 52.421890673253785 ], [ 13.453517702839346, 52.42188168621945 ], [ 13.45350300303685, 52.421881493928772 ], [ 13.453502688511614, 52.42189048096305 ], [ 13.453487988706295, 52.421890288670475 ], [ 13.45348704512063, 52.421917249773045 ], [ 13.453472345306517, 52.421917057478467 ], [ 13.453472030774645, 52.421926044512553 ], [ 13.453486730591743, 52.421926236807188 ], [ 13.45348641606269, 52.421935223841338 ], [ 13.45351581570336, 52.421935608425265 ], [ 13.453516130226438, 52.421926621390995 ] ] ] } },
{ "type": "Feature", "properties": { "id": 24936, "art": "NOT-ALKIS-Gebäude" }, "geometry": { "type": "Polygon", "coordinates": [ [ [ 13.491203320734908, 52.42252149436807 ], [ 13.491203627601395, 52.422512507176904 ], [ 13.491233028142679, 52.42251288238635 ], [ 13.491233335003029, 52.422503895195049 ], [ 13.491248035270926, 52.422504082796976 ], [ 13.491248648985168, 52.422486108414205 ], [ 13.491233948723245, 52.422485920812399 ], [ 13.491234255583111, 52.422476933621056 ], [ 13.491219555324335, 52.42247674601748 ], [ 13.491219862187027, 52.422467758826173 ], [ 13.491205161931401, 52.422467571220842 ], [ 13.491205468796917, 52.422458584029584 ], [ 13.491176068292125, 52.422458208813552 ], [ 13.491175761420635, 52.422467196004689 ], [ 13.491161061165496, 52.422467008393873 ], [ 13.491160754290854, 52.422475995584932 ], [ 13.491146054032891, 52.422475807972233 ], [ 13.491145133399041, 52.422502769545147 ], [ 13.491159833665968, 52.422502957158024 ], [ 13.491159219915234, 52.422520931540014 ], [ 13.491203320734908, 52.42252149436807 ] ] ] } },
{ "type": "Feature", "properties": { "id": 24950, "art": "NOT-ALKIS-Gebäude" }, "geometry": { "type": "Polygon", "coordinates": [ [ [ 13.511488337804254, 52.422823588200878 ], [ 13.511503038314565, 52.422823773285685 ], [ 13.511503341056631, 52.422814786011514 ], [ 13.511518041564116, 52.422814971094354 ], [ 13.511519252518823, 52.42277902199762 ], [ 13.511533953014517, 52.422779207078484 ], [ 13.511535163954719, 52.42274325798126 ], [ 13.511520463470973, 52.422743072900644 ], [ 13.51152076620861, 52.42273408562636 ], [ 13.511447263807197, 52.422733160196543 ], [ 13.511446961054622, 52.42274214747053 ], [ 13.511432260571832, 52.422741962379028 ], [ 13.511431352304189, 52.422768924200703 ], [ 13.511416651812596, 52.422768739107198 ], [ 13.511415743534554, 52.422795700928575 ], [ 13.51143044403511, 52.422795886022257 ], [ 13.511429233007433, 52.422831835117435 ], [ 13.511488035059042, 52.422832575474956 ], [ 13.511488337804254, 52.422823588200878 ] ] ] } },
{ "type": "Feature", "properties": { "id": 25053, "art": "NOT-ALKIS-Gebäude" }, "geometry": { "type": "Polygon", "coordinates": [ [ [ 13.435654448652601, 52.422150169927711 ], [ 13.435669148419992, 52.422150364437918 ], [ 13.435670102882373, 52.422123403564207 ], [ 13.435655403123935, 52.422123209054377 ], [ 13.43565572128071, 52.422114222096532 ], [ 13.435641021525429, 52.422114027584861 ], [ 13.435641339685025, 52.422105040627066 ], [ 13.43558254067753, 52.4221042625622 ], [ 13.435581904334278, 52.422122236477271 ], [ 13.435567204576847, 52.422122041956378 ], [ 13.435566886401981, 52.422131028913924 ], [ 13.435581586162394, 52.422131223434874 ], [ 13.435580949818139, 52.422149197349746 ], [ 13.435625049118309, 52.422149780902103 ], [ 13.435624730954888, 52.422158767859749 ], [ 13.435654130495148, 52.422159156885577 ], [ 13.435654448652601, 52.422150169927711 ] ] ] } },
{ "type": "Feature", "properties": { "id": 25141, "art": "NOT-ALKIS-Gebäude" }, "geometry": { "type": "Polygon", "coordinates": [ [ [ 13.484951622932245, 52.422990002006927 ], [ 13.484922222158733, 52.422989625233356 ], [ 13.4849219140097, 52.422998612397777 ], [ 13.4849072136202, 52.422998424008199 ], [ 13.484906597315669, 52.423016398336848 ], [ 13.484921297711143, 52.42301658672654 ], [ 13.484920989561621, 52.423025573890904 ], [ 13.484935689960242, 52.42302576227884 ], [ 13.484935381813544, 52.423034749443246 ], [ 13.484950082215317, 52.423034937829421 ], [ 13.484949774071445, 52.42304392499387 ], [ 13.484993875286701, 52.423044490141592 ], [ 13.484994799690947, 52.423017528647641 ], [ 13.48498009929466, 52.423017340267073 ], [ 13.484980407432072, 52.423008353102446 ], [ 13.484965707038937, 52.423008164720123 ], [ 13.484966015179172, 52.422999177555553 ], [ 13.484951314789186, 52.422998989171447 ], [ 13.484951622932245, 52.422990002006927 ] ] ] } },
{ "type": "Feature", "properties": { "id": 25254, "art": "NOT-ALKIS-Gebäude" }, "geometry": { "type": "Polygon", "coordinates": [ [ [ 13.500389313754265, 52.423555461872319 ], [ 13.500418715113231, 52.423555834803111 ], [ 13.500419325121104, 52.423537860347935 ], [ 13.500434025794853, 52.423538046810478 ], [ 13.500435245796721, 52.423502097899714 ], [ 13.500376443150484, 52.423501352039565 ], [ 13.500376138138311, 52.423510339267033 ], [ 13.500361437474167, 52.423510152797363 ], [ 13.500359912395943, 52.423555088934208 ], [ 13.500374613075024, 52.423555275404169 ], [ 13.500374308061884, 52.423564262631558 ], [ 13.500389008744113, 52.423564449099764 ], [ 13.500389313754265, 52.423555461872319 ] ] ] } },
{ "type": "Feature", "properties": { "id": 25255, "art": "NOT-ALKIS-Gebäude" }, "geometry": { "type": "Polygon", "coordinates": [ [ [ 13.504520210988622, 52.423607787029383 ], [ 13.504534911713161, 52.423607972982289 ], [ 13.504535520048147, 52.423589998493576 ], [ 13.504520819329583, 52.423589812540712 ], [ 13.504521123499822, 52.423580825296334 ], [ 13.504491722069147, 52.423580453385412 ], [ 13.504491417892929, 52.423589440629733 ], [ 13.504476717174846, 52.423589254671384 ], [ 13.504476108815961, 52.423607229159707 ], [ 13.504490809540021, 52.423607415118084 ], [ 13.504490505363323, 52.423616402362299 ], [ 13.504519906817899, 52.423616774273704 ], [ 13.504520210988622, 52.423607787029383 ] ] ] } },
{ "type": "Feature", "properties": { "id": 25302, "art": "NOT-ALKIS-Gebäude" }, "geometry": { "type": "Polygon", "coordinates": [ [ [ 13.488462504354995, 52.423538443783713 ], [ 13.488477204948232, 52.423538631732661 ], [ 13.488477819812237, 52.423520657375995 ], [ 13.488463119224974, 52.423520469427167 ], [ 13.488463426659722, 52.423511482248863 ], [ 13.488434025491655, 52.423511106345842 ], [ 13.488433718050935, 52.423520093524019 ], [ 13.488419017464159, 52.423519905569705 ], [ 13.488418402576254, 52.423537879925888 ], [ 13.488433103169006, 52.423538067880322 ], [ 13.488432795727798, 52.423547055058464 ], [ 13.488462196919761, 52.423547430961968 ], [ 13.488462504354995, 52.423538443783713 ] ] ] } },
{ "type": "Feature", "properties": { "id": 25368, "art": "NOT-ALKIS-Gebäude" }, "geometry": { "type": "Polygon", "coordinates": [ [ [ 13.498596790852334, 52.423937310855457 ], [ 13.49861149164669, 52.423937497545545 ], [ 13.498611797022402, 52.423928510325986 ], [ 13.498597096231034, 52.423928323635941 ], [ 13.498597401609572, 52.423919336416432 ], [ 13.498582700821352, 52.423919149724625 ], [ 13.498583006202717, 52.423910162505159 ], [ 13.498568305417646, 52.42390997581159 ], [ 13.498568610801835, 52.423900988592166 ], [ 13.498553910019911, 52.423900801896835 ], [ 13.498552688470234, 52.423936750774203 ], [ 13.498567389264103, 52.423936937469861 ], [ 13.498567083879273, 52.42394592468915 ], [ 13.498596485473476, 52.423946298074938 ], [ 13.498596790852334, 52.423937310855457 ] ] ] } },
{ "type": "Feature", "properties": { "id": 25441, "art": "NOT-ALKIS-Gebäude" }, "geometry": { "type": "Polygon", "coordinates": [ [ [ 13.446182225891654, 52.423466848383597 ], [ 13.446123424777712, 52.423466075546216 ], [ 13.446123108733934, 52.423475062546714 ], [ 13.446108408452877, 52.423474869332736 ], [ 13.446107144264149, 52.423510817334346 ], [ 13.446121844557151, 52.423511010548566 ], [ 13.44612152851254, 52.423519997548993 ], [ 13.446195029994994, 52.423520963593027 ], [ 13.446196610141714, 52.423476028589199 ], [ 13.446181909859824, 52.423475835384352 ], [ 13.446182225891654, 52.423466848383597 ] ] ] } },
{ "type": "Feature", "properties": { "id": 25464, "art": "NOT-ALKIS-Gebäude" }, "geometry": { "type": "Polygon", "coordinates": [ [ [ 13.489190724623468, 52.424177129508635 ], [ 13.489189495445578, 52.42421307822972 ], [ 13.48920419626814, 52.424213266089986 ], [ 13.489203888976249, 52.424222253270273 ], [ 13.489233290627837, 52.424222628985433 ], [ 13.489234519770525, 52.424186680263681 ], [ 13.489219818956602, 52.424186492407259 ], [ 13.489220126244856, 52.424177505226844 ], [ 13.489190724623468, 52.424177129508635 ] ] ] } },
{ "type": "Feature", "properties": { "id": 25477, "art": "NOT-ALKIS-Gebäude" }, "geometry": { "type": "Polygon", "coordinates": [ [ [ 13.442763847524043, 52.423646650149124 ], [ 13.442778547838911, 52.423646843779302 ], [ 13.442779498015886, 52.42361988282132 ], [ 13.442764797709978, 52.423619689191327 ], [ 13.44276511443829, 52.423610702205359 ], [ 13.442676912624279, 52.423609540387368 ], [ 13.442677229370348, 52.423600553401691 ], [ 13.442589027580272, 52.423599391518394 ], [ 13.442589344344093, 52.423590404533151 ], [ 13.44254524346027, 52.423589823566978 ], [ 13.442544926687487, 52.423598810552043 ], [ 13.442530226390229, 52.423598616892939 ], [ 13.44252959283819, 52.423616590862878 ], [ 13.442544293141424, 52.423616784522103 ], [ 13.442543976368141, 52.423625771507112 ], [ 13.442573376981084, 52.42362615882022 ], [ 13.44257306021361, 52.423635145805349 ], [ 13.442646561763823, 52.423636114056443 ], [ 13.442646245011115, 52.423645101041856 ], [ 13.442690345952212, 52.42364568197079 ], [ 13.442690029208295, 52.423654668956374 ], [ 13.442763530795064, 52.423655637135028 ], [ 13.442763847524043, 52.423646650149124 ] ] ] } },
{ "type": "Feature", "properties": { "id": 25626, "art": "NOT-ALKIS-Gebäude" }, "geometry": { "type": "Polygon", "coordinates": [ [ [ 13.487831113941755, 52.424798115971008 ], [ 13.487845814949718, 52.424798304001591 ], [ 13.487846122524161, 52.424789316827798 ], [ 13.487860823529299, 52.424789504856491 ], [ 13.487861131100592, 52.424780517682635 ], [ 13.487846430098443, 52.424780329653998 ], [ 13.487846737672562, 52.424771342480177 ], [ 13.487817335674723, 52.424770966417555 ], [ 13.487817028094629, 52.424779953591255 ], [ 13.487802327092966, 52.42477976555714 ], [ 13.487801711926316, 52.424797739904356 ], [ 13.487816412933956, 52.424797927938592 ], [ 13.487816105353374, 52.424806915112249 ], [ 13.487830806364164, 52.424807103144715 ], [ 13.487831113941755, 52.424798115971008 ] ] ] } },
{ "type": "Feature", "properties": { "id": 25886, "art": "NOT-ALKIS-Gebäude" }, "geometry": { "type": "Polygon", "coordinates": [ [ [ 13.439932817999605, 52.42510185873347 ], [ 13.43994751877873, 52.425102052719318 ], [ 13.439948153414845, 52.425084078775981 ], [ 13.439933452641691, 52.42508388479024 ], [ 13.439933769962483, 52.425074897818618 ], [ 13.439919069192486, 52.425074703831122 ], [ 13.439918751868712, 52.42508369080258 ], [ 13.43990405109589, 52.425083496813293 ], [ 13.439903099114586, 52.425110457727712 ], [ 13.439917799896364, 52.42511065171729 ], [ 13.439917482571914, 52.425119638688791 ], [ 13.439932183356849, 52.425119832676614 ], [ 13.439932817999605, 52.42510185873347 ] ] ] } },
{ "type": "Feature", "properties": { "id": 25961, "art": "NOT-ALKIS-Gebäude" }, "geometry": { "type": "Polygon", "coordinates": [ [ [ 13.428411930224124, 52.425236988539517 ], [ 13.428426630967321, 52.425237183957947 ], [ 13.428427270292129, 52.425219210113909 ], [ 13.42841256955491, 52.425219014695514 ], [ 13.428412889220045, 52.42521002777363 ], [ 13.428383487752077, 52.425209636931683 ], [ 13.428383168080968, 52.425218623853446 ], [ 13.428368467344251, 52.425218428429666 ], [ 13.428367827995547, 52.425236402273214 ], [ 13.428382528738235, 52.4252365976972 ], [ 13.428382209066621, 52.425245584618906 ], [ 13.428411610558481, 52.425245975461451 ], [ 13.428411930224124, 52.425236988539517 ] ] ] } },
{ "type": "Feature", "properties": { "id": 25996, "art": "NOT-ALKIS-Gebäude" }, "geometry": { "type": "Polygon", "coordinates": [ [ [ 13.435875793505346, 52.425452856217532 ], [ 13.435890494372817, 52.425453050708654 ], [ 13.435890812519988, 52.425444063754902 ], [ 13.435905513384638, 52.42544425824412 ], [ 13.435905831528652, 52.425435271290276 ], [ 13.435891130666992, 52.425435076801023 ], [ 13.435891448813825, 52.425426089847335 ], [ 13.435847346238802, 52.425425506369088 ], [ 13.435846391770909, 52.425452467229825 ], [ 13.435861092638044, 52.425452661724599 ], [ 13.435860774484732, 52.425461648678215 ], [ 13.43587547535502, 52.425461843171227 ], [ 13.435875793505346, 52.425452856217532 ] ] ] } },
{ "type": "Feature", "properties": { "id": 26005, "art": "NOT-ALKIS-Gebäude" }, "geometry": { "type": "Polygon", "coordinates": [ [ [ 13.438197579610188, 52.425510524043268 ], [ 13.43821228051311, 52.42551071824591 ], [ 13.438212915864314, 52.425492744318646 ], [ 13.438198214967365, 52.425492550116154 ], [ 13.438198532645702, 52.425483563152575 ], [ 13.438154429964825, 52.425482980534284 ], [ 13.438154112277525, 52.425491967497678 ], [ 13.438139411381245, 52.42549177328786 ], [ 13.438138458309382, 52.425518734177771 ], [ 13.438197261931347, 52.425519511006804 ], [ 13.438197579610188, 52.425510524043268 ] ] ] } },
{ "type": "Feature", "properties": { "id": 26016, "art": "NOT-ALKIS-Gebäude" }, "geometry": { "type": "Polygon", "coordinates": [ [ [ 13.496324101831236, 52.42632703270008 ], [ 13.496338803405225, 52.426327219678633 ], [ 13.496339109269437, 52.426318232472084 ], [ 13.496368512411921, 52.426318606423578 ], [ 13.49636881827, 52.426309619216902 ], [ 13.496383519838496, 52.426309806189849 ], [ 13.496383825693425, 52.42630081898308 ], [ 13.496369124127915, 52.426300632010189 ], [ 13.49636942998567, 52.426291644803484 ], [ 13.496325325299074, 52.426291083874041 ], [ 13.496325019432357, 52.426300071080568 ], [ 13.496310317867495, 52.426299884100366 ], [ 13.496310011997627, 52.426308871306823 ], [ 13.496295310429938, 52.426308684324745 ], [ 13.496294392810405, 52.426335645943844 ], [ 13.496323795963873, 52.426336019906557 ], [ 13.496324101831236, 52.42632703270008 ] ] ] } },
{ "type": "Feature", "properties": { "id": 26021, "art": "NOT-ALKIS-Gebäude" }, "geometry": { "type": "Polygon", "coordinates": [ [ [ 13.49441259233126, 52.426311697128163 ], [ 13.49442729388725, 52.426311884344315 ], [ 13.49442760014003, 52.426302897145632 ], [ 13.494515809461442, 52.426304020403791 ], [ 13.494516728165038, 52.426277058806555 ], [ 13.494531429710207, 52.426277246009668 ], [ 13.494533267095113, 52.426223322814408 ], [ 13.494342147253535, 52.426220889036031 ], [ 13.494341840984282, 52.426229876234501 ], [ 13.49432713945615, 52.426229689007933 ], [ 13.494326220638454, 52.426256650603051 ], [ 13.494340922175551, 52.426256837829797 ], [ 13.494339084553728, 52.426310761019998 ], [ 13.494353786108912, 52.426310948245288 ], [ 13.494353479841029, 52.426319935443665 ], [ 13.494412286075328, 52.426320684326782 ], [ 13.49441259233126, 52.426311697128163 ] ] ] } },
{ "type": "Feature", "properties": { "id": 26066, "art": "NOT-ALKIS-Gebäude" }, "geometry": { "type": "Polygon", "coordinates": [ [ [ 13.488126124218599, 52.426492216868134 ], [ 13.48814082579212, 52.426492404866266 ], [ 13.488141440858431, 52.426474430521409 ], [ 13.488097336156281, 52.426473866521903 ], [ 13.488097028614245, 52.426482853694147 ], [ 13.488082327044198, 52.426482665690592 ], [ 13.488081711953662, 52.426500640034938 ], [ 13.488125816682215, 52.426501204040477 ], [ 13.488126124218599, 52.426492216868134 ] ] ] } },
{ "type": "Feature", "properties": { "id": 26067, "art": "NOT-ALKIS-Gebäude" }, "geometry": { "type": "Polygon", "coordinates": [ [ [ 13.502856877422689, 52.426688661866265 ], [ 13.50287157916093, 52.426688848033557 ], [ 13.502871883700566, 52.426679860800704 ], [ 13.502886585435979, 52.426680046966112 ], [ 13.502886889972464, 52.426671059733238 ], [ 13.502901591705053, 52.426671245896671 ], [ 13.502902505304588, 52.4266442841976 ], [ 13.502858400134199, 52.426643725702114 ], [ 13.50285809559222, 52.426652712934974 ], [ 13.50284339386609, 52.426652526766098 ], [ 13.50284308932096, 52.426661513998972 ], [ 13.502828387592006, 52.426661327828114 ], [ 13.502828083043728, 52.426670315060825 ], [ 13.502813381311944, 52.426670128888169 ], [ 13.50281277220893, 52.426688103353442 ], [ 13.50282747394669, 52.426688289526211 ], [ 13.502827169397928, 52.426697276758873 ], [ 13.502856572879905, 52.426697649099054 ], [ 13.502856877422689, 52.426688661866265 ] ] ] } },
{ "type": "Feature", "properties": { "id": 26182, "art": "NOT-ALKIS-Gebäude" }, "geometry": { "type": "Polygon", "coordinates": [ [ [ 13.441795744961203, 52.426493082318792 ], [ 13.441794794085613, 52.42652004325101 ], [ 13.441809495349521, 52.426520237009051 ], [ 13.441809178393644, 52.426529223986471 ], [ 13.441853282195334, 52.4265298052498 ], [ 13.441854233035576, 52.4265028443169 ], [ 13.441839531777141, 52.426502650564473 ], [ 13.441839848726541, 52.426493663586854 ], [ 13.441795744961203, 52.426493082318792 ] ] ] } },
{ "type": "Feature", "properties": { "id": 26251, "art": "NOT-ALKIS-Gebäude" }, "geometry": { "type": "Polygon", "coordinates": [ [ [ 13.500898932134294, 52.427607916687208 ], [ 13.500913634165212, 52.427608103100198 ], [ 13.500913939113142, 52.427599115876774 ], [ 13.500928641141231, 52.427599302287852 ], [ 13.500928946086011, 52.427590315064371 ], [ 13.500943648111273, 52.427590501473567 ], [ 13.500943953052905, 52.427581514249994 ], [ 13.500958655075337, 52.427581700657392 ], [ 13.500958960013824, 52.427572713433669 ], [ 13.500973662033433, 52.427572899839092 ], [ 13.500973966968765, 52.427563912615362 ], [ 13.500988668985547, 52.427564099018909 ], [ 13.500988973917732, 52.427555111795115 ], [ 13.501003675931686, 52.427555298196772 ], [ 13.501003980860723, 52.427546310972893 ], [ 13.501018682871848, 52.42754649737266 ], [ 13.501018987797737, 52.427537510148724 ], [ 13.501033689806036, 52.427537696546601 ], [ 13.501034604573771, 52.427510734874488 ], [ 13.501019902574436, 52.427510548476796 ], [ 13.50102020749968, 52.427501561252789 ], [ 13.501005505503494, 52.427501374853328 ], [ 13.501005810431566, 52.427492387629371 ], [ 13.500991108438528, 52.427492201228141 ], [ 13.500991413369427, 52.427483214004226 ], [ 13.500976711379536, 52.427483027601248 ], [ 13.500977016313264, 52.427474040377362 ], [ 13.500962314326522, 52.4274738539726 ], [ 13.500962619263076, 52.427464866748785 ], [ 13.500947917279484, 52.427464680342247 ], [ 13.500948222218865, 52.427455693118468 ], [ 13.500933520238423, 52.427455506710174 ], [ 13.500933825180631, 52.427446519486438 ], [ 13.50088971924923, 52.427445960250765 ], [ 13.50088941429806, 52.42745494747431 ], [ 13.500874712318261, 52.427454761058705 ], [ 13.500874407363941, 52.427463748282186 ], [ 13.500859705381314, 52.427463561864691 ], [ 13.500859400423844, 52.427472549088094 ], [ 13.500844698438391, 52.427472362668716 ], [ 13.500844393477774, 52.427481349892041 ], [ 13.500829691489493, 52.427481163470766 ], [ 13.500829386525727, 52.427490150694027 ], [ 13.500814684534619, 52.427489964270862 ], [ 13.500814379567704, 52.42749895149403 ], [ 13.500799677573768, 52.427498765069004 ], [ 13.500799372603703, 52.427507752292101 ], [ 13.500784670606942, 52.427507565865163 ], [ 13.500784365633729, 52.427516553088203 ], [ 13.50076966363414, 52.427516366659383 ], [ 13.500769358657777, 52.427525353882331 ], [ 13.500754656655362, 52.427525167451613 ], [ 13.50075404669618, 52.427543141897353 ], [ 13.500768748704571, 52.427543328328184 ], [ 13.500768443727724, 52.427552315551175 ], [ 13.500783145739268, 52.427552501980152 ], [ 13.500782840765249, 52.427561489203192 ], [ 13.50079754277994, 52.4275616756304 ], [ 13.500797237808751, 52.427570662853398 ], [ 13.50081193982659, 52.427570849278915 ], [ 13.500811634858227, 52.427579836501955 ], [ 13.500826336879211, 52.427580022925802 ], [ 13.500826031913679, 52.427589010148807 ], [ 13.500840733937814, 52.427589196570793 ], [ 13.500840428975106, 52.427598183793926 ], [ 13.500855131002393, 52.427598370214142 ], [ 13.500854826042509, 52.427607357437324 ], [ 13.500869528072945, 52.427607543855778 ], [ 13.500869223115886, 52.427616531079103 ], [ 13.500898627183215, 52.427616903910561 ], [ 13.500898932134294, 52.427607916687208 ] ] ] } },
{ "type": "Feature", "properties": { "id": 26364, "art": "NOT-ALKIS-Gebäude" }, "geometry": { "type": "Polygon", "coordinates": [ [ [ 13.438041786811713, 52.427837175972847 ], [ 13.438071190163566, 52.427837564427001 ], [ 13.438071507894598, 52.427828577467537 ], [ 13.438086209567789, 52.427828771691814 ], [ 13.438086527295667, 52.427819784732286 ], [ 13.438145333978152, 52.427820561610851 ], [ 13.438145016262226, 52.427829548570628 ], [ 13.438159717936253, 52.427829742785754 ], [ 13.438159400223148, 52.427838729745588 ], [ 13.438188803577681, 52.427839118170503 ], [ 13.438191345230038, 52.427767222490438 ], [ 13.438059030355024, 52.427765474525295 ], [ 13.438059348087704, 52.427756487565794 ], [ 13.438088751386115, 52.427756876015145 ], [ 13.438090022291256, 52.427720928176448 ], [ 13.438045917379744, 52.427720345500418 ], [ 13.438043693231247, 52.427783254216656 ], [ 13.438028991573496, 52.427783059987213 ], [ 13.438028038355522, 52.427810020865202 ], [ 13.438042740022237, 52.42781021509473 ], [ 13.438042422285561, 52.427819202054188 ], [ 13.438027720615862, 52.427819007824503 ], [ 13.438026767395876, 52.427845968702279 ], [ 13.438041469074538, 52.427846162932155 ], [ 13.438041786811713, 52.427837175972847 ] ] ] } },
{ "type": "Feature", "properties": { "id": 26375, "art": "NOT-ALKIS-Gebäude" }, "geometry": { "type": "Polygon", "coordinates": [ [ [ 13.446523417516163, 52.427984889864923 ], [ 13.446552821084778, 52.427985276210968 ], [ 13.446553137092565, 52.427976289215536 ], [ 13.446567838874135, 52.427976482385752 ], [ 13.44656910289166, 52.427940534403596 ], [ 13.446554401122039, 52.427940341233629 ], [ 13.446554717128993, 52.427931354238119 ], [ 13.44654001536253, 52.427931161066397 ], [ 13.446540647381909, 52.427913187075433 ], [ 13.446481840341621, 52.427912414370716 ], [ 13.446481524320063, 52.427921401365957 ], [ 13.446466822557419, 52.427921208185147 ], [ 13.446466506532706, 52.427930195180302 ], [ 13.446422401236813, 52.427929615626724 ], [ 13.446421453134786, 52.427956576611521 ], [ 13.446436154908881, 52.427956769798065 ], [ 13.446435838877525, 52.42796575679305 ], [ 13.446450540654773, 52.427965949977818 ], [ 13.446450224626242, 52.427974936972838 ], [ 13.446464926406644, 52.427975130155843 ], [ 13.446464610380932, 52.427984117150913 ], [ 13.446479312164488, 52.427984310332157 ], [ 13.446478996141598, 52.427993297327262 ], [ 13.446523101502233, 52.427993876860214 ], [ 13.446523417516163, 52.427984889864923 ] ] ] } },
{ "type": "Feature", "properties": { "id": 26383, "art": "NOT-ALKIS-Gebäude" }, "geometry": { "type": "Polygon", "coordinates": [ [ [ 13.490819414447127, 52.428594580261198 ], [ 13.490834116738338, 52.428594767929738 ], [ 13.490834423747119, 52.42858578074938 ], [ 13.49086382832405, 52.428586156080854 ], [ 13.490864135326692, 52.428577168900354 ], [ 13.490878837612414, 52.428577356563281 ], [ 13.490879451611237, 52.428559382202131 ], [ 13.490864749331493, 52.428559194539332 ], [ 13.49086505633365, 52.428550207358782 ], [ 13.490835651780625, 52.428549832027805 ], [ 13.49083534477249, 52.428558819208227 ], [ 13.490820642493233, 52.428558631539929 ], [ 13.490820335481951, 52.428567618720272 ], [ 13.490805633199866, 52.428567431050091 ], [ 13.490805326185432, 52.428576418230357 ], [ 13.490775921615773, 52.428576042884394 ], [ 13.490775000553572, 52.428603004424737 ], [ 13.490819107435197, 52.428603567441478 ], [ 13.490819414447127, 52.428594580261198 ] ] ] } },
{ "type": "Feature", "properties": { "id": 26422, "art": "NOT-ALKIS-Gebäude" }, "geometry": { "type": "Polygon", "coordinates": [ [ [ 13.492915098834306, 52.428819116461206 ], [ 13.492929801214395, 52.428819303869751 ], [ 13.492930107799433, 52.428810316681073 ], [ 13.492944810176693, 52.428810504087735 ], [ 13.492945116758584, 52.428801516898986 ], [ 13.492959819133018, 52.428801704303751 ], [ 13.492960432290333, 52.428783729926089 ], [ 13.492945729921873, 52.428783542521437 ], [ 13.492945423340309, 52.428792529710208 ], [ 13.492916018597898, 52.428792154895312 ], [ 13.492915712010195, 52.428801142083948 ], [ 13.492886307262454, 52.428800767261613 ], [ 13.492885387480449, 52.428827728827095 ], [ 13.492914792246118, 52.428828103649799 ], [ 13.492915098834306, 52.428819116461206 ] ] ] } },
{ "type": "Feature", "properties": { "id": 26443, "art": "NOT-ALKIS-Gebäude" }, "geometry": { "type": "Polygon", "coordinates": [ [ [ 13.483678334553668, 52.428808908779409 ], [ 13.483693036867754, 52.428809097336277 ], [ 13.483693653794658, 52.428791123035424 ], [ 13.483678951486549, 52.428790934478677 ], [ 13.483679259952746, 52.428781947328282 ], [ 13.483664557647787, 52.428781758769766 ], [ 13.483664866116809, 52.428772771619421 ], [ 13.483635461513357, 52.428772394497038 ], [ 13.48363515303836, 52.428781381647262 ], [ 13.483620450733889, 52.42878119308326 ], [ 13.483619833777428, 52.428799167383538 ], [ 13.483634536087875, 52.42879935594766 ], [ 13.48363422761239, 52.428808343097835 ], [ 13.483648929925987, 52.428808531660188 ], [ 13.483648621453327, 52.428817518810412 ], [ 13.483678026086984, 52.42881789592974 ], [ 13.483678334553668, 52.428808908779409 ] ] ] } },
{ "type": "Feature", "properties": { "id": 26457, "art": "NOT-ALKIS-Gebäude" }, "geometry": { "type": "Polygon", "coordinates": [ [ [ 13.446009647711461, 52.428373748549518 ], [ 13.446024349621482, 52.428373941788323 ], [ 13.446024665741175, 52.428364954795732 ], [ 13.446009963834141, 52.428364761556985 ], [ 13.446010279956656, 52.428355774564444 ], [ 13.445966174245525, 52.428355194837437 ], [ 13.445965225850593, 52.428382155814468 ], [ 13.446009331588614, 52.42838273554203 ], [ 13.446009647711461, 52.428373748549518 ] ] ] } },
{ "type": "Feature", "properties": { "id": 26489, "art": "NOT-ALKIS-Gebäude" }, "geometry": { "type": "Polygon", "coordinates": [ [ [ 13.481597278756043, 52.429015969648013 ], [ 13.481611981124862, 52.429016158464123 ], [ 13.481612290013954, 52.429007171322681 ], [ 13.481626992379949, 52.4290073601369 ], [ 13.481627919037283, 52.428980398712291 ], [ 13.481583811966681, 52.428979832264687 ], [ 13.4815835030721, 52.428988819406051 ], [ 13.481568800712571, 52.428988630586467 ], [ 13.481568491814841, 52.428997617727767 ], [ 13.481553789452486, 52.4289974289063 ], [ 13.481553480551604, 52.429006416047507 ], [ 13.481538778186422, 52.429006227224157 ], [ 13.481538469282391, 52.4290152143653 ], [ 13.481553171650559, 52.429015403188728 ], [ 13.481552862749352, 52.429024390329907 ], [ 13.4815969698638, 52.429024956789391 ], [ 13.481597278756043, 52.429015969648013 ] ] ] } },
{ "type": "Feature", "properties": { "id": 26604, "art": "NOT-ALKIS-Gebäude" }, "geometry": { "type": "Polygon", "coordinates": [ [ [ 13.492102436593663, 52.42978878431294 ], [ 13.492117139290901, 52.429788971824934 ], [ 13.492117446051946, 52.429779984641101 ], [ 13.492132148746354, 52.429780172151197 ], [ 13.492132455504251, 52.429771184967279 ], [ 13.492147158195833, 52.429771372475507 ], [ 13.492147464950577, 52.429762385291511 ], [ 13.492162167639332, 52.429762572797841 ], [ 13.492162474390927, 52.429753585613781 ], [ 13.49210366364883, 52.429752835577744 ], [ 13.492103356885281, 52.42976182276157 ], [ 13.492088654197174, 52.429761635247928 ], [ 13.492088347430474, 52.429770622431668 ], [ 13.49207364473954, 52.429770434916144 ], [ 13.492072724429507, 52.429797396467109 ], [ 13.492102129829471, 52.429797771496702 ], [ 13.492102436593663, 52.42978878431294 ] ] ] } },
{ "type": "Feature", "properties": { "id": 26608, "art": "NOT-ALKIS-Gebäude" }, "geometry": { "type": "Polygon", "coordinates": [ [ [ 13.48500012814792, 52.429724963881469 ], [ 13.485014830775787, 52.429725152276283 ], [ 13.485015755389947, 52.429698190812715 ], [ 13.485001052771047, 52.429698002418057 ], [ 13.48500136097843, 52.42968901526357 ], [ 13.48497195574709, 52.42968863846891 ], [ 13.484971647533731, 52.429697625623291 ], [ 13.484956944915318, 52.429697437223155 ], [ 13.484956636698806, 52.429706424377457 ], [ 13.484941934077566, 52.429706235975452 ], [ 13.48494131763808, 52.429724210283879 ], [ 13.484956020265297, 52.429724398686005 ], [ 13.484955712048299, 52.429733385840265 ], [ 13.484999819939889, 52.429733951035892 ], [ 13.48500012814792, 52.429724963881469 ] ] ] } },
{ "type": "Feature", "properties": { "id": 26627, "art": "NOT-ALKIS-Gebäude" }, "geometry": { "type": "Polygon", "coordinates": [ [ [ 13.446032577877025, 52.429812633385744 ], [ 13.446061982655042, 52.429813019863204 ], [ 13.446062298783485, 52.429804032872646 ], [ 13.446091703556194, 52.429804419342659 ], [ 13.446092019678494, 52.429795432351966 ], [ 13.446077317295044, 52.429795239117936 ], [ 13.446078265669907, 52.42976827814595 ], [ 13.44606356329559, 52.429768084910279 ], [ 13.4460638794232, 52.42975909791965 ], [ 13.44601977231021, 52.429758518201851 ], [ 13.446019456173635, 52.429767505192295 ], [ 13.445990051426499, 52.429767118704504 ], [ 13.445989735283783, 52.429776105694806 ], [ 13.445975032907478, 52.429775912448108 ], [ 13.445974400615569, 52.429793886428548 ], [ 13.445989102997851, 52.429794079675368 ], [ 13.445988470711251, 52.429812053655866 ], [ 13.446003173099674, 52.429812246900987 ], [ 13.446002856959113, 52.429821233891275 ], [ 13.446032261742438, 52.429821620376167 ], [ 13.446032577877025, 52.429812633385744 ] ] ] } },
{ "type": "Feature", "properties": { "id": 26643, "art": "NOT-ALKIS-Gebäude" }, "geometry": { "type": "Polygon", "coordinates": [ [ [ 13.440656394885901, 52.431270344886336 ], [ 13.440671097722351, 52.431270538798096 ], [ 13.440671732205285, 52.431252564867428 ], [ 13.440686435035927, 52.431252758777241 ], [ 13.440686752274155, 52.431243771811836 ], [ 13.440701455101976, 52.431243965719759 ], [ 13.440702724041261, 52.431208017857685 ], [ 13.440688021225393, 52.431207823950011 ], [ 13.440688338462785, 52.431198836984514 ], [ 13.440673635650073, 52.431198643075071 ], [ 13.440673952890286, 52.431189656109638 ], [ 13.440541627610306, 52.431187910843015 ], [ 13.440540675808483, 52.431214871737623 ], [ 13.440555378625666, 52.431215065663629 ], [ 13.440554426831303, 52.431242026558273 ], [ 13.440569129657616, 52.431242220482659 ], [ 13.440568812395481, 52.431251207447573 ], [ 13.440583515224951, 52.431251401370176 ], [ 13.440583197965639, 52.43126038833514 ], [ 13.440612603631058, 52.431260776175002 ], [ 13.440612286377554, 52.431269763140072 ], [ 13.4406269892135, 52.431269957057324 ], [ 13.440626671962818, 52.431278944022445 ], [ 13.440656077641194, 52.431279331851592 ], [ 13.440656394885901, 52.431270344886336 ] ] ] } },
{ "type": "Feature", "properties": { "id": 26654, "art": "NOT-ALKIS-Gebäude" }, "geometry": { "type": "Polygon", "coordinates": [ [ [ 13.441574150278807, 52.432774975852602 ], [ 13.441588853622379, 52.432775169654136 ], [ 13.441589170694462, 52.432766182687182 ], [ 13.441633280717216, 52.432766764080625 ], [ 13.441633914842949, 52.43274879014632 ], [ 13.441589804838129, 52.432748208753246 ], [ 13.44159012190971, 52.432739221786257 ], [ 13.441560715246643, 52.432738834181862 ], [ 13.441560398169083, 52.43274782114873 ], [ 13.441545694834812, 52.432747627343737 ], [ 13.441544426510948, 52.432783575210806 ], [ 13.441573833203567, 52.432783962819471 ], [ 13.441574150278807, 52.432774975852602 ] ] ] } },
{ "type": "Feature", "properties": { "id": 26668, "art": "NOT-ALKIS-Gebäude" }, "geometry": { "type": "Polygon", "coordinates": [ [ [ 13.447556529757126, 52.432907624036616 ], [ 13.447600640045952, 52.432908203205429 ], [ 13.447601587597699, 52.432881242228262 ], [ 13.447586884176889, 52.432881049174 ], [ 13.447587831736103, 52.432854088196898 ], [ 13.447573128324423, 52.432853895141008 ], [ 13.447573444180151, 52.432844908148667 ], [ 13.447558740771628, 52.432844715091001 ], [ 13.447558424912915, 52.432853702083278 ], [ 13.447514314679383, 52.432853122899147 ], [ 13.447513998811536, 52.432862109891218 ], [ 13.447499295397703, 52.43286191682612 ], [ 13.447498031912692, 52.432897864794022 ], [ 13.44751273533848, 52.432898057859354 ], [ 13.447512103600952, 52.432916031843334 ], [ 13.447556213897245, 52.43291661102878 ], [ 13.447556529757126, 52.432907624036616 ] ] ] } },
{ "type": "Feature", "properties": { "id": 26671, "art": "NOT-ALKIS-Gebäude" }, "geometry": { "type": "Polygon", "coordinates": [ [ [ 13.43799901813907, 52.432790736562922 ], [ 13.438013721462875, 52.432790930808977 ], [ 13.438014674860803, 52.432763969954031 ], [ 13.437999971545961, 52.432763775708167 ], [ 13.438000289347924, 52.432754788756547 ], [ 13.437985586036241, 52.432754594508914 ], [ 13.437985903841025, 52.432745607557344 ], [ 13.437912387300068, 52.432744636292064 ], [ 13.437912069480342, 52.432753623243322 ], [ 13.437897366169667, 52.432753428984718 ], [ 13.437897048346784, 52.432762415935898 ], [ 13.437911751660451, 52.432762610194565 ], [ 13.437911433840389, 52.432771597145781 ], [ 13.437926137157211, 52.432771791402679 ], [ 13.43792581933997, 52.432780778353958 ], [ 13.437940522659948, 52.432780972609088 ], [ 13.43794020484553, 52.432789959560424 ], [ 13.437969611491965, 52.432790348065325 ], [ 13.437969293683356, 52.432799335016753 ], [ 13.43799870033644, 52.432799723514478 ], [ 13.43799901813907, 52.432790736562922 ] ] ] } },
{ "type": "Feature", "properties": { "id": 26672, "art": "NOT-ALKIS-Gebäude" }, "geometry": { "type": "Polygon", "coordinates": [ [ [ 13.46803825609342, 52.433183769161317 ], [ 13.468052959756406, 52.433183959673649 ], [ 13.46805358314348, 52.433165985516837 ], [ 13.468038879486473, 52.433165795004633 ], [ 13.468039191182752, 52.433156807926267 ], [ 13.467995080221685, 52.433156236378849 ], [ 13.467994145105454, 52.433183197613353 ], [ 13.468008848767946, 52.433183388131162 ], [ 13.468008537065195, 52.433192375209366 ], [ 13.468037944396647, 52.433192756239642 ], [ 13.46803825609342, 52.433183769161317 ] ] ] } },
{ "type": "Feature", "properties": { "id": 26673, "art": "NOT-ALKIS-Gebäude" }, "geometry": { "type": "Polygon", "coordinates": [ [ [ 13.483506600139398, 52.433383177773514 ], [ 13.48352130397447, 52.433383366363167 ], [ 13.483521612523822, 52.433374379220453 ], [ 13.483536316356068, 52.433374567808208 ], [ 13.483536624902266, 52.433365580665424 ], [ 13.483551328731687, 52.433365769251303 ], [ 13.483551945817617, 52.433347794965542 ], [ 13.483537241994171, 52.433347606379797 ], [ 13.483537859085427, 52.433329632094107 ], [ 13.483523155268124, 52.433329443506651 ], [ 13.483523463816494, 52.433320456363845 ], [ 13.483494056188354, 52.433320079183559 ], [ 13.483493747634004, 52.433329066326237 ], [ 13.483464340000536, 52.433328689138527 ], [ 13.483464031440045, 52.433337676281063 ], [ 13.48343462380125, 52.43333729908592 ], [ 13.483434315234618, 52.433346286228321 ], [ 13.483419611412476, 52.43334609762794 ], [ 13.483418994272748, 52.4333640719126 ], [ 13.48340429044479, 52.433363883310271 ], [ 13.483403981871692, 52.433372870452523 ], [ 13.483418685702638, 52.433373059054901 ], [ 13.483418377132368, 52.433382046197195 ], [ 13.483447784800726, 52.433382423396615 ], [ 13.48344747623627, 52.433391410539002 ], [ 13.483506291586897, 52.43339216491615 ], [ 13.483506600139398, 52.433383177773514 ] ] ] } },
{ "type": "Feature", "properties": { "id": 26678, "art": "NOT-ALKIS-Gebäude" }, "geometry": { "type": "Polygon", "coordinates": [ [ [ 13.477823011860044, 52.434820649368227 ], [ 13.477808307585432, 52.434820460066504 ], [ 13.477807997857751, 52.434829447183219 ], [ 13.477793293580314, 52.434829257879599 ], [ 13.477792983849479, 52.434838244996243 ], [ 13.477807688129907, 52.434838434299927 ], [ 13.477807068673728, 52.434856408533271 ], [ 13.477821772960297, 52.43485659783525 ], [ 13.477821153509444, 52.434874572068658 ], [ 13.477850562095028, 52.434874950667371 ], [ 13.477850871814558, 52.43486596355055 ], [ 13.477836167524673, 52.434865774252167 ], [ 13.477837406413117, 52.434829825784981 ], [ 13.477822702135352, 52.434829636485013 ], [ 13.477823011860044, 52.434820649368227 ] ] ] } },
{ "type": "Feature", "properties": { "id": 26705, "art": "NOT-ALKIS-Gebäude" }, "geometry": { "type": "Polygon", "coordinates": [ [ [ 13.48684177352111, 52.436078280368598 ], [ 13.486797659257808, 52.436077715812495 ], [ 13.486797351344849, 52.43608670296468 ], [ 13.48678264658775, 52.436086514775596 ], [ 13.486782030755366, 52.436104489079803 ], [ 13.486796735518444, 52.436104677268993 ], [ 13.486796427604999, 52.43611366442115 ], [ 13.486855246670892, 52.436114417159935 ], [ 13.486856170374869, 52.43608745570274 ], [ 13.486841465617122, 52.436087267520961 ], [ 13.48684177352111, 52.436078280368598 ] ] ] } },
{ "type": "Feature", "properties": { "id": 26710, "art": "NOT-ALKIS-Gebäude" }, "geometry": { "type": "Polygon", "coordinates": [ [ [ 13.4676803694404, 52.43586747504424 ], [ 13.467695073994141, 52.435867665607844 ], [ 13.467695385790734, 52.435858678535041 ], [ 13.467680681239981, 52.435858487971501 ], [ 13.467680993039394, 52.435849500898762 ], [ 13.467666288491795, 52.435849310333452 ], [ 13.467666600294036, 52.435840323260742 ], [ 13.467637191205307, 52.435839942124751 ], [ 13.467636255780157, 52.435866903342443 ], [ 13.467650960333406, 52.435867093911547 ], [ 13.467650648527684, 52.435876080984137 ], [ 13.467680057640655, 52.435876462116951 ], [ 13.4676803694404, 52.43586747504424 ] ] ] } },
{ "type": "Feature", "properties": { "id": 26718, "art": "NOT-ALKIS-Gebäude" }, "geometry": { "type": "Polygon", "coordinates": [ [ [ 13.476001021797984, 52.443284777745724 ], [ 13.476030435958563, 52.443285156839281 ], [ 13.476030746142415, 52.443276169742909 ], [ 13.47604545321996, 52.443276359286891 ], [ 13.476045763400657, 52.443267372190448 ], [ 13.476060470475375, 52.443267561732533 ], [ 13.476060780652917, 52.443258574636005 ], [ 13.476075487724808, 52.443258764176214 ], [ 13.476075797899195, 52.443249777079622 ], [ 13.47609050496826, 52.443249966617934 ], [ 13.476090815139495, 52.443240979521256 ], [ 13.476105522205732, 52.443241169057679 ], [ 13.476105832373811, 52.44323218196093 ], [ 13.47612053943722, 52.443232371495469 ], [ 13.476120849602149, 52.443223384398635 ], [ 13.476106142541727, 52.44322319486416 ], [ 13.47610645270948, 52.44321420776739 ], [ 13.476077038595115, 52.443213828693089 ], [ 13.476076728421381, 52.443222815789731 ], [ 13.476062021361452, 52.443222626249785 ], [ 13.476061711184565, 52.44323161334637 ], [ 13.476047004121808, 52.443231423804512 ], [ 13.476047314301686, 52.443222436707998 ], [ 13.476032607242086, 52.443222247164385 ], [ 13.476031986876183, 52.443240221357279 ], [ 13.476002572745509, 52.443239842264333 ], [ 13.476002262556332, 52.443248829360641 ], [ 13.475972848420332, 52.443248450260249 ], [ 13.475972538225008, 52.443257437356422 ], [ 13.475957831154265, 52.443257247803416 ], [ 13.475957520955786, 52.443266234899511 ], [ 13.475972228029523, 52.443266424452574 ], [ 13.475971607638058, 52.443284398644835 ], [ 13.47598631471794, 52.443284588196185 ], [ 13.475986004524952, 52.443293575292365 ], [ 13.476000711607988, 52.443293764841947 ], [ 13.476001021797984, 52.443284777745724 ] ] ] } },
{ "type": "Feature", "properties": { "id": 26721, "art": "NOT-ALKIS-Gebäude" }, "geometry": { "type": "Polygon", "coordinates": [ [ [ 13.470735275090361, 52.443234776330804 ], [ 13.470749982117862, 52.443234966533154 ], [ 13.470750293375662, 52.443225979458809 ], [ 13.470765000400338, 52.443226169659262 ], [ 13.470765311654985, 52.443217182584839 ], [ 13.470780018676832, 52.443217372783401 ], [ 13.470780329928324, 52.443208385708893 ], [ 13.470795036947345, 52.443208575905572 ], [ 13.470795970691862, 52.443181614681791 ], [ 13.470781263681811, 52.443181424485289 ], [ 13.470781574932646, 52.44317243741073 ], [ 13.47076686792575, 52.443172247212473 ], [ 13.470767179179409, 52.44316326013795 ], [ 13.470723058168678, 52.443162689532386 ], [ 13.470722746906045, 52.44317167660671 ], [ 13.470708039899808, 52.443171486401141 ], [ 13.470707728634022, 52.443180473475387 ], [ 13.470693021624955, 52.443180283267935 ], [ 13.470692399086907, 52.443198257416277 ], [ 13.470677692072025, 52.443198067206872 ], [ 13.470676758254751, 52.443225028429083 ], [ 13.470691465278604, 52.443225218638688 ], [ 13.470691154008843, 52.443234205712798 ], [ 13.470705861035851, 52.443234395920626 ], [ 13.470705549768915, 52.44324338299478 ], [ 13.470734963829406, 52.443243763405071 ], [ 13.470735275090361, 52.443234776330804 ] ] ] } },
{ "type": "Feature", "properties": { "id": 26725, "art": "NOT-ALKIS-Gebäude" }, "geometry": { "type": "Polygon", "coordinates": [ [ [ 13.467690923935118, 52.443195365085607 ], [ 13.467705630928595, 52.443195555666406 ], [ 13.467706566558638, 52.443168594481442 ], [ 13.467691859574135, 52.44316840390082 ], [ 13.467692171453477, 52.443159416839201 ], [ 13.467677464472128, 52.443159226256832 ], [ 13.467677776354298, 52.443150239195241 ], [ 13.467633655420212, 52.443149667437304 ], [ 13.467633343529071, 52.443158654498703 ], [ 13.46761863654838, 52.443158463909 ], [ 13.467617700864999, 52.443185425092906 ], [ 13.467632407854662, 52.443185615682786 ], [ 13.4676317840709, 52.443203589805442 ], [ 13.467646491066709, 52.44320378039361 ], [ 13.467646179177571, 52.443212767454973 ], [ 13.467690300174953, 52.443213339208718 ], [ 13.467690923935118, 52.443195365085607 ] ] ] } },
{ "type": "Feature", "properties": { "id": 26738, "art": "NOT-ALKIS-Gebäude" }, "geometry": { "type": "Polygon", "coordinates": [ [ [ 13.479270428925915, 52.438498652036138 ], [ 13.479285134434877, 52.438498841165298 ], [ 13.479285753370986, 52.438480866930753 ], [ 13.479271047868004, 52.438480677801721 ], [ 13.479271976279914, 52.43845371644997 ], [ 13.479257270786064, 52.438453527319275 ], [ 13.479257580259366, 52.438444540202063 ], [ 13.479198758297562, 52.438443783661292 ], [ 13.479198448812303, 52.438452770778262 ], [ 13.479183743319272, 52.438452581638444 ], [ 13.479183124342285, 52.438470555872215 ], [ 13.479124302347868, 52.438469799294154 ], [ 13.479123992847173, 52.438478786410769 ], [ 13.479109287345986, 52.438478597261629 ], [ 13.479108977842134, 52.438487584378173 ], [ 13.479094272338124, 52.438487395227135 ], [ 13.479093962831119, 52.438496382343608 ], [ 13.479108668338121, 52.438496571494703 ], [ 13.479108358833944, 52.438505558611226 ], [ 13.479137769854416, 52.438505936908051 ], [ 13.479138079352614, 52.438496949791414 ], [ 13.479167490367759, 52.438497328080821 ], [ 13.479167799859814, 52.438488340964042 ], [ 13.479197210869636, 52.438488719246003 ], [ 13.47919690138356, 52.438497706362902 ], [ 13.479226312400012, 52.438498084637679 ], [ 13.479226002919752, 52.438507071754685 ], [ 13.479270119454625, 52.438507639153329 ], [ 13.479270428925915, 52.438498652036138 ] ] ] } },
{ "type": "Feature", "properties": { "id": 26741, "art": "NOT-ALKIS-Gebäude" }, "geometry": { "type": "Polygon", "coordinates": [ [ [ 13.472786247776098, 52.438388106647494 ], [ 13.47275683692105, 52.438387726771779 ], [ 13.472756526125641, 52.438396713861934 ], [ 13.472741820695301, 52.438396523921263 ], [ 13.47274088829956, 52.43842348519145 ], [ 13.472755593738871, 52.438423675132299 ], [ 13.472755282942952, 52.43843266222239 ], [ 13.472799399270833, 52.43843323203415 ], [ 13.472800642417647, 52.438397283672955 ], [ 13.472785936986813, 52.438397093737784 ], [ 13.472786247776098, 52.438388106647494 ] ] ] } },
{ "type": "Feature", "properties": { "id": 26743, "art": "NOT-ALKIS-Gebäude" }, "geometry": { "type": "Polygon", "coordinates": [ [ [ 13.466711672014876, 52.438345455428689 ], [ 13.466726377386829, 52.438345646119011 ], [ 13.466726689408365, 52.438336659054073 ], [ 13.466741394777495, 52.438336849742491 ], [ 13.466742018814095, 52.438318875612453 ], [ 13.466756724177412, 52.438319066298916 ], [ 13.466757036192472, 52.438310079233815 ], [ 13.466767759341327, 52.438310218281195 ], [ 13.466734265473955, 52.438291801739894 ], [ 13.466728249513578, 52.438291723729158 ], [ 13.466728359532041, 52.438288554890022 ], [ 13.466717517815489, 52.438282593456186 ], [ 13.466699150832236, 52.438282355282531 ], [ 13.466698838805709, 52.438291342347441 ], [ 13.46668413345202, 52.438291151653843 ], [ 13.466684445481537, 52.438282164588998 ], [ 13.466655034780635, 52.438281783196445 ], [ 13.466655346815967, 52.438272796131713 ], [ 13.466611230774815, 52.43827222402934 ], [ 13.466610918730515, 52.438281211093887 ], [ 13.466596213380804, 52.438281020389397 ], [ 13.466594965189993, 52.438316968647193 ], [ 13.466609670551662, 52.438317159351953 ], [ 13.466609358506538, 52.438326146416422 ], [ 13.466624063871361, 52.438326337119413 ], [ 13.466623751829061, 52.438335324183932 ], [ 13.466638457197041, 52.438335514885146 ], [ 13.466638145157566, 52.438344501949722 ], [ 13.4666528505287, 52.438344692649174 ], [ 13.466652538492049, 52.438353679713785 ], [ 13.466667243866336, 52.438353870411476 ], [ 13.466666931832512, 52.438362857476136 ], [ 13.46671104796533, 52.438363429558407 ], [ 13.466711672014876, 52.438345455428689 ] ] ] } },
{ "type": "Feature", "properties": { "id": 26753, "art": "NOT-ALKIS-Gebäude" }, "geometry": { "type": "Polygon", "coordinates": [ [ [ 13.480881158034254, 52.438581674205203 ], [ 13.480885757073763, 52.438585692969887 ], [ 13.480886799319343, 52.438555393780661 ], [ 13.480872093780638, 52.438555204850509 ], [ 13.480872402926529, 52.43854621772671 ], [ 13.480842991855587, 52.438545839861042 ], [ 13.480843301007296, 52.438536852737357 ], [ 13.480828595475058, 52.438536663801841 ], [ 13.48082828632036, 52.438545650925462 ], [ 13.480813580785298, 52.438545461988056 ], [ 13.480812962469432, 52.438563436235135 ], [ 13.480827668010475, 52.438563625172662 ], [ 13.480827358855288, 52.438572612296241 ], [ 13.480842064399484, 52.438572801231999 ], [ 13.480841755247125, 52.43858178835562 ], [ 13.480856460794474, 52.438581977289616 ], [ 13.480856151644939, 52.438590964413287 ], [ 13.480858751586256, 52.438590997816632 ], [ 13.480881158034254, 52.438581674205203 ] ] ] } },
{ "type": "Feature", "properties": { "id": 26871, "art": "NOT-ALKIS-Gebäude" }, "geometry": { "type": "Polygon", "coordinates": [ [ [ 13.464889996064008, 52.429829203434871 ], [ 13.46499577292567, 52.429772637974608 ], [ 13.464964683005034, 52.429772234329555 ], [ 13.464964370721471, 52.429781221400191 ], [ 13.464949668212054, 52.429781030512459 ], [ 13.464949355925336, 52.429790017583002 ], [ 13.464934653413097, 52.42978982669338 ], [ 13.464934341123229, 52.429798813763853 ], [ 13.464919638608164, 52.429798622872354 ], [ 13.46491932631514, 52.429807609942735 ], [ 13.464904623797253, 52.42980741904934 ], [ 13.46490431150108, 52.429816406119656 ], [ 13.464889608980368, 52.429816215224385 ], [ 13.464888672081891, 52.429843176435043 ], [ 13.464903374611565, 52.429843367330506 ], [ 13.464903062314731, 52.429852354400758 ], [ 13.464917764847559, 52.429852545294466 ], [ 13.46491745255355, 52.429861532364754 ], [ 13.46493215508953, 52.429861723256685 ], [ 13.464931842798343, 52.429870710327037 ], [ 13.464946545337478, 52.429870901217214 ], [ 13.464946233049114, 52.429879888287601 ], [ 13.464960938563138, 52.42988007831547 ], [ 13.464889996064008, 52.429829203434871 ] ] ] } },
{ "type": "Feature", "properties": { "id": 26883, "art": "NOT-ALKIS-Gebäude" }, "geometry": { "type": "Polygon", "coordinates": [ [ [ 13.445141109829025, 52.429648063537556 ], [ 13.445170514485101, 52.429648450235838 ], [ 13.44517083079298, 52.429639463248833 ], [ 13.445185533118281, 52.429639656595157 ], [ 13.445185849423005, 52.429630669608066 ], [ 13.445171147100693, 52.429630476261799 ], [ 13.44517209602283, 52.429603515300641 ], [ 13.445113286771107, 52.429602741898044 ], [ 13.445112970451943, 52.429611728884872 ], [ 13.445098268136441, 52.429611535529595 ], [ 13.445097319168983, 52.429638496489765 ], [ 13.445112021493451, 52.429638689845241 ], [ 13.445111705173618, 52.429647676831998 ], [ 13.44512640750124, 52.42964787018569 ], [ 13.445126091184228, 52.429656857172496 ], [ 13.445140793515003, 52.429657050524433 ], [ 13.445141109829025, 52.429648063537556 ] ] ] } },
{ "type": "Feature", "properties": { "id": 26956, "art": "NOT-ALKIS-Gebäude" }, "geometry": { "type": "Polygon", "coordinates": [ [ [ 13.475737451247968, 52.430460066971214 ], [ 13.47575215405732, 52.430460256519467 ], [ 13.475752464154356, 52.430451269404657 ], [ 13.475767166960885, 52.430451458951033 ], [ 13.47576747705477, 52.430442471836137 ], [ 13.475782179858474, 52.430442661380624 ], [ 13.475782489949207, 52.430433674265657 ], [ 13.475797192750084, 52.430433863808247 ], [ 13.475798433099426, 52.43039791534801 ], [ 13.4757837303105, 52.430397725805662 ], [ 13.475784040400415, 52.430388738690631 ], [ 13.47575463482903, 52.430388359600585 ], [ 13.475754944924759, 52.43037937248566 ], [ 13.475701565003398, 52.43037868430504 ], [ 13.475650836245793, 52.430412508501249 ], [ 13.475649854631026, 52.430440955414547 ], [ 13.475664557433422, 52.430441144973642 ], [ 13.475664247318619, 52.430450132088104 ], [ 13.475678950124166, 52.430450321645438 ], [ 13.475678640012188, 52.430459308759929 ], [ 13.475693342820888, 52.430459498315493 ], [ 13.475693032711735, 52.430468485430048 ], [ 13.475737141147778, 52.430469054085947 ], [ 13.475737451247968, 52.430460066971214 ] ] ] } },
{ "type": "Feature", "properties": { "id": 27091, "art": "NOT-ALKIS-Gebäude" }, "geometry": { "type": "Polygon", "coordinates": [ [ [ 13.465707084172541, 52.430842823374903 ], [ 13.465736489908579, 52.430843204965569 ], [ 13.465736802047054, 52.430834217893313 ], [ 13.465751504912333, 52.43083440868584 ], [ 13.465751817047655, 52.430825421613527 ], [ 13.465737114185366, 52.430825230821071 ], [ 13.465737426323512, 52.430816243748787 ], [ 13.465708020605403, 52.430815862158489 ], [ 13.465707708461281, 52.430824849230646 ], [ 13.465693005599483, 52.430824658432698 ], [ 13.465692693452208, 52.430833645504762 ], [ 13.465677990587588, 52.430833454704924 ], [ 13.465677366286567, 52.430851428848896 ], [ 13.465706772027923, 52.430851810447002 ], [ 13.465707084172541, 52.430842823374903 ] ] ] } },
{ "type": "Feature", "properties": { "id": 27115, "art": "NOT-ALKIS-Gebäude" }, "geometry": { "type": "Polygon", "coordinates": [ [ [ 13.477761632854383, 52.431052585384926 ], [ 13.477717523794333, 52.431052017479729 ], [ 13.477717214090271, 52.431061004601816 ], [ 13.477702511067591, 52.431060815296362 ], [ 13.477702201360378, 52.431069802418378 ], [ 13.477716904386044, 52.431069991723895 ], [ 13.477716594681658, 52.43107897884596 ], [ 13.477760703768606, 52.431079546751718 ], [ 13.477761632854383, 52.431052585384926 ] ] ] } },
{ "type": "Feature", "properties": { "id": 27225, "art": "NOT-ALKIS-Gebäude" }, "geometry": { "type": "Polygon", "coordinates": [ [ [ 13.479200834276158, 52.431547634810038 ], [ 13.479215537471058, 52.431547823930423 ], [ 13.479215846875793, 52.431538836802829 ], [ 13.479201143683882, 52.431538647682487 ], [ 13.479201453091441, 52.431529660554943 ], [ 13.479157343525653, 52.431529093183173 ], [ 13.479157034109129, 52.431538080310546 ], [ 13.479142330917869, 52.431537891182906 ], [ 13.479142021498191, 52.431546878310186 ], [ 13.479156724692437, 52.431547067437897 ], [ 13.479156415275586, 52.431556054565235 ], [ 13.479200524868272, 52.431556621937553 ], [ 13.479200834276158, 52.431547634810038 ] ] ] } },
{ "type": "Feature", "properties": { "id": 27265, "art": "NOT-ALKIS-Gebäude" }, "geometry": { "type": "Polygon", "coordinates": [ [ [ 13.482858848196528, 52.43168454078674 ], [ 13.482857613534119, 52.431720489356842 ], [ 13.482872316811449, 52.431720678023019 ], [ 13.482872008148428, 52.431729665165555 ], [ 13.48290141470955, 52.431730042492561 ], [ 13.482902649336747, 52.43169409392182 ], [ 13.482887946068059, 52.431693905259465 ], [ 13.48288825472744, 52.431684918116801 ], [ 13.482858848196528, 52.43168454078674 ] ] ] } },
{ "type": "Feature", "properties": { "id": 27307, "art": "NOT-ALKIS-Gebäude" }, "geometry": { "type": "Polygon", "coordinates": [ [ [ 13.477910199124018, 52.431863697852037 ], [ 13.477924902415293, 52.43186388713368 ], [ 13.477925212086074, 52.431854900011942 ], [ 13.477939915374524, 52.431855089291695 ], [ 13.477940534709623, 52.431837115048069 ], [ 13.47792583142715, 52.43183692576843 ], [ 13.477926141097443, 52.431827938646656 ], [ 13.477911437818126, 52.431827749365247 ], [ 13.47791151672285, 52.431825459446635 ], [ 13.47787512827586, 52.431854255254599 ], [ 13.47788110222171, 52.431854332161706 ], [ 13.47788048286205, 52.431872306404792 ], [ 13.477909889450084, 52.43187268497369 ], [ 13.477910199124018, 52.431863697852037 ] ] ] } },
{ "type": "Feature", "properties": { "id": 27379, "art": "NOT-ALKIS-Gebäude" }, "geometry": { "type": "Polygon", "coordinates": [ [ [ 13.446099145393696, 52.431683666274751 ], [ 13.446128551417823, 52.431684052745247 ], [ 13.446128867554055, 52.431675065757254 ], [ 13.446143570563379, 52.431675258989692 ], [ 13.446144202829366, 52.431657285013571 ], [ 13.446129499826018, 52.431657091781261 ], [ 13.446130764367942, 52.431621143829076 ], [ 13.446086655394758, 52.431620564121921 ], [ 13.446086023106199, 52.431638538097666 ], [ 13.446071320109494, 52.431638344858165 ], [ 13.446071003961977, 52.431647331845951 ], [ 13.446056300962452, 52.431647138604568 ], [ 13.446055352509932, 52.431674099567658 ], [ 13.446070055518422, 52.431674292809227 ], [ 13.446069423221886, 52.431692266784665 ], [ 13.446098829251321, 52.43169265326258 ], [ 13.446099145393696, 52.431683666274751 ] ] ] } },
{ "type": "Feature", "properties": { "id": 27440, "art": "NOT-ALKIS-Gebäude" }, "geometry": { "type": "Polygon", "coordinates": [ [ [ 13.447842173432804, 52.431895375443716 ], [ 13.447871579622108, 52.431895761481861 ], [ 13.447871895406216, 52.431886774486792 ], [ 13.44788659849813, 52.431886967503068 ], [ 13.44788817740123, 52.431842032527165 ], [ 13.447873474324259, 52.4318418395112 ], [ 13.447874737455697, 52.431805891530452 ], [ 13.447830628261642, 52.431805312472342 ], [ 13.447830312470067, 52.431814299467362 ], [ 13.447756797135032, 52.431813334333647 ], [ 13.44775648132835, 52.431822321328326 ], [ 13.447741778258855, 52.431822128296041 ], [ 13.447740515018502, 52.431858076274445 ], [ 13.44775521809995, 52.431858269306979 ], [ 13.447754902292434, 52.431867256301594 ], [ 13.447769605377038, 52.431867449332366 ], [ 13.447769289572344, 52.431876436327038 ], [ 13.44779869574803, 52.431876822383217 ], [ 13.447798379949147, 52.431885809378002 ], [ 13.447813083040227, 52.431886002403417 ], [ 13.447812767244166, 52.431894989398238 ], [ 13.4478274703384, 52.431895182421883 ], [ 13.447827154545161, 52.431904169416754 ], [ 13.447841857642551, 52.431904362438637 ], [ 13.447842173432804, 52.431895375443716 ] ] ] } },
{ "type": "Feature", "properties": { "id": 27516, "art": "NOT-ALKIS-Gebäude" }, "geometry": { "type": "Polygon", "coordinates": [ [ [ 13.443141758898468, 52.432121291984913 ], [ 13.44316158607873, 52.432121553060767 ], [ 13.443083995963873, 52.431958690747656 ], [ 13.443059241854602, 52.431958364778836 ], [ 13.443058925090771, 52.431967351753308 ], [ 13.443029518920914, 52.431966964518104 ], [ 13.443029202150939, 52.431975951492412 ], [ 13.443014499063274, 52.431975757872003 ], [ 13.443013548743378, 52.432002718794692 ], [ 13.443028251840008, 52.432002912415278 ], [ 13.443027935069367, 52.432011899389529 ], [ 13.443042638169153, 52.432012093008353 ], [ 13.443042321401329, 52.432021079982668 ], [ 13.443057024504272, 52.43202127359973 ], [ 13.443056390974103, 52.432039247548417 ], [ 13.443071094083187, 52.432039441163781 ], [ 13.443069510269783, 52.432084376035561 ], [ 13.443084213393979, 52.432084569649412 ], [ 13.443083579873422, 52.432102543598134 ], [ 13.443098283003764, 52.432102737210272 ], [ 13.443097649488518, 52.432120711159065 ], [ 13.443112352624999, 52.432120904769512 ], [ 13.443112035870115, 52.432129891743941 ], [ 13.44314144214956, 52.432130278959463 ], [ 13.443141758898468, 52.432121291984913 ] ] ] } },
{ "type": "Feature", "properties": { "id": 27558, "art": "NOT-ALKIS-Gebäude" }, "geometry": { "type": "Polygon", "coordinates": [ [ [ 13.443829007204901, 52.432238233171347 ], [ 13.443843710385597, 52.432238426691157 ], [ 13.443844343600027, 52.43222045273636 ], [ 13.443829640425307, 52.432220259216685 ], [ 13.443830273645046, 52.432202285261937 ], [ 13.443800867308061, 52.432201898217329 ], [ 13.443799600844006, 52.432237846126235 ], [ 13.44381430402437, 52.432238039649704 ], [ 13.443813987410927, 52.43224702662696 ], [ 13.443828690594446, 52.432247220148668 ], [ 13.443829007204901, 52.432238233171347 ] ] ] } },
{ "type": "Feature", "properties": { "id": 27751, "art": "NOT-ALKIS-Gebäude" }, "geometry": { "type": "Polygon", "coordinates": [ [ [ 13.43124729811459, 52.445208033992976 ], [ 13.431262005524866, 52.445208229110563 ], [ 13.431263602102078, 52.445163294591957 ], [ 13.431248894706753, 52.445163099474691 ], [ 13.43124921402468, 52.445154112570997 ], [ 13.43121979924052, 52.445153722331092 ], [ 13.431219479916612, 52.445162709234673 ], [ 13.431175357732663, 52.445162123860925 ], [ 13.431173761065731, 52.44520705837764 ], [ 13.431188468475165, 52.445207253504357 ], [ 13.431188149144264, 52.445216240407717 ], [ 13.431246978795651, 52.445217020896578 ], [ 13.43124729811459, 52.445208033992976 ] ] ] } },
{ "type": "Feature", "properties": { "id": 27774, "art": "NOT-ALKIS-Gebäude" }, "geometry": { "type": "Polygon", "coordinates": [ [ [ 13.457663237032863, 52.446364733067668 ], [ 13.457677945012689, 52.446364924903428 ], [ 13.457678258965919, 52.446355937888868 ], [ 13.457692966942918, 52.44635612972273 ], [ 13.457694222742221, 52.446320181664163 ], [ 13.457679514777187, 52.446319989830549 ], [ 13.457679828729587, 52.446311002815939 ], [ 13.457665120767711, 52.446310810980549 ], [ 13.457665434722939, 52.446301823965975 ], [ 13.457606602889046, 52.446301056606401 ], [ 13.457606288921854, 52.446310043620727 ], [ 13.457591580960804, 52.446309851776206 ], [ 13.457590639049259, 52.446336812818885 ], [ 13.457605347019284, 52.446337004663611 ], [ 13.457604405115221, 52.446363965706354 ], [ 13.457619113094381, 52.446364157549425 ], [ 13.457618799129023, 52.446373144563708 ], [ 13.457662923076475, 52.446373720082129 ], [ 13.457663237032863, 52.446364733067668 ] ] ] } },
{ "type": "Feature", "properties": { "id": 27912, "art": "NOT-ALKIS-Gebäude" }, "geometry": { "type": "Polygon", "coordinates": [ [ [ 13.491696968320189, 52.433478952026718 ], [ 13.491697275207525, 52.433469964850268 ], [ 13.491682571288178, 52.433469777276919 ], [ 13.49168287817834, 52.433460790100504 ], [ 13.491653470346114, 52.433460414948449 ], [ 13.491653163449975, 52.433469402124743 ], [ 13.491638459531115, 52.433469214545909 ], [ 13.491637845732372, 52.433487188898333 ], [ 13.491652549657211, 52.433487376477288 ], [ 13.491652242760585, 52.433496363653532 ], [ 13.491666946688573, 52.433496551230704 ], [ 13.491666332900815, 52.433514525583284 ], [ 13.491681036834942, 52.433514713158758 ], [ 13.491680729943809, 52.43352370033508 ], [ 13.491710137818529, 52.433524075480662 ], [ 13.491711672242685, 52.433479139598298 ], [ 13.491696968320189, 52.433478952026718 ] ] ] } },
{ "type": "Feature", "properties": { "id": 27942, "art": "NOT-ALKIS-Gebäude" }, "geometry": { "type": "Polygon", "coordinates": [ [ [ 13.448713366822069, 52.433057674950362 ], [ 13.44876393799743, 52.433058338453343 ], [ 13.44878696720351, 52.433056277722486 ], [ 13.448787199872045, 52.43304965250816 ], [ 13.448831310328362, 52.433050231219049 ], [ 13.448831625930396, 52.433041244221663 ], [ 13.448846329413179, 52.433041437121574 ], [ 13.448846645012058, 52.433032450124095 ], [ 13.448831941532264, 52.433032257224255 ], [ 13.448832572735499, 52.433014283229397 ], [ 13.44872964842344, 52.433012932880168 ], [ 13.448729332800985, 52.43302191987717 ], [ 13.448626408476162, 52.433020569437957 ], [ 13.448626092832619, 52.433029556434505 ], [ 13.448611389355323, 52.433029363507245 ], [ 13.448610126767534, 52.433065311493031 ], [ 13.44867631893676, 52.433066179999699 ], [ 13.448713183979788, 52.433062881117635 ], [ 13.448713366822069, 52.433057674950362 ] ] ] } },
{ "type": "Feature", "properties": { "id": 27982, "art": "NOT-ALKIS-Gebäude" }, "geometry": { "type": "Polygon", "coordinates": [ [ [ 13.446270693480869, 52.433079547704899 ], [ 13.446269745110188, 52.433106508664146 ], [ 13.4463432625452, 52.433107474738826 ], [ 13.446343894762601, 52.433089500765377 ], [ 13.446299784319024, 52.433088921126419 ], [ 13.44630010043644, 52.433079934139869 ], [ 13.446270693480869, 52.433079547704899 ] ] ] } },
{ "type": "Feature", "properties": { "id": 28009, "art": "NOT-ALKIS-Gebäude" }, "geometry": { "type": "Polygon", "coordinates": [ [ [ 13.464500009241494, 52.433407605246714 ], [ 13.464514712954637, 52.433407796199532 ], [ 13.464515337786214, 52.433389822073153 ], [ 13.464500634079046, 52.43338963112047 ], [ 13.464500946497576, 52.433380644057316 ], [ 13.464486242793564, 52.433380453102856 ], [ 13.464486555214917, 52.433371466039752 ], [ 13.464413036712269, 52.433370511240383 ], [ 13.464411786966092, 52.433406459491486 ], [ 13.4643970832541, 52.433406268525879 ], [ 13.464396458374045, 52.433424242651228 ], [ 13.464411162092015, 52.433424433616942 ], [ 13.464410849654726, 52.433433420679663 ], [ 13.464499071983928, 52.433434566435999 ], [ 13.464500009241494, 52.433407605246714 ] ] ] } },
{ "type": "Feature", "properties": { "id": 28107, "art": "NOT-ALKIS-Gebäude" }, "geometry": { "type": "Polygon", "coordinates": [ [ [ 13.472028734776829, 52.433918730355543 ], [ 13.472043438711795, 52.433918920373593 ], [ 13.472044060491909, 52.433900946185574 ], [ 13.472029356562921, 52.433900756167638 ], [ 13.47202966745572, 52.433891769073661 ], [ 13.472014963529885, 52.43389157905397 ], [ 13.472014652634098, 52.433900566147877 ], [ 13.471985244776942, 52.433900186102882 ], [ 13.471984933875012, 52.433909173196653 ], [ 13.471970229943691, 52.433908983171371 ], [ 13.47196960813336, 52.433926957358757 ], [ 13.472028423883538, 52.433927717449478 ], [ 13.472028734776829, 52.433918730355543 ] ] ] } },
{ "type": "Feature", "properties": { "id": 28113, "art": "NOT-ALKIS-Gebäude" }, "geometry": { "type": "Polygon", "coordinates": [ [ [ 13.486174611818935, 52.434082708581926 ], [ 13.48615990773308, 52.434082520320423 ], [ 13.486160215753458, 52.434073533167819 ], [ 13.486130807588212, 52.434073156639428 ], [ 13.486130499561856, 52.434082143791919 ], [ 13.48611579547649, 52.434081955524924 ], [ 13.486115487446984, 52.434090942677322 ], [ 13.486100783358788, 52.434090754408437 ], [ 13.48610016729331, 52.434108728713092 ], [ 13.486114871387482, 52.43410891698209 ], [ 13.486114563357487, 52.434117904134453 ], [ 13.486129267454812, 52.434118092401697 ], [ 13.486128959427646, 52.434127079554102 ], [ 13.486187775830521, 52.434127832605007 ], [ 13.486188699875669, 52.434100871147024 ], [ 13.486173995783671, 52.43410068288722 ], [ 13.486174611818935, 52.434082708581926 ] ] ] } },
{ "type": "Feature", "properties": { "id": 28129, "art": "NOT-ALKIS-Gebäude" }, "geometry": { "type": "Polygon", "coordinates": [ [ [ 13.443770926426872, 52.433469255392659 ], [ 13.443756222837072, 52.433469061860642 ], [ 13.44375590619776, 52.433478048835767 ], [ 13.443726499012682, 52.433477661766112 ], [ 13.443725232429856, 52.433513609665958 ], [ 13.443739936034266, 52.433513803201947 ], [ 13.443738669460721, 52.433549751101808 ], [ 13.443753373077252, 52.433549944636219 ], [ 13.443752423154308, 52.433576905561118 ], [ 13.443767126779973, 52.433577099093888 ], [ 13.443765860225662, 52.433613046993813 ], [ 13.443780563863449, 52.433613240525005 ], [ 13.443779930591269, 52.433631214475007 ], [ 13.4437946342352, 52.433631408004494 ], [ 13.443794317601848, 52.433640394979541 ], [ 13.443853132191201, 52.433641169079472 ], [ 13.443853148750504, 52.43364069906066 ], [ 13.443780187710983, 52.433478368433661 ], [ 13.443770609790549, 52.433478242367855 ], [ 13.443770926426872, 52.433469255392659 ] ] ] } },
{ "type": "Feature", "properties": { "id": 28130, "art": "NOT-ALKIS-Gebäude" }, "geometry": { "type": "Polygon", "coordinates": [ [ [ 13.462541915563612, 52.433876671434206 ], [ 13.462571323275304, 52.433877053827267 ], [ 13.462572261724244, 52.433850092664393 ], [ 13.462557557877282, 52.433849901468953 ], [ 13.462557870696255, 52.433840914414688 ], [ 13.462543166852447, 52.433840723217479 ], [ 13.462543479674242, 52.433831736163278 ], [ 13.4625140719931, 52.433831353763516 ], [ 13.462513759165324, 52.433840340817603 ], [ 13.462499055322013, 52.433840149614916 ], [ 13.462498742491084, 52.43384913666894 ], [ 13.462484038644947, 52.433848945464362 ], [ 13.462483412976621, 52.433866919572239 ], [ 13.462498116828733, 52.43386711077693 ], [ 13.462497803997312, 52.433876097830904 ], [ 13.46251250785258, 52.433876289033833 ], [ 13.462512195023981, 52.433885276087857 ], [ 13.462541602740991, 52.43388565848835 ], [ 13.462541915563612, 52.433876671434206 ] ] ] } },
{ "type": "Feature", "properties": { "id": 28182, "art": "NOT-ALKIS-Gebäude" }, "geometry": { "type": "Polygon", "coordinates": [ [ [ 13.490267842534665, 52.434404777233517 ], [ 13.490282546755626, 52.434404964985077 ], [ 13.490282853940936, 52.434395977815889 ], [ 13.490297558159071, 52.434396165565566 ], [ 13.490297865341232, 52.434387178396292 ], [ 13.490283161126086, 52.434386990646686 ], [ 13.490283468311073, 52.434378003477455 ], [ 13.490268764099079, 52.434377815726066 ], [ 13.490269071286894, 52.434368828556892 ], [ 13.490254367078052, 52.43436864080374 ], [ 13.490254674268689, 52.434359653634694 ], [ 13.490225265857475, 52.43435927812294 ], [ 13.490224958660855, 52.434368265291944 ], [ 13.490210254452499, 52.434368077533314 ], [ 13.490209332852702, 52.434395039040091 ], [ 13.490224037070025, 52.434395226798905 ], [ 13.490223729872758, 52.434404213967845 ], [ 13.490238434093232, 52.43440440172489 ], [ 13.49023812689879, 52.434413388893901 ], [ 13.490267535346202, 52.434413764402635 ], [ 13.490267842534665, 52.434404777233517 ] ] ] } },
{ "type": "Feature", "properties": { "id": 28217, "art": "NOT-ALKIS-Gebäude" }, "geometry": { "type": "Polygon", "coordinates": [ [ [ 13.475324405087761, 52.434329909763164 ], [ 13.475353813276671, 52.434330288979993 ], [ 13.475354123498015, 52.434321301872771 ], [ 13.475368827589724, 52.434321491478393 ], [ 13.47536975824381, 52.434294530156421 ], [ 13.475325645996071, 52.434293961334653 ], [ 13.475325335769238, 52.434302948441811 ], [ 13.475310631683996, 52.434302758830832 ], [ 13.475310011223863, 52.434320733044963 ], [ 13.475295307132807, 52.434320543432037 ], [ 13.475294996899509, 52.434329530539024 ], [ 13.475309700993552, 52.434329720152007 ], [ 13.475309390763078, 52.434338707259037 ], [ 13.475324094860277, 52.434338896870266 ], [ 13.475324405087761, 52.434329909763164 ] ] ] } },
{ "type": "Feature", "properties": { "id": 28232, "art": "NOT-ALKIS-Gebäude" }, "geometry": { "type": "Polygon", "coordinates": [ [ [ 13.471676861833068, 52.434309791492723 ], [ 13.471691565895776, 52.434309981555508 ], [ 13.471693431689927, 52.434256059003658 ], [ 13.471678727645152, 52.43425586894125 ], [ 13.471679038613258, 52.434246881849276 ], [ 13.471664334571638, 52.434246691785091 ], [ 13.471664645542569, 52.434237704693182 ], [ 13.471635237465797, 52.434237324559447 ], [ 13.471634615511814, 52.434255298743025 ], [ 13.471649319556095, 52.434255488810933 ], [ 13.471648075658116, 52.43429143717816 ], [ 13.471633371601881, 52.434291247110011 ], [ 13.471632749645927, 52.434309221293404 ], [ 13.471647453708144, 52.434309411361674 ], [ 13.471647142732911, 52.434318398453414 ], [ 13.471676550863814, 52.43431877858459 ], [ 13.471676861833068, 52.434309791492723 ] ] ] } },
{ "type": "Feature", "properties": { "id": 28287, "art": "NOT-ALKIS-Gebäude" }, "geometry": { "type": "Polygon", "coordinates": [ [ [ 13.491552299836028, 52.434699894775498 ], [ 13.491522891180757, 52.434699519584825 ], [ 13.491522584244342, 52.434708506758675 ], [ 13.491507879913961, 52.434708319160528 ], [ 13.491507266034665, 52.434726293508085 ], [ 13.491566083381075, 52.434727043890184 ], [ 13.491566697236456, 52.434709069542137 ], [ 13.49155199290559, 52.434708881949476 ], [ 13.491552299836028, 52.434699894775498 ] ] ] } },
{ "type": "Feature", "properties": { "id": 28303, "art": "NOT-ALKIS-Gebäude" }, "geometry": { "type": "Polygon", "coordinates": [ [ [ 13.486096697339814, 52.434639158945743 ], [ 13.486081993069286, 52.434638970673156 ], [ 13.486081685026717, 52.434647957824566 ], [ 13.486066980753359, 52.434647769550097 ], [ 13.486066364661754, 52.434665743852754 ], [ 13.486081068941088, 52.434665932127352 ], [ 13.48608076089803, 52.434674919278727 ], [ 13.486095465180517, 52.434675107551556 ], [ 13.486095157140287, 52.434684094702966 ], [ 13.486109861425923, 52.43468428297404 ], [ 13.48610955338852, 52.4346932701255 ], [ 13.48613896196626, 52.434693646662261 ], [ 13.486139886060052, 52.434666685207468 ], [ 13.486125181780066, 52.434666496940181 ], [ 13.486125489813993, 52.434657509788615 ], [ 13.486110785537162, 52.434657321519566 ], [ 13.486111093573914, 52.434648334368042 ], [ 13.486096389300235, 52.434648146097217 ], [ 13.486096697339814, 52.434639158945743 ] ] ] } },
{ "type": "Feature", "properties": { "id": 28327, "art": "NOT-ALKIS-Gebäude" }, "geometry": { "type": "Polygon", "coordinates": [ [ [ 13.48124799660707, 52.439603000659361 ], [ 13.481262702497171, 52.43960318954538 ], [ 13.481263011575271, 52.439594202421588 ], [ 13.481248305688162, 52.439594013535611 ], [ 13.481248923849854, 52.439576039288056 ], [ 13.481204806207444, 52.439575472619516 ], [ 13.481203878937752, 52.439602433990281 ], [ 13.481218584827362, 52.439602622881793 ], [ 13.481218275740128, 52.439611610005407 ], [ 13.481247687525817, 52.439611987783096 ], [ 13.48124799660707, 52.439603000659361 ] ] ] } },
{ "type": "Feature", "properties": { "id": 28344, "art": "NOT-ALKIS-Gebäude" }, "geometry": { "type": "Polygon", "coordinates": [ [ [ 13.460437699196662, 52.440646577214444 ], [ 13.460467111386485, 52.440646960165104 ], [ 13.460467424707479, 52.440637973130031 ], [ 13.460482130799647, 52.440638164602561 ], [ 13.460482444117487, 52.440629177567423 ], [ 13.460467738028306, 52.440628986094957 ], [ 13.460468051348972, 52.440619999059869 ], [ 13.460453345262946, 52.440619807585634 ], [ 13.460453658586434, 52.440610820550589 ], [ 13.460438952503567, 52.440610629074598 ], [ 13.46043926582988, 52.440601642039603 ], [ 13.460409853670617, 52.44060125908225 ], [ 13.460409540338325, 52.440610246117124 ], [ 13.460394834255954, 52.440610054635641 ], [ 13.460394520920504, 52.440619041670445 ], [ 13.460379814835308, 52.440618850187072 ], [ 13.460378874819, 52.440645811291198 ], [ 13.46039358091317, 52.440646002774756 ], [ 13.460393267577059, 52.440654989809488 ], [ 13.460437385869524, 52.440655564249369 ], [ 13.460437699196662, 52.440646577214444 ] ] ] } },
{ "type": "Feature", "properties": { "id": 28359, "art": "NOT-ALKIS-Gebäude" }, "geometry": { "type": "Polygon", "coordinates": [ [ [ 13.464244082849131, 52.440768004889527 ], [ 13.464258789010639, 52.440768195892787 ], [ 13.464259101561513, 52.440759208841939 ], [ 13.464273807720195, 52.440759399843301 ], [ 13.464274120267914, 52.440750412792362 ], [ 13.464288826423772, 52.440750603791848 ], [ 13.464289138968338, 52.440741616740837 ], [ 13.464303845121369, 52.440741807738434 ], [ 13.464304157662777, 52.440732820687344 ], [ 13.464377688415462, 52.440733775647566 ], [ 13.464378313467886, 52.440715801544719 ], [ 13.464363607323, 52.44071561055646 ], [ 13.464363919851953, 52.440706623505079 ], [ 13.464334507568656, 52.440706241523188 ], [ 13.464334195033722, 52.440715228574447 ], [ 13.464260664313409, 52.440714273587417 ], [ 13.464260351763361, 52.440723260638357 ], [ 13.464245645616803, 52.440723069635396 ], [ 13.464245333063598, 52.440732056686265 ], [ 13.464230626914215, 52.440731865681421 ], [ 13.464230001801331, 52.440749839782967 ], [ 13.464215295646133, 52.440749648776162 ], [ 13.46421467052661, 52.440767622877523 ], [ 13.464229376687788, 52.440767813884449 ], [ 13.464229064130768, 52.440776800935168 ], [ 13.464243770295102, 52.440776991940311 ], [ 13.464244082849131, 52.440768004889527 ] ] ] } },
{ "type": "Feature", "properties": { "id": 28369, "art": "NOT-ALKIS-Gebäude" }, "geometry": { "type": "Polygon", "coordinates": [ [ [ 13.478491176587053, 52.441473671267588 ], [ 13.478505883081198, 52.441473860501084 ], [ 13.478506812060401, 52.441446899172639 ], [ 13.478492105575228, 52.441446709939314 ], [ 13.478492415237625, 52.44143772282986 ], [ 13.478477708755607, 52.441437533594758 ], [ 13.478478018420832, 52.441428546485355 ], [ 13.478463311941967, 52.441428357248498 ], [ 13.478463002273752, 52.441437344357837 ], [ 13.478448295792059, 52.441437155119083 ], [ 13.47844798612069, 52.441446142228358 ], [ 13.478462692605373, 52.441446331467176 ], [ 13.478461763599256, 52.441473292795067 ], [ 13.478476470093074, 52.441473482032237 ], [ 13.47847616042703, 52.441482469141569 ], [ 13.478490866924004, 52.441482658376962 ], [ 13.478491176587053, 52.441473671267588 ] ] ] } },
{ "type": "Feature", "properties": { "id": 28416, "art": "NOT-ALKIS-Gebäude" }, "geometry": { "type": "Polygon", "coordinates": [ [ [ 13.462453667577124, 52.446130411271199 ], [ 13.462483083447031, 52.44613079374831 ], [ 13.462483396419726, 52.44612180671313 ], [ 13.462498104351935, 52.446121997948879 ], [ 13.462497791382233, 52.446130984984116 ], [ 13.462512499317601, 52.446131176218096 ], [ 13.462514064149511, 52.446086241041421 ], [ 13.462528772070087, 52.446086432273269 ], [ 13.462529085032985, 52.446077445237826 ], [ 13.462543792950735, 52.446077636467784 ], [ 13.462544105910474, 52.446068649432256 ], [ 13.4625588138254, 52.446068840660331 ], [ 13.462559126781983, 52.446059853624732 ], [ 13.462573834694082, 52.44606004485091 ], [ 13.46257414764751, 52.446051057815232 ], [ 13.462559439738401, 52.446050866589118 ], [ 13.462559752694656, 52.446041879553491 ], [ 13.462545044788703, 52.446041688325614 ], [ 13.462545357747782, 52.446032701290036 ], [ 13.462530649844986, 52.446032510060384 ], [ 13.462531275768631, 52.446014535989313 ], [ 13.462545983665445, 52.446014727218831 ], [ 13.462546296624028, 52.44600574018321 ], [ 13.462561004518017, 52.446005931410845 ], [ 13.462561630428709, 52.445987957339433 ], [ 13.462576338316879, 52.445988148565114 ], [ 13.462576964220927, 52.445970174493503 ], [ 13.462591672103281, 52.445970365717237 ], [ 13.462592298000686, 52.445952391645449 ], [ 13.462577590124315, 52.445952200421836 ], [ 13.46257790307576, 52.445943213385988 ], [ 13.462563195202543, 52.445943022160613 ], [ 13.462563508156816, 52.445934035124807 ], [ 13.462548800286758, 52.445933843897663 ], [ 13.462549113243854, 52.445924856861907 ], [ 13.462522878821774, 52.445924515765626 ], [ 13.462519697510213, 52.445924474402261 ], [ 13.462519581932966, 52.445927793314517 ], [ 13.462519384547132, 52.445933461437903 ], [ 13.462513951460096, 52.445933390796768 ], [ 13.462504676677568, 52.445933270205273 ], [ 13.462504363711332, 52.44594225724083 ], [ 13.462489655838942, 52.44594206600631 ], [ 13.462489097564024, 52.445958097080201 ], [ 13.462488716930268, 52.445969027112724 ], [ 13.462478239035686, 52.44596889087601 ], [ 13.462474009049073, 52.445968835876194 ], [ 13.462473855379409, 52.445973248510562 ], [ 13.462473383103148, 52.44598680994693 ], [ 13.462460382801808, 52.445986640911336 ], [ 13.462458675216135, 52.445986618708446 ], [ 13.462458613184266, 52.445988399938841 ], [ 13.462458362239934, 52.445995605743732 ], [ 13.462451455414845, 52.445995515937483 ], [ 13.462443654350094, 52.445995414503365 ], [ 13.462443370947295, 52.44600355226374 ], [ 13.462443341370738, 52.446004401538573 ], [ 13.462442526553479, 52.446004390943799 ], [ 13.462413925585571, 52.446004019052211 ], [ 13.462413299614397, 52.446021993122343 ], [ 13.462398591716079, 52.446021801876299 ], [ 13.462397536630093, 52.446052097171147 ], [ 13.462397339759791, 52.446057750016124 ], [ 13.46239314506381, 52.446057695472348 ], [ 13.462382631849673, 52.446057558767997 ], [ 13.462382138448261, 52.446071725929734 ], [ 13.462382005864558, 52.446075532837696 ], [ 13.462379181944684, 52.446075496117828 ], [ 13.462367297948623, 52.446075341587623 ], [ 13.462366740221297, 52.446091355584855 ], [ 13.462366671956863, 52.446093315657144 ], [ 13.462381379878781, 52.446093506907332 ], [ 13.462381066885643, 52.446102493942135 ], [ 13.462395774810716, 52.446102685190553 ], [ 13.46239475198907, 52.446132053921644 ], [ 13.462394522848482, 52.446138633329838 ], [ 13.462402768118057, 52.446138740543041 ], [ 13.462453354598281, 52.446139398306244 ], [ 13.462453667577124, 52.446130411271199 ] ] ] } },
{ "type": "Feature", "properties": { "id": 28472, "art": "NOT-ALKIS-Gebäude" }, "geometry": { "type": "Polygon", "coordinates": [ [ [ 13.442221323951665, 52.451961588691042 ], [ 13.442236033688511, 52.451961782461368 ], [ 13.44223635084832, 52.451952795520988 ], [ 13.44225106058234, 52.451952989289417 ], [ 13.442252012051792, 52.451926028467973 ], [ 13.442266721777003, 52.451926222234384 ], [ 13.44226735608315, 52.451908248353234 ], [ 13.442252646363922, 52.451908054586937 ], [ 13.442252963519737, 52.451899067646401 ], [ 13.442208834372034, 52.451898486336738 ], [ 13.442209151536655, 52.451889499396366 ], [ 13.442165022399434, 52.451888918070431 ], [ 13.442164705225837, 52.451897905010611 ], [ 13.442149995510773, 52.451897711231581 ], [ 13.442149678334015, 52.451906698171676 ], [ 13.442134968616125, 52.451906504390756 ], [ 13.442134334256124, 52.451924478270783 ], [ 13.442119624532419, 52.451924284487923 ], [ 13.44211835579844, 52.451960232247565 ], [ 13.442133065534113, 52.451960426030681 ], [ 13.442132748353194, 52.45196941297062 ], [ 13.442147458092025, 52.45196960675198 ], [ 13.442147775269955, 52.451960619811977 ], [ 13.442162485005962, 52.451960813591455 ], [ 13.442162167831023, 52.451969800531508 ], [ 13.442221006788698, 52.451970575631357 ], [ 13.442221323951665, 52.451961588691042 ] ] ] } },
{ "type": "Feature", "properties": { "id": 28475, "art": "NOT-ALKIS-Gebäude" }, "geometry": { "type": "Polygon", "coordinates": [ [ [ 13.457269157845529, 52.452167846724159 ], [ 13.457283867755743, 52.452168038623668 ], [ 13.457284181854904, 52.452159051619653 ], [ 13.457298891762292, 52.452159243517272 ], [ 13.457299205858293, 52.452150256513193 ], [ 13.457313915762855, 52.452150448408915 ], [ 13.457314229855697, 52.45214146140475 ], [ 13.457299519954127, 52.452141269509085 ], [ 13.457300148145302, 52.45212329550084 ], [ 13.457256018459537, 52.452122719803235 ], [ 13.457255704355058, 52.45213170680718 ], [ 13.457226284559392, 52.452131322999506 ], [ 13.457225970448762, 52.452140310003308 ], [ 13.457211260548185, 52.452140118096672 ], [ 13.457210318206325, 52.452167079107817 ], [ 13.457225028115879, 52.452167271014645 ], [ 13.457224714004587, 52.45217625801839 ], [ 13.457268843743213, 52.452176833728075 ], [ 13.457269157845529, 52.452167846724159 ] ] ] } },
{ "type": "Feature", "properties": { "id": 28624, "art": "NOT-ALKIS-Gebäude" }, "geometry": { "type": "Polygon", "coordinates": [ [ [ 13.436221460295291, 52.434385646875675 ], [ 13.436236164137435, 52.434385841346845 ], [ 13.436238709567489, 52.434313945813756 ], [ 13.436224005749256, 52.43431375134309 ], [ 13.436224323930247, 52.434304764401453 ], [ 13.43620962011517, 52.434304569929026 ], [ 13.43620993829898, 52.434295582987431 ], [ 13.436180530675308, 52.434295194037212 ], [ 13.436180212485519, 52.434304180978671 ], [ 13.436165508670948, 52.434303986500758 ], [ 13.436163917704542, 52.434348921207565 ], [ 13.43617862153406, 52.434349115685784 ], [ 13.436178303343263, 52.434358102627165 ], [ 13.436193007175937, 52.434358297103621 ], [ 13.436192052611508, 52.43438525792785 ], [ 13.436206756453315, 52.43438545240268 ], [ 13.436206438267826, 52.434394439344111 ], [ 13.436221142112791, 52.434394633817185 ], [ 13.436221460295291, 52.434385646875675 ] ] ] } },
{ "type": "Feature", "properties": { "id": 28660, "art": "NOT-ALKIS-Gebäude" }, "geometry": { "type": "Polygon", "coordinates": [ [ [ 13.492535937737356, 52.435188967326837 ], [ 13.492521233240204, 52.43518877985349 ], [ 13.492520926501468, 52.435197767030736 ], [ 13.492506222001488, 52.435197579555499 ], [ 13.492505915259601, 52.43520656673266 ], [ 13.492491210756794, 52.43520637925554 ], [ 13.492490597266555, 52.435224353609698 ], [ 13.492534710793395, 52.435224916035928 ], [ 13.492535017529628, 52.435215928858682 ], [ 13.492549722035909, 52.43521611633038 ], [ 13.49255002876899, 52.435207129153049 ], [ 13.492564733272443, 52.435207316622858 ], [ 13.492565346732144, 52.435189342268039 ], [ 13.492550642234669, 52.435189154798358 ], [ 13.492550948967265, 52.435180167620985 ], [ 13.492536244472941, 52.435179980149528 ], [ 13.492535937737356, 52.435188967326837 ] ] ] } },
{ "type": "Feature", "properties": { "id": 28788, "art": "NOT-ALKIS-Gebäude" }, "geometry": { "type": "Polygon", "coordinates": [ [ [ 13.48299418449697, 52.435453548363043 ], [ 13.483008889017642, 52.435453737021582 ], [ 13.483009506370731, 52.435435762746721 ], [ 13.482994801856039, 52.435435574088302 ], [ 13.482995110535329, 52.435426586950911 ], [ 13.482980406023788, 52.435426398290723 ], [ 13.482980714705905, 52.435417411153388 ], [ 13.482951305689292, 52.435417033827648 ], [ 13.482950997001197, 52.435426020964869 ], [ 13.482936292490145, 52.435425832299202 ], [ 13.482935675107488, 52.435443806573474 ], [ 13.482950379624517, 52.435443995239268 ], [ 13.482950070935933, 52.435452982376454 ], [ 13.482964775456116, 52.435453171040471 ], [ 13.482964466770358, 52.435462158177693 ], [ 13.482993875817192, 52.435462535500392 ], [ 13.48299418449697, 52.435453548363043 ] ] ] } },
{ "type": "Feature", "properties": { "id": 28848, "art": "NOT-ALKIS-Gebäude" }, "geometry": { "type": "Polygon", "coordinates": [ [ [ 13.476665366351975, 52.435543010926729 ], [ 13.476680070859281, 52.435543200372393 ], [ 13.476680380824389, 52.435534213261477 ], [ 13.476695085328867, 52.435534402705237 ], [ 13.476696015214246, 52.435507441372224 ], [ 13.476681310718735, 52.435507251928648 ], [ 13.476681620683191, 52.435498264817667 ], [ 13.476666916190833, 52.435498075372323 ], [ 13.476667226158114, 52.435489088261392 ], [ 13.476637817179867, 52.435488709365337 ], [ 13.476637507206606, 52.435497696476148 ], [ 13.476622802714738, 52.43549750702531 ], [ 13.476622492738327, 52.435506494136035 ], [ 13.476607788243633, 52.435506304683329 ], [ 13.476607478264068, 52.435515291793976 ], [ 13.476592773766548, 52.435515102339366 ], [ 13.476592153800951, 52.435533076560517 ], [ 13.476621562808109, 52.435533455468153 ], [ 13.476621252831043, 52.435542442578814 ], [ 13.476635957337857, 52.43554263202995 ], [ 13.476635647363617, 52.435551619140668 ], [ 13.476665056383714, 52.435551998037582 ], [ 13.476665366351975, 52.435543010926729 ] ] ] } },
{ "type": "Feature", "properties": { "id": 29058, "art": "NOT-ALKIS-Gebäude" }, "geometry": { "type": "Polygon", "coordinates": [ [ [ 13.463672921564235, 52.436040250275603 ], [ 13.463687626147916, 52.436040441337916 ], [ 13.463688563988784, 52.436013480170828 ], [ 13.463673859414072, 52.436013289108708 ], [ 13.463674172030354, 52.436004302053043 ], [ 13.463659467458799, 52.436004110989145 ], [ 13.463659780077904, 52.435995123933537 ], [ 13.46361566637319, 52.435994550731095 ], [ 13.463615353745116, 52.436003537786526 ], [ 13.46360064917422, 52.436003346715324 ], [ 13.463600023911598, 52.436021320826008 ], [ 13.463614728488473, 52.43602151189733 ], [ 13.463614415859903, 52.436030498952725 ], [ 13.463629120439933, 52.436030690022278 ], [ 13.463628807814187, 52.436039677077716 ], [ 13.463658216980722, 52.436040059211464 ], [ 13.46365790436079, 52.436049046267001 ], [ 13.463672608947293, 52.436049237331204 ], [ 13.463672921564235, 52.436040250275603 ] ] ] } },
{ "type": "Feature", "properties": { "id": 29101, "art": "NOT-ALKIS-Gebäude" }, "geometry": { "type": "Polygon", "coordinates": [ [ [ 13.477844189969176, 52.436340418422567 ], [ 13.477858894749954, 52.43634060772365 ], [ 13.477859204484158, 52.436331620609039 ], [ 13.477873909262112, 52.436331809908239 ], [ 13.477875148185339, 52.436295861449381 ], [ 13.477860443419344, 52.436295672150436 ], [ 13.477860753152731, 52.436286685035732 ], [ 13.477816638864693, 52.436286117128091 ], [ 13.477816329122337, 52.436295104242603 ], [ 13.477786919591818, 52.436294725628258 ], [ 13.477785990345833, 52.436321686971318 ], [ 13.47780069511998, 52.436321876279592 ], [ 13.477800385373982, 52.436330863393977 ], [ 13.477815090151282, 52.436331052700481 ], [ 13.477814780408108, 52.436340039814915 ], [ 13.477829485188561, 52.436340229119651 ], [ 13.477829175448214, 52.436349216234127 ], [ 13.477843880231818, 52.436349405537115 ], [ 13.477844189969176, 52.436340418422567 ] ] ] } },
{ "type": "Feature", "properties": { "id": 29128, "art": "NOT-ALKIS-Gebäude" }, "geometry": { "type": "Polygon", "coordinates": [ [ [ 13.487458073583927, 52.436553702570535 ], [ 13.487487483418477, 52.436554078781249 ], [ 13.487487791196221, 52.436545091626911 ], [ 13.48750249611075, 52.436545279729479 ], [ 13.487502803885347, 52.436536292575056 ], [ 13.487517508797048, 52.43653648067572 ], [ 13.487517816568491, 52.436527493521233 ], [ 13.487532521477366, 52.436527681620014 ], [ 13.487533444781754, 52.436500720156289 ], [ 13.487489330082525, 52.436500155855029 ], [ 13.487489022305589, 52.436509143009431 ], [ 13.487459612500935, 52.436508766799328 ], [ 13.487459304717857, 52.436517753953595 ], [ 13.487444599812784, 52.436517565845747 ], [ 13.487444292026554, 52.436526552999943 ], [ 13.487429587118656, 52.436526364890199 ], [ 13.487429279329275, 52.436535352044324 ], [ 13.487414574418548, 52.436535163932689 ], [ 13.48741395883332, 52.436553138240768 ], [ 13.487428663750027, 52.436553326352509 ], [ 13.48742835596016, 52.436562313506585 ], [ 13.487457765800038, 52.436562689724731 ], [ 13.487458073583927, 52.436553702570535 ] ] ] } },
{ "type": "Feature", "properties": { "id": 29246, "art": "NOT-ALKIS-Gebäude" }, "geometry": { "type": "Polygon", "coordinates": [ [ [ 13.470932108649187, 52.436700789031939 ], [ 13.47094681350263, 52.43670097919334 ], [ 13.470947124647058, 52.436691992108187 ], [ 13.470961829497677, 52.436692182267699 ], [ 13.470962451780059, 52.436674208097202 ], [ 13.47091833724663, 52.436673637613524 ], [ 13.47091802609655, 52.436682624698605 ], [ 13.470903321249413, 52.436682434533665 ], [ 13.470902387789229, 52.436709395788604 ], [ 13.470931797501606, 52.436709776117027 ], [ 13.470932108649187, 52.436700789031939 ] ] ] } },
{ "type": "Feature", "properties": { "id": 29329, "art": "NOT-ALKIS-Gebäude" }, "geometry": { "type": "Polygon", "coordinates": [ [ [ 13.427433817255324, 52.43990654984826 ], [ 13.427448522873446, 52.439906745426207 ], [ 13.42744884290407, 52.439897758530925 ], [ 13.427463548519366, 52.439897954107074 ], [ 13.427464188574135, 52.439879980316157 ], [ 13.427449482964818, 52.439879784740135 ], [ 13.427449802994939, 52.439870797844705 ], [ 13.427420391782794, 52.43987040668722 ], [ 13.42742007174669, 52.439879393582608 ], [ 13.427405366137879, 52.439879198001101 ], [ 13.427404726059192, 52.439897171791515 ], [ 13.427390020444575, 52.439896976207955 ], [ 13.427389700401985, 52.439905963103186 ], [ 13.427404406019596, 52.439906158686711 ], [ 13.427404085979832, 52.439915145581779 ], [ 13.427433497221537, 52.439915536743563 ], [ 13.427433817255324, 52.43990654984826 ] ] ] } },
{ "type": "Feature", "properties": { "id": 29336, "art": "NOT-ALKIS-Gebäude" }, "geometry": { "type": "Polygon", "coordinates": [ [ [ 13.428888715053807, 52.439952863911103 ], [ 13.428903420697598, 52.439953059308458 ], [ 13.428904379902537, 52.439926098603706 ], [ 13.428845557364253, 52.439925317004452 ], [ 13.428845237617482, 52.439934303905794 ], [ 13.428830531980344, 52.439934108501348 ], [ 13.42883021223042, 52.439943095402526 ], [ 13.428815506590455, 52.439942899996289 ], [ 13.428815186837372, 52.43995188689739 ], [ 13.428829892480321, 52.439952082303783 ], [ 13.428829572730052, 52.439961069205133 ], [ 13.428844278376159, 52.439961264609749 ], [ 13.428843958628715, 52.439970251511042 ], [ 13.428858664277982, 52.439970446913911 ], [ 13.428858344533358, 52.439979433815253 ], [ 13.428873050185786, 52.439979629216268 ], [ 13.428872730443981, 52.439988616117745 ], [ 13.428887436099565, 52.439988811517082 ], [ 13.428888715053807, 52.439952863911103 ] ] ] } },
{ "type": "Feature", "properties": { "id": 29386, "art": "NOT-ALKIS-Gebäude" }, "geometry": { "type": "Polygon", "coordinates": [ [ [ 13.462000186389874, 52.448588076306507 ], [ 13.46201489514022, 52.448588267608599 ], [ 13.46201520823594, 52.448579280579146 ], [ 13.462029916983457, 52.448579471879327 ], [ 13.462030230076023, 52.44857048484981 ], [ 13.462044938820714, 52.448570676148123 ], [ 13.462045251910123, 52.448561689118513 ], [ 13.462074669394019, 52.448562071709517 ], [ 13.462074982477279, 52.448553084679773 ], [ 13.46206027373824, 52.448552893385248 ], [ 13.462060586824327, 52.448543906355546 ], [ 13.462045878088444, 52.448543715059259 ], [ 13.462046191177357, 52.448534728029607 ], [ 13.462031482444631, 52.44853453673155 ], [ 13.462032108627945, 52.448516562672324 ], [ 13.462017399901368, 52.448516371372548 ], [ 13.462017712995767, 52.448507384342989 ], [ 13.461988295549091, 52.448507001738093 ], [ 13.46198798244871, 52.448515988767532 ], [ 13.461929147545373, 52.448515223535551 ], [ 13.461928834432859, 52.448524210564756 ], [ 13.461914125704446, 52.448524019252112 ], [ 13.461913812588776, 52.448533006281231 ], [ 13.461899103857537, 52.448532814966718 ], [ 13.461898477619716, 52.448550789024765 ], [ 13.461913186356938, 52.448550980339419 ], [ 13.46191287324077, 52.448559967368475 ], [ 13.461927581981151, 52.448560158681353 ], [ 13.461926955754304, 52.448578132739563 ], [ 13.461941664500831, 52.448578324050736 ], [ 13.461941351390152, 52.448587311079883 ], [ 13.461956060139835, 52.44858750238928 ], [ 13.461955747031981, 52.448596489418463 ], [ 13.461999873290996, 52.448597063335882 ], [ 13.462000186389874, 52.448588076306507 ] ] ] } },
{ "type": "Feature", "properties": { "id": 29397, "art": "NOT-ALKIS-Gebäude" }, "geometry": { "type": "Polygon", "coordinates": [ [ [ 13.452924289096291, 52.448487668271888 ], [ 13.452938997750389, 52.448487860702343 ], [ 13.452939312692154, 52.448478873711103 ], [ 13.452924604041048, 52.448478681280719 ], [ 13.452924918985635, 52.448469694289521 ], [ 13.452910210337686, 52.44846950185736 ], [ 13.452910840232347, 52.448451527875065 ], [ 13.452896131590547, 52.448451335441199 ], [ 13.45289644654062, 52.448442348450087 ], [ 13.452881737901977, 52.448442156014458 ], [ 13.452880163134997, 52.448487090969543 ], [ 13.452894871788596, 52.448487283405484 ], [ 13.452894556837693, 52.448496270396518 ], [ 13.45290926549445, 52.44849646283069 ], [ 13.452908950546371, 52.448505449821781 ], [ 13.452923659206286, 52.44850564225419 ], [ 13.452924289096291, 52.448487668271888 ] ] ] } },
{ "type": "Feature", "properties": { "id": 29399, "art": "NOT-ALKIS-Gebäude" }, "geometry": { "type": "Polygon", "coordinates": [ [ [ 13.459941590007867, 52.448543301924353 ], [ 13.459956298729086, 52.448543493482312 ], [ 13.45995661224328, 52.448534506461478 ], [ 13.459971320961671, 52.448534698017554 ], [ 13.459971634472709, 52.448525710996641 ], [ 13.459986343188273, 52.448525902550827 ], [ 13.459986656696156, 52.448516915529837 ], [ 13.460001365408894, 52.448517107082132 ], [ 13.460001678913617, 52.448508120061071 ], [ 13.460016387623529, 52.448508311611477 ], [ 13.4600170146265, 52.448490337569169 ], [ 13.460002305922568, 52.448490146018884 ], [ 13.460002619426797, 52.448481158997758 ], [ 13.459987910726021, 52.448480967445718 ], [ 13.459988224233078, 52.448471980424642 ], [ 13.459944098140722, 52.448471405757708 ], [ 13.459944411656585, 52.448462418736803 ], [ 13.45988557688106, 52.448461652488866 ], [ 13.459885263353232, 52.448470639509516 ], [ 13.459870554656774, 52.448470447942903 ], [ 13.45987024112579, 52.448479434963481 ], [ 13.459855532426504, 52.448479243394971 ], [ 13.459855218892361, 52.448488230415464 ], [ 13.459840510190253, 52.448488038845063 ], [ 13.459840196652953, 52.448497025865485 ], [ 13.459825487948017, 52.448496834293202 ], [ 13.459825174407561, 52.448505821313539 ], [ 13.459810465699798, 52.448505629739358 ], [ 13.459810152156185, 52.448514616759617 ], [ 13.45982486086694, 52.448514808333869 ], [ 13.459823920244084, 52.448541769394751 ], [ 13.459838628963979, 52.448541960967361 ], [ 13.459838001887231, 52.448559935007999 ], [ 13.459823293161353, 52.448559743435275 ], [ 13.459822352536015, 52.448586704495938 ], [ 13.459837061270868, 52.448586896068846 ], [ 13.45983674773175, 52.448595883089098 ], [ 13.45988087394627, 52.448596457797038 ], [ 13.459881187476412, 52.448587470776602 ], [ 13.459910604947606, 52.448587853905948 ], [ 13.459910291423443, 52.44859684092652 ], [ 13.459939708901279, 52.44859722404869 ], [ 13.459941590007867, 52.448543301924353 ] ] ] } },
{ "type": "Feature", "properties": { "id": 29400, "art": "NOT-ALKIS-Gebäude" }, "geometry": { "type": "Polygon", "coordinates": [ [ [ 13.46430852432775, 52.448645049458136 ], [ 13.464323233112985, 52.448645240473326 ], [ 13.464323545739539, 52.448636253434231 ], [ 13.464352963304524, 52.448636635458996 ], [ 13.464353901165252, 52.448609674341249 ], [ 13.464309774844949, 52.44860910130194 ], [ 13.464310087473836, 52.448600114262867 ], [ 13.464280669933776, 52.448599732227635 ], [ 13.464281295203021, 52.448581758149658 ], [ 13.464266586439223, 52.448581567129423 ], [ 13.464265648526132, 52.448608528246169 ], [ 13.464295066071845, 52.448608910285181 ], [ 13.464293502909975, 52.448653845480088 ], [ 13.464308211698038, 52.448654036497153 ], [ 13.46430852432775, 52.448645049458136 ] ] ] } },
{ "type": "Feature", "properties": { "id": 29450, "art": "NOT-ALKIS-Gebäude" }, "geometry": { "type": "Polygon", "coordinates": [ [ [ 13.455220386880105, 52.457724574447987 ], [ 13.45523509862779, 52.457724766616423 ], [ 13.455235413207019, 52.457715779629574 ], [ 13.455250124951878, 52.457715971796119 ], [ 13.455250754103851, 52.457697997822258 ], [ 13.455236042364978, 52.457697805655833 ], [ 13.455236356943709, 52.457688818668935 ], [ 13.455221645207995, 52.457688626500747 ], [ 13.455221959789553, 52.457679639513913 ], [ 13.45519253632461, 52.457679255172152 ], [ 13.455192850911986, 52.45767026818541 ], [ 13.455178139182758, 52.457670076011865 ], [ 13.455178453772962, 52.45766108902518 ], [ 13.455149030320989, 52.457660704672705 ], [ 13.455149344917011, 52.457651717686119 ], [ 13.455090498027026, 52.457650948959483 ], [ 13.455089868810868, 52.457668922932129 ], [ 13.455075157082801, 52.457668730745766 ], [ 13.455073584024534, 52.457713665676835 ], [ 13.455088295767565, 52.457713857863496 ], [ 13.455087981158407, 52.457722844849727 ], [ 13.455102692904598, 52.457723037034633 ], [ 13.455102378298266, 52.457732024020906 ], [ 13.455131801797132, 52.45773240838534 ], [ 13.455131487196621, 52.457741395371727 ], [ 13.455146198949297, 52.457741587551261 ], [ 13.455145569753762, 52.457759561524114 ], [ 13.455204416790068, 52.457760330224467 ], [ 13.455204102204023, 52.45776931721111 ], [ 13.455233525729158, 52.457769701550433 ], [ 13.455234469468836, 52.457742740590071 ], [ 13.455219757715163, 52.457742548421507 ], [ 13.455220386880105, 52.457724574447987 ] ] ] } },
{ "type": "Feature", "properties": { "id": 29465, "art": "NOT-ALKIS-Gebäude" }, "geometry": { "type": "Polygon", "coordinates": [ [ [ 13.433842161143305, 52.45750632976511 ], [ 13.433856872669057, 52.457506524591778 ], [ 13.433857829456008, 52.457479563903597 ], [ 13.433843117939233, 52.457479369077134 ], [ 13.433843436870871, 52.457470382181107 ], [ 13.433814013843811, 52.45746999252281 ], [ 13.433814332781271, 52.457461005626897 ], [ 13.433799621270985, 52.45746081079507 ], [ 13.433799940211266, 52.457451823899198 ], [ 13.433785228704144, 52.457451629065609 ], [ 13.433785547647251, 52.457442642169788 ], [ 13.433741413135868, 52.457442057658234 ], [ 13.433741094183784, 52.457451044553856 ], [ 13.433726382677333, 52.457450849712949 ], [ 13.433726701632411, 52.457441862817376 ], [ 13.433711990129122, 52.457441667974706 ], [ 13.433712309087024, 52.457432681079183 ], [ 13.433682886086936, 52.457432291388471 ], [ 13.433682567123048, 52.457441278283881 ], [ 13.433667855620266, 52.457441083435718 ], [ 13.433667536653216, 52.457450070331021 ], [ 13.433608690631793, 52.457449290919833 ], [ 13.433608371652603, 52.457458277814879 ], [ 13.433593660144673, 52.457458082957451 ], [ 13.43359333762162, 52.457467169606957 ], [ 13.433841955463874, 52.457512125414318 ], [ 13.433842161143305, 52.45750632976511 ] ] ] } },
{ "type": "Feature", "properties": { "id": 29472, "art": "NOT-ALKIS-Gebäude" }, "geometry": { "type": "Polygon", "coordinates": [ [ [ 13.472951321534499, 52.460840986155986 ], [ 13.472980747351908, 52.460841366096325 ], [ 13.47298105835319, 52.460832379039545 ], [ 13.472995771259146, 52.460832569006911 ], [ 13.472996393255379, 52.460814594893165 ], [ 13.472981680355408, 52.460814404925912 ], [ 13.472981991356198, 52.460805417869096 ], [ 13.472967278459386, 52.460805227900074 ], [ 13.472967589462858, 52.460796240843294 ], [ 13.472923450782535, 52.460795670925457 ], [ 13.472923139769788, 52.460804657982059 ], [ 13.472908426873632, 52.460804468005733 ], [ 13.472908115857875, 52.460813455062244 ], [ 13.47289340295889, 52.460813265084035 ], [ 13.472892469901797, 52.460840226253339 ], [ 13.472907182809763, 52.460840416231747 ], [ 13.47290687179335, 52.460849403288215 ], [ 13.472951010527213, 52.460849973212632 ], [ 13.472951321534499, 52.460840986155986 ] ] ] } },
{ "type": "Feature", "properties": { "id": 29510, "art": "NOT-ALKIS-Gebäude" }, "geometry": { "type": "Polygon", "coordinates": [ [ [ 13.452733515378524, 52.436715796032288 ], [ 13.452748220111431, 52.436715988456434 ], [ 13.452748849805074, 52.4366980144396 ], [ 13.452734145078146, 52.43669782201556 ], [ 13.45273445992771, 52.43668883500716 ], [ 13.452705050480331, 52.436688450153731 ], [ 13.452704735624788, 52.436697437161996 ], [ 13.45269003089836, 52.436697244732457 ], [ 13.4526894011808, 52.436715218748816 ], [ 13.45270410591321, 52.436715411178476 ], [ 13.45270379105717, 52.436724398186684 ], [ 13.452733200528463, 52.436724783040624 ], [ 13.452733515378524, 52.436715796032288 ] ] ] } },
{ "type": "Feature", "properties": { "id": 29642, "art": "NOT-ALKIS-Gebäude" }, "geometry": { "type": "Polygon", "coordinates": [ [ [ 13.478867957569946, 52.437369587773176 ], [ 13.478882662700299, 52.437369776949552 ], [ 13.478882043624971, 52.437387751184133 ], [ 13.478896748761466, 52.437387940358803 ], [ 13.478896439226546, 52.437396927476129 ], [ 13.478911144366194, 52.437397116649031 ], [ 13.478910834834103, 52.437406103766406 ], [ 13.478925539976903, 52.437406292937538 ], [ 13.478925230447636, 52.437415280054964 ], [ 13.478954640739705, 52.437415658391878 ], [ 13.478954950262992, 52.437406671274324 ], [ 13.478969655406281, 52.437406860439971 ], [ 13.478970274446386, 52.437388886204715 ], [ 13.478955569309075, 52.437388697039189 ], [ 13.478955878831872, 52.437379709921608 ], [ 13.478941173697715, 52.43737952075432 ], [ 13.478941483223339, 52.437370533636766 ], [ 13.478926778092333, 52.437370344467709 ], [ 13.478927087620782, 52.437361357350206 ], [ 13.478912382492931, 52.437361168179379 ], [ 13.478912692024206, 52.437352181061925 ], [ 13.4788685766506, 52.437351613538659 ], [ 13.478867957569946, 52.437369587773176 ] ] ] } },
{ "type": "Feature", "properties": { "id": 29643, "art": "NOT-ALKIS-Gebäude" }, "geometry": { "type": "Polygon", "coordinates": [ [ [ 13.483425938564199, 52.437446119173188 ], [ 13.483381823004549, 52.437445553332701 ], [ 13.483381514381461, 52.437454540468615 ], [ 13.483366809192248, 52.437454351851407 ], [ 13.483366191939604, 52.43747232612305 ], [ 13.483425012721352, 52.437473080581427 ], [ 13.483425938564199, 52.437446119173188 ] ] ] } },
{ "type": "Feature", "properties": { "id": 29782, "art": "NOT-ALKIS-Gebäude" }, "geometry": { "type": "Polygon", "coordinates": [ [ [ 13.466060509675515, 52.43760872962384 ], [ 13.466075214797737, 52.437608920393259 ], [ 13.46607552694346, 52.437599933329942 ], [ 13.466090232062857, 52.437600124097457 ], [ 13.466090544205427, 52.437591137034055 ], [ 13.466075839089019, 52.437590946266596 ], [ 13.466076151234413, 52.437581959203236 ], [ 13.466061446121159, 52.437581768434008 ], [ 13.466061758269378, 52.437572781370697 ], [ 13.466032348049342, 52.437572399826877 ], [ 13.466032035895145, 52.437581386890066 ], [ 13.466002625669789, 52.437581005338821 ], [ 13.466001689188268, 52.437607966527914 ], [ 13.466016394309834, 52.437608157304631 ], [ 13.466016082151986, 52.437617144367699 ], [ 13.466060197526636, 52.4376177166871 ], [ 13.466060509675515, 52.43760872962384 ] ] ] } },
{ "type": "Feature", "properties": { "id": 30073, "art": "NOT-ALKIS-Gebäude" }, "geometry": { "type": "Polygon", "coordinates": [ [ [ 13.43582355885974, 52.438129692120114 ], [ 13.435809366981795, 52.438129504377201 ], [ 13.435809048672496, 52.438138491311221 ], [ 13.435794343584243, 52.438138296777275 ], [ 13.435794025271788, 52.43814728371121 ], [ 13.435779320180716, 52.438147089175366 ], [ 13.435779001865102, 52.438156076109237 ], [ 13.435764296771209, 52.438155881571504 ], [ 13.4357636601335, 52.438173855439068 ], [ 13.435748955033793, 52.438173660899373 ], [ 13.435748000067003, 52.438200621700396 ], [ 13.435761540531061, 52.438200800832782 ], [ 13.43582355885974, 52.438129692120114 ] ] ] } },
{ "type": "Feature", "properties": { "id": 30075, "art": "NOT-ALKIS-Gebäude" }, "geometry": { "type": "Polygon", "coordinates": [ [ [ 13.45493799475925, 52.438461927964248 ], [ 13.454952700088709, 52.438462120118764 ], [ 13.454953014506934, 52.438453133103678 ], [ 13.454967719833569, 52.438453325256305 ], [ 13.454968348663545, 52.438435351225948 ], [ 13.45495364334289, 52.438435159073443 ], [ 13.454954272178179, 52.43841718504315 ], [ 13.454939566863668, 52.438416992888946 ], [ 13.454939881284055, 52.438408005873839 ], [ 13.454895765350487, 52.438407429400435 ], [ 13.45489387877187, 52.438461351489721 ], [ 13.45490858410083, 52.438461543649723 ], [ 13.454908269673469, 52.43847053066461 ], [ 13.454937680337867, 52.438470914979263 ], [ 13.45493799475925, 52.438461927964248 ] ] ] } },
{ "type": "Feature", "properties": { "id": 30089, "art": "NOT-ALKIS-Gebäude" }, "geometry": { "type": "Polygon", "coordinates": [ [ [ 13.471067351402214, 52.438743519249051 ], [ 13.471082056936597, 52.438743709398778 ], [ 13.471082679216092, 52.438725735233554 ], [ 13.47106797368769, 52.438725545083933 ], [ 13.471068595972511, 52.438707570918766 ], [ 13.47105389045025, 52.438707380767447 ], [ 13.471054201595404, 52.438698393684902 ], [ 13.471039496076298, 52.438698203531814 ], [ 13.471039807224276, 52.438689216449319 ], [ 13.471025101708324, 52.438689026294462 ], [ 13.471025412859129, 52.438680039212002 ], [ 13.470999859089646, 52.438679708775673 ], [ 13.470995910944819, 52.43868228402367 ], [ 13.470995690676913, 52.438688645979269 ], [ 13.470986343851267, 52.438688525113562 ], [ 13.470980858861655, 52.438692103675606 ], [ 13.470980051681146, 52.43871541706563 ], [ 13.470994757205574, 52.438715607226165 ], [ 13.470994446048135, 52.438724594308432 ], [ 13.471009151575716, 52.438724784467176 ], [ 13.471008840421101, 52.438733771549508 ], [ 13.471038251482739, 52.438734151861652 ], [ 13.47103794033394, 52.438743138944076 ], [ 13.471052645867996, 52.43874332909747 ], [ 13.471052334722019, 52.438752316179951 ], [ 13.471067040259229, 52.438752506331568 ], [ 13.471067351402214, 52.438743519249051 ] ] ] } },
{ "type": "Feature", "properties": { "id": 30099, "art": "NOT-ALKIS-Gebäude" }, "geometry": { "type": "Polygon", "coordinates": [ [ [ 13.47543304078963, 52.438853835974243 ], [ 13.475447746390632, 52.438854025581428 ], [ 13.475448366896153, 52.438836051380001 ], [ 13.47543366130113, 52.438835861772937 ], [ 13.475434281811976, 52.438817887571567 ], [ 13.475375459457444, 52.438817129125503 ], [ 13.475375149190144, 52.438826116225954 ], [ 13.47536044359893, 52.438825926609802 ], [ 13.475359512787078, 52.438852887910876 ], [ 13.475374218387261, 52.438853077527192 ], [ 13.475373908119305, 52.438862064627592 ], [ 13.475432730533635, 52.438862823074871 ], [ 13.47543304078963, 52.438853835974243 ] ] ] } },
{ "type": "Feature", "properties": { "id": 30392, "art": "NOT-ALKIS-Gebäude" }, "geometry": { "type": "Polygon", "coordinates": [ [ [ 13.469795964285819, 52.439770041020452 ], [ 13.469810670153233, 52.439770231330868 ], [ 13.469811292973125, 52.439752257179435 ], [ 13.46979658711169, 52.439752066869154 ], [ 13.469796898524379, 52.439743079793473 ], [ 13.4697821926661, 52.439742889481415 ], [ 13.469782504081614, 52.439733902405784 ], [ 13.469753092371526, 52.439733521776319 ], [ 13.469751846684561, 52.439769470078254 ], [ 13.469766552551482, 52.439769660394155 ], [ 13.469766241132321, 52.439778647469652 ], [ 13.469795652872637, 52.439779028096083 ], [ 13.469795964285819, 52.439770041020452 ] ] ] } },
{ "type": "Feature", "properties": { "id": 30420, "art": "NOT-ALKIS-Gebäude" }, "geometry": { "type": "Polygon", "coordinates": [ [ [ 13.481819857145963, 52.440086872341503 ], [ 13.481834563201055, 52.440087061157648 ], [ 13.481834872168195, 52.440078074032208 ], [ 13.48184957822046, 52.440078262846455 ], [ 13.481850814075427, 52.440042314344247 ], [ 13.481806695955003, 52.440041747896736 ], [ 13.481807004927305, 52.440032760771324 ], [ 13.481762886817318, 52.440032194307534 ], [ 13.481762577836042, 52.440041181432768 ], [ 13.481747871796715, 52.440040992607784 ], [ 13.481746944842943, 52.440067953983181 ], [ 13.48176165089124, 52.440068142808343 ], [ 13.481761341909312, 52.440077129933513 ], [ 13.481776047960762, 52.440077318756906 ], [ 13.481775738981662, 52.440086305882119 ], [ 13.481790445036266, 52.440086494703735 ], [ 13.481790136059994, 52.440095481829005 ], [ 13.481819548175668, 52.440095859466894 ], [ 13.481819857145963, 52.440086872341503 ] ] ] } },
{ "type": "Feature", "properties": { "id": 30426, "art": "NOT-ALKIS-Gebäude" }, "geometry": { "type": "Polygon", "coordinates": [ [ [ 13.466186164480023, 52.439921075210847 ], [ 13.466200870372919, 52.439921265970483 ], [ 13.466201182519107, 52.439912278910157 ], [ 13.466186476629199, 52.439912088150599 ], [ 13.466186788778211, 52.439903101090309 ], [ 13.466172082891459, 52.439902910328968 ], [ 13.466172395043296, 52.439893923268748 ], [ 13.466157689159699, 52.439893732505638 ], [ 13.466158001314362, 52.439884745445454 ], [ 13.46614329543392, 52.439884554680575 ], [ 13.466143607591407, 52.439875567620454 ], [ 13.466099489960037, 52.439874995315044 ], [ 13.466098865626957, 52.439892969434929 ], [ 13.466113571509895, 52.439893160205351 ], [ 13.466113259346098, 52.439902147265329 ], [ 13.466142671118449, 52.439902528800808 ], [ 13.466142358960468, 52.439911515860899 ], [ 13.466157064849879, 52.439911706625956 ], [ 13.466156752694724, 52.439920693686091 ], [ 13.466171458587292, 52.439920884449378 ], [ 13.466171146434961, 52.439929871509563 ], [ 13.466185852330682, 52.439930062271088 ], [ 13.466186164480023, 52.439921075210847 ] ] ] } },
{ "type": "Feature", "properties": { "id": 30531, "art": "NOT-ALKIS-Gebäude" }, "geometry": { "type": "Polygon", "coordinates": [ [ [ 13.462988741962148, 52.440904542702988 ], [ 13.463003448160467, 52.440904733862688 ], [ 13.463003760968306, 52.440895746817326 ], [ 13.463018467163799, 52.440895937975142 ], [ 13.46301940557735, 52.440868976838772 ], [ 13.463034111764038, 52.440869167994563 ], [ 13.463034424565237, 52.440860180949009 ], [ 13.462990306014637, 52.440859607476341 ], [ 13.46298999320447, 52.440868594521717 ], [ 13.462975287018276, 52.440868403360426 ], [ 13.462974974204954, 52.44087739040571 ], [ 13.462960268015935, 52.440877199242543 ], [ 13.462959955199457, 52.440886186287749 ], [ 13.462945249007614, 52.440885995122692 ], [ 13.46294431054822, 52.440912956258046 ], [ 13.462988429151155, 52.440913529748279 ], [ 13.462988741962148, 52.440904542702988 ] ] ] } },
{ "type": "Feature", "properties": { "id": 30692, "art": "NOT-ALKIS-Gebäude" }, "geometry": { "type": "Polygon", "coordinates": [ [ [ 13.43048335142077, 52.441034996944317 ], [ 13.430483031994443, 52.441043983851024 ], [ 13.430512444031214, 52.44104437425289 ], [ 13.430513082871737, 52.441026400439206 ], [ 13.43049837685925, 52.441026205239318 ], [ 13.430498696282248, 52.441017218332526 ], [ 13.430483990272919, 52.441017023130854 ], [ 13.430484309698741, 52.441008036224119 ], [ 13.430454897686566, 52.441007645815432 ], [ 13.430455217118203, 52.440998658908704 ], [ 13.43042580511268, 52.440998268492841 ], [ 13.430426124550122, 52.440989281586404 ], [ 13.430382006552074, 52.440988695949102 ], [ 13.430380409318317, 52.441033630480646 ], [ 13.43048335142077, 52.441034996944317 ] ] ] } },
{ "type": "Feature", "properties": { "id": 31437, "art": "NOT-ALKIS-Gebäude" }, "geometry": { "type": "Polygon", "coordinates": [ [ [ 13.430941891464942, 52.443450709273108 ], [ 13.430956598287851, 52.443450904424125 ], [ 13.430957237003062, 52.443432930613994 ], [ 13.430971943820159, 52.44343312576305 ], [ 13.430972582528719, 52.443415151952642 ], [ 13.43094316890665, 52.443414761653024 ], [ 13.430942849546476, 52.443423748558082 ], [ 13.430884022292405, 52.443422967936492 ], [ 13.4308837029201, 52.443431954841273 ], [ 13.430868996104014, 52.443431759681232 ], [ 13.430868676728551, 52.443440746585928 ], [ 13.430883383547627, 52.443440941746033 ], [ 13.430883064174985, 52.443449928650772 ], [ 13.430912477819627, 52.443450318965596 ], [ 13.430912158452797, 52.443459305870455 ], [ 13.430941572104093, 52.443459696178103 ], [ 13.430941891464942, 52.443450709273108 ] ] ] } },
{ "type": "Feature", "properties": { "id": 31605, "art": "NOT-ALKIS-Gebäude" }, "geometry": { "type": "Polygon", "coordinates": [ [ [ 13.45353042300728, 52.444206835347416 ], [ 13.453528849140824, 52.444251770348622 ], [ 13.453572970883778, 52.44425234737659 ], [ 13.453574229941387, 52.444216399374916 ], [ 13.453559522705532, 52.44421620703433 ], [ 13.453559837472509, 52.444207220033945 ], [ 13.45353042300728, 52.444206835347416 ] ] ] } },
{ "type": "Feature", "properties": { "id": 31715, "art": "NOT-ALKIS-Gebäude" }, "geometry": { "type": "Polygon", "coordinates": [ [ [ 13.434852743557054, 52.444365688762623 ], [ 13.434867450712147, 52.444365883429711 ], [ 13.434867769284546, 52.444356896509248 ], [ 13.434926597894641, 52.444357675159054 ], [ 13.434926916454909, 52.444348688238328 ], [ 13.434941623604862, 52.444348882896136 ], [ 13.434941942161972, 52.444339895975332 ], [ 13.434927235015008, 52.444339701317574 ], [ 13.434927553574939, 52.44433071439682 ], [ 13.434824603571835, 52.444329351741793 ], [ 13.434822373502254, 52.444392260183704 ], [ 13.43485178782988, 52.444392649523735 ], [ 13.434852743557054, 52.444365688762623 ] ] ] } },
{ "type": "Feature", "properties": { "id": 31807, "art": "NOT-ALKIS-Gebäude" }, "geometry": { "type": "Polygon", "coordinates": [ [ [ 13.435725302802282, 52.44465596019316 ], [ 13.435724665999455, 52.444673934040516 ], [ 13.435739373263322, 52.444674128599971 ], [ 13.435738418066794, 52.444701089371065 ], [ 13.435753125339801, 52.444701283928879 ], [ 13.435752806943613, 52.444710270852617 ], [ 13.435811636049278, 52.444711049065852 ], [ 13.435812591201451, 52.444684088293847 ], [ 13.435797883933754, 52.44468389374348 ], [ 13.435798202320466, 52.444674906819515 ], [ 13.435783495055929, 52.444674712267371 ], [ 13.435783813445463, 52.444665725343448 ], [ 13.435769106184084, 52.444665530789543 ], [ 13.43576942457644, 52.444656543865676 ], [ 13.435725302802282, 52.44465596019316 ] ] ] } },
{ "type": "Feature", "properties": { "id": 32198, "art": "NOT-ALKIS-Gebäude" }, "geometry": { "type": "Polygon", "coordinates": [ [ [ 13.452272350783986, 52.446096492051993 ], [ 13.452242935078235, 52.446096107035643 ], [ 13.452242620021815, 52.446105094027573 ], [ 13.452227912166197, 52.446104901516598 ], [ 13.452227282046879, 52.446122875500286 ], [ 13.452241989908478, 52.446123068011381 ], [ 13.45224167485156, 52.446132055003268 ], [ 13.45227109058124, 52.446132440020094 ], [ 13.452272350783986, 52.446096492051993 ] ] ] } },
{ "type": "Feature", "properties": { "id": 33189, "art": "NOT-ALKIS-Gebäude" }, "geometry": { "type": "Polygon", "coordinates": [ [ [ 13.425577378964345, 52.447821029133863 ], [ 13.425592087204933, 52.447821224963263 ], [ 13.425592407704732, 52.447812238087991 ], [ 13.425607115942498, 52.447812433915495 ], [ 13.42560807743191, 52.447785473289301 ], [ 13.425593369203114, 52.447785277462074 ], [ 13.425593689702236, 52.447776290586745 ], [ 13.425578981476608, 52.447776094757565 ], [ 13.425579301978551, 52.447767107882285 ], [ 13.425535177311637, 52.447766520384349 ], [ 13.425535497822386, 52.447757533509233 ], [ 13.425520789603413, 52.447757337672954 ], [ 13.425521110116984, 52.447748350797909 ], [ 13.425504954612743, 52.447748135689295 ], [ 13.425491237361786, 52.447760753733832 ], [ 13.425491052646249, 52.447765932869864 ], [ 13.425485684145398, 52.447765861387808 ], [ 13.425476023036497, 52.447774748167433 ], [ 13.425475703378858, 52.447783710777713 ], [ 13.425490411606297, 52.447783906619669 ], [ 13.425490091086068, 52.44779289349453 ], [ 13.425519507547438, 52.447793285173063 ], [ 13.425518866518436, 52.447811258923025 ], [ 13.425533574755359, 52.447811454759581 ], [ 13.425533254243597, 52.447820441634597 ], [ 13.425547962483675, 52.447820637469583 ], [ 13.425547641974735, 52.447829624344649 ], [ 13.425577058461386, 52.447830016009057 ], [ 13.425577378964345, 52.447821029133863 ] ] ] } },
{ "type": "Feature", "properties": { "id": 33246, "art": "NOT-ALKIS-Gebäude" }, "geometry": { "type": "Polygon", "coordinates": [ [ [ 13.439291400400471, 52.449917936085107 ], [ 13.439291082664536, 52.449926923016022 ], [ 13.439261664588031, 52.449926534751548 ], [ 13.439261346845946, 52.44993552168232 ], [ 13.439246637804953, 52.449935327547273 ], [ 13.439246320059709, 52.449944314477968 ], [ 13.439231611015893, 52.44994412034103 ], [ 13.439231293267488, 52.449953107271647 ], [ 13.439246002314297, 52.449953301408648 ], [ 13.439245684568718, 52.449962288339307 ], [ 13.43927510266882, 52.449962676607946 ], [ 13.439275420408418, 52.449953689677152 ], [ 13.439319547550854, 52.449954272066194 ], [ 13.439319865281309, 52.449945285135207 ], [ 13.43933457432613, 52.449945479261167 ], [ 13.439335527507513, 52.449918518467918 ], [ 13.439291400400471, 52.449917936085107 ] ] ] } },
{ "type": "Feature", "properties": { "id": 33249, "art": "NOT-ALKIS-Gebäude" }, "geometry": { "type": "Polygon", "coordinates": [ [ [ 13.459794390139585, 52.45023171210682 ], [ 13.459809099422229, 52.450231903687389 ], [ 13.459809412985473, 52.450222916669752 ], [ 13.459868250105735, 52.450223682973458 ], [ 13.459868563656849, 52.450214695955552 ], [ 13.459883272934336, 52.450214887526855 ], [ 13.459883586482293, 52.450205900508877 ], [ 13.459913005031781, 52.450206283645848 ], [ 13.459913318573589, 52.450197296627728 ], [ 13.459928027845589, 52.45019748819341 ], [ 13.459930536150157, 52.45012559204747 ], [ 13.45991582690209, 52.450125400482271 ], [ 13.459916140442409, 52.450116413464031 ], [ 13.459901431197501, 52.450116221897076 ], [ 13.459901117654191, 52.450125208915253 ], [ 13.459871699158885, 52.450124825775731 ], [ 13.459871385609425, 52.450133812793794 ], [ 13.459856676359029, 52.450133621221219 ], [ 13.459856362806413, 52.45014260823919 ], [ 13.459841653553191, 52.450142416664733 ], [ 13.459841339997418, 52.450151403682639 ], [ 13.459811921485485, 52.450151020528118 ], [ 13.459811607923562, 52.450160007545868 ], [ 13.459796898664854, 52.450159815965797 ], [ 13.459796585099772, 52.450168802983484 ], [ 13.459781875838237, 52.45016861140153 ], [ 13.459781562270001, 52.450177598419131 ], [ 13.45976685300564, 52.450177406835287 ], [ 13.459766539434243, 52.450186393852817 ], [ 13.459737120900034, 52.450186010679523 ], [ 13.459736180166908, 52.450212971731631 ], [ 13.459750889442907, 52.450213163319397 ], [ 13.459750262292646, 52.45023113735418 ], [ 13.459764971574796, 52.45023132894022 ], [ 13.459764658002408, 52.450240315957657 ], [ 13.459794076573182, 52.450240699124386 ], [ 13.459794390139585, 52.45023171210682 ] ] ] } },
{ "type": "Feature", "properties": { "id": 33258, "art": "NOT-ALKIS-Gebäude" }, "geometry": { "type": "Polygon", "coordinates": [ [ [ 13.450718163529666, 52.45013113221183 ], [ 13.450732872715909, 52.450131324920825 ], [ 13.450733818943784, 52.450104363982696 ], [ 13.450719109766517, 52.450104171273878 ], [ 13.450719425178468, 52.45009518429454 ], [ 13.450690006830415, 52.450094798871554 ], [ 13.450689691412482, 52.450103785850786 ], [ 13.450674982235713, 52.450103593136497 ], [ 13.450674035971938, 52.450130554073887 ], [ 13.450688745157681, 52.450130746788354 ], [ 13.450688429739081, 52.450139733767514 ], [ 13.45071784811705, 52.450140119191119 ], [ 13.450718163529666, 52.45013113221183 ] ] ] } },
{ "type": "Feature", "properties": { "id": 33301, "art": "NOT-ALKIS-Gebäude" }, "geometry": { "type": "Polygon", "coordinates": [ [ [ 13.450679431354267, 52.456685141774848 ], [ 13.45069414272402, 52.456685334505387 ], [ 13.450695089199238, 52.456658373597783 ], [ 13.450650955117416, 52.456657795401242 ], [ 13.450650639616864, 52.45666678237027 ], [ 13.450635928253597, 52.456666589634374 ], [ 13.450635612749887, 52.456675576603317 ], [ 13.450620901383791, 52.456675383865523 ], [ 13.450620270369885, 52.456693357803253 ], [ 13.450679115859201, 52.456694128743948 ], [ 13.450679431354267, 52.456685141774848 ] ] ] } },
{ "type": "Feature", "properties": { "id": 33683, "art": "NOT-ALKIS-Gebäude" }, "geometry": { "type": "Polygon", "coordinates": [ [ [ 13.451012999398628, 52.448858256654326 ], [ 13.451027708162899, 52.448858449323396 ], [ 13.451028023497869, 52.448849462340839 ], [ 13.45101331473659, 52.448849269671832 ], [ 13.451013630074389, 52.448840282689311 ], [ 13.450998921316268, 52.448840090018528 ], [ 13.450999236656889, 52.448831103036063 ], [ 13.450984527901928, 52.448830910363519 ], [ 13.450984843245376, 52.448821923381082 ], [ 13.450940716990459, 52.448821345352655 ], [ 13.450940401638036, 52.448830332334893 ], [ 13.450925692883738, 52.44883013965503 ], [ 13.450925062172413, 52.44884811361932 ], [ 13.450939770932694, 52.448848306299304 ], [ 13.450939455579771, 52.448857293281492 ], [ 13.450968873106815, 52.448857678636116 ], [ 13.450968557759712, 52.448866665618411 ], [ 13.451012684060498, 52.448867243636812 ], [ 13.451012999398628, 52.448858256654326 ] ] ] } },
{ "type": "Feature", "properties": { "id": 33779, "art": "NOT-ALKIS-Gebäude" }, "geometry": { "type": "Polygon", "coordinates": [ [ [ 13.437061847894014, 52.448881483050982 ], [ 13.437076556568647, 52.448881677454999 ], [ 13.437077511092157, 52.448854716685879 ], [ 13.437062802426498, 52.448854522282048 ], [ 13.437063120603657, 52.448845535359027 ], [ 13.437018994616665, 52.448844952136753 ], [ 13.437018676430533, 52.448853939059582 ], [ 13.437003967765545, 52.448853744648432 ], [ 13.437003331386791, 52.448871718493898 ], [ 13.43701804005776, 52.448871912905176 ], [ 13.437017721871124, 52.448880899827948 ], [ 13.437032430545253, 52.448881094237457 ], [ 13.437032112361438, 52.448890081160286 ], [ 13.437061529716184, 52.448890469973939 ], [ 13.437061847894014, 52.448881483050982 ] ] ] } },
{ "type": "Feature", "properties": { "id": 34077, "art": "NOT-ALKIS-Gebäude" }, "geometry": { "type": "Polygon", "coordinates": [ [ [ 13.446922401983837, 52.449685732616594 ], [ 13.446966529018702, 52.449686312150746 ], [ 13.446967477531118, 52.449659351258617 ], [ 13.446938059525658, 52.449658964904707 ], [ 13.446937743349036, 52.449667951868648 ], [ 13.446923034343563, 52.449667758688896 ], [ 13.446922718163785, 52.449676745652752 ], [ 13.446908009155488, 52.449676552471111 ], [ 13.446907692972548, 52.449685539434888 ], [ 13.446892983961428, 52.44968534625135 ], [ 13.44689266777533, 52.449694333215056 ], [ 13.446922085803722, 52.449694719580421 ], [ 13.446922401983837, 52.449685732616594 ] ] ] } },
{ "type": "Feature", "properties": { "id": 34411, "art": "NOT-ALKIS-Gebäude" }, "geometry": { "type": "Polygon", "coordinates": [ [ [ 13.446204032254357, 52.450863123081902 ], [ 13.446218741653038, 52.450863316354138 ], [ 13.446219057989637, 52.450854329395078 ], [ 13.446204348593948, 52.450854136122913 ], [ 13.446204664933374, 52.450845149163918 ], [ 13.446175246148481, 52.450844762614224 ], [ 13.446174929803075, 52.450853749573099 ], [ 13.446160220407888, 52.450853556295456 ], [ 13.446159904059323, 52.450862543254253 ], [ 13.446174613457501, 52.450862736531967 ], [ 13.446173980765851, 52.450880710449638 ], [ 13.446203399574674, 52.450881096999829 ], [ 13.446204032254357, 52.450863123081902 ] ] ] } },
{ "type": "Feature", "properties": { "id": 34635, "art": "NOT-ALKIS-Gebäude" }, "geometry": { "type": "Polygon", "coordinates": [ [ [ 13.444018721488106, 52.452740505849135 ], [ 13.444048141506102, 52.452740892944902 ], [ 13.444048458305959, 52.452731905997972 ], [ 13.444063168312216, 52.452732099543049 ], [ 13.44406475229404, 52.45268716480787 ], [ 13.444050042302743, 52.452686971263105 ], [ 13.444050359101601, 52.452677984316082 ], [ 13.444035649113461, 52.452677790769549 ], [ 13.444035965915143, 52.452668803822583 ], [ 13.444021255930164, 52.452668610274287 ], [ 13.444020939125492, 52.452677597221189 ], [ 13.443991519150053, 52.452677210118978 ], [ 13.44399120233923, 52.452686197065759 ], [ 13.443976492348771, 52.452686003511836 ], [ 13.443974591462368, 52.452739925191764 ], [ 13.443989301470779, 52.45274011874605 ], [ 13.443988984658786, 52.45274910569271 ], [ 13.444018404682096, 52.45274949279591 ], [ 13.444018721488106, 52.452740505849135 ] ] ] } },
{ "type": "Feature", "properties": { "id": 34769, "art": "NOT-ALKIS-Gebäude" }, "geometry": { "type": "Polygon", "coordinates": [ [ [ 13.44561465656451, 52.454227045213301 ], [ 13.445629367079871, 52.454227238567434 ], [ 13.445630316564241, 52.454200277713205 ], [ 13.445615606057856, 52.454200084359258 ], [ 13.445615922555305, 52.454191097407872 ], [ 13.445557080543409, 52.454190323974039 ], [ 13.445556131014657, 52.454217284827386 ], [ 13.445570841526356, 52.454217478188767 ], [ 13.445570525019431, 52.454226465139925 ], [ 13.445585235534288, 52.45422665849955 ], [ 13.445584919030189, 52.454235645450737 ], [ 13.445614340066394, 52.454236032164623 ], [ 13.44561465656451, 52.454227045213301 ] ] ] } },
{ "type": "Feature", "properties": { "id": 34788, "art": "NOT-ALKIS-Gebäude" }, "geometry": { "type": "Polygon", "coordinates": [ [ [ 13.429780484188237, 52.454179700341847 ], [ 13.42979519457684, 52.454179895665035 ], [ 13.429795514294543, 52.454170908781364 ], [ 13.429810224680324, 52.454171104102663 ], [ 13.429810544394867, 52.454162117218914 ], [ 13.429825254777823, 52.454162312538323 ], [ 13.429825894200416, 52.454144338770647 ], [ 13.429811183823444, 52.45414414345138 ], [ 13.429811503537481, 52.454135156567581 ], [ 13.429796793163669, 52.454134961246531 ], [ 13.429797112880529, 52.454125974362803 ], [ 13.429782402509877, 52.454125779039991 ], [ 13.429782722229561, 52.454116792156285 ], [ 13.429768011862073, 52.45411659683171 ], [ 13.429767692139396, 52.454125583715353 ], [ 13.429752981769084, 52.454125388388874 ], [ 13.429752662043247, 52.454134375272432 ], [ 13.429737951670111, 52.454134179944077 ], [ 13.429737631941114, 52.454143166827556 ], [ 13.429722921565153, 52.454142971497298 ], [ 13.429721642635506, 52.454178919030809 ], [ 13.429736353023436, 52.45417911436131 ], [ 13.429736033293596, 52.454188101244711 ], [ 13.429780164467372, 52.454188687225439 ], [ 13.429780484188237, 52.454179700341847 ] ] ] } },
{ "type": "Feature", "properties": { "id": 34890, "art": "NOT-ALKIS-Gebäude" }, "geometry": { "type": "Polygon", "coordinates": [ [ [ 13.443232368452477, 52.45500715549062 ], [ 13.443232130676803, 52.455013896594302 ], [ 13.44327626296009, 52.455014477546172 ], [ 13.443275945976952, 52.455023464486324 ], [ 13.443305367505966, 52.455023851778542 ], [ 13.443305050528647, 52.4550328387188 ], [ 13.443334472064311, 52.455033226003842 ], [ 13.443334155092812, 52.4550422129442 ], [ 13.443465116267127, 52.455043936739131 ], [ 13.443338187759498, 52.455028024104351 ], [ 13.443340871521379, 52.455019949447433 ], [ 13.443232368452477, 52.45500715549062 ] ] ] } },
{ "type": "Feature", "properties": { "id": 35118, "art": "NOT-ALKIS-Gebäude" }, "geometry": { "type": "Polygon", "coordinates": [ [ [ 13.438497436070472, 52.456138301420594 ], [ 13.438468013865966, 52.456137912926764 ], [ 13.438467695891124, 52.45614689984464 ], [ 13.43845298478613, 52.456146705594918 ], [ 13.438452666808125, 52.456155692512745 ], [ 13.438437955700309, 52.456155498261133 ], [ 13.43843731973781, 52.45617347209658 ], [ 13.438452030851614, 52.456173666348299 ], [ 13.438451712873107, 52.456182653266069 ], [ 13.438495846224502, 52.456183236010489 ], [ 13.438497436070472, 52.456138301420594 ] ] ] } },
{ "type": "Feature", "properties": { "id": 35604, "art": "NOT-ALKIS-Gebäude" }, "geometry": { "type": "Polygon", "coordinates": [ [ [ 13.43048443102011, 52.457974309012435 ], [ 13.430469719362177, 52.457974113765147 ], [ 13.430470038986305, 52.457965126884368 ], [ 13.430425904022497, 52.45796454113173 ], [ 13.430425584389388, 52.457973528012317 ], [ 13.430410872732129, 52.457973332757732 ], [ 13.430410553095859, 52.457982319638219 ], [ 13.430395841435777, 52.457982124381729 ], [ 13.430395202156744, 52.458000098142563 ], [ 13.430409913822814, 52.458000293399181 ], [ 13.430409594186038, 52.458009280279647 ], [ 13.430497864203952, 52.458010451781327 ], [ 13.430498823059901, 52.457983491138769 ], [ 13.430484111398805, 52.45798329589325 ], [ 13.43048443102011, 52.457974309012435 ] ] ] } },
{ "type": "Feature", "properties": { "id": 35674, "art": "NOT-ALKIS-Gebäude" }, "geometry": { "type": "Polygon", "coordinates": [ [ [ 13.470824184523851, 52.469552820139128 ], [ 13.470838900322692, 52.46955301039673 ], [ 13.47083952339308, 52.469535036327706 ], [ 13.470824807600229, 52.469534846070246 ], [ 13.470825119138171, 52.469525859035755 ], [ 13.470795687558951, 52.469525478515457 ], [ 13.470795376015017, 52.469534465549799 ], [ 13.47078066022266, 52.469534275286847 ], [ 13.47078034867557, 52.469543262321118 ], [ 13.470795064470922, 52.469543452584141 ], [ 13.470794752926659, 52.469552439618454 ], [ 13.470809468725173, 52.469552629879708 ], [ 13.470809157183742, 52.469561616914085 ], [ 13.470823872985413, 52.469561807173562 ], [ 13.470824184523851, 52.469552820139128 ] ] ] } },
{ "type": "Feature", "properties": { "id": 35716, "art": "NOT-ALKIS-Gebäude" }, "geometry": { "type": "Polygon", "coordinates": [ [ [ 13.468233848498231, 52.474617233528981 ], [ 13.468248565968603, 52.474617424121554 ], [ 13.468249190208221, 52.474599450089734 ], [ 13.468263907672764, 52.474599640680374 ], [ 13.468264219789329, 52.474590653664379 ], [ 13.468278937251043, 52.474590844253107 ], [ 13.468279561477688, 52.47457287022096 ], [ 13.468264844021968, 52.474572679632338 ], [ 13.468265156138042, 52.4745636926163 ], [ 13.468235721233087, 52.474563311433712 ], [ 13.468235409111024, 52.47457229844963 ], [ 13.468220691655798, 52.474572107855536 ], [ 13.468220379530573, 52.474581094871368 ], [ 13.468205662072517, 52.474580904275378 ], [ 13.468205349944132, 52.474589891291131 ], [ 13.468190632483243, 52.474589700693258 ], [ 13.468190320351697, 52.474598687708934 ], [ 13.468175602887976, 52.47459849710917 ], [ 13.468174978618398, 52.474616471140365 ], [ 13.468189696088109, 52.474616661740264 ], [ 13.468189383956068, 52.474625648755911 ], [ 13.468233536375179, 52.474626220544813 ], [ 13.468233848498231, 52.474617233528981 ] ] ] } },
{ "type": "Feature", "properties": { "id": 35756, "art": "NOT-ALKIS-Gebäude" }, "geometry": { "type": "Polygon", "coordinates": [ [ [ 13.464432787395824, 52.478910629573072 ], [ 13.464447506272556, 52.47891082064934 ], [ 13.464448758042366, 52.478874872675796 ], [ 13.464434039177622, 52.478874681599763 ], [ 13.464434352122657, 52.478865694606405 ], [ 13.464390195538403, 52.478865121367512 ], [ 13.464389882584376, 52.478874108360699 ], [ 13.464375163720293, 52.47887391727734 ], [ 13.46437422484823, 52.478900878256596 ], [ 13.464388943721305, 52.478901069340132 ], [ 13.464388630766617, 52.478910056333255 ], [ 13.464403349642854, 52.478910247415023 ], [ 13.464403036690998, 52.478919234408181 ], [ 13.464432474449961, 52.478919616566351 ], [ 13.464432787395824, 52.478910629573072 ] ] ] } },
{ "type": "Feature", "properties": { "id": 36495, "art": "NOT-ALKIS-Gebäude" }, "geometry": { "type": "Polygon", "coordinates": [ [ [ 13.426522143337911, 52.463424224360736 ], [ 13.426536856784731, 52.4634244201131 ], [ 13.426538459222169, 52.463379485835418 ], [ 13.42655317265419, 52.463379681585636 ], [ 13.4265549737079, 52.463329177254089 ], [ 13.426555095555569, 52.463325760451546 ], [ 13.426569808969797, 52.463325956199554 ], [ 13.426571090888689, 52.463290008776269 ], [ 13.426585804291111, 52.463290204522195 ], [ 13.426586765719524, 52.46326324395438 ], [ 13.426572052326083, 52.463263048208653 ], [ 13.426572372804879, 52.463254061352735 ], [ 13.426498805855184, 52.463253082596921 ], [ 13.426498485361423, 52.463262069452519 ], [ 13.426483771968996, 52.463261873695799 ], [ 13.426481848984908, 52.463315794828631 ], [ 13.426467135574688, 52.463315599069709 ], [ 13.426467031443954, 52.463318518899015 ], [ 13.426464892064597, 52.463378507056895 ], [ 13.426450178633591, 52.463378311295699 ], [ 13.426448576106338, 52.463423245571484 ], [ 13.426463289552315, 52.463423441332992 ], [ 13.42646296904935, 52.463432428188163 ], [ 13.426521822846922, 52.463433211216163 ], [ 13.426522143337911, 52.463424224360736 ] ] ] } },
{ "type": "Feature", "properties": { "id": 36532, "art": "NOT-ALKIS-Gebäude" }, "geometry": { "type": "Polygon", "coordinates": [ [ [ 13.467868931351431, 52.464776281839768 ], [ 13.467883645537139, 52.464776472452897 ], [ 13.46788395762057, 52.464767485423494 ], [ 13.467898671803448, 52.464767676034754 ], [ 13.46789929596383, 52.464749701975762 ], [ 13.46788458178694, 52.464749511364644 ], [ 13.467884893869877, 52.464740524335184 ], [ 13.467811323002872, 52.464739571252409 ], [ 13.467810386708651, 52.464766532339794 ], [ 13.467825100890705, 52.464766722960199 ], [ 13.467824788795296, 52.464775709989361 ], [ 13.46783950298051, 52.464775900607997 ], [ 13.467839190887929, 52.464784887637208 ], [ 13.46786861926484, 52.4647852688691 ], [ 13.467868931351431, 52.464776281839768 ] ] ] } },
{ "type": "Feature", "properties": { "id": 36817, "art": "NOT-ALKIS-Gebäude" }, "geometry": { "type": "Polygon", "coordinates": [ [ [ 13.462543623531223, 52.467629275188997 ], [ 13.462558338631586, 52.467629466471735 ], [ 13.462558651831722, 52.467620479469083 ], [ 13.462573366929256, 52.46762067074993 ], [ 13.462573993323044, 52.467602696744471 ], [ 13.462588708414753, 52.467602888023372 ], [ 13.462589647995211, 52.467575927014877 ], [ 13.462516072583238, 52.46757497060306 ], [ 13.462515759374943, 52.467583957605584 ], [ 13.462486329205323, 52.467583575027923 ], [ 13.462486015990875, 52.467592562030326 ], [ 13.462471300903315, 52.467592370738686 ], [ 13.462470987685707, 52.46760135774101 ], [ 13.46245627259532, 52.46760116644748 ], [ 13.462455959374552, 52.467610153449726 ], [ 13.462441244281335, 52.467609962154299 ], [ 13.462440617833311, 52.467627936158628 ], [ 13.462499478231125, 52.467628701329822 ], [ 13.462499165018844, 52.467637688332204 ], [ 13.462543310327927, 52.467638262191578 ], [ 13.462543623531223, 52.467629275188997 ] ] ] } },
{ "type": "Feature", "properties": { "id": 36844, "art": "NOT-ALKIS-Gebäude" }, "geometry": { "type": "Polygon", "coordinates": [ [ [ 13.463182635637448, 52.473796462248103 ], [ 13.463197352799218, 52.473796653466962 ], [ 13.463198292217655, 52.473769692479159 ], [ 13.463183575064871, 52.473769501260492 ], [ 13.463183888207016, 52.47376051426459 ], [ 13.46315445390794, 52.473760131821884 ], [ 13.463154767055912, 52.473751144826082 ], [ 13.463140049909617, 52.47375095360205 ], [ 13.463140363060417, 52.473741966606305 ], [ 13.463125645917284, 52.473741775380496 ], [ 13.463125959070917, 52.473732788384801 ], [ 13.46306709051202, 52.473732023463498 ], [ 13.463066777346405, 52.473741010458959 ], [ 13.463052060204097, 52.473740819223984 ], [ 13.463051747035323, 52.473749806219345 ], [ 13.463066464180624, 52.473749997454377 ], [ 13.463066151014679, 52.473758984449802 ], [ 13.463095585311772, 52.473759366914479 ], [ 13.463095272151653, 52.473768353910003 ], [ 13.463109989303444, 52.473768545139656 ], [ 13.463109676146155, 52.473777532135237 ], [ 13.463124393301106, 52.473777723363128 ], [ 13.463124080146647, 52.473786710358745 ], [ 13.46313879730476, 52.473786901584866 ], [ 13.463138484153133, 52.47379588858054 ], [ 13.463153201314405, 52.473796079804892 ], [ 13.46315288816561, 52.473805066800601 ], [ 13.463182322494644, 52.473805449243933 ], [ 13.463182635637448, 52.473796462248103 ] ] ] } },
{ "type": "Feature", "properties": { "id": 36875, "art": "NOT-ALKIS-Gebäude" }, "geometry": { "type": "Polygon", "coordinates": [ [ [ 13.452060596013833, 52.476052047610281 ], [ 13.452075313851116, 52.476052240218429 ], [ 13.452075944712936, 52.476034266327488 ], [ 13.452061226881643, 52.476034073719475 ], [ 13.452061542315297, 52.476025086774065 ], [ 13.452032106659207, 52.47602470155266 ], [ 13.452031791219559, 52.476033688497949 ], [ 13.452017073388767, 52.476033495884437 ], [ 13.452016757945957, 52.476042482829662 ], [ 13.452002040112335, 52.476042290214252 ], [ 13.452001409220223, 52.476060264104525 ], [ 13.45206028057968, 52.476061034555656 ], [ 13.452060596013833, 52.476052047610281 ] ] ] } },
{ "type": "Feature", "properties": { "id": 36936, "art": "NOT-ALKIS-Gebäude" }, "geometry": { "type": "Polygon", "coordinates": [ [ [ 13.46214728915313, 52.478997821405287 ], [ 13.462220883605099, 52.478998778191098 ], [ 13.462221197002465, 52.478989791207248 ], [ 13.462235915890361, 52.478989982558858 ], [ 13.462236229284565, 52.478980995574922 ], [ 13.462250948169627, 52.478981186924649 ], [ 13.46225126156067, 52.478972199940642 ], [ 13.462265980442901, 52.478972391288465 ], [ 13.462266607218497, 52.478954417320288 ], [ 13.462296044971469, 52.478954800010193 ], [ 13.462296358353024, 52.478945813025959 ], [ 13.462355233848964, 52.478946578383564 ], [ 13.462355860587605, 52.478928604414556 ], [ 13.462341141719367, 52.47892841307803 ], [ 13.462341455091437, 52.478919426093555 ], [ 13.462326736226359, 52.47891923475526 ], [ 13.462327989724971, 52.478883286817478 ], [ 13.462342708578062, 52.478883478155538 ], [ 13.462343021949303, 52.478874491170998 ], [ 13.462357740799563, 52.478874682507147 ], [ 13.462358054167643, 52.478865695522536 ], [ 13.462372773015069, 52.478865886856809 ], [ 13.462373713109328, 52.478838925902672 ], [ 13.46235899427089, 52.47883873456859 ], [ 13.462359307638311, 52.478829747583909 ], [ 13.462329869967926, 52.478829364910368 ], [ 13.462330183341173, 52.478820377925807 ], [ 13.462286026845829, 52.478819803901949 ], [ 13.46228571346359, 52.478828790886332 ], [ 13.462270994629144, 52.478828599541337 ], [ 13.46227005447245, 52.478855560494203 ], [ 13.462284773315886, 52.478855751839404 ], [ 13.462283833166694, 52.478882712792334 ], [ 13.462298552019288, 52.47888290413588 ], [ 13.462297611877597, 52.478909865088859 ], [ 13.462268174154595, 52.478909482399573 ], [ 13.462267860767705, 52.478918469383736 ], [ 13.462253141903455, 52.478918278036296 ], [ 13.462253455293339, 52.478909291052176 ], [ 13.462179860989558, 52.478908334287752 ], [ 13.462179547584688, 52.47891732127156 ], [ 13.462164828721432, 52.478917129913121 ], [ 13.462162948270761, 52.47897105181525 ], [ 13.462133510508782, 52.478970669092149 ], [ 13.462133823923633, 52.478961682108611 ], [ 13.46211910504589, 52.478961490744382 ], [ 13.462119418463573, 52.478952503760887 ], [ 13.462089980714573, 52.478952121027049 ], [ 13.462089667290895, 52.478961108010409 ], [ 13.462074948413647, 52.478960916640673 ], [ 13.462074008132634, 52.47898787759047 ], [ 13.462088727018871, 52.478988068960383 ], [ 13.462088413594532, 52.478997055943687 ], [ 13.462117851373499, 52.478997438678149 ], [ 13.46211753795499, 52.479006425661552 ], [ 13.462146975740611, 52.47900680838881 ], [ 13.46214728915313, 52.478997821405287 ] ] ] } },
{ "type": "Feature", "properties": { "id": 36995, "art": "NOT-ALKIS-Gebäude" }, "geometry": { "type": "Polygon", "coordinates": [ [ [ 13.457113453260304, 52.481036177407027 ], [ 13.457128172795803, 52.481036369399256 ], [ 13.457129116169662, 52.481009408521501 ], [ 13.457114396643156, 52.481009216529451 ], [ 13.457114711103774, 52.481000229570235 ], [ 13.457055833011392, 52.480999461583977 ], [ 13.457054575119969, 52.481035409419782 ], [ 13.457069294654804, 52.481035601419336 ], [ 13.457068980184529, 52.481044588378325 ], [ 13.457113138799022, 52.481045164366193 ], [ 13.457113453260304, 52.481036177407027 ] ] ] } },
{ "type": "Feature", "properties": { "id": 37087, "art": "NOT-ALKIS-Gebäude" }, "geometry": { "type": "Polygon", "coordinates": [ [ [ 13.471537403094873, 52.471063546181533 ], [ 13.471552119402485, 52.471063736354218 ], [ 13.471552742216273, 52.471045762283815 ], [ 13.471567458518205, 52.471045952454546 ], [ 13.471568081325195, 52.471027978383979 ], [ 13.471553365029402, 52.471027788213384 ], [ 13.47155367643572, 52.471018801178133 ], [ 13.471538960143233, 52.471018611005761 ], [ 13.471539271552235, 52.471009623970559 ], [ 13.47150983897345, 52.47100924362045 ], [ 13.471509527558311, 52.471018230655524 ], [ 13.471494811266171, 52.471018040477659 ], [ 13.47149449984787, 52.471027027512662 ], [ 13.471479783552896, 52.471026837332914 ], [ 13.471479160709812, 52.471044811402741 ], [ 13.471493877010776, 52.471045001582631 ], [ 13.471493565591985, 52.471053988617562 ], [ 13.471508281896105, 52.471054178795676 ], [ 13.471507970480143, 52.471063165830692 ], [ 13.471522686787425, 52.471063356007029 ], [ 13.471522375374295, 52.471072343042074 ], [ 13.471537091684738, 52.471072533216642 ], [ 13.471537403094873, 52.471063546181533 ] ] ] } },
{ "type": "Feature", "properties": { "id": 37122, "art": "NOT-ALKIS-Gebäude" }, "geometry": { "type": "Polygon", "coordinates": [ [ [ 13.4677484931607, 52.471634906074662 ], [ 13.467763209632867, 52.471635096720085 ], [ 13.467763834003065, 52.471617122683234 ], [ 13.467778550469406, 52.471617313326711 ], [ 13.467779174832954, 52.471599339289661 ], [ 13.4677350254524, 52.471598767354116 ], [ 13.46773440107088, 52.47161674139079 ], [ 13.467704968139351, 52.471616360091026 ], [ 13.46770434374519, 52.47163433412738 ], [ 13.467719060216863, 52.471634524778317 ], [ 13.467718748022531, 52.471643511796529 ], [ 13.467748180972359, 52.471643893092995 ], [ 13.4677484931607, 52.471634906074662 ] ] ] } },
{ "type": "Feature", "properties": { "id": 37774, "art": "NOT-ALKIS-Gebäude" }, "geometry": { "type": "Polygon", "coordinates": [ [ [ 13.470778625325773, 52.470442346209168 ], [ 13.470734477041132, 52.470441775401682 ], [ 13.470734165474436, 52.470450762434382 ], [ 13.470719449376888, 52.470450572161504 ], [ 13.470719137807031, 52.470459559194126 ], [ 13.470733853907573, 52.470459749467068 ], [ 13.470733542340545, 52.470468736499726 ], [ 13.47079240675634, 52.47046949757344 ], [ 13.470793029866266, 52.47045152350762 ], [ 13.470778313768061, 52.470451333242046 ], [ 13.470778625325773, 52.470442346209168 ] ] ] } },
{ "type": "Feature", "properties": { "id": 37910, "art": "NOT-ALKIS-Gebäude" }, "geometry": { "type": "Polygon", "coordinates": [ [ [ 13.467451584063079, 52.470857827894697 ], [ 13.467466300274008, 52.470858018575093 ], [ 13.467466612510917, 52.470849031556739 ], [ 13.467481328719016, 52.470849222235238 ], [ 13.467481640952764, 52.470840235216805 ], [ 13.467496357158034, 52.470840425893435 ], [ 13.467496669388622, 52.47083143887491 ], [ 13.467452520782297, 52.470830866839748 ], [ 13.467452208542722, 52.470839853858074 ], [ 13.467437492337949, 52.470839663175973 ], [ 13.467437180095212, 52.47084865019422 ], [ 13.467422463887608, 52.470848459510215 ], [ 13.467421839395655, 52.470866433546547 ], [ 13.467451271823011, 52.470866814912966 ], [ 13.467451584063079, 52.470857827894697 ] ] ] } },
{ "type": "Feature", "properties": { "id": 40834, "art": "NOT-ALKIS-Gebäude" }, "geometry": { "type": "Polygon", "coordinates": [ [ [ 13.431372385728524, 52.478953351407938 ], [ 13.431342948407723, 52.478952961024014 ], [ 13.431343268095892, 52.478943974171536 ], [ 13.431313830781759, 52.478943583780406 ], [ 13.431313511087597, 52.47895257063275 ], [ 13.431298792427786, 52.478952375434389 ], [ 13.431299112124945, 52.478943388582096 ], [ 13.431240237499379, 52.478942607770549 ], [ 13.431240557208355, 52.478933620918504 ], [ 13.431152245293049, 52.478932449646649 ], [ 13.431152565019838, 52.47892346279496 ], [ 13.431093690424996, 52.478922681910696 ], [ 13.4310940101636, 52.478913695059241 ], [ 13.431064572873186, 52.478913304606266 ], [ 13.431064798133153, 52.478906973369497 ], [ 13.431040936556052, 52.478903999998977 ], [ 13.430976580768403, 52.478903146352401 ], [ 13.430976261005991, 52.478912133203373 ], [ 13.430961542362052, 52.478911937963147 ], [ 13.430961222596476, 52.47892092481402 ], [ 13.430975941243412, 52.478921120054302 ], [ 13.430975621480666, 52.478930106905231 ], [ 13.431019777431484, 52.4789306926153 ], [ 13.431019457677555, 52.478939679466407 ], [ 13.431063613638882, 52.478940265160176 ], [ 13.431063293893777, 52.478949252011461 ], [ 13.431092731208164, 52.478949642464947 ], [ 13.431092411468883, 52.478958629316345 ], [ 13.43113656745072, 52.478959214983043 ], [ 13.431136887181014, 52.478950228131467 ], [ 13.43118104315538, 52.478950813781495 ], [ 13.431180723434078, 52.47895980063327 ], [ 13.43123959808092, 52.47896058147461 ], [ 13.431239278371436, 52.478969568326612 ], [ 13.431283434367327, 52.478970153938576 ], [ 13.431283754067818, 52.478961167086396 ], [ 13.431313191393263, 52.478961557485086 ], [ 13.431312871698763, 52.478970544337407 ], [ 13.431357027697187, 52.478971129921916 ], [ 13.431356708011508, 52.478980116774416 ], [ 13.431386145350627, 52.478980507155065 ], [ 13.431386784709829, 52.47896253344981 ], [ 13.43137206604618, 52.47896233826053 ], [ 13.431372385728524, 52.478953351407938 ] ] ] } },
{ "type": "Feature", "properties": { "id": 40874, "art": "NOT-ALKIS-Gebäude" }, "geometry": { "type": "Polygon", "coordinates": [ [ [ 13.451210906931326, 52.485571456505454 ], [ 13.451225627939673, 52.485571649243582 ], [ 13.451226575076662, 52.485544688461623 ], [ 13.451211854077309, 52.485544495723687 ], [ 13.451212169792303, 52.48553550879641 ], [ 13.451182727800093, 52.485535123315174 ], [ 13.451183043520917, 52.485526136387996 ], [ 13.451153601535369, 52.485525750899569 ], [ 13.451153917262022, 52.485516763972498 ], [ 13.451109754293947, 52.48551618572629 ], [ 13.451109546603057, 52.485522097326793 ], [ 13.451178400001286, 52.485571030894668 ], [ 13.451181464915134, 52.485571071023728 ], [ 13.451181391636153, 52.485573156889501 ], [ 13.451191289025843, 52.485580190711609 ], [ 13.451210591215665, 52.485580443432688 ], [ 13.451210906931326, 52.485571456505454 ] ] ] } },
{ "type": "Feature", "properties": { "id": 42040, "art": "NOT-ALKIS-Gebäude" }, "geometry": { "type": "Polygon", "coordinates": [ [ [ 13.450828812587657, 52.482194804340978 ], [ 13.450843532466232, 52.482194997118022 ], [ 13.450843848218133, 52.482186010187192 ], [ 13.45085856809388, 52.482186202962346 ], [ 13.450858883842615, 52.482177216031424 ], [ 13.450873603715531, 52.482177408804688 ], [ 13.450874550951749, 52.482150448011659 ], [ 13.450845111224069, 52.482150062463681 ], [ 13.450844795472836, 52.482159049394575 ], [ 13.450800635873575, 52.482158471058696 ], [ 13.450800320113181, 52.482167457989398 ], [ 13.450770880375181, 52.482167072422868 ], [ 13.450770564608629, 52.482176059353421 ], [ 13.450755844736879, 52.482175866567346 ], [ 13.450755528967161, 52.482184853497834 ], [ 13.450770248841907, 52.482185046283966 ], [ 13.450769933075021, 52.482194033214491 ], [ 13.45078465295293, 52.48219422599886 ], [ 13.450784337188873, 52.482203212929434 ], [ 13.450828496832592, 52.482203791271751 ], [ 13.450828812587657, 52.482194804340978 ] ] ] } },
{ "type": "Feature", "properties": { "id": 43145, "art": "NOT-ALKIS-Gebäude" }, "geometry": { "type": "Polygon", "coordinates": [ [ [ 13.431769504630539, 52.488075577419821 ], [ 13.431784226338859, 52.48807577258318 ], [ 13.431784546042321, 52.488066785742753 ], [ 13.431799267747811, 52.488066980904222 ], [ 13.431799907148232, 52.488049007223189 ], [ 13.431785185448737, 52.488048812061841 ], [ 13.431785505151693, 52.488039825221357 ], [ 13.431756061759208, 52.488039434893288 ], [ 13.43175638146799, 52.488030448052918 ], [ 13.431741659774998, 52.488030252886212 ], [ 13.431741340063219, 52.488039239726504 ], [ 13.431726618367396, 52.488039044557894 ], [ 13.431725978937331, 52.488057018238329 ], [ 13.43174070063915, 52.488057213407068 ], [ 13.431740061214406, 52.488075187087581 ], [ 13.431754782922388, 52.488075382254614 ], [ 13.431754463212762, 52.488084369094899 ], [ 13.43176918492391, 52.48808456426017 ], [ 13.431769504630539, 52.488075577419821 ] ] ] } }
]
}
