{"type": "FeatureCollection", "name": "gruenanlagen_neukoelln", "features": [{"type": "Feature", "properties": {"id": "gruenanlagen.00008100_000a6b26", "pitid": "00008100:000a6b26", "kennzeich": "431.017", "bezirkname": "Neukölln", "ortstlname": "Neukölln", "objartname": "Grünanlage", "namenr": "Oderstraße", "namezusatz": null, "baujahr": null, "sanierjahr": null, "katasterfl": 2408.0, "widmung": "gewidmet", "plannr": "08100104", "planname": "Wartheplatz"}, "geometry": {"type": "Polygon", "coordinates": [[[13.42038284, 52.46890223], [13.42034107, 52.46908788], [13.42007825, 52.47025599], [13.42007184, 52.4702814], [13.42005731, 52.47033902], [13.42005715, 52.47033965], [13.42005476, 52.47035073], [13.42004763, 52.47038145], [13.42004468, 52.47039436], [13.42000157, 52.47058486], [13.41997211, 52.47071507], [13.4199659, 52.47074249], [13.41996384, 52.47075162], [13.42012177, 52.47077705], [13.42013131, 52.47073415], [13.42020371, 52.47040868], [13.42022945, 52.47029294], [13.42032199, 52.46987695], [13.42033052, 52.46983966], [13.42035585, 52.46972895], [13.42042127, 52.46944308], [13.42045138, 52.4693115], [13.42051091, 52.46905133], [13.42054242, 52.46891362], [13.42047481, 52.46890879], [13.42044114, 52.46890639], [13.42043278, 52.46890579], [13.42038284, 52.46890223]]]}}, {"type": "Feature", "properties": {"id": "gruenanlagen.00008100_000a6b45", "pitid": "00008100:000a6b45", "kennzeich": "411.030", "bezirkname": "Neukölln", "ortstlname": "Neukölln", "objartname": "Grünanlage", "namenr": "Britzer Zweigkanal", "namezusatz": null, "baujahr": "2003", "sanierjahr": null, "katasterfl": 1210.0, "widmung": null, "plannr": "08100521", "planname": "Schulenburgpark"}, "geometry": {"type": "Polygon", "coordinates": [[[13.47495219, 52.45915148], [13.47495221, 52.45915092], [13.47495324, 52.4591284], [13.47481179, 52.45913235], [13.47288643, 52.45918614], [13.47272158, 52.45919074], [13.47244428, 52.45919849], [13.47230534, 52.45920072], [13.47230344, 52.45920075], [13.47220001, 52.45920517], [13.47220098, 52.45921122], [13.47219721, 52.45920874], [13.47217155, 52.45921002], [13.47213585, 52.45921178], [13.47213996, 52.45927184], [13.47216029, 52.45926744], [13.47217186, 52.45926494], [13.47224215, 52.45924976], [13.47339795, 52.45923347], [13.47446834, 52.45920098], [13.47495148, 52.4591937], [13.47495047, 52.45918651], [13.47495066, 52.45918262], [13.4749513, 52.45916964], [13.47495219, 52.45915148]]]}}, {"type": "Feature", "properties": {"id": "gruenanlagen.00008100_000a6b47", "pitid": "00008100:000a6b47", "kennzeich": "231.099", "bezirkname": "Neukölln", "ortstlname": "Buckow", "objartname": "Grünanlage", "namenr": "Wendehalsweg", "namezusatz": null, "baujahr": null, "sanierjahr": null, "katasterfl": 1254.0, "widmung": "gewidmet", "plannr": "08401140", "planname": "Vogelviertel Nord"}, "geometry": {"type": "MultiPolygon", "coordinates": [[[[13.46782592, 52.43995008], [13.46787361, 52.43991113], [13.46789636, 52.43989255], [13.46794223, 52.43985509], [13.46794618, 52.43985186], [13.4679202, 52.43983969], [13.46792192, 52.43983829], [13.46791877, 52.43983679], [13.46800859, 52.43976394], [13.4680518, 52.43972886], [13.46795615, 52.43965771], [13.46795488, 52.43965872], [13.4675222, 52.4400043], [13.46758211, 52.43999994], [13.46762398, 52.4399969], [13.46768467, 52.43999248], [13.46772315, 52.44001149], [13.46773208, 52.4400159], [13.46774035, 52.44001997], [13.46776066, 52.44000338], [13.46780355, 52.43996835], [13.46782592, 52.43995008]]], [[[13.46716597, 52.44037758], [13.46694184, 52.44054668], [13.46692768, 52.44055735], [13.46707638, 52.4406308], [13.46709039, 52.44062012], [13.4676435, 52.44020317], [13.46754471, 52.44015415], [13.46749509, 52.44012964], [13.46716597, 52.44037758]]]]}}, {"type": "Feature", "properties": {"id": "gruenanlagen.00008100_000a6b61", "pitid": "00008100:000a6b61", "kennzeich": "231.660", "bezirkname": "Neukölln", "ortstlname": "Rudow", "objartname": "Grünanlage", "namenr": "Kiosk Ursulinenstraße", "namezusatz": null, "baujahr": null, "sanierjahr": null, "katasterfl": 60.0, "widmung": "gewidmet", "plannr": "08401245", "planname": "Frauenviertel"}, "geometry": {"type": "Polygon", "coordinates": [[[13.50617762, 52.40519476], [13.50614948, 52.40522187], [13.5061106, 52.40525933], [13.50620931, 52.40529674], [13.50624497, 52.40531025], [13.50628301, 52.40532467], [13.50634281, 52.4052664], [13.50633347, 52.40524168], [13.5061872, 52.40518553], [13.50617762, 52.40519476]]]}}, {"type": "Feature", "properties": {"id": "gruenanlagen.00008100_000a6b62", "pitid": "00008100:000a6b62", "kennzeich": "431.013", "bezirkname": "Neukölln", "ortstlname": "Neukölln", "objartname": "Grünanlage", "namenr": "Kirchhofweg", "namezusatz": null, "baujahr": null, "sanierjahr": null, "katasterfl": 6364.0, "widmung": "gewidmet", "plannr": "08100104", "planname": "Wartheplatz"}, "geometry": {"type": "MultiPolygon", "coordinates": [[[[13.4203474, 52.47103133], [13.42038386, 52.47103542], [13.42050901, 52.47104948], [13.42044484, 52.47099189], [13.42037949, 52.47098096], [13.42037121, 52.4709249], [13.42035537, 52.47099571], [13.4203474, 52.47103133]]], [[[13.42057841, 52.47091435], [13.42051839, 52.47089154], [13.42048843, 52.4708764], [13.42056612, 52.47094711], [13.42059045, 52.47094988], [13.42059057, 52.47094989], [13.42059114, 52.47095061], [13.42059106, 52.4709506], [13.42059733, 52.47095803], [13.42060159, 52.47096356], [13.42060371, 52.47096633], [13.4206096, 52.47097477], [13.42061497, 52.47098334], [13.42061983, 52.47099201], [13.42062417, 52.47100079], [13.42062797, 52.47100966], [13.42063123, 52.47101862], [13.42063395, 52.47102764], [13.42063613, 52.47103671], [13.42063778, 52.47104582], [13.42063886, 52.47105497], [13.42063941, 52.47106413], [13.42064338, 52.47106532], [13.42067439, 52.4710688], [13.42068275, 52.47106974], [13.42068281, 52.47106975], [13.4206924, 52.47107082], [13.42249751, 52.47127354], [13.42254089, 52.47127841], [13.4226163, 52.47128688], [13.42264738, 52.47129037], [13.42377997, 52.47141754], [13.42434967, 52.47148151], [13.42452673, 52.47150139], [13.42460442, 52.47151011], [13.4250404, 52.47155906], [13.42524065, 52.47158155], [13.42529043, 52.47158713], [13.42720923, 52.47180261], [13.42725251, 52.47180747], [13.4275734, 52.4718435], [13.4282036, 52.47191426], [13.42845602, 52.4719426], [13.42849986, 52.47194752], [13.42853083, 52.471951], [13.42865012, 52.47196439], [13.42866102, 52.4719465], [13.42870416, 52.47187563], [13.42870527, 52.47187381], [13.42848892, 52.4718492], [13.4284418, 52.47184384], [13.42793184, 52.47178584], [13.42761447, 52.47174973], [13.4275175, 52.4717387], [13.42714548, 52.47169638], [13.42710139, 52.47169137], [13.42647599, 52.47162022], [13.42630766, 52.47160107], [13.42578308, 52.47154139], [13.4252909, 52.4714854], [13.42511657, 52.47146556], [13.42508482, 52.47146195], [13.42473443, 52.47142209], [13.42440512, 52.47138462], [13.42421546, 52.47136304], [13.42357072, 52.47128968], [13.42354352, 52.47128659], [13.42340475, 52.4712708], [13.42334352, 52.47126383], [13.42303859, 52.47122913], [13.42297432, 52.47122182], [13.42259866, 52.47117907], [13.42250909, 52.47116888], [13.42241839, 52.47115856], [13.42231998, 52.47114736], [13.42227357, 52.47114208], [13.4222187, 52.47113584], [13.42181813, 52.47109025], [13.42168201, 52.47107476], [13.42165198, 52.47107134], [13.42157957, 52.4710631], [13.4215236, 52.47105673], [13.42140561, 52.4710433], [13.42131761, 52.47103329], [13.42123245, 52.4710236], [13.42122352, 52.47102258], [13.42112914, 52.47101184], [13.42090542, 52.47098638], [13.42089692, 52.47098541], [13.42089704, 52.4709848], [13.42061176, 52.47092335], [13.42057841, 52.47091435]]]]}}, {"type": "Feature", "properties": {"id": "gruenanlagen.00008100_000a6b6c", "pitid": "00008100:000a6b6c", "kennzeich": "241.095", "bezirkname": "Neukölln", "ortstlname": "Rudow", "objartname": "Grünanlage", "namenr": "Rhodeländer Weg", "namezusatz": null, "baujahr": null, "sanierjahr": null, "katasterfl": 1332.0, "widmung": "gewidmet", "plannr": "08401244", "planname": "Waßmannsdorfer Chaussee"}, "geometry": {"type": "Polygon", "coordinates": [[[13.49106563, 52.41187404], [13.49105756, 52.41182425], [13.49105738, 52.41178525], [13.49105676, 52.41165377], [13.49097448, 52.41145642], [13.49093716, 52.41141541], [13.49098328, 52.4116539], [13.49097608, 52.4117852], [13.49097482, 52.41180834], [13.49097437, 52.41181643], [13.49097074, 52.41182297], [13.49092898, 52.4118982], [13.4899721, 52.4130564], [13.48993585, 52.41311024], [13.48989921, 52.41318448], [13.48989229, 52.41323271], [13.48991178, 52.41326891], [13.4910208, 52.41192656], [13.49110894, 52.41212976], [13.49130331, 52.41257851], [13.491352, 52.41251719], [13.49115539, 52.41207554], [13.49106563, 52.41187404]]]}}, {"type": "Feature", "properties": {"id": "gruenanlagen.00008100_000a6b73", "pitid": "00008100:000a6b73", "kennzeich": "321.036", "bezirkname": "Neukölln", "ortstlname": "Britz", "objartname": "Grünanlage", "namenr": "Schloßgarten Britz", "namezusatz": null, "baujahr": null, "sanierjahr": null, "katasterfl": 24554.0, "widmung": "gewidmet", "plannr": "08200726", "planname": "Hufeisensiedlung"}, "geometry": {"type": "Polygon", "coordinates": [[[13.43891062, 52.44740133], [13.43894158, 52.44742673], [13.43927628, 52.44728091], [13.43924472, 52.44725566], [13.43932222, 52.44720185], [13.43953781, 52.44705905], [13.43954376, 52.44705533], [13.4395757, 52.44703536], [13.43957909, 52.44703325], [13.43958389, 52.44703025], [13.43960093, 52.44701962], [13.43967007, 52.44682059], [13.44004512, 52.44664823], [13.44048671, 52.44646427], [13.44074358, 52.44635726], [13.4408967, 52.44629607], [13.44113312, 52.44620159], [13.44106047, 52.44613415], [13.44109549, 52.44612064], [13.44114007, 52.44610071], [13.44114112, 52.44610024], [13.44117351, 52.44608527], [13.44124318, 52.44605307], [13.44134399, 52.44600648], [13.44135357, 52.44600192], [13.44131079, 52.44596136], [13.44103827, 52.4457501], [13.44102918, 52.44574306], [13.44062527, 52.44542995], [13.44057399, 52.4453902], [13.4405702, 52.44538837], [13.44031647, 52.44550483], [13.44008211, 52.44561176], [13.43989177, 52.44569855], [13.43983233, 52.44572566], [13.4398104, 52.4457359], [13.43977736, 52.44575074], [13.43959501, 52.44583175], [13.43954943, 52.445852], [13.43954443, 52.44585422], [13.43941541, 52.44591192], [13.43928016, 52.4459728], [13.43925004, 52.44598636], [13.43924925, 52.4459857], [13.4388025, 52.44618562], [13.43832389, 52.44640024], [13.43832107, 52.4464015], [13.43832408, 52.44640387], [13.4383191, 52.44640623], [13.4383182, 52.44640552], [13.43831358, 52.4464076], [13.43804914, 52.44652666], [13.43805015, 52.44652754], [13.43804465, 52.44652992], [13.43804157, 52.44652715], [13.43804082, 52.44652648], [13.43798748, 52.44648229], [13.43792949, 52.44650859], [13.43792191, 52.44651203], [13.43791668, 52.44651441], [13.43787567, 52.44653301], [13.43787503, 52.4465333], [13.43786804, 52.44653647], [13.43768053, 52.44662154], [13.43768375, 52.44662442], [13.43765241, 52.44663783], [13.43754768, 52.44668263], [13.43754186, 52.44668512], [13.43756606, 52.44670673], [13.43756813, 52.44670858], [13.4376342, 52.44676757], [13.43764413, 52.44677643], [13.43764441, 52.44677668], [13.43764538, 52.44677627], [13.4377005, 52.44675269], [13.43776083, 52.44672688], [13.43778631, 52.44671598], [13.43781269, 52.44673867], [13.43782064, 52.44673518], [13.43783251, 52.44674607], [13.43782499, 52.44674929], [13.43792464, 52.44683518], [13.43793142, 52.44683214], [13.43794759, 52.44683279], [13.43795094, 52.44683567], [13.43795946, 52.44684299], [13.43796488, 52.44684765], [13.4379597, 52.44685654], [13.43795557, 52.44685833], [13.43795806, 52.4468604], [13.43802093, 52.4469146], [13.43802606, 52.44691901], [13.43802326, 52.44692026], [13.43814855, 52.44702678], [13.43800665, 52.447089], [13.43801754, 52.44709861], [13.43804231, 52.44712043], [13.43817794, 52.44723997], [13.43817837, 52.44724035], [13.43817933, 52.44724119], [13.43818243, 52.44724393], [13.438187, 52.44724796], [13.43819668, 52.44725649], [13.4382152, 52.4472728], [13.43821606, 52.44727357], [13.4382247, 52.44728118], [13.43822616, 52.44728247], [13.43832265, 52.44723989], [13.43835777, 52.44722439], [13.43835993, 52.44722421], [13.43836209, 52.44722406], [13.43836426, 52.44722393], [13.43836643, 52.44722382], [13.4383686, 52.44722374], [13.43837077, 52.44722368], [13.43837295, 52.44722364], [13.43837512, 52.44722362], [13.4383773, 52.44722363], [13.43837947, 52.44722367], [13.43838165, 52.44722372], [13.43838382, 52.4472238], [13.43838599, 52.4472239], [13.43838765, 52.447224], [13.43838815, 52.44722403], [13.43839032, 52.44722417], [13.43839247, 52.44722434], [13.43839463, 52.44722454], [13.43839677, 52.44722475], [13.43839891, 52.44722499], [13.43840105, 52.44722526], [13.43840317, 52.44722554], [13.43840529, 52.44722585], [13.4384074, 52.44722618], [13.43840949, 52.44722653], [13.43841158, 52.44722691], [13.43841366, 52.4472273], [13.43841778, 52.44722817], [13.43841981, 52.44722863], [13.43842184, 52.44722911], [13.43842385, 52.44722962], [13.43842585, 52.44723015], [13.43842783, 52.4472307], [13.4384298, 52.44723127], [13.43843175, 52.44723186], [13.43843368, 52.44723247], [13.43843559, 52.4472331], [13.43843749, 52.44723375], [13.43843937, 52.44723443], [13.43844122, 52.44723512], [13.43844306, 52.44723583], [13.43844488, 52.44723656], [13.43844667, 52.44723731], [13.43844845, 52.44723808], [13.4384502, 52.44723887], [13.43845147, 52.44723946], [13.43845193, 52.44723968], [13.43845363, 52.4472405], [13.43845531, 52.44724135], [13.43845697, 52.44724221], [13.43845861, 52.44724309], [13.43846021, 52.44724398], [13.43846179, 52.4472449], [13.43846335, 52.44724583], [13.43846488, 52.44724677], [13.43846638, 52.44724774], [13.43846785, 52.44724871], [13.4384693, 52.44724971], [13.43847071, 52.44725072], [13.4384721, 52.44725174], [13.43847346, 52.44725278], [13.43847479, 52.44725383], [13.43847608, 52.4472549], [13.43847735, 52.44725598], [13.43847859, 52.44725707], [13.43847979, 52.44725818], [13.43848192, 52.44726025], [13.43851007, 52.44728406], [13.43860903, 52.44736778], [13.43873191, 52.44746976], [13.43882212, 52.44743522], [13.43891062, 52.44740133]]]}}, {"type": "Feature", "properties": {"id": "gruenanlagen.00008100_000a6b88", "pitid": "00008100:000a6b88", "kennzeich": "221.052", "bezirkname": "Neukölln", "ortstlname": "Britz", "objartname": "Grünanlage", "namenr": "Britzer Garten", "namezusatz": null, "baujahr": null, "sanierjahr": null, "katasterfl": 839136.0, "widmung": "gewidmet", "plannr": "08200729", "planname": "Britzer Garten"}, "geometry": {"type": "MultiPolygon", "coordinates": [[[[13.41028585, 52.43027192], [13.41076076, 52.43054614], [13.41076882, 52.43055082], [13.41085341, 52.43060076], [13.41089585, 52.43062633], [13.41093785, 52.43065218], [13.41097962, 52.43067816], [13.41102095, 52.43070441], [13.41139381, 52.43094207], [13.41143952, 52.43096953], [13.41148516, 52.43099703], [13.41153076, 52.43102456], [13.41157629, 52.43105214], [13.41162178, 52.43107973], [13.41166719, 52.43110738], [13.41231796, 52.43070811], [13.41159867, 52.4302741], [13.41158819, 52.43026778], [13.41157891, 52.43026218], [13.41151814, 52.43022551], [13.41148634, 52.43020632], [13.411453, 52.43019904], [13.41136357, 52.4301795], [13.411241, 52.43010856], [13.4101403, 52.43018788], [13.41028585, 52.43027192]]], [[[13.41380193, 52.43160294], [13.41380373, 52.43160183], [13.41371107, 52.43154612], [13.41287927, 52.43104596], [13.41287883, 52.43104621], [13.41219427, 52.43143967], [13.41244583, 52.43159227], [13.41283112, 52.43184903], [13.41305154, 52.43198287], [13.41315645, 52.43200545], [13.4131761, 52.43199099], [13.41371052, 52.43165963], [13.41380193, 52.43160294]], [[13.41329372, 52.43148833], [13.41344231, 52.43158079], [13.413275, 52.43168126], [13.41312639, 52.43158879], [13.41329372, 52.43148833]]], [[[13.43257998, 52.43152314], [13.43221226, 52.431534], [13.43222836, 52.4315822], [13.43223082, 52.43158958], [13.43223528, 52.43160181], [13.43233611, 52.43187826], [13.43246561, 52.43222814], [13.43356636, 52.43228672], [13.43414191, 52.43231735], [13.43428804, 52.43232512], [13.43428995, 52.43232524], [13.4343441, 52.43232752], [13.43442297, 52.43233087], [13.43481858, 52.43234766], [13.43481392, 52.43229993], [13.43479619, 52.43211496], [13.43475813, 52.43173609], [13.43475182, 52.43167151], [13.43473113, 52.43145955], [13.43286939, 52.43151459], [13.43278218, 52.43151716], [13.43257998, 52.43152314]]], [[[13.41317273, 52.43200896], [13.4132535, 52.43203037], [13.41329379, 52.43206206], [13.41330938, 52.43211313], [13.41326939, 52.43215686], [13.41319258, 52.43218086], [13.41312116, 52.43217154], [13.41306388, 52.43215246], [13.41297896, 52.43201723], [13.41201409, 52.43145642], [13.41199921, 52.43146575], [13.41194788, 52.4314338], [13.41189645, 52.43140192], [13.41184498, 52.43137006], [13.4117934, 52.43133827], [13.41174178, 52.4313065], [13.41169006, 52.43127479], [13.41163829, 52.43124312], [13.41158642, 52.4312115], [13.41153451, 52.43117992], [13.41148249, 52.43114839], [13.4114334, 52.43111867], [13.41138423, 52.43108901], [13.41133501, 52.43105938], [13.41128571, 52.4310298], [13.41123636, 52.43100024], [13.41118693, 52.43097074], [13.41113745, 52.43094127], [13.41108789, 52.43091185], [13.41103829, 52.43088246], [13.4109886, 52.43085312], [13.41093886, 52.43082381], [13.41088904, 52.43079456], [13.41083918, 52.43076533], [13.41078923, 52.43073616], [13.41073629, 52.43070497], [13.41075368, 52.43066717], [13.41066882, 52.43061561], [13.41066777, 52.43061633], [13.41066, 52.43061182], [13.41039408, 52.43045839], [13.40910976, 52.43140025], [13.40824987, 52.43105327], [13.40729579, 52.43052486], [13.407023779372699, 52.43037169343219], [13.407306146664348, 52.430790372133096], [13.407377814856448, 52.43089636361062], [13.407675132630084, 52.431334840330656], [13.407935852670748, 52.431742037618], [13.408245486592671, 52.432225616563436], [13.408287167927465, 52.43229071642602], [13.408347691931738, 52.43236074535063], [13.40860566920138, 52.432729673595794], [13.408605758914147, 52.432729828487105], [13.40961786, 52.43323177], [13.40974576, 52.43329509], [13.40996372, 52.43340306], [13.41018841, 52.43351338], [13.4103389, 52.43358789], [13.41052489, 52.43368007], [13.41064057, 52.43359285], [13.41219509, 52.43436305], [13.41236091, 52.43437], [13.41298856, 52.434681], [13.41281265, 52.43481368], [13.4127663, 52.43484855], [13.41304045, 52.43498439], [13.41298006, 52.43516177], [13.41292055, 52.43533671], [13.41288445, 52.43544206], [13.41322639, 52.43548483], [13.41320632, 52.43553305], [13.41340763, 52.4355575], [13.41325958, 52.43598311], [13.4131932, 52.43617664], [13.41305421, 52.43658206], [13.41290909, 52.43700543], [13.41284226, 52.43719995], [13.4126931, 52.43763527], [13.4125529, 52.43804407], [13.4124127, 52.43845336], [13.41235243, 52.43862876], [13.41233171, 52.43868911], [13.41223998, 52.43895657], [13.41221714, 52.43902329], [13.4122745, 52.43903522], [13.41249541, 52.43908117], [13.41264202, 52.43911167], [13.41272763, 52.43912948], [13.41275847, 52.4391359], [13.41292129, 52.43916979], [13.41329806, 52.43924821], [13.41334476, 52.43925793], [13.41376242, 52.43934484], [13.41381714, 52.43935621], [13.41390212, 52.43937387], [13.41390903, 52.4393753], [13.41453132, 52.43763606], [13.41467638, 52.4376524], [13.41499307, 52.43677246], [13.41513546, 52.4367915], [13.41555545, 52.43684778], [13.41577396, 52.43687711], [13.41599275, 52.43690645], [13.41633259, 52.43695196], [13.41642934, 52.43696492], [13.41687959, 52.43702538], [13.41681523, 52.43720447], [13.41747973, 52.43729335], [13.41753085, 52.43715118], [13.41781937, 52.43729356], [13.41801019, 52.4371536], [13.41799769, 52.43714808], [13.41798605, 52.43714189], [13.41797489, 52.43713539], [13.41796472, 52.43712831], [13.41795508, 52.43712095], [13.41794656, 52.43711309], [13.41793863, 52.437105], [13.41793192, 52.43709652], [13.41792584, 52.43708785], [13.41792106, 52.43707889], [13.41791694, 52.43706981], [13.41791417, 52.43706054], [13.41791209, 52.4370512], [13.41791139, 52.43704178], [13.41791138, 52.43703235], [13.41791276, 52.43702296], [13.41791482, 52.43701362], [13.41791825, 52.43700443], [13.41792236, 52.43699535], [13.41792778, 52.43698652], [13.41793384, 52.43697786], [13.41794115, 52.43696956], [13.41794907, 52.43696147], [13.41795814, 52.43695384], [13.41796777, 52.43694648], [13.41797843, 52.43693967], [13.41798959, 52.43693316], [13.41800166, 52.43692729], [13.41801415, 52.43692176], [13.4180274, 52.43691694], [13.41804099, 52.43691248], [13.41805518, 52.43690879], [13.41806963, 52.43690549], [13.4180845, 52.436903], [13.41809955, 52.43690092], [13.41811484, 52.43689967], [13.4181302, 52.43689885], [13.41814562, 52.43689887], [13.41816103, 52.43689932], [13.41817631, 52.4369006], [13.41819148, 52.43690231], [13.41820633, 52.43690484], [13.41822098, 52.43690778], [13.41823515, 52.43691151], [13.41859271, 52.43659504], [13.41859754, 52.43658981], [13.41860315, 52.43658487], [13.41860912, 52.4365801], [13.41861578, 52.43657568], [13.41862277, 52.43657146], [13.41863038, 52.43656765], [13.41863826, 52.43656406], [13.41864665, 52.43656093], [13.41865527, 52.43655804], [13.41866429, 52.43655565], [13.41867348, 52.43655351], [13.41868296, 52.43655191], [13.41869255, 52.43655057], [13.41870229, 52.43654979], [13.41871209, 52.43654928], [13.41872192, 52.43654932], [13.41873174, 52.43654965], [13.41874146, 52.43655052], [13.41875111, 52.43655167], [13.41876055, 52.43655336], [13.41876984, 52.43655532], [13.4187788, 52.43655779], [13.41878757, 52.43656052], [13.41879588, 52.43656372], [13.41880394, 52.43656716], [13.41881145, 52.43657104], [13.41881866, 52.43657513], [13.41882521, 52.43657961], [13.41883142, 52.43658426], [13.4188369, 52.43658925], [13.41900035, 52.43644653], [13.41952817, 52.43670239], [13.41942614, 52.43676438], [13.42010622, 52.43709511], [13.4202083, 52.43702067], [13.42052307, 52.43715179], [13.42059457, 52.43708974], [13.4206757, 52.43714584], [13.42075741, 52.43707759], [13.42100111, 52.4371775], [13.42087865, 52.43725811], [13.42179748, 52.43771468], [13.42209668, 52.43786334], [13.42211355, 52.43786603], [13.42212994, 52.43786965], [13.42214605, 52.43787373], [13.42216147, 52.43787869], [13.42217651, 52.43788409], [13.42219067, 52.4378903], [13.42220435, 52.43789691], [13.42221698, 52.43790426], [13.42222904, 52.43791195], [13.42223989, 52.43792029], [13.42225011, 52.43792892], [13.42225898, 52.43793809], [13.42226716, 52.4379475], [13.42227388, 52.43795733], [13.42227987, 52.43796734], [13.42228432, 52.43797764], [13.42228799, 52.43798806], [13.42229008, 52.43799864], [13.42229137, 52.43800926], [13.42229106, 52.43801992], [13.42228995, 52.43803055], [13.42228725, 52.43804108], [13.42228376, 52.43805151], [13.42227871, 52.43806171], [13.4222729, 52.43807176], [13.42226561, 52.43808144], [13.42225759, 52.4380909], [13.42224819, 52.43809987], [13.42248941, 52.43819035], [13.42240156, 52.43827315], [13.42217731, 52.43848452], [13.42173763, 52.43889893], [13.42167357, 52.43895931], [13.42167714, 52.43896092], [13.42197603, 52.43909565], [13.42194865, 52.43916915], [13.42195588, 52.43919331], [13.42195854, 52.43921698], [13.42195708, 52.43923389], [13.42194375, 52.43927275], [13.42192204, 52.43932724], [13.42187789, 52.43944762], [13.42185196, 52.43951732], [13.42176389, 52.43975658], [13.42172635, 52.43985857], [13.42169529, 52.43996415], [13.42169031, 52.4399933], [13.42168502, 52.44002018], [13.42167259, 52.4400833], [13.42167102, 52.44009181], [13.42166549, 52.44012175], [13.42166545, 52.440132], [13.42166641, 52.44013238], [13.42177663, 52.44017678], [13.42179248, 52.44018321], [13.42183295, 52.44019983], [13.42190406, 52.44022905], [13.42202898, 52.44024632], [13.42207405, 52.44024788], [13.42210348, 52.4402489], [13.42206852, 52.44034299], [13.42206887, 52.44034345], [13.42207705, 52.44036924], [13.42207871, 52.44037692], [13.42208383, 52.44040053], [13.42208029, 52.44041786], [13.42201053, 52.4405382], [13.42194845, 52.44069522], [13.42188433, 52.44085743], [13.421877, 52.4408791], [13.42185552, 52.44094264], [13.42185482, 52.44094539], [13.42185344, 52.4409508], [13.42200446, 52.4409703], [13.42198244, 52.4410549], [13.42214827, 52.4410894], [13.42240241, 52.44114224], [13.42249824, 52.44116217], [13.42273887, 52.44051456], [13.42298529, 52.43985104], [13.42327478, 52.43999434], [13.42356326, 52.43977729], [13.42376403, 52.43962623], [13.42387373, 52.43954369], [13.424184, 52.43931023], [13.42418677, 52.43930816], [13.42426108, 52.43925248], [13.42432557, 52.43929013], [13.42451683, 52.4394025], [13.4260342, 52.44029634], [13.42619195, 52.44038927], [13.42702817, 52.44088183], [13.42702825, 52.44088188], [13.42717669, 52.44082242], [13.42721263, 52.44080802], [13.42732382, 52.44076349], [13.42735205, 52.44075218], [13.42743531, 52.44071883], [13.42741205, 52.44070485], [13.42698151, 52.44044611], [13.42617842, 52.43996347], [13.42595941, 52.43983185], [13.42602944, 52.43975425], [13.42469155, 52.43895135], [13.42418902, 52.43864962], [13.42179232, 52.43721058], [13.42183577, 52.43711139], [13.4219842, 52.4367726], [13.42240813, 52.4358049], [13.42255698, 52.43546512], [13.42298588, 52.43448602], [13.42317197, 52.43406118], [13.42333102, 52.43409426], [13.42396775, 52.43422666], [13.42401816, 52.43418719], [13.42414987, 52.43408406], [13.42410408, 52.4340383], [13.42410453, 52.43393991], [13.42406445, 52.4339047], [13.42416818, 52.43385217], [13.4244101, 52.43369944], [13.42418291, 52.43356372], [13.42392445, 52.43340931], [13.42390172, 52.43339574], [13.42380731, 52.43333934], [13.42376519, 52.43331418], [13.42373889, 52.43329847], [13.42367724, 52.43326164], [13.42346215, 52.43313331], [13.42338009, 52.43308394], [13.42334248, 52.43306131], [13.42326273, 52.43301332], [13.42322062, 52.43298725], [13.42317928, 52.43296165], [13.42312388, 52.43292735], [13.42301498, 52.43285947], [13.42297895, 52.43283701], [13.42297772, 52.43283625], [13.42285766, 52.43276182], [13.42281695, 52.43273552], [13.4227418, 52.43268548], [13.42263951, 52.43261749], [13.42256016, 52.43256357], [13.42254045, 52.43255018], [13.42249131, 52.43251678], [13.42243391, 52.43247638], [13.42270165, 52.43231113], [13.42293893, 52.4321663], [13.42318775, 52.43201638], [13.42322116, 52.43199593], [13.42310553, 52.43191003], [13.42292922, 52.43177537], [13.42274458, 52.4316311], [13.42261731, 52.43153171], [13.42247857, 52.43142334], [13.42237529, 52.43134319], [13.42269865, 52.43114669], [13.42290653, 52.431021], [13.42308395, 52.43091318], [13.42326993, 52.43080365], [13.42340098, 52.43072754], [13.42362453, 52.43060509], [13.42374418, 52.43054003], [13.42349301, 52.43029392], [13.42343568, 52.43023815], [13.42335127, 52.43015548], [13.42326698, 52.43004273], [13.42315252, 52.42989153], [13.42309327, 52.4297993], [13.42301635, 52.42968016], [13.42291137, 52.42951619], [13.42284484, 52.42941435], [13.42272116, 52.42921964], [13.42268581, 52.42916711], [13.42305364, 52.42908649], [13.42329564, 52.42904916], [13.42343288, 52.42902764], [13.42350388, 52.42902077], [13.42364542, 52.42900587], [13.42370689, 52.42899935], [13.42378009, 52.42899149], [13.4238331, 52.42898589], [13.42405809, 52.42897944], [13.42417583, 52.42897586], [13.42449124, 52.42899091], [13.42450982, 52.42899189], [13.42475546, 52.4290226], [13.42484054, 52.42903337], [13.42489732, 52.42904286], [13.42489839, 52.42904304], [13.42496236, 52.42905514], [13.42502589, 52.42906901], [13.42502941, 52.42906977], [13.42508234, 52.42908272], [13.42508957, 52.42908449], [13.42509956, 52.42908693], [13.42519391, 52.42911581], [13.42522742, 52.42912754], [13.42532123, 52.42916431], [13.42535472, 52.4291792], [13.42539387, 52.42919851], [13.42544537, 52.42922858], [13.42551489, 52.42926846], [13.42552776, 52.42927668], [13.42573216, 52.42940641], [13.42578155, 52.42944625], [13.42586759, 52.42951497], [13.42592251, 52.42955883], [13.42607067, 52.42967805], [13.4261148, 52.42971324], [13.42611953, 52.42971701], [13.42613293, 52.42972769], [13.4263171, 52.42987569], [13.42639531, 52.42993767], [13.42642772, 52.42996392], [13.4267393, 52.43002787], [13.42684969, 52.43005046], [13.42703386, 52.43008801], [13.42704624, 52.43009055], [13.42708349, 52.43007452], [13.42719214, 52.43002674], [13.42735032, 52.42995738], [13.42748031, 52.42990037], [13.42753774, 52.42987554], [13.42773313, 52.42994277], [13.42786373, 52.42995056], [13.42789821, 52.42997523], [13.42791931, 52.42998978], [13.42794093, 52.43000528], [13.42806945, 52.43013046], [13.42815994, 52.43021802], [13.42816815, 52.43022629], [13.42861814, 52.43005817], [13.4287583, 52.43000571], [13.42891952, 52.42994557], [13.42897087, 52.42992654], [13.42897164, 52.42992626], [13.42907173, 52.42988916], [13.42919482, 52.42984266], [13.4293055, 52.42980119], [13.42950411, 52.42972674], [13.42958014, 52.42969815], [13.42968255, 52.42965951], [13.42979737, 52.42961615], [13.42989926, 52.42957814], [13.42996856, 52.42955206], [13.4300089, 52.42953761], [13.43007045, 52.42951405], [13.43009734, 52.42950494], [13.43014802, 52.42948736], [13.43034298, 52.42942015], [13.43040658, 52.4293988], [13.43050949, 52.429363], [13.43056741, 52.4293429], [13.43073283, 52.42929931], [13.43075868, 52.42929209], [13.43082433, 52.42927453], [13.43087913, 52.42925979], [13.43092409, 52.4292504], [13.43103262, 52.42922723], [13.43118226, 52.42919552], [13.43120731, 52.4291902], [13.43122949, 52.42918587], [13.43125997, 52.42917994], [13.43127057, 52.42917791], [13.43128963, 52.42917542], [13.43129921, 52.4291739], [13.43146441, 52.42915368], [13.43156178, 52.42914065], [13.43161699, 52.42913326], [13.43161984, 52.42913288], [13.43162685, 52.42913195], [13.4316429, 52.42913012], [13.43217104, 52.42899584], [13.43434479, 52.42891635], [13.43438919, 52.42899251], [13.43448724, 52.42902262], [13.43449608, 52.42902533], [13.43468815, 52.42902209], [13.43469896, 52.42892032], [13.43470087, 52.42890228], [13.43470966, 52.42881959], [13.43472478, 52.42867696], [13.43477986, 52.42815739], [13.43475026, 52.4281496], [13.43475351, 52.42809136], [13.43475354, 52.42809082], [13.43369669, 52.42781373], [13.43369428, 52.4278137], [13.43365655, 52.4278132], [13.43363449, 52.42781637], [13.43362958, 52.42781708], [13.43362745, 52.42781738], [13.43362639, 52.42781764], [13.43358664, 52.42782744], [13.43358128, 52.42782876], [13.43357661, 52.42783106], [13.43356374, 52.4278374], [13.43356278, 52.42783714], [13.4335433, 52.42784811], [13.43353231, 52.4278543], [13.43352519, 52.42786177], [13.43336158, 52.42803322], [13.43337498, 52.42803875], [13.43339974, 52.42804919], [13.43337848, 52.42806901], [13.43335171, 52.42805652], [13.43334371, 52.42805278], [13.43329074, 52.42809565], [13.43329683, 52.42809842], [13.43320203, 52.42817078], [13.43319321, 52.42817752], [13.4329855, 52.42818031], [13.43232517, 52.42818706], [13.43214573, 52.4281897], [13.43199376, 52.42819194], [13.43179818, 52.42819481], [13.43164099, 52.42819858], [13.43158404, 52.42819995], [13.43148125, 52.42820308], [13.43129168, 52.42820887], [13.4309698, 52.42822401], [13.43108112, 52.42798441], [13.43088896, 52.42794883], [13.43076885, 52.42821136], [13.4307582, 52.42823463], [13.43067046, 52.42823946], [13.43061189, 52.42824269], [13.43056623, 52.4282452], [13.43054038, 52.42824677], [13.43052891, 52.42824746], [13.43039312, 52.42825872], [13.43029189, 52.4282667], [13.43001546, 52.42829438], [13.43000107, 52.42825807], [13.4300008, 52.42825737], [13.42996572, 52.42816913], [13.42990039, 52.42800681], [13.42986383, 52.42791602], [13.42980507, 52.42776919], [13.4297904, 52.42773385], [13.42978772, 52.42772739], [13.42971761, 52.42755136], [13.42966068, 52.42740869], [13.42958922, 52.42723167], [13.4297551, 52.42765906], [13.42728371, 52.42806276], [13.42732106, 52.42810771], [13.42690705, 52.42816503], [13.42690017, 52.42816599], [13.42684419, 52.42817379], [13.42683632, 52.42817506], [13.42661801, 52.42821034], [13.42650905, 52.42822795], [13.426498, 52.42822977], [13.42636834, 52.42825102], [13.42615541, 52.42828495], [13.42615192, 52.42828551], [13.42610983, 52.4282935], [13.4259462, 52.4283224], [13.42574405, 52.4282303], [13.42570371, 52.42822873], [13.42544027, 52.4282185], [13.42519484, 52.42820897], [13.42486364, 52.42819675], [13.42480166, 52.42819956], [13.42426556, 52.42817753], [13.42426393, 52.42817746], [13.42425019, 52.42817689], [13.42388195, 52.42816158], [13.42389807, 52.42802397], [13.42360617, 52.42801618], [13.42358606, 52.42798483], [13.42326644, 52.42804473], [13.42322886, 52.42799634], [13.42300822, 52.4277122], [13.42287723, 52.42754353], [13.42287642, 52.42754381], [13.42201697, 52.42784304], [13.42195507, 52.42786633], [13.42189346, 52.4278899], [13.42183198, 52.4279136], [13.42177079, 52.42793758], [13.42170975, 52.4279617], [13.42164899, 52.42798609], [13.42158839, 52.42801062], [13.42152808, 52.42803542], [13.42146792, 52.42806035], [13.42140806, 52.42808556], [13.42134835, 52.42811089], [13.42128895, 52.4281365], [13.4212297, 52.42816224], [13.42117077, 52.42818824], [13.42111199, 52.42821438], [13.42105352, 52.42824078], [13.42099522, 52.42826731], [13.42093723, 52.4282941], [13.42087941, 52.42832102], [13.42082191, 52.4283482], [13.42076458, 52.42837551], [13.42070757, 52.42840308], [13.42065074, 52.42843077], [13.42059423, 52.42845872], [13.4205379, 52.4284868], [13.4204819, 52.42851513], [13.42042607, 52.42854358], [13.42037059, 52.42857228], [13.42031528, 52.42860111], [13.42026032, 52.42863019], [13.42020553, 52.42865938], [13.4201511, 52.42868883], [13.42009684, 52.42871839], [13.42004294, 52.4287482], [13.41998922, 52.42877813], [13.41993586, 52.4288083], [13.41988268, 52.42883859], [13.41982987, 52.42886912], [13.41977724, 52.42889977], [13.41972498, 52.42893065], [13.4196729, 52.42896165], [13.4196212, 52.42899288], [13.41956969, 52.42902422], [13.41951856, 52.4290558], [13.41946762, 52.4290875], [13.41941706, 52.42911942], [13.41936669, 52.42915145], [13.41931671, 52.42918371], [13.41926692, 52.42921608], [13.41921752, 52.42924867], [13.41916832, 52.42928138], [13.41911951, 52.4293143], [13.4190709, 52.42934734], [13.41902269, 52.42938059], [13.41897468, 52.42941395], [13.41892707, 52.42944752], [13.41887967, 52.42948121], [13.41883267, 52.4295151], [13.41878587, 52.4295491], [13.41873948, 52.4295833], [13.4186933, 52.42961762], [13.41864753, 52.42965213], [13.41860198, 52.42968675], [13.41855683, 52.42972158], [13.4185119, 52.4297565], [13.41846739, 52.42979163], [13.4180336, 52.43006706], [13.41722319, 52.4305816], [13.41480524, 52.43207868], [13.41470488, 52.43213915], [13.41397018, 52.43170386], [13.41396971, 52.43170413], [13.41370958, 52.43185351], [13.41371052, 52.43165963], [13.41317273, 52.43200896]], [[13.42874173, 52.42856777], [13.42883353, 52.42855403], [13.42883816, 52.42859329], [13.42883005, 52.42866205], [13.42882335, 52.42868276], [13.42881057, 52.42872163], [13.4287566, 52.42884515], [13.42871013, 52.42890376], [13.42869564, 52.42892189], [13.42864168, 52.42897591], [13.42855555, 52.42904326], [13.42850671, 52.42909361], [13.42844732, 52.42915477], [13.42838654, 52.42919116], [13.42832661, 52.42922722], [13.42831042, 52.42921379], [13.42829719, 52.42920281], [13.42828839, 52.42919551], [13.42827588, 52.42918514], [13.42827084, 52.42918095], [13.4282653, 52.42917636], [13.42823018, 52.42914723], [13.42818029, 52.42910634], [13.42807219, 52.42901652], [13.42804961, 52.42899827], [13.4280104, 52.42896833], [13.42792247, 52.42890114], [13.42787494, 52.42886462], [13.42779057, 52.42880035], [13.42775003, 52.42876971], [13.42794629, 52.42872568], [13.42801177, 52.4287113], [13.42821872, 52.42867093], [13.4284548, 52.42862401], [13.42850136, 52.42861492], [13.42856413, 52.42860237], [13.42860589, 52.42859345], [13.42868519, 52.42857634], [13.42869102, 52.42857546], [13.42869524, 52.42857482], [13.42870239, 52.42857373], [13.42873458, 52.42856884], [13.42873532, 52.42856873], [13.42874173, 52.42856777]], [[13.42300721, 52.4332556], [13.42291266, 52.43325543], [13.42295837, 52.43322667], [13.42300721, 52.4332556]], [[13.4234495, 52.43351765], [13.4234017, 52.43354771], [13.42339653, 52.43354464], [13.42341671, 52.43349822], [13.4234495, 52.43351765]]], [[[13.41309136, 52.4398265], [13.41323308, 52.43945775], [13.41297523, 52.43940409], [13.41275226, 52.43935769], [13.41248106, 52.44012563], [13.41247925, 52.44016418], [13.41249435, 52.44017819], [13.41250458, 52.44018768], [13.4130742, 52.44026231], [13.413144, 52.44027142], [13.41322278, 52.44028172], [13.41321911, 52.44024846], [13.41320618, 52.44012513], [13.41319407, 52.44001064], [13.41318808, 52.43995388], [13.41317917, 52.4398695], [13.41313975, 52.4398735], [13.41307047, 52.43988054], [13.41309136, 52.4398265]]], [[[13.4213541, 52.44056518], [13.42161894, 52.44060213], [13.42174283, 52.44027083], [13.4216879, 52.44024873], [13.42167361, 52.44024298], [13.42166358, 52.44023894], [13.42165715, 52.44023636], [13.42164673, 52.44023217], [13.42161629, 52.44021992], [13.42160994, 52.44021742], [13.42150964, 52.4401779], [13.42149946, 52.44017389], [13.42145129, 52.44030356], [13.42141841, 52.44039208], [13.4213541, 52.44056518]]]]}}, {"type": "Feature", "properties": {"id": "gruenanlagen.00008100_000a6b91", "pitid": "00008100:000a6b91", "kennzeich": "211.079", "bezirkname": "Neukölln", "ortstlname": "Buckow", "objartname": "Grünanlage", "namenr": "Drusenheimer Weg-Grünanlage", "namezusatz": null, "baujahr": null, "sanierjahr": null, "katasterfl": 27352.0, "widmung": "gewidmet", "plannr": "08200832", "planname": "Buckow Mitte"}, "geometry": {"type": "Polygon", "coordinates": [[[13.41840461, 52.41076754], [13.4184398, 52.41081902], [13.41845616, 52.41084181], [13.4184685, 52.41086007], [13.41848925, 52.41088973], [13.4185483, 52.41087646], [13.41855841, 52.41086923], [13.41885987, 52.41080963], [13.41889123, 52.41080383], [13.41892875, 52.4108051], [13.41902588, 52.41079751], [13.41918365, 52.41077092], [13.4191926, 52.41076952], [13.41920155, 52.41076866], [13.41921191, 52.41076837], [13.41922461, 52.41076902], [13.4192349, 52.41077037], [13.41924398, 52.41077224], [13.41926369, 52.41077721], [13.41943296, 52.41081962], [13.41945669, 52.41082557], [13.41947405, 52.41083362], [13.41947622, 52.41083307], [13.41950858, 52.41082473], [13.41953861, 52.41081557], [13.41962547, 52.41068619], [13.4197161, 52.4106689], [13.42118126, 52.41089401], [13.42118125, 52.41089467], [13.42117886, 52.41112707], [13.42119591, 52.41112695], [13.42123295, 52.4111267], [13.42124474, 52.41112683], [13.42131192, 52.4111269], [13.42134299, 52.41112691], [13.42144428, 52.41112702], [13.42147786, 52.41112746], [13.42147836, 52.41110408], [13.42165888, 52.41110645], [13.42193391, 52.41111006], [13.4221689, 52.41115017], [13.42270001, 52.4112408], [13.4227518, 52.41124964], [13.42291792, 52.41127799], [13.42296932, 52.41128676], [13.42309403, 52.41130804], [13.42305622, 52.41210043], [13.42305616, 52.41210183], [13.4230542, 52.4121226], [13.42305276, 52.41213567], [13.42298826, 52.4127216], [13.42405026, 52.41284799], [13.42399385, 52.41302563], [13.42398806, 52.41304388], [13.42398199, 52.41306375], [13.42397583, 52.41309303], [13.4239745, 52.41309936], [13.42391301, 52.41325729], [13.42395737, 52.41326474], [13.42398582, 52.41331133], [13.42398939, 52.41331718], [13.42415606, 52.41334133], [13.42416155, 52.41333681], [13.42416387, 52.41333707], [13.4242036, 52.41334148], [13.42420592, 52.41334174], [13.42439807, 52.41336585], [13.42460442, 52.41339252], [13.42459729, 52.41338344], [13.42489305, 52.41341832], [13.42491923, 52.4133348], [13.42494509, 52.41325124], [13.42497062, 52.41316763], [13.42414818, 52.41213467], [13.42411825, 52.41209521], [13.42391177, 52.41184723], [13.42387637, 52.41181714], [13.42368703, 52.41156959], [13.42331462, 52.41108786], [13.42317144, 52.41090608], [13.42314811, 52.41089158], [13.42314712, 52.41089034], [13.42312479, 52.4108625], [13.42312358, 52.41086099], [13.42310828, 52.4108448], [13.42281364, 52.41077376], [13.42279905, 52.41077188], [13.4227845, 52.41076983], [13.42277002, 52.41076764], [13.4227556, 52.41076528], [13.42274126, 52.41076278], [13.42272698, 52.41076012], [13.42271279, 52.41075731], [13.42269867, 52.41075435], [13.42268465, 52.41075123], [13.42267071, 52.41074797], [13.42265687, 52.41074456], [13.42264313, 52.41074101], [13.42262949, 52.4107373], [13.42261596, 52.41073346], [13.42260254, 52.41072947], [13.42258924, 52.41072533], [13.42256914, 52.41071874], [13.42245694, 52.41068987], [13.4221386, 52.41062266], [13.42176964, 52.41053395], [13.42140234, 52.41047017], [13.42080014, 52.41036561], [13.41977377, 52.41021256], [13.41976266, 52.41021091], [13.419583590353433, 52.41018419988482], [13.419677032537257, 52.41049056103079], [13.41943198140288, 52.41053866043455], [13.419120007838359, 52.41059976475457], [13.418395727368173, 52.41074164997679], [13.418387945584998, 52.41074317489096], [13.41840461, 52.41076754]], [[13.42367229, 52.41172926], [13.42367234, 52.41172932], [13.42384196, 52.41194262], [13.42350646, 52.41204061], [13.42349319, 52.41204449], [13.42332476, 52.41183268], [13.42332352, 52.41183112], [13.42333925, 52.41182653], [13.42367229, 52.41172926]], [[13.42386238, 52.41257262], [13.42360075, 52.41264864], [13.42346884, 52.41249024], [13.42350015, 52.41248055], [13.4235231, 52.41247369], [13.42324949, 52.41213108], [13.4232582, 52.41212278], [13.42401929, 52.41212412], [13.42439627, 52.4126013], [13.42431204, 52.41286825], [13.42415355, 52.41267012], [13.42402946, 52.41251493], [13.4240012, 52.41248018], [13.42382962, 52.41253179], [13.42383675, 52.4125408], [13.42384876, 52.41255652], [13.42386238, 52.41257262]]]}}, {"type": "Feature", "properties": {"id": "gruenanlagen.00008100_000a6be0", "pitid": "00008100:000a6be0", "kennzeich": "241.109", "bezirkname": "Neukölln", "ortstlname": "Rudow", "objartname": "Grünanlage", "namenr": "Matthäusweg", "namezusatz": null, "baujahr": null, "sanierjahr": null, "katasterfl": 371.0, "widmung": null, "plannr": "08401242", "planname": "Zittauer Straße"}, "geometry": {"type": "Polygon", "coordinates": [[[13.46846122, 52.41920118], [13.46838772, 52.41920342], [13.46826304, 52.41949964], [13.46804753, 52.41995964], [13.46811721, 52.41995677], [13.46812893, 52.41992515], [13.46846122, 52.41920118]]]}}, {"type": "Feature", "properties": {"id": "gruenanlagen.00008100_000a6be7", "pitid": "00008100:000a6be7", "kennzeich": "321.501", "bezirkname": "Neukölln", "ortstlname": "Britz", "objartname": "Grünanlage", "namenr": "Koppelweg-Grünanlage", "namezusatz": null, "baujahr": null, "sanierjahr": null, "katasterfl": 3230.0, "widmung": "gewidmet", "plannr": "08200725", "planname": "Mohriner Allee Nord"}, "geometry": {"type": "Polygon", "coordinates": [[[13.42722559, 52.4471035], [13.42723588, 52.44699607], [13.42723664, 52.44698812], [13.42726192, 52.44672414], [13.42726442, 52.44669805], [13.42726602, 52.44666542], [13.4272692, 52.44660057], [13.42727122, 52.44659674], [13.42728284, 52.44657467], [13.42727795, 52.44654936], [13.42728032, 52.44651251], [13.42728159, 52.44649287], [13.42728317, 52.44646835], [13.4272868, 52.44641187], [13.42728681, 52.44641179], [13.42723208, 52.44641061], [13.42706786, 52.44640706], [13.42706724, 52.44640704], [13.42703056, 52.44640625], [13.42703044, 52.44640636], [13.42701096, 52.44642487], [13.42670422, 52.44671624], [13.42633419, 52.44712252], [13.42639958, 52.447123], [13.4264157, 52.44712311], [13.42641469, 52.44712395], [13.42722227, 52.44713822], [13.42722559, 52.4471035]]]}}, {"type": "Feature", "properties": {"id": "gruenanlagen.00008100_000a6be9", "pitid": "00008100:000a6be9", "kennzeich": "421.500", "bezirkname": "Neukölln", "ortstlname": "Neukölln", "objartname": "Grünanlage", "namenr": "Lilienthalstraße-Grünanlage", "namezusatz": null, "baujahr": null, "sanierjahr": null, "katasterfl": 1908.0, "widmung": "gewidmet", "plannr": "08100101", "planname": "Hasenheide"}, "geometry": {"type": "Polygon", "coordinates": [[[13.4085299, 52.48714219], [13.40851442, 52.48717446], [13.4085037, 52.4871968], [13.4087477, 52.48723947], [13.40875855, 52.48721715], [13.40894593, 52.48683178], [13.40895021, 52.48682298], [13.40895313, 52.48681697], [13.40894697, 52.48681591], [13.40894675, 52.48681587], [13.40856985, 52.48675098], [13.40853685, 52.4867453], [13.40852693, 52.4867436], [13.40846421, 52.4867328], [13.40845447, 52.48673112], [13.40842924, 52.48672678], [13.40837195, 52.48671691], [13.40814647, 52.4866781], [13.4080184, 52.48665605], [13.40800330563885, 52.486653449585305], [13.408411356099798, 52.48703235070776], [13.4085299, 52.48714219]]]}}, {"type": "Feature", "properties": {"id": "gruenanlagen.00008100_000a6bf2", "pitid": "00008100:000a6bf2", "kennzeich": "211.078", "bezirkname": "Neukölln", "ortstlname": "Buckow", "objartname": "Grünanlage", "namenr": "Künheimerweg 7", "namezusatz": null, "baujahr": null, "sanierjahr": null, "katasterfl": 1053.0, "widmung": "gewidmet", "plannr": "08200831", "planname": "Buckow West"}, "geometry": {"type": "Polygon", "coordinates": [[[13.41050608, 52.41552162], [13.41050021, 52.41555678], [13.41050526, 52.41555617], [13.41058474, 52.41554664], [13.41084902, 52.41551493], [13.41122211, 52.41547016], [13.4112549, 52.41546623], [13.41131481, 52.41545904], [13.41154577, 52.41543133], [13.41152914, 52.41537951], [13.41152065, 52.41535305], [13.4115035, 52.41529958], [13.41096528, 52.41536363], [13.41079628, 52.41538375], [13.41052368, 52.41541618], [13.41051367, 52.41547614], [13.41050608, 52.41552162]]]}}, {"type": "Feature", "properties": {"id": "gruenanlagen.00008100_000a6bf6", "pitid": "00008100:000a6bf6", "kennzeich": "431.018", "bezirkname": "Neukölln", "ortstlname": "Neukölln", "objartname": "Grünanlage", "namenr": "Kottbusser Damm", "namezusatz": null, "baujahr": null, "sanierjahr": null, "katasterfl": 1929.0, "widmung": "gewidmet", "plannr": "08100310", "planname": "Maybachufer"}, "geometry": {"type": "Polygon", "coordinates": [[[13.42310933, 52.49178272], [13.423137, 52.49178517], [13.42335434, 52.49180443], [13.42358726, 52.49182507], [13.42370298, 52.49183531], [13.4237713, 52.49184147], [13.42384971, 52.49184853], [13.42390741, 52.49185373], [13.42400833, 52.4918628], [13.42417319, 52.49187764], [13.42446155, 52.49190362], [13.42456273, 52.49191272], [13.4246793, 52.49192323], [13.42476975, 52.49193137], [13.42478054, 52.49193234], [13.42478289, 52.49192271], [13.42482113, 52.49176616], [13.42483408, 52.49171311], [13.42481428, 52.49171134], [13.42478111, 52.49170837], [13.42470433, 52.49170152], [13.42457215, 52.4916897], [13.42456669, 52.49168922], [13.42441333, 52.49167552], [13.42427992, 52.4916636], [13.42427496, 52.49166316], [13.42408789, 52.49164644], [13.42403969, 52.49164213], [13.42400144, 52.49163871], [13.42382373, 52.49162284], [13.42378408, 52.49178816], [13.42378147, 52.49179904], [13.42336416, 52.49176311], [13.42314669, 52.49174438], [13.42313381267489, 52.49174327109148], [13.42310954874737, 52.49178231730598], [13.42310933, 52.49178272]]]}}, {"type": "Feature", "properties": {"id": "gruenanlagen.00008100_000a6bf7", "pitid": "00008100:000a6bf7", "kennzeich": "231.113", "bezirkname": "Neukölln", "ortstlname": "Rudow", "objartname": "Grünanlage", "namenr": "Grünverbindung Ostburger Weg", "namezusatz": null, "baujahr": null, "sanierjahr": null, "katasterfl": 1522.0, "widmung": "gewidmet", "plannr": "08401246", "planname": "Waltersdorfer Chaussee Ost"}, "geometry": {"type": "Polygon", "coordinates": [[[13.51446568, 52.4127078], [13.51447185, 52.41271026], [13.5152677, 52.41199118], [13.51546773, 52.41181074], [13.51581371, 52.41149841], [13.51688553, 52.41053128], [13.5168778, 52.41052808], [13.51687536, 52.41052707], [13.51684737, 52.41051549], [13.51682353, 52.41050563], [13.51682152, 52.4105048], [13.51681936, 52.41050676], [13.51575059, 52.4114722], [13.51537588, 52.41181065], [13.51440814, 52.41268486], [13.51441079, 52.41268591], [13.51446322, 52.41270682], [13.5144633, 52.41270685], [13.51446568, 52.4127078]]]}}, {"type": "Feature", "properties": {"id": "gruenanlagen.00008100_000a6bf9", "pitid": "00008100:000a6bf9", "kennzeich": "231.101", "bezirkname": "Neukölln", "ortstlname": "Rudow", "objartname": "Grünanlage", "namenr": "Neudeckerweg-Grünanlage", "namezusatz": null, "baujahr": null, "sanierjahr": null, "katasterfl": 4471.0, "widmung": "gewidmet", "plannr": "08401246", "planname": "Waltersdorfer Chaussee Ost"}, "geometry": {"type": "Polygon", "coordinates": [[[13.51546639, 52.42010084], [13.51508405, 52.42046328], [13.51558536, 52.42066775], [13.51568638, 52.42065491], [13.51637693, 52.42000043], [13.51635726, 52.41993588], [13.51587098, 52.41971724], [13.51546639, 52.42010084]]]}}, {"type": "Feature", "properties": {"id": "gruenanlagen.00008100_000a6c08", "pitid": "00008100:000a6c08", "kennzeich": "231.112", "bezirkname": "Neukölln", "ortstlname": "Rudow", "objartname": "Grünanlage", "namenr": "Verbindungsweg Süd zum Landschaftspark", "namezusatz": null, "baujahr": null, "sanierjahr": null, "katasterfl": 849.0, "widmung": "gewidmet", "plannr": "08401246", "planname": "Waltersdorfer Chaussee Ost"}, "geometry": {"type": "Polygon", "coordinates": [[[13.51585679, 52.40175015], [13.51561217, 52.40168719], [13.51536814, 52.40162442], [13.51512441, 52.40156173], [13.51487935, 52.40149868], [13.51463943, 52.40143699], [13.5142955, 52.40133812], [13.51421497, 52.40131497], [13.5141056, 52.40128352], [13.51409845, 52.40129034], [13.51407599, 52.40131175], [13.51406539, 52.40132185], [13.51425283, 52.40137566], [13.51461009, 52.40147821], [13.51465915, 52.40149082], [13.51468226, 52.40149676], [13.51475569, 52.40151564], [13.51476617, 52.40151834], [13.51528571, 52.40165187], [13.51528976, 52.40165291], [13.51507491, 52.40185286], [13.51507136, 52.40185617], [13.51513271, 52.40188121], [13.51513641, 52.40187776], [13.51535877, 52.40167068], [13.51583744, 52.40179371], [13.516001175825224, 52.401835828926096], [13.516001177674797, 52.40183578836594], [13.516003201115485, 52.401787747718494], [13.51585679, 52.40175015]]]}}, {"type": "Feature", "properties": {"id": "gruenanlagen.00008100_000a6c79", "pitid": "00008100:000a6c79", "kennzeich": "321.049", "bezirkname": "Neukölln", "ortstlname": "Britz", "objartname": "Grünanlage", "namenr": "Gutshof Britz - Teil 1", "namezusatz": null, "baujahr": null, "sanierjahr": null, "katasterfl": 4647.0, "widmung": "gewidmet", "plannr": "08200726", "planname": "Hufeisensiedlung"}, "geometry": {"type": "MultiPolygon", "coordinates": [[[[13.43748898, 52.44600166], [13.43749065, 52.44600316], [13.43749113, 52.44600358], [13.43749078, 52.44600374], [13.43750042, 52.44601189], [13.4375102, 52.44602017], [13.43754732, 52.44600383], [13.43755144, 52.44600202], [13.43755171, 52.4460019], [13.43766919, 52.44595022], [13.43776233, 52.44590924], [13.43776265, 52.44590951], [13.43776969, 52.44590641], [13.43786195, 52.44586582], [13.43787143, 52.44586165], [13.43794794, 52.44582799], [13.43794762, 52.44582773], [13.43787881, 52.44576907], [13.43785756, 52.44575106], [13.43785089, 52.4457454], [13.43785098, 52.44574536], [13.43785896, 52.44574188], [13.4378589, 52.44574183], [13.43783968, 52.44572522], [13.43783957, 52.44572526], [13.43783039, 52.44572923], [13.43777831, 52.44568477], [13.4377785, 52.44568468], [13.43777836, 52.44568456], [13.43777232, 52.44568099], [13.43776882, 52.44568248], [13.43775545, 52.44567102], [13.43775264, 52.44566861], [13.43775192, 52.44566893], [13.43775122, 52.44566852], [13.43774228, 52.44566038], [13.4377428, 52.44566017], [13.43774351, 52.44565986], [13.43774578, 52.44565838], [13.43769406, 52.44561486], [13.43766506, 52.44558825], [13.43766494, 52.44558814], [13.43772167, 52.44556342], [13.43776871, 52.44560304], [13.43776826, 52.44560325], [13.43773661, 52.44561724], [13.43774509, 52.4456243], [13.43778694, 52.44560604], [13.43777436, 52.44559336], [13.43777533, 52.44559296], [13.43789379, 52.44554625], [13.43789433, 52.44554604], [13.4378471, 52.44550233], [13.43782048, 52.4454777], [13.43782012, 52.44547737], [13.43781749, 52.44547848], [13.43781668, 52.44547778], [13.43781341, 52.44547495], [13.4376171, 52.44555393], [13.43760025, 52.44556071], [13.43752525, 52.44559088], [13.43710858, 52.44576006], [13.43710672, 52.44575834], [13.43708365, 52.44576762], [13.43707647, 52.44577051], [13.43707099, 52.44577275], [13.43707702, 52.44577879], [13.43707734, 52.44577907], [13.4370781, 52.44577873], [13.43707983, 52.44578018], [13.43717477, 52.44586011], [13.43702165, 52.44592857], [13.43702143, 52.44592867], [13.43702236, 52.44592942], [13.43702783, 52.44593387], [13.43702916, 52.44593495], [13.43717782, 52.44586881], [13.43723655, 52.44591935], [13.43726056, 52.44594055], [13.43733862, 52.44600785], [13.43734443, 52.4460054], [13.4373448, 52.4460057], [13.43736933, 52.44602547], [13.43736949, 52.4460254], [13.43738229, 52.44603652], [13.43745037, 52.44600707], [13.43745884, 52.44601453], [13.43748866, 52.44600138], [13.43748898, 52.44600166]]], [[[13.43699395, 52.44595316], [13.43698459, 52.44594516], [13.43694362, 52.44596341], [13.43695171, 52.44597106], [13.43699395, 52.44595316]]], [[[13.43693175, 52.4459805], [13.43692282, 52.44597285], [13.4369088, 52.44597915], [13.43691804, 52.4459872], [13.43693175, 52.4459805]]], [[[13.43709561, 52.44634407], [13.43709458, 52.44634409], [13.43709425, 52.44634129], [13.43709348, 52.44634063], [13.43709443, 52.4463403], [13.43711041, 52.44633483], [13.43711146, 52.44633447], [13.43711325, 52.44633603], [13.43711604, 52.4463407], [13.4371299, 52.44633794], [13.43708887, 52.44630259], [13.43708663, 52.44630065], [13.43708348, 52.44629793], [13.43708828, 52.44629585], [13.43708798, 52.44629559], [13.4369466, 52.44617438], [13.43694648, 52.44617427], [13.43693983, 52.44616875], [13.43692923, 52.44616], [13.43684538, 52.4460906], [13.43673014, 52.44598987], [13.43673005, 52.44598979], [13.43671482, 52.44597648], [13.43671464, 52.44597632], [13.43671555, 52.44597615], [13.43671129, 52.44597249], [13.43667495, 52.44594131], [13.43667386, 52.44594038], [13.43667574, 52.4459396], [13.43664968, 52.44591575], [13.43664785, 52.4459165], [13.43644508, 52.44599917], [13.43656356, 52.44610749], [13.43666169, 52.44619622], [13.43677572, 52.44629942], [13.43682728, 52.44634635], [13.43703065, 52.44634618], [13.43709451, 52.44634733], [13.43709493, 52.44634734], [13.437096, 52.44634732], [13.43709561, 52.44634407]]], [[[13.43791506, 52.446411], [13.43815978, 52.44630128], [13.43815952, 52.44630107], [13.43816337, 52.44629933], [13.43816438, 52.44629888], [13.43814327, 52.44628167], [13.4381369, 52.44627649], [13.43785862, 52.44640125], [13.43794526, 52.44647585], [13.43796987, 52.446465], [13.43796598, 52.44646157], [13.43796718, 52.44646105], [13.43791395, 52.44641541], [13.43791277, 52.44641595], [13.4379094, 52.44641314], [13.43791472, 52.44641071], [13.43791506, 52.446411]]], [[[13.43712992, 52.44645914], [13.43711826, 52.44646676], [13.43711527, 52.44646888], [13.43710712, 52.44647466], [13.4370965, 52.44648284], [13.43708248, 52.44649478], [13.43706959, 52.44650719], [13.43705788, 52.44652003], [13.43704738, 52.44653325], [13.43704464, 52.44653562], [13.43704203, 52.4465395], [13.43703964, 52.44654343], [13.43703793, 52.4465466], [13.43703748, 52.44654742], [13.4370371, 52.44654819], [13.43703677, 52.44654898], [13.43703648, 52.44654976], [13.43703624, 52.44655056], [13.43703605, 52.44655136], [13.4370359, 52.44655216], [13.43703579, 52.44655296], [13.43703573, 52.44655377], [13.43703571, 52.44655458], [13.43703575, 52.44655538], [13.43703582, 52.44655619], [13.43703594, 52.44655699], [13.43703611, 52.44655779], [13.43703633, 52.44655859], [13.43703658, 52.44655938], [13.43703689, 52.44656017], [13.43703724, 52.44656095], [13.43703763, 52.44656172], [13.43703806, 52.44656248], [13.43703854, 52.44656323], [13.43703906, 52.44656397], [13.43703962, 52.4465647], [13.43704022, 52.44656542], [13.43704087, 52.44656613], [13.43704155, 52.44656682], [13.43704227, 52.44656749], [13.4371239, 52.44664335], [13.4372846, 52.44679354], [13.43728861, 52.44679728], [13.43737548, 52.44676124], [13.43737094, 52.44675719], [13.43754186, 52.44668512], [13.4375407, 52.44668433], [13.43753715, 52.44668124], [13.43753239, 52.44667709], [13.43752717, 52.44667254], [13.43722938, 52.44641558], [13.43723058, 52.44641509], [13.4372281, 52.44641297], [13.43722696, 52.44641349], [13.43714208, 52.44645181], [13.43712992, 52.44645914]]], [[[13.43880521, 52.44558429], [13.43881701, 52.4455941], [13.43883578, 52.4456097], [13.43882446, 52.4456148], [13.43884231, 52.44562965], [13.43885925, 52.44564363], [13.43899344, 52.44575443], [13.43901644, 52.4457441], [13.43901727, 52.44574373], [13.43888677, 52.4456362], [13.43888253, 52.44563271], [13.43904368, 52.4455539], [13.43911196, 52.44551946], [13.43919293, 52.4454808], [13.43927047, 52.44544571], [13.43935905, 52.44540829], [13.43941683, 52.44538532], [13.43941767, 52.44538499], [13.43942169, 52.44538344], [13.4394964, 52.44535518], [13.43957642, 52.44532639], [13.43960239, 52.44531844], [13.43968964, 52.44529088], [13.43975647, 52.44526763], [13.43985745, 52.44522541], [13.43992869, 52.44519322], [13.43998335, 52.44516731], [13.43998208, 52.44516619], [13.43996456, 52.44515509], [13.43996331, 52.44515429], [13.43999274, 52.44513723], [13.44002228, 52.44511826], [13.44002319, 52.44511757], [13.44000059, 52.44510615], [13.439995, 52.44510333], [13.43997619, 52.44509404], [13.43989411, 52.44514026], [13.43982176, 52.44517216], [13.43980869, 52.44517768], [13.4398122, 52.44517861], [13.43974094, 52.44521009], [13.43964867, 52.44524343], [13.43956094, 52.44527141], [13.43955638, 52.44527291], [13.4395368, 52.44527932], [13.43953509, 52.44527989], [13.43943795, 52.44531415], [13.43932039, 52.44535969], [13.43917585, 52.4454216], [13.43903355, 52.44548946], [13.43895029, 52.44553115], [13.43884121, 52.44558431], [13.43884113, 52.44558424], [13.43883906, 52.44558249], [13.43881331, 52.44556076], [13.43881281, 52.44555968], [13.43881229, 52.44555991], [13.43881195, 52.44555961], [13.43854239, 52.44567814], [13.43834859, 52.44576307], [13.43822584, 52.44565213], [13.43820091, 52.44562899], [13.43804444, 52.44548627], [13.43806419, 52.44545363], [13.43800338, 52.44540023], [13.43790401, 52.44544206], [13.43790604, 52.44544381], [13.43790796, 52.44544562], [13.43791062, 52.44544456], [13.43791564, 52.44544921], [13.43791858, 52.44544803], [13.43798562, 52.44551029], [13.43802637, 52.44556441], [13.43808537, 52.445643], [13.43816844, 52.44571275], [13.43827779, 52.44580466], [13.43833038, 52.44578164], [13.43833096, 52.44578215], [13.43833866, 52.44578885], [13.43856007, 52.44569168], [13.43880521, 52.44558429]]], [[[13.43955723, 52.44550074], [13.43953853, 52.44550986], [13.43962084, 52.44557855], [13.4396215, 52.44557911], [13.43967296, 52.44562182], [13.43969389, 52.44561245], [13.43969417, 52.44561233], [13.43981212, 52.44555949], [13.43980713, 52.44555549], [13.4396898, 52.44560871], [13.43966359, 52.44558736], [13.43955723, 52.44550074]]], [[[13.43975125, 52.44566011], [13.4397081, 52.44562391], [13.43970778, 52.44562406], [13.43968689, 52.44563338], [13.43970133, 52.44564537], [13.43977015, 52.44570257], [13.43979403, 52.44569191], [13.43979707, 52.44569055], [13.43979684, 52.44569036], [13.43978848, 52.44568333], [13.4397825, 52.44568594], [13.43975141, 52.44566024], [13.43975125, 52.44566011]]], [[[13.4391781, 52.44592613], [13.43918978, 52.44592075], [13.43912812, 52.44586966], [13.43911678, 52.44587481], [13.43911617, 52.44587509], [13.43917776, 52.44592628], [13.4391781, 52.44592613]]], [[[13.43922081, 52.44596187], [13.43922066, 52.44596194], [13.43924684, 52.44598369], [13.43924687, 52.44598367], [13.43927414, 52.44597148], [13.43926735, 52.44596592], [13.4392523, 52.44597258], [13.43923288, 52.4459565], [13.43922081, 52.44596187]]]]}}, {"type": "Feature", "properties": {"id": "gruenanlagen.00008100_000a6c91", "pitid": "00008100:000a6c91", "kennzeich": "321.062", "bezirkname": "Neukölln", "ortstlname": "Britz", "objartname": "Grünanlage", "namenr": "Brandpfuhl", "namezusatz": null, "baujahr": null, "sanierjahr": null, "katasterfl": 503.0, "widmung": "gewidmet", "plannr": "08200725", "planname": "Mohriner Allee Nord"}, "geometry": {"type": "Polygon", "coordinates": [[[13.43386993, 52.44981371], [13.43388243, 52.44980327], [13.43390479, 52.44979285], [13.43391934, 52.44978844], [13.43394269, 52.44978848], [13.43396396, 52.44978915], [13.43398365, 52.44979615], [13.43398675, 52.44979996], [13.43398566, 52.44981137], [13.4339835, 52.44983069], [13.43397874, 52.44985192], [13.43397296, 52.44986838], [13.43396045, 52.44988167], [13.43394899, 52.4498918], [13.43393495, 52.44989811], [13.43391418, 52.44990125], [13.4338903, 52.44990216], [13.43387266, 52.44990118], [13.43386022, 52.44989862], [13.43384898, 52.44989217], [13.43383054, 52.44999097], [13.43406953, 52.44999765], [13.43406578, 52.44980414], [13.43408438, 52.44980369], [13.43408174, 52.44974104], [13.43405084, 52.4497417], [13.43404994, 52.44965232], [13.43389515, 52.44964446], [13.43386412, 52.44981103], [13.43386104, 52.44982753], [13.43386993, 52.44981371]]]}}, {"type": "Feature", "properties": {"id": "gruenanlagen.00008100_000a6c92", "pitid": "00008100:000a6c92", "kennzeich": "321.061", "bezirkname": "Neukölln", "ortstlname": "Britz", "objartname": "Grünanlage", "namenr": "Kienpfuhl Britz", "namezusatz": null, "baujahr": null, "sanierjahr": null, "katasterfl": 8149.0, "widmung": "gewidmet", "plannr": "08200725", "planname": "Mohriner Allee Nord"}, "geometry": {"type": "Polygon", "coordinates": [[[13.42835182, 52.44569863], [13.42835226, 52.44569863], [13.4283587, 52.44569869], [13.42856318, 52.44568432], [13.42868094, 52.44570048], [13.42878099, 52.44570145], [13.42886972, 52.4457517], [13.42887118, 52.44575227], [13.42895359, 52.44578422], [13.42897074, 52.44590297], [13.4290662, 52.44590148], [13.42906884, 52.44591381], [13.42909461, 52.4459136], [13.42927502, 52.4459121], [13.42930867, 52.44591179], [13.42931566, 52.44589403], [13.42932079, 52.44585307], [13.42932041, 52.44584627], [13.42933452, 52.44584606], [13.42944196, 52.44584446], [13.42959212, 52.44584222], [13.4295937, 52.44582836], [13.42959702, 52.44579924], [13.42959912, 52.44578083], [13.42960301, 52.44578093], [13.4298189, 52.44578632], [13.42981858, 52.44578195], [13.42981843, 52.44577983], [13.42981841, 52.44577957], [13.42981824, 52.44577721], [13.42981295, 52.44570323], [13.42981249, 52.44569675], [13.42980866, 52.44569665], [13.42980321, 52.4455955], [13.42980055, 52.44554601], [13.42979675, 52.44547555], [13.42979373, 52.44541948], [13.42979143, 52.44537668], [13.42947418, 52.4453723], [13.42948537, 52.44507782], [13.42949004, 52.44495337], [13.42901973, 52.44494647], [13.42891911, 52.44494504], [13.4288669, 52.44494425], [13.42883454, 52.44494378], [13.42879319, 52.44494272], [13.42868029, 52.44504112], [13.42792358, 52.44570055], [13.42788863, 52.44572803], [13.42726924, 52.44621501], [13.42716319, 52.44629567], [13.42713412, 52.44631816], [13.42708913, 52.44635297], [13.4270798, 52.44636145], [13.42703056, 52.44640625], [13.42706724, 52.44640704], [13.42706731, 52.44640575], [13.42711887, 52.44636622], [13.42719196, 52.44630967], [13.4272981, 52.44622894], [13.42795261, 52.44571434], [13.42797435, 52.44569712], [13.42797699, 52.44569504], [13.42804883, 52.44568693], [13.42805178, 52.44568662], [13.42810242, 52.44568121], [13.42835182, 52.44569863]], [[13.42909204, 52.44533366], [13.42909758, 52.44533414], [13.42910302, 52.44533493], [13.4291084, 52.44533587], [13.42911361, 52.44533711], [13.42911873, 52.4453385], [13.42912361, 52.44534017], [13.42912836, 52.44534198], [13.42913282, 52.44534404], [13.42913712, 52.44534623], [13.42914106, 52.44534866], [13.42914482, 52.44535119], [13.42914818, 52.44535392], [13.42916162, 52.44537163], [13.42917197, 52.44539009], [13.42918073, 52.44540886], [13.42918623, 52.44542809], [13.42918513, 52.4454353], [13.42918512, 52.44544255], [13.42918566, 52.44544979], [13.4291873, 52.44545696], [13.42918948, 52.44546408], [13.42919273, 52.44547105], [13.42919651, 52.44547792], [13.42920131, 52.44548454], [13.42920329, 52.44548671], [13.42920493, 52.44548898], [13.42920641, 52.4454913], [13.42920752, 52.44549369], [13.42920845, 52.44549611], [13.429209, 52.44549857], [13.42920937, 52.44550105], [13.42920936, 52.44550353], [13.42920916, 52.44550602], [13.42920858, 52.44550848], [13.42920972, 52.44551309], [13.42921022, 52.44551773], [13.4292104, 52.44552239], [13.42920993, 52.44552705], [13.42920914, 52.44553168], [13.42920771, 52.44553626], [13.42920597, 52.4455408], [13.4292036, 52.44554523], [13.42920093, 52.44554959], [13.42919767, 52.4455538], [13.42919412, 52.44555793], [13.42919, 52.44556185], [13.42918924, 52.44556345], [13.42918824, 52.445565], [13.42918711, 52.44556651], [13.42918576, 52.44556796], [13.4291843, 52.44556937], [13.42918264, 52.44557068], [13.42918087, 52.44557195], [13.42917891, 52.44557311], [13.42917687, 52.44557421], [13.42917467, 52.44557519], [13.4291724, 52.44557611], [13.42916999, 52.44557689], [13.42916753, 52.4455776], [13.42916497, 52.44557817], [13.42916237, 52.44557866], [13.4291597, 52.445579], [13.42915701, 52.44557927], [13.42915429, 52.44557938], [13.42915157, 52.44557941], [13.42914885, 52.44557929], [13.42914615, 52.44557909], [13.42914349, 52.44557873], [13.42914086, 52.4455783], [13.4291383, 52.44557772], [13.4291358, 52.44557707], [13.4291334, 52.44557627], [13.42913107, 52.44557541], [13.42912888, 52.44557442], [13.42910654, 52.4455643], [13.42908265, 52.4455556], [13.42905807, 52.44554765], [13.42903232, 52.44554124], [13.42902706, 52.44553928], [13.42902211, 52.44553706], [13.42901731, 52.44553471], [13.42901288, 52.4455321], [13.42900863, 52.44552939], [13.42900479, 52.44552645], [13.42900116, 52.44552342], [13.42899798, 52.4455202], [13.42899503, 52.44551691], [13.42899257, 52.44551346], [13.42899035, 52.44550996], [13.42898865, 52.44550635], [13.42895422, 52.4454271], [13.42895339, 52.44542046], [13.42895357, 52.4454138], [13.42895425, 52.44540715], [13.42895595, 52.44540057], [13.42895814, 52.44539404], [13.42896132, 52.44538767], [13.42896498, 52.44538139], [13.42896959, 52.44537535], [13.42897058, 52.44537288], [13.42897193, 52.44537048], [13.42897345, 52.44536812], [13.42897532, 52.44536584], [13.42897735, 52.44536363], [13.4289797, 52.44536153], [13.4289822, 52.4453595], [13.42898499, 52.44535761], [13.42898792, 52.44535581], [13.4289911, 52.44535417], [13.42899439, 52.44535262], [13.42899791, 52.44535126], [13.42900152, 52.44534999], [13.4290053, 52.44534893], [13.42901194, 52.44534609], [13.42901894, 52.4453436], [13.42902609, 52.44534128], [13.42903353, 52.44533932], [13.4290411, 52.44533755], [13.42904888, 52.44533615], [13.42905674, 52.44533495], [13.42906473, 52.44533415], [13.42907278, 52.44533354], [13.42908087, 52.44533334], [13.42908647, 52.44533334], [13.42909204, 52.44533366]]]}}, {"type": "Feature", "properties": {"id": "gruenanlagen.00008100_000a6c93", "pitid": "00008100:000a6c93", "kennzeich": "321.058", "bezirkname": "Neukölln", "ortstlname": "Britz", "objartname": "Grünanlage", "namenr": "Kirchteich Britz-Grünanlage", "namezusatz": null, "baujahr": null, "sanierjahr": null, "katasterfl": 9272.0, "widmung": "gewidmet", "plannr": "08200726", "planname": "Hufeisensiedlung"}, "geometry": {"type": "Polygon", "coordinates": [[[13.43740585, 52.44824947], [13.43740539, 52.44824893], [13.43740521, 52.44824872], [13.43740524, 52.44824863], [13.43745446, 52.44806572], [13.43750699, 52.44787053], [13.4375099, 52.44785971], [13.43751604, 52.44783635], [13.43754924, 52.44770168], [13.43757037, 52.44761595], [13.43757071, 52.44761457], [13.43757186, 52.44760988], [13.43758068, 52.4475741], [13.43758234, 52.44756735], [13.43758351, 52.44756261], [13.43758875, 52.44754138], [13.43759802, 52.44750374], [13.43759834, 52.44750245], [13.4375976, 52.44750237], [13.43764837, 52.44729689], [13.43763184, 52.44728093], [13.43744607, 52.44712526], [13.437431, 52.44711262], [13.43736167, 52.44705419], [13.43718081, 52.44690174], [13.43698745, 52.4467366], [13.43695383, 52.44670788], [13.43687825, 52.44664334], [13.43658074, 52.44671387], [13.43653471, 52.44685434], [13.43652924, 52.44685631], [13.43605552, 52.44702376], [13.43596979, 52.44705492], [13.43590466, 52.44708257], [13.43581152, 52.44695436], [13.43571107, 52.44698951], [13.43537282, 52.44710788], [13.43517064, 52.44717863], [13.43533496, 52.44740562], [13.4353443, 52.44741852], [13.43536383, 52.44744551], [13.43536022, 52.44744846], [13.43535605, 52.4474533], [13.43535376, 52.44745791], [13.43535411, 52.44746299], [13.4353563, 52.44746844], [13.43550086, 52.44766818], [13.43550415, 52.44767042], [13.43550789, 52.44767172], [13.43551131, 52.44767233], [13.43551522, 52.44767233], [13.43552159, 52.44767105], [13.43552621, 52.44766989], [13.43558569, 52.44775207], [13.43558007, 52.44775341], [13.43557409, 52.447755], [13.43557263, 52.44775606], [13.43557146, 52.44775829], [13.43557144, 52.44776149], [13.43557193, 52.44776639], [13.43568335, 52.44792034], [13.4358945, 52.44821211], [13.43589751, 52.44821461], [13.43590107, 52.44821598], [13.43590596, 52.44821626], [13.43591175, 52.44821518], [13.43591929, 52.44821303], [13.43592795, 52.448225], [13.43593921, 52.44824055], [13.4359485, 52.44823812], [13.43633355, 52.44813749], [13.43632931, 52.44813146], [13.43630744, 52.44808702], [13.43628857, 52.44799893], [13.43629304, 52.44781364], [13.43630402, 52.44778911], [13.43632591, 52.44776408], [13.43634464, 52.4477491], [13.43637663, 52.44773002], [13.43643249, 52.44770324], [13.43649921, 52.44768159], [13.43665737, 52.4476406], [13.43689063, 52.44770181], [13.43695809, 52.44771773], [13.43698298, 52.4477416], [13.43698813, 52.44774437], [13.436989, 52.44774511], [13.43701279, 52.44777521], [13.43703393, 52.44780239], [13.43703753, 52.44780706], [13.43705123, 52.44782485], [13.43706315, 52.44784366], [13.43706659, 52.44784908], [13.43710004, 52.44790108], [13.43710406, 52.44790731], [13.43719584, 52.44804942], [13.43723964, 52.4481711], [13.43725826, 52.44820922], [13.43727613, 52.44824505], [13.43731076, 52.44822996], [13.43737143, 52.44827181], [13.43737872, 52.44827687], [13.43739464, 52.44828791], [13.43740554, 52.44824923], [13.43740585, 52.44824947]], [[13.436077, 52.44811696], [13.43606586, 52.4481103], [13.43605464, 52.44810597], [13.4360368, 52.44809644], [13.43601898, 52.44808586], [13.43599909, 52.44806979], [13.43598799, 52.44806174], [13.43598452, 52.44806014], [13.43597234, 52.44805456], [13.43595351, 52.44805153], [13.43593882, 52.44805286], [13.43592125, 52.44805669], [13.43591512, 52.44804502], [13.43591853, 52.44804435], [13.43593339, 52.44804144], [13.43594415, 52.44803645], [13.43595038, 52.44803186], [13.43595131, 52.44802628], [13.43595014, 52.44802476], [13.43594987, 52.4480244], [13.43594218, 52.44800521], [13.43592968, 52.44797199], [13.43590939, 52.44792285], [13.43589005, 52.44786813], [13.43586281, 52.44782311], [13.4358208, 52.44776768], [13.43577455, 52.44770327], [13.43572211, 52.44764345], [13.43567211, 52.44757867], [13.43564427, 52.44753236], [13.43564156, 52.44752512], [13.43562556, 52.44748239], [13.43561562, 52.44744136], [13.43563164, 52.44739321], [13.43565741, 52.4473475], [13.43569531, 52.44730905], [13.43569816, 52.44730616], [13.43576402, 52.44725801], [13.43585958, 52.44720615], [13.43608661, 52.44713655], [13.43609285, 52.44713449], [13.43648884, 52.44700348], [13.43665369, 52.44695755], [13.43677949, 52.44692578], [13.43678584, 52.44692414], [13.43694369, 52.4468834], [13.43694475, 52.44688333], [13.43694975, 52.446883], [13.43695577, 52.446884], [13.43696087, 52.44689009], [13.43697774, 52.44690608], [13.43700863, 52.44693337], [13.43705191, 52.44697474], [13.43708008, 52.44699858], [13.43710747, 52.44701749], [13.43712736, 52.44703196], [13.43715161, 52.44705454], [13.4371765, 52.44708038], [13.43719513, 52.44710242], [13.43722765, 52.44712649], [13.43724738, 52.44714809], [13.43727188, 52.44716278], [13.43728211, 52.44717406], [13.43729118, 52.44719231], [13.43730948, 52.44721158], [13.43736388, 52.44723776], [13.43737488, 52.44724905], [13.4373746, 52.44725741], [13.43736826, 52.44726663], [13.43735675, 52.44727161], [13.43734531, 52.44727427], [13.43733239, 52.44727597], [13.43731497, 52.44727624], [13.43729909, 52.44727606], [13.43728327, 52.44727401], [13.4372622, 52.44727052], [13.4372434, 52.44726658], [13.43720564, 52.44726428], [13.43719578, 52.4472651], [13.43718721, 52.44727289], [13.43718355, 52.44729238], [13.43718126, 52.44730336], [13.4371838, 52.44731874], [13.43719019, 52.44733183], [13.43719674, 52.44733981], [13.43722126, 52.44735405], [13.4372541, 52.44736885], [13.4372892, 52.4473925], [13.43732403, 52.44741664], [13.43733787, 52.44743355], [13.43733908, 52.44744287], [13.43732879, 52.44745718], [13.43731704, 52.44746925], [13.43730079, 52.44748023], [13.43728375, 52.44749167], [13.43726068, 52.44750257], [13.4372255, 52.44751333], [13.43718811, 52.44752197], [13.43714485, 52.44752472], [13.43711759, 52.44752453], [13.43707404, 52.44751285], [13.43702085, 52.44749548], [13.43695866, 52.44747473], [13.43688502, 52.4474576], [13.43684417, 52.44745648], [13.43683226, 52.44745685], [13.436829, 52.44745696], [13.43681845, 52.44745729], [13.43681639, 52.44745303], [13.43675794, 52.44746409], [13.43675939, 52.4474669], [13.4367019, 52.44747924], [13.43667166, 52.44749139], [13.43664561, 52.44750136], [13.43663342, 52.44750683], [13.43662641, 52.44750998], [13.43660254, 52.44752225], [13.43656534, 52.44754879], [13.4365425, 52.44757528], [13.43652466, 52.44758811], [13.43650553, 52.44759486], [13.43647024, 52.44760886], [13.43644112, 52.44761968], [13.43641714, 52.44763568], [13.43636653, 52.44765509], [13.43630515, 52.44767996], [13.43626685, 52.44771755], [13.43623262, 52.44774507], [13.43621273, 52.4477737], [13.43620651, 52.44780085], [13.43619825, 52.44788923], [13.43619752, 52.44797864], [13.43619271, 52.44803449], [13.43617756, 52.44807188], [13.43616106, 52.44809467], [13.43614398, 52.44810751], [13.4361202, 52.44811607], [13.4361072, 52.44812012], [13.43609571, 52.44812115], [13.43609351, 52.44812135], [13.436077, 52.44811696]]]}}, {"type": "Feature", "properties": {"id": "gruenanlagen.00008100_000a6c94", "pitid": "00008100:000a6c94", "kennzeich": "321.048", "bezirkname": "Neukölln", "ortstlname": "Britz", "objartname": "Grünanlage", "namenr": "Britzer Damm-Grünanlage", "namezusatz": null, "baujahr": null, "sanierjahr": null, "katasterfl": 281.0, "widmung": "gewidmet", "plannr": "08200726", "planname": "Hufeisensiedlung"}, "geometry": {"type": "Polygon", "coordinates": [[[13.43465782, 52.44726991], [13.4348053, 52.44727454], [13.43464738, 52.44705651], [13.43462357, 52.44702364], [13.43461847, 52.4470166], [13.43447172, 52.44701276], [13.43450312, 52.44705614], [13.43452691, 52.44708902], [13.43465782, 52.44726991]]]}}, {"type": "Feature", "properties": {"id": "gruenanlagen.00008100_000a6c95", "pitid": "00008100:000a6c95", "kennzeich": "321.047", "bezirkname": "Neukölln", "ortstlname": "Britz", "objartname": "Grünanlage", "namenr": "Schulvorplatz Britzer Damm", "namezusatz": null, "baujahr": null, "sanierjahr": null, "katasterfl": 4761.0, "widmung": "gewidmet", "plannr": "08200725", "planname": "Mohriner Allee Nord"}, "geometry": {"type": "MultiPolygon", "coordinates": [[[[13.43540779, 52.44815159], [13.43543476, 52.44814418], [13.43530959, 52.44797131], [13.43528314, 52.44793477], [13.43524157, 52.44787736], [13.43514241, 52.44774041], [13.43511325, 52.44770013], [13.43508774, 52.4476649], [13.43506393, 52.44763201], [13.43500363, 52.44763082], [13.43482908, 52.44762746], [13.43479106, 52.44762673], [13.43471312, 52.44762523], [13.43470968, 52.44762516], [13.43455982, 52.44762228], [13.43463743, 52.44772982], [13.43455639, 52.44775173], [13.43456125, 52.44775845], [13.43458905, 52.44779685], [13.43485037, 52.44815784], [13.4348639, 52.44817654], [13.43489152, 52.44821468], [13.43493908, 52.44828039], [13.43500676, 52.44826179], [13.43540779, 52.44815159]]], [[[13.43497907, 52.44838808], [13.43497356, 52.44839105], [13.43496828, 52.44839418], [13.43496352, 52.44839761], [13.43494469, 52.44843088], [13.43496395, 52.44845131], [13.4350049, 52.44849475], [13.43506098, 52.44855425], [13.43507057, 52.44856443], [13.43507589, 52.44857007], [13.43523783, 52.44874187], [13.43585461, 52.44875277], [13.43587569, 52.44875314], [13.43554123, 52.44829133], [13.43552975, 52.44827548], [13.43550667, 52.44824358], [13.4349977, 52.44838088], [13.43499119, 52.44838298], [13.43498503, 52.44838544], [13.43497907, 52.44838808]]]]}}, {"type": "Feature", "properties": {"id": "gruenanlagen.00008100_000a6c97", "pitid": "00008100:000a6c97", "kennzeich": "321.051", "bezirkname": "Neukölln", "ortstlname": "Britz", "objartname": "Grünanlage", "namenr": "Gutspark Britz", "namezusatz": null, "baujahr": null, "sanierjahr": null, "katasterfl": 14155.0, "widmung": "gewidmet", "plannr": "08200726", "planname": "Hufeisensiedlung"}, "geometry": {"type": "MultiPolygon", "coordinates": [[[[13.44076849, 52.44738498], [13.4407901, 52.44737628], [13.4408979, 52.44733287], [13.4408984, 52.44733267], [13.44141205, 52.44713363], [13.44193042, 52.44693276], [13.44193607, 52.44693057], [13.44218203, 52.44683525], [13.44217058, 52.44682393], [13.44212155, 52.44677544], [13.44197148, 52.44683111], [13.44143411, 52.44631321], [13.44134289, 52.44622627], [13.44131874, 52.44620302], [13.44148236, 52.44614333], [13.44153155, 52.44612572], [13.44148099, 52.44608296], [13.44167723, 52.44599696], [13.44153013, 52.44600212], [13.44145063, 52.44600491], [13.44136154, 52.44600803], [13.44136149, 52.44600754], [13.44135403, 52.44600204], [13.44135357, 52.44600192], [13.44134399, 52.44600648], [13.44124318, 52.44605307], [13.44117351, 52.44608527], [13.44114112, 52.44610024], [13.44114007, 52.44610071], [13.44109549, 52.44612064], [13.44106047, 52.44613415], [13.44113312, 52.44620159], [13.4408967, 52.44629607], [13.44074358, 52.44635726], [13.44048671, 52.44646427], [13.44004512, 52.44664823], [13.43967007, 52.44682059], [13.43960093, 52.44701962], [13.43958389, 52.44703025], [13.43957909, 52.44703325], [13.4395757, 52.44703536], [13.43954376, 52.44705533], [13.4395532, 52.44706177], [13.43958837, 52.44708575], [13.43965044, 52.44712807], [13.43965224, 52.44712923], [13.43966978, 52.44714049], [13.43968165, 52.44714811], [13.43970626, 52.44716391], [13.43971235, 52.44716782], [13.43974712, 52.44718852], [13.4397785, 52.44720518], [13.43980703, 52.44722033], [13.43981421, 52.44722415], [13.43996531, 52.44729829], [13.44008561, 52.44734752], [13.44009089, 52.44734839], [13.44011298, 52.44735204], [13.44012969, 52.44735579], [13.44013779, 52.44735859], [13.44014538, 52.44736293], [13.44015144, 52.44736759], [13.44015801, 52.44737163], [13.44016483, 52.44737623], [13.44019869, 52.44740277], [13.44023202, 52.44742898], [13.44026713, 52.44746068], [13.44029624, 52.44748876], [13.44032867, 52.44751839], [13.44035385, 52.44754367], [13.44039175, 52.44752899], [13.44040333, 52.4475245], [13.44066183, 52.44742645], [13.44071222, 52.44740764], [13.44076849, 52.44738498]], [[13.44038552, 52.44745647], [13.4402684, 52.44733377], [13.44047108, 52.4472675], [13.44049707, 52.447259], [13.44053251, 52.44724742], [13.4406441, 52.44736432], [13.44038552, 52.44745647]]], [[[13.43845147, 52.44723946], [13.4384502, 52.44723887], [13.43844845, 52.44723808], [13.43844667, 52.44723731], [13.43845147, 52.44723946]]]]}}, {"type": "Feature", "properties": {"id": "gruenanlagen.00008100_000a6c98", "pitid": "00008100:000a6c98", "kennzeich": "321.042", "bezirkname": "Neukölln", "ortstlname": "Britz", "objartname": "Grünanlage", "namenr": "Onkel-Bräsig-Strasse", "namezusatz": "vor der Fritz - Karsen - Schule", "baujahr": null, "sanierjahr": null, "katasterfl": 3711.0, "widmung": "gewidmet", "plannr": "08200726", "planname": "Hufeisensiedlung"}, "geometry": {"type": "Polygon", "coordinates": [[[13.44429822, 52.44874581], [13.44430784, 52.44878478], [13.44430849, 52.44878743], [13.44430856, 52.4487877], [13.4443254, 52.4488559], [13.44432654, 52.44885976], [13.44489951, 52.44880555], [13.44490414, 52.44882363], [13.44489347, 52.44877974], [13.44488223, 52.44873346], [13.44470935, 52.44802198], [13.44470137, 52.44798911], [13.44469762, 52.4479737], [13.44426422, 52.44801093], [13.44411984, 52.44802333], [13.44412381, 52.44803944], [13.4441247, 52.44804304], [13.44414163, 52.44811158], [13.44414279, 52.4481163], [13.44415199, 52.44815354], [13.44415321, 52.44815847], [13.44415348, 52.44815959], [13.44415886, 52.44818135], [13.44417159, 52.44823294], [13.44418094, 52.4482708], [13.44418365, 52.44828178], [13.44418718, 52.44829607], [13.44418818, 52.44830012], [13.44418894, 52.44830321], [13.4441923, 52.4483168], [13.4442145, 52.44840672], [13.44426642, 52.44861703], [13.44429805, 52.44874511], [13.44429822, 52.44874581]]]}}, {"type": "Feature", "properties": {"id": "gruenanlagen.00008100_000a6c99", "pitid": "00008100:000a6c99", "kennzeich": "321.040", "bezirkname": "Neukölln", "ortstlname": "Britz", "objartname": "Grünanlage", "namenr": "Friedrichsbrunner Platz-Grünanlage", "namezusatz": null, "baujahr": null, "sanierjahr": null, "katasterfl": 3050.0, "widmung": "gewidmet", "plannr": "08200624", "planname": "Tempelhofer Weg"}, "geometry": {"type": "Polygon", "coordinates": [[[13.42930481, 52.4599965], [13.42915898, 52.45997855], [13.42918684, 52.45988376], [13.42913643, 52.45987631], [13.42912894, 52.4598565], [13.42911378, 52.45985478], [13.42911756, 52.45984118], [13.42913989, 52.45984391], [13.42915606, 52.45983881], [13.4291995, 52.45984284], [13.4292299, 52.45973724], [13.42923108, 52.45973325], [13.42844406, 52.45963524], [13.42827129, 52.45961372], [13.42826453, 52.45964502], [13.42819565, 52.45996396], [13.42819223, 52.4599798], [13.42828353, 52.45999115], [13.42903298, 52.46008429], [13.42907862, 52.46008997], [13.4295378, 52.46014703], [13.42954708, 52.46011636], [13.42956342, 52.4600623], [13.42957294, 52.46003081], [13.42957333, 52.46002954], [13.42945445, 52.46001491], [13.42945277, 52.4600147], [13.42944337, 52.46001354], [13.42940231, 52.46000849], [13.42930481, 52.4599965]]]}}, {"type": "Feature", "properties": {"id": "gruenanlagen.00008100_000a6c9a", "pitid": "00008100:000a6c9a", "kennzeich": "321.044", "bezirkname": "Neukölln", "ortstlname": "Britz", "objartname": "Grünanlage", "namenr": "Buschkrugallee", "namezusatz": null, "baujahr": null, "sanierjahr": null, "katasterfl": 2505.0, "widmung": "gewidmet", "plannr": "08200726", "planname": "Hufeisensiedlung"}, "geometry": {"type": "Polygon", "coordinates": [[[13.45277838, 52.44945009], [13.45283635, 52.44929695], [13.45282936, 52.44929509], [13.45285227, 52.44926802], [13.45288684, 52.44924042], [13.4528892, 52.44923928], [13.45294811, 52.44922599], [13.45296348, 52.44922251], [13.45298275, 52.44922066], [13.45298688, 52.44922026], [13.45299224, 52.44922118], [13.45310716, 52.44924095], [13.453108, 52.4492411], [13.45310869, 52.44923972], [13.45314868, 52.44924596], [13.4531481, 52.44924735], [13.4531492, 52.44924752], [13.45314195, 52.44926456], [13.45314306, 52.44926473], [13.45320752, 52.44927456], [13.45322549, 52.4492773], [13.45322678, 52.4492775], [13.45323387, 52.44926012], [13.45329644, 52.44910671], [13.45330801, 52.44907808], [13.45332653, 52.44903228], [13.45333877, 52.449002], [13.45335234, 52.44896837], [13.45335586, 52.44895965], [13.4533803, 52.44889905], [13.45341197, 52.44882056], [13.4535923, 52.44837359], [13.4536074, 52.44833618], [13.4536434, 52.44824695], [13.4531927, 52.44817924], [13.4531894, 52.44818739], [13.45317621, 52.44821993], [13.45315618, 52.44826932], [13.45304583, 52.44854181], [13.45294128, 52.44879976], [13.45293754, 52.44880901], [13.45293247, 52.44882152], [13.45291082, 52.44887503], [13.45290109, 52.44889906], [13.45289537, 52.44891319], [13.45288956, 52.4489276], [13.45288707, 52.44893376], [13.45241607, 52.44886262], [13.45237375, 52.44896733], [13.45284487, 52.44903849], [13.45284284, 52.44904347], [13.45283655, 52.44905895], [13.45283094, 52.44907277], [13.45283061, 52.4490736], [13.45279868, 52.44915236], [13.45279234, 52.44916802], [13.45279197, 52.44916892], [13.45279149, 52.44917012], [13.45271356, 52.44936234], [13.45271255, 52.44936468], [13.45262892, 52.44957108], [13.45262831, 52.4495726], [13.45259647, 52.44965113], [13.45259637, 52.44965136], [13.45259178, 52.44966269], [13.45276768, 52.44968915], [13.45277086, 52.44968963], [13.45281419, 52.44957684], [13.45281342, 52.44957474], [13.45281989, 52.44956194], [13.45281997, 52.44956179], [13.4527798, 52.44952931], [13.45276, 52.44951329], [13.45275916, 52.44948001], [13.45275906, 52.44947591], [13.45276838, 52.44944863], [13.45277838, 52.44945009]], [[13.45356986, 52.44828], [13.45335594, 52.4488112], [13.4533242, 52.44889], [13.45330503, 52.44893761], [13.45327769, 52.44893416], [13.4532355, 52.448927], [13.45309535, 52.44890457], [13.45291217, 52.44887525], [13.45319135, 52.4482222], [13.45356986, 52.44828]]]}}, {"type": "Feature", "properties": {"id": "gruenanlagen.00008100_000a6c9b", "pitid": "00008100:000a6c9b", "kennzeich": "321.041", "bezirkname": "Neukölln", "ortstlname": "Britz", "objartname": "Grünanlage", "namenr": "Buschrosenplatz", "namezusatz": null, "baujahr": null, "sanierjahr": null, "katasterfl": 3678.0, "widmung": "gewidmet", "plannr": "08200623", "planname": "Park am Buschkrug"}, "geometry": {"type": "Polygon", "coordinates": [[[13.44065642, 52.45458347], [13.44057239, 52.45483831], [13.4404652, 52.45516343], [13.44046511, 52.45516371], [13.44046675, 52.45516426], [13.44045734, 52.45520251], [13.44045669, 52.45520677], [13.44045562, 52.45520988], [13.44045502, 52.45521304], [13.44045466, 52.45521621], [13.44045477, 52.45521939], [13.44045511, 52.45522256], [13.44045592, 52.4552257], [13.44045696, 52.45522882], [13.44045846, 52.45523186], [13.44046019, 52.45523486], [13.44046235, 52.45523776], [13.44046472, 52.45524059], [13.4404675, 52.45524327], [13.44047048, 52.45524588], [13.44047384, 52.45524831], [13.44047737, 52.45525065], [13.44047944, 52.4552518], [13.44048123, 52.45525278], [13.44048524, 52.45525481], [13.44048954, 52.4552566], [13.44049397, 52.45525827], [13.44049863, 52.45525969], [13.44050338, 52.45526098], [13.44050831, 52.45526201], [13.44051331, 52.45526289], [13.44051842, 52.4552635], [13.44052458, 52.45526454], [13.4405267, 52.4552649], [13.44052949, 52.45526536], [13.44083521, 52.45530223], [13.4410055, 52.45532277], [13.44104979, 52.45532811], [13.44106431, 52.45532986], [13.44106961, 52.45533044], [13.44107497, 52.45533073], [13.44108035, 52.45533088], [13.44108574, 52.45533074], [13.4410911, 52.45533046], [13.44109641, 52.45532989], [13.44110166, 52.45532918], [13.4411068, 52.45532819], [13.44111186, 52.45532706], [13.44111674, 52.45532566], [13.44112151, 52.45532414], [13.44112604, 52.45532237], [13.44113045, 52.45532047], [13.44113318, 52.45531906], [13.44113456, 52.45531835], [13.44113852, 52.45531612], [13.44114214, 52.45531368], [13.44114559, 52.45531115], [13.44114865, 52.45530845], [13.44115152, 52.45530566], [13.44115398, 52.45530273], [13.44115611, 52.4552999], [13.44115785, 52.45529697], [13.44115939, 52.455294], [13.44116052, 52.45529096], [13.44116166, 52.45528752], [13.44126191, 52.45498057], [13.44130315, 52.45485364], [13.44136309, 52.45466984], [13.44130678, 52.45466296], [13.44128864, 52.45466074], [13.44127254, 52.45465878], [13.44121017, 52.45465116], [13.44119865, 52.45464975], [13.44118044, 52.45464752], [13.44110179, 52.4546379], [13.44083411, 52.45460519], [13.44081555, 52.45460292], [13.44073769, 52.4545934], [13.44066704, 52.45458477], [13.44065642, 52.45458347]]]}}, {"type": "Feature", "properties": {"id": "gruenanlagen.00008100_000a6c9c", "pitid": "00008100:000a6c9c", "kennzeich": "321.039", "bezirkname": "Neukölln", "ortstlname": "Britz", "objartname": "Grünanlage", "namenr": "Hufeisenteich-Grünanlage", "namezusatz": null, "baujahr": null, "sanierjahr": "2012", "katasterfl": 8254.0, "widmung": "gewidmet", "plannr": "08200726", "planname": "Hufeisensiedlung"}, "geometry": {"type": "Polygon", "coordinates": [[[13.44935743, 52.44833414], [13.44938637, 52.44833459], [13.44940009, 52.44833507], [13.44940141, 52.44833509], [13.44951652, 52.44833788], [13.44954133, 52.44833847], [13.44959178, 52.44833966], [13.44970741, 52.44834239], [13.4498542, 52.44834585], [13.44985436, 52.44834586], [13.44986192, 52.44834603], [13.44986196, 52.44834344], [13.44986236, 52.44831604], [13.44986411, 52.44819083], [13.44986445, 52.44816639], [13.44986449, 52.44816289], [13.44985954, 52.44816279], [13.44972695, 52.44816024], [13.44971829, 52.44816004], [13.44960902, 52.44815888], [13.44956111, 52.44815755], [13.44955689, 52.44815743], [13.44941237, 52.44815549], [13.44936813, 52.44815442], [13.44936951, 52.44813156], [13.44936972, 52.44812804], [13.44937008, 52.44812193], [13.44937029, 52.44811851], [13.44937066, 52.44811232], [13.44937087, 52.44810884], [13.44937124, 52.44810262], [13.44937145, 52.44809921], [13.44937182, 52.44809299], [13.44937202, 52.44808957], [13.4493724, 52.44808332], [13.4493726, 52.4480799], [13.44937298, 52.4480736], [13.44937319, 52.44807018], [13.44937355, 52.44806411], [13.44937376, 52.4480607], [13.44937414, 52.44805439], [13.44937434, 52.44805098], [13.4493751, 52.44803826], [13.44937591, 52.44802478], [13.44937927, 52.44796876], [13.44936975, 52.44796546], [13.44929801, 52.44794161], [13.44922364, 52.44792098], [13.44916922, 52.44790823], [13.44911429, 52.44789633], [13.44905911, 52.44788487], [13.44900347, 52.44787426], [13.44892437, 52.44786001], [13.44884447, 52.44784752], [13.44876699, 52.44783638], [13.44866879, 52.44782522], [13.44859165, 52.44781725], [13.44851395, 52.44781168], [13.4484714, 52.44780803], [13.44842858, 52.44780597], [13.44838566, 52.4478047], [13.4483427, 52.44780502], [13.44825458, 52.44780901], [13.44821312, 52.44781197], [13.44817216, 52.44781689], [13.44813155, 52.44782279], [13.44809182, 52.44783061], [13.44803279, 52.44784395], [13.44797658, 52.44786124], [13.4479453, 52.44787456], [13.44788697, 52.44790327], [13.44783285, 52.44793491], [13.44780923, 52.44795045], [13.4477873, 52.44796689], [13.44776624, 52.44798374], [13.44774698, 52.44800139], [13.44771838, 52.44803012], [13.44769469, 52.44806047], [13.44768154, 52.4480821], [13.44767112, 52.44810428], [13.44766208, 52.44812669], [13.44765585, 52.44814945], [13.44765104, 52.44817234], [13.44764909, 52.44819538], [13.44764994, 52.44819596], [13.44764877, 52.44821824], [13.44764774, 52.44821823], [13.44764773, 52.44821851], [13.44764781, 52.44821905], [13.44764672, 52.44823621], [13.44764755, 52.44825338], [13.44764933, 52.44827052], [13.44765302, 52.44828755], [13.44766536, 52.44832395], [13.44768373, 52.44835938], [13.44770505, 52.4483942], [13.44773209, 52.44842749], [13.44774773, 52.44844334], [13.44776523, 52.44845843], [13.44778364, 52.44847313], [13.44780376, 52.44848695], [13.44785292, 52.44851957], [13.44790777, 52.44854861], [13.44793741, 52.44856326], [13.44799777, 52.44858577], [13.44806191, 52.44860398], [13.448094, 52.44861304], [13.44812729, 52.44862031], [13.44816108, 52.44862666], [13.44819567, 52.44863114], [13.44827661, 52.44863658], [13.44836839, 52.44863874], [13.44846023, 52.44863789], [13.44853556, 52.44863605], [13.44861069, 52.44863224], [13.44866134, 52.44862899], [13.44874206, 52.44862302], [13.44882224, 52.44861476], [13.44890355, 52.44860482], [13.44898422, 52.44859309], [13.44903985, 52.44858493], [13.44909506, 52.44857573], [13.44915002, 52.44856601], [13.44920447, 52.44855526], [13.44925865, 52.44854401], [13.44931223, 52.44853175], [13.44932247, 52.44852661], [13.44932936, 52.44852315], [13.44932973, 52.44852296], [13.44933515, 52.44852081], [13.4493465, 52.44851628], [13.44934984, 52.44846067], [13.44935045, 52.44845043], [13.44935121, 52.44843786], [13.44935141, 52.44843445], [13.44935178, 52.4484282], [13.44935199, 52.44842478], [13.44935237, 52.44841848], [13.44935257, 52.44841507], [13.44935294, 52.44840893], [13.44935314, 52.44840552], [13.44935353, 52.44839917], [13.44935373, 52.44839576], [13.4493541, 52.44838955], [13.44935431, 52.44838614], [13.44935444, 52.44838391], [13.44935468, 52.44837993], [13.44935488, 52.44837651], [13.44935526, 52.44837027], [13.44935546, 52.44836686], [13.44935584, 52.44836061], [13.44935604, 52.4483572], [13.44935743, 52.44833414]], [[13.44852495, 52.44810441], [13.44858377, 52.44810811], [13.4486418, 52.44811241], [13.44870067, 52.44811798], [13.44875863, 52.44812531], [13.4488181, 52.44813338], [13.44887347, 52.4481417], [13.44893039, 52.44815129], [13.44898443, 52.4481608], [13.44904376, 52.44817182], [13.44909958, 52.44818305], [13.4491417, 52.44819209], [13.44918791, 52.4482025], [13.44918304, 52.44821163], [13.44917973, 52.44822101], [13.4491772, 52.44823048], [13.44917626, 52.44824006], [13.44917611, 52.4482496], [13.44917755, 52.44825911], [13.44917978, 52.44826856], [13.44918356, 52.44827782], [13.44913882, 52.44828553], [13.44909584, 52.44829254], [13.44903852, 52.44830158], [13.44898093, 52.44830968], [13.44890898, 52.44831927], [13.44885095, 52.44832607], [13.44877811, 52.44833346], [13.44870487, 52.4483398], [13.44864631, 52.44834356], [13.44857246, 52.44834664], [13.44851347, 52.44834822], [13.44845458, 52.44834871], [13.4483955, 52.44834716], [13.44833715, 52.44834175], [13.4483227, 52.44833971], [13.44830847, 52.44833713], [13.44829439, 52.44833428], [13.44828062, 52.4483309], [13.44826706, 52.44832728], [13.4482539, 52.44832316], [13.44824095, 52.44831879], [13.44822846, 52.44831394], [13.4482207, 52.44831015], [13.44821341, 52.44830601], [13.44820639, 52.44830171], [13.4481999, 52.44829711], [13.4481937, 52.44829236], [13.4481881, 52.44828734], [13.44818272, 52.44828221], [13.44817796, 52.44827685], [13.44817351, 52.4482714], [13.44816972, 52.44826576], [13.44816625, 52.44826005], [13.44816347, 52.4482542], [13.44816074, 52.44824838], [13.44815869, 52.44824245], [13.44815698, 52.44823649], [13.44815596, 52.44823047], [13.44815529, 52.44822443], [13.44815531, 52.44821838], [13.44815575, 52.44821155], [13.44815708, 52.44820477], [13.44815884, 52.44819803], [13.44816148, 52.4481914], [13.4481638, 52.4481855], [13.44816685, 52.44817972], [13.44817025, 52.44817402], [13.44817436, 52.44816849], [13.44817881, 52.44816306], [13.44818392, 52.44815786], [13.44818937, 52.44815276], [13.44819544, 52.44814793], [13.44820181, 52.44814324], [13.44820874, 52.44813887], [13.44821595, 52.44813466], [13.44822365, 52.4481308], [13.44823569, 52.44812543], [13.44824855, 52.44812082], [13.44826176, 52.44811661], [13.44827559, 52.44811323], [13.44828608, 52.44811098], [13.44829682, 52.44810921], [13.44830765, 52.44810769], [13.44831864, 52.44810667], [13.44840671, 52.44810154], [13.44846618, 52.44810179], [13.44852495, 52.44810441]]]}}, {"type": "Feature", "properties": {"id": "gruenanlagen.00008100_000a6c9d", "pitid": "00008100:000a6c9d", "kennzeich": "321.038", "bezirkname": "Neukölln", "ortstlname": "Britz", "objartname": "Grünanlage", "namenr": "Treseburger Ufer", "namezusatz": null, "baujahr": null, "sanierjahr": null, "katasterfl": 18285.0, "widmung": "gewidmet", "plannr": "08200624", "planname": "Tempelhofer Weg"}, "geometry": {"type": "MultiPolygon", "coordinates": [[[[13.43467997, 52.45826805], [13.43438546, 52.45823403], [13.43408699, 52.45819464], [13.43379281, 52.45815048], [13.43349673, 52.45810301], [13.4332042, 52.4580548], [13.43316491, 52.45804649], [13.43314792, 52.4580429], [13.43308, 52.45802854], [13.43293769, 52.45799831], [13.43276401, 52.45796143], [13.43245151, 52.45789396], [13.43214553, 52.45782428], [13.43144721, 52.45765984], [13.43021266, 52.45737039], [13.43020658, 52.45743464], [13.43020454, 52.45745612], [13.43020406, 52.45746126], [13.43020279, 52.45748252], [13.43019987, 52.45751523], [13.43019653, 52.45755259], [13.4301931, 52.45759098], [13.43019186, 52.4576049], [13.43019549, 52.45759878], [13.43020519, 52.45760103], [13.4322124, 52.45806653], [13.43220626, 52.45808411], [13.43220883, 52.45808471], [13.43220929, 52.45808482], [13.43230688, 52.45810608], [13.43237772, 52.45812156], [13.43243283, 52.45813361], [13.43241237, 52.45819663], [13.43238381, 52.45828475], [13.43236852, 52.45833184], [13.43306908, 52.45847192], [13.4331698, 52.45828309], [13.43338969, 52.4583238], [13.43369812, 52.45837582], [13.4340048, 52.45842302], [13.43421871, 52.4584551], [13.434602, 52.45850661], [13.43497354, 52.45855064], [13.43518295, 52.45857546], [13.43530672, 52.45858881], [13.4356697, 52.45862796], [13.43568454, 52.45862956], [13.43569528, 52.45860881], [13.43570093, 52.45859789], [13.43570402, 52.45859192], [13.4357561, 52.4584913], [13.43579362, 52.45841881], [13.43581448, 52.45837852], [13.43553918, 52.45835587], [13.43525711, 52.45833106], [13.43497378, 52.45829978], [13.43467997, 52.45826805]]], [[[13.43916654, 52.45861484], [13.43847394, 52.45856652], [13.43815654, 52.45854437], [13.43711943, 52.45847201], [13.43690367, 52.45845703], [13.43646136, 52.45843437], [13.43644388, 52.45843348], [13.43637094, 52.45842974], [13.43634196, 52.45843178], [13.43632573, 52.45846318], [13.43633959, 52.45847142], [13.43635372, 52.45847712], [13.43636099, 52.45847886], [13.4363656, 52.45848008], [13.43638061, 52.45851072], [13.43656753, 52.45852398], [13.43655883, 52.45856516], [13.4365532, 52.45859181], [13.43653823, 52.45866267], [13.43661105, 52.45866784], [13.43662404, 52.45861519], [13.43666127, 52.45861799], [13.4366819, 52.45861954], [13.43669778, 52.45862073], [13.43670381, 52.45862119], [13.43672708, 52.45862293], [13.43674593, 52.45862435], [13.4370791, 52.4586494], [13.43711866, 52.45865237], [13.43793621, 52.45871387], [13.43816121, 52.45873781], [13.43841218, 52.45874692], [13.43845683, 52.45874854], [13.43853453, 52.45875135], [13.43857406, 52.45875279], [13.43864755, 52.45875545], [13.43869336, 52.45875712], [13.43880147, 52.45876104], [13.43880887, 52.45876131], [13.43892486, 52.45877479], [13.43893218, 52.4587753], [13.43909537, 52.45878664], [13.43910318, 52.45878718], [13.43915443, 52.45879075], [13.43915575, 52.45879084], [13.43928437, 52.45879977], [13.43976004, 52.45883283], [13.43976169, 52.45883294], [13.43990377, 52.45884282], [13.44020405, 52.45887959], [13.44020811, 52.45888008], [13.44020994, 52.45888031], [13.44026843, 52.45888747], [13.44072494, 52.45894337], [13.44072518, 52.4589434], [13.44075187, 52.45894667], [13.44075908, 52.45894755], [13.44087501, 52.45896175], [13.44102485, 52.4589801], [13.44103208, 52.45898098], [13.44115102, 52.45899555], [13.44120863, 52.4590026], [13.44121614, 52.45897888], [13.44122727, 52.45894374], [13.44123619, 52.45891557], [13.44124517, 52.45888719], [13.44125914, 52.45884309], [13.4412626, 52.45883093], [13.44102149, 52.45879104], [13.44057095, 52.45873703], [13.44012993, 52.45869283], [13.44008, 52.45868886], [13.43992348, 52.45867644], [13.43989028, 52.4586738], [13.43988436, 52.45867333], [13.43962892, 52.45865305], [13.43916654, 52.45861484]]]]}}, {"type": "Feature", "properties": {"id": "gruenanlagen.00008100_000a6c9f", "pitid": "00008100:000a6c9f", "kennzeich": "321.043", "bezirkname": "Neukölln", "ortstlname": "Britz", "objartname": "Grünanlage", "namenr": "Vor dem Sportplatz Buschkrugallee", "namezusatz": null, "baujahr": null, "sanierjahr": null, "katasterfl": 652.0, "widmung": "gewidmet", "plannr": "08200728", "planname": "Ortolanweg"}, "geometry": {"type": "MultiPolygon", "coordinates": [[[[13.45421652, 52.44840326], [13.45421983, 52.44839511], [13.45424609, 52.44832871], [13.45416598, 52.44831694], [13.45413699, 52.44839496], [13.45421505, 52.44840631], [13.45421546, 52.44840637], [13.45421645, 52.44840348], [13.45421652, 52.44840326]]], [[[13.45412928, 52.44861858], [13.45417894, 52.44849641], [13.45417946, 52.44849512], [13.45417951, 52.44849499], [13.45419284, 52.44846221], [13.45420079, 52.44844268], [13.45412317, 52.44843134], [13.4539571, 52.44884879], [13.45399297, 52.44885478], [13.4539695, 52.44891288], [13.45393363, 52.44890807], [13.45375766, 52.4493362], [13.45383278, 52.449348], [13.45384587, 52.44931578], [13.45385191, 52.44930093], [13.45412928, 52.44861858]]], [[[13.45379743, 52.4494344], [13.45382326, 52.44937396], [13.45382549, 52.44936875], [13.45374919, 52.44935785], [13.45370007, 52.44947954], [13.45370911, 52.44947965], [13.4537579, 52.44948028], [13.45377865, 52.44948054], [13.45379743, 52.4494344]]]]}}, {"type": "Feature", "properties": {"id": "gruenanlagen.00008100_000a6ca0", "pitid": "00008100:000a6ca0", "kennzeich": "321.034", "bezirkname": "Neukölln", "ortstlname": "Britz", "objartname": "Grünanlage", "namenr": "Krugpfuhl-Grünanlage", "namezusatz": null, "baujahr": null, "sanierjahr": null, "katasterfl": 5262.0, "widmung": "gewidmet", "plannr": "08200726", "planname": "Hufeisensiedlung"}, "geometry": {"type": "Polygon", "coordinates": [[[13.45044013, 52.44835884], [13.45049999, 52.44835975], [13.45049984, 52.44835607], [13.45058575, 52.44836101], [13.45058823, 52.44836115], [13.45061661, 52.44836398], [13.45066893, 52.44836916], [13.45077201, 52.44838055], [13.45077037, 52.44838524], [13.45082991, 52.44839161], [13.45082503, 52.44839906], [13.45083089, 52.44840077], [13.45082763, 52.4484053], [13.4508056, 52.44843587], [13.45078662, 52.44847476], [13.45077397, 52.44851051], [13.45076859, 52.44853781], [13.45076771, 52.44856827], [13.45077259, 52.44860325], [13.45078117, 52.4486268], [13.45079853, 52.44866645], [13.45083366, 52.44870704], [13.45087365, 52.44874432], [13.4509184, 52.44877503], [13.45095615, 52.44879442], [13.45096273, 52.44879779], [13.45096725, 52.44880012], [13.45096786, 52.44880043], [13.45102072, 52.44882487], [13.45107722, 52.44885101], [13.45111377, 52.44886381], [13.45112981, 52.44886942], [13.45114056, 52.44887317], [13.45118549, 52.44888883], [13.45120445, 52.44889367], [13.45124382, 52.44890373], [13.45125884, 52.44890757], [13.4513383, 52.44892787], [13.4513696, 52.44893592], [13.45142086, 52.44894903], [13.45141255, 52.44896788], [13.45136521, 52.44907422], [13.45138141, 52.44907667], [13.45143782, 52.44908523], [13.45144065, 52.44908565], [13.45144182, 52.44908583], [13.45146459, 52.44908938], [13.45146501, 52.44908944], [13.4514832, 52.4490922], [13.45150529, 52.44909554], [13.45156615, 52.44910489], [13.45161011, 52.4491116], [13.45163024, 52.44911461], [13.45165015, 52.4490678], [13.45166989, 52.44902157], [13.45168905, 52.44897648], [13.4516932, 52.44896658], [13.45167364, 52.4489627], [13.45169442, 52.44891897], [13.45197619, 52.44896531], [13.45199223, 52.44896927], [13.45201455, 52.44897309], [13.45214389, 52.4489925], [13.45221533, 52.44900322], [13.45222683, 52.44897476], [13.4522293, 52.44896864], [13.45223697, 52.44894963], [13.45228231, 52.44883733], [13.45228916, 52.44882036], [13.4522926, 52.44881186], [13.45230312, 52.44878588], [13.45223139, 52.44877499], [13.45210247, 52.44875548], [13.45177644, 52.44870601], [13.45179784, 52.44865391], [13.45180961, 52.44865584], [13.45181896, 52.44863375], [13.45182313, 52.44862391], [13.45182811, 52.44861215], [13.45183068, 52.44860607], [13.45185012, 52.44856045], [13.45186956, 52.44851465], [13.45188875, 52.44846938], [13.45190876, 52.44842206], [13.45188278, 52.44841771], [13.45187569, 52.44841652], [13.45186534, 52.44841481], [13.45182367, 52.44840792], [13.45173695, 52.44839359], [13.45167544, 52.44838345], [13.45166212, 52.44838126], [13.45166035, 52.44838565], [13.45163286, 52.44845364], [13.45156961, 52.44841796], [13.45148803, 52.44837191], [13.45143238, 52.44834821], [13.45138216, 52.44832682], [13.45133104, 52.44830904], [13.45126525, 52.44828613], [13.45121428, 52.44826843], [13.45120106, 52.44826375], [13.4511564, 52.44824822], [13.45112404, 52.44824061], [13.45109762, 52.44823439], [13.45102973, 52.44821828], [13.45096847, 52.44820381], [13.45090016, 52.44818772], [13.45082944, 52.4481779], [13.45075828, 52.44816801], [13.45068522, 52.44815784], [13.45068519, 52.44816987], [13.45050414, 52.44816286], [13.45044518, 52.44816331], [13.450445, 52.44816691], [13.4503744, 52.4481675], [13.45034632, 52.44816774], [13.45028689, 52.44816703], [13.45022747, 52.4481663], [13.45022747, 52.44816829], [13.45022706, 52.44820136], [13.4502222, 52.44834801], [13.45022204, 52.44835124], [13.45035234, 52.44835235], [13.45043201, 52.4483549], [13.45044043, 52.44835517], [13.45044013, 52.44835884]], [[13.45175801, 52.44856859], [13.451722, 52.44856297], [13.45170936, 52.44856106], [13.45170756, 52.44855837], [13.45170546, 52.44855575], [13.45170323, 52.44855318], [13.45170072, 52.44855071], [13.4516833, 52.44853083], [13.45166204, 52.44851219], [13.45164064, 52.44849473], [13.45162876, 52.44848617], [13.45160104, 52.44846726], [13.4516187, 52.44846123], [13.45163549, 52.4484555], [13.45165008, 52.44845053], [13.45166181, 52.44842188], [13.45168007, 52.44841786], [13.45168942, 52.44839711], [13.4518364, 52.44842016], [13.45185993, 52.44842307], [13.45187688, 52.44842636], [13.45188094, 52.44842714], [13.45187403, 52.44843798], [13.45187384, 52.44843828], [13.45186879, 52.44845076], [13.45186867, 52.44845105], [13.45184621, 52.44850644], [13.4518456, 52.44850791], [13.45184018, 52.44852095], [13.45183983, 52.4485218], [13.45181666, 52.44857775], [13.45179549, 52.44857494], [13.45175801, 52.44856859]], [[13.4510769, 52.44848793], [13.45111953, 52.44848382], [13.45115302, 52.44848386], [13.45119253, 52.44849926], [13.4512677, 52.44854306], [13.45136637, 52.44860919], [13.45145814, 52.44868787], [13.45146023, 52.44869752], [13.45146337, 52.44871204], [13.45145711, 52.44875525], [13.4514334, 52.4487845], [13.45140215, 52.448797], [13.45136789, 52.44879974], [13.45132832, 52.44880061], [13.4512903, 52.44879265], [13.45123862, 52.44877538], [13.45116568, 52.4487446], [13.45110264, 52.44871337], [13.45104952, 52.44867565], [13.45101467, 52.44863563], [13.450992, 52.44859516], [13.4509913, 52.44858029], [13.45100822, 52.44853524], [13.45103345, 52.44850507], [13.4510585, 52.44849519], [13.4510769, 52.44848793]]]}}, {"type": "Feature", "properties": {"id": "gruenanlagen.00008100_000a6ca1", "pitid": "00008100:000a6ca1", "kennzeich": "321.031", "bezirkname": "Neukölln", "ortstlname": "Britz", "objartname": "Grünanlage", "namenr": "Akazienwäldchen-Grünanlage", "namezusatz": null, "baujahr": null, "sanierjahr": null, "katasterfl": 27803.0, "widmung": "gewidmet", "plannr": "08200726", "planname": "Hufeisensiedlung"}, "geometry": {"type": "MultiPolygon", "coordinates": [[[[13.446326, 52.45227581], [13.44639803, 52.45227608], [13.44647087, 52.45227755], [13.44655565, 52.45227995], [13.44834701, 52.45230386], [13.44834799, 52.45229181], [13.44853532, 52.45229502], [13.44867581, 52.45229618], [13.4486762, 52.45227854], [13.44876879, 52.45227931], [13.44876839, 52.45229728], [13.44891343, 52.45230083], [13.44900819, 52.452301], [13.44900844, 52.452301], [13.44901824, 52.45225811], [13.44903018, 52.45220591], [13.44903364, 52.45219225], [13.44907844, 52.4520151], [13.44911608, 52.45187594], [13.44912245, 52.45185239], [13.44912533, 52.45184175], [13.44912856, 52.45182982], [13.44912993, 52.45182475], [13.44914813, 52.45176154], [13.44914786, 52.45176152], [13.44546221, 52.45146352], [13.44545032, 52.45150046], [13.44543667, 52.45154289], [13.44543254, 52.4515557], [13.44542878, 52.45156739], [13.44537786, 52.4517256], [13.44537677, 52.45172899], [13.44537651, 52.4517298], [13.4452654, 52.45207501], [13.44525754, 52.45209945], [13.44525413, 52.45211003], [13.44524568, 52.4521363], [13.44521003, 52.45224705], [13.44521369, 52.45224958], [13.44521773, 52.45225189], [13.44522194, 52.45225409], [13.44522646, 52.45225605], [13.44523112, 52.45225788], [13.44523603, 52.45225944], [13.44524105, 52.45226087], [13.44524626, 52.45226201], [13.44525155, 52.45226301], [13.44525697, 52.45226371], [13.44526243, 52.45226426], [13.44526795, 52.4522645], [13.44527349, 52.45226459], [13.44527902, 52.45226437], [13.44615238, 52.45227294], [13.446326, 52.45227581]]], [[[13.4514852, 52.45234284], [13.45154863, 52.45234396], [13.45170196, 52.45234665], [13.45173555, 52.45234724], [13.45185335, 52.45234932], [13.45199047, 52.4523054], [13.45201443, 52.45224526], [13.45202416, 52.45222085], [13.45203097, 52.45220375], [13.45204704, 52.45216342], [13.45208495, 52.45206829], [13.45200361, 52.45205601], [13.45183697, 52.45203086], [13.45082791, 52.45187856], [13.45074772, 52.45186646], [13.4496003, 52.45169327], [13.44954888, 52.45171332], [13.44954489, 52.45172685], [13.44954443, 52.4517284], [13.44954403, 52.45172975], [13.44953859, 52.4517482], [13.44952844, 52.45178309], [13.44952115, 52.45180838], [13.44951838, 52.45181799], [13.44951097, 52.45184407], [13.44950846, 52.45185291], [13.44949853, 52.45188783], [13.44948876, 52.45192277], [13.44947906, 52.45195772], [13.44946951, 52.45199268], [13.4494602, 52.45202765], [13.44945105, 52.45206264], [13.44944755, 52.45207615], [13.44944198, 52.45209763], [13.44943305, 52.45213264], [13.44941951, 52.452185], [13.4494063, 52.45223739], [13.44940519, 52.45224186], [13.44939822, 52.45226989], [13.44939755, 52.45227258], [13.44939749, 52.45227282], [13.44940115, 52.45227611], [13.44945766, 52.45232697], [13.4494577, 52.45232701], [13.44945816, 52.45232742], [13.45139143, 52.45236148], [13.45139159, 52.45235753], [13.45145366, 52.45235852], [13.4514852, 52.45234284]], [[13.44980811, 52.45189671], [13.44990795, 52.45190545], [13.45000246, 52.45191372], [13.4500318, 52.45195163], [13.45005593, 52.45198282], [13.45005066, 52.45207686], [13.45004551, 52.45210196], [13.44999607, 52.45219706], [13.44996974, 52.45222452], [13.44996781, 52.45222653], [13.44994965, 52.4522177], [13.44993102, 52.45220924], [13.44991195, 52.45220115], [13.44989246, 52.45219344], [13.44987257, 52.45218613], [13.44985229, 52.45217923], [13.44983166, 52.45217273], [13.44981069, 52.45216665], [13.4497894, 52.45216099], [13.44976782, 52.45215576], [13.44974598, 52.45215096], [13.44972389, 52.4521466], [13.44970157, 52.45214269], [13.44967906, 52.45213923], [13.44966293, 52.45213435], [13.44964364, 52.45212701], [13.44963761, 52.45212244], [13.44963656, 52.4521194], [13.44964333, 52.45207813], [13.44965758, 52.4520565], [13.44968041, 52.45203894], [13.44971055, 52.45202062], [13.44973637, 52.452009], [13.44965984, 52.45200301], [13.44968557, 52.45188597], [13.44979666, 52.45189571], [13.44980811, 52.45189671]]]]}}, {"type": "Feature", "properties": {"id": "gruenanlagen.00008100_000a6ca2", "pitid": "00008100:000a6ca2", "kennzeich": "321.032-1", "bezirkname": "Neukölln", "ortstlname": "Britz", "objartname": "Grünanlage", "namenr": "Fennpfuhl-Grünanlage", "namezusatz": null, "baujahr": null, "sanierjahr": null, "katasterfl": 61016.0, "widmung": "gewidmet", "plannr": "08200726", "planname": "Hufeisensiedlung"}, "geometry": {"type": "Polygon", "coordinates": [[[13.44529343, 52.45154693], [13.44529684, 52.45153636], [13.44530105, 52.45152329], [13.44532371, 52.45145306], [13.44495903, 52.45142366], [13.44479658, 52.45076539], [13.44447628, 52.44946659], [13.44447278, 52.44945241], [13.44441813, 52.44923089], [13.44432654, 52.44885976], [13.4443254, 52.4488559], [13.44403355, 52.44888359], [13.4440258, 52.44888432], [13.44396082, 52.44889049], [13.44398597, 52.44899813], [13.44398534, 52.44899817], [13.44393694, 52.4490016], [13.44389661, 52.44900756], [13.44388705, 52.44900907], [13.44364868, 52.44906423], [13.44352463, 52.44911669], [13.44357281, 52.44927586], [13.44359063, 52.44933473], [13.44350226, 52.4493499], [13.44324751, 52.4493936], [13.44324436, 52.44939414], [13.4431629, 52.44940812], [13.44313044, 52.44935375], [13.44312213, 52.44933983], [13.44309169, 52.44928975], [13.44305117, 52.4492231], [13.4429212, 52.4492569], [13.44286716, 52.44927095], [13.44285195, 52.44927491], [13.44257113, 52.44900866], [13.44248585, 52.4489278], [13.44246237, 52.44890555], [13.44234581, 52.44879503], [13.44232793, 52.44877808], [13.44227253, 52.44872555], [13.44227252, 52.44872448], [13.4422724, 52.44871082], [13.44227239, 52.44871041], [13.44226522, 52.44870345], [13.44193989, 52.44838748], [13.44193069, 52.44837854], [13.44191445, 52.44836277], [13.44189145, 52.44834043], [13.44189273, 52.44833993], [13.4418218, 52.44828323], [13.44178274, 52.44824184], [13.4417821, 52.44824116], [13.44176978, 52.44822769], [13.44176918, 52.44822747], [13.44175521, 52.44821178], [13.44168276, 52.44813516], [13.44168273, 52.44813589], [13.44153399, 52.44797829], [13.44152355, 52.44796731], [13.44148548, 52.44792715], [13.44144836, 52.44788799], [13.44140239, 52.44783949], [13.4414025, 52.44783898], [13.44138502, 52.44782046], [13.44141529, 52.44773566], [13.44146966, 52.44758332], [13.44147836, 52.44755891], [13.44147862, 52.44755821], [13.44147894, 52.4475573], [13.44147953, 52.44755596], [13.44150036, 52.44754778], [13.44150739, 52.44754503], [13.44150868, 52.44754452], [13.44155732, 52.44752543], [13.44173838, 52.44745202], [13.44208646, 52.44731221], [13.44241718, 52.44717851], [13.44287004, 52.44699575], [13.4431645, 52.44687841], [13.44316518, 52.44687892], [13.44344583, 52.44676838], [13.44346984, 52.44676123], [13.44351194, 52.44675177], [13.44358426, 52.4467482], [13.44360639, 52.44674711], [13.44371581, 52.44674171], [13.44376709, 52.44673917], [13.44382768, 52.44673618], [13.44384045, 52.44673555], [13.44392339, 52.44673146], [13.44399122, 52.44672811], [13.44403269, 52.44672606], [13.44401109, 52.44638703], [13.44399277, 52.44609919], [13.44397157, 52.44610806], [13.44390982, 52.4461341], [13.44385207, 52.44616251], [13.44379883, 52.44619342], [13.44374782, 52.44622571], [13.44353725, 52.44635937], [13.44343489, 52.44642391], [13.44342638, 52.44642913], [13.44337497, 52.4464607], [13.44333111, 52.44648764], [13.44322583, 52.44655047], [13.44311895, 52.4466124], [13.44301059, 52.44667353], [13.44290062, 52.44673366], [13.4427895, 52.44679305], [13.44267645, 52.44685139], [13.44261277, 52.44688382], [13.44254835, 52.44691589], [13.44249944, 52.44693962], [13.44243296, 52.44697232], [13.44231595, 52.4470275], [13.44219806, 52.44708178], [13.44207886, 52.44713479], [13.44195849, 52.44718645], [13.44183766, 52.44723786], [13.44171539, 52.4472878], [13.44159207, 52.44733632], [13.44095018, 52.44758626], [13.44089705, 52.44760695], [13.44062426, 52.44771317], [13.4405574, 52.4477392], [13.44028963, 52.44784346], [13.44033864, 52.44790011], [13.44035682, 52.44789418], [13.44038469, 52.44788509], [13.44040006, 52.44788008], [13.44062359, 52.44780717], [13.44064108, 52.44780146], [13.44067921, 52.44778902], [13.44074318, 52.44776816], [13.44075216, 52.44776523], [13.44077242, 52.44775862], [13.44082115, 52.44774273], [13.44085635, 52.44773125], [13.44086113, 52.44773661], [13.44091389, 52.44779581], [13.44093627, 52.44782261], [13.44097432, 52.44786817], [13.44098639, 52.44786415], [13.44099591, 52.44787396], [13.44098309, 52.44787879], [13.44099262, 52.44788797], [13.44100359, 52.44790048], [13.4411602, 52.44808553], [13.44123152, 52.44816979], [13.44133873, 52.44829647], [13.44135309, 52.44831343], [13.44132613, 52.44832192], [13.44133171, 52.44833141], [13.44133334, 52.44833417], [13.44133993, 52.44834537], [13.44134181, 52.44834858], [13.44137716, 52.44840869], [13.44147586, 52.44857655], [13.44150094, 52.4486192], [13.44149201, 52.44862141], [13.44119992, 52.44869345], [13.44107337, 52.44872467], [13.44104115, 52.44873131], [13.44103958, 52.44873164], [13.44102879, 52.44873386], [13.44099307, 52.44874123], [13.44103188, 52.44879756], [13.44129006, 52.44917199], [13.44141325, 52.4493637], [13.4414207, 52.44937611], [13.44147696, 52.44946193], [13.44158247, 52.44962566], [13.44165516, 52.44973841], [13.4416683, 52.44975879], [13.44168737, 52.44983666], [13.44202704, 52.45016101], [13.44222858, 52.45009109], [13.44219021, 52.45005059], [13.44197541, 52.44978425], [13.44220289, 52.44972673], [13.44240228, 52.44967124], [13.44243865, 52.44966195], [13.44267394, 52.44999015], [13.44287973, 52.45023041], [13.44282037, 52.45025549], [13.44267664, 52.4503162], [13.44233706, 52.45045962], [13.44256346, 52.45066796], [13.44294562, 52.45101965], [13.44339276, 52.45153921], [13.44317712, 52.45186159], [13.44314605, 52.451908], [13.44323185, 52.45192627], [13.44376663, 52.45204017], [13.44388951, 52.45206634], [13.44417686, 52.45214233], [13.44423209, 52.45215694], [13.44458908, 52.45225135], [13.44459355, 52.45225218], [13.44501347, 52.45224698], [13.44505103, 52.45223392], [13.44507958, 52.45220977], [13.4451127, 52.45210713], [13.44512514, 52.45206856], [13.44522201, 52.45176831], [13.44528927, 52.45155982], [13.44529343, 52.45154693]], [[13.44361226, 52.45004777], [13.4437603, 52.45006516], [13.44383231, 52.450081], [13.44386358, 52.45008516], [13.44389419, 52.4500909], [13.44392437, 52.45009742], [13.44395355, 52.45010545], [13.44397756, 52.45011276], [13.44400066, 52.45012107], [13.44402328, 52.45012988], [13.44404483, 52.45013963], [13.4440658, 52.45014984], [13.44408555, 52.45016093], [13.44415411, 52.45019293], [13.44416351, 52.45019639], [13.44417236, 52.45020035], [13.4441809, 52.45020456], [13.44418877, 52.45020923], [13.44419628, 52.45021412], [13.44420302, 52.45021941], [13.44420936, 52.45022488], [13.44421485, 52.45023068], [13.44421975, 52.45023646], [13.4442238, 52.45024249], [13.4442274, 52.45024862], [13.44423009, 52.45025492], [13.44423231, 52.45026129], [13.4442336, 52.45026775], [13.44423441, 52.45027425], [13.44423427, 52.45028076], [13.44423365, 52.45028726], [13.44423209, 52.4502937], [13.44425381, 52.45037686], [13.44425817, 52.45041768], [13.44426461, 52.45045838], [13.44427207, 52.45049903], [13.44428159, 52.45053951], [13.44429214, 52.4505799], [13.44430473, 52.45062007], [13.44431833, 52.45066011], [13.44433396, 52.45069988], [13.44434953, 52.45073702], [13.44436685, 52.45077387], [13.44438505, 52.45081056], [13.44440499, 52.45084692], [13.44444117, 52.45091815], [13.44455515, 52.45106346], [13.44457178, 52.45109781], [13.44461003, 52.45116662], [13.44461533, 52.45116893], [13.44462022, 52.45117155], [13.4446249, 52.45117431], [13.44462911, 52.45117734], [13.44463281, 52.45118028], [13.44463606, 52.45118342], [13.44463906, 52.45118665], [13.44464156, 52.45119003], [13.44465062, 52.45120496], [13.44466698, 52.45123114], [13.44467182, 52.45123783], [13.44467743, 52.4512443], [13.44468341, 52.45125064], [13.44469012, 52.4512567], [13.44469408, 52.45125795], [13.44469785, 52.4512594], [13.44470152, 52.45126095], [13.44470495, 52.45126269], [13.44470827, 52.45126452], [13.44471131, 52.45126651], [13.44471421, 52.45126858], [13.4447168, 52.4512708], [13.44471924, 52.45127308], [13.44472135, 52.45127548], [13.44472329, 52.45127793], [13.44472488, 52.45128048], [13.44472644, 52.45128337], [13.44472754, 52.45128634], [13.44472841, 52.45128934], [13.4447288, 52.45129237], [13.44472883, 52.45129286], [13.44472896, 52.45129542], [13.44472863, 52.45129846], [13.44473025, 52.45130581], [13.44473264, 52.45131309], [13.44473542, 52.45132031], [13.44473895, 52.45132741], [13.44474552, 52.45133881], [13.44475401, 52.45134972], [13.4447618, 52.45136889], [13.44476654, 52.45138843], [13.44476975, 52.45140808], [13.44476987, 52.45142784], [13.4447595, 52.4514812], [13.4447592, 52.45148943], [13.44475773, 52.4514976], [13.44475568, 52.45150573], [13.44475247, 52.45151373], [13.4447487, 52.45152162], [13.44474382, 52.45152929], [13.44473839, 52.45153682], [13.44473192, 52.45154403], [13.44472493, 52.45155107], [13.44471697, 52.4515577], [13.44470804, 52.45156449], [13.44469812, 52.45157074], [13.44468774, 52.45157671], [13.4446765, 52.45158207], [13.44466487, 52.4515871], [13.44465253, 52.45159147], [13.44463987, 52.45159547], [13.44462667, 52.45159875], [13.44461323, 52.45160165], [13.44459941, 52.45160379], [13.44458544, 52.45160553], [13.44457127, 52.45160648], [13.44455705, 52.45160703], [13.4445428, 52.45160677], [13.44452858, 52.45160611], [13.44451453, 52.45160466], [13.44450356, 52.45160362], [13.44449275, 52.45160206], [13.44448205, 52.45160025], [13.44447161, 52.45159794], [13.4444592, 52.45159501], [13.44444724, 52.45159147], [13.44443552, 52.45158763], [13.44442435, 52.45158322], [13.4444135, 52.45157853], [13.44440331, 52.4515733], [13.44439525, 52.45156885], [13.44438769, 52.45156408], [13.44438041, 52.45155915], [13.44437368, 52.45155394], [13.44434554, 52.45153354], [13.44432026, 52.45151178], [13.44429648, 52.45148941], [13.4442758, 52.45146591], [13.44425674, 52.4514419], [13.44424099, 52.45141702], [13.44422694, 52.45139176], [13.44421635, 52.45136587], [13.44420753, 52.45133975], [13.44420227, 52.45131326], [13.44419882, 52.45128666], [13.44419897, 52.45125999], [13.44419183, 52.45120749], [13.44417439, 52.45115831], [13.44414515, 52.45110995], [13.44411919, 52.4510609], [13.44410051, 52.45102329], [13.44408377, 52.45098533], [13.44406801, 52.45094723], [13.44405422, 52.45090883], [13.4440353, 52.45086335], [13.44402047, 52.4508173], [13.44400426, 52.45075275], [13.44398674, 52.45061469], [13.44370771, 52.45043848], [13.44367479, 52.45041671], [13.44363939, 52.45039645], [13.443626, 52.45038933], [13.44360282, 52.45037698], [13.44356404, 52.45035917], [13.44350631, 52.45033501], [13.44344478, 52.45031463], [13.4433816, 52.45029624], [13.44331564, 52.45028195], [13.44329748, 52.45027563], [13.4432802, 52.45026845], [13.4432634, 52.45026085], [13.44324764, 52.45025246], [13.44323244, 52.4502437], [13.44321842, 52.45023423], [13.44320503, 52.45022443], [13.44319296, 52.450214], [13.44317664, 52.45017534], [13.44314994, 52.45016047], [13.44316403, 52.45014744], [13.44317991, 52.45013521], [13.44319664, 52.4501234], [13.44321496, 52.45011252], [13.44323404, 52.45010213], [13.4432545, 52.45009278], [13.44326457, 52.45008771], [13.4432753, 52.45008317], [13.44328633, 52.4500789], [13.44329791, 52.45007522], [13.44330973, 52.45007184], [13.44332197, 52.45006907], [13.44338936, 52.45006207], [13.44340249, 52.45005682], [13.44341635, 52.45005234], [13.44343055, 52.45004826], [13.4434453, 52.450045], [13.44346029, 52.45004216], [13.44347564, 52.45004019], [13.44361226, 52.45004777]]]}}, {"type": "Feature", "properties": {"id": "gruenanlagen.00008100_000a6ca3", "pitid": "00008100:000a6ca3", "kennzeich": "321.033", "bezirkname": "Neukölln", "ortstlname": "Britz", "objartname": "Grünanlage", "namenr": "Braunschweiger Ufer-Grünanlage", "namezusatz": null, "baujahr": null, "sanierjahr": null, "katasterfl": 38780.0, "widmung": "gewidmet", "plannr": "08200623", "planname": "Park am Buschkrug"}, "geometry": {"type": "MultiPolygon", "coordinates": [[[[13.43453262, 52.45724532], [13.43461624, 52.45726298], [13.43461884, 52.45725575], [13.43463945, 52.45719831], [13.43484228, 52.45663318], [13.43481332, 52.45662982], [13.43478435, 52.45662645], [13.43475539, 52.45662308], [13.43453509, 52.45723843], [13.43453262, 52.45724532]]], [[[13.43613811, 52.45775332], [13.43614126, 52.45774724], [13.43616029, 52.45771048], [13.43569946, 52.45762804], [13.43569722, 52.45763352], [13.43535592, 52.45759578], [13.43535033, 52.45759502], [13.43531154, 52.45758973], [13.43530921, 52.45758941], [13.43480812, 52.45752112], [13.43476581, 52.4576156], [13.43454893, 52.45761394], [13.43435159, 52.45761244], [13.43432427, 52.4576093], [13.4340996, 52.45758349], [13.43401538, 52.45757004], [13.43374414, 52.45753537], [13.43339727, 52.45747049], [13.43341558, 52.45743103], [13.43314849, 52.45737994], [13.43307476, 52.45736584], [13.4329722, 52.45734541], [13.43288914, 52.45732886], [13.43217494, 52.4571866], [13.43199684, 52.45711142], [13.43164645, 52.45701277], [13.4315658, 52.45699007], [13.4314523, 52.45695811], [13.43149059, 52.45688942], [13.43151787, 52.45684047], [13.43152177, 52.45683347], [13.43152978, 52.4568191], [13.43157089, 52.45674729], [13.4316358, 52.45663389], [13.43151864, 52.45663772], [13.43147212, 52.45663925], [13.43138284, 52.45664216], [13.43094283, 52.45665656], [13.4307452, 52.45664751], [13.43025256, 52.45662493], [13.42937423, 52.45642227], [13.42864983, 52.45626451], [13.42824367, 52.45619581], [13.42817491, 52.45605352], [13.42810712, 52.45609385], [13.42804551, 52.4561305], [13.42796895, 52.45617605], [13.42789017, 52.45622292], [13.42787956, 52.45622923], [13.42787919, 52.45622945], [13.4278536, 52.45624467], [13.42782779, 52.45626003], [13.42773098, 52.45631763], [13.42768371, 52.45634575], [13.42798401, 52.45639506], [13.42853408, 52.45648727], [13.42922174, 52.45663742], [13.43009544, 52.45683209], [13.43064292, 52.45696007], [13.43080249, 52.45699738], [13.43153784, 52.45716928], [13.43214207, 52.45731053], [13.43214278, 52.45731069], [13.4322251, 52.45732993], [13.43223261, 52.45733168], [13.43223707, 52.45733272], [13.43243183, 52.45737823], [13.43245076, 52.45738266], [13.43285893, 52.45747803], [13.43308382, 52.45752721], [13.43333074, 52.45757566], [13.4335549, 52.45761764], [13.43383139, 52.45766896], [13.43408102, 52.45771206], [13.43436359, 52.45775296], [13.4346247, 52.45778806], [13.43490452, 52.45782043], [13.43521699, 52.45785309], [13.43577448, 52.45790459], [13.43577658, 52.45789005], [13.43605586, 52.45791223], [13.43606768, 52.4578894], [13.43609213, 52.45784215], [13.43612234, 52.45778379], [13.43613811, 52.45775332]], [[13.43136919, 52.4567083], [13.43141346, 52.4567099], [13.43141489, 52.45670988], [13.43141631, 52.45670994], [13.43141773, 52.45671003], [13.43141913, 52.4567102], [13.43142052, 52.45671042], [13.43142186, 52.45671071], [13.43142319, 52.45671103], [13.43142446, 52.45671143], [13.4314257, 52.45671186], [13.43142687, 52.45671236], [13.431428, 52.45671289], [13.43142905, 52.45671349], [13.43143005, 52.45671411], [13.43143095, 52.45671478], [13.43143181, 52.45671548], [13.43143256, 52.45671623], [13.43143322, 52.45671696], [13.43143377, 52.45671772], [13.43143428, 52.4567185], [13.43143466, 52.4567193], [13.431435, 52.45672011], [13.43143521, 52.45672093], [13.43143536, 52.45672176], [13.4314354, 52.4567226], [13.43143537, 52.45672343], [13.43143523, 52.45672426], [13.43143503, 52.45672509], [13.43143471, 52.4567259], [13.43143433, 52.45672671], [13.43143384, 52.45672749], [13.4314333, 52.45672825], [13.43143265, 52.45672899], [13.43140363, 52.45680245], [13.43136747, 52.45686242], [13.431367, 52.45686312], [13.43136642, 52.4568638], [13.4313658, 52.45686445], [13.43136507, 52.45686507], [13.4313643, 52.45686567], [13.43136345, 52.45686623], [13.43136255, 52.45686675], [13.43136158, 52.45686723], [13.43136058, 52.45686768], [13.43135951, 52.45686807], [13.43135839, 52.45686843], [13.43135722, 52.45686873], [13.43135604, 52.456869], [13.43135481, 52.4568692], [13.43135358, 52.45686936], [13.43135232, 52.45686945], [13.43135106, 52.45686951], [13.43134979, 52.45686949], [13.43132825, 52.45686652], [13.43132369, 52.45688463], [13.43131277, 52.45692524], [13.43131095, 52.45692996], [13.43130844, 52.45693457], [13.4313056, 52.4569391], [13.43130209, 52.45694346], [13.43129878, 52.45694718], [13.43129499, 52.45695072], [13.43129098, 52.45695417], [13.43128654, 52.45695742], [13.43128189, 52.45696056], [13.43127685, 52.45696346], [13.4312492, 52.4569756], [13.43120132, 52.45697432], [13.43099864, 52.45693876], [13.4308601, 52.45691389], [13.43076808, 52.45689845], [13.4307286, 52.45689063], [13.43073568, 52.45678697], [13.43073757, 52.4567593], [13.43074449, 52.45665793], [13.43093576, 52.45666017], [13.43106171, 52.45666165], [13.43137894, 52.45666536], [13.43137441, 52.45668334], [13.43136812, 52.4567083], [13.43136919, 52.4567083]]], [[[13.4366854, 52.45776812], [13.43660568, 52.45792247], [13.43659135, 52.45795021], [13.43712141, 52.45801307], [13.43820978, 52.45814215], [13.44067117, 52.45831735], [13.44139808, 52.45840878], [13.44142566, 52.45832212], [13.44146647, 52.45819401], [13.44148994, 52.45812037], [13.4414827, 52.45811948], [13.44124333, 52.45808971], [13.4410272, 52.45806716], [13.4410132, 52.45806579], [13.44073174, 52.45803893], [13.44051677, 52.45801956], [13.44048751, 52.45801693], [13.4404038, 52.45800939], [13.43952657, 52.45794224], [13.43945336, 52.45793655], [13.43937814, 52.45793073], [13.43934893, 52.45792847], [13.43922658, 52.45791902], [13.43915321, 52.45791332], [13.43837399, 52.45785345], [13.43833252, 52.45785027], [13.43786562, 52.45781439], [13.4374759, 52.45778444], [13.43699641, 52.45774759], [13.43693217, 52.45774265], [13.43670748, 52.45772539], [13.43670143, 52.45773709], [13.4366854, 52.45776812]]], [[[13.44717459, 52.45870697], [13.44664568, 52.45875417], [13.44653438, 52.45843248], [13.44647616, 52.45826422], [13.44645653, 52.45820703], [13.44563504, 52.45810263], [13.44551966, 52.45814881], [13.44544362, 52.45817924], [13.44534799, 52.45846024], [13.4453336, 52.45850254], [13.44530588, 52.45858397], [13.44527589, 52.45859598], [13.44522958, 52.45861452], [13.44517809, 52.45863513], [13.4450923, 52.45866947], [13.44504489, 52.45868845], [13.44432068, 52.45859644], [13.44416953, 52.45857724], [13.44354542, 52.45849794], [13.44335021, 52.45847313], [13.44297058, 52.45842489], [13.44272217, 52.45839333], [13.44259049, 52.45837658], [13.44252474, 52.45836822], [13.4423409, 52.45834484], [13.44234823, 52.45832373], [13.44173386, 52.45825088], [13.44171691, 52.45830445], [13.4417156, 52.4583086], [13.44170109, 52.45835443], [13.44167274, 52.45844362], [13.44290116, 52.45859975], [13.44410949, 52.4587533], [13.44535378, 52.45891141], [13.44721365, 52.45914773], [13.44721574, 52.45914799], [13.44722739, 52.45914947], [13.44723885, 52.45915091], [13.44727657, 52.45909921], [13.44731253, 52.45904991], [13.44733161, 52.45902376], [13.44736148, 52.45898281], [13.44748191, 52.45881776], [13.44750362, 52.458788], [13.44753205, 52.45874902], [13.44756228, 52.45870776], [13.44736873, 52.45868965], [13.44717459, 52.45870697]], [[13.44618781, 52.45831464], [13.44625841, 52.45833289], [13.44627924, 52.45834469], [13.44629366, 52.45835402], [13.44630406, 52.45836532], [13.44631203, 52.45837906], [13.44631357, 52.45839622], [13.44631272, 52.45840652], [13.44629822, 52.45841631], [13.44628051, 52.45842707], [13.44624593, 52.45843829], [13.44620573, 52.45844755], [13.44616315, 52.45845287], [13.44613744, 52.45845382], [13.44609487, 52.45845424], [13.44603225, 52.45844875], [13.4459568, 52.45843932], [13.44588616, 52.45842892], [13.44583562, 52.4584156], [13.44579713, 52.45840132], [13.44576507, 52.4583846], [13.44574343, 52.45837231], [13.44573625, 52.45836151], [13.44573549, 52.45835072], [13.44573958, 52.45833357], [13.44574928, 52.45831838], [13.44577503, 52.45830567], [13.44577961, 52.45830447], [13.44581041, 52.45829641], [13.44587146, 52.4582916], [13.44588232, 52.45829161], [13.44589315, 52.45829163], [13.44603609, 52.45829577], [13.44611798, 52.45830423], [13.44618781, 52.45831464]]]]}}, {"type": "Feature", "properties": {"id": "gruenanlagen.00008100_000a6ca4", "pitid": "00008100:000a6ca4", "kennzeich": "321.030-1", "bezirkname": "Neukölln", "ortstlname": "Britz", "objartname": "Grünanlage", "namenr": "Park am Buschkrug-Grünanlage", "namezusatz": " ", "baujahr": " ", "sanierjahr": "2014", "katasterfl": 46174.0, "widmung": "gewidmet", "plannr": "08200623", "planname": "Park am Buschkrug"}, "geometry": {"type": "MultiPolygon", "coordinates": [[[[13.44939509, 52.45508827], [13.44939659, 52.45508845], [13.44948272, 52.45509646], [13.44956642, 52.45516486], [13.44958839, 52.45518324], [13.44958881, 52.45518373], [13.44959645, 52.45518998], [13.44960442, 52.45520186], [13.44961967, 52.45521958], [13.44962291, 52.45522334], [13.4498913, 52.45529862], [13.44989895, 52.45530076], [13.45003178, 52.45533802], [13.45004371, 52.45534137], [13.4500541, 52.45534428], [13.45007416, 52.4553499], [13.45012157, 52.4552866], [13.45012539, 52.4552815], [13.45013244, 52.45527209], [13.45014307, 52.45525789], [13.45014524, 52.455255], [13.45014294, 52.45525453], [13.45012423, 52.45525064], [13.45006878, 52.45523913], [13.44993394, 52.45521113], [13.44969788, 52.45516178], [13.44962124, 52.45514576], [13.44960901, 52.45514188], [13.44959846, 52.45513695], [13.44958266, 52.45512741], [13.44956896, 52.45511682], [13.44955748, 52.45510528], [13.44955011, 52.4550981], [13.44951584, 52.45505892], [13.44949991, 52.45503589], [13.44948649, 52.45501227], [13.44947907, 52.45499315], [13.44947639, 52.45497358], [13.4494781, 52.45495587], [13.44948327, 52.45493943], [13.44949, 52.45491433], [13.44950268, 52.45486765], [13.44951462, 52.45482276], [13.44952975, 52.45476742], [13.44955828, 52.45466308], [13.44956121, 52.45465564], [13.4495681, 52.45464925], [13.44957681, 52.45464508], [13.44958717, 52.45464271], [13.44959822, 52.45464234], [13.44965141, 52.45464291], [13.44972183, 52.45464335], [13.44976643, 52.4546423], [13.44983854, 52.45463871], [13.44997244, 52.45462886], [13.45009726, 52.45461946], [13.4501121, 52.45462017], [13.4501265, 52.45462246], [13.45014003, 52.45462624], [13.45015227, 52.45463141], [13.45016284, 52.45463781], [13.45017143, 52.45464523], [13.45028635, 52.45474204], [13.45030941, 52.45476145], [13.45033537, 52.45477944], [13.45036398, 52.45479586], [13.45040659, 52.45481559], [13.45045204, 52.4548328], [13.4504523, 52.45483289], [13.45047526, 52.45480117], [13.45047627, 52.45479978], [13.45082321, 52.45432062], [13.45096652, 52.45412228], [13.45096543, 52.45412198], [13.45096518, 52.45412192], [13.45096433, 52.45412169], [13.45093857, 52.45411463], [13.45095026, 52.45409831], [13.45095037, 52.45409816], [13.45082938, 52.45406502], [13.4508267, 52.45406431], [13.45100473, 52.45381617], [13.45100818, 52.4538171], [13.45115759, 52.45385782], [13.45132739, 52.45362281], [13.45132746, 52.45362271], [13.45135204, 52.45358868], [13.45135211, 52.45358859], [13.45152291, 52.45335218], [13.45153822, 52.453331], [13.45167304, 52.45312352], [13.45169458, 52.45308476], [13.45190533, 52.45270543], [13.45189461, 52.45269581], [13.45182149, 52.45263017], [13.45179639, 52.45262974], [13.4517953, 52.45262972], [13.45058752, 52.45260866], [13.45058153, 52.45260856], [13.45053094, 52.45260768], [13.4505258, 52.45260759], [13.44968055, 52.45259285], [13.44967935, 52.45259282], [13.44950595, 52.4525898], [13.44950497, 52.45258978], [13.44935094, 52.4525871], [13.44935068, 52.45258709], [13.44930929, 52.45258637], [13.44929738, 52.45258617], [13.44929021, 52.45258604], [13.4492337, 52.45258508], [13.44920967, 52.45266685], [13.44916146, 52.45283092], [13.44908768, 52.453082], [13.4489186, 52.45306324], [13.44893335, 52.4530159], [13.44881999, 52.4530035], [13.44887891, 52.45280446], [13.44883936, 52.45280016], [13.44884112, 52.45279414], [13.4488887, 52.45263111], [13.44889783, 52.45259983], [13.44890393, 52.45257893], [13.44877083, 52.4525762], [13.4487173, 52.45257535], [13.4487161, 52.45257533], [13.44865745, 52.45257441], [13.44865574, 52.45257438], [13.44861917, 52.4525738], [13.44861273, 52.4525737], [13.4486104, 52.45257366], [13.44853246, 52.4525724], [13.44853165, 52.45257239], [13.44781955, 52.45256088], [13.44781756, 52.45256085], [13.44780804, 52.45256067], [13.44775812, 52.45255976], [13.44775621, 52.45255973], [13.44756353, 52.45255621], [13.44748029, 52.45280771], [13.44727523, 52.45342696], [13.44721134, 52.45362017], [13.44715676, 52.45378483], [13.44715024, 52.45380449], [13.44712377, 52.45388433], [13.44706346, 52.45406667], [13.44685033, 52.45471024], [13.44680014, 52.45486213], [13.44672419, 52.45509144], [13.44666455, 52.45511539], [13.44666333, 52.45511588], [13.44671404, 52.45512217], [13.44680166, 52.45513286], [13.44680245, 52.45513295], [13.44680897, 52.45513375], [13.44681934, 52.45513501], [13.44682451, 52.45513565], [13.44682746, 52.45513601], [13.44686038, 52.45514002], [13.44686075, 52.45514007], [13.44686967, 52.45514116], [13.4469593, 52.4551521], [13.44701034, 52.45515837], [13.4476075, 52.45523123], [13.44823922, 52.4553083], [13.44826807, 52.45531182], [13.44829282, 52.45531484], [13.44868706, 52.45536294], [13.44905832, 52.45540824], [13.44907891, 52.45541076], [13.44909191, 52.45541234], [13.44912033, 52.45541581], [13.44912236, 52.45541606], [13.449365, 52.45544567], [13.44936685, 52.45544002], [13.44937336, 52.4554201], [13.44916292, 52.45539426], [13.44915368, 52.45539312], [13.44925775, 52.45506333], [13.44928853, 52.45507535], [13.44939509, 52.45508827]], [[13.44962209, 52.45294052], [13.44958886, 52.45294878], [13.44955674, 52.45295855], [13.44952591, 52.45296976], [13.44949654, 52.45298235], [13.44949269, 52.45298278], [13.44948881, 52.4529825], [13.44948523, 52.45298154], [13.44948226, 52.45297998], [13.44945886, 52.45296488], [13.44946026, 52.45296417], [13.44947713, 52.45295563], [13.44955949, 52.4529307], [13.44967475, 52.45290202], [13.44972654, 52.45292518], [13.44969112, 52.45292869], [13.44965624, 52.45293381], [13.44962209, 52.45294052]], [[13.45101975, 52.45301742], [13.45074329, 52.45294071], [13.45074879, 52.45293742], [13.45078971, 52.45291292], [13.4510762, 52.45298436], [13.45110212, 52.45300785], [13.45110514, 52.45301059], [13.45110428, 52.45301102], [13.45101975, 52.45301742]], [[13.44944569, 52.45297156], [13.44946815, 52.45298675], [13.44947107, 52.45298889], [13.44947205, 52.45298987], [13.44947257, 52.45299096], [13.44947259, 52.45299211], [13.44947211, 52.45299321], [13.44947116, 52.45299419], [13.44946981, 52.45299498], [13.44941703, 52.45301977], [13.44936646, 52.45304621], [13.44936194, 52.45304315], [13.4493609, 52.45301451], [13.44944569, 52.45297156]], [[13.45088908, 52.45304785], [13.45071775, 52.45300462], [13.45071442, 52.45296453], [13.45071422, 52.45296214], [13.45101328, 52.45304505], [13.45112278, 52.45303669], [13.45113569, 52.45303011], [13.45113803, 52.45303325], [13.45115819, 52.45306042], [13.45114485, 52.45308569], [13.45110427, 52.4531005], [13.45097339, 52.4530772], [13.45088908, 52.45304785]], [[13.44826644, 52.45361079], [13.44823125, 52.45361461], [13.44819558, 52.45361598], [13.44815988, 52.45361487], [13.44812493, 52.45361219], [13.44811591, 52.45361192], [13.44808446, 52.4536091], [13.44806745, 52.45360757], [13.44805234, 52.45360621], [13.44805804, 52.4535803], [13.44806013, 52.45357079], [13.44807891, 52.4535724], [13.44812961, 52.45357674], [13.44815276, 52.45357856], [13.44817801, 52.45357951], [13.44819274, 52.45357953], [13.44821206, 52.45357895], [13.44823148, 52.45357768], [13.44824483, 52.45357646], [13.44826622, 52.45357379], [13.44828287, 52.45357103], [13.44830228, 52.45356702], [13.44832123, 52.45356223], [13.44833551, 52.45355801], [13.44835307, 52.45355202], [13.44837091, 52.45354495], [13.44838694, 52.45353816], [13.4484048, 52.45352895], [13.44841607, 52.45352236], [13.44842799, 52.45351491], [13.44843881, 52.45350728], [13.44845267, 52.45349594], [13.44846489, 52.45348398], [13.44847544, 52.45347141], [13.44848344, 52.45345966], [13.44848916, 52.45344927], [13.44849365, 52.45343893], [13.44849785, 52.45342458], [13.44850349, 52.45339944], [13.44852844, 52.45329186], [13.44854399, 52.4532932], [13.44854652, 52.45329342], [13.44858893, 52.45329709], [13.4485607, 52.4534196], [13.44855643, 52.45343462], [13.44855422, 52.45344152], [13.44854761, 52.45345648], [13.44854645, 52.45345866], [13.44853713, 52.45347431], [13.4485247, 52.45349066], [13.44851003, 52.4535063], [13.44849323, 52.45352112], [13.44847441, 52.453535], [13.44845351, 52.45354884], [13.44843083, 52.45356158], [13.44840651, 52.45357313], [13.44838071, 52.45358343], [13.44835362, 52.4535924], [13.44832542, 52.45359998], [13.44829629, 52.45360613], [13.4482815, 52.45360844], [13.44826644, 52.45361079]], [[13.44859963, 52.45377421], [13.44856879, 52.45378606], [13.44856507, 52.45378738], [13.44855861, 52.45378937], [13.44852173, 52.45379962], [13.44848376, 52.45380836], [13.44846354, 52.45381148], [13.4484454, 52.45381327], [13.44837895, 52.45381657], [13.4483242, 52.45381675], [13.44832514, 52.45380641], [13.44832737, 52.45378178], [13.44845735, 52.4537818], [13.44851439, 52.45377301], [13.44856825, 52.45375854], [13.44863661, 52.45372414], [13.4486529, 52.45370023], [13.44873933, 52.4536454], [13.44874067, 52.45364455], [13.44874181, 52.45364272], [13.44885613, 52.45345814], [13.44901349, 52.45325683], [13.44905406, 52.45319608], [13.44910057, 52.45320538], [13.4491054, 52.45320649], [13.44910951, 52.4532084], [13.44911256, 52.45321094], [13.44911429, 52.45321391], [13.44911456, 52.45321706], [13.44911334, 52.45322012], [13.44911074, 52.45322284], [13.44907408, 52.45325811], [13.4490396, 52.45329418], [13.44900733, 52.45333102], [13.44895981, 52.45339445], [13.44882025, 52.45358977], [13.44876343, 52.45366458], [13.44875127, 52.45367829], [13.44873766, 52.45369049], [13.44872214, 52.45370181], [13.44865649, 52.45374704], [13.44865332, 52.45374908], [13.44864834, 52.45375184], [13.44861083, 52.45376941], [13.44860598, 52.45377153], [13.44859963, 52.45377421]], [[13.44950339, 52.45450116], [13.44950211, 52.45448148], [13.44950356, 52.45446181], [13.44950862, 52.45443373], [13.44950976, 52.4544274], [13.44951183, 52.4544076], [13.44951591, 52.45432544], [13.44952759, 52.45409067], [13.44953088, 52.45406414], [13.44953697, 52.45403779], [13.44954583, 52.45401174], [13.44955743, 52.4539861], [13.44957172, 52.45396096], [13.44958864, 52.45393644], [13.44958514, 52.45393587], [13.44927406, 52.45389846], [13.44916665, 52.45388554], [13.44915893, 52.45388069], [13.44903459, 52.45382348], [13.44890286, 52.45376767], [13.44886559, 52.45377599], [13.44883694, 52.45378604], [13.44883003, 52.45378846], [13.44882929, 52.45378497], [13.44882681, 52.45377756], [13.44882485, 52.45377173], [13.44881819, 52.45375933], [13.44881618, 52.45375535], [13.44881161, 52.45375033], [13.44877525, 52.45371945], [13.44880084, 52.45369758], [13.44881036, 52.45368739], [13.44885769, 52.4536266], [13.4489038, 52.45356283], [13.44890765, 52.45355747], [13.44891915, 52.45354143], [13.44895081, 52.4534973], [13.44902929, 52.45338789], [13.44905365, 52.45335499], [13.44908069, 52.45332288], [13.44911031, 52.45329164], [13.4491535, 52.45324897], [13.44916658, 52.45323677], [13.44917784, 52.45322626], [13.44923215, 52.45318624], [13.44930342, 52.4531371], [13.44937734, 52.45308943], [13.44941884, 52.45306581], [13.44946258, 52.45304375], [13.44950897, 52.45302175], [13.44956427, 52.45299781], [13.4495946, 52.45298717], [13.44962633, 52.45297816], [13.4496592, 52.45297085], [13.44969298, 52.45296529], [13.4497306, 52.45296128], [13.44976868, 52.45295943], [13.44980135, 52.45295939], [13.44987964, 52.45296627], [13.44995741, 52.45297507], [13.45003689, 52.4529861], [13.45011555, 52.45299913], [13.45019326, 52.45301413], [13.45039929, 52.4530552], [13.45054932, 52.45308625], [13.45060113, 52.45309565], [13.4506519, 52.45310696], [13.45070146, 52.45312013], [13.45074962, 52.45313511], [13.45079621, 52.45315185], [13.45083474, 52.45316755], [13.45085516, 52.45317684], [13.45087189, 52.45318445], [13.45090755, 52.45320251], [13.45094162, 52.45322167], [13.45097402, 52.4532419], [13.45100029, 52.45326011], [13.45100465, 52.45326312], [13.45100958, 52.45326693], [13.45101895, 52.45327414], [13.45103343, 52.45328529], [13.45105951, 52.45330888], [13.45105976, 52.45330912], [13.45108507, 52.45333643], [13.45110754, 52.45336465], [13.45111572, 52.45337682], [13.45112706, 52.45339368], [13.45114356, 52.4534234], [13.45115069, 52.45343801], [13.45115784, 52.45345267], [13.45116469, 52.45347637], [13.45116662, 52.45350041], [13.45116609, 52.45350753], [13.45116353, 52.45351444], [13.45115499, 52.45352573], [13.45114478, 52.4535374], [13.45114283, 52.45353991], [13.45111282, 52.45357851], [13.45106529, 52.45364384], [13.45106177, 52.45364872], [13.45091779, 52.45384771], [13.4508978, 52.45387571], [13.45077823, 52.4540422], [13.45074705, 52.45408563], [13.4507082, 52.45413972], [13.45069053, 52.45416432], [13.4505843, 52.45431244], [13.45056294, 52.45434005], [13.45053311, 52.45437508], [13.45051125, 52.45439944], [13.45050249, 52.45439456], [13.45043498, 52.45435692], [13.4504325, 52.45435616], [13.45038756, 52.45434391], [13.45038429, 52.45434759], [13.45034488, 52.45438789], [13.45030712, 52.45438516], [13.45023836, 52.45437647], [13.45022433, 52.45437327], [13.45018558, 52.45436234], [13.45022535, 52.45428502], [13.45003579, 52.45429216], [13.45003042, 52.45429236], [13.45003394, 52.45431154], [13.45003566, 52.45432096], [13.45004236, 52.45435078], [13.45005315, 52.45438016], [13.45012728, 52.45452883], [13.45013374, 52.45453999], [13.45014304, 52.45455038], [13.45015496, 52.45455972], [13.45016266, 52.45456376], [13.45017181, 52.45456642], [13.45018407, 52.45456706], [13.4501963, 52.45456626], [13.45003651, 52.45458757], [13.44980964, 52.45460439], [13.44972075, 52.45460718], [13.4496451, 52.45460685], [13.4495349, 52.4546049], [13.44952043, 52.45460448], [13.44952093, 52.45459724], [13.44952115, 52.45459415], [13.44952146, 52.45458692], [13.4495214, 52.45458341], [13.44952051, 52.45457657], [13.44952007, 52.45457384], [13.44951868, 52.45456644], [13.4495182, 52.45456339], [13.44950739, 52.45452071], [13.44950339, 52.45450116]], [[13.44825083, 52.45384885], [13.44830169, 52.45385138], [13.44836391, 52.45385277], [13.44839318, 52.45385262], [13.44841925, 52.45385162], [13.4484264, 52.4538512], [13.4484259, 52.45385492], [13.44842447, 52.45386539], [13.44842636, 52.45387576], [13.44842743, 52.45388162], [13.44844112, 52.45396617], [13.44845462, 52.45399493], [13.44846471, 52.45400337], [13.44847479, 52.45401173], [13.44850872, 52.45401409], [13.44851323, 52.45402113], [13.44853769, 52.45405938], [13.44850452, 52.45409777], [13.44844802, 52.45411346], [13.4482839, 52.45409338], [13.44822797, 52.45407432], [13.44820679, 52.45403561], [13.44821923, 52.45401379], [13.44822708, 52.45400003], [13.44834676, 52.45400799], [13.44835775, 52.45400629], [13.44839476, 52.45400058], [13.44842484, 52.4539815], [13.44842198, 52.4539395], [13.44841573, 52.45388714], [13.44840678, 52.45387543], [13.44808168, 52.45386313], [13.44801087, 52.45385483], [13.44794559, 52.45384718], [13.44794475, 52.45384708], [13.44791715, 52.45385957], [13.44783125, 52.45385667], [13.44780801, 52.45383995], [13.44780435, 52.45383994], [13.44775837, 52.45384077], [13.44771258, 52.45384347], [13.44766719, 52.45384803], [13.44762239, 52.45385443], [13.44757839, 52.45386264], [13.44753539, 52.45387263], [13.44749372, 52.45387619], [13.44747241, 52.45388704], [13.44746796, 52.45390375], [13.44747834, 52.45390783], [13.44748996, 52.45391036], [13.44750222, 52.4539112], [13.44751448, 52.45391032], [13.44752922, 52.45391026], [13.44754365, 52.45391211], [13.44755711, 52.45391578], [13.447569, 52.4539211], [13.44757878, 52.45392784], [13.44759093, 52.45393248], [13.44760139, 52.45393847], [13.44760978, 52.45394557], [13.44761577, 52.45395352], [13.44761914, 52.45396203], [13.44761977, 52.45397078], [13.44761764, 52.45397944], [13.44761282, 52.45398769], [13.4476055, 52.45399521], [13.44759594, 52.45400174], [13.44758221, 52.45400741], [13.44756717, 52.45401167], [13.4475512, 52.45401441], [13.44753472, 52.45401554], [13.44751816, 52.45401505], [13.44750194, 52.45401295], [13.44748842, 52.45401076], [13.44747588, 52.45400698], [13.4474648, 52.45400176], [13.44745563, 52.45399531], [13.44744873, 52.45398788], [13.44744437, 52.45397976], [13.44744272, 52.45397127], [13.44744384, 52.45396276], [13.44744593, 52.45395407], [13.44744528, 52.45394529], [13.44744191, 52.45393675], [13.44743594, 52.45392876], [13.44742761, 52.4539216], [13.4474172, 52.45391554], [13.44740509, 52.4539108], [13.44739644, 52.45390849], [13.44742665, 52.45389189], [13.44748762, 52.45386702], [13.44755356, 52.45384808], [13.44759243, 52.45383886], [13.44763224, 52.4538313], [13.44767281, 52.45382543], [13.44771395, 52.45382128], [13.44776217, 52.45381913], [13.44782041, 52.45381881], [13.44787856, 52.45382098], [13.447945, 52.45382415], [13.44806622, 52.45383613], [13.44818809, 52.45384535], [13.44822089, 52.45384736], [13.44825083, 52.45384885]], [[13.44902407, 52.45445827], [13.44895316, 52.45445809], [13.44894117, 52.45445806], [13.44893056, 52.45445252], [13.44892155, 52.45444591], [13.44891451, 52.45443845], [13.44890964, 52.45443038], [13.44890708, 52.45442192], [13.44890691, 52.45441332], [13.44890903, 52.45440522], [13.44890914, 52.45440482], [13.44891369, 52.45439668], [13.44891501, 52.45439493], [13.44892248, 52.45438733], [13.44893201, 52.45438064], [13.44894331, 52.45437507], [13.44895603, 52.45437079], [13.44896978, 52.45436794], [13.44898413, 52.4543666], [13.44899865, 52.45436682], [13.44901265, 52.45436854], [13.44902595, 52.45437171], [13.44903816, 52.45437623], [13.44904892, 52.45438196], [13.4490579, 52.45438874], [13.44906484, 52.45439636], [13.44906953, 52.4544046], [13.44907183, 52.45441321], [13.44907168, 52.45442193], [13.44906874, 52.45443121], [13.44906303, 52.45443998], [13.44905967, 52.4544406], [13.44904982, 52.45445834], [13.44902407, 52.45445827]], [[13.44713186, 52.45460241], [13.44713425, 52.45459553], [13.44717758, 52.45447061], [13.44796579, 52.45456837], [13.44875416, 52.45466567], [13.44928201, 52.45473081], [13.44924768, 52.45483495], [13.44924365, 52.45484718], [13.44922869, 52.45489256], [13.44919413, 52.45499748], [13.44917572, 52.45505322], [13.44908735, 52.45532085], [13.44834688, 52.45523051], [13.44833617, 52.4552292], [13.44832213, 52.45522749], [13.44831562, 52.4552267], [13.44767152, 52.45514812], [13.44697217, 52.45506279], [13.44711975, 52.45463734], [13.44712209, 52.45463057], [13.44713186, 52.45460241]]], [[[13.44944257, 52.4554503], [13.44944105, 52.45545495], [13.44953632, 52.45546657], [13.44953752, 52.4554632], [13.44954212, 52.45545029], [13.44954535, 52.45544123], [13.44954125, 52.45544072], [13.44944939, 52.45542944], [13.44944257, 52.4554503]]]]}}, {"type": "Feature", "properties": {"id": "gruenanlagen.00008100_000a6ca7", "pitid": "00008100:000a6ca7", "kennzeich": "321.035", "bezirkname": "Neukölln", "ortstlname": "Britz", "objartname": "Grünanlage", "namenr": "Delfter Ufer-Grünanlage", "namezusatz": null, "baujahr": null, "sanierjahr": null, "katasterfl": 24679.0, "widmung": "gewidmet", "plannr": "08200623", "planname": "Park am Buschkrug"}, "geometry": {"type": "MultiPolygon", "coordinates": [[[[13.45994483, 52.45413154], [13.46016515, 52.45379702], [13.46035336, 52.45350764], [13.4603961, 52.45344287], [13.46042108, 52.45340501], [13.46000922, 52.45324951], [13.46005761, 52.45313203], [13.46005805, 52.4531304], [13.4600962, 52.45300006], [13.46015874, 52.45278651], [13.46016223, 52.45277458], [13.460177, 52.45272419], [13.46015344, 52.45253609], [13.46004929, 52.45246045], [13.45949051, 52.45224873], [13.45947727, 52.45226185], [13.45944692, 52.4522919], [13.45943222, 52.45230645], [13.45944647, 52.45231186], [13.45976505, 52.45243217], [13.45990524, 52.45248512], [13.45998891, 52.45251671], [13.4600492, 52.4525602], [13.46006703, 52.4527086], [13.46006405, 52.45271866], [13.4599937, 52.45296174], [13.45995629, 52.45309217], [13.45994481, 52.45313177], [13.45991126, 52.45321296], [13.45989264, 52.45325803], [13.45988091, 52.45328641], [13.45986508, 52.45332471], [13.4598057, 52.45346887], [13.45978142, 52.45352779], [13.45977914, 52.45353334], [13.4597174, 52.45362923], [13.45967319, 52.45369747], [13.45962185, 52.45369964], [13.45865949, 52.45351792], [13.45865002, 52.45351626], [13.45864035, 52.4535151], [13.45863061, 52.45351419], [13.45862079, 52.45351378], [13.45861094, 52.45351362], [13.4586011, 52.45351397], [13.4585913, 52.45351457], [13.45858161, 52.45351568], [13.458572, 52.45351703], [13.45856262, 52.45351887], [13.45855337, 52.45352096], [13.45854444, 52.45352351], [13.45846476, 52.45354748], [13.45847226, 52.45354929], [13.45855162, 52.45356719], [13.45855433, 52.45356441], [13.45855747, 52.4535618], [13.4585608, 52.45355929], [13.45856453, 52.45355699], [13.45856843, 52.4535548], [13.45857266, 52.45355285], [13.45857704, 52.45355103], [13.45858168, 52.45354948], [13.45858645, 52.45354806], [13.45859142, 52.45354694], [13.45859614, 52.45354602], [13.45860098, 52.45354537], [13.45860587, 52.45354485], [13.45861081, 52.45354461], [13.45861576, 52.45354451], [13.45862072, 52.45354467], [13.45862565, 52.45354498], [13.45863051, 52.45354556], [13.45863533, 52.45354627], [13.45864002, 52.45354725], [13.45864464, 52.45354836], [13.45864907, 52.45354972], [13.45953455, 52.45371839], [13.45963084, 52.45373246], [13.45964986, 52.45373444], [13.45971805, 52.4537395], [13.45985422, 52.45374967], [13.45988935, 52.45375637], [13.46001163, 52.45378431], [13.46001624, 52.45378611], [13.46002055, 52.45378816], [13.46002472, 52.45379033], [13.46002854, 52.45379271], [13.46003218, 52.45379521], [13.46003544, 52.45379789], [13.4600385, 52.45380066], [13.46004114, 52.45380358], [13.46004355, 52.45380658], [13.46004552, 52.4538097], [13.46004711, 52.45381261], [13.46004831, 52.45381559], [13.4600493, 52.4538186], [13.46004988, 52.45382164], [13.46005025, 52.4538247], [13.46005021, 52.45382777], [13.46004995, 52.45383084], [13.46004929, 52.45383388], [13.46004841, 52.4538369], [13.46004712, 52.45383987], [13.46004564, 52.4538428], [13.46004376, 52.45384564], [13.4600286, 52.45387091], [13.460018, 52.45388856], [13.46000272, 52.45391749], [13.45998669, 52.45394627], [13.45997029, 52.45397496], [13.45995314, 52.4540035], [13.45993564, 52.45403193], [13.4599174, 52.4540602], [13.45989879, 52.45408837], [13.45987946, 52.45411636], [13.45986692, 52.45413496], [13.45984588, 52.45416619], [13.4598433, 52.45416994], [13.45984017, 52.45417353], [13.45983677, 52.45417703], [13.45983285, 52.45418032], [13.45982868, 52.45418349], [13.45982405, 52.45418642], [13.45981921, 52.45418921], [13.45981396, 52.45419172], [13.45980853, 52.45419407], [13.45980276, 52.45419611], [13.45979685, 52.45419798], [13.45979067, 52.45419951], [13.45978439, 52.45420087], [13.45977793, 52.45420186], [13.45977116, 52.45420269], [13.45976429, 52.45420312], [13.4597574, 52.45420335], [13.4597505, 52.45420318], [13.45974362, 52.4542028], [13.45973683, 52.45420202], [13.45973012, 52.45420104], [13.45972358, 52.45419967], [13.45971717, 52.45419812], [13.45971102, 52.45419619], [13.45952713, 52.45412413], [13.45943914, 52.45409138], [13.45942403, 52.45408619], [13.45934805, 52.45406187], [13.45848298, 52.45382312], [13.4584781, 52.45382218], [13.45847336, 52.453821], [13.4584687, 52.45381971], [13.45846423, 52.45381818], [13.45845987, 52.45381655], [13.45845574, 52.45381471], [13.45845173, 52.45381276], [13.458448, 52.45381062], [13.45844441, 52.45380839], [13.45844113, 52.45380599], [13.45843756, 52.45380313], [13.45843444, 52.45380009], [13.45843157, 52.45379695], [13.45842918, 52.45379367], [13.45842704, 52.45379032], [13.45842543, 52.45378687], [13.45842409, 52.45378337], [13.45842328, 52.45377981], [13.45834333, 52.45376191], [13.45834731, 52.45377074], [13.45835264, 52.4537793], [13.45835861, 52.4537877], [13.45836585, 52.45379572], [13.4583737, 52.45380353], [13.45838271, 52.45381085], [13.45839156, 52.4538174], [13.45840131, 52.45382346], [13.45841148, 52.45382925], [13.45842244, 52.45383449], [13.45843376, 52.45383942], [13.45844574, 52.45384374], [13.45845802, 52.45384773], [13.45847081, 52.45385105], [13.45932824, 52.45408772], [13.45940665, 52.45411325], [13.45931169, 52.45426114], [13.45915096, 52.45451137], [13.45907345, 52.45463211], [13.4589923, 52.45476842], [13.45892585, 52.45487993], [13.4588491, 52.45500874], [13.45883939, 52.45502503], [13.45870098, 52.45525752], [13.4586881, 52.45527628], [13.45876699, 52.45530596], [13.45875639, 52.45531758], [13.45857345, 52.45551804], [13.45852033, 52.45552192], [13.45835246, 52.4557671], [13.45836982, 52.45591757], [13.45829531, 52.45603829], [13.45827324, 52.45607405], [13.45813091, 52.45630464], [13.45807219, 52.45637087], [13.4580568, 52.45638822], [13.45770083, 52.45678966], [13.4576108, 52.45688296], [13.4575755, 52.45691954], [13.45730914, 52.45719557], [13.45728982, 52.45721234], [13.45726443, 52.45723432], [13.45719357, 52.4572957], [13.45715848, 52.45732153], [13.45707892, 52.45738009], [13.45696622, 52.45746135], [13.45684882, 52.45754601], [13.4568479, 52.45754668], [13.45674738, 52.45764023], [13.45668588, 52.45769757], [13.45658512, 52.45779151], [13.45636173, 52.45784835], [13.45636098, 52.45784879], [13.45638338, 52.45791379], [13.45658093, 52.45784902], [13.4566921, 52.45781209], [13.45676122, 52.45778914], [13.45679142, 52.45777841], [13.45699189, 52.4577095], [13.45699583, 52.45770821], [13.45703582, 52.45769509], [13.45721355, 52.45757098], [13.45733636, 52.45747505], [13.45742071, 52.45740917], [13.45753477, 52.45731676], [13.45769043, 52.45715573], [13.45782531, 52.45701619], [13.45794185, 52.45689562], [13.45821269, 52.45661542], [13.45840579, 52.4563949], [13.45848162, 52.45628861], [13.45851615, 52.45624021], [13.45857737, 52.45614972], [13.45860069, 52.45611549], [13.45873863, 52.45591296], [13.45890387, 52.45566625], [13.45907092, 52.45542079], [13.45908033, 52.45540747], [13.45924335, 52.45517678], [13.45931412, 52.45506833], [13.45940816, 52.45492423], [13.45944485, 52.4548701], [13.45957272, 52.45468143], [13.45957904, 52.45467211], [13.45974634, 52.45442495], [13.45993022, 52.45415315], [13.45993246, 52.45414983], [13.45994483, 52.45413154]]], [[[13.45603837, 52.45820092], [13.4560658, 52.45821411], [13.45625698, 52.45811293], [13.45622236, 52.45809635], [13.45618108, 52.45807658], [13.45613985, 52.45805683], [13.45595276, 52.45815975], [13.4559569, 52.45816174], [13.45600053, 52.45818272], [13.45603837, 52.45820092]]], [[[13.45550994, 52.45841974], [13.45539668, 52.4584708], [13.45534324, 52.4584949], [13.45532219, 52.45850439], [13.4548899, 52.45867217], [13.45497293, 52.45869539], [13.45539752, 52.45853054], [13.45540323, 52.45852793], [13.45552662, 52.45847249], [13.455546, 52.45846378], [13.45558279, 52.45844723], [13.45575037, 52.45837173], [13.45573818, 52.45836681], [13.45559069, 52.45830724], [13.45542034, 52.45838582], [13.45550994, 52.45841974]]], [[[13.45377723, 52.45909911], [13.45393805, 52.45905708], [13.45417176, 52.45899598], [13.45451097, 52.45889322], [13.45447771, 52.4588857], [13.45442032, 52.45887272], [13.45418377, 52.45881924], [13.45413866, 52.45881185], [13.45396429, 52.4588515], [13.4524594, 52.45919368], [13.4522466, 52.45921219], [13.45131936, 52.45926365], [13.45096009, 52.45928359], [13.45087729, 52.45928077], [13.45019475, 52.45925756], [13.45015951, 52.45925619], [13.45014974, 52.45925581], [13.45012122, 52.4592547], [13.45010802, 52.45925419], [13.44999942, 52.45924998], [13.44972982, 52.45923297], [13.44964705, 52.45922736], [13.44961135, 52.45922494], [13.44953952, 52.45922008], [13.44946803, 52.45921045], [13.44924486, 52.45918083], [13.44888594, 52.45912565], [13.4488534, 52.45912065], [13.44865196, 52.45908971], [13.44862879, 52.45908615], [13.44857891, 52.4590785], [13.44854184, 52.45907281], [13.44840178, 52.45905132], [13.44836013, 52.4591504], [13.44834666, 52.45918243], [13.44834098, 52.45919594], [13.44832157, 52.45924208], [13.44888512, 52.45932892], [13.44920756, 52.45937856], [13.44948532, 52.4594153], [13.44969195, 52.45942998], [13.44977347, 52.45943504], [13.44998731, 52.45944831], [13.45025279, 52.45945814], [13.45054761, 52.45946414], [13.45060033, 52.45946399], [13.45084876, 52.45946324], [13.45114597, 52.45945461], [13.45130901, 52.45944705], [13.45142775, 52.45944155], [13.45161784, 52.45942869], [13.45164481, 52.45942686], [13.45178551, 52.45940875], [13.45194501, 52.45939321], [13.45207515, 52.45938052], [13.45223622, 52.45936483], [13.45243338, 52.45934562], [13.45290975, 52.45927056], [13.45341913, 52.45918081], [13.45372611, 52.45911078], [13.45377723, 52.45909911]]], [[[13.44768523, 52.45914883], [13.44769119, 52.45914946], [13.44775013, 52.45915568], [13.44778372, 52.45915922], [13.44783581, 52.45916721], [13.44783943, 52.45916777], [13.44814514, 52.45921486], [13.44814601, 52.45921246], [13.44815117, 52.45919827], [13.44815435, 52.45918949], [13.44816404, 52.45916282], [13.448158, 52.45915555], [13.44808537, 52.45914527], [13.44783737, 52.4591067], [13.44776813, 52.45909322], [13.44774301, 52.45908088], [13.44773523, 52.45907582], [13.44770707, 52.45911693], [13.44768956, 52.45914251], [13.44768523, 52.45914883]]]]}}, {"type": "Feature", "properties": {"id": "gruenanlagen.00008100_000a6cd3", "pitid": "00008100:000a6cd3", "kennzeich": "231.103", "bezirkname": "Neukölln", "ortstlname": "Rudow", "objartname": "Grünanlage", "namenr": "Südpark-Grünanlage", "namezusatz": null, "baujahr": "2002", "sanierjahr": null, "katasterfl": 89467.0, "widmung": "gewidmet", "plannr": "08401245", "planname": "Frauenviertel"}, "geometry": {"type": "Polygon", "coordinates": [[[13.51179571, 52.40082686], [13.51173941, 52.40081645], [13.51049624, 52.40063026], [13.51014782, 52.40057898], [13.50965328, 52.40049738], [13.50917174, 52.40041585], [13.50816933, 52.40026612], [13.50740298, 52.40015308], [13.50574519, 52.39990853], [13.50394575, 52.39969572], [13.50226903, 52.39950856], [13.50098376, 52.39936133], [13.50098263, 52.39937162], [13.50097943, 52.39940059], [13.50097029, 52.39948351], [13.50096425, 52.39954205], [13.50095673, 52.39961208], [13.50112924, 52.39967845], [13.50114198, 52.39968302], [13.50133808, 52.39975853], [13.50153618, 52.39983472], [13.50174439, 52.39991474], [13.50175328, 52.3999185], [13.50200263, 52.40001414], [13.50225564, 52.40011162], [13.50250666, 52.40020789], [13.50251976, 52.40021292], [13.50279223, 52.4003183], [13.50298075, 52.40039057], [13.50318642, 52.4004693], [13.50343215, 52.40056354], [13.50364291, 52.40064431], [13.50369621, 52.40066474], [13.50371926, 52.40067357], [13.503932, 52.40075513], [13.50414511, 52.40083672], [13.50441484, 52.4009414], [13.50460459, 52.401015], [13.50470007, 52.40105151], [13.50472664, 52.40106115], [13.50477384, 52.40107972], [13.5051245, 52.40121443], [13.50512844, 52.40121071], [13.50513249, 52.40120702], [13.50513665, 52.40120338], [13.5051409, 52.40119979], [13.50514526, 52.40119624], [13.50514972, 52.40119274], [13.50515428, 52.40118928], [13.50515894, 52.40118588], [13.50516435, 52.40118209], [13.5051659, 52.401181], [13.50516765, 52.40117974], [13.50516943, 52.40117849], [13.50517125, 52.40117726], [13.5051731, 52.40117605], [13.50517499, 52.40117486], [13.50517691, 52.40117369], [13.50517886, 52.40117254], [13.50518084, 52.40117141], [13.50518286, 52.4011703], [13.50518491, 52.40116922], [13.50518699, 52.40116815], [13.5051891, 52.40116711], [13.50519124, 52.4011661], [13.50519485, 52.40116446], [13.50519659, 52.40116348], [13.50520193, 52.40115982], [13.50520978, 52.40115505], [13.50522042, 52.40114872], [13.50523397, 52.40114184], [13.50524361, 52.40113771], [13.50525138, 52.40113452], [13.50525717, 52.40113228], [13.50526303, 52.40113009], [13.50526894, 52.40112797], [13.50527492, 52.40112591], [13.50528095, 52.40112391], [13.50528704, 52.40112198], [13.50529319, 52.40112011], [13.50529938, 52.40111831], [13.50530563, 52.40111658], [13.50531193, 52.40111491], [13.50531827, 52.40111331], [13.50532465, 52.40111178], [13.50533108, 52.40111032], [13.50533755, 52.40110892], [13.50534406, 52.4011076], [13.50535061, 52.40110634], [13.50535719, 52.40110516], [13.5053638, 52.40110404], [13.50537045, 52.401103], [13.50537712, 52.40110202], [13.50538382, 52.40110112], [13.50539691, 52.40109957], [13.50543363, 52.40109762], [13.50545462, 52.40109667], [13.5054617, 52.40109651], [13.5054688, 52.40109642], [13.50547589, 52.40109641], [13.50548299, 52.40109647], [13.50549008, 52.40109662], [13.50549717, 52.40109683], [13.50550425, 52.40109712], [13.50551389, 52.40109764], [13.50552209, 52.40109779], [13.50552915, 52.40109835], [13.50553672, 52.40109899], [13.50554588, 52.40109971], [13.50555884, 52.40110134], [13.50560975, 52.40111099], [13.5056148, 52.40111194], [13.50561983, 52.40111294], [13.50562483, 52.401114], [13.50562979, 52.40111511], [13.50563473, 52.40111627], [13.50563963, 52.40111748], [13.50564449, 52.40111875], [13.50565115, 52.40112058], [13.50565334, 52.40112122], [13.50565593, 52.40112197], [13.50566066, 52.40112341], [13.50566535, 52.4011249], [13.50567, 52.40112644], [13.50567461, 52.40112803], [13.50567917, 52.40112967], [13.50568368, 52.40113136], [13.50568814, 52.40113309], [13.50569255, 52.40113487], [13.50569691, 52.4011367], [13.50570122, 52.40113858], [13.50570547, 52.4011405], [13.50571289, 52.40114402], [13.50571863, 52.40114659], [13.5057243, 52.40114921], [13.50572988, 52.40115189], [13.50573539, 52.40115464], [13.50574083, 52.40115744], [13.50574618, 52.4011603], [13.50575144, 52.40116321], [13.50575663, 52.40116619], [13.50576173, 52.40116921], [13.50576674, 52.40117229], [13.50577166, 52.40117543], [13.50577649, 52.40117861], [13.50578124, 52.40118185], [13.50578588, 52.40118514], [13.50579044, 52.40118847], [13.50579617, 52.40119285], [13.50580653, 52.40120164], [13.5060211, 52.40116628], [13.50620587, 52.40113966], [13.50639283, 52.40111614], [13.50639716, 52.40111537], [13.50655734, 52.40109807], [13.50657503, 52.40109646], [13.50676691, 52.40107924], [13.50693408, 52.40106682], [13.50703858, 52.40106089], [13.50710978, 52.40105685], [13.50731198, 52.40104823], [13.50751642, 52.40104412], [13.50752433, 52.40104412], [13.50777754, 52.40104407], [13.5079445, 52.4010474], [13.50795836, 52.40104751], [13.50809927, 52.40105283], [13.50815873, 52.40105507], [13.50837886, 52.40106735], [13.50843352, 52.40107138], [13.50857575, 52.40108187], [13.50881048, 52.40110443], [13.50901263, 52.40112846], [13.50923473, 52.40115993], [13.50947102, 52.40119698], [13.50959159, 52.40121938], [13.50960576, 52.40122202], [13.50963084, 52.40122667], [13.50970027, 52.40124162], [13.50988206, 52.40128197], [13.51008718, 52.40133663], [13.5102431, 52.40138853], [13.51025027, 52.40139115], [13.51036007, 52.40143117], [13.51039807, 52.40144502], [13.51040279, 52.40144674], [13.51050475, 52.40148838], [13.51053702, 52.40150156], [13.51071949, 52.40158681], [13.51085215, 52.40165697], [13.5108633, 52.40166353], [13.51088313, 52.4016743], [13.51090952, 52.4016884], [13.51092881, 52.4017001], [13.51097708, 52.40173161], [13.51116305, 52.40185479], [13.51122178, 52.4018974], [13.51124422, 52.40191237], [13.5112714, 52.40193209], [13.51127292, 52.4019332], [13.51128254, 52.40194018], [13.51132289, 52.40196945], [13.51135153, 52.40199246], [13.51147113, 52.40208855], [13.51153792, 52.40214279], [13.5116037, 52.40219621], [13.51172975, 52.40231205], [13.51176607, 52.40234542], [13.5118305, 52.40241244], [13.51188974, 52.40247405], [13.51191089, 52.40249605], [13.51203613, 52.40262632], [13.51204194, 52.40263236], [13.51204335, 52.40263382], [13.51206068, 52.40265249], [13.51207178, 52.40266385], [13.51207319, 52.40266529], [13.51237552, 52.40238209], [13.51263304, 52.40214212], [13.51268887, 52.40209011], [13.51272574, 52.40209541], [13.51275935, 52.40210025], [13.51277819, 52.40210297], [13.5127783, 52.40210287], [13.51280183, 52.40208023], [13.51280731, 52.40207495], [13.51283475, 52.40204856], [13.51283494, 52.40204838], [13.51291105, 52.40197515], [13.51303216, 52.401856], [13.51322755, 52.40166377], [13.51367571, 52.40122286], [13.51368778, 52.40121098], [13.51369097, 52.40120784], [13.513712098980086, 52.40118705610359], [13.513703309605521, 52.40118549614179], [13.513541479370367, 52.40115191132061], [13.513025464592666, 52.40104662662642], [13.51294283961273, 52.401031796407146], [13.51179571, 52.40082686]], [[13.50402855, 52.40020675], [13.50403583, 52.40019901], [13.5040443, 52.40019206], [13.50405875, 52.40018658], [13.50406017, 52.40018598], [13.50406161, 52.4001854], [13.50406306, 52.40018483], [13.50406453, 52.40018428], [13.50406602, 52.40018374], [13.50406752, 52.40018322], [13.50406904, 52.40018271], [13.50407057, 52.40018222], [13.50407211, 52.40018175], [13.50407367, 52.40018129], [13.50407524, 52.40018086], [13.50407682, 52.40018043], [13.50407841, 52.40018003], [13.50408002, 52.40017964], [13.50408163, 52.40017927], [13.50408326, 52.40017891], [13.50408489, 52.40017858], [13.50408654, 52.40017826], [13.50408819, 52.40017796], [13.50408986, 52.40017767], [13.50409153, 52.40017741], [13.5040932, 52.40017716], [13.50409489, 52.40017693], [13.50409658, 52.40017672], [13.50409828, 52.40017652], [13.50409998, 52.40017635], [13.50410169, 52.40017619], [13.5041034, 52.40017605], [13.50410511, 52.40017593], [13.50410683, 52.40017582], [13.50410855, 52.40017574], [13.50411027, 52.40017567], [13.504112, 52.40017563], [13.50411372, 52.4001756], [13.50411545, 52.40017559], [13.50411717, 52.40017559], [13.5041189, 52.40017562], [13.50412062, 52.40017566], [13.50412235, 52.40017573], [13.50412407, 52.40017581], [13.50412579, 52.40017591], [13.5041275, 52.40017603], [13.50412921, 52.40017616], [13.50413092, 52.40017632], [13.50413262, 52.40017649], [13.50413432, 52.40017668], [13.50413601, 52.40017689], [13.5041377, 52.40017711], [13.50413938, 52.40017736], [13.50414105, 52.40017762], [13.50414271, 52.4001779], [13.50414437, 52.4001782], [13.50414602, 52.40017852], [13.50414765, 52.40017885], [13.50414928, 52.4001792], [13.5041509, 52.40017957], [13.50415251, 52.40017995], [13.5041541, 52.40018036], [13.50415569, 52.40018078], [13.50415726, 52.40018121], [13.50415882, 52.40018166], [13.50416036, 52.40018213], [13.5041619, 52.40018262], [13.50416341, 52.40018312], [13.50416492, 52.40018364], [13.50416641, 52.40018418], [13.50416788, 52.40018473], [13.50416934, 52.40018529], [13.50417078, 52.40018587], [13.5041722, 52.40018647], [13.50417361, 52.40018708], [13.504175, 52.40018771], [13.50417637, 52.40018835], [13.50417772, 52.40018901], [13.50417905, 52.40018968], [13.50418037, 52.40019036], [13.50418166, 52.40019106], [13.50418294, 52.40019177], [13.50418419, 52.4001925], [13.50418542, 52.40019323], [13.50418664, 52.40019399], [13.50418783, 52.40019475], [13.504189, 52.40019553], [13.50419014, 52.40019632], [13.50419126, 52.40019712], [13.50419236, 52.40019793], [13.50419344, 52.40019876], [13.50419449, 52.40019959], [13.50419552, 52.40020044], [13.50419653, 52.4002013], [13.50419751, 52.40020217], [13.50419846, 52.40020305], [13.50419939, 52.40020394], [13.5042003, 52.40020484], [13.50420118, 52.40020575], [13.50420203, 52.40020666], [13.50420285, 52.40020759], [13.50420365, 52.40020853], [13.50420443, 52.40020947], [13.50420517, 52.40021042], [13.50420589, 52.40021138], [13.50420658, 52.40021235], [13.50420724, 52.40021333], [13.50420788, 52.40021431], [13.50420849, 52.4002153], [13.50420906, 52.40021629], [13.50420962, 52.40021729], [13.50421014, 52.4002183], [13.50421063, 52.40021931], [13.50421109, 52.40022033], [13.50421153, 52.40022135], [13.50421193, 52.40022237], [13.50421231, 52.40022341], [13.50421266, 52.40022444], [13.50421297, 52.40022548], [13.50421326, 52.40022652], [13.50421352, 52.40022756], [13.50421375, 52.40022861], [13.50421395, 52.40022966], [13.50421411, 52.40023071], [13.50421425, 52.40023176], [13.50421436, 52.40023281], [13.50421444, 52.40023387], [13.50421449, 52.40023492], [13.5042145, 52.40023598], [13.50421449, 52.40023704], [13.50421445, 52.40023809], [13.50421438, 52.40023915], [13.50421428, 52.4002402], [13.50421414, 52.40024125], [13.50421398, 52.4002423], [13.50421379, 52.40024335], [13.50421357, 52.4002444], [13.50421331, 52.40024544], [13.50421303, 52.40024649], [13.50421272, 52.40024752], [13.50421238, 52.40024856], [13.50421201, 52.40024959], [13.50421161, 52.40025062], [13.50421118, 52.40025164], [13.50421072, 52.40025266], [13.50421023, 52.40025367], [13.50420971, 52.40025468], [13.50420917, 52.40025568], [13.5042086, 52.40025668], [13.50420799, 52.40025767], [13.50420736, 52.40025865], [13.50420671, 52.40025962], [13.50420602, 52.40026059], [13.50420531, 52.40026156], [13.50420457, 52.40026251], [13.5042038, 52.40026345], [13.504203, 52.40026439], [13.50420215, 52.40026536], [13.50419484, 52.40027105], [13.50418554, 52.40027799], [13.50417259, 52.4002854], [13.50417117, 52.400286], [13.50416973, 52.40028659], [13.50416828, 52.40028717], [13.5041668, 52.40028772], [13.50416532, 52.40028827], [13.50416382, 52.40028879], [13.5041623, 52.4002893], [13.50416077, 52.4002898], [13.50415922, 52.40029027], [13.50415766, 52.40029073], [13.50415609, 52.40029118], [13.50415451, 52.4002916], [13.50415291, 52.40029201], [13.5041513, 52.40029241], [13.50414968, 52.40029278], [13.50414806, 52.40029314], [13.50414641, 52.40029348], [13.50414477, 52.40029381], [13.50414311, 52.40029411], [13.50414144, 52.4002944], [13.50413977, 52.40029467], [13.50413809, 52.40029492], [13.5041364, 52.40029516], [13.5041347, 52.40029537], [13.504133, 52.40029557], [13.5041313, 52.40029575], [13.50412959, 52.40029591], [13.50412787, 52.40029605], [13.50412615, 52.40029618], [13.50412443, 52.40029629], [13.50412271, 52.40029638], [13.50412098, 52.40029645], [13.50411925, 52.4002965], [13.50411752, 52.40029653], [13.50411579, 52.40029654], [13.50411406, 52.40029654], [13.50411233, 52.40029652], [13.5041106, 52.40029648], [13.50410887, 52.40029642], [13.50410714, 52.40029634], [13.50410542, 52.40029624], [13.5041037, 52.40029613], [13.50410198, 52.400296], [13.50410026, 52.40029584], [13.50409856, 52.40029567], [13.50409685, 52.40029549], [13.50409515, 52.40029528], [13.50409346, 52.40029506], [13.50409178, 52.40029481], [13.5040901, 52.40029455], [13.50408843, 52.40029428], [13.50408677, 52.40029398], [13.50408511, 52.40029367], [13.50408347, 52.40029334], [13.50408183, 52.40029299], [13.50408021, 52.40029262], [13.50407859, 52.40029224], [13.50407699, 52.40029184], [13.5040754, 52.40029142], [13.50407382, 52.40029099], [13.50407226, 52.40029053], [13.5040707, 52.40029007], [13.50406916, 52.40028958], [13.50406764, 52.40028908], [13.50406613, 52.40028857], [13.50406463, 52.40028803], [13.50406315, 52.40028748], [13.50406169, 52.40028692], [13.50406024, 52.40028634], [13.50405881, 52.40028574], [13.50405739, 52.40028513], [13.50405599, 52.40028451], [13.50405462, 52.40028387], [13.50405326, 52.40028321], [13.50405191, 52.40028254], [13.50405059, 52.40028186], [13.50404929, 52.40028116], [13.50404801, 52.40028045], [13.50404675, 52.40027972], [13.50404551, 52.40027899], [13.50404429, 52.40027823], [13.50404309, 52.40027747], [13.50404191, 52.40027669], [13.50404076, 52.4002759], [13.50403963, 52.4002751], [13.50403852, 52.40027429], [13.50403744, 52.40027346], [13.50403638, 52.40027262], [13.50403534, 52.40027178], [13.50403433, 52.40027092], [13.50403334, 52.40027005], [13.50403238, 52.40026917], [13.50403144, 52.40026828], [13.50403053, 52.40026738], [13.50402964, 52.40026647], [13.50402878, 52.40026555], [13.50402795, 52.40026462], [13.50402714, 52.40026368], [13.50402636, 52.40026274], [13.50402561, 52.40026178], [13.50402488, 52.40026082], [13.50402418, 52.40025985], [13.50402351, 52.40025888], [13.50402287, 52.40025789], [13.50402226, 52.4002569], [13.50402167, 52.40025591], [13.50402111, 52.4002549], [13.50402058, 52.4002539], [13.50402009, 52.40025288], [13.50401961, 52.40025186], [13.50401917, 52.40025084], [13.50401876, 52.40024981], [13.50401838, 52.40024878], [13.50401802, 52.40024774], [13.5040177, 52.4002467], [13.50401741, 52.40024566], [13.50401714, 52.40024461], [13.50401691, 52.40024356], [13.5040167, 52.40024251], [13.50401653, 52.40024146], [13.50401638, 52.4002404], [13.50401627, 52.40023935], [13.50401619, 52.40023829], [13.50401613, 52.40023723], [13.50401611, 52.40023617], [13.50401612, 52.40023511], [13.50401615, 52.40023405], [13.50401622, 52.400233], [13.50401632, 52.40023194], [13.50401644, 52.40023088], [13.5040166, 52.40022983], [13.50401679, 52.40022877], [13.50401701, 52.40022772], [13.50401725, 52.40022668], [13.50401753, 52.40022563], [13.50401784, 52.40022459], [13.50401817, 52.40022355], [13.50401854, 52.40022251], [13.50401894, 52.40022148], [13.50401936, 52.40022046], [13.50401982, 52.40021944], [13.5040203, 52.40021842], [13.50402081, 52.40021741], [13.50402135, 52.4002164], [13.50402192, 52.4002154], [13.50402252, 52.40021441], [13.50402315, 52.40021342], [13.5040238, 52.40021244], [13.50402449, 52.40021147], [13.5040252, 52.4002105], [13.50402593, 52.40020954], [13.5040267, 52.40020859], [13.50402749, 52.40020765], [13.50402834, 52.40020668], [13.50402855, 52.40020675]]]}}, {"type": "Feature", "properties": {"id": "gruenanlagen.00008100_000a6cf2", "pitid": "00008100:000a6cf2", "kennzeich": "231.098", "bezirkname": "Neukölln", "ortstlname": "Rudow", "objartname": "Grünanlage", "namenr": "Schirpitzer Weg-Grünanlage", "namezusatz": null, "baujahr": "1997", "sanierjahr": null, "katasterfl": 12097.0, "widmung": "gewidmet", "plannr": "08401246", "planname": "Waltersdorfer Chaussee Ost"}, "geometry": {"type": "MultiPolygon", "coordinates": [[[[13.50933955, 52.41711413], [13.50937719, 52.41708014], [13.50946332, 52.41700238], [13.50952596, 52.41694581], [13.50885224, 52.41667124], [13.50856506, 52.41655422], [13.50817228, 52.41639409], [13.50811688, 52.4164448], [13.50803361, 52.41652104], [13.50798712, 52.4165636], [13.50794355, 52.41660349], [13.50792018, 52.41662488], [13.5078467, 52.41669215], [13.5078421, 52.41669636], [13.50776437, 52.41676757], [13.50838125, 52.41701917], [13.50866094, 52.41713324], [13.50911387, 52.41731791], [13.50919013, 52.41724905], [13.50926392, 52.41718243], [13.50930274, 52.41714738], [13.50933955, 52.41711413]]], [[[13.51073743, 52.41714041], [13.51071519, 52.41716021], [13.5107003, 52.41717347], [13.51053394, 52.41732163], [13.51050755, 52.41734513], [13.51049218, 52.41735882], [13.5104478, 52.41736407], [13.51037882, 52.41733581], [13.51037745, 52.41733525], [13.51022544, 52.41727298], [13.51025828, 52.41724302], [13.51014745, 52.41719762], [13.50964855, 52.41699331], [13.50963771, 52.4170031], [13.50964811, 52.41703188], [13.50966047, 52.41706493], [13.50966091, 52.41706616], [13.50966132, 52.4170674], [13.50966169, 52.41706863], [13.50966202, 52.41706988], [13.50966232, 52.41707112], [13.50966289, 52.4170728], [13.50966281, 52.41707362], [13.509663, 52.41707487], [13.50966316, 52.41707613], [13.50966328, 52.41707739], [13.50966339, 52.41707928], [13.50966342, 52.41708053], [13.50966342, 52.41708179], [13.50966338, 52.41708305], [13.5096633, 52.41708431], [13.50966319, 52.41708557], [13.50966304, 52.41708682], [13.50966286, 52.41708808], [13.50966264, 52.41708933], [13.50966239, 52.41709058], [13.5096621, 52.41709182], [13.50966177, 52.41709307], [13.50966141, 52.41709431], [13.50966102, 52.41709554], [13.50966059, 52.41709677], [13.50966012, 52.417098], [13.50965962, 52.41709922], [13.50965908, 52.41710043], [13.50965851, 52.41710164], [13.50965791, 52.41710285], [13.50965727, 52.41710404], [13.5096566, 52.41710523], [13.50965589, 52.41710641], [13.50965515, 52.41710759], [13.50965437, 52.41710875], [13.50965357, 52.41710991], [13.50965273, 52.41711106], [13.50965185, 52.4171122], [13.50965095, 52.41711333], [13.50965001, 52.41711445], [13.50964904, 52.41711556], [13.50964804, 52.41711666], [13.50964701, 52.41711775], [13.50964595, 52.41711883], [13.50964485, 52.4171199], [13.50964373, 52.41712095], [13.50964258, 52.41712199], [13.50964139, 52.41712302], [13.50964018, 52.41712404], [13.50963894, 52.41712505], [13.50963767, 52.41712604], [13.50963637, 52.41712701], [13.50963504, 52.41712798], [13.50963369, 52.41712893], [13.50963231, 52.41712986], [13.50963091, 52.41713078], [13.50962947, 52.41713168], [13.50962802, 52.41713257], [13.50962653, 52.41713344], [13.50962503, 52.4171343], [13.50962349, 52.41713514], [13.50962194, 52.41713597], [13.50962036, 52.41713677], [13.50961876, 52.41713757], [13.50961713, 52.41713834], [13.50961549, 52.4171391], [13.50961382, 52.41713983], [13.50961213, 52.41714055], [13.50961042, 52.41714126], [13.50960869, 52.41714194], [13.50960695, 52.41714261], [13.50960518, 52.41714325], [13.5096034, 52.41714388], [13.50960159, 52.41714449], [13.50959977, 52.41714508], [13.50959794, 52.41714565], [13.50959609, 52.4171462], [13.50959422, 52.41714673], [13.50959234, 52.41714724], [13.50959044, 52.41714773], [13.50958853, 52.4171482], [13.50958661, 52.41714865], [13.50958467, 52.41714908], [13.50958272, 52.41714948], [13.50958077, 52.41714987], [13.5095788, 52.41715024], [13.50957682, 52.41715058], [13.50957483, 52.41715091], [13.50957283, 52.41715121], [13.50957082, 52.41715149], [13.50956881, 52.41715175], [13.50956679, 52.41715199], [13.50956476, 52.41715221], [13.50956272, 52.4171524], [13.50956069, 52.41715257], [13.50955864, 52.41715273], [13.5095566, 52.41715286], [13.50955454, 52.41715296], [13.50955249, 52.41715305], [13.50955043, 52.41715311], [13.50954838, 52.41715316], [13.50954632, 52.41715318], [13.50954426, 52.41715317], [13.5095422, 52.41715315], [13.50954014, 52.4171531], [13.50953809, 52.41715304], [13.50953603, 52.41715295], [13.50953398, 52.41715283], [13.50953194, 52.4171527], [13.50952989, 52.41715255], [13.50952786, 52.41715237], [13.50952582, 52.41715217], [13.5095238, 52.41715195], [13.50952178, 52.41715171], [13.50951976, 52.41715144], [13.50951776, 52.41715116], [13.50951576, 52.41715085], [13.50951377, 52.41715052], [13.50951179, 52.41715018], [13.50950983, 52.41714981], [13.50950787, 52.41714942], [13.50950592, 52.417149], [13.50950399, 52.41714857], [13.50950207, 52.41714812], [13.50950016, 52.41714765], [13.50949827, 52.41714715], [13.50949639, 52.41714664], [13.50949452, 52.4171461], [13.50949268, 52.41714555], [13.50949084, 52.41714498], [13.50948903, 52.41714439], [13.50948723, 52.41714377], [13.50948545, 52.41714314], [13.50948346, 52.41714241], [13.50947778, 52.41714754], [13.50945687, 52.41716643], [13.50943096, 52.41718982], [13.50942313, 52.4171969], [13.50940162, 52.41721633], [13.50928763, 52.41731933], [13.50923557, 52.41736638], [13.50933751, 52.41739893], [13.50947819, 52.41744382], [13.50961874, 52.41748863], [13.50983004, 52.41755605], [13.50996399, 52.41759878], [13.51003609, 52.41762177], [13.51076271, 52.41785362], [13.51083468, 52.41787661], [13.51096862, 52.41791933], [13.51110254, 52.41796206], [13.51133523, 52.41803631], [13.51138025, 52.41805067], [13.51140546, 52.41802864], [13.51144738, 52.41799198], [13.51151427, 52.41793349], [13.51163116, 52.41783129], [13.51165131, 52.41781367], [13.51161317, 52.41779804], [13.51157712, 52.41778327], [13.51057013, 52.41737077], [13.51062069, 52.41732542], [13.5106686, 52.41728245], [13.51069905, 52.41725513], [13.51078587, 52.41717732], [13.5108365, 52.41713186], [13.51086042, 52.41711038], [13.51080786, 52.41708888], [13.51079925, 52.41708536], [13.5107757, 52.41710633], [13.51073743, 52.41714041]]]]}}, {"type": "Feature", "properties": {"id": "gruenanlagen.00008100_000a6d01", "pitid": "00008100:000a6d01", "kennzeich": "211.083", "bezirkname": "Neukölln", "ortstlname": "Buckow", "objartname": "Grünanlage", "namenr": "Breitunger Weg", "namezusatz": null, "baujahr": null, "sanierjahr": null, "katasterfl": 14147.0, "widmung": "gewidmet", "plannr": "08200729", "planname": "Britzer Garten"}, "geometry": {"type": "MultiPolygon", "coordinates": [[[[13.41573007, 52.42756688], [13.41567611, 52.42760014], [13.41572797, 52.42763231], [13.41572813, 52.42763241], [13.41572434, 52.42763475], [13.41554318, 52.42774672], [13.41549176, 52.42771375], [13.41528699, 52.42783995], [13.41528935, 52.42784905], [13.41529362, 52.42785762], [13.4152979, 52.42786487], [13.4153323, 52.42788734], [13.41534155, 52.4278926], [13.41547106, 52.42796636], [13.41564304, 52.42785068], [13.41607278, 52.42755237], [13.41595765, 52.42748773], [13.41577959, 52.42759786], [13.41577934, 52.4275977], [13.41573007, 52.42756688]]], [[[13.41473289, 52.42802401], [13.41459124, 52.42811185], [13.41455241, 52.42813577], [13.41442735, 52.4282128], [13.41437534, 52.42824383], [13.41437628, 52.42824482], [13.41439152, 52.42826089], [13.41439583, 52.42826351], [13.4144005, 52.4282659], [13.41440533, 52.42826817], [13.41441046, 52.42827017], [13.41441572, 52.42827203], [13.41442124, 52.42827361], [13.41442685, 52.42827505], [13.41443265, 52.42827618], [13.41443852, 52.42827715], [13.41444451, 52.42827782], [13.41445054, 52.42827832], [13.41445662, 52.42827851], [13.41446271, 52.42827853], [13.41446351, 52.42827849], [13.41497373, 52.427965], [13.41501071, 52.4279276], [13.41503606, 52.42791641], [13.4150829, 52.42789823], [13.41517242, 52.42784038], [13.41580066, 52.42745319], [13.41581283, 52.42744207], [13.41581725, 52.42743882], [13.41582142, 52.42743546], [13.41582506, 52.42743187], [13.41582842, 52.42742818], [13.4158312, 52.42742431], [13.41583367, 52.42742037], [13.41583554, 52.42741631], [13.41583673, 52.42741379], [13.41583753, 52.42741122], [13.41583813, 52.42740863], [13.41583833, 52.42740602], [13.41583833, 52.4274034], [13.41583792, 52.42740079], [13.41583731, 52.4273982], [13.41583631, 52.42739566], [13.41583512, 52.42739315], [13.41583354, 52.42739071], [13.41583178, 52.42738833], [13.41582965, 52.42738606], [13.41578997, 52.42736382], [13.41554062, 52.42752036], [13.41533787, 52.42764676], [13.41501258, 52.42784956], [13.41473289, 52.42802401]]], [[[13.41529906, 52.42790771], [13.41525693, 52.4278802], [13.4152399, 52.42786897], [13.41522982, 52.42787518], [13.41504843, 52.42798651], [13.41493476, 52.42805738], [13.41493517, 52.42805812], [13.41493562, 52.42805885], [13.41493612, 52.42805958], [13.41493666, 52.42806029], [13.41493723, 52.42806099], [13.41493785, 52.42806168], [13.4149385, 52.42806235], [13.4149392, 52.42806301], [13.41493993, 52.42806366], [13.4149407, 52.42806429], [13.41494151, 52.4280649], [13.41494234, 52.42806549], [13.41494322, 52.42806607], [13.41494412, 52.42806663], [13.41494506, 52.42806716], [13.41494602, 52.42806768], [13.41494702, 52.42806817], [13.41494804, 52.42806865], [13.41497948, 52.42808726], [13.41498659, 52.42808282], [13.41502974, 52.42810263], [13.41506376, 52.42811826], [13.41508423, 52.42810417], [13.41511515, 52.42812385], [13.41519874, 52.42807199], [13.41539711, 52.4280161], [13.41543942, 52.42798764], [13.41530993, 52.4279139], [13.41529906, 52.42790771]]], [[[13.41452423, 52.42832121], [13.41452532, 52.42832466], [13.4145266, 52.42832809], [13.41452807, 52.4283315], [13.41452973, 52.42833487], [13.41453158, 52.4283382], [13.4145336, 52.4283415], [13.41453581, 52.42834475], [13.4145382, 52.42834795], [13.41454076, 52.42835111], [13.4145435, 52.4283542], [13.4145464, 52.42835724], [13.41454948, 52.42836022], [13.41455271, 52.42836313], [13.41455611, 52.42836598], [13.41455966, 52.42836875], [13.41459989, 52.42839217], [13.41463026, 52.42840985], [13.41472759, 52.4283643], [13.4147861, 52.42832799], [13.4147554, 52.42830732], [13.4149667, 52.42817051], [13.41495751, 52.42815129], [13.41493898, 52.42811251], [13.41495374, 52.4281033], [13.41492222, 52.42808465], [13.41491995, 52.42808413], [13.41491765, 52.42808365], [13.41491533, 52.42808321], [13.41491299, 52.42808283], [13.41491063, 52.42808248], [13.41490825, 52.42808219], [13.41490586, 52.42808194], [13.41490345, 52.42808174], [13.41490104, 52.42808158], [13.41489862, 52.42808148], [13.41489619, 52.42808142], [13.4148787, 52.42809233], [13.41452262, 52.42831424], [13.41452333, 52.42831773], [13.41452423, 52.42832121]]], [[[13.41414303, 52.42838672], [13.41396876, 52.42849645], [13.4139694, 52.42849677], [13.4140195, 52.42852155], [13.41404523, 52.42853429], [13.41405696, 52.42852715], [13.41406667, 52.42852108], [13.41430356, 52.42837426], [13.41432249, 52.42835856], [13.41432929, 52.42835123], [13.41433087, 52.42834945], [13.41433234, 52.42834765], [13.41433372, 52.42834582], [13.41433499, 52.42834396], [13.41433617, 52.42834207], [13.41433724, 52.42834016], [13.4143382, 52.42833824], [13.41433906, 52.42833629], [13.41433981, 52.42833432], [13.41434045, 52.42833235], [13.41434098, 52.42833036], [13.41434141, 52.42832836], [13.41434172, 52.42832635], [13.41434192, 52.42832434], [13.41434202, 52.42832232], [13.41433171, 52.42827242], [13.41433124, 52.42827014], [13.41427319, 52.42830477], [13.41426681, 52.42830879], [13.41414308, 52.42838669], [13.41414303, 52.42838672]]], [[[13.41280196, 52.42922263], [13.41226528, 52.42955523], [13.4118035, 52.42984364], [13.41158363, 52.42998064], [13.41163612, 52.43000933], [13.41165287, 52.43001849], [13.41370882, 52.42874348], [13.41398157, 52.42857433], [13.41400159, 52.42855894], [13.41397814, 52.42854734], [13.41392788, 52.42852247], [13.41392763, 52.42852235], [13.41390037, 52.42853951], [13.41372503, 52.42864991], [13.41307456, 52.42905369], [13.41280196, 52.42922263]]], [[[13.41375528, 52.42892843], [13.4145082, 52.42846698], [13.41456104, 52.42844225], [13.41454216, 52.42843105], [13.41447531, 52.4283914], [13.41447208, 52.42839023], [13.41446878, 52.42838913], [13.41446542, 52.42838811], [13.414462, 52.42838715], [13.41445854, 52.42838627], [13.41445502, 52.42838546], [13.41445146, 52.42838473], [13.41444786, 52.42838407], [13.41444423, 52.42838349], [13.41444056, 52.42838299], [13.41443687, 52.42838256], [13.41443316, 52.42838221], [13.41442943, 52.42838195], [13.41442568, 52.42838176], [13.41442193, 52.42838165], [13.41441817, 52.42838162], [13.41441442, 52.42838167], [13.41411801, 52.42856639], [13.41415581, 52.42859131], [13.41399543, 52.42869481], [13.41395267, 52.42866943], [13.41385156, 52.42873244], [13.41388786, 52.42875798], [13.41364136, 52.42890954], [13.41360299, 52.42888734], [13.41356095, 52.42891413], [13.41359809, 52.42893646], [13.41339124, 52.42906278], [13.41335759, 52.42904028], [13.41331132, 52.42906911], [13.41334244, 52.42908899], [13.41317267, 52.42919783], [13.41313557, 52.42917862], [13.41304245, 52.42923666], [13.41307079, 52.42925365], [13.41275165, 52.42945253], [13.41272479, 52.42943461], [13.41263248, 52.42949213], [13.41266396, 52.42951101], [13.4123745, 52.42969259], [13.41236337, 52.4296858], [13.41233742, 52.42970156], [13.41234892, 52.42970864], [13.41218468, 52.42981167], [13.41214948, 52.42978907], [13.41203755, 52.42985848], [13.41207068, 52.42988321], [13.41195684, 52.42995539], [13.41191926, 52.42993183], [13.41187012, 52.4299623], [13.41190305, 52.42998597], [13.41179136, 52.43005554], [13.41176758, 52.43004189], [13.41173783, 52.43004434], [13.41163208, 52.43010992], [13.41166523, 52.43013228], [13.41151814, 52.43022551], [13.41157891, 52.43026218], [13.41158819, 52.43026778], [13.41159867, 52.4302741], [13.41171512, 52.43020529], [13.41172468, 52.43019927], [13.41231749, 52.42982879], [13.41266602, 52.42961184], [13.41322436, 52.42925693], [13.4137236, 52.42894602], [13.41375528, 52.42892843]]], [[[13.41163221, 52.43003131], [13.41161553, 52.43002219], [13.41156302, 52.42999348], [13.41154778, 52.43000298], [13.41150381, 52.43003038], [13.41156522, 52.43006626], [13.4115749, 52.43006685], [13.41163221, 52.43003131]]], [[[13.41128274, 52.43012904], [13.41133798, 52.43013569], [13.41140079, 52.43014776], [13.41140931, 52.43014865], [13.41142655, 52.43014271], [13.41143736, 52.43014108], [13.4114487, 52.43013979], [13.4114541, 52.43013914], [13.41146553, 52.43013467], [13.4115249, 52.43009785], [13.41152505, 52.43009251], [13.41146262, 52.43005604], [13.41139633, 52.43009734], [13.411241, 52.43010856], [13.41127641, 52.43012828], [13.41127741, 52.43012886], [13.41128274, 52.43012904]]], [[[13.41998412, 52.42487712], [13.41980396, 52.42496984], [13.41962371, 52.42506185], [13.41944367, 52.42515476], [13.41926621, 52.42524547], [13.41918622, 52.42528647], [13.41908998, 52.42534405], [13.41882146, 52.42550578], [13.41889477, 52.4255399], [13.41889487, 52.42553994], [13.41895335, 52.42550931], [13.41900631, 52.42547908], [13.41905942, 52.42544895], [13.4191126, 52.42541886], [13.41916592, 52.42538887], [13.41921932, 52.42535893], [13.41927285, 52.42532909], [13.41932646, 52.42529929], [13.41938046, 52.42526945], [13.42086352, 52.42450363], [13.42085561, 52.42450156], [13.42076057, 52.42447665], [13.42075784, 52.42447807], [13.42033805, 52.4246959], [13.42016352, 52.42478501], [13.41998412, 52.42487712]]], [[[13.42112588, 52.42457714], [13.42113209, 52.42457398], [13.42099477, 52.42453797], [13.42097219, 52.42453204], [13.42096993, 52.42453145], [13.42095125, 52.42452656], [13.42090947, 52.42454813], [13.42092018, 52.42455699], [13.42094519, 52.42457768], [13.4207914, 52.42465742], [13.42076483, 52.4246367], [13.42075412, 52.42462835], [13.42064949, 52.42468238], [13.42066001, 52.42469048], [13.42069269, 52.42471566], [13.42060491, 52.42476116], [13.42057478, 52.42474023], [13.42055271, 52.42475211], [13.42058248, 52.42477278], [13.42049849, 52.42481632], [13.42046343, 52.42479135], [13.42045294, 52.42478388], [13.42033651, 52.424844], [13.42034644, 52.42485138], [13.42037638, 52.42487363], [13.42027255, 52.42492914], [13.42026683, 52.42492626], [13.42023897, 52.42494168], [13.42024326, 52.4249448], [13.42019066, 52.42497292], [13.42015763, 52.42494826], [13.42014821, 52.42494124], [13.42010252, 52.42496483], [13.42011194, 52.42497171], [13.42014239, 52.42499396], [13.42001615, 52.42505937], [13.41998474, 52.42503697], [13.41997553, 52.4250304], [13.41994599, 52.42504566], [13.41995484, 52.42505231], [13.4199848, 52.42507484], [13.41986921, 52.42513554], [13.41983645, 52.42511306], [13.41982744, 52.42510687], [13.41969834, 52.42517353], [13.41970653, 52.42517972], [13.41973492, 52.42520121], [13.41948549, 52.42532992], [13.41943497, 52.42535846], [13.41940439, 52.42533475], [13.41939817, 52.42532992], [13.41938373, 52.42533791], [13.41933026, 52.42536763], [13.41931529, 52.42537597], [13.41931902, 52.42537855], [13.41934819, 52.42539879], [13.41926806, 52.42544602], [13.41923312, 52.42542547], [13.41923003, 52.42542365], [13.4192236, 52.42542726], [13.41917042, 52.42545717], [13.41911738, 52.42548718], [13.41910814, 52.42549242], [13.41911515, 52.42549635], [13.41915284, 52.42551749], [13.4189655, 52.42562715], [13.41893236, 52.42560618], [13.4189213, 52.42559918], [13.41890622, 52.42560786], [13.41885368, 52.4256382], [13.41881383, 52.42566135], [13.41882821, 52.42566875], [13.41886626, 52.42568834], [13.41854482, 52.42587996], [13.41851164, 52.42585897], [13.41849556, 52.42584879], [13.41848914, 52.42585262], [13.41843749, 52.42588351], [13.41838598, 52.4259145], [13.41838095, 52.42591753], [13.41839622, 52.42592832], [13.41842302, 52.42594724], [13.41823694, 52.42605987], [13.41820512, 52.42604313], [13.41818859, 52.42603444], [13.41818098, 52.4260391], [13.41810395, 52.42608376], [13.41808153, 52.42609655], [13.41808233, 52.42610197], [13.41808344, 52.42610738], [13.41808485, 52.42611276], [13.41808556, 52.42611497], [13.41808658, 52.4261181], [13.4180886, 52.42612341], [13.41809093, 52.42612867], [13.41809356, 52.42613387], [13.41809649, 52.42613902], [13.4180997, 52.4261441], [13.41810321, 52.42614911], [13.418107, 52.42615404], [13.41811107, 52.42615888], [13.41817131, 52.42619492], [13.41822514, 52.42616029], [13.41932766, 52.42549647], [13.41999791, 52.42514984], [13.42054488, 52.42486972], [13.42069775, 52.42479454], [13.42112588, 52.42457714]]], [[[13.41807783, 52.42594134], [13.41812593, 52.42596465], [13.41815134, 52.42596927], [13.41817552, 52.42596649], [13.41856769, 52.42573166], [13.41857072, 52.42572852], [13.41860255, 52.42570973], [13.41857523, 52.42570217], [13.41857403, 52.42570214], [13.41848725, 52.42567888], [13.41845529, 52.42569948], [13.41817538, 52.42587416], [13.41807215, 52.42593858], [13.41807783, 52.42594134]]], [[[13.41800524, 52.4260624], [13.41801725, 52.42606374], [13.41807452, 52.42603324], [13.41807338, 52.42602217], [13.41806817, 52.42600545], [13.41806089, 52.4259932], [13.41804359, 52.42598053], [13.41802942, 52.42597182], [13.41802411, 52.42596856], [13.41791206, 52.42603848], [13.41791502, 52.42604004], [13.41794758, 52.42605722], [13.41800524, 52.4260624]]], [[[13.41743882, 52.42650402], [13.41738992, 52.42653519], [13.41734109, 52.42656637], [13.41732838, 52.42657451], [13.41718654, 52.42666432], [13.41718208, 52.42672064], [13.41717975, 52.42672832], [13.41717701, 52.42673595], [13.41717385, 52.42674351], [13.41717029, 52.42675101], [13.41716632, 52.42675844], [13.41716196, 52.42676578], [13.4171572, 52.42677303], [13.41715205, 52.42678017], [13.41714652, 52.42678721], [13.41714061, 52.42679414], [13.41713433, 52.42680094], [13.41712769, 52.42680761], [13.41712069, 52.42681414], [13.41711334, 52.42682053], [13.41713172, 52.42683184], [13.41756236, 52.42657297], [13.41806108, 52.42626586], [13.418116, 52.42623052], [13.41808271, 52.42621047], [13.41807835, 52.42620718], [13.41807353, 52.42620414], [13.41806851, 52.42620122], [13.41806309, 52.42619859], [13.41805749, 52.4261961], [13.41805155, 52.42619391], [13.41804547, 52.42619189], [13.41803912, 52.4261902], [13.41803266, 52.42618868], [13.418026, 52.42618751], [13.41801927, 52.42618651], [13.41801242, 52.42618588], [13.41800554, 52.42618543], [13.41799998, 52.42618471], [13.41799345, 52.42618438], [13.41798665, 52.42618412], [13.41798039, 52.42618362], [13.41797319, 52.42618336], [13.41797176, 52.42618334], [13.41796253, 52.42618318], [13.41794656, 52.42618215], [13.41753676, 52.42644179], [13.41748776, 52.4264729], [13.41745241, 52.42649538], [13.41743882, 52.42650402]]], [[[13.41709782, 52.42654095], [13.41638628, 52.42698944], [13.41588753, 52.42730257], [13.41582409, 52.4273424], [13.41587039, 52.42735923], [13.41587592, 52.42736054], [13.4158816, 52.42736159], [13.41588301, 52.42736221], [13.41588445, 52.4273628], [13.41588593, 52.42736336], [13.41588743, 52.42736389], [13.41588897, 52.42736439], [13.41589053, 52.42736486], [13.41589211, 52.42736529], [13.41589372, 52.42736569], [13.41589535, 52.42736605], [13.415897, 52.42736638], [13.41589867, 52.42736668], [13.41590035, 52.42736694], [13.41590204, 52.42736717], [13.41590375, 52.42736736], [13.41590547, 52.42736751], [13.4159072, 52.42736763], [13.41590893, 52.42736771], [13.41591066, 52.42736776], [13.4159124, 52.42736777], [13.41591413, 52.42736775], [13.41591587, 52.42736768], [13.41591759, 52.42736759], [13.41591932, 52.42736745], [13.41592103, 52.42736728], [13.41592273, 52.42736708], [13.41592442, 52.42736684], [13.4159261, 52.42736656], [13.41592776, 52.42736625], [13.4159294, 52.4273659], [13.41593102, 52.42736553], [13.41593262, 52.42736511], [13.41595068, 52.42736073], [13.41684091, 52.42681206], [13.41688911, 52.42678069], [13.4169376, 52.42674921], [13.41698612, 52.42671776], [13.41703471, 52.42668635], [13.41708333, 52.42665496], [13.41713203, 52.42662361], [13.41718076, 52.42659228], [13.41722957, 52.42656099], [13.4172784, 52.42652973], [13.41732732, 52.4264985], [13.41737626, 52.4264673], [13.41742528, 52.42643613], [13.41747432, 52.42640499], [13.41752345, 52.42637388], [13.4175726, 52.42634281], [13.41762183, 52.42631177], [13.41767108, 52.42628075], [13.41772042, 52.42624977], [13.41776978, 52.42621882], [13.41781922, 52.4261879], [13.41785067, 52.42616702], [13.41786604, 52.42614856], [13.41786696, 52.42614762], [13.41787996, 52.42613304], [13.41789126, 52.42611795], [13.41789312, 52.42611482], [13.41789451, 52.42611161], [13.41789565, 52.42610836], [13.41789629, 52.42610506], [13.41789668, 52.42610174], [13.41789657, 52.42609842], [13.41789621, 52.4260951], [13.41789534, 52.42609182], [13.41789423, 52.42608857], [13.41789263, 52.42608539], [13.41786998, 52.42606997], [13.41786461, 52.42606699], [13.41781973, 52.4260936], [13.41780185, 52.4261042], [13.41742421, 52.42633847], [13.41709782, 52.42654095]]], [[[13.41705859, 52.42673614], [13.41705831, 52.42673616], [13.41705728, 52.42673624], [13.41705597, 52.42673636], [13.41705468, 52.42673652], [13.41705339, 52.4267367], [13.41705211, 52.42673691], [13.41705085, 52.42673714], [13.4170496, 52.4267374], [13.41704836, 52.42673769], [13.41704715, 52.426738], [13.41704595, 52.42673834], [13.41704477, 52.42673871], [13.41703421, 52.42674553], [13.41701335, 52.42675905], [13.41701909, 52.42676258], [13.41702372, 52.42676543], [13.41707478, 52.42679683], [13.4170995, 52.42676539], [13.41709982, 52.42676461], [13.4171001, 52.42676382], [13.41710033, 52.42676302], [13.41710051, 52.42676223], [13.41710065, 52.42676142], [13.41710074, 52.42676062], [13.41710079, 52.42675981], [13.41710079, 52.426759], [13.41710075, 52.42675819], [13.41710066, 52.42675739], [13.41710052, 52.42675659], [13.41710034, 52.42675579], [13.41710012, 52.42675499], [13.41709985, 52.4267542], [13.41709953, 52.42675342], [13.41709917, 52.42675264], [13.41709877, 52.42675187], [13.41709832, 52.42675111], [13.41709783, 52.42675036], [13.4170973, 52.42674962], [13.41709673, 52.42674889], [13.41709612, 52.42674818], [13.41709546, 52.42674747], [13.41709477, 52.42674679], [13.41709404, 52.42674611], [13.41709327, 52.42674546], [13.41709247, 52.42674482], [13.41709163, 52.42674419], [13.41709075, 52.42674359], [13.41708984, 52.426743], [13.4170889, 52.42674244], [13.41708793, 52.42674189], [13.41708692, 52.42674137], [13.41708589, 52.42674086], [13.41708483, 52.42674038], [13.41708374, 52.42673992], [13.41708263, 52.42673949], [13.41708149, 52.42673907], [13.41708033, 52.42673869], [13.41707915, 52.42673832], [13.41707795, 52.42673799], [13.41707673, 52.42673767], [13.4170755, 52.42673739], [13.41707425, 52.42673713], [13.41707298, 52.4267369], [13.41707171, 52.42673669], [13.41707042, 52.42673651], [13.41706912, 52.42673636], [13.41706781, 52.42673623], [13.4170665, 52.42673614], [13.41706519, 52.42673607], [13.41706387, 52.42673603], [13.41706255, 52.42673601], [13.41706123, 52.42673603], [13.41705991, 52.42673607], [13.41705859, 52.42673614]]], [[[13.41659045, 52.42717571], [13.41665853, 52.42714546], [13.41655281, 52.42707669], [13.41653949, 52.42706803], [13.41617889, 52.42729027], [13.41616797, 52.42731362], [13.41618453, 52.42732476], [13.41629323, 52.42739792], [13.41659045, 52.42717571]]], [[[13.41602309, 52.42744515], [13.41600869, 52.42745527], [13.41601189, 52.42746318], [13.41611424, 52.42752359], [13.41626674, 52.42741772], [13.41615755, 52.42735088], [13.41614964, 52.42734827], [13.4161397, 52.42734499], [13.41613272, 52.42734316], [13.41611256, 52.42733858], [13.41611071, 52.42733833], [13.41609058, 52.4273447], [13.41601998, 52.42738953], [13.41605575, 52.42741151], [13.41606387, 52.4274165], [13.41602309, 52.42744515]]]]}}, {"type": "Feature", "properties": {"id": "gruenanlagen.00008100_000a6d02", "pitid": "00008100:000a6d02", "kennzeich": "431.701", "bezirkname": "Neukölln", "ortstlname": "Neukölln", "objartname": "Grünanlage", "namenr": "Herrfurthplatz-Grünanlage", "namezusatz": null, "baujahr": null, "sanierjahr": null, "katasterfl": 5280.0, "widmung": null, "plannr": "08100102", "planname": "Schillerpromenade Nord"}, "geometry": {"type": "Polygon", "coordinates": [[[13.42209721, 52.47745883], [13.42213655, 52.47745752], [13.42217577, 52.47745517], [13.4222145, 52.47745075], [13.42225288, 52.47744531], [13.42229034, 52.47743784], [13.42232724, 52.47742939], [13.42236279, 52.47741901], [13.42239756, 52.4774077], [13.42241404, 52.47740116], [13.4224306, 52.47739458], [13.42246267, 52.4773806], [13.42248541, 52.47736875], [13.42249264, 52.47736497], [13.42252147, 52.47734857], [13.42253448, 52.47733975], [13.42254785, 52.47733069], [13.42257292, 52.47731213], [13.42259527, 52.47729231], [13.42259802, 52.47728961], [13.42261235, 52.47727564], [13.42261617, 52.47727191], [13.4226341, 52.47725048], [13.42263844, 52.47724467], [13.42265048, 52.47722859], [13.42265772, 52.47721615], [13.42266368, 52.47720592], [13.42267525, 52.47718292], [13.42268351, 52.47715939], [13.42269006, 52.47713556], [13.42269319, 52.47711146], [13.42269416, 52.4770948], [13.42269459, 52.47708731], [13.42269266, 52.47706468], [13.42269253, 52.47706317], [13.42268874, 52.47703912], [13.42268153, 52.47701535], [13.42267582, 52.47700026], [13.42267262, 52.47699181], [13.42266038, 52.47696882], [13.42265331, 52.47695728], [13.42264651, 52.47694619], [13.42262945, 52.47692438], [13.42262637, 52.47692084], [13.42261085, 52.47690305], [13.42258927, 52.47688279], [13.42257464, 52.47687028], [13.42256626, 52.4768631], [13.42254052, 52.47684472], [13.42251348, 52.47682704], [13.42248402, 52.47681088], [13.42245343, 52.47679551], [13.42242076, 52.47678184], [13.42240211, 52.47677474], [13.42238714, 52.47676905], [13.42235182, 52.47675811], [13.42231575, 52.47674811], [13.42227839, 52.47674009], [13.42224678, 52.47673423], [13.42224048, 52.47673306], [13.42220172, 52.47672809], [13.42216283, 52.47672419], [13.42215433, 52.4767238], [13.42212354, 52.47672237], [13.42208415, 52.4767216], [13.42204481, 52.47672292], [13.42200559, 52.47672529], [13.42196686, 52.47672973], [13.42192848, 52.47673519], [13.42189103, 52.47674267], [13.42185414, 52.47675114], [13.4218186, 52.47676153], [13.42178384, 52.47677286], [13.42175082, 52.47678599], [13.42173938, 52.47679098], [13.42171876, 52.47679996], [13.42170755, 52.47680581], [13.42168882, 52.47681558], [13.42166002, 52.47683198], [13.42163366, 52.47684984], [13.4216086, 52.47686839], [13.42158627, 52.4768882], [13.42156537, 52.47690858], [13.42155037, 52.4769265], [13.42154745, 52.47692999], [13.42153108, 52.47695186], [13.42152976, 52.47695412], [13.42151788, 52.47697452], [13.4215063, 52.4769975], [13.42149804, 52.47702101], [13.42149144, 52.47704485], [13.42148827, 52.47706896], [13.42148704, 52.47708971], [13.42148684, 52.47709312], [13.42148887, 52.47711727], [13.42148942, 52.47712078], [13.42149263, 52.47714134], [13.42149981, 52.47716512], [13.42150869, 52.47718868], [13.42152091, 52.47721168], [13.42153477, 52.47723433], [13.42155181, 52.47725616], [13.42156351, 52.47726959], [13.4215704, 52.4772775], [13.42158623, 52.47729238], [13.42159197, 52.47729778], [13.42161501, 52.47731745], [13.42164077, 52.47733582], [13.42166782, 52.47735348], [13.42169729, 52.47736964], [13.4217279, 52.47738499], [13.42176058, 52.47739864], [13.42179421, 52.47741142], [13.42182954, 52.47742234], [13.42186562, 52.47743232], [13.42190299, 52.47744033], [13.4219333, 52.47744593], [13.42194089, 52.47744734], [13.42197966, 52.47745229], [13.42201854, 52.47745621], [13.42202585, 52.47745655], [13.42205783, 52.47745804], [13.42209721, 52.47745883]], [[13.42202493, 52.47695776], [13.42202377, 52.47695659], [13.42202864, 52.47695419], [13.42203233, 52.47695237], [13.42204479, 52.47696336], [13.42205913, 52.47691683], [13.42208575, 52.47691984], [13.42208918, 52.47691068], [13.4221396, 52.47690644], [13.42219046, 52.47690538], [13.42222648, 52.47690585], [13.42226234, 52.47690792], [13.42229805, 52.47691079], [13.42233333, 52.47691524], [13.42236839, 52.4769204], [13.42240274, 52.4769271], [13.42243667, 52.47693456], [13.42246963, 52.47694351], [13.42252577, 52.47696113], [13.42252292, 52.47697128], [13.42254808, 52.47697447], [13.42253226, 52.47698918], [13.42250756, 52.4770143], [13.42249069, 52.47703413], [13.42247762, 52.47704719], [13.42246613, 52.4770608], [13.42245547, 52.47707465], [13.4224465, 52.47708895], [13.42243838, 52.47710343], [13.42243202, 52.47711824], [13.4224261, 52.47713698], [13.422423, 52.47715597], [13.42242131, 52.47717502], [13.42242247, 52.4771941], [13.42242506, 52.47721312], [13.42243047, 52.47723191], [13.4224365, 52.47726347], [13.42244797, 52.47729845], [13.42242252, 52.4772958], [13.42241909, 52.47730585], [13.42236549, 52.47731088], [13.42228336, 52.47731317], [13.42228442, 52.47730977], [13.4222463, 52.47730806], [13.42220893, 52.47730423], [13.42217178, 52.47729933], [13.42213572, 52.47729237], [13.42213479, 52.4772953], [13.42205951, 52.47727818], [13.42198147, 52.47725423], [13.42198431, 52.4772448], [13.42195784, 52.47724161], [13.42197173, 52.47719697], [13.42195345, 52.47720449], [13.42194816, 52.47719945], [13.42195007, 52.47719864], [13.42191431, 52.47716668], [13.42191256, 52.47716739], [13.42190771, 52.47716308], [13.4219235, 52.47715645], [13.42193187, 52.47712816], [13.4218948, 52.47712379], [13.42188696, 52.47713365], [13.4218793, 52.47713139], [13.42188687, 52.47712162], [13.42185721, 52.47710584], [13.42184215, 52.47711182], [13.42183732, 52.47710741], [13.42185237, 52.4771016], [13.42183907, 52.47707848], [13.42182142, 52.477079], [13.42182012, 52.47707413], [13.42183822, 52.47707291], [13.42184566, 52.47704871], [13.42182952, 52.47704432], [13.42183368, 52.47703947], [13.42184998, 52.47704418], [13.42187582, 52.47702579], [13.421866, 52.47701671], [13.4218728, 52.47701383], [13.4218826, 52.47702302], [13.42192048, 52.47701482], [13.42191935, 52.47700394], [13.42192804, 52.47700351], [13.421929, 52.47701438], [13.42196593, 52.47701886], [13.42197431, 52.47699073], [13.42196433, 52.47698093], [13.42197156, 52.47697798], [13.42197288, 52.47697905], [13.42202493, 52.47695776]]]}}, {"type": "Feature", "properties": {"id": "gruenanlagen.00008100_000a6d1d", "pitid": "00008100:000a6d1d", "kennzeich": "411.026", "bezirkname": "Neukölln", "ortstlname": "Neukölln", "objartname": "Grünanlage", "namenr": "Herbert-Krause Park", "namezusatz": null, "baujahr": null, "sanierjahr": null, "katasterfl": 6330.0, "widmung": "gewidmet", "plannr": "08100521", "planname": "Schulenburgpark"}, "geometry": {"type": "Polygon", "coordinates": [[[13.46986175, 52.46481796], [13.46973897, 52.46490921], [13.46978044, 52.46493401], [13.4697755, 52.46493712], [13.4697343, 52.46496308], [13.46969765, 52.46494168], [13.46967067, 52.46495872], [13.46966795, 52.46497786], [13.46969027, 52.46499083], [13.46970069, 52.46499687], [13.469712, 52.46500308], [13.46972257, 52.46500939], [13.46973077, 52.46501417], [13.46985748, 52.46493048], [13.46986266, 52.46493332], [13.47058318, 52.46531359], [13.47065935, 52.46535379], [13.47141301, 52.46483427], [13.47100171, 52.46461848], [13.47096857, 52.46460109], [13.47095668, 52.46459485], [13.47094076, 52.4645865], [13.47049446, 52.46435235], [13.47048727, 52.46434858], [13.47022463, 52.46454562], [13.47021725, 52.46455217], [13.47017623, 52.46458348], [13.47016561, 52.4645903], [13.4699455, 52.46475572], [13.46992307, 52.46477239], [13.46986175, 52.46481796]]]}}, {"type": "Feature", "properties": {"id": "gruenanlagen.00008100_000a6d4b", "pitid": "00008100:000a6d4b", "kennzeich": "411.027", "bezirkname": "Neukölln", "ortstlname": "Neukölln", "objartname": "Grünanlage", "namenr": "Hänselstrasse", "namezusatz": null, "baujahr": null, "sanierjahr": null, "katasterfl": 3596.0, "widmung": "gewidmet", "plannr": "08100521", "planname": "Schulenburgpark"}, "geometry": {"type": "Polygon", "coordinates": [[[13.47382099, 52.46581983], [13.47380846, 52.46580696], [13.47379834, 52.46579443], [13.47376033, 52.46574735], [13.47375613, 52.46574215], [13.47373856, 52.46571363], [13.47373243, 52.46570274], [13.47372571, 52.46568926], [13.47372306, 52.46568395], [13.47371562, 52.46566668], [13.47367884, 52.46566663], [13.4736153, 52.46570259], [13.47329749, 52.46570218], [13.47329762, 52.46566614], [13.47321853, 52.46566603], [13.473166, 52.46566597], [13.47312728, 52.4656661], [13.47312923, 52.4656842], [13.47313111, 52.46569228], [13.47314657, 52.46575866], [13.47314686, 52.46575989], [13.47317706, 52.46588957], [13.4731491, 52.46592436], [13.47314653, 52.46592756], [13.47310254, 52.46598231], [13.47307245, 52.46601975], [13.47306845, 52.46602473], [13.47306488, 52.46602917], [13.47306452, 52.46602897], [13.47298011, 52.46608506], [13.47277702, 52.46622003], [13.47221759, 52.46659189], [13.47219755, 52.46660508], [13.47228111, 52.46665218], [13.47233749, 52.46668397], [13.47237882, 52.46670727], [13.47239721, 52.46671764], [13.4724351, 52.466739], [13.47291707, 52.46641957], [13.47293863, 52.46640522], [13.47318723, 52.4662403], [13.47319628, 52.4662343], [13.47326717, 52.46618726], [13.47382099, 52.46581983]]]}}, {"type": "Feature", "properties": {"id": "gruenanlagen.00008100_000a6d4d", "pitid": "00008100:000a6d4d", "kennzeich": "411.028", "bezirkname": "Neukölln", "ortstlname": "Neukölln", "objartname": "Grünanlage", "namenr": "Heidekampgraben-Grünanlage", "namezusatz": null, "baujahr": null, "sanierjahr": null, "katasterfl": 27580.0, "widmung": "gewidmet", "plannr": "08100521", "planname": "Schulenburgpark"}, "geometry": {"type": "MultiPolygon", "coordinates": [[[[13.47561893, 52.46062444], [13.47538628, 52.46024857], [13.47520718, 52.46027458], [13.47513516, 52.46028527], [13.47508061, 52.46029337], [13.47507797, 52.4602939], [13.47502113, 52.46030532], [13.47496444, 52.4603167], [13.47496277, 52.46031704], [13.47483865, 52.46034528], [13.47507839, 52.46064065], [13.47510662, 52.46067542], [13.47516469, 52.46074698], [13.47518058, 52.46076656], [13.47519905, 52.46078931], [13.47529035, 52.46090179], [13.47530379, 52.46091835], [13.47540841, 52.46104724], [13.47555666, 52.46116154], [13.47556959, 52.46117151], [13.47583853, 52.46137885], [13.47585842, 52.46139418], [13.47597695, 52.46148556], [13.4760062, 52.46150811], [13.47609079, 52.46150822], [13.47609845, 52.46151414], [13.47612011, 52.46153084], [13.47655336, 52.46186489], [13.47657482, 52.46188144], [13.47686691, 52.46210665], [13.47691752, 52.4620798], [13.47695539, 52.46205972], [13.47700163, 52.46203519], [13.477052, 52.46200863], [13.47709551, 52.46198569], [13.47715078, 52.46195656], [13.47691913877527, 52.46177780716698], [13.475797990018275, 52.46091315963852], [13.475781578355189, 52.460886228831065], [13.47561893, 52.46062444]]], [[[13.47822295, 52.46350027], [13.47803878, 52.46322881], [13.477977, 52.46313776], [13.47785595, 52.46295934], [13.47740709, 52.46229774], [13.47728012, 52.46236428], [13.47723651, 52.46238712], [13.47721784, 52.4623969], [13.47717614, 52.46241925], [13.47705556, 52.46248387], [13.47727436, 52.46280634], [13.47728723, 52.46282531], [13.47738187, 52.46296478], [13.47739815, 52.46298878], [13.47787071, 52.46368523], [13.47787714, 52.4636947], [13.47789232, 52.46371708], [13.47797714, 52.4638421], [13.47810423, 52.46402943], [13.47806935, 52.46453703], [13.47805269, 52.46477942], [13.47804696, 52.46486292], [13.47803617, 52.46501986], [13.47798862, 52.46506527], [13.47767865, 52.46536142], [13.47765545, 52.46538358], [13.47767611, 52.46540034], [13.47768053, 52.46540401], [13.47768441, 52.46540791], [13.47768802, 52.4654119], [13.47769104, 52.46541607], [13.47769378, 52.46542031], [13.4776959, 52.46542468], [13.47769771, 52.4654291], [13.47769888, 52.46543361], [13.47769974, 52.46543813], [13.47769996, 52.46544269], [13.47769985, 52.46544725], [13.47769911, 52.46545179], [13.47769804, 52.4654563], [13.47769633, 52.46546074], [13.47769432, 52.46546513], [13.47769169, 52.46546939], [13.47765113, 52.46553489], [13.47761668, 52.4655865], [13.47757846, 52.4656371], [13.47757386, 52.46564262], [13.47756844, 52.46564785], [13.47756263, 52.46565293], [13.47755608, 52.46565766], [13.47754918, 52.46566219], [13.47754162, 52.46566632], [13.47753375, 52.46567022], [13.47752533, 52.46567367], [13.47751665, 52.46567687], [13.47750753, 52.46567958], [13.47749821, 52.46568202], [13.47748856, 52.46568392], [13.47747878, 52.46568555], [13.47746879, 52.46568662], [13.47745874, 52.4656874], [13.4774486, 52.46568761], [13.47733728, 52.46568753], [13.4773151, 52.46570872], [13.47725808, 52.4657632], [13.47725801, 52.46587286], [13.47725801, 52.46587289], [13.47725799, 52.46591972], [13.47709422, 52.46591974], [13.47705276, 52.46595935], [13.47700208, 52.46600777], [13.47701584, 52.46601339], [13.47707332, 52.46603689], [13.47708896, 52.46604328], [13.4770908, 52.46604403], [13.47712207, 52.46606188], [13.47713056, 52.4660722], [13.47713169, 52.46608141], [13.47713115, 52.46609384], [13.47713106, 52.46609592], [13.47712987, 52.46610547], [13.4771252, 52.46611609], [13.4771013, 52.46615358], [13.4770844, 52.46617585], [13.47708245, 52.46617901], [13.47706112, 52.46620561], [13.47705871, 52.46620853], [13.47703194, 52.46623788], [13.47699819, 52.46627217], [13.47696328, 52.46630681], [13.47692026, 52.46634144], [13.47689933, 52.46635841], [13.47687782, 52.46637387], [13.47684253, 52.4663991], [13.47682691, 52.46641027], [13.47682035, 52.46641481], [13.47680085, 52.46642834], [13.47677063, 52.46644434], [13.47673897, 52.46643204], [13.47673082, 52.46642877], [13.4766513, 52.46639646], [13.47661173, 52.46638038], [13.47654173, 52.46645087], [13.47623446, 52.46676028], [13.47590751, 52.46709009], [13.475691, 52.46730885], [13.47546116, 52.46754108], [13.47535105, 52.46765245], [13.475016, 52.46796125], [13.47500728, 52.46795788], [13.47500521, 52.46795708], [13.47500447, 52.46795778], [13.47491511, 52.46804406], [13.47491468, 52.46804447], [13.47492881, 52.46804984], [13.47506609, 52.46810206], [13.47506657, 52.46810223], [13.475066769963062, 52.468102301986704], [13.475581238568514, 52.46766721399471], [13.475599390839784, 52.467651866448534], [13.476181202520879, 52.46726591504918], [13.476351164399025, 52.46713034366962], [13.477006471394766, 52.46650416782855], [13.477646232268325, 52.46589282134166], [13.477709562437205, 52.465832245526705], [13.47778426097175, 52.465760891856526], [13.477859324815173, 52.46568918319866], [13.478339123924979, 52.46523093293935], [13.47841405416304, 52.46513316612087], [13.478479137897585, 52.46498667590163], [13.478486817270433, 52.46489205387055], [13.478488681336737, 52.46486446630366], [13.478549313889893, 52.46398128099462], [13.47822295, 52.46350027]]], [[[13.47503047, 52.46813383], [13.47488188, 52.46807611], [13.47487903, 52.46807885], [13.47482347, 52.46813242], [13.47482254, 52.46813332], [13.47352805, 52.46938618], [13.47357007, 52.46940242], [13.473677319793651, 52.469443874459344], [13.473677356453683, 52.46944383898628], [13.474356852193289, 52.468786143493666], [13.474918891023322, 52.46824214109737], [13.4749727652157, 52.468189995301685], [13.475025732500658, 52.46813870213521], [13.47503047, 52.46813383]]]]}}, {"type": "Feature", "properties": {"id": "gruenanlagen.00008100_000a6d4e", "pitid": "00008100:000a6d4e", "kennzeich": "411.029", "bezirkname": "Neukölln", "ortstlname": "Neukölln", "objartname": "Grünanlage", "namenr": "Comeniusgarten", "namezusatz": null, "baujahr": null, "sanierjahr": null, "katasterfl": 7431.0, "widmung": "gewidmet", "plannr": "08100416", "planname": "Alt-Rixdorf"}, "geometry": {"type": "MultiPolygon", "coordinates": [[[[13.4427427, 52.47410714], [13.44274264, 52.47410782], [13.44274355, 52.47410882], [13.44276418, 52.47413144], [13.4427656, 52.47413301], [13.44276754, 52.47413378], [13.44281347, 52.4741521], [13.44288515, 52.47415792], [13.4428852, 52.47415792], [13.44288525, 52.47415791], [13.44292798, 52.47414929], [13.44295915, 52.47413247], [13.44297991, 52.47410321], [13.44298046, 52.47410165], [13.44274581, 52.47407292], [13.4427427, 52.47410714]]], [[[13.44360805, 52.47488583], [13.44380136, 52.47490557], [13.44402807, 52.47492083], [13.44405983, 52.47487145], [13.44406044, 52.4748705], [13.44413343, 52.47475694], [13.44391006, 52.47470669], [13.44390232, 52.47470494], [13.44388209, 52.47474511], [13.44363769, 52.47470609], [13.44363853, 52.47470409], [13.44359263, 52.47469643], [13.44359116, 52.47469962], [13.4435219, 52.47469], [13.44345456, 52.47486753], [13.4434539, 52.47486927], [13.44343917, 52.47490807], [13.44338268, 52.47505868], [13.44337619, 52.47507598], [13.44291736, 52.47501284], [13.44296584, 52.4748801], [13.44293995, 52.47487656], [13.4429446, 52.47486383], [13.44294463, 52.47486377], [13.44294882, 52.47485227], [13.4429532, 52.47484027], [13.44247445, 52.47477222], [13.44240618, 52.47476166], [13.44241403, 52.47474391], [13.44241754, 52.47473598], [13.44236958, 52.47473027], [13.44177811, 52.47465368], [13.44155091, 52.47524294], [13.4421247, 52.475322], [13.44220254, 52.47511257], [13.44220266, 52.47511224], [13.44343158, 52.47527561], [13.44377239, 52.47532232], [13.44393388, 52.47534666], [13.44417984, 52.47519659], [13.4440803, 52.47517649], [13.44351771, 52.47509546], [13.44360805, 52.47488583]]]]}}, {"type": "Feature", "properties": {"id": "gruenanlagen.00008100_000a6d4f", "pitid": "00008100:000a6d4f", "kennzeich": "411.024", "bezirkname": "Neukölln", "ortstlname": "Neukölln", "objartname": "Grünanlage", "namenr": "Von-der-Schulenburg-Park-Grünanlage", "namezusatz": null, "baujahr": null, "sanierjahr": null, "katasterfl": 38557.0, "widmung": "gewidmet", "plannr": "08100521", "planname": "Schulenburgpark"}, "geometry": {"type": "Polygon", "coordinates": [[[13.47263457, 52.4672183], [13.47262622, 52.46721389], [13.47260252, 52.46723], [13.47233633, 52.46741091], [13.47230427, 52.46740418], [13.47218013, 52.46737814], [13.47218233, 52.46737175], [13.47218454, 52.46736536], [13.47219245, 52.46734118], [13.4721988, 52.46731518], [13.47220519, 52.46727733], [13.472211, 52.4672257], [13.47221236, 52.46719587], [13.47221124, 52.46715763], [13.47220887, 52.46711938], [13.47220157, 52.46709223], [13.47220087, 52.46709009], [13.47219704, 52.46708], [13.47219277, 52.46707193], [13.47217162, 52.46703671], [13.47215393, 52.46700952], [13.47214831, 52.46700288], [13.47214005, 52.46699382], [13.47213134, 52.46698494], [13.47211689, 52.46697124], [13.472102, 52.46695771], [13.47208669, 52.46694437], [13.47207093, 52.46693122], [13.47205476, 52.46691826], [13.47203816, 52.46690549], [13.47202114, 52.46689294], [13.47201423, 52.46688804], [13.47200372, 52.46688059], [13.47198591, 52.46686846], [13.47198931, 52.46686613], [13.47206853, 52.46681202], [13.47210999, 52.4667837], [13.47211623, 52.46677944], [13.47211683, 52.46677978], [13.47211694, 52.4667797], [13.47209822, 52.46676914], [13.47201835, 52.46672409], [13.47166785, 52.46652636], [13.47125752, 52.46629487], [13.47125734, 52.46629477], [13.4711703, 52.46624587], [13.47116531, 52.46624917], [13.47116244, 52.46625107], [13.47116206, 52.46625086], [13.47109733, 52.46629194], [13.47109504, 52.46629339], [13.47108251, 52.46630134], [13.47107332, 52.46630718], [13.4710296, 52.46633492], [13.47102539, 52.46633759], [13.47098003, 52.46636638], [13.47097715, 52.46636828], [13.47093717, 52.46639466], [13.47086554, 52.46644202], [13.47086267, 52.46644392], [13.47082273, 52.46647032], [13.47072148, 52.46653949], [13.47072005, 52.46654066], [13.47071368, 52.46654499], [13.47067278, 52.46657281], [13.47067017, 52.46657459], [13.47066048, 52.46658102], [13.47050047, 52.4666871], [13.47048599, 52.46669674], [13.47033633, 52.46679636], [13.47014205, 52.4669221], [13.47008924, 52.46695789], [13.47004972, 52.46698436], [13.4700385, 52.46699187], [13.47003642, 52.46699294], [13.46987807, 52.46709851], [13.46987765, 52.46709827], [13.46983665, 52.46712408], [13.46983243, 52.46712675], [13.46962649, 52.46726421], [13.46962279, 52.46726668], [13.46962289, 52.46726674], [13.46958279, 52.46729307], [13.46957751, 52.46729655], [13.46936018, 52.46743939], [13.46906033, 52.46764294], [13.46905863, 52.46764405], [13.46904833, 52.46765038], [13.46899244, 52.46768472], [13.46898964, 52.4676864], [13.46899022, 52.46768672], [13.46899214, 52.46768778], [13.46899193, 52.46768793], [13.46898999, 52.46768687], [13.46899004, 52.46768684], [13.46898947, 52.4676865], [13.46898083, 52.46769167], [13.46892385, 52.46772897], [13.46885149, 52.46777632], [13.46880381, 52.46781093], [13.46879859, 52.46781435], [13.46861452, 52.46793476], [13.4686066, 52.46793994], [13.46860615, 52.46794024], [13.46860096, 52.46794363], [13.46859557, 52.46794716], [13.46855477, 52.46797309], [13.46850228, 52.46800848], [13.46841673, 52.46806615], [13.4684068, 52.46807285], [13.46836603, 52.46809924], [13.46836313, 52.46810112], [13.46831526, 52.4681321], [13.46822971, 52.46818821], [13.46822979, 52.46818825], [13.46822697, 52.4681902], [13.46818691, 52.4682178], [13.46817821, 52.46822379], [13.46811774, 52.46826395], [13.4681153, 52.46826609], [13.46820199, 52.46831499], [13.46820241, 52.46831523], [13.46874578, 52.46862166], [13.46910097, 52.46882197], [13.46924751, 52.46872626], [13.46991061, 52.46829314], [13.46996353, 52.46832742], [13.4700843, 52.46839744], [13.47008416, 52.46839754], [13.47008556, 52.46839833], [13.47008624, 52.46839872], [13.47009359, 52.46840402], [13.47009365, 52.46840406], [13.47023831, 52.4685083], [13.47038779, 52.46861602], [13.47041513, 52.46863151], [13.47017888, 52.46881278], [13.47017698, 52.4688142], [13.47014905, 52.46883514], [13.46993047, 52.468984], [13.46993123, 52.46898443], [13.46993099, 52.4689846], [13.46988819, 52.46901345], [13.46984512, 52.46904216], [13.46975785, 52.46910072], [13.46978161, 52.46911393], [13.46978184, 52.46911406], [13.46978227, 52.4691143], [13.46979671, 52.46912233], [13.4698432, 52.46914818], [13.46984815, 52.46915093], [13.46987169, 52.46916402], [13.47004545, 52.46904915], [13.4700456, 52.46904894], [13.47020919, 52.46894081], [13.47022462, 52.46893063], [13.47060042, 52.46868223], [13.47064804, 52.46865075], [13.47173495, 52.4679323], [13.47177219, 52.46790768], [13.47240573, 52.46748889], [13.47241557, 52.46748239], [13.47243252, 52.46747118], [13.4724402, 52.46746611], [13.4727014, 52.46729344], [13.47273482, 52.46727117], [13.47263457, 52.4672183]], [[13.46915568, 52.46782841], [13.46915585, 52.46782833], [13.46918166, 52.46784332], [13.46923163, 52.46787235], [13.46923176, 52.46787227], [13.46932058, 52.46792347], [13.46946538, 52.46800694], [13.46958657, 52.46807681], [13.46958518, 52.46807772], [13.46957549, 52.46808409], [13.46957179, 52.46808653], [13.46956623, 52.46809019], [13.4695662, 52.46809021], [13.46956609, 52.46809028], [13.46956593, 52.46809039], [13.46955717, 52.46808543], [13.46955619, 52.46808487], [13.46955579, 52.46808465], [13.4694903, 52.46812773], [13.46949022, 52.46812778], [13.4694852, 52.46813109], [13.4694849, 52.46813128], [13.46949506, 52.46813702], [13.46948916, 52.4681409], [13.46945374, 52.46816421], [13.4694459, 52.46816937], [13.4694363, 52.46816391], [13.46943577, 52.46816362], [13.46936847, 52.4682079], [13.4693653, 52.46820999], [13.46936519, 52.46821006], [13.46937363, 52.46821483], [13.46937533, 52.46821581], [13.4693753, 52.46821583], [13.46936972, 52.4682195], [13.4693696, 52.46821958], [13.46936925, 52.46821981], [13.46933073, 52.46824515], [13.4693305, 52.46824538], [13.46933043, 52.46824534], [13.46932237, 52.46825065], [13.4693176, 52.46824794], [13.46931289, 52.46824527], [13.46931225, 52.4682449], [13.46924517, 52.46828904], [13.46924135, 52.46829155], [13.46924117, 52.46829168], [13.46924766, 52.46829535], [13.46924815, 52.46829563], [13.46925122, 52.46829748], [13.4692452, 52.46830144], [13.46919402, 52.46833512], [13.46915905, 52.46835813], [13.46915407, 52.46836141], [13.46912658, 52.4683795], [13.46910351, 52.46839468], [13.46909851, 52.46839797], [13.4690397, 52.46843667], [13.46903107, 52.46843177], [13.4690096, 52.46844637], [13.46900655, 52.46844845], [13.46859348, 52.46821023], [13.46858233, 52.46820377], [13.46854132, 52.46817915], [13.46853608, 52.46817601], [13.46847155, 52.46813726], [13.46847128, 52.4681371], [13.46847113, 52.46813701], [13.468471, 52.46813693], [13.46842371, 52.46810855], [13.46853909, 52.46803103], [13.46856854, 52.46801124], [13.46862522, 52.46797316], [13.4686373, 52.46797077], [13.46864907, 52.46796845], [13.46865026, 52.46796804], [13.46865049, 52.46796817], [13.46866509, 52.46796528], [13.4688362, 52.46785143], [13.46883941, 52.46784161], [13.46883949, 52.46784134], [13.46884007, 52.46783958], [13.46884436, 52.46782645], [13.46889429, 52.46779313], [13.46895834, 52.4677504], [13.46898708, 52.46773122], [13.46899266, 52.46773443], [13.4690392, 52.46776126], [13.46903929, 52.46776131], [13.46903949, 52.46776142], [13.46903971, 52.46776155], [13.4690639, 52.4677755], [13.46906689, 52.46777722], [13.46908963, 52.46779033], [13.46912878, 52.4678129], [13.46915568, 52.46782841]]]}}, {"type": "Feature", "properties": {"id": "gruenanlagen.00008100_000a6d55", "pitid": "00008100:000a6d55", "kennzeich": "411.025", "bezirkname": "Neukölln", "ortstlname": "Neukölln", "objartname": "Grünanlage", "namenr": "Venusplatz-Grünanlage", "namezusatz": null, "baujahr": null, "sanierjahr": "2017", "katasterfl": 4320.0, "widmung": "gewidmet", "plannr": "08100521", "planname": "Schulenburgpark"}, "geometry": {"type": "Polygon", "coordinates": [[[13.4661458, 52.46905986], [13.46614641, 52.46905947], [13.46614722, 52.46905894], [13.46620412, 52.46902234], [13.46620419, 52.46902229], [13.46620493, 52.46902182], [13.46631459, 52.46895125], [13.4663154, 52.46895073], [13.46634451, 52.468932], [13.46634532, 52.46893148], [13.46637856, 52.4689101], [13.4664107, 52.46888942], [13.46646694, 52.46885323], [13.46666858, 52.46872349], [13.46666908, 52.46872316], [13.46666939, 52.46872296], [13.46671958, 52.46869067], [13.4667203, 52.46869021], [13.46672039, 52.46869015], [13.46675568, 52.46866744], [13.46690201, 52.46857329], [13.46692425, 52.46850586], [13.46692939, 52.46849028], [13.46658749, 52.46829433], [13.46655451, 52.46827544], [13.46654079, 52.46826757], [13.46648242, 52.46823411], [13.4661618, 52.46843715], [13.46613997, 52.46845097], [13.46609709, 52.46847813], [13.46607788, 52.46849029], [13.46592941, 52.46858431], [13.46573438, 52.46870782], [13.46571368, 52.46872092], [13.46571286, 52.46872144], [13.46571282, 52.46872147], [13.46564999, 52.46875427], [13.46564909, 52.46875474], [13.46566839, 52.46876655], [13.46588237, 52.46889756], [13.46590347, 52.46891048], [13.46595937, 52.4689447], [13.4659602, 52.46894521], [13.46599536, 52.46896684], [13.46599619, 52.46896735], [13.46603908, 52.46899365], [13.46603857, 52.46899399], [13.46603487, 52.46899647], [13.46598898, 52.46902733], [13.46598725, 52.4690285], [13.46589243, 52.46909225], [13.46589165, 52.46909277], [13.46564202, 52.46904503], [13.46564119, 52.46904487], [13.46531492, 52.46899273], [13.46530977, 52.46899191], [13.46530713, 52.46899148], [13.46530181, 52.46899063], [13.46522397, 52.46897622], [13.46543644, 52.4690961], [13.46598772, 52.46916157], [13.46602371, 52.46913841], [13.4661458, 52.46905986]]]}}, {"type": "Feature", "properties": {"id": "gruenanlagen.00008100_000a6d56", "pitid": "00008100:000a6d56", "kennzeich": "411.021", "bezirkname": "Neukölln", "ortstlname": "Neukölln", "objartname": "Grünanlage", "namenr": "Böhmische Strasse", "namezusatz": null, "baujahr": null, "sanierjahr": null, "katasterfl": 1369.0, "widmung": "gewidmet", "plannr": "08100416", "planname": "Alt-Rixdorf"}, "geometry": {"type": "MultiPolygon", "coordinates": [[[[13.44563048, 52.47515496], [13.44562751, 52.47519537], [13.44578445, 52.47521948], [13.44578472, 52.47515044], [13.44563048, 52.47515496]]], [[[13.44668966, 52.47567277], [13.44668838, 52.47566492], [13.44667423, 52.47557748], [13.44666668, 52.47553085], [13.44665871, 52.47548188], [13.44664457, 52.4753949], [13.44663682, 52.4753472], [13.44662299, 52.47527618], [13.44658633, 52.47527714], [13.44632139, 52.47528409], [13.446211, 52.47528698], [13.44623763, 52.47568456], [13.44668966, 52.47567277]]]]}}, {"type": "Feature", "properties": {"id": "gruenanlagen.00008100_000a6d58", "pitid": "00008100:000a6d58", "kennzeich": "411.020", "bezirkname": "Neukölln", "ortstlname": "Neukölln", "objartname": "Grünanlage", "namenr": "Jan-Hus-Weg-Grünanlage", "namezusatz": null, "baujahr": null, "sanierjahr": "2015", "katasterfl": 649.0, "widmung": "gewidmet", "plannr": "08100416", "planname": "Alt-Rixdorf"}, "geometry": {"type": "Polygon", "coordinates": [[[13.44239985, 52.47649656], [13.44238241, 52.47650718], [13.44231305, 52.4765493], [13.44226171, 52.47658047], [13.44225113, 52.47658689], [13.44224964, 52.47658779], [13.44239771, 52.47667738], [13.44244131, 52.47670378], [13.44244188, 52.47670412], [13.44261517, 52.476809], [13.44273086, 52.47687899], [13.44273125, 52.47687876], [13.44273842, 52.47687438], [13.44275299, 52.47686543], [13.44281514, 52.47682727], [13.44281674, 52.47682629], [13.44281681, 52.47682625], [13.44285706, 52.47680154], [13.44285915, 52.47680025], [13.44287429, 52.47679096], [13.44287404, 52.47679081], [13.44268375, 52.47667273], [13.44247528, 52.47654336], [13.44247322, 52.47654208], [13.44246446, 52.47653665], [13.44240092, 52.47649722], [13.44239985, 52.47649656]]]}}, {"type": "Feature", "properties": {"id": "gruenanlagen.00008100_000a6d59", "pitid": "00008100:000a6d59", "kennzeich": "411.019", "bezirkname": "Neukölln", "ortstlname": "Neukölln", "objartname": "Grünanlage", "namenr": "Richardplatz-Grünanlage", "namezusatz": null, "baujahr": "1945", "sanierjahr": "1988", "katasterfl": 3715.0, "widmung": "gewidmet", "plannr": "08100416", "planname": "Alt-Rixdorf"}, "geometry": {"type": "MultiPolygon", "coordinates": [[[[13.44371039, 52.47382858], [13.44370848, 52.47382865], [13.44370658, 52.47382881], [13.4437047, 52.47382903], [13.44370286, 52.47382935], [13.44370104, 52.47382972], [13.44369928, 52.47383019], [13.44369756, 52.4738307], [13.44369591, 52.4738313], [13.44369431, 52.47383194], [13.44369281, 52.47383267], [13.44369137, 52.47383344], [13.44369004, 52.47383428], [13.44368877, 52.47383515], [13.44368763, 52.47383609], [13.44368656, 52.47383706], [13.44368563, 52.47383809], [13.44368478, 52.47383914], [13.44368408, 52.47384023], [13.44368346, 52.47384133], [13.44368301, 52.47384247], [13.44368263, 52.47384362], [13.44368242, 52.47384478], [13.4436823, 52.47384595], [13.44368234, 52.47384712], [13.44368336, 52.4739981], [13.44368335, 52.4739994], [13.44368353, 52.4740007], [13.44368381, 52.47400199], [13.44368427, 52.47400326], [13.44368483, 52.47400452], [13.44368558, 52.47400574], [13.44368641, 52.47400694], [13.44368742, 52.47400809], [13.44368851, 52.4740092], [13.44368976, 52.47401026], [13.44369109, 52.47401128], [13.44369257, 52.47401222], [13.44369411, 52.47401311], [13.44369578, 52.47401392], [13.44369751, 52.47401469], [13.44369934, 52.47401535], [13.44370123, 52.47401596], [13.44370319, 52.47401647], [13.44370519, 52.47401692], [13.44370725, 52.47401726], [13.44370933, 52.47401754], [13.44371145, 52.47401771], [13.44375114, 52.47401936], [13.44377625, 52.4740204], [13.44378999, 52.47402096], [13.44393148, 52.47402671], [13.44476426, 52.47406029], [13.44484455, 52.47406346], [13.44485141, 52.47406374], [13.44495562, 52.47406794], [13.44498775, 52.47406916], [13.44502057, 52.4740704], [13.44506797, 52.47407216], [13.4450732, 52.4740722], [13.44507841, 52.47407196], [13.4450836, 52.47407157], [13.44508871, 52.47407089], [13.44509376, 52.47407008], [13.44509867, 52.47406898], [13.44510349, 52.47406775], [13.4451081, 52.47406625], [13.4451126, 52.47406463], [13.44511684, 52.47406276], [13.44512094, 52.47406078], [13.44512472, 52.47405858], [13.44512833, 52.47405627], [13.44513159, 52.47405377], [13.44513465, 52.47405119], [13.44513731, 52.47404844], [13.44513977, 52.47404562], [13.44514179, 52.47404268], [13.4451436, 52.47403969], [13.44514494, 52.4740366], [13.44514606, 52.47403349], [13.4451467, 52.47403032], [13.44514717, 52.47402644], [13.44514693, 52.47402255], [13.44514676, 52.47401788], [13.44514625, 52.47401444], [13.44514525, 52.47401103], [13.44514401, 52.47400766], [13.4451423, 52.47400436], [13.44514034, 52.47400111], [13.44513794, 52.47399798], [13.44513531, 52.47399492], [13.44513225, 52.47399201], [13.44512899, 52.47398918], [13.44512533, 52.47398654], [13.44512149, 52.473984], [13.4451173, 52.47398167], [13.44511295, 52.47397945], [13.4451083, 52.47397748], [13.44510351, 52.47397563], [13.44509848, 52.47397404], [13.44509334, 52.47397259], [13.44508801, 52.47397142], [13.4450826, 52.4739704], [13.44507707, 52.47396966], [13.44501299, 52.47396314], [13.44500396, 52.47396221], [13.44487867, 52.47394936], [13.44485743, 52.47394716], [13.44478049, 52.47393921], [13.44445739, 52.4739058], [13.44396766, 52.47385504], [13.44387885, 52.47384584], [13.44383403, 52.4738412], [13.44377048, 52.47383459], [13.44371422, 52.47382865], [13.44371231, 52.47382857], [13.44371039, 52.47382858]]], [[[13.4471385, 52.47435745], [13.44714132, 52.47433939], [13.44715802, 52.47423242], [13.44711209, 52.47419598], [13.44643694, 52.47412778], [13.44610715, 52.47408563], [13.44594948, 52.47406547], [13.44542696, 52.47401508], [13.4454228, 52.4740278], [13.44540175, 52.47409232], [13.445397, 52.47410686], [13.44583182, 52.47422255], [13.44586345, 52.47423096], [13.44590203, 52.4742413], [13.44595577, 52.4742557], [13.44611099, 52.4742973], [13.44613516, 52.47430378], [13.4462911, 52.47434557], [13.44637658, 52.47436831], [13.44642431, 52.47438101], [13.44691102, 52.47451052], [13.44699179, 52.47452995], [13.44700651, 52.47453165], [13.4470395, 52.47453222], [13.44706512, 52.4745296], [13.44708686, 52.47452511], [13.44709846, 52.47451921], [13.44710466, 52.47451479], [13.44710841, 52.47450952], [13.44711674, 52.47448513], [13.44712709, 52.4744297], [13.44712786, 52.47442557], [13.44713005, 52.47441159], [13.4471385, 52.47435745]], [[13.44632174, 52.47429969], [13.44615973, 52.47426245], [13.44613597, 52.47425699], [13.44599136, 52.47422376], [13.4459456, 52.47421324], [13.44588052, 52.47419828], [13.44589918, 52.47416239], [13.44591554, 52.47413089], [13.44593615, 52.47409125], [13.44598649, 52.47409516], [13.44599034, 52.47409546], [13.44609458, 52.47410354], [13.44618296, 52.47412272], [13.44625927, 52.47414198], [13.44626341, 52.4741356], [13.44640808, 52.47417087], [13.4463607, 52.47424156], [13.44632174, 52.47429969]], [[13.44652169, 52.47421663], [13.44664465, 52.47424002], [13.44666812, 52.4741925], [13.4468694, 52.47423021], [13.44684219, 52.47428334], [13.44683342, 52.47430047], [13.44680748, 52.47435109], [13.44679865, 52.47436834], [13.44677027, 52.47442375], [13.44657278, 52.4743872], [13.44659579, 52.47433708], [13.44647664, 52.47431428], [13.44647928, 52.47430853], [13.44651874, 52.47422304], [13.44652169, 52.47421663]]]]}}, {"type": "Feature", "properties": {"id": "gruenanlagen.00008100_000a6d5b", "pitid": "00008100:000a6d5b", "kennzeich": "421.001-1", "bezirkname": "Neukölln", "ortstlname": "Neukölln", "objartname": "Grünanlage", "namenr": "Volkspark Hasenheide-Grünanlage", "namezusatz": null, "baujahr": "1954", "sanierjahr": null, "katasterfl": 472276.0, "widmung": "gewidmet", "plannr": "08100101", "planname": "Hasenheide"}, "geometry": {"type": "Polygon", "coordinates": [[[13.4203194, 52.48715428], [13.42033665, 52.48713764], [13.42034645, 52.48712819], [13.42044011, 52.48706393], [13.42047, 52.48704343], [13.420442, 52.48702814], [13.42044793, 52.48701925], [13.42045335, 52.48701023], [13.42045825, 52.48700111], [13.42046262, 52.48699189], [13.42046646, 52.48698258], [13.42046977, 52.4869732], [13.42047254, 52.48696375], [13.42047476, 52.48695424], [13.42047644, 52.4869447], [13.42047755, 52.48693545], [13.42047814, 52.48692619], [13.42047822, 52.48691693], [13.42047778, 52.48690766], [13.42047694, 52.48689917], [13.42047566, 52.4868907], [13.42047395, 52.48688226], [13.42045052, 52.4868022], [13.42040962, 52.48668347], [13.42039648, 52.48664758], [13.4203785, 52.48659403], [13.42035463, 52.48652299], [13.42033982, 52.4864799], [13.42031003, 52.48639322], [13.42054909, 52.48632463], [13.42052005, 52.48626186], [13.42101098, 52.48624685], [13.42101901, 52.4862466], [13.42099501, 52.48591694], [13.42097122, 52.48581746], [13.4209631, 52.48578352], [13.42091544, 52.48558357], [13.42077519, 52.48535919], [13.42081389, 52.48513839], [13.42082177, 52.48509327], [13.42082849, 52.4848165], [13.42119464, 52.4848202], [13.42139686, 52.48482225], [13.42168309, 52.48482514], [13.42244103, 52.48483279], [13.42251308, 52.48483351], [13.42256202, 52.48483401], [13.4225688, 52.48483408], [13.42256946, 52.48486572], [13.42257535, 52.48514995], [13.42257757, 52.48525718], [13.4228262, 52.4852566], [13.42301963, 52.48525615], [13.42301723, 52.48514978], [13.42301658, 52.48512053], [13.42301291, 52.48495758], [13.42300913, 52.484789], [13.42300863, 52.48476697], [13.42300761, 52.48472129], [13.42300661, 52.48467674], [13.42300065, 52.48441092], [13.42299635, 52.48421926], [13.42299534, 52.48417411], [13.42299484, 52.48415196], [13.42299455, 52.48413882], [13.42259959, 52.48413344], [13.42238016, 52.48413045], [13.4223411, 52.48412992], [13.42234416, 52.48401904], [13.42172031, 52.48401023], [13.42149055, 52.48400699], [13.42149056, 52.48400668], [13.42149118, 52.48398871], [13.42149753, 52.48380565], [13.42149942, 52.48375107], [13.42150433, 52.48360944], [13.42150584, 52.48356564], [13.42151453, 52.48331491], [13.42150896, 52.48331477], [13.42099405, 52.48330182], [13.42086489, 52.48329857], [13.42067364, 52.48329389], [13.4205765, 52.48329151], [13.4205571, 52.48329103], [13.42047943, 52.48328913], [13.42038842, 52.4832869], [13.42038836, 52.4832869], [13.42038724, 52.48328012], [13.42038633, 52.48327461], [13.42038477, 52.48327464], [13.42038375, 52.48327467], [13.42037531, 52.48321692], [13.42037068, 52.48318518], [13.42036476, 52.48314465], [13.42036381, 52.48313813], [13.42036029, 52.48311409], [13.42036019, 52.48311338], [13.42035323, 52.48306571], [13.42035276, 52.48306248], [13.42033309, 52.48292785], [13.42033238, 52.48287283], [13.42033222, 52.4828604], [13.42033696, 52.48281731], [13.42033926, 52.48279642], [13.42036831, 52.48253215], [13.42037145, 52.48250353], [13.42037259, 52.48249323], [13.4204018, 52.48222747], [13.42040882, 52.48222741], [13.4204102, 52.48221574], [13.42041155, 52.48221449], [13.42041285, 52.48221329], [13.42041612, 52.48221025], [13.42042537, 52.48220167], [13.42051152, 52.48212174], [13.42053932, 52.48209595], [13.42054058, 52.48209478], [13.42054169, 52.48209036], [13.42056754, 52.48205957], [13.42060135, 52.48201931], [13.42071055, 52.48195911], [13.42074532, 52.48196367], [13.42075254, 52.48196395], [13.42089586, 52.48198046], [13.42089611, 52.4819696], [13.42090067, 52.48177971], [13.42090189, 52.48172885], [13.42092115, 52.48092692], [13.42092171, 52.48090033], [13.4208913, 52.48091887], [13.4208389, 52.48095095], [13.42083887, 52.4809524], [13.42083839, 52.4809736], [13.42083475, 52.48113343], [13.4208315, 52.48127596], [13.42082735, 52.48145801], [13.42082631, 52.4815036], [13.42080679, 52.48150186], [13.42080662, 52.48150635], [13.42030856, 52.48146248], [13.42030324, 52.48146201], [13.42025912, 52.48145812], [13.42025973, 52.48145288], [13.42026694, 52.48139056], [13.42027386, 52.48129464], [13.4202743, 52.48119888], [13.42027517, 52.48116599], [13.42027417, 52.48113311], [13.42027197, 52.48110792], [13.42026764, 52.48107851], [13.42026508, 52.48106111], [13.42025877, 52.48103904], [13.42023612, 52.48095988], [13.42022869, 52.48093675], [13.42021536, 52.48090625], [13.42019968, 52.48087478], [13.42015929, 52.48080822], [13.42014788, 52.48079225], [13.42010303, 52.4807352], [13.42014111, 52.4807031], [13.42021315, 52.48063695], [13.42021616, 52.48063387], [13.42022205, 52.48062783], [13.42029819, 52.48051619], [13.42030728, 52.48050286], [13.42033142, 52.48038187], [13.42033713, 52.48037508], [13.42033808, 52.48037089], [13.42034042, 52.48037116], [13.42034356, 52.48036742], [13.42031528, 52.48036293], [13.4203133, 52.4803626], [13.42026936, 52.48035531], [13.42009462, 52.48032477], [13.41999685, 52.48030881], [13.41985453, 52.48028557], [13.41975732, 52.48026922], [13.41966429, 52.48025368], [13.41961495, 52.48024543], [13.41960887, 52.48024456], [13.41946947, 52.48022441], [13.41932326, 52.48020592], [13.41918495, 52.48019642], [13.41904118, 52.48019455], [13.41889205, 52.48019698], [13.41874322, 52.48020275], [13.41860762, 52.48021078], [13.41857547, 52.48021302], [13.41847236, 52.48022023], [13.41845975, 52.48022111], [13.41845598, 52.48022137], [13.41830962, 52.48023478], [13.41816558, 52.48025348], [13.41802519, 52.4802758], [13.41788629, 52.48029963], [13.41772248, 52.48032936], [13.41780213, 52.48047644], [13.41749625, 52.48054223], [13.41747099, 52.48054766], [13.41651023, 52.48075428], [13.41648681, 52.48075932], [13.41634933, 52.48078889], [13.41631308, 52.48079668], [13.4160578, 52.48085158], [13.41597488, 52.48070621], [13.41578665, 52.48074681], [13.41560018, 52.48078704], [13.4151452, 52.48088518], [13.41498563, 52.4809196], [13.41368357, 52.48120042], [13.41347109, 52.48124623], [13.41257523, 52.48143934], [13.41187872, 52.48158949], [13.4110779, 52.48176222], [13.41081289, 52.48181936], [13.41069093, 52.48184565], [13.41058237, 52.48186906], [13.41038059, 52.48191257], [13.40997441, 52.48200015], [13.409984, 52.48204927], [13.41000598, 52.48216196], [13.41026473, 52.48348486], [13.41046628, 52.48345638], [13.4105747, 52.48368454], [13.41058131, 52.48370221], [13.41059238, 52.48373174], [13.41059168, 52.48373396], [13.41066582, 52.48402789], [13.41066718, 52.48404976], [13.41065837, 52.48416907], [13.41064758, 52.48424349], [13.41064407, 52.48426767], [13.4105951, 52.48426989], [13.41042601, 52.48425899], [13.41041603, 52.48425834], [13.41041967, 52.48427699], [13.4105979, 52.48518836], [13.40804548, 52.48477041], [13.40798583, 52.48476064], [13.40792119, 52.48475005], [13.40779507, 52.4847294], [13.40735371, 52.48475618], [13.40669984, 52.48479584], [13.40670845, 52.48485304], [13.40671294, 52.4848829], [13.40671737, 52.48491234], [13.40681702, 52.48490625], [13.40682418, 52.48490581], [13.40682814, 52.48490557], [13.40683129, 52.48490538], [13.40690193, 52.48490106], [13.40724314, 52.4848802], [13.40731604, 52.48487575], [13.40749329, 52.48486491], [13.40751082, 52.48486384], [13.40756731, 52.48486038], [13.40767138, 52.48485402], [13.40771263, 52.4848515], [13.40777886, 52.48484745], [13.40777902, 52.48484748], [13.40783651, 52.48485689], [13.40821151, 52.4849183], [13.40825132, 52.48492482], [13.4083296, 52.48493764], [13.40845535, 52.48495823], [13.40878584, 52.48501235], [13.40882849, 52.48501934], [13.40905171, 52.48505589], [13.40906813, 52.48505858], [13.40909962, 52.48506373], [13.40981312, 52.48518057], [13.40987074, 52.48519], [13.40991917, 52.48519793], [13.40998448, 52.48520863], [13.41013824, 52.4852338], [13.4105323, 52.48529833], [13.41057992, 52.48530612], [13.4106223, 52.48531306], [13.41062237, 52.48531307], [13.41070831, 52.48532715], [13.41073223, 52.48533106], [13.41087344, 52.48535419], [13.4109044, 52.48535926], [13.41134461, 52.48543135], [13.41139503, 52.48543961], [13.41142847, 52.48544508], [13.41145182, 52.48544891], [13.41150615, 52.4854578], [13.41159158, 52.48547179], [13.41167489, 52.48548544], [13.41169285, 52.48548838], [13.41205226, 52.48554723], [13.4122308, 52.48567304], [13.41334079, 52.48645515], [13.41333309, 52.48649515], [13.41331275, 52.48660067], [13.4133069, 52.48663102], [13.41330549, 52.48663835], [13.41330492, 52.48664133], [13.41329318, 52.48670224], [13.41326727, 52.4868367], [13.4132636, 52.48685579], [13.41325957, 52.48687666], [13.41325168, 52.48691762], [13.41324257, 52.48696492], [13.41321715, 52.48709683], [13.41321538, 52.48710603], [13.41320812, 52.48714368], [13.4131822, 52.48727818], [13.41317357, 52.4873229], [13.41316899, 52.48734667], [13.41316796, 52.48735205], [13.41316727, 52.48735559], [13.41316232, 52.48738129], [13.41315686, 52.48740964], [13.41313903, 52.48750213], [13.41313632, 52.48751616], [13.41312801, 52.48755929], [13.41312514, 52.48757415], [13.41228713, 52.48768585], [13.41228703, 52.48768586], [13.41062849, 52.48790205], [13.41062803, 52.48790211], [13.41012236, 52.48796801], [13.4101219, 52.48796807], [13.41000361, 52.48798349], [13.41000315, 52.48798355], [13.40954132, 52.48804373], [13.40943445, 52.48808661], [13.40930164, 52.4881399], [13.40798337, 52.48831234], [13.4079737, 52.48833299], [13.40793582, 52.48841465], [13.40791494, 52.48845966], [13.40790614, 52.48847862], [13.40799541, 52.48846694], [13.40800923, 52.48846513], [13.40848683, 52.48840269], [13.40865317, 52.48838096], [13.4087676, 52.488366], [13.40904779, 52.48832931], [13.40932827, 52.48829262], [13.40942901, 52.48827942], [13.40955119, 52.4882635], [13.40955144, 52.48826346], [13.40959894, 52.48825725], [13.40960517, 52.48825643], [13.40964027, 52.48825184], [13.40966041, 52.48824921], [13.40980233, 52.48823065], [13.40982233, 52.48822803], [13.40991117, 52.48821641], [13.40999994, 52.48820479], [13.41001981, 52.48820219], [13.41016259, 52.4881835], [13.41017705, 52.48818163], [13.41018216, 52.48818096], [13.41027208, 52.48816917], [13.41027216, 52.48816916], [13.41049289, 52.48814031], [13.4104951, 52.48814002], [13.4107187, 52.48811077], [13.41080741, 52.48809917], [13.41082756, 52.48809653], [13.41091687, 52.48808485], [13.41096992, 52.48807792], [13.4109892, 52.48807539], [13.41107859, 52.48806371], [13.41143844, 52.48801663], [13.41152752, 52.48800496], [13.4115471, 52.48800239], [13.41163114, 52.48799138], [13.41179818, 52.48796949], [13.41176129, 52.48786391], [13.4123074, 52.48779281], [13.41291485, 52.48771372], [13.41309896, 52.48768974], [13.41324952, 52.48767014], [13.41343374, 52.48764616], [13.41359802, 52.48762478], [13.41368997, 52.48761281], [13.41367777, 52.48767569], [13.41366823, 52.48772483], [13.41363829, 52.48787846], [13.41362656, 52.48793864], [13.41360666, 52.48804069], [13.413592008597075, 52.48811583590628], [13.413743422751123, 52.48809616365758], [13.415497226285979, 52.48786763118955], [13.41547336, 52.48780009], [13.41536423, 52.48782094], [13.41507766, 52.48784895], [13.41462684, 52.4879077], [13.41434271, 52.48794473], [13.41415573, 52.48796909], [13.41411847, 52.48797395], [13.41411816, 52.48797108], [13.41411494, 52.48794123], [13.41411325, 52.48790847], [13.41411341, 52.48787568], [13.4141154, 52.48784292], [13.41411924, 52.48781022], [13.41412491, 52.48777762], [13.41425129, 52.48774303], [13.41430475, 52.48770256], [13.41437612, 52.48771354], [13.41440492, 52.48764381], [13.41443357, 52.48764757], [13.41446241, 52.48765075], [13.4144914, 52.48765335], [13.41452051, 52.48765537], [13.41454972, 52.4876568], [13.41457899, 52.48765764], [13.41460829, 52.48765789], [13.41463758, 52.48765756], [13.41466685, 52.48765663], [13.41469605, 52.48765512], [13.41476807, 52.48765099], [13.41486205, 52.48764193], [13.41493114, 52.48763136], [13.41497851, 52.48762363], [13.41498024, 52.4876234], [13.41498575, 52.48763932], [13.41503398, 52.48763756], [13.41540788, 52.4876148], [13.41536785, 52.48750152], [13.41562605, 52.48746755], [13.41590727, 52.48743194], [13.41618876, 52.4873946], [13.41627734, 52.48738293], [13.41629747, 52.48738026], [13.41643943, 52.48736147], [13.41645957, 52.4873588], [13.41654817, 52.48734707], [13.4168142, 52.48731178], [13.41708053, 52.48727658], [13.41716978, 52.48726494], [13.4173523, 52.48724116], [13.41744055, 52.48722967], [13.41780055, 52.48718286], [13.41792679, 52.48716645], [13.41805512, 52.48714975], [13.418274, 52.48712127], [13.41840785, 52.48710385], [13.41843541, 52.48741035], [13.418441941203286, 52.487482183295185], [13.41851371396322, 52.48747271879425], [13.419906558680763, 52.487290614504715], [13.420339211474936, 52.48723404436814], [13.4203194, 52.48715428]], [[13.41213595, 52.4824507], [13.41214473, 52.48247133], [13.41214618, 52.48248822], [13.4121443, 52.48250471], [13.41212986, 52.48252953], [13.41212257, 52.48253966], [13.41210668, 52.48256988], [13.41208406, 52.48260023], [13.41208364, 52.48260112], [13.41208209, 52.48260375], [13.41207934, 52.48260708], [13.41207587, 52.48261014], [13.41207283, 52.48261222], [13.41206826, 52.48261469], [13.41206317, 52.48261674], [13.41205624, 52.48261867], [13.41205186, 52.48261947], [13.41204433, 52.48262018], [13.41203975, 52.48262022], [13.41203671, 52.48262008], [13.41203187, 52.48261959], [13.41202633, 52.48261861], [13.4120235, 52.48261791], [13.41201943, 52.48261664], [13.41201558, 52.48261513], [13.41201202, 52.48261337], [13.41200878, 52.48261141], [13.41199458, 52.48260372], [13.41199274, 52.48260216], [13.4119836, 52.48259438], [13.41196679, 52.48257883], [13.41195811, 52.48256522], [13.41194667, 52.48255558], [13.41191893, 52.48255063], [13.41190344, 52.4825549], [13.41189097, 52.48256178], [13.41187535, 52.48257089], [13.41185888, 52.48257694], [13.41185119, 52.48258431], [13.41185023, 52.48259747], [13.41185049, 52.48260285], [13.41185112, 52.48261545], [13.41185081, 52.48263802], [13.41184716, 52.48265368], [13.41183432, 52.48267766], [13.4117861, 52.48268375], [13.41175405, 52.48268416], [13.41171577, 52.48268554], [13.41167806, 52.48267694], [13.41163143, 52.48266786], [13.41160128, 52.48265669], [13.41156449, 52.48263628], [13.41152855, 52.48260955], [13.41151088, 52.48259091], [13.41150677, 52.48258658], [13.41150689, 52.482557], [13.41151495, 52.48253508], [13.4115201, 52.48251847], [13.41153149, 52.48249397], [13.41159582, 52.48228779], [13.41160841, 52.4822656], [13.4116169, 52.4822405], [13.41163522, 52.48221449], [13.41165507, 52.48219402], [13.41168018, 52.48217162], [13.41168464, 52.48216764], [13.41170743, 52.48215323], [13.41173176, 52.48213843], [13.41175902, 52.48212423], [13.41178971, 52.48210655], [13.4118122, 52.4820944], [13.41183988, 52.4820825], [13.41186334, 52.4820745], [13.41188472, 52.48207096], [13.41189828, 52.48207018], [13.41193118, 52.48206892], [13.41196528, 52.48207001], [13.41200696, 52.48207124], [13.41203678, 52.48207174], [13.41205779, 52.48207097], [13.41207659, 52.48207009], [13.41208808, 52.4820679], [13.41209962, 52.48206526], [13.41211057, 52.48205674], [13.41211294, 52.48205001], [13.41211415, 52.48203504], [13.41211469, 52.48202504], [13.41211818, 52.48199833], [13.41212051, 52.48198515], [13.41212701, 52.48197543], [13.41213744, 52.48196408], [13.41215193, 52.48195611], [13.41217437, 52.48194846], [13.41218008, 52.48194651], [13.41219786, 52.48194287], [13.41223711, 52.48194015], [13.41226105, 52.48193992], [13.41238975, 52.48194616], [13.41243729, 52.4819484], [13.41246331, 52.48195357], [13.41247113, 52.48195667], [13.41249303, 52.48196637], [13.41252484, 52.48198018], [13.41253552, 52.48198316], [13.41256017, 52.48199005], [13.41258669, 52.4819986], [13.41260674, 52.48199954], [13.41262045, 52.48199727], [13.41264086, 52.48198974], [13.41267785, 52.48198565], [13.41275177, 52.48197683], [13.41276337, 52.48197373], [13.41278482, 52.48196973], [13.41280021, 52.48196635], [13.4128086, 52.48196493], [13.41283557, 52.48196439], [13.41286011, 52.48198247], [13.41284695, 52.48198594], [13.41284399, 52.48199719], [13.412851, 52.48201211], [13.41285116, 52.48203946], [13.41284302, 52.48206186], [13.4128296, 52.48208446], [13.41280595, 52.48209975], [13.41277292, 52.48210784], [13.41275382, 52.48211104], [13.41272804, 52.48211398], [13.41269995, 52.4821153], [13.41265632, 52.48212227], [13.41261608, 52.4821272], [13.41256584, 52.4821344], [13.41252432, 52.48214489], [13.41248062, 52.48215382], [13.4124305, 52.48217591], [13.4124016, 52.48219139], [13.41237786, 52.48220166], [13.41235503, 52.4822106], [13.41233657, 52.48222613], [13.41231946, 52.48224855], [13.41229979, 52.48226767], [13.41227293, 52.48227887], [13.41224057, 52.48229784], [13.41221557, 52.48232353], [13.41220518, 52.48233244], [13.41214922, 52.48238255], [13.41213553, 52.4824074], [13.41213146, 52.48243364], [13.41213595, 52.4824507]], [[13.41602651, 52.48287244], [13.41609934, 52.48275344], [13.41610443, 52.48274512], [13.41610139, 52.48274559], [13.41609833, 52.48274601], [13.41609524, 52.48274635], [13.41609214, 52.48274663], [13.41608902, 52.48274685], [13.41608589, 52.482747], [13.41608275, 52.48274708], [13.41607961, 52.48274709], [13.41607647, 52.48274704], [13.41607334, 52.48274693], [13.41607022, 52.48274674], [13.4160671, 52.48274649], [13.41606401, 52.48274617], [13.41606093, 52.48274579], [13.41605788, 52.48274535], [13.41605486, 52.48274483], [13.41605186, 52.48274426], [13.4160489, 52.48274362], [13.41604598, 52.48274292], [13.4160431, 52.48274216], [13.41604027, 52.48274133], [13.41603748, 52.48274045], [13.41603475, 52.48273951], [13.41603207, 52.48273851], [13.41602945, 52.48273745], [13.41602689, 52.48273634], [13.4160244, 52.48273518], [13.41602198, 52.48273396], [13.41601962, 52.48273269], [13.41601734, 52.48273138], [13.41601514, 52.48273001], [13.41601301, 52.4827286], [13.41601097, 52.48272715], [13.416009, 52.48272565], [13.41600713, 52.48272412], [13.41600535, 52.48272254], [13.41600365, 52.48272093], [13.41600205, 52.48271928], [13.41600055, 52.4827176], [13.41599914, 52.48271588], [13.41599783, 52.48271414], [13.41599662, 52.48271238], [13.41599551, 52.48271058], [13.4159945, 52.48270877], [13.4159936, 52.48270693], [13.4159928, 52.48270508], [13.41599211, 52.48270321], [13.41599152, 52.48270133], [13.41599105, 52.48269943], [13.41599068, 52.48269753], [13.41599042, 52.48269562], [13.41599027, 52.48269371], [13.41599023, 52.48269179], [13.41599029, 52.48268987], [13.41599047, 52.48268796], [13.41599075, 52.48268605], [13.41599115, 52.48268415], [13.41599165, 52.48268226], [13.41599226, 52.48268038], [13.41599297, 52.48267851], [13.4159938, 52.48267666], [13.41599472, 52.48267483], [13.41599575, 52.48267302], [13.41603346, 52.48262988], [13.41599775, 52.48259685], [13.41605921, 52.48253829], [13.41607117, 52.48252689], [13.41614288, 52.48253418], [13.41620097, 52.48250627], [13.41620287, 52.48250496], [13.41620485, 52.4825037], [13.41620689, 52.48250248], [13.41620901, 52.48250131], [13.41621118, 52.48250018], [13.41621342, 52.4824991], [13.41621572, 52.48249806], [13.41621808, 52.48249708], [13.41622049, 52.48249614], [13.41622296, 52.48249526], [13.41622547, 52.48249443], [13.41622803, 52.48249365], [13.41623063, 52.48249293], [13.41623327, 52.48249226], [13.41623594, 52.48249165], [13.41623865, 52.4824911], [13.41624139, 52.4824906], [13.41624416, 52.48249016], [13.41624695, 52.48248978], [13.41624976, 52.48248946], [13.41625258, 52.4824892], [13.41625542, 52.482489], [13.41625827, 52.48248886], [13.41626112, 52.48248878], [13.41626398, 52.48248876], [13.41626684, 52.4824888], [13.41626969, 52.4824889], [13.41627253, 52.48248906], [13.41627537, 52.48248929], [13.41627819, 52.48248957], [13.41628099, 52.48248991], [13.41628377, 52.48249031], [13.41628653, 52.48249077], [13.41628926, 52.48249128], [13.41629195, 52.48249186], [13.41629462, 52.48249248], [13.41629725, 52.48249317], [13.41629983, 52.48249391], [13.41630237, 52.48249471], [13.41630487, 52.48249556], [13.41630732, 52.48249646], [13.41630971, 52.48249741], [13.41631205, 52.48249841], [13.41631433, 52.48249947], [13.41631655, 52.48250056], [13.4163187, 52.48250171], [13.41632079, 52.4825029], [13.41632281, 52.48250413], [13.41632476, 52.48250541], [13.41632664, 52.48250672], [13.41632844, 52.48250808], [13.41633016, 52.48250947], [13.4163318, 52.4825109], [13.41633336, 52.48251236], [13.41633484, 52.48251385], [13.41633623, 52.48251538], [13.41633753, 52.48251693], [13.41633874, 52.48251851], [13.41633987, 52.48252011], [13.4163409, 52.48252174], [13.41634184, 52.48252339], [13.41634269, 52.48252505], [13.41634344, 52.48252674], [13.41634409, 52.48252843], [13.41634465, 52.48253014], [13.41634511, 52.48253187], [13.41634547, 52.4825336], [13.41634574, 52.48253533], [13.4163459, 52.48253707], [13.41634597, 52.48253882], [13.41634594, 52.48254056], [13.4163458, 52.4825423], [13.41634557, 52.48254404], [13.41634525, 52.48254578], [13.41634482, 52.4825475], [13.4163443, 52.48254922], [13.41634367, 52.48255092], [13.41634296, 52.48255261], [13.41634214, 52.48255428], [13.41635969, 52.48255334], [13.41653148, 52.48254416], [13.41653521, 52.48254396], [13.41653764, 52.48254818], [13.41655463, 52.48257767], [13.41657863, 52.48262826], [13.41661398, 52.48270967], [13.41663821, 52.48276548], [13.41653697, 52.48279786], [13.4163891, 52.48284125], [13.41635705, 52.48284977], [13.41632456, 52.48285763], [13.41629166, 52.48286482], [13.41625838, 52.48287135], [13.41622477, 52.4828772], [13.41619086, 52.48288236], [13.41615669, 52.48288683], [13.41612229, 52.48289061], [13.41608771, 52.48289369], [13.41605297, 52.48289606], [13.41601813, 52.48289773], [13.41598322, 52.48289869], [13.41598586, 52.48289795], [13.41598846, 52.48289715], [13.41599102, 52.48289631], [13.41599352, 52.4828954], [13.41599598, 52.48289445], [13.41599838, 52.48289345], [13.41600073, 52.4828924], [13.41600302, 52.4828913], [13.41600524, 52.48289016], [13.4160074, 52.48288897], [13.4160095, 52.48288774], [13.41601153, 52.48288647], [13.41601348, 52.48288515], [13.41601537, 52.4828838], [13.41601717, 52.48288241], [13.4160189, 52.48288098], [13.41602055, 52.48287952], [13.41602212, 52.48287802], [13.41602361, 52.48287649], [13.41602501, 52.48287494], [13.41602633, 52.48287335], [13.41602651, 52.48287244]], [[13.41786203, 52.48391728], [13.41787547, 52.48390789], [13.41787185, 52.48389764], [13.41785985, 52.48388454], [13.41783309, 52.48386825], [13.41782455, 52.48386446], [13.41781864, 52.48386694], [13.41780901, 52.4838707], [13.41779918, 52.48387425], [13.41778914, 52.48387758], [13.41777892, 52.48388071], [13.41776853, 52.48388361], [13.41775798, 52.48388629], [13.41774729, 52.48388874], [13.41773646, 52.48389096], [13.41772551, 52.48389296], [13.41771445, 52.48389471], [13.4177033, 52.48389624], [13.41769207, 52.48389752], [13.41768077, 52.48389856], [13.41766942, 52.48389936], [13.41765803, 52.48389992], [13.41764662, 52.48390024], [13.41763519, 52.48390032], [13.41762377, 52.48390015], [13.41761237, 52.48389974], [13.41760099, 52.48389908], [13.41758966, 52.48389819], [13.41757839, 52.48389705], [13.41756323, 52.48389427], [13.41754824, 52.48389118], [13.41753342, 52.48388778], [13.4175188, 52.48388409], [13.41750439, 52.48388009], [13.41749021, 52.4838758], [13.41747627, 52.48387122], [13.4174626, 52.48386636], [13.4174492, 52.48386121], [13.41743609, 52.4838558], [13.41742329, 52.48385012], [13.41741081, 52.48384418], [13.41739866, 52.48383798], [13.41738687, 52.48383154], [13.41737543, 52.48382487], [13.41736437, 52.48381795], [13.4173537, 52.48381082], [13.41734342, 52.48380347], [13.41733356, 52.48379591], [13.41732412, 52.48378816], [13.41731512, 52.48378022], [13.41729472, 52.48378637], [13.41727403, 52.48379214], [13.41725307, 52.48379753], [13.41723185, 52.48380253], [13.41722875, 52.4838032], [13.41721204, 52.48377659], [13.41721491, 52.48377593], [13.41729003, 52.48375636], [13.417275, 52.48374175], [13.41726081, 52.48372684], [13.41724746, 52.48371163], [13.41723498, 52.48369616], [13.41722338, 52.48368043], [13.41721268, 52.48366446], [13.41720288, 52.48364828], [13.417194, 52.48363191], [13.41718604, 52.48361536], [13.41717903, 52.48359865], [13.41717296, 52.4835818], [13.41716785, 52.48356483], [13.4171637, 52.48354777], [13.41716051, 52.48353063], [13.41715829, 52.48351344], [13.41715704, 52.4834962], [13.41715676, 52.48347895], [13.41715711, 52.48347357], [13.41715777, 52.48346821], [13.41715874, 52.48346285], [13.41716001, 52.48345753], [13.41716159, 52.48345223], [13.41716346, 52.48344697], [13.41716564, 52.48344175], [13.41716811, 52.48343658], [13.41717088, 52.48343147], [13.41717394, 52.48342642], [13.41717728, 52.48342144], [13.41718091, 52.48341653], [13.41718482, 52.4834117], [13.41718899, 52.48340696], [13.41719344, 52.48340231], [13.41719815, 52.48339776], [13.41720312, 52.48339331], [13.41720834, 52.48338897], [13.4172138, 52.48338475], [13.41721951, 52.48338064], [13.41722544, 52.48337666], [13.41723067, 52.48337338], [13.41723095, 52.48336323], [13.41723465, 52.4833471], [13.4172352, 52.48333189], [13.41723266, 52.48331568], [13.41722383, 52.48330128], [13.41719166, 52.48328563], [13.41715904, 52.48328234], [13.41713097, 52.48328291], [13.41710774, 52.4832788], [13.41709077, 52.48327381], [13.41707557, 52.48326314], [13.41707137, 52.48324976], [13.41707026, 52.48323738], [13.41707229, 52.48322408], [13.41708399, 52.48320235], [13.41710759, 52.48319601], [13.41712646, 52.4831915], [13.41715927, 52.48318909], [13.41718992, 52.48320377], [13.41720969, 52.48321736], [13.41721707, 52.48322888], [13.41722896, 52.48324521], [13.41725144, 52.48327025], [13.41728347, 52.48328971], [13.41731723, 52.48330444], [13.41734327, 52.48331716], [13.41737444, 52.48332967], [13.41737982, 52.48332922], [13.41738859, 52.48332868], [13.41739739, 52.48332833], [13.41740621, 52.48332817], [13.41741503, 52.4833282], [13.41742384, 52.48332841], [13.41743263, 52.48332881], [13.4174414, 52.4833294], [13.41745012, 52.48333018], [13.4174588, 52.48333114], [13.41746742, 52.48333228], [13.41747597, 52.48333361], [13.41748443, 52.48333512], [13.41751109, 52.48334264], [13.41753733, 52.4833507], [13.4175631, 52.48335929], [13.41758838, 52.48336841], [13.41761314, 52.48337805], [13.41763736, 52.48338819], [13.417661, 52.48339883], [13.41768404, 52.48340995], [13.41770645, 52.48342153], [13.41772821, 52.48343357], [13.41774929, 52.48344605], [13.41776967, 52.48345896], [13.41778933, 52.48347228], [13.41780824, 52.483486], [13.41782637, 52.4835001], [13.41784372, 52.48351457], [13.41786026, 52.48352938], [13.41787597, 52.48354453], [13.41790287, 52.48352777], [13.41793269, 52.48354666], [13.4179072, 52.48356296], [13.41790677, 52.48356374], [13.41790639, 52.48356453], [13.41790604, 52.48356533], [13.41790575, 52.48356614], [13.4179055, 52.48356695], [13.4179053, 52.48356777], [13.41790514, 52.48356859], [13.41790503, 52.48356941], [13.41790496, 52.48357023], [13.41790495, 52.48357106], [13.41790498, 52.48357188], [13.41790505, 52.48357271], [13.41790517, 52.48357353], [13.41790534, 52.48357435], [13.41790556, 52.48357516], [13.41790582, 52.48357597], [13.41790613, 52.48357678], [13.41790648, 52.48357757], [13.41790688, 52.48357836], [13.41790732, 52.48357914], [13.4179078, 52.48357991], [13.41790833, 52.48358067], [13.4179089, 52.48358142], [13.41790952, 52.48358216], [13.41791017, 52.48358288], [13.41791087, 52.48358359], [13.4179116, 52.48358428], [13.41791238, 52.48358496], [13.4179259, 52.48360516], [13.41793118, 52.48361229], [13.41793606, 52.48361953], [13.41794054, 52.48362686], [13.41794461, 52.48363428], [13.41794827, 52.48364178], [13.41795151, 52.48364935], [13.41795433, 52.48365698], [13.41795673, 52.48366467], [13.4179587, 52.4836724], [13.41796025, 52.48368017], [13.41796136, 52.48368797], [13.41796204, 52.48369578], [13.41796229, 52.48370361], [13.41796211, 52.48371143], [13.41796149, 52.48371925], [13.41796044, 52.48372705], [13.41795896, 52.48373482], [13.41795705, 52.48374256], [13.41795472, 52.48375025], [13.41795167, 52.48375697], [13.41794824, 52.48376363], [13.41794443, 52.48377021], [13.41794025, 52.4837767], [13.4179357, 52.4837831], [13.41793079, 52.48378939], [13.41792552, 52.48379558], [13.41791991, 52.48380166], [13.41791394, 52.48380761], [13.41790765, 52.48381343], [13.41790711, 52.48381389], [13.41790725, 52.48382688], [13.41790503, 52.48384175], [13.41790842, 52.48385169], [13.41791166, 52.48386544], [13.41791984, 52.48388077], [13.41793688, 52.48389242], [13.4179653, 52.48389965], [13.41799242, 52.48390838], [13.41801574, 52.48391859], [13.41805137, 52.48393353], [13.41807547, 52.48395669], [13.41809443, 52.48398435], [13.41805077, 52.48404268], [13.41802761, 52.48404245], [13.41800444, 52.4840427], [13.41798131, 52.48404343], [13.41795822, 52.48404464], [13.41794885, 52.48404533], [13.41793522, 52.48404633], [13.41791233, 52.4840485], [13.41788956, 52.48405114], [13.41786696, 52.48405425], [13.41784455, 52.48405783], [13.41782235, 52.48406187], [13.4178144, 52.4840635], [13.41781399, 52.48406358], [13.41781328, 52.48406373], [13.41778856, 52.48402974], [13.4178053, 52.48401474], [13.41782075, 52.48400124], [13.4178349, 52.48398925], [13.41785428, 52.48397048], [13.41786225, 52.4839588], [13.41785725, 52.48394634], [13.41785855, 52.48393608], [13.41785886, 52.48392752], [13.41786203, 52.48391728]], [[13.4164118, 52.48424008], [13.41639842, 52.4842402], [13.41638504, 52.48424004], [13.41637167, 52.48423962], [13.41635834, 52.48423891], [13.41634505, 52.48423794], [13.41633182, 52.48423669], [13.41631867, 52.48423518], [13.41630561, 52.48423339], [13.41629265, 52.48423134], [13.41627982, 52.48422902], [13.41626712, 52.48422644], [13.41625457, 52.4842236], [13.41624218, 52.48422051], [13.41622997, 52.48421716], [13.41621795, 52.48421357], [13.41620614, 52.48420973], [13.41619454, 52.48420565], [13.41618317, 52.48420133], [13.41617205, 52.48419679], [13.41616118, 52.48419202], [13.41615059, 52.48418703], [13.41604391, 52.48409592], [13.41601928, 52.48407048], [13.41599292, 52.48404799], [13.41595224, 52.48399128], [13.41590115, 52.48391356], [13.41583372, 52.48379362], [13.41581843, 52.48375655], [13.41581698, 52.48374851], [13.41581598, 52.48374045], [13.41581542, 52.48373236], [13.4158153, 52.48372428], [13.41581562, 52.48371619], [13.41581639, 52.48370811], [13.4158176, 52.48370006], [13.41581925, 52.48369203], [13.41582135, 52.48368404], [13.41582387, 52.4836761], [13.41582672, 52.4836685], [13.41582997, 52.48366095], [13.41583361, 52.48365348], [13.41586318, 52.48362865], [13.41592506, 52.48357667], [13.41592784, 52.48357434], [13.41600196, 52.48351209], [13.41608912, 52.48343888], [13.41610134, 52.48342862], [13.41623951, 52.48337589], [13.41642616, 52.48334719], [13.41650682, 52.48333925], [13.41673284, 52.48331698], [13.41673901, 52.48333841], [13.4167155, 52.48334064], [13.41671449, 52.48334081], [13.41671349, 52.483341], [13.4167125, 52.48334122], [13.41671152, 52.48334145], [13.41671056, 52.4833417], [13.41670961, 52.48334198], [13.41670868, 52.48334227], [13.41670776, 52.48334259], [13.41670687, 52.48334292], [13.41670599, 52.48334327], [13.41670513, 52.48334364], [13.4167043, 52.48334403], [13.41670349, 52.48334443], [13.4167027, 52.48334485], [13.41670193, 52.48334529], [13.41670119, 52.48334575], [13.41670048, 52.48334622], [13.41669979, 52.4833467], [13.41669913, 52.4833472], [13.4166985, 52.48334771], [13.4166979, 52.48334824], [13.41669733, 52.48334877], [13.41669679, 52.48334932], [13.41669628, 52.48334988], [13.4166958, 52.48335045], [13.41669536, 52.48335103], [13.41669495, 52.48335162], [13.41669457, 52.48335222], [13.41669423, 52.48335282], [13.41669392, 52.48335344], [13.41669364, 52.48335405], [13.41669341, 52.48335468], [13.4166932, 52.48335531], [13.41669304, 52.48335594], [13.4166929, 52.48335657], [13.41669281, 52.48335721], [13.41669275, 52.48335785], [13.41669272, 52.48335849], [13.41669274, 52.48335913], [13.41669279, 52.48335977], [13.41669287, 52.48336041], [13.41669299, 52.48336105], [13.41669315, 52.48336168], [13.41669334, 52.48336231], [13.41669374, 52.48336296], [13.41669418, 52.48336359], [13.41669466, 52.48336422], [13.41669517, 52.48336484], [13.41669571, 52.48336545], [13.41669629, 52.48336604], [13.4166969, 52.48336663], [13.41669755, 52.4833672], [13.41669822, 52.48336775], [13.41669893, 52.48336829], [13.41669967, 52.48336882], [13.41670043, 52.48336933], [13.41670123, 52.48336983], [13.41670205, 52.4833703], [13.4167029, 52.48337076], [13.41670377, 52.48337121], [13.41670467, 52.48337163], [13.41670559, 52.48337203], [13.41670653, 52.48337242], [13.4167075, 52.48337278], [13.41670848, 52.48337312], [13.41670948, 52.48337345], [13.4167105, 52.48337375], [13.41671154, 52.48337403], [13.41671259, 52.48337429], [13.41671366, 52.48337453], [13.41671474, 52.48337474], [13.41671583, 52.48337493], [13.41671693, 52.4833751], [13.41671804, 52.48337524], [13.41671915, 52.48337536], [13.41672027, 52.48337546], [13.4167214, 52.48337554], [13.41672253, 52.48337559], [13.41672367, 52.48337561], [13.4167248, 52.48337562], [13.4167495, 52.4833734], [13.41674968, 52.48337339], [13.41676572, 52.48342439], [13.41675957, 52.48342487], [13.41676247, 52.48343869], [13.41676919, 52.48343816], [13.41677274, 52.48344955], [13.41678581, 52.48347124], [13.41682339, 52.48351862], [13.41684269, 52.48354607], [13.41685445, 52.48356412], [13.4168819, 52.48361153], [13.41689705, 52.48364201], [13.41690852, 52.48369328], [13.41691261, 52.48371153], [13.41691272, 52.48371203], [13.41692208, 52.48375427], [13.41695549, 52.48391109], [13.41697969, 52.48401729], [13.41699565, 52.48408121], [13.41699551, 52.48408985], [13.41699506, 52.48409355], [13.41699441, 52.48409723], [13.41699354, 52.4841009], [13.41699247, 52.48410455], [13.41699119, 52.48410818], [13.4169897, 52.48411178], [13.41698801, 52.48411534], [13.41698612, 52.48411886], [13.41698402, 52.48412234], [13.41698174, 52.48412578], [13.41697925, 52.48412917], [13.41697658, 52.4841325], [13.41697372, 52.48413577], [13.41697067, 52.48413898], [13.41696744, 52.48414212], [13.41696403, 52.48414519], [13.41696046, 52.48414819], [13.41695671, 52.48415111], [13.4169528, 52.48415395], [13.41694873, 52.4841567], [13.4169445, 52.48415936], [13.41694013, 52.48416194], [13.41693561, 52.48416442], [13.41693096, 52.4841668], [13.41692617, 52.48416908], [13.41692125, 52.48417126], [13.41691622, 52.48417334], [13.41691106, 52.4841753], [13.4169058, 52.48417716], [13.41690044, 52.4841789], [13.41689498, 52.48418052], [13.41688943, 52.48418203], [13.4168838, 52.48418343], [13.41687809, 52.4841847], [13.41687231, 52.48418585], [13.41659896, 52.48422626], [13.41654021, 52.48423197], [13.41651811, 52.48423411], [13.41648704, 52.48423665], [13.41648087, 52.48423695], [13.41643851, 52.48423901], [13.41642517, 52.48423968], [13.4164118, 52.48424008]], [[13.42134671, 52.48442462], [13.42134751, 52.48441624], [13.42134878, 52.48440788], [13.42135052, 52.48439956], [13.42135272, 52.48439128], [13.4213554, 52.48438305], [13.42135853, 52.48437487], [13.42136213, 52.48436677], [13.42136617, 52.48435876], [13.42137067, 52.48435083], [13.42137561, 52.484343], [13.42138099, 52.48433527], [13.42138681, 52.48432767], [13.42139304, 52.48432019], [13.42139868, 52.4843141], [13.42140467, 52.48430813], [13.421411, 52.4843023], [13.42138861, 52.48429584], [13.42137226, 52.48429141], [13.42135525, 52.4842865], [13.42133811, 52.4842811], [13.42132086, 52.48427512], [13.42131004, 52.48427064], [13.42129801, 52.48426625], [13.42128738, 52.48426048], [13.42127395, 52.48425519], [13.42126232, 52.48424932], [13.42125585, 52.48424581], [13.42130912, 52.48428384], [13.42127066, 52.48431918], [13.42122852, 52.48430067], [13.42116926, 52.48427608], [13.42116887, 52.48427517], [13.42116843, 52.48427427], [13.42116794, 52.48427338], [13.4211674, 52.4842725], [13.42116681, 52.48427163], [13.42116617, 52.48427078], [13.42116548, 52.48426994], [13.42116474, 52.48426911], [13.42116396, 52.4842683], [13.42116313, 52.48426751], [13.42116225, 52.48426674], [13.42116134, 52.48426598], [13.42116038, 52.48426525], [13.42115937, 52.48426453], [13.42115833, 52.48426384], [13.42115725, 52.48426317], [13.42115614, 52.48426253], [13.42115498, 52.48426191], [13.42115379, 52.48426131], [13.42115257, 52.48426074], [13.4211447, 52.48425648], [13.42118855, 52.48421681], [13.42118485, 52.48421561], [13.42117385, 52.48421225], [13.42116507, 52.48420999], [13.42115187, 52.4842068], [13.42113966, 52.48420506], [13.42112629, 52.48420374], [13.42111227, 52.4842018], [13.42108663, 52.48420121], [13.42108902, 52.48418742], [13.42110284, 52.48418794], [13.42111619, 52.48418823], [13.42112995, 52.48419015], [13.42114421, 52.48419142], [13.42115773, 52.48419339], [13.42117114, 52.48419691], [13.42118427, 52.48420017], [13.42119656, 52.48420402], [13.4212097, 52.48420807], [13.42122134, 52.48421212], [13.42123308, 52.48421697], [13.42124412, 52.48422239], [13.42125562, 52.48422787], [13.42126722, 52.48423348], [13.42127697, 52.48423873], [13.42128672, 52.48424421], [13.42129766, 52.48424952], [13.4213092, 52.48425382], [13.42132185, 52.48425849], [13.42133347, 52.48426321], [13.42134871, 52.48426885], [13.42136472, 52.4842739], [13.42138073, 52.48427864], [13.421397, 52.48428271], [13.42142322, 52.48429219], [13.42142994, 52.48428716], [13.42143694, 52.48428227], [13.4214442, 52.48427752], [13.42145172, 52.48427292], [13.42145948, 52.48426848], [13.42146748, 52.4842642], [13.42147571, 52.48426008], [13.42148416, 52.48425613], [13.42149282, 52.48425236], [13.42150169, 52.48424876], [13.42150734, 52.48424593], [13.42151314, 52.48424323], [13.4215191, 52.48424064], [13.42152519, 52.48423818], [13.42153142, 52.48423585], [13.42153778, 52.48423365], [13.42154426, 52.48423159], [13.42155085, 52.48422966], [13.42155754, 52.48422787], [13.42156433, 52.48422622], [13.42157121, 52.48422472], [13.42157817, 52.48422336], [13.42158521, 52.48422215], [13.4215923, 52.48422108], [13.42159945, 52.48422017], [13.42160665, 52.4842194], [13.42161389, 52.48421879], [13.42162116, 52.48421833], [13.42162845, 52.48421802], [13.42163575, 52.48421786], [13.42164306, 52.48421785], [13.42169986, 52.48421635], [13.42174932, 52.48421806], [13.42177459, 52.48422], [13.42180212, 52.48422296], [13.4218595, 52.48423194], [13.4218934, 52.48423698], [13.42193788, 52.48424359], [13.42200086, 52.48425295], [13.42201745, 52.48425542], [13.42202687, 52.48425682], [13.42214306, 52.48426017], [13.422157, 52.48426849], [13.42215801, 52.48427921], [13.4221603, 52.48429654], [13.42220169, 52.48429104], [13.42224613, 52.48428263], [13.42226588, 52.48428546], [13.42228802, 52.48430371], [13.42232149, 52.48433406], [13.42233663, 52.48434908], [13.42235109, 52.48436433], [13.42236944, 52.48438486], [13.42238337, 52.48439972], [13.4224099, 52.48443045], [13.42242585, 52.48445078], [13.42244123, 52.48447204], [13.42244824, 52.48448238], [13.42245191, 52.48449855], [13.42244339, 52.48451168], [13.42244214, 52.48452987], [13.42241244, 52.48453254], [13.42239245, 52.48453038], [13.42238033, 52.48452943], [13.42236817, 52.48452871], [13.42235598, 52.48452825], [13.42234377, 52.48452802], [13.42233155, 52.48452804], [13.42231934, 52.48452829], [13.42230715, 52.4845288], [13.42229499, 52.48452954], [13.42228288, 52.48453052], [13.42227083, 52.48453175], [13.42225885, 52.48453321], [13.42224695, 52.48453491], [13.42222549, 52.4845386], [13.42220423, 52.48454271], [13.42218321, 52.48454726], [13.42216245, 52.48455222], [13.42214197, 52.48455761], [13.42210481, 52.48456854], [13.42206667, 52.48458173], [13.42203139, 52.48459536], [13.42201511, 52.4846022], [13.42198716, 52.48461483], [13.42196115, 52.48462695], [13.42194803, 52.48463246], [13.42193565, 52.48463742], [13.42192299, 52.48464212], [13.42191008, 52.48464655], [13.42189693, 52.4846507], [13.42188355, 52.48465458], [13.42186996, 52.48465817], [13.42185618, 52.48466148], [13.42184222, 52.4846645], [13.4218281, 52.48466722], [13.42181383, 52.48466965], [13.42179944, 52.48467177], [13.42178493, 52.48467359], [13.42177033, 52.48467511], [13.42175565, 52.48467632], [13.42174092, 52.48467722], [13.42172614, 52.48467781], [13.42171134, 52.4846781], [13.42169653, 52.48467807], [13.42168173, 52.48467773], [13.42166696, 52.48467708], [13.42165223, 52.48467612], [13.42163995, 52.48467491], [13.42162775, 52.48467344], [13.42161564, 52.48467171], [13.42160363, 52.48466973], [13.42159227, 52.4846676], [13.42158102, 52.48466525], [13.42156992, 52.48466267], [13.42155895, 52.48465987], [13.42154815, 52.48465685], [13.42153751, 52.48465361], [13.42152706, 52.48465016], [13.4215168, 52.48464649], [13.42150675, 52.48464262], [13.42149691, 52.48463855], [13.4214873, 52.48463429], [13.42147792, 52.48462983], [13.42146879, 52.48462518], [13.42145993, 52.48462035], [13.42145132, 52.48461535], [13.42144541, 52.48461208], [13.42143969, 52.48460869], [13.42143415, 52.48460519], [13.42142881, 52.48460158], [13.42142367, 52.48459786], [13.42141875, 52.48459403], [13.42141403, 52.48459011], [13.42140954, 52.48458608], [13.42140527, 52.48458197], [13.42140123, 52.48457778], [13.42139743, 52.4845735], [13.42139386, 52.48456915], [13.42139054, 52.48456473], [13.42138747, 52.48456024], [13.42138464, 52.48455569], [13.42138206, 52.48455108], [13.42137975, 52.48454642], [13.42137769, 52.48454172], [13.42137223, 52.48453272], [13.42135717, 52.4844936], [13.42135229, 52.48447554], [13.4213477, 52.48445102], [13.42134653, 52.4844414], [13.42134638, 52.48443301], [13.42134671, 52.48442462]], [[13.41708064, 52.48642279], [13.4170765, 52.48642317], [13.41703313, 52.48624698], [13.41762154, 52.48619301], [13.41766491, 52.48636919], [13.41708064, 52.48642279]], [[13.41620416, 52.48631119], [13.416288, 52.48653505], [13.41631752, 52.48661375], [13.41629522, 52.48661199], [13.41598026, 52.48665056], [13.41596618, 52.4866534], [13.4159464, 52.48665739], [13.41588904, 52.48666418], [13.4157858, 52.4866764], [13.41564027, 52.48669363], [13.41502218, 52.48676338], [13.41497358, 52.48676545], [13.41479851, 52.48677292], [13.41480153, 52.48674946], [13.41480997, 52.48670302], [13.41481013, 52.48669984], [13.41481263, 52.48664932], [13.41482262, 52.48655834], [13.41482291, 52.48655565], [13.41484266, 52.48645242], [13.41487083, 52.48644924], [13.41493902, 52.48644152], [13.41514498, 52.48641822], [13.41516058, 52.48641639], [13.4152425, 52.48640678], [13.41533155, 52.48639633], [13.41538003, 52.48639064], [13.41538235, 52.48639037], [13.41569526, 52.48635427], [13.41574832, 52.48634814], [13.41619798, 52.4862947], [13.41620416, 52.48631119]], [[13.41709965, 52.4869565], [13.41709451, 52.48694138], [13.41700305, 52.48667257], [13.41699966, 52.48666261], [13.41698519, 52.4866201], [13.41747951, 52.48656305], [13.41750527, 52.48656008], [13.41753219, 52.48664756], [13.41753367, 52.48664997], [13.41753527, 52.48665235], [13.41753701, 52.4866547], [13.41753888, 52.486657], [13.41754089, 52.48665927], [13.41754301, 52.48666149], [13.41754527, 52.48666366], [13.41754764, 52.48666579], [13.41755013, 52.48666787], [13.41755274, 52.48666989], [13.41755546, 52.48667186], [13.41755829, 52.48667377], [13.41756122, 52.48667561], [13.41756426, 52.4866774], [13.4175674, 52.48667912], [13.41757063, 52.48668077], [13.41757395, 52.48668235], [13.41757736, 52.48668387], [13.41758086, 52.48668531], [13.41758443, 52.48668668], [13.41758808, 52.48668797], [13.4175918, 52.48668918], [13.41759558, 52.48669031], [13.41759943, 52.48669137], [13.41760333, 52.48669234], [13.41760729, 52.48669323], [13.41761129, 52.48669403], [13.41761534, 52.48669475], [13.41761943, 52.48669539], [13.41762354, 52.48669594], [13.41762769, 52.4866964], [13.41763186, 52.48669678], [13.41763605, 52.48669706], [13.41764026, 52.48669726], [13.41764447, 52.48669737], [13.41764868, 52.48669739], [13.4176529, 52.48669733], [13.41765711, 52.48669717], [13.4176613, 52.48669693], [13.41766549, 52.4866966], [13.41771609, 52.48669188], [13.41775602, 52.48668816], [13.4178292, 52.48668133], [13.41784553, 52.48672906], [13.4178488, 52.48673863], [13.41789187, 52.48686541], [13.41784231, 52.48687111], [13.41782495, 52.48687311], [13.41709965, 52.4869565]]]}}, {"type": "Feature", "properties": {"id": "gruenanlagen.00008100_000a6d5c", "pitid": "00008100:000a6d5c", "kennzeich": "411.018", "bezirkname": "Neukölln", "ortstlname": "Neukölln", "objartname": "Grünanlage", "namenr": "Hertzbergplatz-Grünanlage", "namezusatz": null, "baujahr": null, "sanierjahr": "1997", "katasterfl": 2213.0, "widmung": "gewidmet", "plannr": "08100418", "planname": "Hertzbergplatz"}, "geometry": {"type": "Polygon", "coordinates": [[[13.44943414, 52.47803025], [13.44941642, 52.4780176], [13.44935119, 52.47796855], [13.4493187, 52.47794412], [13.44929708, 52.47792787], [13.4489353, 52.47810738], [13.44857145, 52.47782516], [13.44892531, 52.47764831], [13.44889747, 52.47762738], [13.44882564, 52.47757337], [13.44881154, 52.47758034], [13.448723, 52.47762414], [13.44871487, 52.47762815], [13.44863214, 52.47766908], [13.44863097, 52.47766966], [13.44861635, 52.47767688], [13.44859665, 52.47768663], [13.44856599, 52.47770179], [13.4484334, 52.47776736], [13.44842514, 52.47777144], [13.4483703, 52.47779858], [13.4483715, 52.47779946], [13.44845606, 52.47786098], [13.4484583, 52.47786277], [13.44847293, 52.4778744], [13.44847372, 52.47787401], [13.44847424, 52.47787374], [13.44848339, 52.47786917], [13.448484, 52.47786888], [13.44848464, 52.47786861], [13.44848529, 52.47786837], [13.44848597, 52.47786814], [13.44848666, 52.47786793], [13.44848737, 52.47786775], [13.4484881, 52.47786759], [13.44848883, 52.47786746], [13.44848958, 52.47786734], [13.44849034, 52.47786726], [13.4484911, 52.47786719], [13.44849187, 52.47786715], [13.44849264, 52.47786714], [13.44849341, 52.47786715], [13.44849418, 52.47786718], [13.44849494, 52.47786724], [13.4484957, 52.47786732], [13.44849645, 52.47786743], [13.44849719, 52.47786756], [13.44849792, 52.47786772], [13.44849863, 52.4778679], [13.44849933, 52.4778681], [13.44850001, 52.47786832], [13.44850067, 52.47786856], [13.44850131, 52.47786883], [13.44850192, 52.47786911], [13.44850251, 52.47786942], [13.44850307, 52.47786974], [13.4485036, 52.47787008], [13.44850414, 52.47787046], [13.4485257, 52.47788667], [13.4485506, 52.47790539], [13.44866947, 52.47799479], [13.44866954, 52.47799483], [13.44866843, 52.47799536], [13.44851826, 52.47806732], [13.44849362, 52.47807913], [13.44842894, 52.47810999], [13.44842901, 52.47811009], [13.44836086, 52.47814274], [13.44844469, 52.47820624], [13.44866938, 52.47837643], [13.44867866, 52.47838344], [13.44869583, 52.47839635], [13.44943414, 52.47803025]]]}}, {"type": "Feature", "properties": {"id": "gruenanlagen.00008100_000a6d5e", "pitid": "00008100:000a6d5e", "kennzeich": "431.015", "bezirkname": "Neukölln", "ortstlname": "Neukölln", "objartname": "Grünanlage", "namenr": "Wartheplatz-Grünanlage", "namezusatz": null, "baujahr": null, "sanierjahr": null, "katasterfl": 2992.0, "widmung": "gewidmet", "plannr": "08100104", "planname": "Wartheplatz"}, "geometry": {"type": "Polygon", "coordinates": [[[13.42450908, 52.46963456], [13.42446843, 52.46963127], [13.42446694, 52.4696314], [13.42446319, 52.46963254], [13.42446351, 52.46963131], [13.42442161, 52.46962732], [13.42420683, 52.46960425], [13.424107, 52.46959353], [13.42409976, 52.46959276], [13.42407077, 52.46958964], [13.42406352, 52.46958887], [13.42403935, 52.46958627], [13.42396117, 52.46957743], [13.42395949, 52.46957723], [13.42373492, 52.46955183], [13.42371061, 52.46954908], [13.42366279, 52.46954367], [13.42365945, 52.46955766], [13.42365817, 52.46956053], [13.4236549, 52.46956274], [13.42365164, 52.46956339], [13.42364603, 52.46956349], [13.42364205, 52.46956338], [13.42363825, 52.46956326], [13.42362234, 52.46956146], [13.42360752, 52.46955989], [13.42359685, 52.46955855], [13.42358434, 52.46959938], [13.42355636, 52.46969067], [13.42354389, 52.46973135], [13.42349324, 52.46989665], [13.42356569, 52.46995236], [13.42393017, 52.46999353], [13.42394198, 52.46999486], [13.42394922, 52.46999568], [13.42397816, 52.46999895], [13.42398539, 52.46999976], [13.42436715, 52.47004288], [13.4244611, 52.46999921], [13.42449847, 52.46987741], [13.42450776, 52.46984714], [13.42456271, 52.469668], [13.42457142, 52.4696396], [13.42450908, 52.46963456]]]}}, {"type": "Feature", "properties": {"id": "gruenanlagen.00008100_000a6d5f", "pitid": "00008100:000a6d5f", "kennzeich": "431.014", "bezirkname": "Neukölln", "ortstlname": "Neukölln", "objartname": "Grünanlage", "namenr": "Selkestraße-Grünanlage", "namezusatz": null, "baujahr": null, "sanierjahr": null, "katasterfl": 2304.0, "widmung": "gewidmet", "plannr": "08100208", "planname": "Körnerpark"}, "geometry": {"type": "Polygon", "coordinates": [[[13.43663613, 52.470736], [13.43631846, 52.47069782], [13.43623743, 52.47094175], [13.43610602, 52.47133727], [13.4360246, 52.47158236], [13.43634273, 52.47161854], [13.43637112, 52.47162178], [13.43665919, 52.47073877], [13.43663613, 52.470736]]]}}, {"type": "Feature", "properties": {"id": "gruenanlagen.00008100_000a6d60", "pitid": "00008100:000a6d60", "kennzeich": "431.011", "bezirkname": "Neukölln", "ortstlname": "Neukölln", "objartname": "Grünanlage", "namenr": "Lessinghöhe-Grünanlage", "namezusatz": null, "baujahr": null, "sanierjahr": null, "katasterfl": 26008.0, "widmung": "gewidmet", "plannr": "08100207", "planname": "Rollberg"}, "geometry": {"type": "MultiPolygon", "coordinates": [[[[13.43492658, 52.47657246], [13.43492183, 52.47658593], [13.43503259, 52.47659931], [13.43490596, 52.47698606], [13.43488658, 52.47704527], [13.4349692, 52.47705636], [13.43503487, 52.47706517], [13.4355592, 52.47713551], [13.43569611, 52.47671768], [13.43557953, 52.47662978], [13.43555377, 52.47652361], [13.43541108, 52.47650431], [13.43541769, 52.47648225], [13.43543167, 52.47643554], [13.43552098, 52.47613729], [13.43560288, 52.47609744], [13.43605946, 52.47614958], [13.43631341, 52.47612349], [13.4363764, 52.47611702], [13.43644447, 52.47611003], [13.43675751, 52.47600736], [13.43690567, 52.47602297], [13.43697519, 52.47581263], [13.43697574, 52.4758127], [13.43716298, 52.4758357], [13.4371006, 52.47602296], [13.43710133, 52.47602305], [13.4371393, 52.47602794], [13.43713935, 52.4760278], [13.43723029, 52.47576284], [13.43724713, 52.4757138], [13.43727037, 52.47564603], [13.43734017, 52.47544266], [13.43730982, 52.47543886], [13.43730089, 52.47546153], [13.43726224, 52.47555966], [13.43726189, 52.47556056], [13.4370891, 52.47553867], [13.4371864, 52.47525533], [13.43718727, 52.47525544], [13.43736202, 52.47527857], [13.43733796, 52.47535317], [13.43732113, 52.47540537], [13.43732102, 52.47540569], [13.4373513, 52.47541022], [13.43735163, 52.47540926], [13.43736701, 52.47536443], [13.43746088, 52.47509093], [13.43742954, 52.47508699], [13.43742938, 52.47508697], [13.43738216, 52.47522134], [13.43738179, 52.47522239], [13.43736652, 52.47522037], [13.43722939, 52.47520221], [13.43720669, 52.4751992], [13.43720663, 52.47519919], [13.43726713, 52.47502414], [13.43733244, 52.47483517], [13.43750177, 52.47485903], [13.43744083, 52.47505072], [13.43747309, 52.47505537], [13.43747331, 52.47505471], [13.43750344, 52.47496697], [13.43756381, 52.47479107], [13.43754388, 52.47477324], [13.43713986, 52.47472138], [13.4370414, 52.47470874], [13.43704049, 52.47470862], [13.43684686, 52.47468377], [13.43683393, 52.47468211], [13.43645351, 52.47463327], [13.43649999, 52.47449981], [13.4362323, 52.47446604], [13.43608691, 52.47447507], [13.43607346, 52.4744759], [13.43586058, 52.47448912], [13.43585612, 52.4744894], [13.43579213, 52.47449337], [13.43578779, 52.47449364], [13.4355722, 52.47450702], [13.43548555, 52.47476191], [13.43535949, 52.47513268], [13.4353413, 52.47518621], [13.43524291, 52.47547561], [13.43518168, 52.4756557], [13.43514271, 52.47577033], [13.43506686, 52.4759934], [13.43511893, 52.47600031], [13.43510176, 52.47605233], [13.43508699, 52.47609712], [13.43507372, 52.47613732], [13.43530001, 52.47616516], [13.43520362, 52.47645731], [13.43519668, 52.47647834], [13.43497069, 52.47644959], [13.43495433, 52.47649516], [13.43494089, 52.4765326], [13.43492658, 52.47657246]]], [[[13.43712934, 52.47605695], [13.43709168, 52.47605238], [13.4370851, 52.47607228], [13.43704212, 52.47620229], [13.43704177, 52.47620334], [13.43693742, 52.47618921], [13.43688285, 52.47618182], [13.43685332, 52.47617782], [13.43683813, 52.47622273], [13.43686785, 52.47622616], [13.43692277, 52.47623251], [13.43706349, 52.47624878], [13.4371119, 52.47610778], [13.43712934, 52.47605695]]]]}}, {"type": "Feature", "properties": {"id": "gruenanlagen.00008100_000a6d61", "pitid": "00008100:000a6d61", "kennzeich": "431.012", "bezirkname": "Neukölln", "ortstlname": "Neukölln", "objartname": "Grünanlage", "namenr": "Rübelandstraße", "namezusatz": null, "baujahr": null, "sanierjahr": "2017", "katasterfl": 8122.0, "widmung": "gewidmet", "plannr": "08100208", "planname": "Körnerpark"}, "geometry": {"type": "Polygon", "coordinates": [[[13.43734727, 52.47188631], [13.43700019, 52.47183718], [13.43703423, 52.47172472], [13.43687877, 52.47170703], [13.43688712, 52.47168054], [13.43684907, 52.47167622], [13.43678752, 52.47166922], [13.43678133, 52.4716879], [13.43678917, 52.4716887], [13.43682709, 52.47169258], [13.43682553, 52.47169745], [13.43680949, 52.47174742], [13.43681239, 52.4717478], [13.43680982, 52.47175503], [13.43681091, 52.47175614], [13.43681238, 52.47175775], [13.43681376, 52.4717594], [13.43681505, 52.47176108], [13.43681623, 52.47176278], [13.43681733, 52.47176451], [13.43681832, 52.47176625], [13.43681921, 52.47176802], [13.43682001, 52.47176981], [13.4368207, 52.47177161], [13.43682129, 52.47177342], [13.43682178, 52.47177525], [13.43682216, 52.47177709], [13.43682244, 52.47177893], [13.43682261, 52.47178078], [13.43682268, 52.47178263], [13.43682265, 52.47178448], [13.43682251, 52.47178632], [13.43682227, 52.47178817], [13.43682192, 52.47179001], [13.43682147, 52.47179184], [13.43682092, 52.47179366], [13.43682026, 52.47179546], [13.4368195, 52.47179725], [13.43681864, 52.47179903], [13.43681768, 52.47180078], [13.43681662, 52.47180252], [13.43681547, 52.47180423], [13.43681422, 52.47180591], [13.43681287, 52.47180757], [13.43681143, 52.4718092], [13.4368099, 52.4718108], [13.43680829, 52.47181236], [13.43680658, 52.47181389], [13.43680479, 52.47181538], [13.43680291, 52.47181683], [13.43680096, 52.47181825], [13.43679892, 52.47181962], [13.43679681, 52.47182095], [13.43679462, 52.47182223], [13.43679237, 52.47182346], [13.43679004, 52.47182465], [13.43678765, 52.47182579], [13.43678634, 52.47182637], [13.4367852, 52.47182687], [13.43678269, 52.47182791], [13.43678035, 52.47183538], [13.43676663, 52.47187926], [13.43676559, 52.47188259], [13.43672713, 52.47187781], [13.43671873, 52.47187676], [13.43671132, 52.47189911], [13.43671005, 52.47190293], [13.43663052, 52.47214292], [13.43677435, 52.47216067], [13.43745494, 52.47224463], [13.43737895, 52.47249487], [13.43736417, 52.47254356], [13.43734813, 52.47259639], [13.4373351, 52.47263931], [13.43731684, 52.47269944], [13.43729988, 52.47275525], [13.4372778, 52.47282796], [13.43724282, 52.47294318], [13.43727467, 52.47295233], [13.43729376, 52.47295781], [13.43733379, 52.4729693], [13.43734319, 52.47297279], [13.43734429, 52.4729732], [13.43734581, 52.47297376], [13.43752231, 52.47303926], [13.43753018, 52.47304218], [13.43753249, 52.47304303], [13.43770753, 52.47310799], [13.43771875, 52.47311215], [13.43771982, 52.47311255], [13.43772132, 52.47311311], [13.43775284, 52.47312481], [13.43782607, 52.47310506], [13.43782874, 52.47309718], [13.43782997, 52.47309352], [13.43784342, 52.47308026], [13.43784976, 52.47307382], [13.43785465, 52.47306869], [13.43785947, 52.47306351], [13.4378642, 52.47305828], [13.43786885, 52.47305299], [13.43787342, 52.47304765], [13.4378779, 52.47304225], [13.43788229, 52.4730368], [13.43788483, 52.47303356], [13.4378866, 52.47303129], [13.43789081, 52.47302573], [13.43789494, 52.47302011], [13.43789898, 52.47301443], [13.43790293, 52.47300869], [13.43790678, 52.4730029], [13.43791053, 52.47299704], [13.43791419, 52.47299112], [13.43791792, 52.47298485], [13.43792121, 52.47297909], [13.43792457, 52.47297298], [13.43792782, 52.4729668], [13.43793097, 52.47296055], [13.437934, 52.47295424], [13.43793693, 52.47294785], [13.43793974, 52.47294139], [13.43794243, 52.47293485], [13.437945, 52.47292824], [13.43794733, 52.47292191], [13.43806013, 52.4725891], [13.4380722, 52.47255381], [13.43820471, 52.47216092], [13.43816606, 52.4721219], [13.43816058, 52.47211637], [13.43816305, 52.47210907], [13.43817498, 52.47207328], [13.43819125, 52.47202446], [13.43819721, 52.4720066], [13.43786483, 52.47195956], [13.43781356, 52.4719523], [13.43761738, 52.47192453], [13.43758043, 52.4719193], [13.437382, 52.47189122], [13.43734727, 52.47188631]]]}}, {"type": "Feature", "properties": {"id": "gruenanlagen.00008100_000a6d62", "pitid": "00008100:000a6d62", "kennzeich": "431.010", "bezirkname": "Neukölln", "ortstlname": "Neukölln", "objartname": "Grünanlage", "namenr": "Körnerpark", "namezusatz": null, "baujahr": null, "sanierjahr": null, "katasterfl": 21089.0, "widmung": "gewidmet", "plannr": "08100208", "planname": "Körnerpark"}, "geometry": {"type": "Polygon", "coordinates": [[[13.43914517, 52.47191628], [13.43926176, 52.47157018], [13.43929729, 52.47146467], [13.43939645, 52.47117029], [13.43940798, 52.47113606], [13.43942996, 52.47107081], [13.43908017, 52.4710289], [13.43881645, 52.47099749], [13.43876895, 52.47099184], [13.43860237, 52.470972], [13.43855058, 52.47096583], [13.43834066, 52.47094083], [13.43786642, 52.47088345], [13.43771009, 52.47086471], [13.43714041, 52.47079644], [13.43698844, 52.47077823], [13.43698095, 52.47077733], [13.43666632, 52.47073962], [13.43665919, 52.47073877], [13.43637112, 52.47162178], [13.43637386, 52.47162209], [13.43669253, 52.4716584], [13.43678752, 52.47166922], [13.43684907, 52.47167622], [13.43688712, 52.47168054], [13.43687877, 52.47170703], [13.43703423, 52.47172472], [13.43700019, 52.47183718], [13.43734727, 52.47188631], [13.437382, 52.47189122], [13.43758043, 52.4719193], [13.43761738, 52.47192453], [13.43781356, 52.4719523], [13.43786483, 52.47195956], [13.43819721, 52.4720066], [13.43822552, 52.47191975], [13.43850429, 52.47195187], [13.43910969, 52.47202161], [13.43913409, 52.47194919], [13.43914517, 52.47191628]]]}}, {"type": "Feature", "properties": {"id": "gruenanlagen.00008100_000a6d63", "pitid": "00008100:000a6d63", "kennzeich": "431.006", "bezirkname": "Neukölln", "ortstlname": "Neukölln", "objartname": "Grünanlage", "namenr": "Boddinplatz", "namezusatz": null, "baujahr": null, "sanierjahr": null, "katasterfl": 1331.0, "widmung": "gewidmet", "plannr": "08100206", "planname": "Flughafenstraße"}, "geometry": {"type": "Polygon", "coordinates": [[[13.42903529, 52.47989848], [13.42898788, 52.47989248], [13.42835156, 52.47981197], [13.42833921, 52.4798487], [13.42829034, 52.47999397], [13.42831119, 52.47999607], [13.42831568, 52.47997939], [13.42837087, 52.47998615], [13.42837418, 52.47998655], [13.42847174, 52.47999849], [13.42847094, 52.48000114], [13.42847092, 52.48000122], [13.42846304, 52.48002752], [13.42846135, 52.48003316], [13.42844768, 52.48007881], [13.42844709, 52.48008078], [13.42845225, 52.48008151], [13.42847807, 52.48008512], [13.42848553, 52.48008617], [13.42894432, 52.48015045], [13.42900116, 52.48015841], [13.42908043, 52.47992505], [13.42908722, 52.47990505], [13.42905732, 52.47990127], [13.4290564, 52.47990117], [13.42903529, 52.47989848]], [[13.42833229, 52.47993679], [13.42833239, 52.47993605], [13.42833261, 52.47993533], [13.42833288, 52.47993461], [13.42833326, 52.47993391], [13.42833369, 52.47993322], [13.42833422, 52.47993256], [13.4283348, 52.47993192], [13.42833547, 52.47993131], [13.42833619, 52.47993072], [13.42833699, 52.47993017], [13.42833784, 52.47992964], [13.42833876, 52.47992917], [13.42833972, 52.47992872], [13.42834074, 52.47992832], [13.42834178, 52.47992796], [13.42834288, 52.47992766], [13.428344, 52.47992738], [13.42834516, 52.47992717], [13.42834576, 52.47992511], [13.42838297, 52.47992975], [13.42837536, 52.47995266], [13.42833815, 52.47994801], [13.42833889, 52.47994585], [13.42833796, 52.47994538], [13.42833711, 52.47994486], [13.42833629, 52.47994432], [13.42833556, 52.47994373], [13.42833488, 52.47994312], [13.42833429, 52.47994248], [13.42833375, 52.47994182], [13.42833331, 52.47994113], [13.42833292, 52.47994044], [13.42833264, 52.47993972], [13.42833242, 52.479939], [13.4283323, 52.47993826], [13.42833224, 52.47993753], [13.42833229, 52.47993679]]]}}, {"type": "Feature", "properties": {"id": "gruenanlagen.00008100_000a6d64", "pitid": "00008100:000a6d64", "kennzeich": "431.002", "bezirkname": "Neukölln", "ortstlname": "Neukölln", "objartname": "Grünanlage", "namenr": "Reuterplatz-Grünanlage", "namezusatz": null, "baujahr": null, "sanierjahr": null, "katasterfl": 5684.0, "widmung": "gewidmet", "plannr": "08100311", "planname": "Reuterplatz"}, "geometry": {"type": "Polygon", "coordinates": [[[13.42958192, 52.48876681], [13.42951572, 52.48879103], [13.4295088, 52.48878297], [13.4293581, 52.4888387], [13.42936442, 52.48884639], [13.42925051, 52.48888806], [13.42916661, 52.4888864], [13.42916865, 52.48895729], [13.42917109, 52.48904203], [13.42917972, 52.48934168], [13.42918479, 52.489518], [13.42918849, 52.48964628], [13.42919093, 52.48973106], [13.42919174, 52.48975928], [13.42921344, 52.48975133], [13.43033048, 52.48934233], [13.43035372, 52.48933382], [13.43036627, 52.48932925], [13.43010076, 52.48906105], [13.42977707, 52.48873406], [13.42974898, 52.48870569], [13.42963105, 52.48874884], [13.42958192, 52.48876681]]]}}, {"type": "Feature", "properties": {"id": "gruenanlagen.00008100_000a6d65", "pitid": "00008100:000a6d65", "kennzeich": "411.017", "bezirkname": "Neukölln", "ortstlname": "Neukölln", "objartname": "Grünanlage", "namenr": "Truseplatz-Grünanlage", "namezusatz": null, "baujahr": null, "sanierjahr": "2016", "katasterfl": 3136.0, "widmung": "gewidmet", "plannr": "08100418", "planname": "Hertzbergplatz"}, "geometry": {"type": "Polygon", "coordinates": [[[13.44801231, 52.48211248], [13.44801209, 52.48211232], [13.44798135, 52.48208961], [13.44787879, 52.48214125], [13.44770263, 52.48213977], [13.44765443, 52.48213939], [13.44729713, 52.48213628], [13.44719458, 52.48210808], [13.44708777, 52.4820435], [13.44705028, 52.48206262], [13.44700658, 52.48208492], [13.44759224, 52.48250581], [13.44761327, 52.48252092], [13.44794982, 52.48276279], [13.44795354, 52.48276089], [13.44799467, 52.48273987], [13.44804167, 52.48271584], [13.44808393, 52.48269423], [13.44839656, 52.48253413], [13.44839654, 52.48253411], [13.44833837, 52.4824917], [13.44798893, 52.48223694], [13.44794548, 52.48220498], [13.44805887, 52.48214686], [13.44801231, 52.48211248]]]}}, {"type": "Feature", "properties": {"id": "gruenanlagen.00008100_000a6d66", "pitid": "00008100:000a6d66", "kennzeich": "431.008", "bezirkname": "Neukölln", "ortstlname": "Neukölln", "objartname": "Grünanlage", "namenr": "Schillerpromenade-Grünanlage", "namezusatz": null, "baujahr": null, "sanierjahr": null, "katasterfl": 4902.0, "widmung": "gewidmet", "plannr": "08100102", "planname": "Schillerpromenade Nord"}, "geometry": {"type": "MultiPolygon", "coordinates": [[[[13.42297074, 52.47384217], [13.42296572, 52.47384276], [13.42296076, 52.4738435], [13.42295594, 52.47384451], [13.42295298, 52.47384523], [13.4229515, 52.47384559], [13.42295008, 52.47384603], [13.42294724, 52.4738469], [13.42294447, 52.47384784], [13.42294308, 52.47384832], [13.42294177, 52.47384886], [13.42293914, 52.47384995], [13.42293659, 52.47385112], [13.42293622, 52.47385129], [13.42293241, 52.47385322], [13.42292891, 52.47385536], [13.42292557, 52.47385758], [13.42292258, 52.47385999], [13.42291976, 52.47386247], [13.42291733, 52.4738651], [13.4229151, 52.47386779], [13.42291328, 52.4738706], [13.42291212, 52.47387262], [13.42291117, 52.47387467], [13.42291033, 52.47387675], [13.42290972, 52.47387885], [13.42289585, 52.47392367], [13.42291438, 52.47392574], [13.42293043, 52.47392754], [13.42299468, 52.47393471], [13.42301592, 52.47393709], [13.42304585, 52.47394043], [13.42310801, 52.47394738], [13.4231893, 52.47395646], [13.42320762, 52.47395851], [13.42322388, 52.47396033], [13.42323788, 52.47391501], [13.42323864, 52.47391165], [13.42323891, 52.47390955], [13.42323901, 52.47390661], [13.42323878, 52.47390358], [13.42323822, 52.4739006], [13.42323685, 52.47389636], [13.42323528, 52.47389306], [13.42323312, 52.47388958], [13.42323035, 52.47388606], [13.42322823, 52.47388373], [13.42322552, 52.47388128], [13.42322275, 52.473879], [13.42321967, 52.47387686], [13.42321644, 52.47387481], [13.42321294, 52.47387294], [13.42320932, 52.47387115], [13.42320546, 52.47386956], [13.42320149, 52.47386807], [13.42319733, 52.47386679], [13.42319309, 52.47386561], [13.4231887, 52.47386467], [13.42318424, 52.47386383], [13.42317969, 52.47386323], [13.42311821, 52.47385639], [13.4230526, 52.47384908], [13.42299612, 52.4738427], [13.4229911, 52.47384212], [13.42298602, 52.47384184], [13.42298092, 52.47384171], [13.42297582, 52.47384186], [13.42297074, 52.47384217]]], [[[13.42283099, 52.47413168], [13.42283084, 52.47413214], [13.42278689, 52.47427455], [13.42272396, 52.47447849], [13.42268726, 52.4745974], [13.42268668, 52.47459957], [13.42268636, 52.47460117], [13.422686, 52.47460438], [13.42268602, 52.47460645], [13.42268603, 52.47460767], [13.42268642, 52.47461079], [13.4226872, 52.47461398], [13.42268826, 52.47461694], [13.42269013, 52.47462071], [13.4226918, 52.47462336], [13.42269456, 52.4746269], [13.42269635, 52.47462884], [13.42269814, 52.47463063], [13.42269841, 52.4746309], [13.42270152, 52.47463346], [13.42270467, 52.47463582], [13.42270815, 52.474638], [13.4227118, 52.47464008], [13.42271573, 52.47464195], [13.4227198, 52.47464371], [13.42272411, 52.47464524], [13.42272853, 52.47464665], [13.42273314, 52.47464781], [13.42273783, 52.47464884], [13.42274265, 52.47464962], [13.42280679, 52.47465602], [13.42287239, 52.4746635], [13.42292961, 52.47467007], [13.42293427, 52.47467056], [13.42293899, 52.4746708], [13.42294372, 52.47467092], [13.42294845, 52.47467079], [13.42295316, 52.47467054], [13.42295783, 52.47467004], [13.42296245, 52.47466942], [13.42296697, 52.47466855], [13.42297142, 52.47466758], [13.42297572, 52.47466637], [13.42297993, 52.47466505], [13.42298394, 52.47466351], [13.42298803, 52.47466179], [13.42299064, 52.47466046], [13.42299375, 52.4746588], [13.4229958, 52.47465758], [13.42299885, 52.47465558], [13.42300106, 52.47465396], [13.42300327, 52.47465218], [13.42300575, 52.47464992], [13.42300751, 52.47464812], [13.42300923, 52.47464616], [13.4230107, 52.47464425], [13.42301205, 52.47464228], [13.42301213, 52.47464214], [13.42301228, 52.47464189], [13.42301294, 52.47464077], [13.42301317, 52.47464039], [13.42301419, 52.47463839], [13.42301527, 52.4746358], [13.42301587, 52.474634], [13.42315986, 52.47416768], [13.42316905, 52.47413789], [13.42315024, 52.47413572], [13.42313458, 52.47413392], [13.4230528, 52.47412452], [13.42295999, 52.47411439], [13.42287556, 52.47410517], [13.42285943, 52.47410299], [13.42284114, 52.47410052], [13.42284106, 52.47410079], [13.42283099, 52.47413168]]], [[[13.42241681, 52.47564664], [13.42241182, 52.47564713], [13.42240688, 52.47564776], [13.42240206, 52.47564866], [13.4223973, 52.4756497], [13.42239273, 52.475651], [13.42238826, 52.47565243], [13.42238402, 52.4756541], [13.42238192, 52.47565502], [13.42238071, 52.47565556], [13.42237884, 52.47565646], [13.4223777, 52.47565704], [13.42237609, 52.47565791], [13.42237274, 52.47565984], [13.42236967, 52.47566194], [13.42236675, 52.47566411], [13.42236413, 52.47566643], [13.42236168, 52.47566881], [13.42235956, 52.47567131], [13.42235762, 52.47567386], [13.42235604, 52.4756765], [13.42235475, 52.47567906], [13.42235316, 52.47568339], [13.42222619, 52.47609483], [13.42221737, 52.47612339], [13.4220909, 52.47653314], [13.42208732, 52.47654474], [13.42208708, 52.47654552], [13.42208034, 52.47656738], [13.42208251, 52.47656763], [13.42209747, 52.47656931], [13.42219841, 52.47658069], [13.42229119, 52.47659114], [13.42238942, 52.47660221], [13.42240671, 52.47660416], [13.42240889, 52.4766044], [13.42241948, 52.47656992], [13.42254489, 52.47616166], [13.42255444, 52.47613057], [13.42268045, 52.47572035], [13.42268087, 52.47571896], [13.42268127, 52.47571728], [13.42268154, 52.47571584], [13.42268169, 52.47571472], [13.4226818, 52.47571347], [13.42268184, 52.47571268], [13.42268185, 52.47571004], [13.42268151, 52.47570742], [13.422681, 52.4757048], [13.42268015, 52.47570221], [13.42267913, 52.47569965], [13.42267778, 52.47569714], [13.42267626, 52.47569467], [13.42267443, 52.47569229], [13.42267244, 52.47568995], [13.42267015, 52.47568771], [13.42267003, 52.4756876], [13.42266759, 52.47568542], [13.42266472, 52.47568328], [13.42266171, 52.4756812], [13.42265842, 52.47567929], [13.422655, 52.47567747], [13.42265134, 52.47567583], [13.42264758, 52.47567428], [13.42264361, 52.47567293], [13.42263956, 52.47567169], [13.42263534, 52.47567066], [13.42263107, 52.47566973], [13.42262667, 52.47566903], [13.42256445, 52.47566183], [13.42249723, 52.47565416], [13.42243192, 52.47564659], [13.42242689, 52.47564637], [13.42242184, 52.47564643], [13.42241681, 52.47564664]]], [[[13.42208728, 52.47764533], [13.42209839, 52.47760935], [13.42209622, 52.4776091], [13.42207658, 52.47760682], [13.4220196, 52.4776002], [13.42196116, 52.47759342], [13.42189079, 52.47758525], [13.42179189, 52.47757377], [13.42177664, 52.477572], [13.42177446, 52.47757175], [13.42176331, 52.47760753], [13.42163162, 52.47802973], [13.42162197, 52.47806066], [13.42153709, 52.47833278], [13.42152813, 52.47836148], [13.4215303, 52.47836174], [13.4215471, 52.47836372], [13.42156112, 52.47836596], [13.42164199, 52.47837554], [13.42166806, 52.47837863], [13.4217169, 52.47838447], [13.42177967, 52.47839199], [13.42182192, 52.47839705], [13.42183795, 52.47839827], [13.42185224, 52.47839991], [13.42185441, 52.47840016], [13.42186339, 52.47837104], [13.42194726, 52.47809917], [13.42195644, 52.47806947], [13.42208727, 52.47764537], [13.42208728, 52.47764533]], [[13.42165261, 52.4783458], [13.42167821, 52.47826412], [13.42177187, 52.47827223], [13.42174661, 52.47835657], [13.42165261, 52.4783458]]]]}}, {"type": "Feature", "properties": {"id": "gruenanlagen.00008100_000a6d67", "pitid": "00008100:000a6d67", "kennzeich": "411.005", "bezirkname": "Neukölln", "ortstlname": "Neukölln", "objartname": "Grünanlage", "namenr": "Treptower Strasse-Grünanlage", "namezusatz": null, "baujahr": null, "sanierjahr": null, "katasterfl": 514.0, "widmung": "gewidmet", "plannr": "08100419", "planname": "Treptower Straße Nord"}, "geometry": {"type": "Polygon", "coordinates": [[[13.4557813, 52.48376609], [13.45598383, 52.48391954], [13.45606135, 52.48390006], [13.4560157, 52.48362497], [13.4556266, 52.48364888], [13.45575248, 52.48374426], [13.4557813, 52.48376609]]]}}, {"type": "Feature", "properties": {"id": "gruenanlagen.00008100_000a6d68", "pitid": "00008100:000a6d68", "kennzeich": "431.009", "bezirkname": "Neukölln", "ortstlname": "Neukölln", "objartname": "Grünanlage", "namenr": "Thomashöhe-Grünanlage", "namezusatz": null, "baujahr": null, "sanierjahr": null, "katasterfl": 21380.0, "widmung": "gewidmet", "plannr": "08100208", "planname": "Körnerpark"}, "geometry": {"type": "MultiPolygon", "coordinates": [[[[13.43787807, 52.47425969], [13.43788579, 52.47425738], [13.43789097, 52.47418742], [13.43789104, 52.47418698], [13.43789111, 52.47418653], [13.43789119, 52.47418609], [13.43789126, 52.47418565], [13.43789133, 52.47418521], [13.43789141, 52.47418476], [13.43789149, 52.47418432], [13.43789156, 52.47418388], [13.43789164, 52.47418344], [13.43789172, 52.474183], [13.43789181, 52.47418256], [13.43789191, 52.47418212], [13.43789201, 52.47418167], [13.4378921, 52.47418123], [13.4378922, 52.47418079], [13.4378923, 52.47418035], [13.4378924, 52.47417991], [13.4378925, 52.47417947], [13.4378926, 52.47417903], [13.4378927, 52.47417859], [13.43789282, 52.47417815], [13.43789294, 52.47417772], [13.43789306, 52.47417728], [13.43789318, 52.47417684], [13.4378933, 52.4741764], [13.43789342, 52.47417596], [13.43789354, 52.47417552], [13.43789366, 52.47417509], [13.43789379, 52.47417465], [13.43789391, 52.47417421], [13.43789405, 52.47417377], [13.43789419, 52.47417334], [13.43789434, 52.4741729], [13.43789448, 52.47417247], [13.43789462, 52.47417203], [13.43789476, 52.47417159], [13.43789491, 52.47417116], [13.43789506, 52.47417072], [13.4378952, 52.47417029], [13.43789535, 52.47416985], [13.43789551, 52.47416942], [13.43789568, 52.47416899], [13.43789584, 52.47416855], [13.43789601, 52.47416812], [13.43789617, 52.47416769], [13.43789634, 52.47416726], [13.43789651, 52.47416682], [13.43789668, 52.47416639], [13.43789685, 52.47416596], [13.43789701, 52.47416553], [13.4378972, 52.4741651], [13.43789739, 52.47416467], [13.43789758, 52.47416424], [13.43789776, 52.47416381], [13.43789795, 52.47416338], [13.43789814, 52.47416295], [13.43789833, 52.47416252], [13.43789852, 52.47416209], [13.43789871, 52.47416166], [13.4378989, 52.47416123], [13.43789911, 52.47416081], [13.43789932, 52.47416038], [13.43789953, 52.47415996], [13.43789974, 52.47415953], [13.43789996, 52.47415911], [13.43790017, 52.47415868], [13.43790038, 52.47415826], [13.43790059, 52.47415783], [13.43790081, 52.47415741], [13.43790102, 52.47415698], [13.43790125, 52.47415656], [13.43790148, 52.47415614], [13.43790172, 52.47415572], [13.43790194, 52.4741553], [13.43790217, 52.47415487], [13.43790241, 52.47415445], [13.43790265, 52.47415403], [13.43790288, 52.47415361], [13.43790312, 52.47415319], [13.43790335, 52.47415277], [13.43791715, 52.47413574], [13.43791738, 52.47413547], [13.43791761, 52.47413521], [13.43791785, 52.47413495], [13.43791808, 52.47413469], [13.43791832, 52.47413442], [13.43791855, 52.47413416], [13.43791873, 52.47413396], [13.43791876, 52.47413394], [13.43791879, 52.4741339], [13.43791904, 52.47413364], [13.43791929, 52.47413338], [13.43791953, 52.47413312], [13.43791978, 52.47413287], [13.43792003, 52.47413261], [13.43792028, 52.47413235], [13.43792041, 52.47413222], [13.43792046, 52.47413217], [13.43792053, 52.47413209], [13.4379208, 52.47413184], [13.43792106, 52.47413159], [13.43792132, 52.47413133], [13.43792158, 52.47413108], [13.43792184, 52.47413083], [13.4379221, 52.47413057], [13.43792217, 52.47413051], [13.43792225, 52.47413043], [13.43792237, 52.47413032], [13.43792265, 52.47413007], [13.43792292, 52.47412983], [13.43792319, 52.47412958], [13.43792347, 52.47412933], [13.43792374, 52.47412908], [13.43792402, 52.47412884], [13.43791524, 52.47412616], [13.43788453, 52.47411679], [13.43788312, 52.47412005], [13.43788299, 52.47412033], [13.43788284, 52.4741203], [13.43787974, 52.4741198], [13.43785802, 52.47411629], [13.43785658, 52.47411606], [13.43787101, 52.47408115], [13.43787149, 52.47407999], [13.43782793, 52.47406736], [13.43781339, 52.47406314], [13.43777176, 52.47405107], [13.43775632, 52.47404659], [13.43775506, 52.47404622], [13.4377561, 52.47404466], [13.43775714, 52.47404309], [13.43775817, 52.47404153], [13.43775919, 52.47403996], [13.43776021, 52.47403838], [13.43776122, 52.47403681], [13.43776221, 52.47403524], [13.43776321, 52.47403366], [13.4377642, 52.47403208], [13.43776517, 52.4740305], [13.43776614, 52.47402892], [13.43776626, 52.47402874], [13.43776628, 52.4740287], [13.43776711, 52.47402734], [13.43776807, 52.47402575], [13.43776902, 52.47402416], [13.43776996, 52.47402257], [13.43777089, 52.47402098], [13.43777182, 52.47401939], [13.43777274, 52.4740178], [13.43777365, 52.4740162], [13.43777456, 52.47401461], [13.43777546, 52.47401301], [13.43777634, 52.47401141], [13.43777655, 52.47401105], [13.43777723, 52.47400981], [13.43777811, 52.47400821], [13.43777897, 52.4740066], [13.43777983, 52.474005], [13.43778069, 52.47400339], [13.43778153, 52.47400178], [13.43778237, 52.47400017], [13.4377832, 52.47399856], [13.43778402, 52.47399695], [13.43778484, 52.47399533], [13.43778564, 52.47399371], [13.43778593, 52.47399315], [13.43778645, 52.4739921], [13.43778724, 52.47399048], [13.43778803, 52.47398886], [13.4377888, 52.47398724], [13.43778957, 52.47398562], [13.43779034, 52.47398399], [13.43779109, 52.47398237], [13.43779184, 52.47398074], [13.43779258, 52.47397911], [13.43779331, 52.47397748], [13.43779403, 52.47397585], [13.43779436, 52.47397512], [13.43779438, 52.47397506], [13.43779475, 52.47397422], [13.43779546, 52.47397259], [13.43779616, 52.47397095], [13.43779686, 52.47396932], [13.43779755, 52.47396768], [13.43779823, 52.47396604], [13.4377989, 52.4739644], [13.43779956, 52.47396276], [13.43780022, 52.47396112], [13.43780087, 52.47395948], [13.43780151, 52.47395784], [13.43780187, 52.47395691], [13.43780214, 52.47395619], [13.43780277, 52.47395455], [13.43780339, 52.4739529], [13.437804, 52.47395125], [13.4378046, 52.4739496], [13.43780519, 52.47394795], [13.43780578, 52.4739463], [13.43780636, 52.47394465], [13.43780693, 52.473943], [13.4378075, 52.47394134], [13.43780805, 52.47393969], [13.43780843, 52.47393857], [13.4378086, 52.47393803], [13.43780914, 52.47393638], [13.43780968, 52.47393472], [13.4378102, 52.47393306], [13.43781072, 52.4739314], [13.43781123, 52.47392974], [13.43781174, 52.47392808], [13.43781223, 52.47392642], [13.43781272, 52.47392475], [13.4378132, 52.47392309], [13.43781367, 52.47392142], [13.43781404, 52.47392011], [13.43781413, 52.47391976], [13.43781459, 52.47391809], [13.43781504, 52.47391642], [13.43781548, 52.47391476], [13.43781591, 52.47391309], [13.43781634, 52.47391142], [13.43781675, 52.47390975], [13.43781716, 52.47390808], [13.43781757, 52.47390641], [13.43781796, 52.47390473], [13.43781835, 52.47390306], [13.43781869, 52.47390155], [13.43781872, 52.47390139], [13.4378191, 52.47389971], [13.43781946, 52.47389804], [13.43781981, 52.47389636], [13.43782016, 52.47389469], [13.4378205, 52.47389301], [13.43782083, 52.47389133], [13.43782116, 52.47388966], [13.43782147, 52.47388798], [13.43782178, 52.4738863], [13.43782208, 52.47388462], [13.43782237, 52.47388294], [13.43782238, 52.47388291], [13.43782258, 52.47388159], [13.43782279, 52.47388024], [13.43782299, 52.4738789], [13.43782318, 52.47387755], [13.43782337, 52.4738762], [13.43782356, 52.47387485], [13.43782374, 52.47387351], [13.43782391, 52.47387216], [13.43782408, 52.47387081], [13.43782425, 52.47386946], [13.43782441, 52.47386811], [13.43782456, 52.47386676], [13.43782471, 52.47386541], [13.43782485, 52.47386406], [13.4378249, 52.47386365], [13.43782491, 52.47386358], [13.437825, 52.47386271], [13.43782513, 52.47386136], [13.43782526, 52.47386001], [13.43782539, 52.47385866], [13.43782551, 52.47385731], [13.43782563, 52.47385596], [13.43782574, 52.47385461], [13.43782584, 52.47385325], [13.43782594, 52.4738519], [13.43782604, 52.47385055], [13.43782613, 52.4738492], [13.43782622, 52.47384785], [13.4378263, 52.4738465], [13.43782637, 52.47384514], [13.43782642, 52.47384435], [13.43782644, 52.47384379], [13.43782651, 52.47384244], [13.43782657, 52.47384109], [13.43782663, 52.47383973], [13.43782668, 52.47383838], [13.43782673, 52.47383703], [13.43782677, 52.47383568], [13.4378268, 52.47383432], [13.43782684, 52.47383297], [13.43782686, 52.47383162], [13.43782688, 52.47383027], [13.4378269, 52.47382891], [13.43782691, 52.47382756], [13.43782692, 52.47382621], [13.43782692, 52.47382503], [13.43782692, 52.47382485], [13.43782692, 52.4738235], [13.43782691, 52.47382215], [13.4378269, 52.4738208], [13.43782688, 52.47381944], [13.43782686, 52.47381809], [13.43782683, 52.47381674], [13.4378268, 52.47381539], [13.43782676, 52.47381403], [13.43782672, 52.47381268], [13.43782667, 52.47381133], [13.43782662, 52.47380998], [13.43782656, 52.47380862], [13.4378265, 52.47380727], [13.43782643, 52.47380592], [13.43782642, 52.4738057], [13.43782636, 52.47380457], [13.43782628, 52.47380321], [13.4378262, 52.47380186], [13.43782611, 52.47380051], [13.43782602, 52.47379916], [13.43782592, 52.47379781], [13.43782582, 52.47379646], [13.43782571, 52.47379511], [13.4378256, 52.47379375], [13.43782549, 52.4737924], [13.43782536, 52.47379105], [13.43782524, 52.4737897], [13.43782511, 52.47378835], [13.43782496, 52.473787], [13.43782491, 52.47378642], [13.43782482, 52.47378565], [13.43782468, 52.4737843], [13.43782453, 52.47378295], [13.43782438, 52.4737816], [13.43782421, 52.47378025], [13.43782405, 52.4737789], [13.43782388, 52.47377755], [13.4378237, 52.47377621], [13.43782352, 52.47377486], [13.43782333, 52.47377351], [13.43782314, 52.47377216], [13.43782295, 52.47377081], [13.43782275, 52.47376947], [13.43782254, 52.47376812], [13.43782239, 52.47376715], [13.43782233, 52.47376677], [13.43782212, 52.47376543], [13.4378219, 52.47376408], [13.43782167, 52.47376273], [13.43782144, 52.47376139], [13.43782121, 52.47376004], [13.43782097, 52.4737587], [13.43782072, 52.47375735], [13.43782047, 52.47375601], [13.43782022, 52.47375467], [13.43781996, 52.47375332], [13.43781969, 52.47375198], [13.43781942, 52.47375064], [13.43781915, 52.4737493], [13.43781887, 52.47374795], [13.43781851, 52.47374624], [13.43781815, 52.47374454], [13.43781778, 52.47374283], [13.43781742, 52.47374112], [13.43781705, 52.47373941], [13.43781668, 52.4737377], [13.4378163, 52.47373599], [13.43781593, 52.47373429], [13.43781555, 52.47373258], [13.43781517, 52.47373087], [13.43781479, 52.47372917], [13.4378144, 52.47372746], [13.43781402, 52.47372575], [13.43781363, 52.47372405], [13.43781323, 52.47372234], [13.43781284, 52.47372063], [13.43781245, 52.47371893], [13.43781205, 52.47371722], [13.43781165, 52.47371552], [13.43781124, 52.47371381], [13.43781084, 52.47371211], [13.43781043, 52.4737104], [13.43781002, 52.4737087], [13.43780961, 52.47370699], [13.43780919, 52.47370529], [13.43780878, 52.47370359], [13.43780836, 52.47370188], [13.43780794, 52.47370018], [13.43780752, 52.47369847], [13.43780716, 52.47369705], [13.43780709, 52.47369677], [13.43780666, 52.47369507], [13.43780623, 52.47369337], [13.4378058, 52.47369166], [13.43780537, 52.47368996], [13.43780493, 52.47368826], [13.43780449, 52.47368656], [13.43780405, 52.47368486], [13.4378036, 52.47368315], [13.4378049, 52.47368287], [13.4378062, 52.4736826], [13.4378075, 52.47368232], [13.4378088, 52.47368204], [13.43781009, 52.47368175], [13.43781139, 52.47368148], [13.43781269, 52.4736812], [13.43781399, 52.47368093], [13.43781529, 52.47368066], [13.43781591, 52.47368053], [13.43781659, 52.47368038], [13.4378179, 52.47368012], [13.4378192, 52.47367985], [13.43782051, 52.47367958], [13.43782181, 52.47367932], [13.43782312, 52.47367905], [13.43782442, 52.47367879], [13.43782573, 52.47367853], [13.43782704, 52.47367827], [13.43782835, 52.47367801], [13.43782966, 52.47367775], [13.43783097, 52.47367749], [13.43783228, 52.47367724], [13.43783359, 52.47367698], [13.4378349, 52.47367673], [13.43783454, 52.47367613], [13.43783419, 52.47367554], [13.43783385, 52.47367495], [13.43783349, 52.47367435], [13.43783313, 52.47367376], [13.43783277, 52.47367317], [13.43783241, 52.47367258], [13.43783205, 52.47367199], [13.43783168, 52.4736714], [13.43783131, 52.47367081], [13.43783094, 52.47367022], [13.43783056, 52.47366964], [13.43783019, 52.47366905], [13.43783012, 52.47366893], [13.43782981, 52.47366846], [13.43782943, 52.47366788], [13.43782905, 52.47366729], [13.43782867, 52.4736667], [13.43782828, 52.47366612], [13.43782789, 52.47366553], [13.4378275, 52.47366495], [13.43782711, 52.47366437], [13.43782672, 52.47366378], [13.43782632, 52.4736632], [13.43782592, 52.47366262], [13.43782551, 52.47366204], [13.43782511, 52.47366146], [13.43782496, 52.47366123], [13.43782471, 52.47366088], [13.43782429, 52.4736603], [13.43782389, 52.47365972], [13.43782348, 52.47365914], [13.43782306, 52.47365856], [13.43782265, 52.47365799], [13.43782223, 52.47365741], [13.43782181, 52.47365683], [13.43782139, 52.47365626], [13.43782096, 52.47365568], [13.43782053, 52.47365511], [13.43782009, 52.47365454], [13.43781967, 52.47365396], [13.43781942, 52.47365363], [13.43781924, 52.47365339], [13.43781879, 52.47365282], [13.43781836, 52.47365225], [13.43781792, 52.47365168], [13.43781748, 52.47365111], [13.43781704, 52.47365054], [13.43781659, 52.47364997], [13.43781614, 52.4736494], [13.43781569, 52.47364883], [13.43781524, 52.47364827], [13.43781478, 52.4736477], [13.43781432, 52.47364714], [13.43781386, 52.47364657], [13.43781351, 52.47364614], [13.43781341, 52.47364601], [13.43781293, 52.47364544], [13.43781248, 52.47364488], [13.43781201, 52.47364432], [13.43781154, 52.47364375], [13.43781107, 52.47364319], [13.4378106, 52.47364263], [13.43781012, 52.47364207], [13.43780964, 52.47364151], [13.43780916, 52.47364096], [13.43780868, 52.4736404], [13.43780819, 52.47363984], [13.4378077, 52.47363929], [13.43780723, 52.47363874], [13.43780656, 52.47363801], [13.43780592, 52.47363728], [13.43780526, 52.47363655], [13.43780461, 52.47363583], [13.43780395, 52.4736351], [13.43780329, 52.47363438], [13.43780263, 52.47363366], [13.43780196, 52.47363293], [13.4378013, 52.47363221], [13.43780063, 52.47363149], [13.43779996, 52.47363077], [13.43779929, 52.47363005], [13.43779861, 52.47362934], [13.43779794, 52.47362862], [13.43779726, 52.4736279], [13.43779658, 52.47362718], [13.43779589, 52.47362647], [13.43779564, 52.4736262], [13.4377952, 52.47362576], [13.43779452, 52.47362504], [13.43779384, 52.47362433], [13.43779315, 52.47362361], [13.43779245, 52.4736229], [13.43779176, 52.47362219], [13.43779106, 52.47362148], [13.43779036, 52.47362077], [13.43778966, 52.47362006], [13.43778896, 52.47361935], [13.43778826, 52.47361864], [13.43778755, 52.47361794], [13.43778684, 52.47361723], [13.43778613, 52.47361653], [13.43778542, 52.47361582], [13.43778471, 52.47361512], [13.43778398, 52.47361442], [13.43778343, 52.47361387], [13.43778327, 52.47361371], [13.43778254, 52.47361302], [13.43778183, 52.47361231], [13.43778111, 52.47361161], [13.43778038, 52.47361091], [13.43777965, 52.47361021], [13.43777892, 52.47360951], [13.43777819, 52.47360882], [13.43777746, 52.47360812], [13.43777672, 52.47360743], [13.43777599, 52.47360673], [13.43777525, 52.47360604], [13.4377745, 52.47360534], [13.43777376, 52.47360465], [13.43777302, 52.47360396], [13.43777227, 52.47360327], [13.43777151, 52.47360258], [13.43777077, 52.47360189], [13.43777063, 52.47360176], [13.43777001, 52.4736012], [13.43776926, 52.47360051], [13.4377685, 52.47359983], [13.43776775, 52.47359914], [13.43776698, 52.47359845], [13.43776622, 52.47359777], [13.43776546, 52.47359709], [13.43776469, 52.4735964], [13.43776392, 52.47359572], [13.43776315, 52.47359504], [13.43776238, 52.47359436], [13.43776161, 52.47359368], [13.43776083, 52.473593], [13.43776005, 52.47359232], [13.43775927, 52.47359164], [13.43775849, 52.47359097], [13.4377577, 52.47359029], [13.43775724, 52.47358989], [13.43775692, 52.47358962], [13.43775613, 52.47358894], [13.43775534, 52.47358827], [13.43775455, 52.4735876], [13.43775376, 52.47358692], [13.43775297, 52.47358625], [13.43775217, 52.47358558], [13.43775137, 52.47358491], [13.43775057, 52.47358425], [13.43774977, 52.47358358], [13.43774896, 52.47358291], [13.43774816, 52.47358225], [13.43774735, 52.47358158], [13.43774654, 52.47358092], [13.43774573, 52.47358025], [13.43774491, 52.47357959], [13.43774409, 52.47357893], [13.43774328, 52.47357827], [13.43774208, 52.47357737], [13.43774087, 52.47357646], [13.43773967, 52.47357556], [13.43773846, 52.47357466], [13.43773725, 52.47357376], [13.43773604, 52.47357286], [13.43773483, 52.47357196], [13.43773361, 52.47357106], [13.43773239, 52.47357017], [13.43773118, 52.47356927], [13.43772996, 52.47356838], [13.43772873, 52.47356748], [13.43772751, 52.47356659], [13.43772628, 52.4735657], [13.43772506, 52.47356481], [13.43772383, 52.47356391], [13.4377226, 52.47356303], [13.43772136, 52.47356214], [13.43772013, 52.47356125], [13.43771889, 52.47356036], [13.43771766, 52.47355948], [13.43771642, 52.47355859], [13.43771517, 52.47355771], [13.43771393, 52.47355682], [13.43771269, 52.47355594], [13.43771144, 52.47355506], [13.43771019, 52.47355418], [13.43770894, 52.4735533], [13.43770769, 52.47355242], [13.43770644, 52.47355155], [13.43770518, 52.47355067], [13.43770392, 52.47354979], [13.43770266, 52.47354892], [13.4377014, 52.47354804], [13.43770014, 52.47354717], [13.43769888, 52.4735463], [13.43769761, 52.47354543], [13.43769634, 52.47354456], [13.43769507, 52.47354369], [13.4376938, 52.47354282], [13.43769253, 52.47354195], [13.43769126, 52.47354109], [13.43768998, 52.47354022], [13.4376887, 52.47353936], [13.43768742, 52.47353849], [13.43768614, 52.47353763], [13.43768486, 52.47353677], [13.43768357, 52.47353591], [13.43768229, 52.47353505], [13.437681, 52.47353419], [13.43767971, 52.47353333], [13.43767842, 52.47353248], [13.43767713, 52.47353162], [13.43767583, 52.47353077], [13.43767453, 52.47352991], [13.43767324, 52.47352906], [13.43767194, 52.47352821], [13.43767094, 52.47352756], [13.43767063, 52.47352735], [13.43769752, 52.47351417], [13.43769833, 52.47351471], [13.43769885, 52.47351507], [13.43770021, 52.47351595], [13.43770155, 52.47351684], [13.43770289, 52.47351773], [13.43770423, 52.47351862], [13.43770557, 52.47351952], [13.4377069, 52.47352041], [13.43770824, 52.47352131], [13.43770957, 52.4735222], [13.4377109, 52.4735231], [13.43771223, 52.473524], [13.43771356, 52.4735249], [13.43771489, 52.4735258], [13.43771621, 52.4735267], [13.43771753, 52.4735276], [13.43771886, 52.4735285], [13.43772017, 52.4735294], [13.43772149, 52.47353031], [13.43772281, 52.47353121], [13.43772412, 52.47353212], [13.43772543, 52.47353303], [13.43772674, 52.47353394], [13.43772805, 52.47353484], [13.43772936, 52.47353575], [13.43773066, 52.47353667], [13.43773197, 52.47353758], [13.43773327, 52.47353849], [13.43773457, 52.4735394], [13.43773587, 52.47354032], [13.43773717, 52.47354123], [13.43773846, 52.47354215], [13.43773976, 52.47354307], [13.43774105, 52.47354399], [13.43774234, 52.47354491], [13.43774362, 52.47354583], [13.43774491, 52.47354675], [13.43774619, 52.47354767], [13.43774748, 52.47354859], [13.43774876, 52.47354952], [13.43775004, 52.47355044], [13.43775132, 52.47355137], [13.43775259, 52.47355229], [13.43775386, 52.47355322], [13.43775514, 52.47355415], [13.43775641, 52.47355508], [13.43775768, 52.47355601], [13.43775894, 52.47355694], [13.43776021, 52.47355787], [13.43776147, 52.4735588], [13.43776273, 52.47355974], [13.43776399, 52.47356067], [13.43776525, 52.47356161], [13.43776651, 52.47356254], [13.43776776, 52.47356348], [13.43776901, 52.47356442], [13.43777026, 52.47356536], [13.43777114, 52.47356607], [13.43777202, 52.47356678], [13.43777289, 52.47356749], [13.43777376, 52.47356821], [13.43777463, 52.47356892], [13.4377755, 52.47356964], [13.43777637, 52.47357035], [13.43777723, 52.47357107], [13.43777809, 52.47357179], [13.43777895, 52.47357251], [13.43777981, 52.47357323], [13.43778067, 52.47357395], [13.43778152, 52.47357467], [13.43778237, 52.47357539], [13.43778322, 52.47357611], [13.43778407, 52.47357684], [13.43778491, 52.47357756], [13.43778576, 52.47357829], [13.4377866, 52.47357901], [13.43778744, 52.47357974], [13.43778828, 52.47358047], [13.43778911, 52.4735812], [13.43778995, 52.47358193], [13.43779078, 52.47358266], [13.43779161, 52.47358339], [13.43779244, 52.47358412], [13.43779326, 52.47358486], [13.43779408, 52.47358559], [13.43779491, 52.47358633], [13.43779573, 52.47358706], [13.43779654, 52.4735878], [13.43779736, 52.47358854], [13.43779817, 52.47358928], [13.43779898, 52.47359002], [13.43779979, 52.47359076], [13.4378006, 52.4735915], [13.43780141, 52.47359224], [13.43780221, 52.47359298], [13.43780301, 52.47359373], [13.43780381, 52.47359447], [13.43780461, 52.47359522], [13.4378054, 52.47359596], [13.43780619, 52.47359671], [13.43780698, 52.47359746], [13.43780777, 52.4735982], [13.43780856, 52.47359895], [13.43780934, 52.4735997], [13.43781013, 52.47360046], [13.43781091, 52.47360121], [13.43781169, 52.47360196], [13.43781246, 52.47360271], [13.43781324, 52.47360347], [13.43781401, 52.47360422], [13.43781478, 52.47360498], [13.43781555, 52.47360573], [13.43781631, 52.47360649], [13.43781707, 52.47360725], [13.43781784, 52.47360801], [13.4378186, 52.47360877], [13.43781935, 52.47360953], [13.43782011, 52.47361029], [13.43782086, 52.47361105], [13.43782161, 52.47361182], [13.43782236, 52.47361258], [13.43782311, 52.47361334], [13.43782385, 52.47361411], [13.43782459, 52.47361487], [13.43782534, 52.47361564], [13.43782607, 52.47361641], [13.43782681, 52.47361718], [13.43782754, 52.47361795], [13.43782828, 52.47361872], [13.43782901, 52.47361949], [13.43782973, 52.47362026], [13.43783046, 52.47362103], [13.43783118, 52.4736218], [13.4378319, 52.47362258], [13.43783262, 52.47362335], [13.43783334, 52.47362413], [13.43783406, 52.4736249], [13.43783477, 52.47362568], [13.43783548, 52.47362645], [13.43783619, 52.47362723], [13.43783689, 52.47362801], [13.4378376, 52.47362879], [13.4378383, 52.47362957], [13.437839, 52.47363035], [13.4378397, 52.47363113], [13.43784039, 52.47363191], [13.43784108, 52.4736327], [13.43784177, 52.47363348], [13.43784246, 52.47363427], [13.43784315, 52.47363505], [13.43784383, 52.47363584], [13.43784452, 52.47363662], [13.4378452, 52.47363741], [13.43784587, 52.4736382], [13.43784655, 52.47363899], [13.43784722, 52.47363978], [13.4378479, 52.47364057], [13.43784832, 52.4736411], [13.43784853, 52.47364137], [13.43784874, 52.47364164], [13.43784916, 52.47364217], [13.43784938, 52.47364244], [13.43784959, 52.47364271], [13.43785, 52.47364324], [13.43785021, 52.47364351], [13.43785042, 52.47364378], [13.43785083, 52.47364432], [13.43785104, 52.47364459], [13.43785125, 52.47364486], [13.43785166, 52.4736454], [13.43785186, 52.47364567], [13.43785206, 52.47364594], [13.43785247, 52.47364648], [13.43785267, 52.47364675], [13.43785288, 52.47364702], [13.43785329, 52.47364756], [13.43785349, 52.47364783], [13.43785359, 52.47364796], [13.43785369, 52.4736481], [13.43785408, 52.47364864], [13.43785428, 52.47364891], [13.43785447, 52.47364918], [13.43785486, 52.47364973], [13.43785506, 52.47365], [13.43785526, 52.47365027], [13.43785565, 52.47365082], [13.43785584, 52.47365109], [13.43785603, 52.47365136], [13.43785642, 52.47365191], [13.43785661, 52.47365218], [13.4378568, 52.47365245], [13.43785719, 52.473653], [13.43785737, 52.47365327], [13.43785755, 52.47365355], [13.43785794, 52.4736541], [13.43785812, 52.47365437], [13.43785831, 52.47365464], [13.43785869, 52.47365519], [13.43785888, 52.47365547], [13.43785906, 52.47365574], [13.43785942, 52.47365629], [13.4378596, 52.47365657], [13.43785978, 52.47365684], [13.43786014, 52.4736574], [13.43786033, 52.47365767], [13.43786051, 52.47365795], [13.43786087, 52.4736585], [13.43786105, 52.47365878], [13.43786122, 52.47365905], [13.43786158, 52.47365961], [13.43786175, 52.47365988], [13.43786193, 52.47366016], [13.43786228, 52.47366072], [13.43786245, 52.47366099], [13.43786262, 52.47366127], [13.43786297, 52.47366182], [13.43786315, 52.4736621], [13.43786332, 52.47366238], [13.43786367, 52.47366294], [13.43786375, 52.47366308], [13.43786384, 52.47366322], [13.437864, 52.47366349], [13.43786433, 52.47366405], [13.4378645, 52.47366433], [13.43786466, 52.47366461], [13.437865, 52.47366517], [13.43786517, 52.47366545], [13.43786533, 52.47366573], [13.43786566, 52.47366629], [13.43786582, 52.47366657], [13.43786598, 52.47366685], [13.43786631, 52.47366741], [13.43786647, 52.47366769], [13.43786663, 52.47366797], [13.43786695, 52.47366853], [13.43786711, 52.47366881], [13.43786726, 52.47366909], [13.43786758, 52.47366966], [13.43786774, 52.47366993], [13.4378679, 52.47367022], [13.43786821, 52.47367078], [13.43786992, 52.4736705], [13.43787163, 52.47367022], [13.43787335, 52.47366994], [13.43787506, 52.47366967], [13.43787677, 52.4736694], [13.43787849, 52.47366913], [13.4378802, 52.47366886], [13.43788192, 52.47366859], [13.43788364, 52.47366833], [13.43788536, 52.47366807], [13.43788707, 52.47366781], [13.43788879, 52.47366755], [13.43789052, 52.4736673], [13.43789224, 52.47366705], [13.43789396, 52.4736668], [13.43789569, 52.47366655], [13.43789684, 52.47366638], [13.43789741, 52.47366631], [13.43789913, 52.47366606], [13.43790086, 52.47366582], [13.43790259, 52.47366558], [13.43790432, 52.47366534], [13.43790604, 52.47366511], [13.43790777, 52.47366488], [13.4379095, 52.47366465], [13.43791124, 52.47366442], [13.43791297, 52.47366419], [13.4379147, 52.47366397], [13.43791643, 52.47366375], [13.43791817, 52.47366353], [13.4379199, 52.47366331], [13.43792164, 52.4736631], [13.43792338, 52.47366288], [13.43792511, 52.47366268], [13.43792569, 52.4736626], [13.43792685, 52.47366247], [13.43792859, 52.47366226], [13.43793033, 52.47366206], [13.43793207, 52.47366186], [13.43793381, 52.47366166], [13.43793555, 52.47366146], [13.43793729, 52.47366127], [13.43793903, 52.47366107], [13.43794078, 52.47366088], [13.43794252, 52.4736607], [13.43794427, 52.47366051], [13.43794601, 52.47366033], [13.43794776, 52.47366015], [13.4379495, 52.47365997], [13.43795125, 52.47365979], [13.437953, 52.47365962], [13.43795475, 52.47365944], [13.4379565, 52.47365927], [13.43795825, 52.47365911], [13.43796, 52.47365894], [13.43796175, 52.47365878], [13.4379635, 52.47365862], [13.43796525, 52.47365846], [13.437967, 52.4736583], [13.43796875, 52.47365815], [13.43797051, 52.473658], [13.43797226, 52.47365785], [13.43797402, 52.4736577], [13.43797577, 52.47365755], [13.43797753, 52.47365741], [13.43797928, 52.47365727], [13.43798104, 52.47365713], [13.4379828, 52.473657], [13.43798397, 52.47365691], [13.43798455, 52.47365686], [13.43798631, 52.47365673], [13.43798807, 52.4736566], [13.43798983, 52.47365647], [13.43799159, 52.47365635], [13.43799335, 52.47365623], [13.43799511, 52.4736561], [13.43799687, 52.47365599], [13.43799863, 52.47365587], [13.43800039, 52.47365576], [13.43800215, 52.47365565], [13.43800391, 52.47365554], [13.43800567, 52.47365543], [13.43800744, 52.47365533], [13.4380092, 52.47365522], [13.43801096, 52.47365512], [13.43801273, 52.47365503], [13.43801331, 52.47365499], [13.43801449, 52.47365493], [13.43801625, 52.47365484], [13.43801802, 52.47365475], [13.43801978, 52.47365466], [13.43802155, 52.47365457], [13.43802331, 52.47365449], [13.43802508, 52.4736544], [13.43802685, 52.47365432], [13.43802861, 52.47365425], [13.43803038, 52.47365417], [13.43803215, 52.4736541], [13.43803391, 52.47365403], [13.43803421, 52.47365402], [13.43803568, 52.47365396], [13.43803745, 52.47365389], [13.43803922, 52.47365383], [13.43804098, 52.47365377], [13.43804275, 52.47365371], [13.43804304, 52.47365918], [13.43804313, 52.47365918], [13.43833595, 52.4736673], [13.43833706, 52.47366733], [13.43833818, 52.47366735], [13.43833929, 52.47366738], [13.43834041, 52.47366739], [13.43834152, 52.47366742], [13.43834264, 52.47366745], [13.43834375, 52.47366748], [13.43834487, 52.47366751], [13.43834598, 52.47366754], [13.43834709, 52.47366758], [13.43834821, 52.47366761], [13.43834932, 52.47366766], [13.43835043, 52.47366769], [13.43835155, 52.47366773], [13.43835187, 52.47366774], [13.43835266, 52.47366777], [13.43835377, 52.47366782], [13.43835488, 52.47366786], [13.438356, 52.47366791], [13.43835711, 52.47366795], [13.43835822, 52.473668], [13.43835934, 52.47366805], [13.43836045, 52.4736681], [13.43836156, 52.47366816], [13.43836267, 52.47366821], [13.43836378, 52.47366828], [13.43836489, 52.47366833], [13.43836601, 52.47366839], [13.43836712, 52.47366845], [13.43836776, 52.47366848], [13.43836823, 52.47366851], [13.43836934, 52.47366857], [13.43837045, 52.47366864], [13.43837156, 52.47366871], [13.43837267, 52.47366878], [13.43837378, 52.47366885], [13.43837489, 52.47366892], [13.43837599, 52.47366899], [13.4383771, 52.47366906], [13.43837821, 52.47366914], [13.43837932, 52.47366922], [13.43838043, 52.4736693], [13.43838154, 52.47366937], [13.43838264, 52.47366945], [13.4383836, 52.47366952], [13.43838375, 52.47366954], [13.43838486, 52.47366962], [13.43838596, 52.47366971], [13.43838707, 52.4736698], [13.43838817, 52.47366989], [13.43838928, 52.47366998], [13.43839038, 52.47367007], [13.43839149, 52.47367016], [13.43839259, 52.47367026], [13.4383937, 52.47367035], [13.4383948, 52.47367045], [13.43839591, 52.47367055], [13.43839701, 52.47367065], [13.43839811, 52.47367075], [13.43839921, 52.47367085], [13.43839938, 52.47367087], [13.43840032, 52.47367096], [13.43840142, 52.47367107], [13.43840252, 52.47367118], [13.43840362, 52.47367128], [13.43840472, 52.47367139], [13.43840582, 52.4736715], [13.43840692, 52.47367162], [13.43840802, 52.47367173], [13.43840912, 52.47367185], [13.43841022, 52.47367197], [13.43841131, 52.4736721], [13.43841241, 52.47367222], [13.43841351, 52.47367234], [13.43841461, 52.47367246], [13.43841509, 52.47367251], [13.4384157, 52.47367259], [13.4384168, 52.47367272], [13.43841789, 52.47367284], [13.43841899, 52.47367297], [13.43842008, 52.4736731], [13.43842117, 52.47367323], [13.43842227, 52.47367337], [13.43842336, 52.4736735], [13.43842445, 52.47367364], [13.43842555, 52.47367378], [13.43842664, 52.47367392], [13.43842773, 52.47367406], [13.43842882, 52.47367421], [13.43842991, 52.47367435], [13.4384307, 52.47367446], [13.438431, 52.4736745], [13.43843209, 52.47367465], [13.43843317, 52.4736748], [13.43843426, 52.47367494], [13.43843535, 52.4736751], [13.43843644, 52.47367525], [13.43843752, 52.47367541], [13.43843861, 52.47367556], [13.43843969, 52.47367572], [13.43844078, 52.47367588], [13.43844186, 52.47367604], [13.43844294, 52.4736762], [13.43844402, 52.47367637], [13.43844511, 52.47367653], [13.43844619, 52.4736767], [13.4384472, 52.47367683], [13.43844821, 52.47367697], [13.43844872, 52.47367704], [13.43844922, 52.47367711], [13.43845023, 52.47367725], [13.43845073, 52.47367732], [13.43845124, 52.47367739], [13.43845225, 52.47367753], [13.43845275, 52.4736776], [13.43845326, 52.47367767], [13.43845426, 52.47367781], [13.43845477, 52.47367789], [13.43845527, 52.47367796], [13.43845628, 52.47367811], [13.43845678, 52.47367818], [13.43845728, 52.47367825], [13.43845829, 52.4736784], [13.43845879, 52.47367847], [13.43845929, 52.47367855], [13.4384603, 52.4736787], [13.4384608, 52.47367878], [13.4384613, 52.47367885], [13.4384623, 52.47367901], [13.4384628, 52.47367909], [13.4384633, 52.47367917], [13.4384643, 52.47367933], [13.43846481, 52.4736794], [13.43846531, 52.47367948], [13.43846631, 52.47367964], [13.43846681, 52.47367972], [13.43846731, 52.4736798], [13.43846831, 52.47367997], [13.43846881, 52.47368005], [13.43846931, 52.47368013], [13.4384703, 52.4736803], [13.4384708, 52.47368038], [13.4384713, 52.47368047], [13.4384723, 52.47368063], [13.4384728, 52.47368072], [13.4384733, 52.4736808], [13.4384743, 52.47368097], [13.43847479, 52.47368106], [13.43847529, 52.47368114], [13.43847628, 52.47368132], [13.43847678, 52.47368141], [13.43847727, 52.4736815], [13.43847827, 52.47368167], [13.43847876, 52.47368177], [13.43847926, 52.47368185], [13.43848025, 52.47368203], [13.43848075, 52.47368212], [13.43848124, 52.47368221], [13.43848223, 52.47368239], [13.43848273, 52.47368248], [13.43848322, 52.47368258], [13.43848421, 52.47368276], [13.43848471, 52.47368286], [13.4384852, 52.47368295], [13.43848619, 52.47368313], [13.43848668, 52.47368323], [13.43848718, 52.47368332], [13.43848817, 52.47368351], [13.43848866, 52.47368361], [13.43848915, 52.4736837], [13.43849013, 52.4736839], [13.43849063, 52.47368399], [13.43849112, 52.47368409], [13.4384921, 52.47368429], [13.43849259, 52.47368439], [13.43849308, 52.47368449], [13.43849407, 52.47368468], [13.43849456, 52.47368478], [13.43849505, 52.47368489], [13.43849603, 52.47368509], [13.43849652, 52.47368519], [13.43849701, 52.47368529], [13.43849799, 52.47368549], [13.43849848, 52.47368559], [13.43849897, 52.4736857], [13.43849994, 52.4736859], [13.43850043, 52.473686], [13.43850092, 52.47368611], [13.4385019, 52.47368631], [13.43850239, 52.47368642], [13.43850287, 52.47368653], [13.43850385, 52.47368674], [13.43850433, 52.47368685], [13.43850482, 52.47368695], [13.43850579, 52.47368717], [13.43850628, 52.47368728], [13.43850677, 52.47368738], [13.43850774, 52.4736876], [13.43850822, 52.47368771], [13.43850871, 52.47368782], [13.43850968, 52.47368804], [13.43851016, 52.47368815], [13.43851065, 52.47368826], [13.43851161, 52.47368848], [13.4385121, 52.4736886], [13.43851258, 52.47368871], [13.43851355, 52.47368893], [13.43851403, 52.47368904], [13.43851452, 52.47368916], [13.43851549, 52.47368938], [13.4385164, 52.47368967], [13.4385173, 52.47368996], [13.43851776, 52.4736901], [13.43851822, 52.47369024], [13.43851913, 52.47369053], [13.43851958, 52.47369068], [13.43852003, 52.47369082], [13.43852094, 52.47369111], [13.4385214, 52.47369126], [13.43852185, 52.4736914], [13.43852275, 52.4736917], [13.43852321, 52.47369185], [13.43852366, 52.47369199], [13.43852456, 52.47369229], [13.43852502, 52.47369244], [13.43852546, 52.47369258], [13.43852637, 52.47369288], [13.43852682, 52.47369303], [13.43852727, 52.47369318], [13.43852817, 52.47369348], [13.43852852, 52.4736936], [13.43852863, 52.47369363], [13.43852906, 52.47369378], [13.43852996, 52.47369409], [13.43853042, 52.47369424], [13.43853085, 52.47369439], [13.43853175, 52.4736947], [13.4385322, 52.47369486], [13.43853264, 52.47369501], [13.43853354, 52.47369531], [13.43853399, 52.47369547], [13.43853443, 52.47369562], [13.43853532, 52.47369594], [13.43853577, 52.47369609], [13.4385362, 52.47369625], [13.43853709, 52.47369656], [13.43853754, 52.47369672], [13.43853797, 52.47369688], [13.43853886, 52.47369719], [13.43853932, 52.47369735], [13.43853974, 52.4736975], [13.43854063, 52.47369782], [13.43854109, 52.47369799], [13.43854132, 52.47369807], [13.43854151, 52.47369814], [13.43854239, 52.47369846], [13.43854284, 52.47369863], [13.43854327, 52.47369879], [13.43854412, 52.47369911], [13.43854416, 52.47369912], [13.4385446, 52.47369928], [13.438545, 52.47369943], [13.43854504, 52.47369944], [13.43854588, 52.47369975], [13.43854592, 52.47369977], [13.43854635, 52.47369993], [13.43854675, 52.47370008], [13.43854679, 52.47370009], [13.43854763, 52.4737004], [13.43854767, 52.47370042], [13.4385481, 52.47370059], [13.4385485, 52.47370074], [13.43854854, 52.47370075], [13.43854936, 52.47370107], [13.43854941, 52.47370108], [13.43854984, 52.47370125], [13.43855023, 52.4737014], [13.43855028, 52.47370141], [13.4385511, 52.47370173], [13.43855115, 52.47370175], [13.43855158, 52.47370191], [13.43855197, 52.47370206], [13.43855201, 52.47370208], [13.43855283, 52.4737024], [13.43855288, 52.47370241], [13.43855332, 52.47370258], [13.4385537, 52.47370273], [13.43855375, 52.47370275], [13.43855388, 52.4737028], [13.43855456, 52.47370307], [13.43855461, 52.47370309], [13.43855504, 52.47370326], [13.43855542, 52.47370341], [13.43855547, 52.47370343], [13.43855628, 52.47370375], [13.43855633, 52.47370377], [13.43855676, 52.47370394], [13.43855714, 52.47370409], [13.43855719, 52.47370411], [13.438558, 52.47370443], [13.43855805, 52.47370445], [13.43855848, 52.47370463], [13.43855885, 52.47370478], [13.43855891, 52.4737048], [13.43855971, 52.47370512], [13.43855977, 52.47370514], [13.43856019, 52.47370532], [13.43856056, 52.47370547], [13.43856062, 52.47370549], [13.43856141, 52.47370581], [13.43856147, 52.47370584], [13.4385619, 52.47370601], [13.43856226, 52.47370616], [13.43856232, 52.47370619], [13.43856311, 52.47370651], [13.43856317, 52.47370654], [13.4385636, 52.47370671], [13.43856396, 52.47370686], [13.43856403, 52.47370688], [13.43856481, 52.47370721], [13.43856487, 52.47370724], [13.4385653, 52.47370741], [13.43856566, 52.47370756], [13.43856572, 52.47370759], [13.43856617, 52.47370777], [13.4385665, 52.47370792], [13.43856657, 52.47370794], [13.43856699, 52.47370812], [13.43856735, 52.47370827], [13.43856741, 52.4737083], [13.43856818, 52.47370863], [13.43856825, 52.47370866], [13.43856867, 52.47370884], [13.43856903, 52.47370899], [13.43856909, 52.47370902], [13.43856986, 52.47370935], [13.43856993, 52.47370938], [13.43857035, 52.47370956], [13.4385707, 52.47370971], [13.43857077, 52.47370974], [13.43857154, 52.47371007], [13.43857161, 52.4737101], [13.43857203, 52.47371028], [13.43857237, 52.47371043], [13.43857244, 52.47371046], [13.43857321, 52.47371079], [13.43857328, 52.47371083], [13.4385737, 52.47371101], [13.43857404, 52.47371116], [13.43857411, 52.47371119], [13.43857487, 52.47371152], [13.43857495, 52.47371156], [13.43857536, 52.47371174], [13.4385757, 52.47371189], [13.43857578, 52.47371192], [13.43857653, 52.47371226], [13.4385766, 52.47371229], [13.43857702, 52.47371248], [13.43857736, 52.47371262], [13.43857743, 52.47371266], [13.43857819, 52.47371299], [13.43857826, 52.47371303], [13.43857868, 52.47371321], [13.43857883, 52.47371328], [13.43857909, 52.4737134], [13.43857991, 52.47371377], [13.43862819, 52.47373559], [13.43863571, 52.47373898], [13.43863759, 52.47373983], [13.4386413, 52.47374152], [13.43864501, 52.4737432], [13.43864872, 52.47374488], [13.43865243, 52.47374656], [13.43865613, 52.47374825], [13.43865984, 52.47374993], [13.43866354, 52.47375162], [13.43866724, 52.47375331], [13.43867094, 52.473755], [13.43867464, 52.47375669], [13.43867834, 52.47375838], [13.43868204, 52.47376007], [13.43868573, 52.47376176], [13.43868942, 52.47376346], [13.43869311, 52.47376516], [13.43869681, 52.47376685], [13.4386987, 52.47376773], [13.4387006, 52.4737686], [13.4387025, 52.47376947], [13.43870439, 52.47377035], [13.43870628, 52.47377123], [13.43870817, 52.47377211], [13.43871006, 52.47377299], [13.43871195, 52.47377387], [13.43871384, 52.47377475], [13.43871572, 52.47377563], [13.43871761, 52.47377652], [13.43871949, 52.4737774], [13.43872137, 52.47377829], [13.43872324, 52.47377918], [13.43872513, 52.47378007], [13.43872701, 52.47378095], [13.43872893, 52.47378187], [13.43873086, 52.47378278], [13.43873278, 52.4737837], [13.43873471, 52.47378462], [13.43873663, 52.47378554], [13.43873855, 52.47378646], [13.43874047, 52.47378738], [13.43874239, 52.4737883], [13.4387443, 52.47378923], [13.43874622, 52.47379015], [13.43874813, 52.47379108], [13.43875004, 52.47379201], [13.43875195, 52.47379293], [13.43875386, 52.47379386], [13.43875577, 52.47379479], [13.43875767, 52.47379573], [13.43875958, 52.47379666], [13.43876148, 52.47379759], [13.43876338, 52.47379853], [13.43876528, 52.47379946], [13.43876718, 52.4738004], [13.43876908, 52.47380134], [13.43877097, 52.47380228], [13.43877287, 52.47380322], [13.43877476, 52.47380416], [13.43877665, 52.4738051], [13.43877854, 52.47380605], [13.43878043, 52.47380699], [13.43878231, 52.47380794], [13.43878326, 52.47380841], [13.4387842, 52.47380889], [13.43878609, 52.47380983], [13.43878797, 52.47381078], [13.43878985, 52.47381173], [13.43879173, 52.47381268], [13.43879361, 52.47381364], [13.43879549, 52.47381459], [13.43879736, 52.47381554], [13.43879923, 52.4738165], [13.43880111, 52.47381746], [13.43880298, 52.47381841], [13.43880484, 52.47381937], [13.43880671, 52.47382033], [13.43880858, 52.47382129], [13.43881044, 52.47382226], [13.43881231, 52.47382322], [13.43881417, 52.47382418], [13.43881603, 52.47382515], [13.43881789, 52.47382612], [13.43881974, 52.47382708], [13.4388216, 52.47382805], [13.43882345, 52.47382902], [13.43882531, 52.47382999], [13.43882716, 52.47383097], [13.43882901, 52.47383194], [13.43883086, 52.47383291], [13.4388327, 52.47383389], [13.43883455, 52.47383486], [13.43883639, 52.47383584], [13.43883823, 52.47383682], [13.43883303, 52.47384189], [13.43883469, 52.47384266], [13.43883635, 52.47384343], [13.43883801, 52.47384421], [13.43883966, 52.47384498], [13.43884132, 52.47384576], [13.43884297, 52.47384653], [13.43884462, 52.47384731], [13.43884626, 52.47384809], [13.43884791, 52.47384887], [13.43884955, 52.47384966], [13.43885119, 52.47385044], [13.43885283, 52.47385123], [13.43885289, 52.47385126], [13.43885447, 52.47385202], [13.4388561, 52.47385281], [13.43885774, 52.4738536], [13.43885937, 52.47385439], [13.438861, 52.47385519], [13.43886262, 52.47385598], [13.43886425, 52.47385678], [13.43886587, 52.47385758], [13.43886749, 52.47385838], [13.43886911, 52.47385918], [13.43887073, 52.47385999], [13.43887234, 52.47386079], [13.43887395, 52.4738616], [13.43887556, 52.47386241], [13.43887717, 52.47386322], [13.43887878, 52.47386403], [13.43888038, 52.47386484], [13.43888199, 52.47386565], [13.43888359, 52.47386647], [13.43888518, 52.47386729], [13.43888678, 52.4738681], [13.43888837, 52.47386893], [13.43888842, 52.47386895], [13.43888997, 52.47386975], [13.43889156, 52.47387057], [13.43889315, 52.4738714], [13.43889473, 52.47387222], [13.43889632, 52.47387305], [13.4388979, 52.47387388], [13.43889948, 52.47387471], [13.43890105, 52.47387554], [13.43890263, 52.47387637], [13.4389042, 52.47387721], [13.43890577, 52.47387805], [13.43890734, 52.47387888], [13.43890891, 52.47387972], [13.43891047, 52.47388057], [13.43891204, 52.47388141], [13.4389136, 52.47388225], [13.43891516, 52.4738831], [13.43891671, 52.47388394], [13.43891827, 52.47388479], [13.43891982, 52.47388564], [13.43892137, 52.47388649], [13.43892292, 52.47388735], [13.43892446, 52.4738882], [13.438926, 52.47388906], [13.43892755, 52.47388991], [13.43892909, 52.47389077], [13.43893062, 52.47389163], [13.43893216, 52.47389249], [13.43893369, 52.47389336], [13.43893522, 52.47389422], [13.43893675, 52.47389509], [13.43893827, 52.47389595], [13.4389398, 52.47389682], [13.43894132, 52.47389769], [13.43894284, 52.47389856], [13.43894436, 52.47389944], [13.43894587, 52.47390031], [13.43894738, 52.47390119], [13.43894889, 52.47390206], [13.4389504, 52.47390294], [13.43895191, 52.47390382], [13.43895341, 52.4739047], [13.43895491, 52.47390559], [13.43895642, 52.47390647], [13.43895791, 52.47390736], [13.43895941, 52.47390825], [13.4389609, 52.47390913], [13.43896239, 52.47391002], [13.43896388, 52.47391092], [13.43896536, 52.47391181], [13.43896685, 52.4739127], [13.43896833, 52.4739136], [13.43896981, 52.4739145], [13.43897128, 52.47391539], [13.43897276, 52.47391629], [13.43897423, 52.47391719], [13.4389757, 52.4739181], [13.43897717, 52.473919], [13.43897863, 52.47391991], [13.4389801, 52.47392081], [13.43898156, 52.47392172], [13.43898302, 52.47392263], [13.43898447, 52.47392354], [13.4389857, 52.47392431], [13.43898593, 52.47392445], [13.43898738, 52.47392537], [13.43898883, 52.47392628], [13.43911085, 52.47388965], [13.43914494, 52.47376687], [13.43887617, 52.47369315], [13.43874373, 52.47365683], [13.43862162, 52.47362333], [13.43861637, 52.47362168], [13.43808485, 52.47345396], [13.43807093, 52.47344956], [13.43806261, 52.47344657], [13.4378991, 52.47338789], [13.43783344, 52.47336433], [13.43779511, 52.47335057], [13.43779357, 52.47335002], [13.43775527, 52.47333627], [13.43709704, 52.47310003], [13.43692541, 52.47304153], [13.43688965, 52.47302834], [13.43677725, 52.47299192], [13.4367215, 52.47297648], [13.43667013, 52.47296491], [13.43637037, 52.47292524], [13.43635216, 52.47292295], [13.43627773, 52.4729136], [13.43609074, 52.47289011], [13.43596875, 52.47327245], [13.4359235, 52.47341427], [13.43576583, 52.47390843], [13.43576539, 52.47390983], [13.43562621, 52.47434616], [13.43579943, 52.47433815], [13.43580078, 52.47433809], [13.43580154, 52.47433805], [13.4358023, 52.47433801], [13.43580305, 52.47433798], [13.43580379, 52.47433795], [13.43587915, 52.47433446], [13.43589819, 52.47433358], [13.43589893, 52.47433354], [13.43589967, 52.47433351], [13.43590043, 52.47433347], [13.43590119, 52.47433344], [13.43590196, 52.4743334], [13.43590272, 52.47433337], [13.43620339, 52.47431946], [13.43639219, 52.47431073], [13.4364796, 52.47431734], [13.43680808, 52.47435888], [13.4371749, 52.47440525], [13.43717681, 52.4744055], [13.43726405, 52.47441653], [13.43726539, 52.47441669], [13.43732845, 52.47442467], [13.43776505, 52.47429362], [13.43787807, 52.47425969]]], [[[13.43894918, 52.47393818], [13.43894791, 52.47393736], [13.43894663, 52.47393655], [13.43894534, 52.47393573], [13.43894406, 52.47393492], [13.43894277, 52.4739341], [13.43894148, 52.47393329], [13.43894019, 52.47393249], [13.43893889, 52.47393168], [13.43893759, 52.47393087], [13.43893629, 52.47393007], [13.43893498, 52.47392927], [13.43893368, 52.47392847], [13.43893237, 52.47392767], [13.43893105, 52.47392687], [13.43892974, 52.47392608], [13.43892841, 52.47392529], [13.43892754, 52.47392476], [13.43892709, 52.47392449], [13.43892577, 52.4739237], [13.43892444, 52.47392291], [13.43892311, 52.47392213], [13.43892178, 52.47392134], [13.43892045, 52.47392056], [13.43891911, 52.47391978], [13.43891777, 52.473919], [13.43891642, 52.47391822], [13.43891508, 52.47391744], [13.43891373, 52.47391667], [13.43891238, 52.47391589], [13.43891102, 52.47391512], [13.43890967, 52.47391435], [13.43890831, 52.47391359], [13.43890695, 52.47391282], [13.43890558, 52.47391206], [13.43890512, 52.4739118], [13.43890421, 52.4739113], [13.43890284, 52.47391053], [13.43890147, 52.47390978], [13.4389001, 52.47390902], [13.43889872, 52.47390826], [13.43889734, 52.47390751], [13.43889595, 52.47390676], [13.43889457, 52.47390601], [13.43889318, 52.47390526], [13.43889179, 52.47390451], [13.4388904, 52.47390377], [13.438889, 52.47390303], [13.4388876, 52.47390229], [13.4388862, 52.47390155], [13.43888479, 52.47390081], [13.43888339, 52.47390008], [13.43888198, 52.47389934], [13.43888057, 52.47389861], [13.43887915, 52.47389788], [13.43887774, 52.47389715], [13.43887632, 52.47389643], [13.4388749, 52.4738957], [13.43887347, 52.47389498], [13.43887205, 52.47389426], [13.43887062, 52.47389354], [13.43886919, 52.47389282], [13.43886775, 52.47389211], [13.43886632, 52.4738914], [13.43886488, 52.47389068], [13.43886343, 52.47388997], [13.43886199, 52.47388927], [13.43886054, 52.47388856], [13.43885909, 52.47388786], [13.43885813, 52.47388739], [13.43885764, 52.47388716], [13.43885619, 52.47388646], [13.43885473, 52.47388576], [13.43885327, 52.47388506], [13.43885181, 52.47388437], [13.43885035, 52.47388367], [13.43884888, 52.47388298], [13.43884742, 52.47388229], [13.43884595, 52.47388161], [13.43884447, 52.47388092], [13.438843, 52.47388024], [13.43884152, 52.47387956], [13.43884004, 52.47387888], [13.43883856, 52.4738782], [13.43883707, 52.47387753], [13.43883559, 52.47387685], [13.43883409, 52.47387618], [13.43883359, 52.47387596], [13.4388326, 52.47387551], [13.43883111, 52.47387484], [13.43882961, 52.47387418], [13.43882811, 52.47387351], [13.43882661, 52.47387285], [13.43882511, 52.47387219], [13.4388236, 52.47387153], [13.4388221, 52.47387088], [13.43882059, 52.47387023], [13.43881907, 52.47386957], [13.43881756, 52.47386892], [13.43881604, 52.47386827], [13.43881452, 52.47386763], [13.438813, 52.47386698], [13.43881148, 52.47386634], [13.43880995, 52.4738657], [13.43880903, 52.47386532], [13.43880842, 52.47386506], [13.43878078, 52.47389204], [13.4387685, 52.47390403], [13.43876846, 52.47390406], [13.43876822, 52.47390432], [13.43876809, 52.47390446], [13.43876799, 52.47390457], [13.43876771, 52.47390485], [13.43876761, 52.47390496], [13.43876752, 52.47390505], [13.43876733, 52.47390524], [13.43876723, 52.47390535], [13.43876695, 52.47390563], [13.43876686, 52.47390574], [13.43876677, 52.47390583], [13.43876658, 52.47390603], [13.43876648, 52.47390613], [13.43876619, 52.47390642], [13.4387661, 52.47390652], [13.438766, 52.47390661], [13.43876581, 52.47390681], [13.43876571, 52.4739069], [13.43876543, 52.47390719], [13.43876533, 52.47390729], [13.43876523, 52.47390739], [13.43876504, 52.47390758], [13.43876494, 52.47390768], [13.43876465, 52.47390797], [13.43876456, 52.47390807], [13.43876445, 52.47390816], [13.43876426, 52.47390836], [13.43876417, 52.47390845], [13.43876412, 52.4739085], [13.43876386, 52.47390875], [13.43876377, 52.47390884], [13.43876367, 52.47390894], [13.43876347, 52.47390913], [13.43876338, 52.47390922], [13.43876307, 52.47390951], [13.43876298, 52.4739096], [13.43876287, 52.47390971], [13.43876267, 52.4739099], [13.43876258, 52.47390999], [13.43876227, 52.47391028], [13.43876218, 52.47391037], [13.43876207, 52.47391047], [13.43876186, 52.47391066], [13.43876178, 52.47391075], [13.43876146, 52.47391104], [13.43876137, 52.47391113], [13.43876125, 52.47391123], [13.43876105, 52.47391143], [13.43876096, 52.47391151], [13.43876064, 52.47391181], [13.43876056, 52.47391189], [13.43876044, 52.473912], [13.43876023, 52.47391219], [13.43876015, 52.47391226], [13.43876005, 52.47391236], [13.43875982, 52.47391256], [13.43875973, 52.47391264], [13.43875961, 52.47391275], [13.4387594, 52.47391294], [13.43875932, 52.47391301], [13.43875898, 52.47391332], [13.4387589, 52.47391339], [13.43875877, 52.47391351], [13.43875856, 52.47391369], [13.43875848, 52.47391376], [13.43875814, 52.47391407], [13.43875806, 52.47391414], [13.43875793, 52.47391425], [13.43875772, 52.47391444], [13.43875764, 52.47391451], [13.43875729, 52.47391481], [13.43875722, 52.47391488], [13.43875708, 52.473915], [13.43875686, 52.47391519], [13.43875679, 52.47391525], [13.43875644, 52.47391556], [13.43875636, 52.47391562], [13.43875622, 52.47391575], [13.43875601, 52.47391593], [13.43875594, 52.473916], [13.43875578, 52.47391613], [13.43875558, 52.4739163], [13.4387555, 52.47391636], [13.43875536, 52.47391649], [13.43875514, 52.47391667], [13.43875507, 52.47391673], [13.4387547, 52.47391704], [13.43875463, 52.4739171], [13.43875448, 52.47391722], [13.43875426, 52.47391741], [13.43875419, 52.47391746], [13.43875382, 52.47391777], [13.43875375, 52.47391783], [13.4387536, 52.47391796], [13.43875338, 52.47391814], [13.43875331, 52.47391819], [13.43875294, 52.4739185], [13.43875287, 52.47391856], [13.43875271, 52.47391869], [13.43875249, 52.47391887], [13.43875243, 52.47391892], [13.43875204, 52.47391923], [13.43875198, 52.47391928], [13.43875182, 52.47391941], [13.43875159, 52.4739196], [13.43875153, 52.47391964], [13.43875131, 52.47391982], [13.43875114, 52.47391996], [13.43875108, 52.47392], [13.43875092, 52.47392014], [13.43875069, 52.47392032], [13.43875063, 52.47392036], [13.43875023, 52.47392068], [13.43875017, 52.47392072], [13.43875, 52.47392086], [13.43874977, 52.47392103], [13.43874972, 52.47392108], [13.43874931, 52.47392139], [13.43874926, 52.47392144], [13.43874908, 52.47392157], [13.43874885, 52.47392175], [13.4387488, 52.47392179], [13.43874839, 52.47392211], [13.43874834, 52.47392215], [13.43874816, 52.47392228], [13.43874792, 52.47392246], [13.43874787, 52.4739225], [13.43874746, 52.47392282], [13.43874741, 52.47392286], [13.43874723, 52.47392299], [13.43874699, 52.47392317], [13.43874694, 52.47392321], [13.43874665, 52.47392343], [13.43874652, 52.47392352], [13.43874648, 52.47392356], [13.43874629, 52.4739237], [13.43874605, 52.47392387], [13.438746, 52.47392391], [13.43874558, 52.47392423], [13.43874553, 52.47392426], [13.43874534, 52.4739244], [13.4387451, 52.47392458], [13.43874506, 52.47392461], [13.43874462, 52.47392492], [13.43874458, 52.47392496], [13.43874438, 52.4739251], [13.43874414, 52.47392527], [13.4387441, 52.4739253], [13.43874366, 52.47392562], [13.43874362, 52.47392565], [13.43874342, 52.47392579], [13.43874318, 52.47392597], [13.43874314, 52.47392599], [13.43874269, 52.47392631], [13.43874266, 52.47392634], [13.43874245, 52.47392649], [13.43874221, 52.47392666], [13.43874217, 52.47392668], [13.43874181, 52.47392694], [13.43874172, 52.473927], [13.43874169, 52.47392702], [13.43874148, 52.47392717], [13.43874123, 52.47392734], [13.4387412, 52.47392736], [13.43874074, 52.47392768], [13.43874071, 52.4739277], [13.43874049, 52.47392785], [13.43874024, 52.47392802], [13.43874022, 52.47392804], [13.43873974, 52.47392837], [13.4387395, 52.47392853], [13.43873924, 52.47392871], [13.43873874, 52.47392905], [13.4387385, 52.47392921], [13.43873824, 52.47392939], [13.43873774, 52.47392972], [13.4387375, 52.47392988], [13.43873723, 52.47393006], [13.43873679, 52.47393035], [13.43873674, 52.47393039], [13.43873649, 52.47393055], [13.43873622, 52.47393072], [13.43873571, 52.47393105], [13.43873547, 52.47393121], [13.4387352, 52.47393138], [13.43873469, 52.47393171], [13.43873444, 52.47393187], [13.43873418, 52.47393204], [13.43873366, 52.47393237], [13.43873341, 52.47393253], [13.43873315, 52.47393269], [13.43873263, 52.47393302], [13.43873237, 52.47393318], [13.43873211, 52.47393334], [13.43873159, 52.47393367], [13.43873094, 52.47393404], [13.43873061, 52.47393422], [13.43873029, 52.47393441], [13.43872963, 52.47393478], [13.43872931, 52.47393496], [13.43872898, 52.47393515], [13.43872833, 52.47393551], [13.438728, 52.4739357], [13.43872767, 52.47393588], [13.43872701, 52.47393625], [13.43872668, 52.47393643], [13.43872635, 52.47393661], [13.43872568, 52.47393697], [13.43872535, 52.47393715], [13.43872502, 52.47393733], [13.43872436, 52.4739377], [13.43872403, 52.47393788], [13.4387237, 52.47393806], [13.43872337, 52.47393823], [13.43872303, 52.47393842], [13.43872269, 52.4739386], [13.43872236, 52.47393877], [13.43872168, 52.47393913], [13.43872135, 52.47393931], [13.43872101, 52.47393948], [13.43872033, 52.47393984], [13.43872, 52.47394002], [13.43871966, 52.47394019], [13.43871898, 52.47394054], [13.43871864, 52.47394072], [13.4387183, 52.4739409], [13.43871763, 52.47394125], [13.43871729, 52.47394142], [13.43871695, 52.4739416], [13.43871627, 52.47394195], [13.43871593, 52.47394212], [13.43871558, 52.4739423], [13.4387149, 52.47394264], [13.43871437, 52.47394294], [13.4387141, 52.47394309], [13.43871385, 52.47394323], [13.43871334, 52.47394351], [13.4387133, 52.47394353], [13.43871303, 52.47394368], [13.43871282, 52.4739438], [13.43871277, 52.47394383], [13.4387123, 52.47394408], [13.43871223, 52.47394412], [13.43871196, 52.47394427], [13.43871177, 52.47394437], [13.43871169, 52.47394441], [13.43871125, 52.47394466], [13.43871116, 52.4739447], [13.43871089, 52.47394485], [13.43871072, 52.47394494], [13.43871061, 52.47394499], [13.43871019, 52.47394522], [13.43871007, 52.47394528], [13.4387098, 52.47394543], [13.43870966, 52.4739455], [13.43870953, 52.47394557], [13.4387092, 52.47394575], [13.43870913, 52.47394579], [13.43870899, 52.47394586], [13.43870871, 52.473946], [13.4387086, 52.47394606], [13.43870844, 52.47394614], [13.43870806, 52.47394634], [13.43870789, 52.47394643], [13.43870762, 52.47394657], [13.43870752, 52.47394662], [13.43870734, 52.47394671], [13.43870698, 52.47394689], [13.43870679, 52.47394699], [13.43870651, 52.47394714], [13.43870645, 52.47394717], [13.43870624, 52.47394728], [13.43870591, 52.47394744], [13.43870568, 52.47394756], [13.43870541, 52.4739477], [13.43870537, 52.47394772], [13.43870513, 52.47394784], [13.43870482, 52.47394799], [13.43870457, 52.47394812], [13.43870429, 52.47394826], [13.43870401, 52.47394839], [13.43870373, 52.47394853], [13.43870345, 52.47394868], [13.43870332, 52.47394874], [13.4387029, 52.47394895], [13.43870217, 52.4739493], [13.43870135, 52.4739497], [13.4387006, 52.47395006], [13.43869981, 52.47395046], [13.43869904, 52.47395084], [13.43869826, 52.47395122], [13.43869747, 52.4739516], [13.43869671, 52.47395197], [13.4386959, 52.47395236], [13.43869516, 52.47395272], [13.43869433, 52.47395313], [13.43869361, 52.47395348], [13.43869276, 52.47395389], [13.43869206, 52.47395423], [13.43869118, 52.47395465], [13.4386905, 52.47395498], [13.43868961, 52.47395541], [13.43868895, 52.47395573], [13.43868803, 52.47395617], [13.43868739, 52.47395647], [13.43868645, 52.47395692], [13.43868583, 52.47395722], [13.43868487, 52.47395768], [13.43868427, 52.47395797], [13.43868329, 52.47395843], [13.43868271, 52.47395871], [13.43868171, 52.47395919], [13.43868115, 52.47395945], [13.43868012, 52.47395994], [13.43867958, 52.4739602], [13.43867854, 52.47396069], [13.43867802, 52.47396094], [13.43867695, 52.47396144], [13.43867645, 52.47396168], [13.43867536, 52.47396219], [13.43867488, 52.47396242], [13.43867377, 52.47396294], [13.43867331, 52.47396315], [13.43867218, 52.47396369], [13.43867174, 52.47396389], [13.43867118, 52.47396416], [13.43867059, 52.47396443], [13.43867017, 52.47396463], [13.438669, 52.47396518], [13.4386686, 52.47396536], [13.4386674, 52.47396592], [13.43866702, 52.4739661], [13.4386658, 52.47396666], [13.43866545, 52.47396683], [13.43866421, 52.4739674], [13.43866387, 52.47396756], [13.43866261, 52.47396815], [13.43866229, 52.47396829], [13.438661, 52.47396888], [13.43866071, 52.47396902], [13.4386594, 52.47396962], [13.43865913, 52.47396975], [13.4386578, 52.47397036], [13.43865755, 52.47397047], [13.43865619, 52.47397109], [13.43865596, 52.4739712], [13.43865459, 52.47397183], [13.43865438, 52.47397193], [13.43865298, 52.47397256], [13.43865279, 52.47397265], [13.43865137, 52.4739733], [13.4386512, 52.47397337], [13.43864976, 52.47397403], [13.43864961, 52.47397409], [13.43864814, 52.47397476], [13.43864802, 52.47397481], [13.43864653, 52.47397548], [13.43864643, 52.47397553], [13.43864492, 52.47397621], [13.43864483, 52.47397625], [13.4386433, 52.47397694], [13.43864324, 52.47397697], [13.43864168, 52.47397766], [13.43864164, 52.47397768], [13.43864005, 52.47397839], [13.43863844, 52.47397911], [13.4386193, 52.47398698], [13.43861809, 52.47398747], [13.43861688, 52.47398795], [13.43861566, 52.47398844], [13.43861444, 52.47398892], [13.43861322, 52.4739894], [13.438612, 52.47398988], [13.43861078, 52.47399036], [13.43860956, 52.47399084], [13.43860833, 52.47399131], [13.4386071, 52.47399178], [13.43860587, 52.47399225], [13.43860464, 52.47399272], [13.43860341, 52.47399319], [13.43860217, 52.47399366], [13.43860182, 52.47399379], [13.43860093, 52.47399412], [13.4385997, 52.47399458], [13.43859846, 52.47399504], [13.43859722, 52.4739955], [13.43859598, 52.47399596], [13.43859473, 52.47399642], [13.43859348, 52.47399687], [13.43859224, 52.47399732], [13.43859099, 52.47399777], [13.43858973, 52.47399822], [13.43858848, 52.47399867], [13.43858723, 52.47399912], [13.43858597, 52.47399956], [13.43858471, 52.474], [13.43858399, 52.47400025], [13.43858345, 52.47400044], [13.43858219, 52.47400088], [13.43858093, 52.47400132], [13.43857967, 52.47400175], [13.4385784, 52.47400219], [13.43857713, 52.47400262], [13.43857586, 52.47400305], [13.43857459, 52.47400348], [13.43857332, 52.47400391], [13.43857205, 52.47400433], [13.43857077, 52.47400476], [13.4385695, 52.47400518], [13.43856822, 52.4740056], [13.43856694, 52.47400601], [13.43856584, 52.47400637], [13.43856566, 52.47400643], [13.43856437, 52.47400685], [13.43856309, 52.47400726], [13.4385618, 52.47400767], [13.43856052, 52.47400808], [13.43855923, 52.47400849], [13.43855794, 52.47400889], [13.43855665, 52.4740093], [13.43855535, 52.4740097], [13.43855406, 52.4740101], [13.43855276, 52.4740105], [13.43855146, 52.4740109], [13.43855017, 52.47401129], [13.43854886, 52.47401169], [13.43854756, 52.47401208], [13.43854738, 52.47401213], [13.43854626, 52.47401247], [13.43854495, 52.47401286], [13.43854365, 52.47401324], [13.43854234, 52.47401363], [13.43854103, 52.47401401], [13.43853972, 52.47401439], [13.43853841, 52.47401477], [13.4385371, 52.47401515], [13.43853578, 52.47401553], [13.43853447, 52.4740159], [13.43853315, 52.47401627], [13.43853183, 52.47401664], [13.43853051, 52.47401701], [13.43852919, 52.47401738], [13.43852862, 52.47401753], [13.43852787, 52.47401774], [13.43852654, 52.47401811], [13.43852522, 52.47401847], [13.43852389, 52.47401883], [13.43852256, 52.47401919], [13.43852124, 52.47401954], [13.4385199, 52.4740199], [13.43851857, 52.47402025], [13.43851724, 52.4740206], [13.43851591, 52.47402095], [13.43851457, 52.4740213], [13.43851323, 52.47402164], [13.43851189, 52.47402198], [13.43851055, 52.47402232], [13.4385096, 52.47402257], [13.43850921, 52.47402267], [13.43850787, 52.474023], [13.43850653, 52.47402334], [13.43850519, 52.47402367], [13.43850384, 52.47402401], [13.43850249, 52.47402434], [13.43850115, 52.47402467], [13.4384998, 52.47402499], [13.43849845, 52.47402532], [13.4384971, 52.47402564], [13.43849574, 52.47402596], [13.43849439, 52.47402628], [13.43849303, 52.4740266], [13.43849168, 52.47402692], [13.43849032, 52.47402723], [13.43848742, 52.47402253], [13.43841058, 52.47404177], [13.43841366, 52.47404631], [13.43841143, 52.4740469], [13.4384092, 52.47404749], [13.43840699, 52.47404807], [13.43840695, 52.47404809], [13.43840477, 52.47404866], [13.43840471, 52.47404868], [13.43840255, 52.47404924], [13.43840247, 52.47404926], [13.43840032, 52.47404983], [13.43840023, 52.47404985], [13.4383981, 52.47405041], [13.43839799, 52.47405044], [13.43839587, 52.47405099], [13.43839575, 52.47405102], [13.43839365, 52.47405157], [13.4383935, 52.47405161], [13.43839142, 52.47405215], [13.43839126, 52.47405219], [13.43838919, 52.47405273], [13.43838901, 52.47405277], [13.43838696, 52.4740533], [13.43838677, 52.47405335], [13.43838473, 52.47405388], [13.43838452, 52.47405393], [13.4383825, 52.47405445], [13.43838228, 52.47405451], [13.43838027, 52.47405502], [13.43838003, 52.47405508], [13.43837803, 52.47405559], [13.43837778, 52.47405566], [13.4383758, 52.47405616], [13.43837553, 52.47405623], [13.43837357, 52.47405673], [13.43837328, 52.4740568], [13.43837133, 52.4740573], [13.43837102, 52.47405737], [13.43836909, 52.47405786], [13.43836877, 52.47405794], [13.43836685, 52.47405843], [13.43836652, 52.47405851], [13.43836461, 52.47405899], [13.43836426, 52.47405908], [13.43836332, 52.47405931], [13.43836238, 52.47405955], [13.43836201, 52.47405964], [13.43836014, 52.47406011], [13.43835975, 52.47406021], [13.43835789, 52.47406067], [13.43835749, 52.47406077], [13.43835565, 52.47406123], [13.43835524, 52.47406133], [13.43835341, 52.47406178], [13.43835298, 52.47406189], [13.43835117, 52.47406234], [13.43835072, 52.47406245], [13.43834892, 52.47406289], [13.43834846, 52.47406301], [13.43834668, 52.47406344], [13.43834619, 52.47406356], [13.43834443, 52.47406399], [13.43834393, 52.47406412], [13.43834218, 52.47406454], [13.43834167, 52.47406467], [13.43833994, 52.47406509], [13.4383394, 52.47406522], [13.43833769, 52.47406564], [13.43833714, 52.47406577], [13.43833544, 52.47406619], [13.43833487, 52.47406632], [13.43833319, 52.47406673], [13.43833261, 52.47406687], [13.43833094, 52.47406727], [13.43833034, 52.47406742], [13.43832868, 52.47406781], [13.43832807, 52.47406796], [13.43832643, 52.47406836], [13.4383258, 52.47406851], [13.43832418, 52.4740689], [13.43832353, 52.47406905], [13.43832192, 52.47406943], [13.43832126, 52.47406959], [13.43831966, 52.47406997], [13.43831899, 52.47407013], [13.43831741, 52.4740705], [13.43831671, 52.47407067], [13.43831515, 52.47407103], [13.43831444, 52.4740712], [13.43831289, 52.47407157], [13.43831258, 52.47407164], [13.43831253, 52.47407166], [13.43831216, 52.47407174], [13.43831083, 52.47407206], [13.43831011, 52.47407223], [13.43830876, 52.47407254], [13.43830804, 52.47407271], [13.43830669, 52.47407302], [13.43830598, 52.47407318], [13.43830462, 52.4740735], [13.43830391, 52.47407366], [13.43830254, 52.47407397], [13.43830185, 52.47407413], [13.43830047, 52.47407444], [13.43829978, 52.4740746], [13.43829839, 52.47407491], [13.43829771, 52.47407506], [13.43829631, 52.47407538], [13.43829563, 52.47407553], [13.43829423, 52.47407584], [13.43829356, 52.47407599], [13.43829215, 52.4740763], [13.43829148, 52.47407644], [13.43829006, 52.47407676], [13.43828941, 52.4740769], [13.43828797, 52.47407721], [13.43828733, 52.47407735], [13.43828589, 52.47407766], [13.43828525, 52.4740778], [13.4382838, 52.47407811], [13.43828316, 52.47407825], [13.43828289, 52.47407831], [13.4382817, 52.47407855], [13.43828108, 52.47407868], [13.43827961, 52.474079], [13.438279, 52.47407913], [13.43827752, 52.47407944], [13.43827691, 52.47407957], [13.43827542, 52.47407988], [13.43827482, 52.47408], [13.43827333, 52.47408031], [13.43827273, 52.47408043], [13.43827123, 52.47408074], [13.43827064, 52.47408086], [13.43826913, 52.47408117], [13.43826854, 52.47408129], [13.43826703, 52.4740816], [13.43826645, 52.47408171], [13.43826492, 52.47408202], [13.43826435, 52.47408213], [13.43826282, 52.47408244], [13.43826225, 52.47408255], [13.43826071, 52.47408285], [13.43826015, 52.47408296], [13.4382586, 52.47408327], [13.43825805, 52.47408338], [13.43825649, 52.47408368], [13.43825595, 52.47408378], [13.43825438, 52.47408408], [13.43825384, 52.47408419], [13.43825291, 52.47408437], [13.43825227, 52.47408449], [13.43825174, 52.47408459], [13.43825015, 52.47408489], [13.43824963, 52.47408499], [13.43824804, 52.4740853], [13.43824752, 52.47408539], [13.43824592, 52.47408569], [13.43824541, 52.47408579], [13.4382438, 52.47408609], [13.4382433, 52.47408618], [13.43824168, 52.47408648], [13.43824119, 52.47408657], [13.43823956, 52.47408686], [13.43823907, 52.47408695], [13.43823744, 52.47408725], [13.43823696, 52.47408733], [13.43823531, 52.47408763], [13.43823484, 52.47408771], [13.43823319, 52.47408801], [13.43823272, 52.47408809], [13.43823106, 52.47408839], [13.4382306, 52.47408847], [13.43822893, 52.47408876], [13.43822848, 52.47408884], [13.4382268, 52.47408913], [13.43822636, 52.47408921], [13.43822467, 52.4740895], [13.43822423, 52.47408957], [13.43822267, 52.47408984], [13.43822262, 52.47408985], [13.43822254, 52.47408986], [13.43822211, 52.47408993], [13.4382204, 52.47409022], [13.43821998, 52.47409029], [13.43821827, 52.47409058], [13.43821785, 52.47409065], [13.43821613, 52.47409094], [13.43821572, 52.47409101], [13.43821399, 52.47409129], [13.43821359, 52.47409136], [13.43821185, 52.47409164], [13.43821146, 52.4740917], [13.43820971, 52.47409199], [13.43820933, 52.47409205], [13.43820757, 52.47409233], [13.43820719, 52.47409239], [13.43820543, 52.47409267], [13.43820506, 52.47409273], [13.43820328, 52.47409301], [13.43820292, 52.47409307], [13.43820114, 52.47409335], [13.43820078, 52.4740934], [13.43819899, 52.47409368], [13.43819864, 52.47409373], [13.43819684, 52.47409401], [13.4381965, 52.47409406], [13.4381947, 52.47409433], [13.43819436, 52.47409438], [13.43819254, 52.47409466], [13.43819222, 52.47409471], [13.43819207, 52.47409473], [13.43819039, 52.47409498], [13.43819007, 52.47409503], [13.43818824, 52.4740953], [13.43818793, 52.47409534], [13.43818609, 52.47409561], [13.43818578, 52.47409565], [13.43818393, 52.47409592], [13.43818364, 52.47409596], [13.43818178, 52.47409623], [13.43818149, 52.47409627], [13.43817962, 52.47409654], [13.43817934, 52.47409658], [13.43817746, 52.47409684], [13.43817719, 52.47409688], [13.4381753, 52.47409714], [13.43817503, 52.47409717], [13.43817314, 52.47409743], [13.43817288, 52.47409747], [13.43817098, 52.47409773], [13.43817073, 52.47409776], [13.43816882, 52.47409802], [13.43816857, 52.47409805], [13.43816665, 52.47409831], [13.43816641, 52.47409834], [13.43816449, 52.47409859], [13.43816426, 52.47409862], [13.43816232, 52.47409887], [13.4381621, 52.4740989], [13.43816128, 52.47409901], [13.43816015, 52.47409915], [13.43815994, 52.47409918], [13.43815798, 52.47409943], [13.43815778, 52.47409946], [13.43815582, 52.4740997], [13.43815562, 52.47409973], [13.43815365, 52.47409997], [13.43815345, 52.4741], [13.43815147, 52.47410024], [13.43815129, 52.47410026], [13.4381493, 52.4741005], [13.43814913, 52.47410053], [13.43814713, 52.47410077], [13.43814696, 52.47410079], [13.43814496, 52.47410102], [13.4381448, 52.47410104], [13.43814278, 52.47410128], [13.43814263, 52.4741013], [13.43814061, 52.47410153], [13.43814046, 52.47410155], [13.43813843, 52.47410178], [13.43813829, 52.4741018], [13.43813625, 52.47410203], [13.43813612, 52.47410204], [13.43813407, 52.47410227], [13.43813395, 52.47410228], [13.43813189, 52.47410251], [13.43813178, 52.47410252], [13.43813034, 52.47410268], [13.43813027, 52.47410269], [13.43812971, 52.47410275], [13.43812961, 52.47410276], [13.43812753, 52.47410298], [13.43812743, 52.47410299], [13.43812535, 52.47410321], [13.43812526, 52.47410322], [13.43812317, 52.47410344], [13.43812308, 52.47410345], [13.43812098, 52.47410367], [13.43812091, 52.47410367], [13.4381188, 52.47410389], [13.43811873, 52.4741039], [13.43811661, 52.47410411], [13.43811655, 52.47410411], [13.43811443, 52.47410432], [13.43811437, 52.47410433], [13.43811224, 52.47410454], [13.43811219, 52.47410454], [13.43811003, 52.47410475], [13.43810785, 52.47410496], [13.43810566, 52.47410516], [13.43810348, 52.47410536], [13.43810129, 52.47410556], [13.4380991, 52.47410575], [13.43809901, 52.47410576], [13.43809848, 52.4741058], [13.43809786, 52.47410584], [13.43809755, 52.47410587], [13.43809723, 52.47410589], [13.43809661, 52.47410593], [13.4380963, 52.47410595], [13.43809599, 52.47410597], [13.43809536, 52.47410601], [13.43809505, 52.47410603], [13.43809474, 52.47410605], [13.43809411, 52.47410608], [13.43809389, 52.4741061], [13.4380938, 52.4741061], [13.43809349, 52.47410612], [13.43809286, 52.47410615], [13.43809255, 52.47410616], [13.43809224, 52.47410618], [13.43809161, 52.47410621], [13.4380913, 52.47410622], [13.43809099, 52.47410623], [13.43809036, 52.47410626], [13.43809005, 52.47410627], [13.43808973, 52.47410628], [13.43808911, 52.47410631], [13.43808879, 52.47410632], [13.43808867, 52.47410632], [13.43808848, 52.47410633], [13.43808785, 52.47410635], [13.43808754, 52.47410636], [13.43808723, 52.47410636], [13.4380866, 52.47410638], [13.43808629, 52.47410639], [13.43808597, 52.4741064], [13.43808535, 52.47410641], [13.43808503, 52.47410641], [13.43808472, 52.47410642], [13.43808409, 52.47410643], [13.43808378, 52.47410644], [13.43808346, 52.47410644], [13.43808284, 52.47410645], [13.43808252, 52.47410645], [13.43808221, 52.47410645], [13.43808158, 52.47410645], [13.43808127, 52.47410646], [13.43808095, 52.47410646], [13.43808033, 52.47410646], [13.43808001, 52.47410646], [13.4380797, 52.47410646], [13.43807907, 52.47410645], [13.43807876, 52.47410645], [13.43807845, 52.47410645], [13.43807821, 52.47410645], [13.43807782, 52.47410644], [13.4380775, 52.47410644], [13.43807719, 52.47410644], [13.43807656, 52.47410643], [13.43807625, 52.47410642], [13.43807594, 52.47410642], [13.43807531, 52.4741064], [13.438075, 52.4741064], [13.43807468, 52.47410639], [13.43807405, 52.47410637], [13.43807374, 52.47410637], [13.43807343, 52.47410636], [13.43807298, 52.47410634], [13.4380728, 52.47410634], [13.43807249, 52.47410633], [13.43807218, 52.47410632], [13.43807155, 52.47410629], [13.43807124, 52.47410628], [13.43807092, 52.47410627], [13.4380703, 52.47410624], [13.43806998, 52.47410623], [13.43806967, 52.47410622], [13.43806905, 52.47410619], [13.43806873, 52.47410618], [13.43806842, 52.47410616], [13.43806779, 52.47410613], [13.43806748, 52.47410612], [13.43806717, 52.4741061], [13.43806655, 52.47410606], [13.43806623, 52.47410604], [13.43806592, 52.47410602], [13.4380653, 52.47410599], [13.43806498, 52.47410597], [13.43806467, 52.47410595], [13.43806405, 52.47410591], [13.43806373, 52.47410589], [13.43806342, 52.47410586], [13.4380628, 52.47410582], [13.43806256, 52.47410581], [13.43806249, 52.4741058], [13.43806218, 52.47410578], [13.43806156, 52.47410573], [13.43806124, 52.4741057], [13.43806093, 52.47410568], [13.43806031, 52.47410563], [13.43806, 52.4741056], [13.43805969, 52.47410558], [13.43805907, 52.47410552], [13.43805876, 52.47410549], [13.43805845, 52.47410547], [13.43805783, 52.47410541], [13.43805752, 52.47410538], [13.43805738, 52.47410537], [13.43805721, 52.47410535], [13.43805659, 52.47410529], [13.43805628, 52.47410526], [13.43805597, 52.47410523], [13.43805535, 52.47410517], [13.43805504, 52.47410513], [13.43805473, 52.4741051], [13.43805411, 52.47410503], [13.4380538, 52.474105], [13.43805349, 52.47410497], [13.43805288, 52.4741049], [13.43805257, 52.47410486], [13.43805225, 52.47410483], [13.43805165, 52.47410476], [13.43805134, 52.47410472], [13.43805103, 52.47410468], [13.43805041, 52.4741046], [13.43805011, 52.47410457], [13.4380498, 52.47410453], [13.43804919, 52.47410445], [13.43804888, 52.47410441], [13.43804857, 52.47410437], [13.43804796, 52.47410429], [13.43804765, 52.47410425], [13.43804735, 52.4741042], [13.4380471, 52.47410417], [13.43804674, 52.47410412], [13.43804643, 52.47410408], [13.43804613, 52.47410403], [13.43804551, 52.47410394], [13.43804521, 52.4741039], [13.4380449, 52.47410385], [13.43804429, 52.47410376], [13.43804399, 52.47410372], [13.43804369, 52.47410367], [13.43804308, 52.47410357], [13.43804277, 52.47410353], [13.43804247, 52.47410348], [13.43804202, 52.47410341], [13.43804186, 52.47410338], [13.43804156, 52.47410333], [13.43804126, 52.47410328], [13.43804065, 52.47410318], [13.43804035, 52.47410313], [13.43804005, 52.47410308], [13.43803944, 52.47410298], [13.43803914, 52.47410292], [13.43803884, 52.47410287], [13.43803824, 52.47410277], [13.43803793, 52.47410271], [13.43803763, 52.47410266], [13.43803703, 52.47410255], [13.43803662, 52.47410275], [13.4380361, 52.47410301], [13.43803517, 52.47410348], [13.43803424, 52.47410394], [13.43803331, 52.47410441], [13.43803238, 52.47410487], [13.43803145, 52.47410534], [13.43803053, 52.47410581], [13.4380296, 52.47410628], [13.43802868, 52.47410675], [13.43802776, 52.47410722], [13.43802684, 52.4741077], [13.43802592, 52.47410817], [13.43802501, 52.47410865], [13.43802409, 52.47410912], [13.43802318, 52.4741096], [13.43802227, 52.47411008], [13.43802136, 52.47411056], [13.4380205, 52.47411102], [13.43802045, 52.47411104], [13.43801955, 52.47411153], [13.43801864, 52.47411201], [13.43801773, 52.47411249], [13.43801683, 52.47411298], [13.43801593, 52.47411346], [13.43801503, 52.47411395], [13.43801413, 52.47411444], [13.43801324, 52.47411493], [13.43801234, 52.47411542], [13.43801145, 52.47411591], [13.43801056, 52.4741164], [13.43800967, 52.4741169], [13.43800878, 52.47411739], [13.43800789, 52.47411789], [13.43800701, 52.47411838], [13.43800613, 52.47411889], [13.43800524, 52.47411938], [13.43800483, 52.47411961], [13.43800436, 52.47411988], [13.43800349, 52.47412039], [13.4380026, 52.47412088], [13.43800173, 52.47412139], [13.43800085, 52.47412189], [13.43799998, 52.47412239], [13.43799911, 52.4741229], [13.43799824, 52.47412341], [13.43799737, 52.47412392], [13.43799651, 52.47412443], [13.43799564, 52.47412494], [13.43799478, 52.47412545], [13.43799392, 52.47412596], [13.43799306, 52.47412647], [13.4379922, 52.47412699], [13.43799135, 52.47412751], [13.43799049, 52.47412802], [13.43798964, 52.47412853], [13.43798879, 52.47412906], [13.43798793, 52.47412957], [13.43798708, 52.47413009], [13.43798624, 52.47413061], [13.43798539, 52.47413114], [13.43798455, 52.47413166], [13.43798371, 52.47413218], [13.43798287, 52.47413271], [13.43798203, 52.47413324], [13.43798119, 52.47413376], [13.43798036, 52.47413429], [13.43797952, 52.47413482], [13.43797869, 52.47413535], [13.43797786, 52.47413588], [13.43797703, 52.47413641], [13.4379762, 52.47413695], [13.43797538, 52.47413748], [13.43797498, 52.47413774], [13.43797456, 52.47413802], [13.43797373, 52.47413855], [13.43797291, 52.47413909], [13.4379721, 52.47413963], [13.43797128, 52.47414017], [13.43797046, 52.47414071], [13.43796965, 52.47414125], [13.43796884, 52.47414179], [13.43796807, 52.4741423], [13.43796803, 52.47414233], [13.43796722, 52.47414287], [13.43796642, 52.47414342], [13.43796561, 52.47414396], [13.43796481, 52.47414451], [13.43796401, 52.47414506], [13.43796321, 52.47414561], [13.43796241, 52.47414616], [13.43796162, 52.47414671], [13.43796082, 52.47414726], [13.43796036, 52.4741477], [13.4379599, 52.47414815], [13.43795944, 52.47414859], [13.43795899, 52.47414904], [13.43795854, 52.47414949], [13.43795815, 52.47414988], [13.4379581, 52.47414994], [13.43795766, 52.47415039], [13.43795723, 52.47415084], [13.4379568, 52.4741513], [13.43795637, 52.47415175], [13.43795594, 52.47415221], [13.43795562, 52.47415256], [13.43795552, 52.47415267], [13.43795511, 52.47415313], [13.4379547, 52.47415359], [13.4379543, 52.47415406], [13.4379539, 52.47415452], [13.4379535, 52.47415499], [13.43795324, 52.47415529], [13.4379531, 52.47415545], [13.43795272, 52.47415592], [13.43795234, 52.47415639], [13.43795196, 52.47415687], [13.43795158, 52.47415734], [13.43795121, 52.47415781], [13.43795102, 52.47415806], [13.43795084, 52.47415829], [13.43795049, 52.47415877], [13.43795013, 52.47415924], [13.43794978, 52.47415972], [13.43794943, 52.4741602], [13.43794908, 52.47416068], [13.43794894, 52.47416088], [13.43794874, 52.47416117], [13.43794841, 52.47416165], [13.43794808, 52.47416214], [13.43794776, 52.47416262], [13.43794744, 52.47416311], [13.43794712, 52.4741636], [13.43794703, 52.47416374], [13.43794681, 52.47416409], [13.4379465, 52.47416458], [13.4379462, 52.47416507], [13.4379459, 52.47416557], [13.43794561, 52.47416606], [13.43794532, 52.47416655], [13.43794527, 52.47416664], [13.43794503, 52.47416705], [13.43794476, 52.47416755], [13.43794448, 52.47416805], [13.43794421, 52.47416854], [13.43794394, 52.47416904], [13.43794368, 52.47416955], [13.43794343, 52.47417005], [13.43794318, 52.47417055], [13.43794294, 52.47417105], [13.43794269, 52.47417156], [13.43794245, 52.47417206], [13.43794223, 52.47417253], [13.43794222, 52.47417257], [13.43794199, 52.47417308], [13.43794177, 52.47417358], [13.43794168, 52.4741738], [13.43794156, 52.47417409], [13.43794134, 52.4741746], [13.43794114, 52.47417511], [13.43794097, 52.47417552], [13.43794093, 52.47417562], [13.43794073, 52.47417613], [13.43794053, 52.47417664], [13.43794035, 52.47417716], [13.43794016, 52.47417767], [13.43793998, 52.47417818], [13.43793986, 52.47417854], [13.43793981, 52.4741787], [13.43793964, 52.47417921], [13.43793954, 52.47417951], [13.43793947, 52.47417973], [13.43793931, 52.47418024], [13.43793916, 52.47418076], [13.43793901, 52.47418128], [13.43793892, 52.47418157], [13.43793886, 52.47418179], [13.43793872, 52.47418231], [13.4379387, 52.47418239], [13.43793858, 52.47418283], [13.43793845, 52.47418335], [13.43793833, 52.47418387], [13.4379382, 52.47418439], [13.43793815, 52.47418463], [13.43793808, 52.47418491], [13.437938, 52.47418529], [13.43793797, 52.47418543], [13.43793787, 52.47418595], [13.43793777, 52.47418648], [13.43793767, 52.474187], [13.43793757, 52.47418752], [13.43793754, 52.4741877], [13.43793748, 52.47418804], [13.43793746, 52.4741882], [13.4379374, 52.47418857], [13.43793733, 52.47418909], [13.43793726, 52.47418961], [13.43793719, 52.47419014], [13.43793712, 52.47419066], [13.4379371, 52.47419077], [13.43793707, 52.47419111], [13.43793706, 52.47419118], [13.43793701, 52.47419171], [13.43793697, 52.47419223], [13.43793692, 52.47419276], [13.43793688, 52.47419328], [13.43793684, 52.47419381], [13.43793684, 52.47419386], [13.43793683, 52.47419404], [13.43793682, 52.47419433], [13.43793679, 52.47419486], [13.43793678, 52.47419538], [13.43793676, 52.47419591], [13.43793675, 52.47419643], [13.43793674, 52.47419696], [13.43793677, 52.47419731], [13.4379368, 52.47419767], [13.43793683, 52.47419802], [13.43793686, 52.47419838], [13.4379369, 52.47419873], [13.43793693, 52.47419909], [13.43793696, 52.47419944], [13.437937, 52.4741998], [13.43793701, 52.47419991], [13.43793704, 52.47420015], [13.43793709, 52.4742005], [13.43793714, 52.47420086], [13.43793719, 52.47420121], [13.43793724, 52.47420157], [13.4379373, 52.47420192], [13.43793735, 52.47420227], [13.4379374, 52.47420263], [13.43793744, 52.47420286], [13.43793746, 52.47420298], [13.43793753, 52.47420333], [13.4379376, 52.47420369], [13.43793767, 52.47420404], [13.43793774, 52.47420439], [13.43793781, 52.47420475], [13.43793788, 52.4742051], [13.43793795, 52.47420545], [13.43793802, 52.4742058], [13.4379456, 52.47423942], [13.4379681, 52.47423267], [13.43797445, 52.47423076], [13.43883626, 52.47397208], [13.43894918, 52.47393818]]]]}}, {"type": "Feature", "properties": {"id": "gruenanlagen.00008100_000a6d69", "pitid": "00008100:000a6d69", "kennzeich": "431.003", "bezirkname": "Neukölln", "ortstlname": "Neukölln", "objartname": "Grünanlage", "namenr": "Weichselplatz-Grünanlage", "namezusatz": null, "baujahr": null, "sanierjahr": "2017", "katasterfl": 10795.0, "widmung": "gewidmet", "plannr": "08100312", "planname": "Weichselplatz"}, "geometry": {"type": "Polygon", "coordinates": [[[13.43949327, 52.48882775], [13.43957139, 52.48861257], [13.43983978, 52.48787888], [13.43990362, 52.48770508], [13.4399311, 52.48763024], [13.4399426, 52.48760792], [13.43996077, 52.48757265], [13.43997177, 52.48755185], [13.43999541, 52.48750713], [13.4400068, 52.4874876], [13.44001725, 52.48747074], [13.44008185, 52.48736672], [13.44008572, 52.4873605], [13.44008911, 52.48735506], [13.4400915, 52.48735122], [13.44015612, 52.487248], [13.44020408, 52.48719449], [13.44032412, 52.48706021], [13.44034532, 52.48703651], [13.44035291, 52.48702875], [13.44036902, 52.48701322], [13.44037187, 52.48701047], [13.44050253, 52.4868845], [13.44062245, 52.48678206], [13.44063135, 52.48677483], [13.4407206, 52.48670777], [13.4407216, 52.48670702], [13.44072388, 52.4867053], [13.44070494, 52.4866918], [13.44070061, 52.48668873], [13.44069821, 52.48668999], [13.44058268, 52.48675076], [13.44058101, 52.48675164], [13.44055183, 52.48676698], [13.44055016, 52.48676786], [13.44043205, 52.48682998], [13.44043038, 52.48683086], [13.44040147, 52.48684606], [13.4403998, 52.48684694], [13.4402483, 52.48692663], [13.44018804, 52.48695804], [13.44018259, 52.48696092], [13.44003634, 52.48703798], [13.44000394, 52.48705505], [13.43993675, 52.48709045], [13.43993586, 52.48709092], [13.4399373, 52.48709194], [13.43982642, 52.48714473], [13.439825, 52.4871437], [13.43982476, 52.48714354], [13.4398136, 52.48714926], [13.43976859, 52.4871723], [13.43971837, 52.487198], [13.43970884, 52.48720288], [13.43954758, 52.48728538], [13.43952204, 52.48729844], [13.43951073, 52.48730423], [13.43948721, 52.48731626], [13.43946002, 52.48733017], [13.43886938, 52.4876323], [13.43881101, 52.48766216], [13.43879563, 52.48767003], [13.43867498, 52.48773175], [13.43824924, 52.48794952], [13.43824503, 52.48795168], [13.43824498, 52.4879517], [13.43817881, 52.48798555], [13.43817544, 52.48798727], [13.43816647, 52.48799186], [13.43812581, 52.48801266], [13.43811927, 52.48801663], [13.43811916, 52.4880167], [13.43811374, 52.48802135], [13.43811372, 52.48802137], [13.4381098, 52.48802639], [13.43810969, 52.48802655], [13.43810726, 52.48803185], [13.43810716, 52.48803206], [13.43810714, 52.48803223], [13.43810623, 52.48803776], [13.43810693, 52.48804339], [13.43810694, 52.48804347], [13.43810916, 52.48804891], [13.43810922, 52.48804903], [13.43811303, 52.48805427], [13.43811628, 52.48805723], [13.43811826, 52.48805903], [13.43813086, 52.48806857], [13.43816624, 52.48809543], [13.43876429, 52.48854939], [13.43883054, 52.48859968], [13.43883141, 52.48859925], [13.43883069, 52.48859764], [13.4388303, 52.48859629], [13.43883008, 52.48859484], [13.43883008, 52.48859437], [13.43883008, 52.48859324], [13.4388303, 52.48859173], [13.43883071, 52.48859034], [13.43883127, 52.48858905], [13.43883196, 52.48858784], [13.43883277, 52.4885867], [13.43883368, 52.48858563], [13.43883469, 52.48858463], [13.4388358, 52.48858368], [13.43883699, 52.48858279], [13.43883828, 52.48858196], [13.43883913, 52.48858147], [13.43894056, 52.48852226], [13.43894066, 52.4885222], [13.43894047, 52.48852164], [13.43894038, 52.48852137], [13.43893118, 52.48849387], [13.43892722, 52.48846584], [13.43893008, 52.48844932], [13.43893786, 52.48843889], [13.43893825, 52.48843837], [13.43894101, 52.48843467], [13.43894536, 52.48842885], [13.43896884, 52.48841122], [13.43880281, 52.48828992], [13.43905011, 52.48815074], [13.43905701, 52.48814891], [13.43909011, 52.48814048], [13.43912494, 52.4881331], [13.43915644, 52.48812693], [13.43915959, 52.48812631], [13.43919491, 52.48811999], [13.43923064, 52.48811412], [13.43926651, 52.48810923], [13.43930376, 52.48810414], [13.43933912, 52.48810074], [13.43937563, 52.48809795], [13.43941305, 52.4880953], [13.43948609, 52.4880898], [13.43950453, 52.48809132], [13.4395086, 52.48809117], [13.43950904, 52.48808985], [13.43951681, 52.48809152], [13.43955225, 52.48809912], [13.43957223, 52.48810367], [13.43958758, 52.48810691], [13.43959459, 52.48810839], [13.4396469, 52.48811946], [13.43966805, 52.48812393], [13.43967545, 52.48812549], [13.43942195, 52.48881681], [13.43942156, 52.48881787], [13.43940824, 52.48881632], [13.43940608, 52.48881607], [13.43936958, 52.48881182], [13.43936555, 52.48881135], [13.43936481, 52.48881127], [13.43935886, 52.48881163], [13.43933982, 52.48881281], [13.43933858, 52.48881289], [13.43933619, 52.48881304], [13.43933541, 52.48881309], [13.43930256, 52.48882187], [13.43927824, 52.48883451], [13.43925935, 52.48885417], [13.4392589, 52.48885449], [13.43924261, 52.48886607], [13.43924104, 52.48886675], [13.43923943, 52.48886737], [13.43923775, 52.48886795], [13.439236, 52.48886849], [13.43923418, 52.48886897], [13.43923227, 52.48886941], [13.43923029, 52.4888698], [13.43922822, 52.48887013], [13.43922604, 52.48887039], [13.43922459, 52.48887052], [13.43922362, 52.48887059], [13.43922071, 52.48887071], [13.43921802, 52.4888707], [13.43921551, 52.48887059], [13.43921314, 52.48887039], [13.43921091, 52.48887012], [13.43920833, 52.4888697], [13.43919128, 52.48886659], [13.43919116, 52.48886657], [13.43919046, 52.48886644], [13.4391891, 52.48886619], [13.43918565, 52.48886733], [13.43918474, 52.48886778], [13.43918413, 52.48886808], [13.43933603, 52.48898338], [13.43937703, 52.4890145], [13.43937924, 52.48901618], [13.43939483, 52.48902801], [13.43939652, 52.48902929], [13.4394106, 52.48903998], [13.43941155, 52.4890407], [13.439415, 52.48904332], [13.43941505, 52.48904318], [13.43943228, 52.48899571], [13.43949327, 52.48882775]]]}}, {"type": "Feature", "properties": {"id": "gruenanlagen.00008100_000a6d6a", "pitid": "00008100:000a6d6a", "kennzeich": "411.004", "bezirkname": "Neukölln", "ortstlname": "Neukölln", "objartname": "Grünanlage", "namenr": "Wildenbruchplatz-Grünanlage", "namezusatz": null, "baujahr": "1962", "sanierjahr": "2019", "katasterfl": 13362.0, "widmung": "gewidmet", "plannr": "08100418", "planname": "Hertzbergplatz"}, "geometry": {"type": "Polygon", "coordinates": [[[13.44631773, 52.48360022], [13.4463701, 52.48357353], [13.44637179, 52.48357266], [13.44657937, 52.48346662], [13.44648417, 52.48339479], [13.44643338, 52.48335626], [13.44643294, 52.48335647], [13.44643386, 52.48335717], [13.44636617, 52.48339183], [13.44628021, 52.48343584], [13.44627767, 52.48343714], [13.44627432, 52.48343467], [13.44625034, 52.48344683], [13.44625379, 52.48344936], [13.4462351, 52.48345893], [13.44616797, 52.4834933], [13.44612352, 52.48351606], [13.44606976, 52.48354358], [13.44606722, 52.48354161], [13.44602191, 52.48356477], [13.44601798, 52.48356677], [13.44598718, 52.48358067], [13.44598622, 52.48358101], [13.44598526, 52.48358135], [13.4459843, 52.4835817], [13.44598334, 52.48358204], [13.44598238, 52.48358238], [13.44598185, 52.48358257], [13.44598141, 52.48358271], [13.44598044, 52.48358304], [13.44597946, 52.48358336], [13.44597848, 52.48358368], [13.4459775, 52.483584], [13.44597652, 52.48358432], [13.44597642, 52.48358436], [13.44597553, 52.48358463], [13.44597454, 52.48358493], [13.44597354, 52.48358524], [13.44597255, 52.48358554], [13.44597155, 52.48358584], [13.44597089, 52.48358604], [13.44597055, 52.48358613], [13.44596954, 52.48358642], [13.44596853, 52.4835867], [13.44596752, 52.48358698], [13.44596651, 52.48358726], [13.4459655, 52.48358754], [13.44596527, 52.4835876], [13.44596447, 52.48358781], [13.44596345, 52.48358807], [13.44596242, 52.48358833], [13.4459614, 52.48358859], [13.44596037, 52.48358885], [13.44595957, 52.48358905], [13.44595934, 52.48358911], [13.4459583, 52.48358935], [13.44595726, 52.48358959], [13.44595622, 52.48358983], [13.44595518, 52.48359007], [13.44595414, 52.48359031], [13.4459538, 52.48359038], [13.44595309, 52.48359053], [13.44595204, 52.48359075], [13.44595099, 52.48359097], [13.44594994, 52.48359119], [13.44594888, 52.48359141], [13.44594796, 52.4835916], [13.44594783, 52.48359162], [13.44594677, 52.48359182], [13.4459457, 52.48359202], [13.44594464, 52.48359221], [13.44594358, 52.48359241], [13.44594251, 52.48359261], [13.44594205, 52.48359269], [13.44594144, 52.48359279], [13.44594037, 52.48359297], [13.4459393, 52.48359314], [13.44593822, 52.48359332], [13.44593715, 52.48359349], [13.44593608, 52.48359366], [13.44593499, 52.48359382], [13.44593391, 52.48359397], [13.44593283, 52.48359413], [13.44593174, 52.48359428], [13.44593066, 52.48359443], [13.44593007, 52.48359451], [13.44592957, 52.48359457], [13.44592848, 52.4835947], [13.4459274, 52.48359484], [13.4459263, 52.48359497], [13.44592521, 52.4835951], [13.44592412, 52.48359523], [13.44592401, 52.48359524], [13.44592303, 52.48359534], [13.44592193, 52.48359545], [13.44592083, 52.48359556], [13.44591973, 52.48359566], [13.44591864, 52.48359577], [13.44591792, 52.48359584], [13.44591754, 52.48359587], [13.44591643, 52.48359596], [13.44591533, 52.48359605], [13.44591423, 52.48359613], [13.44591313, 52.48359621], [13.44591202, 52.4835963], [13.44591179, 52.48359632], [13.44591092, 52.48359637], [13.44590981, 52.48359643], [13.44590871, 52.4835965], [13.4459076, 52.48359656], [13.44590649, 52.48359662], [13.44590565, 52.48359667], [13.44590539, 52.48359668], [13.44590428, 52.48359672], [13.44590317, 52.48359676], [13.44590206, 52.4835968], [13.44590095, 52.48359684], [13.44589984, 52.48359688], [13.44589948, 52.48359689], [13.44589873, 52.48359691], [13.44589762, 52.48359693], [13.44589651, 52.48359695], [13.44589539, 52.48359696], [13.44589429, 52.48359698], [13.44589331, 52.48359699], [13.44589317, 52.48359699], [13.44589206, 52.48359699], [13.44589095, 52.48359699], [13.44588984, 52.48359698], [13.44588873, 52.48359697], [13.44588762, 52.48359697], [13.44588714, 52.48359697], [13.44588651, 52.48359695], [13.4458854, 52.48359693], [13.44588428, 52.4835969], [13.44588317, 52.48359687], [13.44588206, 52.48359684], [13.44588097, 52.48359681], [13.44587984, 52.48359674], [13.44587872, 52.48359668], [13.4458776, 52.48359661], [13.44587649, 52.48359655], [13.44587537, 52.48359648], [13.44587426, 52.4835964], [13.44587314, 52.48359633], [13.44587202, 52.48359626], [13.44587091, 52.48359618], [13.4458698, 52.4835961], [13.44586868, 52.48359602], [13.44586757, 52.48359594], [13.44586645, 52.48359586], [13.44586534, 52.48359578], [13.44586423, 52.48359569], [13.44586311, 52.4835956], [13.44586257, 52.48359557], [13.445862, 52.48359552], [13.44586089, 52.48359543], [13.44585978, 52.48359534], [13.44585866, 52.48359525], [13.44585755, 52.48359516], [13.44585644, 52.48359506], [13.44585533, 52.48359497], [13.44585422, 52.48359487], [13.44585311, 52.48359477], [13.445852, 52.48359467], [13.44585089, 52.48359457], [13.44584978, 52.48359447], [13.44584867, 52.48359436], [13.44584756, 52.48359426], [13.44584646, 52.48359415], [13.44584535, 52.48359403], [13.44584424, 52.48359393], [13.44584243, 52.48359375], [13.44584062, 52.48359356], [13.44583881, 52.48359338], [13.445837, 52.48359319], [13.44583519, 52.48359299], [13.44583338, 52.4835928], [13.44583157, 52.4835926], [13.44582977, 52.4835924], [13.44582796, 52.4835922], [13.44582615, 52.48359199], [13.44582435, 52.48359179], [13.44582254, 52.48359158], [13.44582074, 52.48359136], [13.44581894, 52.48359114], [13.44581842, 52.48359109], [13.44581714, 52.48359092], [13.44581534, 52.48359071], [13.44581354, 52.48359049], [13.44581174, 52.48359026], [13.44580994, 52.48359004], [13.44580814, 52.48358981], [13.44580635, 52.48358957], [13.44580455, 52.48358934], [13.44580275, 52.4835891], [13.44580096, 52.48358886], [13.44579917, 52.48358862], [13.44579737, 52.48358837], [13.44579558, 52.48358813], [13.4457938, 52.48358787], [13.44579277, 52.48358773], [13.44579201, 52.48358762], [13.44579022, 52.48358737], [13.44578843, 52.48358711], [13.44578664, 52.48358685], [13.44578486, 52.48358659], [13.44578307, 52.48358633], [13.44578129, 52.48358606], [13.44577951, 52.48358579], [13.44577772, 52.48358552], [13.44577594, 52.48358524], [13.44577416, 52.48358497], [13.44577238, 52.48358469], [13.44577061, 52.48358441], [13.44576883, 52.48358412], [13.44576731, 52.48358387], [13.44576706, 52.48358383], [13.44576528, 52.48358355], [13.44576351, 52.48358325], [13.44576174, 52.48358296], [13.44575996, 52.48358266], [13.44575819, 52.48358236], [13.44575643, 52.48358206], [13.44575466, 52.48358176], [13.44575289, 52.48358145], [13.44575113, 52.48358114], [13.44574936, 52.48358083], [13.4457476, 52.48358052], [13.44574584, 52.4835802], [13.44574499, 52.48358005], [13.44574408, 52.48357988], [13.44574232, 52.48357956], [13.44574206, 52.48357952], [13.44574056, 52.48357924], [13.4457388, 52.48357891], [13.44573705, 52.48357859], [13.44573529, 52.48357825], [13.44573354, 52.48357792], [13.44573179, 52.48357759], [13.44573003, 52.48357725], [13.44572828, 52.48357691], [13.44572654, 52.48357656], [13.44572479, 52.48357622], [13.44572304, 52.48357587], [13.4457213, 52.48357552], [13.44571955, 52.48357517], [13.44571782, 52.48357481], [13.44571706, 52.48357466], [13.44571607, 52.48357445], [13.44571433, 52.4835741], [13.44571259, 52.48357374], [13.44571086, 52.48357337], [13.44570912, 52.483573], [13.44570739, 52.48357263], [13.44570566, 52.48357226], [13.44570392, 52.48357189], [13.44570219, 52.48357151], [13.44570047, 52.48357113], [13.44569874, 52.48357075], [13.44569701, 52.48357037], [13.44569529, 52.48356998], [13.44569357, 52.48356959], [13.44569233, 52.48356931], [13.44569185, 52.4835692], [13.44569013, 52.48356881], [13.44568841, 52.48356841], [13.44568669, 52.48356802], [13.44568497, 52.48356762], [13.44568326, 52.48356721], [13.44568155, 52.48356681], [13.44567984, 52.4835664], [13.44567813, 52.48356599], [13.44567642, 52.48356558], [13.44567471, 52.48356516], [13.44567301, 52.48356475], [13.44567131, 52.48356433], [13.4456696, 52.48356391], [13.4456679, 52.48356348], [13.44566732, 52.48356332], [13.44566673, 52.48356316], [13.44566614, 52.48356299], [13.44566555, 52.48356283], [13.44566496, 52.48356266], [13.44566438, 52.48356249], [13.44566379, 52.48356233], [13.44566321, 52.48356216], [13.44566262, 52.48356199], [13.44566256, 52.48356197], [13.44566204, 52.48356181], [13.44566146, 52.48356164], [13.44566088, 52.48356146], [13.4456603, 52.48356128], [13.44565973, 52.48356111], [13.44565915, 52.48356093], [13.44565857, 52.48356075], [13.445658, 52.48356057], [13.44565742, 52.48356039], [13.44565731, 52.48356035], [13.44565685, 52.4835602], [13.44565628, 52.48356001], [13.44565571, 52.48355983], [13.44565515, 52.48355964], [13.44565458, 52.48355945], [13.44565401, 52.48355926], [13.44565344, 52.48355907], [13.44565288, 52.48355888], [13.44565231, 52.48355868], [13.44565216, 52.48355863], [13.44565175, 52.48355849], [13.44565119, 52.48355829], [13.44565064, 52.48355809], [13.44565008, 52.48355789], [13.44564952, 52.48355769], [13.44564896, 52.48355749], [13.44564841, 52.48355728], [13.44564785, 52.48355708], [13.4456473, 52.48355688], [13.44564709, 52.4835568], [13.44564675, 52.48355667], [13.4456462, 52.48355646], [13.44564565, 52.48355625], [13.44564511, 52.48355604], [13.44564456, 52.48355583], [13.44564402, 52.48355561], [13.44564347, 52.4835554], [13.44564293, 52.48355519], [13.44564239, 52.48355497], [13.44564213, 52.48355487], [13.44564185, 52.48355475], [13.44564131, 52.48355453], [13.44564077, 52.48355431], [13.44564024, 52.48355409], [13.4456397, 52.48355387], [13.44563917, 52.48355364], [13.44563864, 52.48355342], [13.44563811, 52.48355319], [13.44563758, 52.48355297], [13.44563728, 52.48355284], [13.44563705, 52.48355274], [13.44563652, 52.48355251], [13.445636, 52.48355228], [13.44563548, 52.48355204], [13.44563496, 52.48355181], [13.44563444, 52.48355158], [13.44563392, 52.48355134], [13.4456334, 52.48355111], [13.44563288, 52.48355087], [13.44563255, 52.48355072], [13.44563236, 52.48355063], [13.44563185, 52.48355039], [13.44563134, 52.48355015], [13.44563083, 52.4835499], [13.44563032, 52.48354966], [13.44562982, 52.48354941], [13.44562931, 52.48354917], [13.4456288, 52.48354892], [13.4456283, 52.48354868], [13.44562793, 52.4835485], [13.44562779, 52.48354843], [13.4456273, 52.48354817], [13.4456268, 52.48354792], [13.4456263, 52.48354767], [13.44562581, 52.48354742], [13.44562531, 52.48354716], [13.44562482, 52.4835469], [13.44562433, 52.48354665], [13.44562384, 52.48354639], [13.44562343, 52.48354618], [13.44562335, 52.48354613], [13.44562286, 52.48354587], [13.44562238, 52.48354561], [13.4456219, 52.48354535], [13.44562142, 52.48354508], [13.44562094, 52.48354482], [13.44562046, 52.48354455], [13.44561998, 52.48354429], [13.4456195, 52.48354402], [13.44561907, 52.48354378], [13.44561903, 52.48354375], [13.44561856, 52.48354348], [13.44561809, 52.48354321], [13.44561762, 52.48354293], [13.44561715, 52.48354266], [13.44561669, 52.48354239], [13.44561622, 52.48354211], [13.44561576, 52.48354184], [13.4456153, 52.48354156], [13.44561483, 52.48354128], [13.44558554, 52.48351748], [13.44558527, 52.48351708], [13.445585, 52.48351667], [13.44558474, 52.48351627], [13.44558448, 52.48351586], [13.44558421, 52.48351545], [13.44558395, 52.48351505], [13.44558369, 52.48351464], [13.44558343, 52.48351423], [13.44558317, 52.48351382], [13.44558297, 52.48351349], [13.44558292, 52.48351341], [13.44558267, 52.483513], [13.44558243, 52.48351259], [13.44558218, 52.48351218], [13.44558194, 52.48351177], [13.4455817, 52.48351136], [13.44558146, 52.48351095], [13.44558122, 52.48351053], [13.44558098, 52.48351012], [13.44558075, 52.48350971], [13.4455806, 52.48350946], [13.44558052, 52.48350929], [13.44558029, 52.48350888], [13.44558007, 52.48350846], [13.44557984, 52.48350805], [13.44557963, 52.48350763], [13.44557941, 52.48350722], [13.44557919, 52.4835068], [13.44557897, 52.48350638], [13.44557876, 52.48350596], [13.44557854, 52.48350555], [13.44557845, 52.48350537], [13.44557834, 52.48350513], [13.44557813, 52.48350471], [13.44557793, 52.48350429], [13.44557773, 52.48350387], [13.44557753, 52.48350345], [13.44557734, 52.48350303], [13.44557714, 52.48350261], [13.44557695, 52.48350219], [13.44557675, 52.48350176], [13.44557656, 52.48350134], [13.44557652, 52.48350125], [13.44557638, 52.48350092], [13.4455762, 52.4835005], [13.44557602, 52.48350007], [13.44557584, 52.48349965], [13.44557567, 52.48349923], [13.44557549, 52.4834988], [13.44557532, 52.48349838], [13.44557515, 52.48349795], [13.44557498, 52.48349753], [13.44557481, 52.4834971], [13.44557465, 52.48349668], [13.44557449, 52.48349625], [13.44557433, 52.48349582], [13.44557418, 52.4834954], [13.44557402, 52.48349497], [13.44557387, 52.48349454], [13.44557372, 52.48349411], [13.44557357, 52.48349369], [13.44557343, 52.48349326], [13.4455733, 52.4834929], [13.44557328, 52.48349283], [13.44557315, 52.4834924], [13.44557301, 52.48349197], [13.44557288, 52.48349154], [13.44557275, 52.48349111], [13.44557261, 52.48349068], [13.44557249, 52.48349025], [13.44557236, 52.48348982], [13.44557223, 52.48348939], [13.44557211, 52.48348896], [13.44557203, 52.48348869], [13.44557199, 52.48348853], [13.44557187, 52.4834881], [13.44557176, 52.48348767], [13.44557165, 52.48348723], [13.44557154, 52.4834868], [13.44557143, 52.48348637], [13.44557133, 52.48348594], [13.44557122, 52.4834855], [13.44557112, 52.48348507], [13.44557102, 52.48348464], [13.44557097, 52.48348445], [13.44557092, 52.4834842], [13.44557083, 52.48348377], [13.44557074, 52.48348334], [13.44557065, 52.4834829], [13.44557057, 52.48348247], [13.44557048, 52.48348203], [13.4455704, 52.4834816], [13.44557032, 52.48348117], [13.44557024, 52.48348073], [13.44557016, 52.4834803], [13.44557014, 52.48348019], [13.44557009, 52.48347986], [13.44557002, 52.48347943], [13.44556996, 52.48347899], [13.44556989, 52.48347855], [13.44556983, 52.48347812], [13.44556976, 52.48347768], [13.44556971, 52.48347725], [13.44556965, 52.48347681], [13.44556959, 52.48347638], [13.44556953, 52.48347592], [13.44556946, 52.48347526], [13.44556933, 52.48347414], [13.44556921, 52.48347303], [13.4455691, 52.48347191], [13.445569, 52.48347079], [13.4455689, 52.48346967], [13.44556881, 52.48346856], [13.44556872, 52.48346744], [13.44556865, 52.48346632], [13.44556858, 52.4834652], [13.44556855, 52.48346479], [13.44556851, 52.48346408], [13.44556845, 52.48346297], [13.44556839, 52.48346185], [13.44556835, 52.48346073], [13.4455683, 52.48345961], [13.44556827, 52.48345849], [13.44556824, 52.48345737], [13.44556822, 52.48345625], [13.4455682, 52.48345514], [13.4455682, 52.48345402], [13.44556819, 52.48345365], [13.4455682, 52.4834529], [13.44556819, 52.48345178], [13.4455682, 52.48345066], [13.44556821, 52.48345015], [13.44556822, 52.48344954], [13.44556824, 52.48344842], [13.44556827, 52.4834473], [13.4455683, 52.48344618], [13.44556834, 52.48344507], [13.44556839, 52.48344395], [13.44556845, 52.48344283], [13.44556846, 52.48344251], [13.44556852, 52.48344171], [13.44556857, 52.48344059], [13.44556864, 52.48343947], [13.44556872, 52.48343835], [13.4455688, 52.48343724], [13.44556889, 52.48343612], [13.44556899, 52.483435], [13.44556909, 52.48343389], [13.4455692, 52.48343277], [13.44556933, 52.48343165], [13.44556935, 52.48343138], [13.44556935, 52.48343135], [13.44556944, 52.48343054], [13.44556957, 52.48342942], [13.44556971, 52.4834283], [13.44556985, 52.48342719], [13.44557, 52.48342607], [13.44557015, 52.48342496], [13.44557031, 52.48342384], [13.44557048, 52.48342273], [13.44557065, 52.48342161], [13.44557083, 52.4834205], [13.44557086, 52.48342028], [13.44557101, 52.48341939], [13.4455712, 52.48341827], [13.4455714, 52.48341716], [13.44557161, 52.48341605], [13.44557182, 52.48341494], [13.44557203, 52.48341383], [13.44557225, 52.48341272], [13.44557248, 52.48341161], [13.44557272, 52.4834105], [13.44557296, 52.48340939], [13.445573, 52.48340921], [13.44557321, 52.48340828], [13.44557346, 52.48340717], [13.44557372, 52.48340606], [13.44557399, 52.48340496], [13.44557426, 52.48340385], [13.44557454, 52.48340274], [13.44557482, 52.48340164], [13.44557511, 52.48340053], [13.44557541, 52.48339943], [13.44557572, 52.48339833], [13.44557575, 52.4833982], [13.44557603, 52.48339722], [13.44557634, 52.48339612], [13.44557666, 52.48339502], [13.44557699, 52.48339392], [13.44557733, 52.48339282], [13.44557767, 52.48339172], [13.44557801, 52.48339062], [13.44557837, 52.48338952], [13.44557843, 52.48338934], [13.44557873, 52.48338842], [13.4455791, 52.48338733], [13.44557912, 52.48338724], [13.44557947, 52.48338623], [13.44557984, 52.48338514], [13.44558023, 52.48338404], [13.44558062, 52.48338295], [13.44558101, 52.48338186], [13.44558141, 52.48338077], [13.44558182, 52.48337968], [13.44558224, 52.48337858], [13.44558266, 52.4833775], [13.44558309, 52.48337641], [13.4455831, 52.48337636], [13.44558352, 52.48337532], [13.44558396, 52.48337423], [13.4455844, 52.48337315], [13.44558486, 52.48337206], [13.44558531, 52.48337098], [13.44558578, 52.4833699], [13.44558625, 52.48336882], [13.44558672, 52.48336774], [13.4455868, 52.48336757], [13.4455872, 52.48336666], [13.44558769, 52.48336558], [13.44558791, 52.48336492], [13.44558813, 52.48336427], [13.44558834, 52.48336361], [13.44558857, 52.48336296], [13.44558881, 52.4833623], [13.44558904, 52.48336165], [13.44558919, 52.48336122], [13.44558927, 52.483361], [13.44558953, 52.48336035], [13.44558977, 52.48335969], [13.44559003, 52.48335904], [13.44559029, 52.48335839], [13.44559057, 52.48335775], [13.44559084, 52.4833571], [13.44559092, 52.48335689], [13.44559112, 52.48335645], [13.44559141, 52.48335581], [13.4455917, 52.48335516], [13.44559199, 52.48335452], [13.4455923, 52.48335388], [13.4455926, 52.48335323], [13.4455929, 52.48335259], [13.44559323, 52.48335195], [13.44559356, 52.48335131], [13.44559388, 52.48335068], [13.44559422, 52.48335004], [13.44559456, 52.4833494], [13.4455949, 52.48334877], [13.44559512, 52.48334835], [13.44559524, 52.48334813], [13.44559561, 52.4833475], [13.44559597, 52.48334687], [13.44559633, 52.48334624], [13.4455967, 52.48334561], [13.44559707, 52.48334498], [13.44559719, 52.48334477], [13.44559745, 52.48334435], [13.44559757, 52.48334415], [13.44559783, 52.48334373], [13.44559823, 52.4833431], [13.44559863, 52.48334248], [13.44559903, 52.48334186], [13.44559943, 52.48334123], [13.44559984, 52.48334061], [13.44560025, 52.48334], [13.44560068, 52.48333938], [13.44560111, 52.48333876], [13.44560155, 52.48333815], [13.44560198, 52.48333754], [13.44560242, 52.48333692], [13.44560287, 52.48333631], [13.44560316, 52.48333591], [13.44560332, 52.4833357], [13.44560378, 52.4833351], [13.44560425, 52.48333449], [13.44560471, 52.48333389], [13.44560519, 52.48333328], [13.44560566, 52.48333268], [13.44560615, 52.48333208], [13.4456063, 52.48333188], [13.44560663, 52.48333148], [13.44560713, 52.48333089], [13.44560763, 52.48333029], [13.44560813, 52.4833297], [13.44560864, 52.4833291], [13.44560915, 52.48332851], [13.44560966, 52.48332792], [13.44561019, 52.48332733], [13.44561072, 52.48332675], [13.44561125, 52.48332616], [13.44561179, 52.48332558], [13.44561233, 52.483325], [13.44561288, 52.48332442], [13.44561324, 52.48332404], [13.44561343, 52.48332384], [13.44561399, 52.48332327], [13.44561455, 52.48332269], [13.44561512, 52.48332212], [13.44561569, 52.48332155], [13.44561627, 52.48332098], [13.44561684, 52.48332041], [13.44561703, 52.48332023], [13.44561743, 52.48331985], [13.44561802, 52.48331929], [13.44561862, 52.48331872], [13.44561922, 52.48331817], [13.44561982, 52.48331761], [13.44562043, 52.48331705], [13.44562104, 52.4833165], [13.44562166, 52.48331594], [13.44562202, 52.48331562], [13.44562228, 52.48331539], [13.44562291, 52.48331484], [13.44562354, 52.4833143], [13.44562418, 52.48331375], [13.44562482, 52.48331321], [13.44562525, 52.48331285], [13.44562547, 52.48331267], [13.44562612, 52.48331214], [13.44562677, 52.48331159], [13.44562742, 52.48331106], [13.44562809, 52.48331053], [13.44562877, 52.48331], [13.44562943, 52.48330947], [13.44562965, 52.48330929], [13.44563011, 52.48330895], [13.4456308, 52.48330842], [13.44563148, 52.4833079], [13.44563217, 52.48330738], [13.44563287, 52.48330687], [13.44563356, 52.48330635], [13.44563426, 52.48330583], [13.4456504, 52.48329779], [13.44565254, 52.48329672], [13.44569815, 52.48327398], [13.44569931, 52.48327341], [13.44563937, 52.48322973], [13.44564686, 52.48322604], [13.44601346, 52.48303781], [13.44601357, 52.48303775], [13.44588497, 52.48294021], [13.44579514, 52.48298608], [13.44579345, 52.48298695], [13.44575525, 52.48300651], [13.44460645, 52.4835947], [13.44460476, 52.48359557], [13.44450729, 52.48364578], [13.4445056, 52.48364665], [13.44446008, 52.48366991], [13.44445839, 52.48367078], [13.44370393, 52.48405714], [13.44370223, 52.48405801], [13.44363285, 52.48409305], [13.44363115, 52.48409391], [13.44360576, 52.48410676], [13.44359736, 52.484111], [13.44354282, 52.48413858], [13.44354223, 52.48413888], [13.44358029, 52.48416684], [13.4436574, 52.48422347], [13.44365806, 52.48422396], [13.44365879, 52.48422451], [13.44366673, 52.48423053], [13.44385036, 52.48436966], [13.44385378, 52.48437223], [13.44396333, 52.48445477], [13.44397075, 52.48446036], [13.44406899, 52.48453371], [13.4441122, 52.48456597], [13.44416895, 52.48460829], [13.44417035, 52.48460933], [13.44419768, 52.48462973], [13.44419908, 52.48463077], [13.44424052, 52.48466171], [13.44424061, 52.48466178], [13.44436366, 52.48459919], [13.44437656, 52.48459256], [13.44465808, 52.48444796], [13.44560999, 52.48395898], [13.44561016, 52.4839589], [13.44565559, 52.48393582], [13.4456557, 52.48393577], [13.44590221, 52.48381103], [13.44623112, 52.4836446], [13.44631773, 52.48360022]]]}}, {"type": "Feature", "properties": {"id": "gruenanlagen.00008100_000a6dc3", "pitid": "00008100:000a6dc3", "kennzeich": "241.108", "bezirkname": "Neukölln", "ortstlname": "Rudow", "objartname": "Grünanlage", "namenr": "Meskengraben", "namezusatz": null, "baujahr": null, "sanierjahr": null, "katasterfl": 56243.0, "widmung": "gewidmet", "plannr": "08401244", "planname": "Waßmannsdorfer Chaussee"}, "geometry": {"type": "MultiPolygon", "coordinates": [[[[13.49916337, 52.4063194], [13.49909983, 52.40640219], [13.49918811, 52.40640228], [13.49922795, 52.40634418], [13.49980904, 52.4064176], [13.49981772, 52.40638847], [13.49982036, 52.40637961], [13.49982617, 52.40636011], [13.49988485, 52.40616327], [13.49996413, 52.40583031], [13.50000411, 52.40561691], [13.50002426, 52.40550937], [13.5000537, 52.40529936], [13.50006116, 52.40524609], [13.50009889, 52.40489997], [13.50014416, 52.40448564], [13.50015521, 52.4043864], [13.50015623, 52.40437724], [13.50015989, 52.40434437], [13.50016105, 52.40433396], [13.50019093, 52.40405936], [13.50019238, 52.4040461], [13.50019333, 52.40403732], [13.50019432, 52.40402831], [13.50019708, 52.40400309], [13.50019806, 52.40399408], [13.50021026, 52.40388248], [13.4990834, 52.40391564], [13.49900838, 52.40391784], [13.49853507, 52.40393176], [13.49796654, 52.40394849], [13.49739419, 52.4039653], [13.49739005, 52.40396543], [13.49733541, 52.40396712], [13.49721245, 52.40397074], [13.49713219, 52.4039731], [13.49647166, 52.40399251], [13.49624213, 52.40399926], [13.49622897, 52.40405148], [13.49622196, 52.40407928], [13.49621198, 52.4041189], [13.49617657, 52.40425935], [13.49612678, 52.40445233], [13.49599018, 52.40498069], [13.4958837, 52.40536251], [13.49579023, 52.40581425], [13.49572863, 52.40601577], [13.49562464, 52.40635597], [13.49560747, 52.40639837], [13.495578, 52.406471], [13.49554959, 52.40654101], [13.49540116, 52.40679751], [13.49474032, 52.40762104], [13.49452742, 52.40788635], [13.49347491, 52.40922913], [13.49318613, 52.40957847], [13.49318768, 52.409581], [13.49319244, 52.40958872], [13.49321819, 52.40963055], [13.49378291, 52.4105478], [13.49380047, 52.41057633], [13.49387003, 52.41056802], [13.49393927, 52.41055877], [13.49400834, 52.41054903], [13.49407703, 52.41053835], [13.49414551, 52.4105272], [13.49421357, 52.41051511], [13.49428141, 52.41050255], [13.49434876, 52.41048907], [13.49441587, 52.41047512], [13.49448244, 52.41046025], [13.49454874, 52.41044492], [13.49461445, 52.41042869], [13.49465073, 52.41041898], [13.4946854, 52.41040726], [13.49471915, 52.41039458], [13.49475085, 52.41038006], [13.49478142, 52.41036466], [13.49480954, 52.41034761], [13.49483635, 52.41032978], [13.49486037, 52.41031052], [13.49490168, 52.41027545], [13.49494197, 52.41023994], [13.49498174, 52.41020422], [13.49502046, 52.41016806], [13.49505866, 52.4101317], [13.4950958, 52.41009493], [13.4951324, 52.41005796], [13.49516792, 52.41002059], [13.49541603, 52.40975675], [13.49578888, 52.40934827], [13.49582556, 52.40930855], [13.49586359, 52.4092693], [13.49590228, 52.4092303], [13.49594228, 52.40919179], [13.49598294, 52.40915355], [13.49602488, 52.40911582], [13.49606747, 52.40907837], [13.49611131, 52.40904146], [13.49612634, 52.40902899], [13.4961649, 52.40899679], [13.49620206, 52.40896399], [13.49623852, 52.40893089], [13.49627355, 52.40889722], [13.49630786, 52.40886327], [13.4963407, 52.40882879], [13.4963728, 52.40879404], [13.4964034, 52.40875879], [13.49643051, 52.4087278], [13.49645953, 52.40869745], [13.49648949, 52.40866746], [13.49652129, 52.40863818], [13.496554, 52.40860927], [13.49658849, 52.40858115], [13.49663694, 52.40854174], [13.49668322, 52.40850136], [13.4967284, 52.40846052], [13.49677133, 52.40841878], [13.49700315, 52.40818898], [13.49704108, 52.40815048], [13.49707627, 52.40811103], [13.49711006, 52.40807112], [13.49714102, 52.40803036], [13.49717054, 52.4079892], [13.49719713, 52.40794731], [13.49722224, 52.40790507], [13.49724437, 52.40786222], [13.49726251, 52.40782843], [13.49728551, 52.40779578], [13.49731087, 52.40776378], [13.4973408, 52.4077333], [13.49737293, 52.40770366], [13.49740925, 52.4076759], [13.49744757, 52.40764916], [13.49748964, 52.40762461], [13.49753346, 52.40760124], [13.49758052, 52.40758036], [13.49762905, 52.40756078], [13.49768025, 52.40754393], [13.49798426, 52.40744919], [13.49801383, 52.40743942], [13.49804172, 52.40742795], [13.49806867, 52.40741567], [13.49809356, 52.40740186], [13.49811732, 52.40738732], [13.49813867, 52.40737145], [13.49815875, 52.40735496], [13.49817612, 52.40733737], [13.49819208, 52.40731928], [13.49820511, 52.40730034], [13.49830383, 52.40715666], [13.49832896, 52.4071203], [13.49835443, 52.40708403], [13.49838007, 52.4070478], [13.49840606, 52.40701167], [13.49843223, 52.40697559], [13.49845873, 52.4069396], [13.49848541, 52.40690365], [13.49851244, 52.40686781], [13.49853963, 52.40683201], [13.49856717, 52.40679631], [13.49859688, 52.40675761], [13.4986258, 52.40671869], [13.49865432, 52.40667966], [13.49868203, 52.40664041], [13.49870935, 52.40660106], [13.49873585, 52.4065615], [13.49876196, 52.40652185], [13.49878725, 52.40648199], [13.49881213, 52.40644204], [13.49883619, 52.4064019], [13.49886868, 52.40634604], [13.49895773, 52.4061895], [13.49897331, 52.40616388], [13.4989923, 52.40613914], [13.49901294, 52.4061149], [13.49903678, 52.40609179], [13.49906217, 52.4060693], [13.49909051, 52.40604816], [13.49912026, 52.40602777], [13.49915265, 52.40600895], [13.4991863, 52.40599096], [13.49922226, 52.40597473], [13.49944235, 52.40587962], [13.49946069, 52.40587129], [13.49947766, 52.40586195], [13.49949389, 52.40585213], [13.49950854, 52.40584141], [13.49952235, 52.40583029], [13.49953439, 52.40581842], [13.4995455, 52.40580622], [13.49955468, 52.40579343], [13.49956288, 52.4057804], [13.49956903, 52.40576695], [13.49957414, 52.40575334], [13.49957714, 52.40573949], [13.49957906, 52.40572558], [13.49957884, 52.40571161], [13.49957755, 52.40569767], [13.49957411, 52.40568386], [13.49956962, 52.40567017], [13.49956304, 52.40565679], [13.4995454, 52.40562127], [13.49953265, 52.40558498], [13.49952239, 52.4055484], [13.49951715, 52.40551141], [13.49951444, 52.40547433], [13.49951678, 52.40543724], [13.49952166, 52.40540024], [13.49953156, 52.40536361], [13.49962634, 52.40505358], [13.49963529, 52.40502026], [13.49963942, 52.40498658], [13.49964113, 52.40495282], [13.49963799, 52.4049191], [13.49963242, 52.4048855], [13.49962206, 52.40485233], [13.49960932, 52.40481946], [13.49959192, 52.40478741], [13.49957223, 52.40475586], [13.49954809, 52.40472548], [13.49940415, 52.40455395], [13.49940596, 52.40454361], [13.49940785, 52.40453783], [13.4994093, 52.40453341], [13.4994134, 52.40452331], [13.49941897, 52.40451348], [13.49942527, 52.40450381], [13.49943297, 52.40449454], [13.49944136, 52.40448549], [13.49945105, 52.40447693], [13.49946136, 52.40446866], [13.49947286, 52.404461], [13.49948492, 52.40445366], [13.49949802, 52.40444701], [13.49951159, 52.40444074], [13.49952604, 52.40443525], [13.49954088, 52.40443017], [13.49955641, 52.40442592], [13.49957224, 52.40442212], [13.49958857, 52.4044192], [13.4996051, 52.40441675], [13.49962193, 52.40441522], [13.49963885, 52.40441416], [13.49965586, 52.40441404], [13.49967286, 52.40441439], [13.49968974, 52.40441569], [13.49984736, 52.40442996], [13.49986184, 52.40443149], [13.49987605, 52.40443379], [13.49989007, 52.40443648], [13.49990365, 52.40443992], [13.49991697, 52.40444372], [13.49992968, 52.40444823], [13.49993594, 52.40445069], [13.49994205, 52.40445308], [13.49995366, 52.40445859], [13.49996487, 52.4044644], [13.49997519, 52.4044708], [13.49998503, 52.40447748], [13.49999387, 52.40448466], [13.50000217, 52.40449207], [13.50000937, 52.40449991], [13.50001599, 52.40450793], [13.50002142, 52.40451629], [13.50002623, 52.40452478], [13.5000298, 52.4045335], [13.50003273, 52.4045423], [13.50003437, 52.40455124], [13.50003536, 52.4045602], [13.50003504, 52.40456919], [13.50002283, 52.40466741], [13.499892, 52.40572005], [13.49988711, 52.40574286], [13.49987905, 52.40576534], [13.49986943, 52.40578758], [13.49985675, 52.40580924], [13.49984257, 52.40583055], [13.49982547, 52.40585104], [13.49980696, 52.40587107], [13.49978572, 52.40589006], [13.49976318, 52.40590848], [13.49973816, 52.40592566], [13.49971196, 52.40594217], [13.49968355, 52.40595726], [13.49940072, 52.40610119], [13.4993598, 52.40612305], [13.49932251, 52.40614723], [13.49928718, 52.40617248], [13.499256, 52.4061997], [13.499227, 52.4062278], [13.49920296, 52.40625703], [13.49920258, 52.40625749], [13.49919695, 52.40626525], [13.49918252, 52.40628511], [13.49918053, 52.40628787], [13.49917745, 52.40629351], [13.49916337, 52.4063194]], [[13.49927007, 52.40528539], [13.49927122, 52.40526569], [13.49927382, 52.40524603], [13.4992793, 52.40522661], [13.4992862, 52.40520735], [13.4992959, 52.40518855], [13.49930698, 52.40517003], [13.49932073, 52.4051522], [13.49933908, 52.40511383], [13.49935436, 52.40507496], [13.49936807, 52.40503587], [13.49937865, 52.40499642], [13.49938766, 52.40495682], [13.4993935, 52.404917], [13.49939774, 52.40487711], [13.4993988, 52.40483714], [13.49939826, 52.40479716], [13.49939453, 52.40475725], [13.49938921, 52.4047174], [13.49938072, 52.40467776], [13.49935953, 52.40458734], [13.49936153, 52.40458738], [13.49936352, 52.40458754], [13.49936549, 52.40458775], [13.49936743, 52.40458807], [13.49936934, 52.40458845], [13.49937118, 52.40458893], [13.49937299, 52.40458945], [13.49937471, 52.40459008], [13.49937638, 52.40459076], [13.49937795, 52.40459152], [13.49937946, 52.40459233], [13.49938084, 52.40459322], [13.49938215, 52.40459414], [13.49938333, 52.40459514], [13.49938442, 52.40459617], [13.49938536, 52.40459725], [13.49950996, 52.40474944], [13.49953148, 52.40477721], [13.49954894, 52.40480603], [13.49956431, 52.40483528], [13.49957544, 52.40486525], [13.49958441, 52.40489549], [13.49958902, 52.4049261], [13.49959143, 52.40495679], [13.49958944, 52.4049875], [13.49958525, 52.40501812], [13.49957669, 52.40504841], [13.49949841, 52.40529276], [13.49948696, 52.4053314], [13.49947898, 52.40537037], [13.49947275, 52.40540945], [13.49947002, 52.40544869], [13.49946904, 52.40548795], [13.49947158, 52.40552719], [13.49947164, 52.40552832], [13.49947155, 52.40552944], [13.49947138, 52.40553055], [13.49947106, 52.40553166], [13.49947066, 52.40553275], [13.49947012, 52.40553382], [13.49946951, 52.40553488], [13.49946875, 52.4055359], [13.49946792, 52.4055369], [13.49946697, 52.40553786], [13.49946594, 52.40553879], [13.4994648, 52.40553967], [13.4994636, 52.40554051], [13.49946228, 52.40554129], [13.49935836, 52.40545159], [13.49934032, 52.40543525], [13.49932474, 52.40541798], [13.49931046, 52.40540031], [13.49929882, 52.40538192], [13.49928856, 52.40536324], [13.49928107, 52.40534406], [13.49927501, 52.40532469], [13.49927182, 52.40530508], [13.49927007, 52.40528539]], [[13.49735099, 52.40416637], [13.49740991, 52.40416455], [13.49900192, 52.40411713], [13.49901168, 52.40411697], [13.49902142, 52.40411734], [13.49903112, 52.40411797], [13.4990407, 52.40411913], [13.49905017, 52.40412054], [13.49905941, 52.40412246], [13.49906851, 52.40412463], [13.49907725, 52.40412728], [13.49908579, 52.40413016], [13.49909388, 52.4041335], [13.49910172, 52.40413705], [13.49910902, 52.40414101], [13.49911602, 52.40414517], [13.4991224, 52.40414969], [13.49912844, 52.40415437], [13.49913378, 52.40415937], [13.49913876, 52.4041645], [13.49914297, 52.40416989], [13.49914679, 52.40417538], [13.4991498, 52.40418105], [13.4991524, 52.40418681], [13.49915416, 52.40419268], [13.49915548, 52.40419859], [13.49915595, 52.40420455], [13.49916213, 52.40435316], [13.49916255, 52.40436326], [13.49916413, 52.40440163], [13.49919304, 52.40510003], [13.49910504, 52.40570519], [13.49903946, 52.405927], [13.49889992, 52.4061099], [13.49888875, 52.40611364], [13.49887705, 52.40611671], [13.49886511, 52.40611943], [13.49885281, 52.40612143], [13.49884036, 52.40612307], [13.49882771, 52.40612397], [13.49881501, 52.40612449], [13.49880228, 52.40612427], [13.49878958, 52.40612367], [13.49877704, 52.40612233], [13.49876462, 52.40612062], [13.49875252, 52.40611819], [13.49842226, 52.40604621], [13.49835878, 52.40603126], [13.49829815, 52.4060124], [13.49823918, 52.40599165], [13.49818401, 52.40596732], [13.49808569, 52.40592156], [13.49805798, 52.4059081], [13.49803213, 52.40589333], [13.49800726, 52.40587794], [13.49798449, 52.40586138], [13.49796283, 52.40584427], [13.49794347, 52.40582615], [13.49792532, 52.40580758], [13.49790967, 52.40578817], [13.4978953, 52.4057684], [13.49788357, 52.40574799], [13.49787581, 52.40573453], [13.49786622, 52.40572153], [13.49785575, 52.40570879], [13.49784355, 52.40569663], [13.49783051, 52.4056848], [13.49781589, 52.40567368], [13.49780052, 52.40566296], [13.49778371, 52.40565307], [13.49776624, 52.40564362], [13.49774752, 52.40563511], [13.49772824, 52.40562709], [13.49770791, 52.40562009], [13.49764428, 52.4055995], [13.49758002, 52.40557964], [13.49751547, 52.40556014], [13.49745034, 52.40554139], [13.49738492, 52.405523], [13.49731896, 52.40550537], [13.49725273, 52.40548811], [13.49718598, 52.40547162], [13.49711898, 52.4054555], [13.4970515, 52.40544015], [13.4969838, 52.40542519], [13.49691564, 52.405411], [13.49684269, 52.40539636], [13.49676916, 52.40538282], [13.49669536, 52.40536985], [13.49662105, 52.40535801], [13.49654651, 52.40534673], [13.49647154, 52.40533659], [13.49639636, 52.40532702], [13.49632082, 52.4053186], [13.49630988, 52.40531726], [13.49629919, 52.40531532], [13.49628866, 52.40531308], [13.49627851, 52.40531026], [13.49626858, 52.40530715], [13.49625916, 52.4053035], [13.49625002, 52.40529959], [13.49624151, 52.40529518], [13.49623334, 52.40529054], [13.49622591, 52.40528546], [13.49621886, 52.40528017], [13.49621263, 52.40527452], [13.49620684, 52.40526869], [13.49620194, 52.40526256], [13.49619752, 52.4052563], [13.49619405, 52.40524982], [13.49619107, 52.40524325], [13.49618909, 52.40523653], [13.49618762, 52.40522977], [13.49618716, 52.40522296], [13.49618723, 52.40521614], [13.49618831, 52.40520935], [13.4963397, 52.40444601], [13.49634999, 52.40439408], [13.49635829, 52.40435619], [13.49636963, 52.40431861], [13.49638249, 52.4042812], [13.49639834, 52.40424423], [13.49640094, 52.40423898], [13.49640439, 52.40423392], [13.49640827, 52.40422898], [13.49641294, 52.4042243], [13.49641741, 52.40422027], [13.49642246, 52.4042165], [13.49642778, 52.40421288], [13.49643361, 52.40420956], [13.49643968, 52.40420641], [13.49644619, 52.40420361], [13.4964529, 52.40420099], [13.49645997, 52.40419875], [13.4964672, 52.40419671], [13.4964747, 52.40419507], [13.49648231, 52.40419364], [13.4964901, 52.40419264], [13.49649796, 52.40419186], [13.4965059, 52.40419151], [13.49722444, 52.40417014], [13.49723912, 52.4041697], [13.4972769, 52.40416858], [13.49729158, 52.40416814], [13.49735099, 52.40416637]], [[13.49578045, 52.40609193], [13.49602653, 52.40535943], [13.49674019, 52.40546563], [13.49681962, 52.40547862], [13.49689688, 52.40549582], [13.49720156, 52.40556814], [13.49726832, 52.40558442], [13.49733404, 52.40560222], [13.4973992, 52.40562076], [13.49746319, 52.40564077], [13.49752656, 52.40566151], [13.49758862, 52.40568368], [13.49765, 52.40570656], [13.49770994, 52.40573081], [13.49770869, 52.40595584], [13.49705611, 52.40616532], [13.4970201, 52.4061696], [13.49637738, 52.40616943], [13.49578045, 52.40609193]], [[13.49508533, 52.40758026], [13.49508533, 52.4075714], [13.49508598, 52.40756255], [13.49508794, 52.40755377], [13.49509054, 52.40754506], [13.49509443, 52.40753653], [13.49509894, 52.40752811], [13.49510468, 52.40751998], [13.49548943, 52.40700744], [13.49551682, 52.4069706], [13.4955433, 52.40693351], [13.49556933, 52.40689629], [13.49559444, 52.40685885], [13.49561909, 52.40682128], [13.49564281, 52.4067835], [13.49566607, 52.40674561], [13.4956884, 52.40670751], [13.49586711, 52.40639865], [13.49587878, 52.40637854], [13.49588593, 52.40636702], [13.49589477, 52.40635596], [13.49590443, 52.40634515], [13.49591566, 52.40633493], [13.49592764, 52.40632503], [13.49594104, 52.40631584], [13.49595512, 52.40630703], [13.49597045, 52.40629904], [13.49598636, 52.4062915], [13.49600334, 52.40628487], [13.49602078, 52.40627872], [13.49603908, 52.40627357], [13.49605774, 52.40626894], [13.49607701, 52.40626536], [13.49609653, 52.40626233], [13.49611641, 52.4062604], [13.49613643, 52.40625903], [13.49615656, 52.40625878], [13.49681206, 52.40625968], [13.49688593, 52.40625961], [13.49695979, 52.40625875], [13.49703364, 52.40625751], [13.49710744, 52.40625549], [13.49718121, 52.40625309], [13.4972549, 52.40624991], [13.49732854, 52.40624634], [13.49740207, 52.406242], [13.49747024, 52.40623744], [13.49753812, 52.40623152], [13.49760584, 52.40622492], [13.49767316, 52.40621696], [13.49774027, 52.40620834], [13.49780687, 52.40619837], [13.4978732, 52.40618774], [13.49793893, 52.40617579], [13.49800433, 52.40616318], [13.49806901, 52.40614926], [13.49816147, 52.40613678], [13.49825465, 52.40613167], [13.49868521, 52.40622308], [13.49871146, 52.40623965], [13.49872551, 52.4062606], [13.49873147, 52.40628361], [13.49860491, 52.40640165], [13.49800596, 52.40696024], [13.49742879, 52.4075078], [13.49675073, 52.40817729], [13.49669472, 52.40818432], [13.49663465, 52.40817545], [13.49611439, 52.40799937], [13.49519514, 52.40768831], [13.49518263, 52.40768384], [13.49517083, 52.4076787], [13.49515943, 52.40767324], [13.49514887, 52.40766717], [13.49513878, 52.40766082], [13.49512968, 52.40765393], [13.49512109, 52.40764679], [13.49511359, 52.40763921], [13.49510666, 52.40763144], [13.49510091, 52.4076233], [13.49509577, 52.40761502], [13.49509188, 52.40760649], [13.49508862, 52.40759786], [13.49508665, 52.40758908], [13.49508533, 52.40758026]], [[13.49335111, 52.40964083], [13.49339747, 52.40960631], [13.4933995, 52.40960476], [13.49344352, 52.40957117], [13.49348819, 52.40953537], [13.49353216, 52.40949925], [13.4935747, 52.4094625], [13.49361652, 52.40942544], [13.49365689, 52.40938778], [13.49369651, 52.40934983], [13.49373465, 52.40931131], [13.49377203, 52.40927251], [13.49380789, 52.40923318], [13.49404733, 52.40935954], [13.49408166, 52.40937688], [13.49411829, 52.40939235], [13.49415597, 52.40940685], [13.49419555, 52.40941932], [13.49423596, 52.40943074], [13.49427783, 52.40943999], [13.49432032, 52.40944813], [13.49436379, 52.40945402], [13.49440763, 52.40945876], [13.49445197, 52.40946118], [13.49449645, 52.40946243], [13.49454093, 52.40946134], [13.4945853, 52.40945909], [13.49462919, 52.40945451], [13.49467271, 52.40944879], [13.49471527, 52.40944081], [13.49473271, 52.40943703], [13.49474957, 52.40943237], [13.49476609, 52.40942729], [13.49478186, 52.40942138], [13.49479721, 52.40941507], [13.49481165, 52.40940799], [13.49482558, 52.40940055], [13.49483844, 52.40939242], [13.49485074, 52.40938397], [13.49486183, 52.40937492], [13.49490473, 52.40933736], [13.49494449, 52.40929853], [13.49498264, 52.4092591], [13.49501749, 52.40921855], [13.49505066, 52.40917747], [13.49508041, 52.40913542], [13.49510842, 52.40909293], [13.4951329, 52.40904963], [13.49515662, 52.40900664], [13.49518183, 52.40896397], [13.49520776, 52.40892146], [13.49523515, 52.40887929], [13.49526326, 52.4088373], [13.49529281, 52.40879569], [13.49532308, 52.40875426], [13.49535476, 52.40871324], [13.49587177, 52.40805293], [13.496114, 52.40813282], [13.49653635, 52.40827213], [13.49656746, 52.408286], [13.49658548, 52.40830678], [13.49659687, 52.40832881], [13.49611203, 52.40879954], [13.4947121, 52.41015857], [13.49467486, 52.41019379], [13.49463494, 52.4102279], [13.49459372, 52.41026143], [13.49454996, 52.41029373], [13.49450496, 52.41032539], [13.49445758, 52.41035572], [13.49443732, 52.41036779], [13.49441525, 52.4103786], [13.49439235, 52.41038875], [13.49436795, 52.41039749], [13.49434289, 52.41040551], [13.49431668, 52.410412], [13.49428999, 52.41041772], [13.49426252, 52.41042183], [13.49384427, 52.41047788], [13.49382824, 52.41045608], [13.49381515, 52.41043828], [13.49378631, 52.4103986], [13.49377265, 52.41037968], [13.49375761, 52.41035888], [13.4937292, 52.41031908], [13.49370092, 52.41027925], [13.49367292, 52.41023934], [13.49364506, 52.4101994], [13.49361748, 52.41015939], [13.49359005, 52.41011934], [13.49356289, 52.41007921], [13.49353588, 52.41003906], [13.49350914, 52.40999883], [13.49348255, 52.40995856], [13.49345625, 52.40991823], [13.49343008, 52.40987786], [13.4934042, 52.40983743], [13.49337846, 52.40979695], [13.493353, 52.40975642], [13.49332769, 52.40971585], [13.49330266, 52.40967521], [13.49335074, 52.4096411], [13.49335111, 52.40964083]]], [[[13.49839052, 52.40756484], [13.498495, 52.40741263], [13.49845843, 52.40740791], [13.4984234, 52.4074404], [13.49838358, 52.40747075], [13.4983415, 52.40749994], [13.49829516, 52.4075266], [13.49829313, 52.40752767], [13.49824685, 52.40755193], [13.49819489, 52.40757439], [13.49814129, 52.40759535], [13.49808473, 52.40761317], [13.49802687, 52.40762937], [13.4979668, 52.4076422], [13.49793049, 52.40764989], [13.49813956, 52.40774248], [13.49816177, 52.40775232], [13.49821804, 52.40770619], [13.49826346, 52.40766897], [13.49838405, 52.40757014], [13.49839052, 52.40756484]]]]}}, {"type": "Feature", "properties": {"id": "gruenanlagen.00008100_000a6dc4", "pitid": "00008100:000a6dc4", "kennzeich": "241.105", "bezirkname": "Neukölln", "ortstlname": "Rudow", "objartname": "Grünanlage", "namenr": "Rohrpfuhl-Grünanlage", "namezusatz": null, "baujahr": null, "sanierjahr": null, "katasterfl": 17098.0, "widmung": "gewidmet", "plannr": "08401244", "planname": "Waßmannsdorfer Chaussee"}, "geometry": {"type": "MultiPolygon", "coordinates": [[[[13.49098681, 52.41008596], [13.49160488, 52.41049025], [13.49166683, 52.41053077], [13.49195616, 52.4104912], [13.49198145, 52.41048494], [13.49199499, 52.41047979], [13.4920082, 52.41047465], [13.49201809, 52.41047006], [13.49206202, 52.41042482], [13.49207429, 52.41040102], [13.49211457, 52.41035168], [13.49214282, 52.41031706], [13.49215428, 52.41030302], [13.49206062, 52.41027428], [13.49193178, 52.41001025], [13.49157631, 52.40936021], [13.49146961, 52.40938133], [13.49136109, 52.4093555], [13.49133499, 52.40939678], [13.491083, 52.40979536], [13.49092488, 52.41004545], [13.49096266, 52.41007016], [13.49098681, 52.41008596]], [[13.49177273, 52.40991665], [13.49178395, 52.40993658], [13.49201498, 52.41034688], [13.49202136, 52.41035821], [13.49201568, 52.41036193], [13.49200774, 52.41036918], [13.49199048, 52.41040023], [13.49198319, 52.41041111], [13.49198248, 52.41042926], [13.49198441, 52.4104446], [13.49198702, 52.41045267], [13.4919903, 52.41046074], [13.49199556, 52.4104672], [13.49200281, 52.41047165], [13.49199487, 52.41047648], [13.49198302, 52.4104688], [13.49197842, 52.41046234], [13.49197514, 52.41045346], [13.49197254, 52.41044136], [13.49197192, 52.41042885], [13.49196767, 52.41040935], [13.49196182, 52.41039711], [13.4919499, 52.41037216], [13.49192615, 52.41034153], [13.49188215, 52.41030359], [13.49183454, 52.41027657], [13.49176822, 52.41024366], [13.49172349, 52.41022228], [13.49154941, 52.41013907], [13.49144667, 52.4100771], [13.49136859, 52.41006076], [13.49155045, 52.40989463], [13.4916249, 52.40982661], [13.49173286, 52.40992115], [13.49177273, 52.40991665]]], [[[13.49244564, 52.41112685], [13.49253929, 52.41116452], [13.49276034, 52.41120197], [13.49289479, 52.41120923], [13.49315837, 52.41127683], [13.49315051, 52.41129884], [13.49339475, 52.41139743], [13.49337367, 52.41142006], [13.49356597, 52.41149028], [13.49363923, 52.41141838], [13.49381905, 52.41147545], [13.49390076, 52.41150138], [13.49395524, 52.41144812], [13.49404604, 52.41135934], [13.49365083, 52.41071605], [13.49345882, 52.41040363], [13.49344275, 52.41037749], [13.49311283, 52.40984067], [13.49304796, 52.40973513], [13.49302299, 52.40976726], [13.49266056, 52.41023346], [13.4924203, 52.41054054], [13.4923776, 52.41059513], [13.49226872, 52.41073429], [13.49224082, 52.41085748], [13.49218683, 52.41109588], [13.49243281, 52.41114319], [13.49244564, 52.41112685]], [[13.49368775, 52.41142165], [13.49364215, 52.41140956], [13.49351219, 52.41138001], [13.49350823, 52.41137963], [13.49350423, 52.41137947], [13.49350022, 52.41137943], [13.49349622, 52.41137962], [13.49349224, 52.41137992], [13.49348832, 52.41138045], [13.49348444, 52.41138108], [13.49348068, 52.41138194], [13.49347725, 52.41138283], [13.49347395, 52.4113839], [13.49347073, 52.41138505], [13.49346769, 52.41138637], [13.49346475, 52.41138777], [13.49346201, 52.41138932], [13.49345939, 52.41139095], [13.49345701, 52.4113927], [13.49345475, 52.41139452], [13.49345276, 52.41139645], [13.49344898, 52.41139753], [13.49344505, 52.41139841], [13.49344106, 52.41139918], [13.49343698, 52.41139973], [13.49343286, 52.41140017], [13.4934287, 52.41140039], [13.49342452, 52.41140049], [13.49342034, 52.41140036], [13.49341618, 52.41140012], [13.49341207, 52.41139966], [13.493408, 52.41139908], [13.49340402, 52.41139829], [13.49336224, 52.41136437], [13.49335175, 52.41135361], [13.49333955, 52.41134354], [13.49332654, 52.41133386], [13.49331201, 52.41132502], [13.49319364, 52.41128479], [13.493161, 52.41125243], [13.49309826, 52.41123576], [13.49303303, 52.41122316], [13.49297289, 52.41121397], [13.49296911, 52.41121047], [13.4929658, 52.4112068], [13.49296274, 52.41120304], [13.4929602, 52.41119915], [13.49295792, 52.41119519], [13.49295618, 52.41119114], [13.49295471, 52.41118704], [13.49295379, 52.41118288], [13.49295316, 52.41117871], [13.49295309, 52.41117451], [13.49295331, 52.41117016], [13.49295413, 52.41116583], [13.49295526, 52.41116153], [13.49295698, 52.41115731], [13.49295899, 52.41115313], [13.49296158, 52.41114907], [13.49296083, 52.41114653], [13.49295969, 52.41114404], [13.49295836, 52.41114158], [13.49295666, 52.41113921], [13.49295479, 52.41113689], [13.49295257, 52.41113469], [13.49295018, 52.41113255], [13.49294748, 52.41113056], [13.49294464, 52.41112865], [13.49294151, 52.4111269], [13.49293825, 52.41112525], [13.49293476, 52.41112379], [13.49293116, 52.41112243], [13.49292737, 52.41112129], [13.4929235, 52.41112025], [13.49291948, 52.41111943], [13.49267872, 52.41107828], [13.49244516, 52.41103784], [13.49243778, 52.41103623], [13.49243067, 52.41103421], [13.49242373, 52.41103199], [13.49241714, 52.41102939], [13.49241076, 52.41102661], [13.49240482, 52.41102348], [13.49239912, 52.41102019], [13.49239395, 52.41101659], [13.49238905, 52.41101285], [13.49238473, 52.41100884], [13.49238072, 52.41100473], [13.49237735, 52.4110004], [13.4923743, 52.41099598], [13.49237194, 52.41099141], [13.49236992, 52.41098678], [13.4923686, 52.41098206], [13.49236764, 52.4109773], [13.4923674, 52.41097251], [13.49236752, 52.41096772], [13.49236837, 52.41096295], [13.49236956, 52.41095821], [13.49237147, 52.41095356], [13.49238405, 52.41092826], [13.49237618, 52.41092681], [13.4924873, 52.41080317], [13.49258642, 52.41068248], [13.49264579, 52.41069822], [13.49272911, 52.41065905], [13.49279175, 52.41065196], [13.49281519, 52.41064054], [13.49283969, 52.41063], [13.49286471, 52.4106199], [13.49289066, 52.41061074], [13.49293852, 52.41059545], [13.49298879, 52.41058339], [13.49312311, 52.41059265], [13.49318786, 52.41054905], [13.49338222, 52.41052856], [13.49343175, 52.41056775], [13.49347446, 52.41060983], [13.4935242, 52.41066848], [13.49356229, 52.41073145], [13.49358899, 52.41077541], [13.49359384, 52.41077443], [13.49359775, 52.41077967], [13.49359721, 52.41082445], [13.49359932, 52.41084927], [13.49360403, 52.41087394], [13.49361003, 52.41089852], [13.4936186, 52.4109228], [13.49364625, 52.41094239], [13.49367173, 52.41096305], [13.49369607, 52.41098422], [13.49371809, 52.41100632], [13.4937412, 52.41103145], [13.49376122, 52.41105754], [13.49377967, 52.41108407], [13.49379488, 52.41111136], [13.49384013, 52.41117825], [13.49389947, 52.41129581], [13.49390722, 52.41130138], [13.49391418, 52.41130732], [13.49392072, 52.41131343], [13.49392642, 52.41131985], [13.49393167, 52.41132641], [13.493936, 52.41133322], [13.49393987, 52.41134013], [13.49394279, 52.41134722], [13.49394522, 52.41135437], [13.49394667, 52.41136162], [13.49394766, 52.41136944], [13.49394751, 52.41137727], [13.49394678, 52.4113851], [13.49394491, 52.41139285], [13.49394247, 52.41140054], [13.49393892, 52.41140807], [13.49393313, 52.41141462], [13.49392637, 52.4114208], [13.49391914, 52.41142679], [13.49391103, 52.41143233], [13.4939025, 52.41143764], [13.4938932, 52.41144244], [13.49388354, 52.41144696], [13.49387323, 52.41145091], [13.49386494, 52.4114538], [13.49385633, 52.41145631], [13.49384758, 52.41145863], [13.49383856, 52.41146054], [13.49382944, 52.41146225], [13.49382014, 52.41146355], [13.49377681, 52.41144866], [13.49373251, 52.41143488], [13.49368775, 52.41142165]]]]}}, {"type": "Feature", "properties": {"id": "gruenanlagen.00008100_000a6dc5", "pitid": "00008100:000a6dc5", "kennzeich": "241.099", "bezirkname": "Neukölln", "ortstlname": "Rudow", "objartname": "Grünanlage", "namenr": "Dörferblick", "namezusatz": null, "baujahr": null, "sanierjahr": null, "katasterfl": 77790.0, "widmung": "gewidmet", "plannr": "08401244", "planname": "Waßmannsdorfer Chaussee"}, "geometry": {"type": "Polygon", "coordinates": [[[13.48573347, 52.39728382], [13.48563892, 52.39726702], [13.48439388, 52.39707078], [13.48354914, 52.39693765], [13.48128481, 52.39636235], [13.47976201, 52.39594608], [13.47955524, 52.39689527], [13.47935293, 52.39778237], [13.47922247, 52.39835717], [13.47918464, 52.39852361], [13.47917955, 52.39854601], [13.4791773, 52.39855589], [13.47917266, 52.39857898], [13.47922638, 52.39857338], [13.4792827, 52.3985675], [13.47979124, 52.39851443], [13.47988523, 52.39850461], [13.47996506, 52.39849627], [13.48031254, 52.39845998], [13.48101105, 52.39838706], [13.48114289, 52.3983733], [13.48139831, 52.39834665], [13.48248497, 52.39823315], [13.48369741, 52.39810665], [13.4837221, 52.39810406], [13.48439078, 52.39803424], [13.4845742, 52.39801504], [13.48525051, 52.39794298], [13.48522821, 52.39798178], [13.4862759, 52.3978714], [13.48655818, 52.39784186], [13.48665537, 52.39783169], [13.48673151, 52.39785955], [13.48663133, 52.39767579], [13.48661653, 52.39764863], [13.48660417, 52.39762727], [13.48657804, 52.39758208], [13.48653025, 52.39749947], [13.48650927, 52.39746319], [13.48650711, 52.39745993], [13.48647804, 52.39741612], [13.48647461269633, 52.39741551101458], [13.486470377283014, 52.39741498081267], [13.486192876956574, 52.39736545039117], [13.48573347, 52.39728382]]]}}, {"type": "Feature", "properties": {"id": "gruenanlagen.00008100_000a6dc6", "pitid": "00008100:000a6dc6", "kennzeich": "241.107", "bezirkname": "Neukölln", "ortstlname": "Rudow", "objartname": "Grünanlage", "namenr": "Lolopfuhl-Grünanlage", "namezusatz": null, "baujahr": null, "sanierjahr": null, "katasterfl": 8171.0, "widmung": "gewidmet", "plannr": "08401244", "planname": "Waßmannsdorfer Chaussee"}, "geometry": {"type": "Polygon", "coordinates": [[[13.49705611, 52.40616532], [13.49770869, 52.40595584], [13.49770994, 52.40573081], [13.49765, 52.40570656], [13.49758862, 52.40568368], [13.49752656, 52.40566151], [13.49746319, 52.40564077], [13.4973992, 52.40562076], [13.49733404, 52.40560222], [13.49726832, 52.40558442], [13.49720156, 52.40556814], [13.49689688, 52.40549582], [13.49681962, 52.40547862], [13.49674019, 52.40546563], [13.49602653, 52.40535943], [13.49578045, 52.40609193], [13.49637738, 52.40616943], [13.4970201, 52.4061696], [13.49705611, 52.40616532]], [[13.49641893, 52.40577582], [13.49647549, 52.40572988], [13.49657952, 52.40574149], [13.49666854, 52.40574006], [13.49678133, 52.40575475], [13.49679756, 52.40577854], [13.49680626, 52.40580539], [13.4968062, 52.40582379], [13.49676979, 52.40584215], [13.49671329, 52.40586893], [13.49657912, 52.40587722], [13.49649389, 52.40586869], [13.49643379, 52.40584178], [13.49640875, 52.40582719], [13.49639627, 52.40580724], [13.49641893, 52.40577582]]]}}, {"type": "Feature", "properties": {"id": "gruenanlagen.00008100_000a6dc7", "pitid": "00008100:000a6dc7", "kennzeich": "241.102", "bezirkname": "Neukölln", "ortstlname": "Rudow", "objartname": "Grünanlage", "namenr": "Rudower Fließ-Grünanlage", "namezusatz": null, "baujahr": null, "sanierjahr": null, "katasterfl": 148054.0, "widmung": "gewidmet", "plannr": "08401244", "planname": "Waßmannsdorfer Chaussee"}, "geometry": {"type": "MultiPolygon", "coordinates": [[[[13.47763568, 52.40323729], [13.47764056, 52.40332473], [13.47760989, 52.4034294], [13.47756133, 52.4034953], [13.47753671, 52.40351872], [13.47754774, 52.40352325], [13.47756823, 52.40353167], [13.4775915, 52.40354122], [13.47759374, 52.40354214], [13.47763446, 52.40355886], [13.47792192, 52.40370694], [13.47795022, 52.40372106], [13.47841778, 52.40395435], [13.47846749, 52.40397915], [13.47859107, 52.40404185], [13.47867287, 52.40408458], [13.47877047, 52.40413555], [13.47878637, 52.40414474], [13.47890103, 52.40421102], [13.47898002, 52.40425669], [13.47923401, 52.40440744], [13.47933773, 52.40447122], [13.47944346, 52.40453623], [13.47945426, 52.40454287], [13.47957207, 52.40461839], [13.47957597, 52.40462089], [13.47959088, 52.40463055], [13.47974625, 52.40473118], [13.47977962, 52.40475297], [13.48003646, 52.40492069], [13.48018212, 52.40501581], [13.4803729, 52.40513889], [13.48058576, 52.40528115], [13.48060494, 52.40529363], [13.48064383, 52.40531895], [13.48086324, 52.40546175], [13.48091085, 52.40549273], [13.4809963, 52.40554659], [13.48108872, 52.40560484], [13.4811799, 52.4056604], [13.48118836, 52.40566582], [13.48129473, 52.40573394], [13.48131516, 52.40574754], [13.48142742, 52.40582227], [13.48157623, 52.40593003], [13.48163486, 52.40597225], [13.48164643, 52.40598108], [13.48167002, 52.40599908], [13.48186216, 52.40614377], [13.48217949, 52.40638271], [13.48227981, 52.40645833], [13.48242837, 52.40657031], [13.48299428, 52.40699686], [13.48299593, 52.40699811], [13.48299635, 52.40699842], [13.48313164, 52.4071004], [13.48318486, 52.40714051], [13.48334611, 52.40726015], [13.4836402, 52.40747861], [13.48367261, 52.40750265], [13.4837359, 52.40747819], [13.48376457, 52.40746711], [13.48377571, 52.40746281], [13.48453918, 52.40716777], [13.48461627, 52.40714047], [13.48462721, 52.40708439], [13.48462645, 52.40708187], [13.48466971, 52.4070568], [13.48462372, 52.40702833], [13.48462457, 52.40702696], [13.48452591, 52.40696063], [13.48448343, 52.40691196], [13.48446397, 52.40689285], [13.48436247, 52.40682967], [13.48419597, 52.40672602], [13.48416256, 52.40670522], [13.48387387, 52.4065255], [13.48364747, 52.4063845], [13.48351485, 52.4063018], [13.48325272, 52.40613833], [13.48292553, 52.40593429], [13.48275671, 52.40582416], [13.48275599, 52.40582362], [13.48264118, 52.40573878], [13.4825248, 52.40564226], [13.48245514, 52.40557833], [13.48240366, 52.40553697], [13.48239927, 52.40553381], [13.4823956, 52.40553136], [13.48238983, 52.40552751], [13.48238, 52.40552143], [13.48236982, 52.40551558], [13.48235928, 52.40550997], [13.48234841, 52.4055046], [13.48233721, 52.40549949], [13.4823319, 52.40549726], [13.4823257, 52.40549465], [13.48231391, 52.40549007], [13.48230184, 52.40548576], [13.48228952, 52.40548173], [13.48225853, 52.40548583], [13.48223445, 52.40547762], [13.48212498, 52.40545144], [13.48201166, 52.4054224], [13.48195836, 52.40540874], [13.48165804, 52.40529567], [13.48143682, 52.40521237], [13.48113725, 52.40509957], [13.48080529, 52.40494729], [13.48065283, 52.40487736], [13.4805049, 52.4048095], [13.48037667, 52.4047347], [13.4802755, 52.40467568], [13.48021691, 52.40461562], [13.48007775, 52.404473], [13.48003857, 52.40443285], [13.47999815, 52.40439141], [13.47995224, 52.40435824], [13.47991028, 52.40432793], [13.47984562, 52.40428121], [13.47981438, 52.40425865], [13.4797771, 52.40423171], [13.4797302, 52.40419778], [13.47968669, 52.40417142], [13.47959542, 52.40411613], [13.47951532, 52.40406762], [13.47947001, 52.40404017], [13.4794188, 52.40400915], [13.47928515, 52.4039282], [13.47911997, 52.40384419], [13.47897963, 52.40377283], [13.47886016, 52.40371207], [13.4787397, 52.40365081], [13.47863367, 52.40359689], [13.47854096, 52.40354974], [13.47848574, 52.40352166], [13.47841269, 52.40348451], [13.47833995, 52.40343781], [13.4782699, 52.40339284], [13.47817961, 52.4033194], [13.47811077, 52.40326003], [13.47806784, 52.40322301], [13.47798382, 52.40313105], [13.47787796, 52.40301516], [13.47779811, 52.40292775], [13.47777664, 52.40290425], [13.47775293, 52.40287829], [13.47772203, 52.40284447], [13.47771424, 52.40283596], [13.47760800918997, 52.40271986881727], [13.477605280384697, 52.40305550332137], [13.477626657658769, 52.40318335183239], [13.47763568, 52.40323729]], [[13.48146484, 52.40546357], [13.48155745, 52.40546435], [13.48165999, 52.40546111], [13.48171733, 52.40545781], [13.48183368, 52.40544918], [13.4819577, 52.40543256], [13.48197286, 52.40543726], [13.48204915, 52.40545572], [13.48208662, 52.40546325], [13.48208315, 52.40549808], [13.48207616, 52.40552759], [13.48206572, 52.40555656], [13.48204925, 52.40558711], [13.48201634, 52.40563504], [13.48198522, 52.40566505], [13.48196259, 52.40568533], [13.48194434, 52.40569788], [13.48190548, 52.40572442], [13.48187428, 52.4057427], [13.48185016, 52.40575453], [13.48182133, 52.40576743], [13.48177421, 52.40578354], [13.48173157, 52.40579822], [13.48172819, 52.40579884], [13.48172467, 52.40579875], [13.481721, 52.40579829], [13.48171762, 52.40579712], [13.48171469, 52.40579505], [13.48171246, 52.40579306], [13.481712, 52.40579264], [13.48170995, 52.40578627], [13.48170599, 52.40577715], [13.4817003, 52.40576671], [13.48169212, 52.40575471], [13.48168715, 52.40574896], [13.48168155, 52.40574247], [13.48167949, 52.40574008], [13.48163222, 52.4056923], [13.48158614, 52.40564581], [13.48155619, 52.40562091], [13.48152702, 52.40560446], [13.48124767, 52.40545785], [13.48125083, 52.40545538], [13.48125608, 52.40545353], [13.48134013, 52.4054592], [13.48136741, 52.40546024], [13.48146484, 52.40546357]]], [[[13.47732287, 52.40370969], [13.47722766, 52.40380039], [13.47720922, 52.40381919], [13.47715904, 52.40386885], [13.4771021, 52.40392521], [13.47703424, 52.40399237], [13.47701123, 52.40401939], [13.47700023, 52.40403319], [13.4769682, 52.40407337], [13.47694146, 52.40410692], [13.47693924, 52.40411052], [13.47696372, 52.40412304], [13.4769841, 52.40413338], [13.47699657, 52.4041398], [13.47702814, 52.40415591], [13.47714778, 52.40421695], [13.47719536, 52.40418133], [13.47706437, 52.40411467], [13.47704982, 52.40407313], [13.47707653, 52.40403973], [13.47729061, 52.40382261], [13.47738023, 52.40373753], [13.47758294, 52.40384069], [13.47769471, 52.40389778], [13.47778595, 52.40394438], [13.47798895, 52.40404798], [13.47819211, 52.40415159], [13.47839526, 52.4042551], [13.47849853, 52.4043078], [13.47863094, 52.40438777], [13.47881908, 52.40450141], [13.47900751, 52.40461506], [13.47919535, 52.40472889], [13.47933891, 52.40481552], [13.47939771, 52.40485361], [13.47957922, 52.4049712], [13.47976088, 52.40508879], [13.47994255, 52.40520629], [13.48012377, 52.40532397], [13.48030559, 52.40544157], [13.48048711, 52.40555916], [13.48066877, 52.40567675], [13.4808503, 52.40579443], [13.48103666, 52.40591517], [13.48108636, 52.40594722], [13.48126592, 52.40608233], [13.48129846, 52.40610682], [13.48130059, 52.40610842], [13.48132384, 52.40612595], [13.48132616, 52.4061277], [13.48135885, 52.40615227], [13.48158062, 52.40631916], [13.48166417, 52.40638208], [13.48176868, 52.40646075], [13.48186762, 52.40653528], [13.48195674, 52.40660225], [13.48205085, 52.406673], [13.48214481, 52.40674384], [13.48233302, 52.40688544], [13.48252108, 52.40702703], [13.48270915, 52.40716852], [13.48280326, 52.40723936], [13.48289722, 52.40731011], [13.48302079, 52.40740319], [13.48307837, 52.40745493], [13.48329434, 52.40764877], [13.48335054, 52.407627], [13.48336584, 52.40762109], [13.48338379, 52.40761416], [13.48341494, 52.40760214], [13.48343233, 52.40759543], [13.48358123, 52.40753795], [13.48356468, 52.40752094], [13.48333403, 52.40734823], [13.48330611, 52.40732732], [13.48324156, 52.40727758], [13.48314572, 52.40720374], [13.48214827, 52.40645827], [13.48204695, 52.40638254], [13.48198688, 52.40633767], [13.48159373, 52.40604392], [13.48135044, 52.40586649], [13.48121279, 52.40576549], [13.48111619, 52.40569671], [13.48107334, 52.40566929], [13.48102586, 52.40563891], [13.48096258, 52.40559612], [13.48088245, 52.40554195], [13.48081548, 52.40549854], [13.48062292, 52.40537373], [13.48053028, 52.40531368], [13.48030341, 52.40516828], [13.48012074, 52.40504879], [13.47976173, 52.40481707], [13.4797426, 52.40480472], [13.47968745, 52.40476912], [13.47954581, 52.40467922], [13.47939199, 52.40457981], [13.47922159, 52.4044756], [13.47917847, 52.40444923], [13.4791537, 52.40443452], [13.47901349, 52.40435124], [13.47897479, 52.40432826], [13.47893332, 52.40430362], [13.47870907, 52.40417609], [13.47866857, 52.40415442], [13.47856798, 52.40410058], [13.47853366, 52.40408222], [13.47841503, 52.40401972], [13.47793568, 52.40377994], [13.47790786, 52.40376602], [13.47787037, 52.40374727], [13.47757041, 52.40359388], [13.47749311, 52.40355462], [13.47747133, 52.40356832], [13.47732287, 52.40370969]]], [[[13.48411925, 52.40743094], [13.48399433, 52.40747921], [13.48387935, 52.40752363], [13.48384312, 52.40753763], [13.48376217, 52.4075689], [13.48376657, 52.40757214], [13.48387783, 52.40765702], [13.48403891, 52.40778312], [13.4841344, 52.40786657], [13.48420437, 52.40774547], [13.48422022, 52.40771804], [13.48425932, 52.40765038], [13.48430015, 52.40758027], [13.48446486, 52.40729745], [13.48443958, 52.40730722], [13.48411925, 52.40743094]]], [[[13.48569256, 52.40882028], [13.48574834, 52.40870046], [13.48563843, 52.40865181], [13.48566788, 52.40859614], [13.48567471, 52.40858247], [13.48569479, 52.40854225], [13.48572183, 52.40848837], [13.48574891, 52.40843448], [13.48575034, 52.40843163], [13.48578883, 52.40835479], [13.48579755, 52.40833757], [13.48580259, 52.40832453], [13.48576809, 52.40831966], [13.48559978, 52.40828618], [13.48546273, 52.40822275], [13.48548949, 52.40817195], [13.48550533, 52.40813763], [13.48550932, 52.40812899], [13.48547495, 52.40812411], [13.48527816, 52.40808575], [13.48512467, 52.40801943], [13.48502475, 52.40818845], [13.4849716, 52.40827835], [13.48496872, 52.40828321], [13.48484971, 52.40848452], [13.48483523, 52.40850894], [13.48493868, 52.40862463], [13.48498663, 52.40867826], [13.48513057, 52.4088383], [13.4853189, 52.40903762], [13.48532747, 52.40904669], [13.48533604, 52.40905576], [13.48543124, 52.40915652], [13.48552279, 52.40925054], [13.48566573, 52.40939944], [13.48569516, 52.40943008], [13.48597814, 52.40972477], [13.48607276, 52.40982852], [13.48613542, 52.40989723], [13.48621655, 52.40998783], [13.48644595, 52.41026237], [13.4864803, 52.41030328], [13.48663065, 52.41048235], [13.48663839, 52.41049157], [13.48664591, 52.41050052], [13.48666423, 52.41052235], [13.48698002, 52.41089926], [13.4875002, 52.41152166], [13.48755962, 52.4115974], [13.48761157, 52.41166918], [13.48766025, 52.41175065], [13.48782871, 52.41201677], [13.48785169, 52.41200778], [13.48797408, 52.41195987], [13.48805496, 52.41192825], [13.48817787, 52.41188022], [13.48837268, 52.41180397], [13.4884283, 52.4117822], [13.48856764, 52.41172772], [13.48874243, 52.41165933], [13.48876937, 52.41164879], [13.48734229, 52.41033209], [13.48729798, 52.41029117], [13.48728529, 52.41027945], [13.4872903, 52.41027106], [13.48730577, 52.41024512], [13.48742653, 52.41004266], [13.48744041, 52.41001938], [13.48720705, 52.40997489], [13.48707029, 52.40991119], [13.48709764, 52.40986009], [13.48712499, 52.4098062], [13.48714511, 52.40976381], [13.48711045, 52.40975901], [13.4869279, 52.4097232], [13.4868186, 52.40966511], [13.48684582, 52.40961336], [13.48687259, 52.40955958], [13.48687718, 52.4095504], [13.48689965, 52.4095055], [13.48690462, 52.40949555], [13.48692655, 52.40945161], [13.48695969, 52.40938237], [13.48689846, 52.40937259], [13.48673088, 52.40933942], [13.48659353, 52.40927599], [13.48662044, 52.40922354], [13.48662652, 52.40920791], [13.48659201, 52.4092031], [13.48646971, 52.40917911], [13.48639521, 52.4091645], [13.48625801, 52.40910107], [13.4862632, 52.40908768], [13.48596683, 52.40903197], [13.48603677, 52.40889483], [13.48597092, 52.40885386], [13.48592278, 52.40888292], [13.48587218, 52.40885159], [13.48569256, 52.40882028]]], [[[13.48795004, 52.41235315], [13.48794742, 52.41234888], [13.48792265, 52.41230851], [13.48790534, 52.41227738], [13.48778729, 52.41210101], [13.48774999, 52.41204777], [13.48770332, 52.41198013], [13.48764022, 52.41187294], [13.48757951, 52.41176979], [13.48752863, 52.41168732], [13.48748035, 52.411616], [13.48742443, 52.41154827], [13.48727798, 52.41137168], [13.48722512, 52.41130794], [13.48690617, 52.41092335], [13.48659302, 52.41055021], [13.4865794, 52.41053399], [13.48657175, 52.41052489], [13.48656401, 52.41051567], [13.48637166, 52.41028664], [13.48614138, 52.41001128], [13.48606392, 52.40992429], [13.4859037, 52.40975281], [13.48558894, 52.40942568], [13.48544863, 52.40928002], [13.4853562, 52.40918698], [13.48523399, 52.40905475], [13.48522561, 52.40904568], [13.48521723, 52.40903661], [13.48505921, 52.40886562], [13.48490838, 52.40870332], [13.48487367, 52.40866543], [13.48479416, 52.40857863], [13.48468841, 52.40847093], [13.4845916, 52.40837017], [13.48446752, 52.40825175], [13.48433769, 52.40813666], [13.48425492, 52.4080564], [13.48425315, 52.40805936], [13.48418281, 52.40799969], [13.48409633, 52.4079321], [13.48399695, 52.40785478], [13.48397281, 52.40783559], [13.4838133, 52.4077088], [13.48370655, 52.4076383], [13.4836936, 52.40764368], [13.48365359, 52.40761218], [13.48365271, 52.40761137], [13.48351719, 52.40766369], [13.48347357, 52.40768054], [13.4834251, 52.40769925], [13.48339921, 52.40770928], [13.48337346, 52.40771959], [13.48373199, 52.40804255], [13.48405609, 52.40833438], [13.48407235, 52.40835004], [13.48413971, 52.4084104], [13.48416295, 52.40843123], [13.48420481, 52.40846873], [13.4843844, 52.40863048], [13.48453683, 52.40876776], [13.48486901, 52.40906679], [13.48492904, 52.40912033], [13.48493147, 52.40912266], [13.48496484, 52.40915225], [13.48498146, 52.40916708], [13.48501474, 52.40919671], [13.48522961, 52.40939074], [13.48523048, 52.40938941], [13.48627235, 52.4106756], [13.48652023, 52.41099433], [13.48664292, 52.4111256], [13.48663377, 52.41113789], [13.48663277, 52.41113902], [13.48648298, 52.41130769], [13.48634771, 52.41146], [13.48621746, 52.41160666], [13.48667967, 52.41176286], [13.48673098, 52.4117802], [13.4869976, 52.41186586], [13.48666749, 52.41224578], [13.48638066, 52.41257588], [13.48630016, 52.41266853], [13.48633372, 52.41267973], [13.48641579, 52.4127071], [13.48666366, 52.41278978], [13.48705079, 52.41291892], [13.48729914, 52.41300173], [13.48737017, 52.41302541], [13.48742468, 52.41304359], [13.48746788, 52.41305799], [13.48768049, 52.41311665], [13.48795442, 52.4131718], [13.48802872, 52.41318306], [13.48810546, 52.41319468], [13.48817078, 52.41320458], [13.48820201, 52.4132085], [13.48824664, 52.4132141], [13.48838335, 52.41323125], [13.48841694, 52.41323485], [13.48846282, 52.41323976], [13.48863619, 52.41325833], [13.48875373, 52.41326898], [13.48875071, 52.41326433], [13.48873428, 52.41323912], [13.48817682, 52.41268453], [13.48811199, 52.41259683], [13.48803853, 52.41249538], [13.48799559, 52.41242739], [13.48795359, 52.41235894], [13.48795004, 52.41235315]], [[13.48810421, 52.41316246], [13.48805618, 52.41315179], [13.48748629, 52.41302517], [13.48755607, 52.41290074], [13.48764508, 52.41274203], [13.48801781, 52.41282322], [13.48826419, 52.41304393], [13.48821048, 52.41318607], [13.48810421, 52.41316246]]], [[[13.48902214, 52.41358572], [13.48920348, 52.41368361], [13.48941844, 52.41379332], [13.4894795, 52.41371613], [13.4896259, 52.41353105], [13.4893485, 52.41350117], [13.488978, 52.41346137], [13.48889235, 52.4134522], [13.48891203, 52.41349806], [13.48894586, 52.41353656], [13.48902214, 52.41358572]]], [[[13.48822367, 52.41349717], [13.4885431, 52.41356503], [13.48864178, 52.41359057], [13.48871357, 52.413616], [13.48872013, 52.41361893], [13.48878033, 52.41364583], [13.48875249, 52.41366673], [13.48881031, 52.41369879], [13.48882404, 52.41370706], [13.48886295, 52.41373048], [13.48881367, 52.41384563], [13.48864114, 52.41406153], [13.48860711, 52.41410412], [13.48867845, 52.4141265], [13.48881677, 52.41416997], [13.4890345, 52.41423843], [13.48904996, 52.4142208], [13.48914235, 52.41411546], [13.48915254, 52.41410384], [13.48917241, 52.41408118], [13.48917485, 52.4140784], [13.4892757, 52.41396341], [13.48928422, 52.4139537], [13.48936016, 52.41386711], [13.48918891, 52.41378477], [13.48914123, 52.41376181], [13.48902324, 52.41370102], [13.48896428, 52.41366772], [13.48890426, 52.41363384], [13.48881157, 52.41356912], [13.48874365, 52.41343621], [13.48871016, 52.41343258], [13.48870164, 52.41343175], [13.48856428, 52.41341642], [13.48845324, 52.41340185], [13.48842664, 52.41339836], [13.48840461, 52.41339538], [13.48826667, 52.41342109], [13.488238, 52.41347184], [13.48822367, 52.41349717]]], [[[13.49076419, 52.41518746], [13.49093333, 52.41516359], [13.4911476, 52.41513328], [13.49117241, 52.41512977], [13.49114407, 52.41509705], [13.49112849, 52.41507905], [13.49092615, 52.41484541], [13.49079298, 52.41465059], [13.49068595, 52.41456726], [13.49037071, 52.41433614], [13.49028986, 52.41428303], [13.49005126, 52.41415902], [13.48993964, 52.41410101], [13.48988356, 52.41407917], [13.48988118, 52.41407824], [13.48984812, 52.41406537], [13.48982646, 52.41405694], [13.48980563, 52.41404883], [13.48965532, 52.4139903], [13.4896217, 52.41403189], [13.4894652, 52.4142101], [13.48938677, 52.41428875], [13.48936159, 52.41431399], [13.48933874, 52.41433692], [13.4892691, 52.41427231], [13.48923976, 52.41429839], [13.48922647, 52.41431021], [13.48921995, 52.41431601], [13.48919924, 52.41433442], [13.48920884, 52.41434305], [13.4892734, 52.41440118], [13.48941459, 52.41452821], [13.48941791, 52.4145312], [13.48942743, 52.41453968], [13.48942862, 52.41454074], [13.48957398, 52.41467399], [13.48960815, 52.41470907], [13.48964275, 52.41474459], [13.48974806, 52.41485269], [13.48985778, 52.41499923], [13.48986917, 52.41501444], [13.48988766, 52.41503913], [13.48988926, 52.41504128], [13.4898045, 52.41517385], [13.48970123, 52.41534429], [13.48967671, 52.41538488], [13.4896055, 52.41550226], [13.48961132, 52.41550036], [13.48962562, 52.41549571], [13.48964526, 52.41548862], [13.48966437, 52.41548103], [13.48968545, 52.41547173], [13.48970574, 52.41546181], [13.48972522, 52.4154513], [13.48974383, 52.41544021], [13.48976152, 52.41542856], [13.48978086, 52.41541593], [13.48980127, 52.41540395], [13.48982271, 52.41539266], [13.48984511, 52.41538209], [13.4898684, 52.41537226], [13.48989252, 52.41536321], [13.4899174, 52.41535497], [13.48997345, 52.41533788], [13.49002989, 52.41532129], [13.49008591, 52.41530542], [13.49008565, 52.41530508], [13.49006956, 52.41528205], [13.49005685, 52.41526492], [13.4900964, 52.41525567], [13.49018852, 52.41523413], [13.49035557, 52.41519506], [13.49046481, 52.4152297], [13.49076419, 52.41518746]]], [[[13.49082047, 52.41383448], [13.49103208, 52.41365653], [13.49107332, 52.4136218], [13.490859, 52.41358816], [13.49085592, 52.41358767], [13.49079147, 52.41357756], [13.4907902, 52.41357757], [13.49078944, 52.41357732], [13.49078882, 52.41357716], [13.49078863, 52.41357711], [13.49078721, 52.41357689], [13.49051104, 52.41353353], [13.4904643, 52.41352987], [13.49031373, 52.41351817], [13.49026454, 52.41351434], [13.49008539, 52.41350042], [13.49006213, 52.41353063], [13.48997217, 52.41364749], [13.48994155, 52.41368727], [13.48990615, 52.41367059], [13.48981432, 52.41362619], [13.48978967, 52.41365671], [13.48988123, 52.41370093], [13.48988034, 52.41370202], [13.48975318, 52.41385895], [13.48970552, 52.41391776], [13.48987101, 52.41398894], [13.48988402, 52.41399454], [13.48990497, 52.41400355], [13.48994485, 52.4140207], [13.49000698, 52.41404743], [13.49040784, 52.41425683], [13.49078802, 52.41454896], [13.49087336, 52.41461592], [13.49102703, 52.41482711], [13.49128115, 52.41511481], [13.49128265, 52.41511651], [13.49128947, 52.41512423], [13.4913315, 52.4151773], [13.49134104, 52.41518917], [13.49139924, 52.41526162], [13.49145411, 52.41532993], [13.49152212, 52.41541459], [13.49162754, 52.41554708], [13.49166815, 52.41563035], [13.4916954, 52.41570353], [13.49180385, 52.41585427], [13.49190168, 52.41598037], [13.49191612, 52.41599899], [13.49201464, 52.41613212], [13.49208182, 52.41622421], [13.49211022, 52.41626315], [13.49220288, 52.41638727], [13.49221599, 52.41640469], [13.49229158, 52.4165051], [13.49230359, 52.41652], [13.49246553, 52.4167208], [13.49256186, 52.41689642], [13.4925742, 52.41694344], [13.49259335, 52.41703045], [13.4925955, 52.41703469], [13.49261074, 52.41706461], [13.49267337, 52.417155], [13.49268339, 52.41717427], [13.4926859, 52.41717911], [13.49269674, 52.41719979], [13.4926975, 52.41724571], [13.49264784, 52.41733399], [13.49259205, 52.41741157], [13.49250077, 52.41750709], [13.49249496, 52.41751188], [13.49248662, 52.41751665], [13.49246081, 52.41753399], [13.49243689, 52.41755086], [13.49240749, 52.41757275], [13.49237377, 52.41759864], [13.49234264, 52.41762231], [13.49232282, 52.41763788], [13.49231105, 52.41765016], [13.49229783, 52.41766707], [13.49228247, 52.41768681], [13.49228178, 52.41768769], [13.49207877, 52.41785511], [13.49206957, 52.4178693], [13.49199401, 52.41798578], [13.49189427, 52.41806403], [13.49185475, 52.41810541], [13.49182739, 52.41816056], [13.49179815, 52.418253], [13.49176753, 52.41831821], [13.491726, 52.41837652], [13.4917251, 52.41837779], [13.4917242, 52.41837905], [13.49171823, 52.41838744], [13.49167233, 52.41844706], [13.49186389, 52.41830191], [13.49201824, 52.41818495], [13.49204674, 52.41816332], [13.4920669, 52.41814802], [13.49248681, 52.41782934], [13.49250659, 52.41781433], [13.49286385, 52.41754318], [13.49324097, 52.41725846], [13.49333144, 52.41719096], [13.49333471, 52.41718852], [13.49334631, 52.41717986], [13.49335982, 52.41716992], [13.49336312, 52.41716749], [13.4933849, 52.41715146], [13.49338824, 52.417149], [13.4934305, 52.41711831], [13.49347292, 52.41708771], [13.49351568, 52.41705728], [13.49356238, 52.41702428], [13.49360948, 52.41699149], [13.49365676, 52.4169588], [13.49370443, 52.41692632], [13.49371747, 52.4169175], [13.4937457, 52.41689841], [13.49375229, 52.41689395], [13.49380053, 52.41686178], [13.49380293, 52.41686014], [13.49382586, 52.41684446], [13.49339075, 52.41661859], [13.49325292, 52.41655921], [13.49318147, 52.4165204], [13.49313923, 52.41649621], [13.49297752, 52.41640361], [13.49256522, 52.41617786], [13.49244746, 52.41604112], [13.49242511, 52.41601515], [13.49225532, 52.41581786], [13.49221461, 52.41577044], [13.49210626, 52.4156446], [13.49210316, 52.415641], [13.49209646, 52.41563194], [13.49208435, 52.41561556], [13.49181628, 52.41525282], [13.49185356, 52.41522085], [13.49194014, 52.41514674], [13.49198953, 52.41510446], [13.49203259, 52.41506785], [13.49207006, 52.4150361], [13.49211521, 52.41499783], [13.49224672, 52.41497363], [13.49255332, 52.41491916], [13.49254774, 52.4149036], [13.49254555, 52.41490388], [13.49249078, 52.41491096], [13.49216683, 52.41495288], [13.49216504, 52.41495449], [13.49185185, 52.41500346], [13.49171615, 52.41502469], [13.49164851, 52.41503522], [13.49154045, 52.4148951], [13.49142362, 52.41475504], [13.49137927, 52.41470232], [13.49131102, 52.41462128], [13.49125388, 52.41455229], [13.49124247, 52.41453869], [13.49119062, 52.41447646], [13.49111194, 52.41435954], [13.49109525, 52.4143349], [13.49103154, 52.41426142], [13.49095368, 52.41420102], [13.49087184, 52.41415403], [13.49079466, 52.41410989], [13.49077444, 52.41409837], [13.49061525, 52.41400715], [13.49082047, 52.41383448]], [[13.4905123, 52.41420031], [13.49049879, 52.41419502], [13.49045599, 52.41417826], [13.49036775, 52.41414369], [13.49006917, 52.41400743], [13.49004318, 52.413993], [13.49003021, 52.41398086], [13.49002342, 52.41397251], [13.49001973, 52.41396342], [13.49002161, 52.41395622], [13.4900266, 52.41394448], [13.49012822, 52.41381736], [13.49014709, 52.41379416], [13.49016867, 52.41376762], [13.49017461, 52.41376032], [13.49018486, 52.41374771], [13.49029569, 52.41377695], [13.49034058, 52.41382511], [13.49044596, 52.41385855], [13.4905418, 52.41390008], [13.49061525, 52.41400715], [13.4905123, 52.41420031]]], [[[13.49228973, 52.41758281], [13.49231835, 52.41756151], [13.49234428, 52.41754177], [13.49237337, 52.41751638], [13.4923924, 52.41749806], [13.49239374, 52.41749654], [13.49240815, 52.41748023], [13.49241685, 52.41746858], [13.49244305, 52.41744511], [13.49249776, 52.41738675], [13.49255237, 52.41731223], [13.49259463, 52.41723993], [13.49259559, 52.41721226], [13.49257556, 52.41717898], [13.49251984, 52.41708608], [13.49251562, 52.41707485], [13.4925158, 52.41707297], [13.49251612, 52.4170673], [13.4925157, 52.41706255], [13.49251408, 52.41705586], [13.49251196, 52.41705075], [13.49250848, 52.41704479], [13.49250422, 52.41703786], [13.49250102, 52.41702988], [13.49250042, 52.41702732], [13.49249932, 52.4170226], [13.49249915, 52.4170217], [13.49249799, 52.41701581], [13.49249704, 52.41701094], [13.49249676, 52.41700949], [13.49249348, 52.41699273], [13.49248902, 52.4169699], [13.49248272, 52.41694587], [13.49247962, 52.41692716], [13.49247797, 52.41691393], [13.4924757, 52.4169014], [13.49247044, 52.41688087], [13.49246497, 52.41686478], [13.49246344, 52.41686107], [13.49244864, 52.41686296], [13.49236891, 52.41673892], [13.49217908, 52.41652653], [13.49215524, 52.41649531], [13.49208919, 52.41640881], [13.49205417, 52.41636077], [13.49199831, 52.41628415], [13.49189745, 52.41615408], [13.491856, 52.4160931], [13.49180626, 52.41601989], [13.49170085, 52.41587768], [13.49169886, 52.415875], [13.49158671, 52.41572632], [13.49155583, 52.4156427], [13.49151955, 52.41557292], [13.49141756, 52.41543649], [13.49122343, 52.41519416], [13.49118424, 52.41520026], [13.49112271, 52.41520983], [13.49099978, 52.41522896], [13.49111328, 52.4155004], [13.49124626, 52.41579748], [13.49125672, 52.41582046], [13.49131591, 52.41595051], [13.49138424, 52.41610003], [13.49144525, 52.41623885], [13.49145438, 52.41625937], [13.49150641, 52.41637624], [13.49152875, 52.41642561], [13.49156626, 52.41650851], [13.49160236, 52.41658875], [13.49162229, 52.41663303], [13.49164112, 52.41667502], [13.49171224, 52.41683309], [13.49113191, 52.41694277], [13.49114653, 52.41696824], [13.49114915, 52.41697458], [13.49115183, 52.41698106], [13.49116131, 52.41700403], [13.49116287, 52.41700781], [13.49116958, 52.41702407], [13.49151357, 52.41698072], [13.49176451, 52.41694908], [13.49183487, 52.41710589], [13.4918429, 52.41712369], [13.49218799, 52.4170805], [13.49223933, 52.41725715], [13.49192071, 52.41729731], [13.49195127, 52.41736548], [13.49199239, 52.41745718], [13.49203151, 52.4175443], [13.49162188, 52.41759578], [13.49140015, 52.41762356], [13.49132442, 52.41763309], [13.49133795, 52.41767318], [13.49134588, 52.41769669], [13.49135503, 52.41772383], [13.49136161, 52.41774333], [13.4913771, 52.41778925], [13.49137915, 52.41779535], [13.49140675, 52.41790001], [13.49141785, 52.41794209], [13.49142512, 52.41796966], [13.4914251, 52.41797621], [13.491425, 52.41800951], [13.49142477, 52.41808247], [13.49142288, 52.41808869], [13.49136477, 52.41827973], [13.49134812, 52.41829605], [13.49119126, 52.41849823], [13.49147675, 52.41828642], [13.49151731, 52.41824153], [13.49155171, 52.41819223], [13.49157439, 52.41812828], [13.49161101, 52.41807278], [13.49166259, 52.41802728], [13.49182862, 52.4179021], [13.49197706, 52.41780989], [13.49210465, 52.41770732], [13.49214686, 52.4176734], [13.49216674, 52.41765742], [13.49217009, 52.41765472], [13.4921804, 52.41766283], [13.49223469, 52.41762287], [13.49228973, 52.41758281]]]]}}, {"type": "Feature", "properties": {"id": "gruenanlagen.00008100_000a6dc8", "pitid": "00008100:000a6dc8", "kennzeich": "221.083", "bezirkname": "Neukölln", "ortstlname": "Gropiusstadt", "objartname": "Grünanlage", "namenr": "BBR-Grünanlage", "namezusatz": null, "baujahr": null, "sanierjahr": "2021", "katasterfl": 292003.0, "widmung": "gewidmet", "plannr": "08301036", "planname": "Gropiusstadt Mitte"}, "geometry": {"type": "MultiPolygon", "coordinates": [[[[13.46354768, 52.42108045], [13.46357045, 52.42108336], [13.46362704, 52.42109061], [13.46375062, 52.42110646], [13.46376347, 52.42110808], [13.46396344, 52.42113369], [13.46399932, 52.42113828], [13.4641191, 52.42115362], [13.46467015, 52.42122418], [13.46711678, 52.42153743], [13.46711941, 52.42153777], [13.46712445, 52.42153842], [13.46722202, 52.42155091], [13.46724363, 52.42155367], [13.46726088, 52.42155588], [13.46728248, 52.42155865], [13.46734456, 52.42156659], [13.46731898, 52.42161409], [13.4673132, 52.42162505], [13.46727931, 52.4216898], [13.46724555, 52.42175734], [13.46718967, 52.42184641], [13.46712367, 52.42185168], [13.46708414, 52.42185484], [13.46708133, 52.42185507], [13.46704184, 52.42185822], [13.46700998, 52.42186077], [13.46690829, 52.4218689], [13.46684575, 52.42187389], [13.46677022, 52.42211139], [13.46668596, 52.42237619], [13.46664652, 52.42250017], [13.46663871, 52.42252488], [13.46663434, 52.42253871], [13.46662314, 52.42257398], [13.46662228, 52.42257671], [13.46665431, 52.42258169], [13.46669118, 52.42258761], [13.46672794, 52.42259381], [13.46673702, 52.42259541], [13.46673762, 52.42259552], [13.46676455, 52.42260029], [13.46680104, 52.42260704], [13.4668374, 52.42261407], [13.4668637, 52.42261943], [13.46688985, 52.42262505], [13.46691583, 52.42263097], [13.46694164, 52.42263716], [13.46696727, 52.42264363], [13.46699271, 52.42265036], [13.46704754, 52.42266583], [13.46707362, 52.42267419], [13.467088, 52.42267881], [13.467101, 52.42268298], [13.46711406, 52.42268743], [13.46712777, 52.42269211], [13.46715372, 52.42270096], [13.46720489, 52.42272056], [13.46730791, 52.42276284], [13.46736272, 52.42278676], [13.46738867, 52.4227988], [13.46739459, 52.42280155], [13.4674036, 52.42280573], [13.46741635, 52.42281165], [13.46742897, 52.42281768], [13.46744361, 52.42282469], [13.46746938, 52.42283702], [13.46752116, 52.42286333], [13.46776456, 52.42298894], [13.46782126, 52.42301763], [13.46785894, 52.42303538], [13.4678691, 52.42304017], [13.46787122, 52.42304117], [13.46787956, 52.4230451], [13.46791893, 52.423063], [13.46793863, 52.42307195], [13.46796722, 52.42308403], [13.46797781, 52.4230885], [13.46798077, 52.42308975], [13.46799918, 52.42309753], [13.46801634, 52.42310451], [13.46803182, 52.42311081], [13.46806045, 52.42312246], [13.46808134, 52.42313034], [13.4681231, 52.42314609], [13.46813225, 52.4231494], [13.46813229, 52.42314942], [13.46814519, 52.42315409], [13.46818641, 52.42316904], [13.46825098, 52.42319063], [13.46829036, 52.42320306], [13.46831008, 52.42320928], [13.46833041, 52.4232147], [13.46837103, 52.42322554], [13.46841222, 52.42323555], [13.46843282, 52.42324057], [13.46845391, 52.42324475], [13.46845932, 52.42324582], [13.46849608, 52.4232531], [13.46852256, 52.42325777], [13.46853449, 52.42325988], [13.4685494, 52.42326251], [13.46855998, 52.42326437], [13.46856133, 52.42326456], [13.46862494, 52.42327308], [13.46852645, 52.42228475], [13.46852438, 52.42226399], [13.46844673, 52.42148483], [13.46844261, 52.42144345], [13.46844032, 52.42142051], [13.46843579, 52.42138977], [13.4684333, 52.42137294], [13.46843461, 52.42137224], [13.46843058, 52.421336], [13.46843008, 52.42133155], [13.46842173, 52.42125661], [13.46840669, 52.42112159], [13.46838424, 52.42091287], [13.46834632, 52.42058317], [13.46831063, 52.42027278], [13.46830166, 52.42019477], [13.46826111, 52.4201416], [13.46818559, 52.42004256], [13.46816583, 52.42001665], [13.46814484, 52.41998914], [13.46812271, 52.41999052], [13.46804361, 52.41999546], [13.46803372326058, 52.419996353497076], [13.46801799981044, 52.42003280664772], [13.467149489040734, 52.420231941343104], [13.466319632839927, 52.42042852316577], [13.465348090174555, 52.42065645530662], [13.464457306893362, 52.42086652012527], [13.463675219454618, 52.42105047796248], [13.46360747711876, 52.42106637382121], [13.46354768, 52.42108045]]], [[[13.46804884, 52.41996198], [13.46804651045815, 52.41996239637473], [13.468037390163614, 52.41998753966072], [13.46804884, 52.41996198]]], [[[13.48088857, 52.42347105], [13.48064879, 52.42346208], [13.48003901, 52.42343856], [13.47997256, 52.42343599], [13.47997238, 52.42347795], [13.47920834, 52.42338618], [13.47918354, 52.4233832], [13.47917912, 52.42338267], [13.47916312, 52.42338075], [13.47916272, 52.42336197], [13.47916223, 52.42333906], [13.47916234, 52.42333842], [13.47916246, 52.42333777], [13.47916261, 52.42333712], [13.47916276, 52.42333652], [13.47916277, 52.42333648], [13.47916278, 52.42333644], [13.47916296, 52.42333584], [13.47916315, 52.42333522], [13.47916315, 52.4233352], [13.47916316, 52.42333517], [13.47916338, 52.42333456], [13.47916361, 52.42333392], [13.47916387, 52.42333329], [13.47916426, 52.42333239], [13.47911358, 52.42331189], [13.47873286, 52.42331137], [13.4787235, 52.42331136], [13.47872351, 52.42330687], [13.47872442, 52.42303798], [13.47872448, 52.42301728], [13.47872497, 52.42287146], [13.47872543, 52.42273393], [13.47872544, 52.42273256], [13.47872553, 52.42270455], [13.47872554, 52.42270274], [13.47849035, 52.42270245], [13.47849026, 52.42272947], [13.47848985, 52.42285079], [13.47848956, 52.42293686], [13.47848939, 52.4229877], [13.47848873, 52.4231844], [13.47848845, 52.42326861], [13.47842965, 52.42326853], [13.47800348, 52.42326797], [13.47800338, 52.42328172], [13.47783377, 52.42328124], [13.47783387, 52.42326775], [13.47703318, 52.42326669], [13.4762406, 52.42326569], [13.47624059, 52.42326838], [13.47624057, 52.42327341], [13.47623992, 52.42330711], [13.47623992, 52.4233098], [13.47623948, 52.42333389], [13.47624017, 52.42339014], [13.47624011, 52.42340883], [13.47624009, 52.42341424], [13.47627815, 52.42341473], [13.47634587, 52.42341625], [13.47641358, 52.42341803], [13.47648128, 52.42341993], [13.47654896, 52.42342209], [13.47661663, 52.42342438], [13.47668427, 52.42342692], [13.47694704, 52.42343709], [13.47695144, 52.42343726], [13.476987, 52.42343864], [13.47699141, 52.42343881], [13.47757207, 52.42346127], [13.47759749, 52.42346225], [13.47768073, 52.42346547], [13.47768514, 52.42346564], [13.47772368, 52.42346713], [13.47772805, 52.4234673], [13.47789749, 52.42347385], [13.47823198, 52.42348679], [13.47825453, 52.42348766], [13.47909142, 52.42352003], [13.47909581, 52.4235202], [13.47912891, 52.42352148], [13.4791333, 52.42352164], [13.47926898, 52.42352669], [13.48045264, 52.42357236], [13.48048978, 52.4235738], [13.48100451, 52.42359365], [13.48108361, 52.4235967], [13.48108373, 52.42356152], [13.48108373, 52.4235588], [13.481084, 52.42347709], [13.48094218, 52.42347306], [13.480926, 52.42347245], [13.48088857, 52.42347105]]], [[[13.46927266, 52.4237991], [13.46932853, 52.4237928], [13.46959044, 52.42376325], [13.46957996, 52.42369151], [13.46973801, 52.42367376], [13.46984568, 52.42366167], [13.47001554, 52.42364258], [13.47017525, 52.42362464], [13.47034627, 52.42360536], [13.47043098, 52.42359586], [13.47048269, 52.42359006], [13.47051804, 52.42358609], [13.47068805, 52.42356699], [13.47102184, 52.42352941], [13.47103847, 52.42352764], [13.47138477, 52.42348865], [13.47159344, 52.4234652], [13.47162171, 52.42346208], [13.47172933, 52.42345109], [13.47190646, 52.42343631], [13.47195211, 52.4234325], [13.47212179, 52.42342087], [13.47212958, 52.42342044], [13.47228128, 52.42341334], [13.47245109, 52.42340817], [13.47254929, 52.42340651], [13.47266998, 52.42340595], [13.47272554, 52.42340603], [13.47287254, 52.42340622], [13.47293812, 52.4234063], [13.47321653, 52.42340666], [13.47321339, 52.42336258], [13.47321233, 52.42334767], [13.47321126, 52.4233326], [13.47320588, 52.42325702], [13.47312929, 52.42321379], [13.47302482, 52.42321624], [13.47283188, 52.42322077], [13.47282454, 52.42322095], [13.47254992, 52.42322739], [13.47216564, 52.42323643], [13.47209725, 52.42323809], [13.47206098, 52.42323914], [13.47205038, 52.42323945], [13.47202888, 52.42324007], [13.47196053, 52.42324223], [13.47194686, 52.42324272], [13.47190575, 52.42324421], [13.47189221, 52.42324471], [13.47183756, 52.42324682], [13.4718239, 52.42324735], [13.47175563, 52.42325032], [13.47173736, 52.42325116], [13.47172073, 52.42325193], [13.47168738, 52.42325346], [13.47161918, 52.42325692], [13.47155102, 52.42326056], [13.47151769, 52.4232625], [13.4715012, 52.42326347], [13.47148292, 52.42326453], [13.47141484, 52.42326866], [13.47140123, 52.42326956], [13.47134682, 52.42327312], [13.47129241, 52.42327682], [13.47127883, 52.42327774], [13.47121089, 52.42328269], [13.47119036, 52.42328424], [13.47117809, 52.42328516], [13.47114299, 52.4232878], [13.47107516, 52.42329324], [13.47102309, 52.42329747], [13.47101736, 52.42329793], [13.47077476, 52.42331764], [13.47072183, 52.42332194], [13.47067779, 52.42332552], [13.47065114, 52.42332769], [13.47063977, 52.42332861], [13.47059012, 52.42333265], [13.4701474, 52.42336861], [13.46941113, 52.42342842], [13.46935961, 52.4234323], [13.46932271, 52.42343507], [13.46931666, 52.42343538], [13.46928656, 52.42343692], [13.46928647, 52.42343693], [13.46927033, 52.42343775], [13.46923718, 52.42343945], [13.46923394, 52.42343962], [13.46918135, 52.42344168], [13.4691753, 52.42344192], [13.46914494, 52.42344311], [13.46910751, 52.42344369], [13.46905578, 52.4234445], [13.46901509, 52.42344473], [13.4689744, 52.42344465], [13.46893373, 52.42344423], [13.46889308, 52.42344348], [13.46885242, 52.42344241], [13.46881181, 52.423441], [13.46877122, 52.42343928], [13.46874345, 52.42343786], [13.46871573, 52.42343616], [13.46868806, 52.42343416], [13.46866045, 52.42343187], [13.4686329, 52.42342929], [13.46862791, 52.42342874], [13.46862754, 52.4234287], [13.46862706, 52.42342865], [13.46861791, 52.42342765], [13.46860113, 52.42342582], [13.46859593, 52.42342525], [13.46858969, 52.42342457], [13.4685676, 52.42342216], [13.46853622, 52.42341763], [13.46851857, 52.42341509], [13.46850302, 52.42341284], [13.46848737, 52.42341031], [13.46847308, 52.42340799], [13.46847027, 52.42340754], [13.46843889, 52.42340245], [13.4683758, 52.42338992], [13.46831328, 52.42337633], [13.46828327, 52.42336864], [13.46826711, 52.42336451], [13.46825209, 52.42336066], [13.46823754, 52.42335664], [13.46822099, 52.42335208], [13.46819162, 52.42334397], [13.46818585, 52.42334214], [13.46815933, 52.42333372], [13.46813473, 52.42332591], [13.46813274, 52.42332528], [13.46807648, 52.42330652], [13.46802109, 52.42328682], [13.46801235, 52.42328361], [13.46800361, 52.4232804], [13.46796615, 52.42326665], [13.46794814, 52.42325961], [13.46791215, 52.42324555], [13.46789333, 52.42323797], [13.46788507, 52.42323465], [13.46785863, 52.423224], [13.46783296, 52.42321303], [13.46782414, 52.42320926], [13.46780611, 52.42320155], [13.46777144, 52.42318629], [13.4677541, 52.42317866], [13.46771949, 52.42316251], [13.46771118, 52.42315863], [13.46770316, 52.42315489], [13.46765276, 52.42313069], [13.46760347, 52.42310565], [13.46753172, 52.42306869], [13.46759607, 52.4231565], [13.46773786, 52.42359136], [13.46769816, 52.42359611], [13.46742894, 52.42356903], [13.46742853, 52.4235684], [13.46740514, 52.42356254], [13.46737245, 52.42355461], [13.46736537, 52.42355291], [13.46733837, 52.4235464], [13.46731592, 52.42354088], [13.46730435, 52.42353804], [13.46727155, 52.42352982], [13.46724289, 52.42354182], [13.46722857, 52.42354786], [13.46721082, 52.42355494], [13.46720845, 52.42355481], [13.46718395, 52.42354955], [13.46714948, 52.42354176], [13.46711577, 52.42353269], [13.46708321, 52.42352236], [13.46705122, 52.42351133], [13.46701943, 52.42349986], [13.4669888, 52.4234874], [13.46695873, 52.42347435], [13.46692891, 52.42346093], [13.46689972, 52.42344726], [13.46687355, 52.42343502], [13.46686623, 52.4234315], [13.46684501, 52.42342129], [13.46683173, 52.42341469], [13.46681588, 52.42340705], [13.46678732, 52.42339247], [13.46678398, 52.42338747], [13.46677344, 52.42337171], [13.46676494, 52.42335674], [13.4667614, 52.42335051], [13.4667579, 52.42334073], [13.46675356, 52.4233286], [13.46675483, 52.42331331], [13.4667553, 52.42330764], [13.46675612, 52.42330393], [13.46676025, 52.42328536], [13.46676827, 52.42326851], [13.46677056, 52.42326372], [13.46677491, 52.4232572], [13.46678445, 52.42324294], [13.46679958, 52.42322243], [13.46680984, 52.42321062], [13.46681678, 52.42320261], [13.46681845, 52.4231976], [13.46682078, 52.42319062], [13.46682411, 52.42318065], [13.46682614, 52.4231582], [13.46682621, 52.42314117], [13.46682624, 52.4231358], [13.4668253, 52.42312965], [13.46682283, 52.42311341], [13.46681854, 52.42309114], [13.46681714, 52.42308815], [13.46680845, 52.4230696], [13.46680092, 52.42306152], [13.46679619, 52.42305645], [13.46679365, 52.42305371], [13.46679074, 52.42305059], [13.46678021, 52.42304579], [13.46677992, 52.4230456], [13.46677959, 52.42304542], [13.46677922, 52.42304528], [13.46677883, 52.42304517], [13.46676136, 52.42303721], [13.46675685, 52.42303519], [13.46673167, 52.4230239], [13.46672059, 52.42301713], [13.46671548, 52.423014], [13.46671275, 52.42301233], [13.46670889, 52.42300997], [13.46670565, 52.42300799], [13.46669546, 52.42300094], [13.46671235, 52.4229932], [13.46671399, 52.42299253], [13.46672671, 52.42298731], [13.46673287, 52.42298498], [13.46673362, 52.42298516], [13.46673545, 52.42298559], [13.46677127, 52.42299406], [13.4668069, 52.4229995], [13.46681444, 52.42300011], [13.46684324, 52.42300243], [13.46685351, 52.42300285], [13.46688399, 52.42300405], [13.46688403, 52.42300405], [13.46691672, 52.42300504], [13.46695333, 52.42300618], [13.46698993, 52.42300714], [13.46706391, 52.42301163], [13.46707636, 52.42301243], [13.46707746, 52.4230125], [13.46710065, 52.423014], [13.46720787, 52.42302921], [13.4672431, 52.42303806], [13.46727384, 52.42305079], [13.46729935, 52.4230673], [13.46731931, 52.42308622], [13.46733344, 52.42310721], [13.46733911, 52.4231188], [13.46734432, 52.42312567], [13.46734593, 52.42312768], [13.46738569, 52.42299344], [13.46736007, 52.42298023], [13.46731381, 52.42295669], [13.46726646, 52.42293398], [13.46721859, 52.42291168], [13.46716968, 52.42289023], [13.46712029, 52.42286922], [13.46706992, 52.42284907], [13.4670268, 52.42283259], [13.46701788, 52.42282956], [13.46698236, 52.42281747], [13.4669373, 52.42280305], [13.46689109, 52.42279006], [13.4667871, 52.42276484], [13.46676038, 52.42275942], [13.46671433, 52.42275039], [13.46666795, 52.422742], [13.4666315, 52.42273569], [13.46662222, 52.42273452], [13.4666041, 52.42273148], [13.46657459, 52.42272654], [13.46656494, 52.4227569], [13.46656375, 52.42276061], [13.46656157, 52.42276748], [13.46656073, 52.4227701], [13.46655493, 52.42278835], [13.46642485, 52.42319724], [13.46642285, 52.42320353], [13.46642237, 52.42320502], [13.46641856, 52.423217], [13.46641824, 52.42321802], [13.46641572, 52.42322592], [13.46639255, 52.42329876], [13.46637011, 52.4233694], [13.46636489, 52.42338583], [13.46635839, 52.42340631], [13.46635424, 52.42341935], [13.4663203, 52.42352619], [13.46603668, 52.4235969], [13.46601207, 52.42360303], [13.4660068, 52.42360435], [13.4659861, 52.42360951], [13.4659552, 52.42361721], [13.46592925, 52.42362368], [13.46516001, 52.42381546], [13.46511156, 52.42382754], [13.46508565, 52.423834], [13.46505405, 52.42384188], [13.46503507, 52.42384661], [13.46503231, 52.4238473], [13.46495794, 52.42386584], [13.46483746, 52.42389588], [13.4644264, 52.42399836], [13.46437552, 52.42401104], [13.46437453, 52.42401129], [13.46434609, 52.42401838], [13.46341573, 52.42425031], [13.46344141, 52.42428555], [13.46344644, 52.42429245], [13.46347763, 52.42433445], [13.46350905, 52.42437639], [13.46354095, 52.42441819], [13.46357935, 52.42446777], [13.46360329, 52.42449739], [13.4636191, 52.42451695], [13.46365132, 52.42455605], [13.46366615, 52.42457348], [13.46367052, 52.4245786], [13.46368438, 52.42459489], [13.46371787, 52.42463358], [13.4637522, 52.42467201], [13.46376691, 52.42468822], [13.46377125, 52.42469299], [13.46378694, 52.42471029], [13.46382252, 52.42474828], [13.46385851, 52.42478613], [13.46387519, 52.42480313], [13.46387963, 52.42480766], [13.46389533, 52.42482368], [13.46393255, 52.42486108], [13.46397059, 52.42489818], [13.46398708, 52.42491402], [13.46399154, 52.42491831], [13.46400903, 52.42493512], [13.46404827, 52.42497174], [13.46408203, 52.42500275], [13.46409891, 52.42501826], [13.46411622, 52.42503359], [13.46415084, 52.42506425], [13.46427362, 52.42509302], [13.46515768, 52.42461272], [13.46519533, 52.42459292], [13.46522018, 52.42457985], [13.46524625, 52.42456774], [13.46526686, 52.42455817], [13.46528583, 52.42454936], [13.46532594, 52.42453181], [13.46535281, 52.42452006], [13.46535597, 52.42451884], [13.46539771, 52.42450283], [13.46542257, 52.42449329], [13.46542666, 52.42449183], [13.46544194, 52.42448638], [13.46545901, 52.4244803], [13.46547695, 52.42447476], [13.46548811, 52.42447132], [13.46549668, 52.42446868], [13.46550558, 52.42446614], [13.46551649, 52.42446302], [13.4655349, 52.42445776], [13.46557414, 52.42444829], [13.46559534, 52.42444356], [13.46559555, 52.42434896], [13.46559597, 52.42415391], [13.46564434, 52.42414849], [13.46603418, 52.42410473], [13.46605472, 52.42404089], [13.46606106, 52.42402118], [13.46608012, 52.4239619], [13.46651924, 52.42391459], [13.4665165, 52.42394481], [13.46651285, 52.42398522], [13.46651083, 52.42400755], [13.46650683, 52.42405168], [13.46677227, 52.42402189], [13.46677245, 52.42409386], [13.46740865, 52.42409463], [13.46755791, 52.42409483], [13.46766105, 52.42409497], [13.46781765, 52.42409511], [13.4678362, 52.42409513], [13.46784333, 52.42409513], [13.46784512, 52.42409514], [13.46785508, 52.42409515], [13.46786591, 52.42409517], [13.46787483, 52.42409518], [13.46788937, 52.4240952], [13.46790443, 52.42415806], [13.46793235, 52.42427462], [13.46798335, 52.42448731], [13.46800392, 52.42457313], [13.46800537, 52.4245792], [13.46801229, 52.42460804], [13.46801781, 52.42463106], [13.46803431, 52.42469991], [13.46824732, 52.42518003], [13.46828976, 52.4252757], [13.46829591, 52.42528955], [13.46830873, 52.42531846], [13.46853274, 52.42582337], [13.46855682, 52.42587741], [13.46856176, 52.42588973], [13.46856281, 52.42589045], [13.46856489, 52.42589047], [13.46860361, 52.42589092], [13.46868485, 52.42589185], [13.46884859, 52.42589373], [13.46883605, 52.42581496], [13.46883168, 52.42576795], [13.46878786, 52.42529609], [13.46873416, 52.42471791], [13.46872586, 52.4246286], [13.46872355, 52.42460365], [13.46872238, 52.42459107], [13.46872137, 52.4245802], [13.46868245, 52.42416118], [13.4686553, 52.42386876], [13.46867113, 52.42386697], [13.4688847, 52.42384288], [13.46916996, 52.42381069], [13.46927266, 52.4237991]], [[13.46529749, 52.42413442], [13.46526806, 52.4240548], [13.46526782, 52.42405414], [13.46529873, 52.42404927], [13.46545439, 52.42402476], [13.46545538, 52.42402461], [13.46550093, 52.42401605], [13.46571638, 52.42397558], [13.46571671, 52.42397622], [13.46571703, 52.42397686], [13.46571647, 52.42397697], [13.4657269, 52.4239947], [13.46572802, 52.4239966], [13.46573461, 52.42400779], [13.46573743, 52.42401257], [13.46573688, 52.4240127], [13.46561766, 52.42403877], [13.4656312, 52.42410253], [13.46563171, 52.42410497], [13.46563179, 52.42410532], [13.46563186, 52.42410568], [13.46559791, 52.4241083], [13.46553159, 52.42411342], [13.46553101, 52.42411347], [13.46553043, 52.42411351], [13.46553411, 52.42413111], [13.46553641, 52.42414211], [13.46553648, 52.42414247], [13.46553656, 52.42414283], [13.46551784, 52.4241442], [13.46547813, 52.42414713], [13.46547754, 52.42414717], [13.46547696, 52.42414722], [13.46547246, 52.42412274], [13.46547238, 52.42412238], [13.46529762, 52.42413477], [13.46529749, 52.42413442]]], [[[13.46046095, 52.42579306], [13.46062235, 52.42579375], [13.46077432, 52.42579439], [13.46078054, 52.42579442], [13.46079909, 52.42579451], [13.46086183, 52.42579479], [13.46094709, 52.42579519], [13.46102502, 52.42579867], [13.46105591, 52.42580005], [13.46112993, 52.42580336], [13.46123403, 52.42580385], [13.46131159, 52.42580418], [13.46146496, 52.4258048], [13.46109189, 52.42557206], [13.46120292, 52.42550196], [13.46100568, 52.42538106], [13.46101575, 52.42537762], [13.46114936, 52.42533193], [13.4612408, 52.42530554], [13.46137419, 52.42526704], [13.46142316, 52.42525291], [13.46180318, 52.42514324], [13.46180878, 52.42514136], [13.46177632, 52.42512119], [13.46174733, 52.42510317], [13.46174574, 52.42510234], [13.46174403, 52.42510159], [13.46174228, 52.4251009], [13.46174042, 52.4251003], [13.46173853, 52.42509975], [13.46173656, 52.42509932], [13.46173456, 52.42509893], [13.46173252, 52.42509866], [13.46173046, 52.42509844], [13.46172837, 52.42509834], [13.46172628, 52.42509829], [13.46172419, 52.42509837], [13.4617221, 52.42509849], [13.46172005, 52.42509873], [13.46171801, 52.42509903], [13.46171603, 52.42509944], [13.46159199, 52.42512964], [13.4615644, 52.42508747], [13.4615358, 52.42504374], [13.4615046, 52.42499604], [13.46144465, 52.42490441], [13.46138062, 52.4249276], [13.46081081, 52.42513347], [13.46078426, 52.42514306], [13.46078298, 52.42514352], [13.46067922, 52.42518104], [13.46054361, 52.42522998], [13.46040511, 52.42528012], [13.45986771, 52.42547427], [13.4598407, 52.42548403], [13.45966351, 52.42554804], [13.45911105, 52.42577947], [13.45914119, 52.42577979], [13.45944708, 52.42578693], [13.45953851, 52.42578907], [13.45973214, 52.42578992], [13.45977945, 52.42579013], [13.4598401, 52.42579036], [13.45989014, 52.42579055], [13.45991944, 52.42579068], [13.45992385, 52.4257907], [13.46026253, 52.42579221], [13.46028624, 52.42579231], [13.46039215, 52.42579279], [13.46046095, 52.42579306]]], [[[13.4560745, 52.42799107], [13.4561892, 52.42806152], [13.45631272, 52.42813738], [13.45639716, 52.42818924], [13.45675414, 52.42797783], [13.45685674, 52.42791707], [13.4569045, 52.42788957], [13.45695242, 52.42786218], [13.45700042, 52.42783485], [13.45704859, 52.42780762], [13.45709688, 52.42778043], [13.45714534, 52.42775335], [13.45719388, 52.42772632], [13.45724259, 52.4276994], [13.45729137, 52.42767253], [13.45734031, 52.42764578], [13.45738933, 52.42761908], [13.45743852, 52.42759249], [13.45748778, 52.42756596], [13.4575372, 52.42753953], [13.4575867, 52.42751317], [13.45763636, 52.42748691], [13.45764222, 52.42748383], [13.45772313, 52.42744138], [13.45781697, 52.42739263], [13.45786695, 52.42736682], [13.45791707, 52.42734113], [13.45796728, 52.42731549], [13.45801763, 52.42728997], [13.45806807, 52.4272645], [13.45811865, 52.42723914], [13.45816931, 52.42721384], [13.45822012, 52.42718866], [13.4583281, 52.42713554], [13.45838863, 52.42710605], [13.45844732, 52.42707761], [13.45850622, 52.42704932], [13.4585652, 52.42702111], [13.45862438, 52.42699305], [13.45868366, 52.42696507], [13.45874312, 52.42693723], [13.45877829, 52.42692067], [13.45882367, 52.42689964], [13.45886915, 52.42687869], [13.45891469, 52.42685779], [13.45896034, 52.42683698], [13.45897675, 52.4268295], [13.45898979, 52.42682354], [13.45907344, 52.42678575], [13.45909447, 52.42677625], [13.45911106, 52.42677101], [13.45912795, 52.42676617], [13.45914516, 52.42676177], [13.45916291, 52.42675827], [13.45918089, 52.42675523], [13.45919922, 52.42675313], [13.45921769, 52.42675151], [13.45923631, 52.42675085], [13.45927025, 52.42675117], [13.45929105, 52.42675245], [13.45931155, 52.42675493], [13.45933184, 52.426758], [13.45935157, 52.42676223], [13.45937094, 52.42676702], [13.45938949, 52.42677292], [13.45940755, 52.42677934], [13.45942454, 52.42678678], [13.45944094, 52.42679471], [13.45945604, 52.42680354], [13.45948241, 52.42681975], [13.45959141, 52.42688669], [13.45982329, 52.42702909], [13.45990418, 52.42707876], [13.46006897, 52.42717996], [13.46012484, 52.42721427], [13.46031464, 52.42733083], [13.46056031, 52.42748171], [13.46057541, 52.42749099], [13.46077371, 52.42761276], [13.46096937, 52.42773292], [13.46099223, 52.42771901], [13.46103405, 52.42769357], [13.46106339, 52.42767572], [13.46109634, 52.42759372], [13.46089318, 52.42746905], [13.4608717, 52.42745581], [13.46085208, 52.42744091], [13.46083708, 52.42742891], [13.46082257, 52.42741617], [13.46080672, 52.42740044], [13.46080263, 52.42739638], [13.46078936, 52.42738132], [13.4607845, 52.42737498], [13.46077465, 52.42736213], [13.46075993, 52.42733896], [13.46075051, 52.4273208], [13.46073804, 52.42728853], [13.46073, 52.4272508], [13.46072984, 52.42722325], [13.46072909, 52.42709401], [13.46072853, 52.42699972], [13.46072848, 52.42699074], [13.46072845, 52.42698625], [13.46010409, 52.42698419], [13.46002103, 52.42698408], [13.45999036, 52.42696524], [13.45999055, 52.42691448], [13.459733, 52.42675622], [13.45971595, 52.42674515], [13.45970104, 52.42673299], [13.45968944, 52.42672241], [13.45967951, 52.42671121], [13.45967047, 52.42669973], [13.45966323, 52.42668779], [13.45965693, 52.42667565], [13.45965253, 52.4266632], [13.45964909, 52.42665063], [13.45964761, 52.42663793], [13.45964711, 52.4266252], [13.45964857, 52.42661249], [13.45965097, 52.42660008], [13.45965524, 52.42658785], [13.45965593, 52.42658625], [13.45965709, 52.42658356], [13.45966043, 52.42657576], [13.45966277, 52.42657184], [13.45966294, 52.42657155], [13.45966743, 52.42656402], [13.45966995, 52.42656034], [13.45967159, 52.42655793], [13.45967531, 52.42655249], [13.4596799, 52.42654721], [13.45968175, 52.42654508], [13.45968491, 52.42654145], [13.45969187, 52.42653427], [13.45969533, 52.42653069], [13.45970337, 52.42652392], [13.45970553, 52.42652209], [13.45970733, 52.42652058], [13.45972009, 52.42651081], [13.45973427, 52.42650181], [13.45975238, 52.42649078], [13.45988206, 52.42641233], [13.46017853, 52.42623283], [13.46022123, 52.42620691], [13.46035428, 52.4262071], [13.46045644, 52.42620724], [13.46051848, 52.42620733], [13.46051901, 52.42618316], [13.46051954, 52.42615873], [13.4605281, 52.42615874], [13.46058158, 52.42615899], [13.4605825, 52.42591204], [13.46037701, 52.42591022], [13.46022274, 52.42590888], [13.46015473, 52.42590829], [13.46013329, 52.42590818], [13.46006359, 52.42590756], [13.46006351, 52.42590756], [13.46004557, 52.4259074], [13.46004549, 52.4259074], [13.45991705, 52.42590625], [13.45970567, 52.42590441], [13.45960878, 52.42590338], [13.45951137, 52.42590234], [13.45949962, 52.42590221], [13.45945689, 52.42590175], [13.45945076, 52.42590169], [13.45944513, 52.42590163], [13.45944281, 52.42600025], [13.45944213, 52.4260294], [13.45944128, 52.42606549], [13.45943611, 52.4262856], [13.45943509, 52.42632872], [13.45943372, 52.42638726], [13.45943339, 52.42640111], [13.45939625, 52.42643403], [13.45913064, 52.42654095], [13.45882655, 52.42639167], [13.45879989, 52.42637859], [13.45880033, 52.42637063], [13.4588008, 52.42636203], [13.45876597, 52.42636148], [13.45876501, 52.42636146], [13.45876461, 52.42636146], [13.45876329, 52.42636128], [13.45876205, 52.42636094], [13.45876093, 52.42636047], [13.45875999, 52.42635988], [13.45875924, 52.42635919], [13.45875873, 52.42635842], [13.45875872, 52.42635838], [13.45875843, 52.42635702], [13.45875935, 52.42632617], [13.45876245, 52.42622259], [13.45876392, 52.42617333], [13.45874716, 52.42617317], [13.45866046, 52.42617231], [13.45864543, 52.42617216], [13.45864488, 52.42617216], [13.45842567, 52.42616999], [13.45839846, 52.42616972], [13.45838775, 52.42616962], [13.45829417, 52.42616869], [13.45819257, 52.42616769], [13.45818055, 52.42616757], [13.45813694, 52.42616709], [13.45812014, 52.42616691], [13.45812027, 52.42616211], [13.45812046, 52.42615558], [13.45812146, 52.42611964], [13.45812264, 52.42607729], [13.4581227, 52.42607486], [13.45812702, 52.42591958], [13.45812737, 52.42590697], [13.45812798, 52.42588527], [13.45811837, 52.4258851], [13.45811598, 52.42588507], [13.45797401, 52.42588336], [13.45790889, 52.42588264], [13.4577713, 52.42588101], [13.45768334, 52.42588003], [13.45765971, 52.42587977], [13.45764776, 52.42587963], [13.45747279, 52.42587768], [13.45743877, 52.4258773], [13.45739304, 52.42587678], [13.45725035, 52.42587514], [13.45724745, 52.42662983], [13.45713916, 52.42668459], [13.45708703, 52.42671109], [13.45703505, 52.42673771], [13.45698315, 52.42676439], [13.45693141, 52.42679118], [13.45687974, 52.42681803], [13.45684496, 52.42683624], [13.45682824, 52.42684499], [13.45677681, 52.42687201], [13.45674447, 52.42688912], [13.45672687, 52.42689844], [13.45672554, 52.42689914], [13.45668194, 52.42692217], [13.45662385, 52.42695352], [13.45659612, 52.42696837], [13.45656556, 52.42698473], [13.45656318, 52.42698602], [13.45653689, 52.42700023], [13.45650899, 52.42701531], [13.45645261, 52.42704603], [13.45639634, 52.42707681], [13.45634027, 52.42710773], [13.4562843, 52.42713872], [13.45622853, 52.42716985], [13.45617287, 52.42720105], [13.45611741, 52.42723238], [13.45606205, 52.42726377], [13.4560374, 52.42727787], [13.4560069, 52.42729531], [13.45597731, 52.42731244], [13.45596552, 52.42731942], [13.45592921, 52.42734091], [13.45588095, 52.42736929], [13.4558326, 52.42739761], [13.45578409, 52.42742582], [13.45573549, 52.42745398], [13.45568674, 52.42748204], [13.45563072, 52.42751535], [13.45557493, 52.42754879], [13.45557279, 52.42755009], [13.45551926, 52.42758231], [13.4555149, 52.42758496], [13.45546381, 52.42761598], [13.45530754, 52.42771366], [13.45498648, 52.42791437], [13.45493615, 52.42794676], [13.45488604, 52.42797926], [13.45484502, 52.42800597], [13.45483602, 52.42801183], [13.45478621, 52.42804452], [13.45473651, 52.42807726], [13.45468701, 52.42811012], [13.45463762, 52.42814304], [13.45458844, 52.42817607], [13.45456334, 52.428193], [13.45454822, 52.42820319], [13.45453936, 52.42820917], [13.45452646, 52.42821793], [13.45449049, 52.42824238], [13.45446896, 52.428257], [13.45442242, 52.42828883], [13.45440699, 52.42829946], [13.45437608, 52.42832076], [13.45432983, 52.42835275], [13.45428377, 52.42838484], [13.45423781, 52.42841699], [13.45419204, 52.42844924], [13.45414637, 52.42848153], [13.4541009, 52.42851394], [13.45405553, 52.42854639], [13.45401035, 52.42857895], [13.45397489, 52.42860457], [13.45393955, 52.42863025], [13.45390427, 52.42865596], [13.4538691, 52.42868173], [13.45387519, 52.42868322], [13.45388149, 52.42868434], [13.45388787, 52.42868527], [13.45389437, 52.42868581], [13.4539009, 52.42868615], [13.45390746, 52.4286861], [13.45418315, 52.42868015], [13.45426552, 52.42867837], [13.45440332, 52.42867539], [13.45445719, 52.42867423], [13.45450668, 52.42863908], [13.45453626, 52.42861823], [13.45455639, 52.42860405], [13.45456664, 52.42859686], [13.45460622, 52.42856908], [13.45465629, 52.42853424], [13.45470647, 52.42849946], [13.45475689, 52.42846481], [13.45480742, 52.42843022], [13.45485818, 52.42839576], [13.45490905, 52.42836136], [13.4549131, 52.42835864], [13.45492052, 52.42835367], [13.454951, 52.42833323], [13.45495843, 52.42832825], [13.45496016, 52.42832709], [13.45500492, 52.42829718], [13.45501249, 52.42829215], [13.45504986, 52.42826736], [13.45506786, 52.42825546], [13.45509488, 52.4282376], [13.45514007, 52.42820793], [13.45518536, 52.42817831], [13.45523081, 52.4281488], [13.45527635, 52.42811933], [13.45532207, 52.42808996], [13.45536787, 52.42806064], [13.45541384, 52.42803142], [13.45545989, 52.42800226], [13.45550612, 52.42797319], [13.45555243, 52.42794417], [13.45559891, 52.42791526], [13.45577488, 52.42780703], [13.45589395, 52.42788024], [13.45590414, 52.4278865], [13.45595174, 52.42791577], [13.4560745, 52.42799107]], [[13.45950761, 52.4260736], [13.45950739, 52.42607359], [13.45950821, 52.42603857], [13.45950844, 52.42603857], [13.45950857, 52.42603857], [13.45950857, 52.42603851], [13.45953056, 52.42603868], [13.45999894, 52.42604145], [13.45999799, 52.42611458], [13.45981052, 52.42611368], [13.45981073, 52.42607603], [13.45952998, 52.42607378], [13.45950792, 52.4260736], [13.45950761, 52.4260736]], [[13.45839394, 52.42640881], [13.45839419, 52.42640882], [13.45839444, 52.42640883], [13.45839468, 52.42640885], [13.45839493, 52.42640886], [13.45839517, 52.42640889], [13.45839542, 52.42640891], [13.45839566, 52.42640894], [13.4583959, 52.42640896], [13.45839614, 52.426409], [13.45839639, 52.42640903], [13.45839663, 52.42640907], [13.45839686, 52.42640911], [13.4583971, 52.42640915], [13.45839734, 52.42640919], [13.45839757, 52.42640924], [13.45839781, 52.42640929], [13.45839804, 52.42640934], [13.45839827, 52.42640939], [13.4583985, 52.42640945], [13.45839873, 52.42640951], [13.45839895, 52.42640957], [13.45839918, 52.42640964], [13.4583994, 52.4264097], [13.45839962, 52.42640977], [13.45839984, 52.42640984], [13.45840005, 52.42640992], [13.45840027, 52.42640999], [13.45840048, 52.42641007], [13.45840069, 52.42641015], [13.4584009, 52.42641023], [13.4584011, 52.42641032], [13.4584013, 52.4264104], [13.4584015, 52.42641049], [13.4584017, 52.42641059], [13.4584019, 52.42641068], [13.45840209, 52.42641077], [13.45840228, 52.42641087], [13.45840246, 52.42641097], [13.45840265, 52.42641107], [13.45840283, 52.42641118], [13.45840301, 52.42641128], [13.45840318, 52.42641139], [13.45840335, 52.4264115], [13.45840352, 52.42641161], [13.45840369, 52.42641172], [13.45840385, 52.42641183], [13.45840401, 52.42641195], [13.45840416, 52.42641207], [13.45840432, 52.42641219], [13.45840446, 52.42641231], [13.45840461, 52.42641243], [13.45840475, 52.42641255], [13.45840489, 52.42641268], [13.45840502, 52.42641281], [13.45840516, 52.42641293], [13.45840528, 52.42641306], [13.45840541, 52.4264132], [13.45840553, 52.42641333], [13.45840564, 52.42641346], [13.45840575, 52.4264136], [13.45840586, 52.42641373], [13.45840597, 52.42641387], [13.45840607, 52.42641401], [13.45840616, 52.42641415], [13.45840626, 52.42641429], [13.45840634, 52.42641443], [13.45840643, 52.42641457], [13.45840651, 52.42641471], [13.45841975, 52.42643954], [13.45843996, 52.42643561], [13.45846732, 52.42648689], [13.45848265, 52.42651842], [13.45848249, 52.42651849], [13.45844092, 52.42651819], [13.45827479, 52.42651699], [13.45825169, 52.42651682], [13.4582521, 52.42651668], [13.45825218, 52.4265126], [13.45825193, 52.42651259], [13.45825167, 52.42651258], [13.45825142, 52.42651257], [13.45825116, 52.42651256], [13.45825091, 52.42651254], [13.45825065, 52.42651252], [13.4582504, 52.4265125], [13.45825014, 52.42651248], [13.45824989, 52.42651245], [13.45824964, 52.42651242], [13.45824939, 52.42651238], [13.45824914, 52.42651235], [13.45824889, 52.42651231], [13.45824865, 52.42651227], [13.4582484, 52.42651223], [13.45824816, 52.42651218], [13.45824791, 52.42651213], [13.45824767, 52.42651208], [13.45824743, 52.42651202], [13.45824719, 52.42651197], [13.45824695, 52.42651191], [13.45824672, 52.42651185], [13.45824649, 52.42651178], [13.45824625, 52.42651172], [13.45824602, 52.42651165], [13.4582458, 52.42651158], [13.45824557, 52.4265115], [13.45824535, 52.42651143], [13.45824512, 52.42651135], [13.45824491, 52.42651127], [13.45824469, 52.42651118], [13.45824447, 52.4265111], [13.45824426, 52.42651101], [13.45824405, 52.42651092], [13.45824385, 52.42651083], [13.45824364, 52.42651073], [13.45824344, 52.42651064], [13.45824324, 52.42651054], [13.45824305, 52.42651044], [13.45824286, 52.42651033], [13.45824266, 52.42651023], [13.45824248, 52.42651012], [13.45824229, 52.42651001], [13.45824211, 52.4265099], [13.45824194, 52.42650979], [13.45824176, 52.42650967], [13.45824159, 52.42650956], [13.45824142, 52.42650944], [13.45824126, 52.42650932], [13.4582411, 52.42650919], [13.45824094, 52.42650907], [13.45824079, 52.42650895], [13.45824064, 52.42650882], [13.45824049, 52.42650869], [13.45824035, 52.42650856], [13.45824021, 52.42650843], [13.45824008, 52.4265083], [13.45823995, 52.42650816], [13.45823982, 52.42650802], [13.45823969, 52.42650789], [13.45823958, 52.42650775], [13.45823946, 52.42650761], [13.45823935, 52.42650747], [13.45823924, 52.42650733], [13.45823914, 52.42650718], [13.45823904, 52.42650704], [13.45823894, 52.42650689], [13.45823885, 52.42650675], [13.45823877, 52.4265066], [13.45823868, 52.42650645], [13.4582386, 52.4265063], [13.45823853, 52.42650615], [13.45823846, 52.426506], [13.45823839, 52.42650585], [13.45823833, 52.4265057], [13.45823828, 52.42650555], [13.45823822, 52.42650539], [13.45823818, 52.42650524], [13.45823813, 52.42650509], [13.45823809, 52.42650493], [13.45823806, 52.42650478], [13.45823803, 52.42650462], [13.458238, 52.42650446], [13.45823798, 52.42650431], [13.45823796, 52.42650415], [13.45823795, 52.426504], [13.45823794, 52.42650384], [13.45823794, 52.42650368], [13.45823794, 52.42650353], [13.45823794, 52.42650337], [13.45823795, 52.42650321], [13.45823797, 52.42650306], [13.45823799, 52.4265029], [13.45823801, 52.42650275], [13.45823804, 52.42650259], [13.45823807, 52.42650243], [13.45823811, 52.42650228], [13.45823815, 52.42650212], [13.45823819, 52.42650197], [13.45823824, 52.42650182], [13.4582383, 52.42650166], [13.45823836, 52.42650151], [13.45823842, 52.42650136], [13.45823848, 52.42650121], [13.45823856, 52.42650106], [13.45823863, 52.42650091], [13.45823871, 52.42650076], [13.4582388, 52.42650061], [13.45823888, 52.42650046], [13.45823898, 52.42650032], [13.45823907, 52.42650017], [13.45823917, 52.42650003], [13.45823928, 52.42649989], [13.45823939, 52.42649975], [13.4582395, 52.42649961], [13.45823962, 52.42649947], [13.45823974, 52.42649933], [13.45823986, 52.42649919], [13.45823999, 52.42649906], [13.45824013, 52.42649892], [13.45824026, 52.42649879], [13.4582404, 52.42649866], [13.45824055, 52.42649853], [13.45838386, 52.42641086], [13.45838406, 52.42641076], [13.45838425, 52.42641067], [13.45838444, 52.42641057], [13.45838464, 52.42641048], [13.45838484, 52.42641039], [13.45838505, 52.42641031], [13.45838525, 52.42641022], [13.45838546, 52.42641014], [13.45838567, 52.42641006], [13.45838588, 52.42640998], [13.45838609, 52.42640991], [13.45838631, 52.42640983], [13.45838653, 52.42640976], [13.45838675, 52.42640969], [13.45838697, 52.42640963], [13.4583872, 52.42640956], [13.45838742, 52.4264095], [13.45838765, 52.42640944], [13.45838788, 52.42640939], [13.45838811, 52.42640933], [13.45838834, 52.42640928], [13.45838858, 52.42640923], [13.45838881, 52.42640919], [13.45838905, 52.42640914], [13.45838929, 52.4264091], [13.45838953, 52.42640906], [13.45838977, 52.42640903], [13.45839001, 52.42640899], [13.45839025, 52.42640896], [13.45839049, 52.42640893], [13.45839074, 52.42640891], [13.45839098, 52.42640888], [13.45839123, 52.42640886], [13.45839147, 52.42640884], [13.45839172, 52.42640883], [13.45839196, 52.42640881], [13.45839221, 52.4264088], [13.45839246, 52.4264088], [13.45839271, 52.42640879], [13.45839295, 52.42640879], [13.4583932, 52.42640879], [13.45839345, 52.42640879], [13.45839369, 52.4264088], [13.45839394, 52.42640881]], [[13.45645596, 52.42725748], [13.45645811, 52.4272574], [13.45645986, 52.42725725], [13.45646158, 52.42725702], [13.45646328, 52.42725673], [13.45646493, 52.42725635], [13.45646655, 52.42725592], [13.4564681, 52.42725541], [13.45646961, 52.42725485], [13.45647103, 52.42725421], [13.4564724, 52.42725353], [13.45647366, 52.42725278], [13.45647487, 52.42725199], [13.45647595, 52.42725114], [13.45647697, 52.42725026], [13.45647785, 52.42724932], [13.45647866, 52.42724836], [13.45647932, 52.42724736], [13.45648084, 52.42724501], [13.4564739, 52.42739144], [13.45646832, 52.42750917], [13.45635096, 52.42750732], [13.45633437, 52.42750705], [13.45631589, 52.42750676], [13.456294, 52.42750641], [13.45629406, 52.42750153], [13.45629429, 52.42748096], [13.45629459, 52.42745369], [13.45629554, 52.4273883], [13.45629679, 52.42730185], [13.45629836, 52.42725656], [13.45640252, 52.42725796], [13.45645596, 52.42725748]]], [[[13.46118078, 52.42778808], [13.46114432, 52.42781027], [13.46111971, 52.42782524], [13.46127944, 52.42792334], [13.46140205, 52.42799861], [13.46142854, 52.42801488], [13.46230392, 52.42855228], [13.46237696, 52.42859712], [13.46239771, 52.42860986], [13.46243234, 52.42863112], [13.4626096, 52.42852335], [13.46248118, 52.42844446], [13.46168117, 52.42795305], [13.46163361, 52.42792383], [13.46157557, 52.42788818], [13.46155907, 52.42787804], [13.46129845, 52.42771792], [13.46128954, 52.42772316], [13.46123066, 52.42775772], [13.46118078, 52.42778808]]], [[[13.44839324, 52.43680867], [13.4483905, 52.43686439], [13.44870026, 52.43687011], [13.44885805, 52.43687299], [13.44890614, 52.43687374], [13.44890618, 52.43684781], [13.44888117, 52.4368385], [13.44896421, 52.43671363], [13.44898268, 52.43669326], [13.44897883, 52.43669209], [13.44907708, 52.43656123], [13.44912217, 52.4365018], [13.44927007, 52.43633018], [13.44927274, 52.43632718], [13.44927669, 52.43632275], [13.44944516, 52.43614884], [13.44975375, 52.43584761], [13.44980695, 52.43579568], [13.44968223, 52.43574867], [13.44969401, 52.4357373], [13.44981831, 52.43561721], [13.44983959, 52.43559665], [13.44996285, 52.43564362], [13.45006449, 52.43554428], [13.44984086, 52.43545796], [13.45012939, 52.43518022], [13.45034942, 52.43526651], [13.45037771, 52.43527744], [13.4503821, 52.43527325], [13.45040433, 52.43528195], [13.45040099, 52.43529034], [13.45041351, 52.43532869], [13.45042859, 52.43537484], [13.45045679, 52.43546118], [13.45046111, 52.43547441], [13.45046769, 52.43549454], [13.45049269, 52.43555928], [13.45051122, 52.43555653], [13.45054802, 52.43555108], [13.4505499, 52.4355508], [13.45060464, 52.43569161], [13.45061506, 52.43571841], [13.45069456, 52.43592291], [13.45069967, 52.43593607], [13.45077872, 52.43613942], [13.45078895, 52.43616572], [13.45083493, 52.43628401], [13.45083836, 52.43629284], [13.45092387, 52.43651278], [13.45096793, 52.43662613], [13.45106988, 52.43657749], [13.45113714, 52.43654088], [13.4511993, 52.43650104], [13.45122481, 52.43648231], [13.45128778, 52.4364361], [13.45122867, 52.4362846], [13.45120378, 52.43622075], [13.45117398, 52.43614442], [13.45116128, 52.43611189], [13.45108837, 52.43592512], [13.45089707, 52.43543508], [13.45088558, 52.43540564], [13.45078978, 52.43509798], [13.45073858, 52.43480538], [13.4507351, 52.43478549], [13.45073231, 52.4347695], [13.45069112, 52.43453388], [13.45068846, 52.43451867], [13.45065463, 52.4343251], [13.45062176, 52.43416527], [13.45056172, 52.43387869], [13.45052382, 52.43368938], [13.45051778, 52.4336648], [13.45051141, 52.43360096], [13.45050976, 52.43355302], [13.45051247, 52.43349553], [13.45051784, 52.43345256], [13.45052793, 52.43340309], [13.4505296, 52.43339651], [13.45053248, 52.43338516], [13.45053386, 52.4333797], [13.45053508, 52.43337568], [13.45054773, 52.4333339], [13.45056597, 52.43328868], [13.45058638, 52.4332438], [13.45061105, 52.43319973], [13.45061695, 52.43319165], [13.45063879, 52.43315425], [13.45066088, 52.4331169], [13.45068308, 52.43307959], [13.45070553, 52.43304232], [13.4507281, 52.43300508], [13.4507509, 52.4329679], [13.45077512, 52.43292908], [13.45079959, 52.43289032], [13.4508242, 52.4328516], [13.45084907, 52.43281293], [13.45087406, 52.4327743], [13.45089932, 52.43273573], [13.45092471, 52.43269719], [13.45095035, 52.43265871], [13.45097613, 52.43262027], [13.45100216, 52.43258189], [13.45102832, 52.43254355], [13.45105474, 52.43250527], [13.45106598, 52.43248911], [13.4510765, 52.43247406], [13.45109735, 52.43244427], [13.45109939, 52.43244135], [13.45110545, 52.43243275], [13.45110734, 52.43243006], [13.45111617, 52.43241753], [13.45111806, 52.43241484], [13.45112844, 52.43240009], [13.45115778, 52.43235891], [13.45117294, 52.43233777], [13.45118583, 52.43231979], [13.45118728, 52.43231777], [13.45121707, 52.43227671], [13.45124701, 52.43223569], [13.45127725, 52.43219475], [13.45131021, 52.43215042], [13.45134353, 52.43210618], [13.45137702, 52.432062], [13.45141086, 52.43201791], [13.45143286, 52.43199046], [13.45145498, 52.43196305], [13.45147718, 52.43193566], [13.45149951, 52.43190832], [13.45152503, 52.43187529], [13.45155075, 52.43184232], [13.45157656, 52.43180938], [13.45160256, 52.43177649], [13.45162867, 52.43174364], [13.45165497, 52.43171084], [13.45168723, 52.43167167], [13.45171977, 52.43163258], [13.45175245, 52.43159353], [13.45178541, 52.43155458], [13.45180279, 52.43153413], [13.45182009, 52.43151376], [13.45185508, 52.43147305], [13.45189022, 52.43143238], [13.45192566, 52.43139181], [13.45196125, 52.43135129], [13.45199714, 52.43131087], [13.45203318, 52.4312705], [13.45203837, 52.43126475], [13.45206952, 52.43123023], [13.45210602, 52.43119001], [13.45211327, 52.4311821], [13.45214281, 52.4311499], [13.45215442, 52.43113736], [13.45217156, 52.43111887], [13.45218814, 52.43110098], [13.45222295, 52.43106359], [13.45225802, 52.43102629], [13.45229322, 52.43098903], [13.45232868, 52.43095186], [13.45236427, 52.43091474], [13.45240011, 52.43087771], [13.45243609, 52.43084073], [13.45247232, 52.43080384], [13.45250868, 52.430767], [13.4525453, 52.43073026], [13.45258205, 52.43069356], [13.45260575, 52.43067012], [13.45261905, 52.43065696], [13.45265616, 52.43062043], [13.452665, 52.43061181], [13.45269352, 52.43058401], [13.45273102, 52.43054763], [13.45273195, 52.43054673], [13.45276211, 52.43051774], [13.45276876, 52.43051134], [13.45280663, 52.43047511], [13.45284476, 52.43043897], [13.45287849, 52.43040715], [13.45288301, 52.43040289], [13.45289123, 52.43039521], [13.45292151, 52.4303669], [13.45296013, 52.43033097], [13.452999, 52.43029513], [13.453038, 52.43025935], [13.45307725, 52.43022367], [13.45311561, 52.43019029], [13.45316961, 52.43014068], [13.45320816, 52.43010631], [13.45324695, 52.43007205], [13.4532734, 52.43004878], [13.45328585, 52.43003783], [13.45331851, 52.43000935], [13.45332498, 52.43000371], [13.45336422, 52.42996964], [13.4534037, 52.42993567], [13.45344329, 52.42990174], [13.45345822, 52.42988906], [13.4534831, 52.42986792], [13.45352303, 52.42983415], [13.45352673, 52.42983105], [13.45356319, 52.42980048], [13.45342133, 52.42974263], [13.45341568, 52.42974032], [13.45320328, 52.42965338], [13.45301314, 52.42982873], [13.45301413, 52.42982913], [13.45312399, 52.42987396], [13.45305001, 52.42994211], [13.4529996, 52.42992183], [13.45286534, 52.42986781], [13.4528241, 52.42985122], [13.45284068, 52.42983603], [13.45287491, 52.42980466], [13.45269023, 52.42972976], [13.45266312, 52.42971876], [13.45260299, 52.42969438], [13.45258477, 52.42971035], [13.45257173, 52.42972178], [13.45254595, 52.42974438], [13.45253586, 52.42975323], [13.45251193, 52.42977435], [13.45250685, 52.42977885], [13.45248756, 52.42979594], [13.45246381, 52.42981705], [13.45244002, 52.42983827], [13.45241603, 52.42985975], [13.45236868, 52.42990237], [13.45234474, 52.42992404], [13.45232128, 52.42994535], [13.45229779, 52.42996676], [13.4522742, 52.42998835], [13.45225081, 52.43000983], [13.45218096, 52.43007452], [13.45217873, 52.43007658], [13.45217859, 52.43007671], [13.45216752, 52.43008704], [13.45215832, 52.43009563], [13.45231071, 52.43009647], [13.45233755, 52.43009662], [13.4523708, 52.43009681], [13.45236946, 52.43018715], [13.45236953, 52.43023334], [13.45236968, 52.43032522], [13.45236974, 52.43036876], [13.45203819, 52.43036896], [13.45187233, 52.43036905], [13.45185001, 52.43039095], [13.45183961, 52.43040117], [13.45181733, 52.43042313], [13.4518062, 52.43043412], [13.45180419, 52.43043611], [13.45179089, 52.43044931], [13.45177295, 52.43046713], [13.45175085, 52.43048917], [13.45174612, 52.43049388], [13.45172741, 52.43051263], [13.45170683, 52.4305333], [13.45075604, 52.43031277], [13.45072886, 52.43030647], [13.45072749, 52.43006094], [13.45072734, 52.43003457], [13.45072718, 52.43000615], [13.45072708, 52.42998731], [13.45072473, 52.42956745], [13.45072462, 52.42954849], [13.45072433, 52.42949553], [13.45072198, 52.42907576], [13.45072157, 52.42900318], [13.45072104, 52.42890908], [13.45072087, 52.42887911], [13.45072044, 52.4288009], [13.45072036, 52.42878675], [13.45072001, 52.42872291], [13.45071995, 52.42871081], [13.45071967, 52.42866171], [13.45071959, 52.42864716], [13.45064576, 52.42861847], [13.45063963, 52.42861609], [13.45040195, 52.42852375], [13.44985056, 52.42830906], [13.4497831, 52.42828279], [13.44964412, 52.42822609], [13.44934557, 52.42810429], [13.44916181, 52.42802924], [13.44914549, 52.42804427], [13.4490042, 52.42817432], [13.44894209, 52.42823139], [13.44867686, 52.4282318], [13.44849289, 52.42840064], [13.44837631, 52.4285076], [13.44858126, 52.4288262], [13.44858638, 52.42883636], [13.44859831, 52.42884657], [13.44900643, 52.42919583], [13.44906547, 52.42924635], [13.4493973, 52.42924693], [13.44939664, 52.4294131], [13.4490648, 52.4294126], [13.44906395, 52.42962416], [13.44906327, 52.42979425], [13.4492343, 52.43016366], [13.44929505, 52.43029488], [13.44937621, 52.43047016], [13.45042115, 52.4304719], [13.45046621, 52.43047197], [13.45046559, 52.43066527], [13.45047294, 52.43066528], [13.45049499, 52.43066532], [13.45050223, 52.43066533], [13.45050969, 52.43066534], [13.45050901, 52.43083532], [13.45050892, 52.43085798], [13.45050885, 52.43087728], [13.45050878, 52.4308945], [13.45058244, 52.43089461], [13.45058249, 52.43087737], [13.45058256, 52.43085807], [13.45058344, 52.4305907], [13.45058352, 52.43056623], [13.45058383, 52.43047215], [13.45094858, 52.43047269], [13.45111341, 52.43051094], [13.45113192, 52.43051523], [13.45161427, 52.43062717], [13.45159001, 52.43065216], [13.451558, 52.43068513], [13.45150198, 52.43074305], [13.45150046, 52.43074465], [13.45149333, 52.43075214], [13.45172441, 52.430753], [13.45174791, 52.43075309], [13.45174739, 52.43082895], [13.45175094, 52.43084375], [13.4517519, 52.43084554], [13.45175312, 52.43084711], [13.45175444, 52.43084842], [13.45175659, 52.43085005], [13.4517588, 52.43085133], [13.45176097, 52.43085232], [13.45176371, 52.43085326], [13.45176637, 52.43085394], [13.451769, 52.43085439], [13.4517709, 52.4308546], [13.45177417, 52.43085473], [13.45177705, 52.43085463], [13.45178112, 52.43085458], [13.45176984, 52.4308599], [13.45172688, 52.43088012], [13.45172218, 52.43088234], [13.45170808, 52.43088898], [13.45169121, 52.43089695], [13.45168397, 52.43090038], [13.45166278, 52.43091086], [13.4516541, 52.43091516], [13.45160439, 52.43094085], [13.45159607, 52.43094536], [13.45155467, 52.43096826], [13.45154494, 52.43097378], [13.45152374, 52.43098634], [13.45152359, 52.43098625], [13.45152334, 52.4309864], [13.45133214, 52.43092259], [13.45125221, 52.43101], [13.45116794, 52.43110217], [13.45100105, 52.43129064], [13.45086461, 52.43144984], [13.4507718, 52.4315599], [13.45068943, 52.43166085], [13.45060694, 52.43176338], [13.4505908, 52.43178385], [13.45058519, 52.43179094], [13.45056117, 52.43182162], [13.45053736, 52.43185237], [13.45051366, 52.43188314], [13.45049016, 52.43191398], [13.45046678, 52.43194484], [13.4504436, 52.43197576], [13.45031347, 52.43194151], [13.44997743, 52.43185321], [13.44984892, 52.43181941], [13.44966646, 52.43177152], [13.44960717, 52.43175596], [13.44901538, 52.43175903], [13.44902606, 52.43178854], [13.44902792, 52.43179368], [13.44904188, 52.43183223], [13.44904374, 52.43183737], [13.44906947, 52.43190847], [13.44974132, 52.43208467], [13.44996964, 52.43214454], [13.45004263, 52.43234846], [13.45008262, 52.43245934], [13.45007616, 52.43245933], [13.44987532, 52.43245894], [13.44987508, 52.43251784], [13.44987503, 52.43253219], [13.44987502, 52.43253488], [13.44987499, 52.43254251], [13.44987497, 52.43254747], [13.44987496, 52.43255016], [13.44987385, 52.43286307], [13.44987345, 52.43287306], [13.44987263, 52.43287754], [13.44987163, 52.432883], [13.4498691, 52.43289288], [13.44986517, 52.43290259], [13.44986055, 52.43291219], [13.44985458, 52.4329215], [13.44985375, 52.43292264], [13.44984795, 52.43293064], [13.44984005, 52.4329394], [13.44983576, 52.43294369], [13.44983152, 52.43294793], [13.44982182, 52.43295598], [13.44981154, 52.43296377], [13.4498002, 52.43297097], [13.44978835, 52.43297786], [13.44977556, 52.4329841], [13.44976233, 52.43298999], [13.44974832, 52.43299514], [13.44973396, 52.43299993], [13.44971897, 52.43300392], [13.4497037, 52.43300752], [13.44968798, 52.43301029], [13.44967208, 52.43301264], [13.44965591, 52.43301413], [13.44963965, 52.43301519], [13.44962329, 52.43301537], [13.44947067, 52.43301514], [13.44946729, 52.43301514], [13.44943069, 52.43301521], [13.44938865, 52.4330153], [13.44937992, 52.43301532], [13.44937256, 52.43306272], [13.44937, 52.43329807], [13.44936748, 52.43352408], [13.44942091, 52.43355592], [13.44947119, 52.43358961], [13.44951985, 52.43362419], [13.44956511, 52.43366045], [13.44960861, 52.4336975], [13.44964848, 52.43373605], [13.44967978, 52.43376819], [13.44970851, 52.4338012], [13.44973594, 52.43383463], [13.44976072, 52.43386882], [13.44978414, 52.43390337], [13.44980481, 52.43393857], [13.4498241, 52.43397406], [13.44984059, 52.43401007], [13.44985826, 52.43405279], [13.44987229, 52.43409601], [13.44988448, 52.43413944], [13.44989296, 52.4341832], [13.44989959, 52.43422708], [13.44990248, 52.43427111], [13.44990351, 52.43431517], [13.44990079, 52.4343592], [13.44989621, 52.43440318], [13.4498879, 52.43444696], [13.44987774, 52.43449059], [13.44986388, 52.43453383], [13.4498482, 52.43457685], [13.44982888, 52.43461931], [13.44980777, 52.43466145], [13.44978312, 52.43470286], [13.44953064, 52.43511038], [13.44947134, 52.4350985], [13.44942139, 52.43508848], [13.44935572, 52.4350976], [13.44902428, 52.43517406], [13.4489824, 52.43516752], [13.44885895, 52.43514858], [13.44897476, 52.43472887], [13.44896485, 52.43466159], [13.44893998, 52.43459608], [13.44882975, 52.43442443], [13.44502567, 52.43596881], [13.44497441, 52.43598962], [13.44494767, 52.43600048], [13.44495027, 52.43600292], [13.44496086, 52.43601272], [13.44494366, 52.43601956], [13.44462064, 52.43614812], [13.44432615, 52.4362648], [13.44428046, 52.43628352], [13.44423469, 52.43630223], [13.44387893, 52.43644141], [13.44270836, 52.43690715], [13.44269846, 52.43694872], [13.4426391, 52.43697278], [13.44260648, 52.43698565], [13.44256217, 52.43700313], [13.44243122, 52.43705481], [13.44187928, 52.4372726], [13.44161195, 52.43737809], [13.4415953, 52.43738466], [13.44158295, 52.43738953], [13.44156, 52.43739859], [13.44126091, 52.4375166], [13.44112732, 52.43756932], [13.44111649, 52.43757359], [13.44111156, 52.43757554], [13.44057189, 52.43778848], [13.44067589, 52.43788729], [13.4407166, 52.43792598], [13.4408093, 52.43801406], [13.44082268, 52.43800895], [13.44136653, 52.43779522], [13.44144134, 52.43776582], [13.4418227, 52.43761594], [13.44183506, 52.43761108], [13.44189128, 52.43758898], [13.4419518, 52.43756536], [13.44201279, 52.4375422], [13.44207402, 52.43751927], [13.44213571, 52.43749681], [13.44219764, 52.4374746], [13.44226001, 52.43745285], [13.4423226, 52.43743135], [13.44238564, 52.43741033], [13.44244888, 52.43738955], [13.44251255, 52.43736925], [13.44257642, 52.4373492], [13.4426407, 52.43732964], [13.44270518, 52.43731033], [13.44277005, 52.43729151], [13.44283511, 52.43727295], [13.44290055, 52.43725488], [13.44296616, 52.43723705], [13.44303213, 52.43721973], [13.44309828, 52.43720266], [13.44316478, 52.43718609], [13.44323144, 52.43716979], [13.44329843, 52.43715399], [13.44336558, 52.43713845], [13.44343305, 52.43712343], [13.44350067, 52.43710867], [13.44356858, 52.43709442], [13.44363664, 52.43708044], [13.44370498, 52.43706697], [13.44377346, 52.43705377], [13.44381123, 52.43704681], [13.44384221, 52.4370411], [13.44391108, 52.43702869], [13.44393948, 52.4370238], [13.4439802, 52.4370168], [13.44405061, 52.43700496], [13.44412126, 52.43699367], [13.44419203, 52.43698265], [13.44426302, 52.43697218], [13.44433412, 52.43696199], [13.44440542, 52.43695236], [13.44447683, 52.436943], [13.44454842, 52.4369342], [13.4446201, 52.43692568], [13.44465775, 52.43692151], [13.44469196, 52.43691772], [13.44475321, 52.43691118], [13.4447639, 52.43691003], [13.44483599, 52.43690291], [13.44490818, 52.43689615], [13.44498051, 52.43688996], [13.44499584, 52.4368887], [13.4450529, 52.43688404], [13.44505691, 52.43688375], [13.44512541, 52.43687869], [13.4451871, 52.43687438], [13.44519798, 52.43687362], [13.44527064, 52.43686912], [13.44534335, 52.4368649], [13.44541614, 52.43686125], [13.44544149, 52.43686007], [13.44548897, 52.43685788], [13.44550379, 52.43685731], [13.44556187, 52.43685508], [13.44563478, 52.43685256], [13.44570775, 52.43685061], [13.44571022, 52.43684], [13.44571844, 52.43680464], [13.44571915, 52.43680161], [13.44572467, 52.43677792], [13.44572472, 52.43677767], [13.44572516, 52.43677578], [13.44573686, 52.43672714], [13.44579274, 52.43649496], [13.4463722, 52.43628184], [13.44637251, 52.43628178], [13.44665274, 52.43617868], [13.44722265, 52.43603433], [13.44808637, 52.43581609], [13.44853411, 52.43588758], [13.44842636, 52.43614001], [13.44840564, 52.43655687], [13.44839324, 52.43680867]], [[13.44944425, 52.42830912], [13.44939339, 52.42835513], [13.44937642, 52.42837048], [13.44936519, 52.42838238], [13.44935926, 52.42839396], [13.44935642, 52.42840232], [13.44935451, 52.42841266], [13.44935431, 52.42842224], [13.44935597, 52.42843335], [13.44935854, 52.4284416], [13.44936211, 52.42844945], [13.44936669, 52.42845711], [13.44937177, 52.42846392], [13.4493776, 52.4284704], [13.44938843, 52.42847984], [13.44942879, 52.42851016], [13.44946901, 52.42854037], [13.44950862, 52.42857013], [13.44956347, 52.42861004], [13.4496223, 52.42865251], [13.44964531, 52.42866912], [13.44965336, 52.42868061], [13.4496579, 52.42869239], [13.44966009, 52.42870393], [13.4496601, 52.42871599], [13.44965773, 52.42872834], [13.44965366, 52.42873984], [13.44964976, 52.42874829], [13.44964201, 52.42875991], [13.4496345, 52.42876825], [13.44962723, 52.42877476], [13.44961613, 52.42878289], [13.44960404, 52.42878998], [13.44959384, 52.42879489], [13.44957884, 52.42880073], [13.44957351, 52.42880234], [13.44956553, 52.42880475], [13.44955293, 52.42880774], [13.44953949, 52.42881009], [13.44952385, 52.42881184], [13.44951189, 52.42881251], [13.44950221, 52.42881263], [13.44948922, 52.42881221], [13.44947752, 52.42881124], [13.44946536, 52.42880962], [13.44945257, 52.42880722], [13.44943949, 52.42880395], [13.44942396, 52.42879888], [13.44939767, 52.42878805], [13.44937825, 52.42877966], [13.44935862, 52.42877016], [13.44934132, 52.42876083], [13.44932404, 52.42875047], [13.44930602, 52.42873838], [13.44929211, 52.42872796], [13.44927778, 52.42871602], [13.44926397, 52.42870308], [13.44925445, 52.42869312], [13.44924473, 52.42868183], [13.44923634, 52.42867094], [13.44922943, 52.4286609], [13.44922221, 52.42864891], [13.44921795, 52.42863689], [13.44921612, 52.42861935], [13.44921539, 52.42860494], [13.44921562, 52.42858285], [13.44921713, 52.42856374], [13.44921975, 52.42854521], [13.44922302, 52.42852888], [13.4492269, 52.42851363], [13.44923296, 52.42849439], [13.44923911, 52.42847805], [13.44924812, 52.42845773], [13.44925782, 52.42843896], [13.44927039, 52.42841757], [13.44927156, 52.42841562], [13.44927219, 52.4284132], [13.44927259, 52.42840735], [13.44927154, 52.42840125], [13.44926721, 52.42839018], [13.44926259, 52.42838214], [13.4491581, 52.42819248], [13.44924276, 52.42815823], [13.4493668, 52.42815511], [13.44953725, 52.42822498], [13.44949507, 52.42826314], [13.44944425, 52.42830912]], [[13.45166264, 52.43144449], [13.45168858, 52.4314446], [13.45168891, 52.43149005], [13.45168155, 52.43149007], [13.45151915, 52.43148795], [13.45151868, 52.43151388], [13.45151694, 52.43161125], [13.45143366, 52.43161083], [13.45143263, 52.43165936], [13.45134633, 52.43165861], [13.45132201, 52.4316584], [13.45132353, 52.43158701], [13.45132793, 52.43140569], [13.45150215, 52.43140704], [13.45150161, 52.43144376], [13.45166264, 52.43144449]], [[13.44998516, 52.43320028], [13.45008208, 52.43322154], [13.44993289, 52.43347556], [13.44969873, 52.43342418], [13.44971093, 52.43340339], [13.44977551, 52.43329345], [13.44979869, 52.43325399], [13.44983955, 52.43318441], [13.44984792, 52.43317016], [13.44987993, 52.43317719], [13.44998516, 52.43320028]]], [[[13.43944724, 52.43823217], [13.43938986, 52.43825481], [13.43933969, 52.43827461], [13.43932263, 52.43828134], [13.43931669, 52.43828368], [13.43931403, 52.43828475], [13.43930996, 52.43828634], [13.43923846, 52.43831455], [13.43916015, 52.43834544], [13.4391528, 52.43834834], [13.43896611, 52.438422], [13.43885337, 52.43846648], [13.43839405, 52.4386477], [13.43832994, 52.43867299], [13.43823144, 52.43871186], [13.43788638, 52.43884802], [13.43787366, 52.43885304], [13.43784931, 52.43886265], [13.43786894, 52.43888129], [13.43808364, 52.43908509], [13.43835382, 52.43897897], [13.43836434, 52.43897484], [13.43840394, 52.43895929], [13.43912962, 52.43867426], [13.4395812, 52.43849685], [13.44004019, 52.43831647], [13.44012038, 52.43828496], [13.44073528, 52.4380433], [13.44072561, 52.43803411], [13.44068066, 52.43799141], [13.44067641, 52.43798737], [13.4406612, 52.43797292], [13.44064989, 52.43796217], [13.44049781, 52.43781766], [13.44000731, 52.4380112], [13.43962931, 52.43816034], [13.43944724, 52.43823217]]]]}}, {"type": "Feature", "properties": {"id": "gruenanlagen.00008100_000a6dcf", "pitid": "00008100:000a6dcf", "kennzeich": "241.106", "bezirkname": "Neukölln", "ortstlname": "Rudow", "objartname": "Grünanlage", "namenr": "NME-Grünanlage", "namezusatz": null, "baujahr": null, "sanierjahr": null, "katasterfl": 47913.0, "widmung": "gewidmet", "plannr": "08401242", "planname": "Zittauer Straße"}, "geometry": {"type": "MultiPolygon", "coordinates": [[[[13.47781118, 52.41900789], [13.47779434, 52.41899035], [13.4778096, 52.41895343], [13.47798664, 52.4188894], [13.4780019, 52.41885248], [13.47837894, 52.41871178], [13.47844885, 52.41868574], [13.47854009, 52.41865177], [13.47851797, 52.41862927], [13.4783555, 52.41868811], [13.47772301, 52.41891684], [13.47772106, 52.41891754], [13.47743015, 52.41902269], [13.47745543, 52.41898174], [13.47707012, 52.41912031], [13.47685847, 52.41919642], [13.4763757, 52.41937004], [13.47606552, 52.41946688], [13.47591304, 52.4195117], [13.47568776, 52.41956936], [13.47542851, 52.41962782], [13.47537736, 52.41963936], [13.47539496, 52.41967512], [13.4758931, 52.41964948], [13.47619374, 52.4196345], [13.47688629, 52.41959949], [13.47688556, 52.4195062], [13.47688417, 52.41935244], [13.47711892, 52.41926737], [13.47725272, 52.41921889], [13.47781734, 52.41901428], [13.47781118, 52.41900789]]], [[[13.47764288, 52.41866305], [13.47742774, 52.41874078], [13.47721199, 52.4188187], [13.47699654, 52.41889651], [13.47678154, 52.41897416], [13.47655361, 52.41905681], [13.47635141, 52.41912969], [13.47614657, 52.41920008], [13.47587553, 52.41928241], [13.47559486, 52.41935179], [13.47539349, 52.41938931], [13.47532337, 52.41940238], [13.47530599, 52.41940562], [13.47501158, 52.41944829], [13.47492369, 52.41945655], [13.4747008, 52.41947751], [13.47469397, 52.41947815], [13.47435613, 52.4194992], [13.47409212, 52.41951251], [13.47384204, 52.41952513], [13.47384614, 52.41955688], [13.47385066, 52.41959192], [13.47385453, 52.41962187], [13.47385952, 52.41966054], [13.47386052, 52.41966823], [13.47411088, 52.41965598], [13.47420888, 52.41965123], [13.47437489, 52.41964318], [13.47462306, 52.41963111], [13.47473274, 52.41962137], [13.47482095, 52.41961357], [13.47505104, 52.41959323], [13.47506957, 52.41959159], [13.47508427, 52.41959028], [13.47511567, 52.41958543], [13.47524081, 52.41956609], [13.47538018, 52.41954456], [13.47547842, 52.4195294], [13.47548858, 52.41952732], [13.4756477, 52.41949466], [13.47568509, 52.41948698], [13.47575636, 52.41947234], [13.47581508, 52.41946027], [13.47598164, 52.4194134], [13.47617335, 52.41935945], [13.47626856, 52.41932641], [13.47639894, 52.4192811], [13.47647208, 52.41925441], [13.47667413, 52.4191808], [13.4768625, 52.41911215], [13.47690164, 52.41909788], [13.47711593, 52.41901987], [13.47713678, 52.41901226], [13.47733094, 52.41894142], [13.47751007, 52.418876], [13.47752783, 52.41886951], [13.47753787, 52.41885406], [13.47759153, 52.4187678], [13.47765125, 52.41867178], [13.47765791, 52.41865997], [13.47765996, 52.41865633], [13.47764288, 52.41866305]]], [[[13.47177185, 52.42003406], [13.47216841, 52.42003458], [13.4721695, 52.42005242], [13.47223001, 52.42005269], [13.47229137, 52.42005296], [13.47229455, 52.42005297], [13.47232168, 52.42005309], [13.47246813, 52.41995371], [13.47256136, 52.41994764], [13.47351714, 52.41988534], [13.47365048, 52.41996523], [13.47365478, 52.41995133], [13.47365631, 52.41994636], [13.47366006, 52.41992729], [13.47366277, 52.41990816], [13.47366302, 52.41990004], [13.47366337, 52.41988895], [13.47365997, 52.41983799], [13.47365891, 52.419822], [13.4736067, 52.41982465], [13.47280374, 52.41986554], [13.47265773, 52.4198827], [13.47256156, 52.41989021], [13.47232219, 52.41990896], [13.47229735, 52.4199109], [13.47193767, 52.4199541], [13.47168736, 52.41999619], [13.47142008, 52.42005057], [13.47109655, 52.42013849], [13.47100604, 52.42016846], [13.47098858, 52.42017426], [13.47077531, 52.42024501], [13.47054269, 52.42034244], [13.47041465, 52.42039606], [13.47040421, 52.42040043], [13.47000545, 52.42060283], [13.46984359, 52.42069166], [13.46976111, 52.42073694], [13.46957878, 52.42084193], [13.46932494, 52.42100282], [13.46911974, 52.4211244], [13.46905329, 52.42115767], [13.46895326, 52.42120775], [13.46889912, 52.42123486], [13.46889149, 52.42123868], [13.46884496, 52.42126207], [13.46844032, 52.42142051], [13.46844261, 52.42144345], [13.46848187, 52.42143694], [13.46851198, 52.42142692], [13.46853421, 52.42141558], [13.46857582, 52.42139201], [13.46861527, 52.42137281], [13.46870991, 52.42133706], [13.46884507, 52.42128174], [13.46889455, 52.42126037], [13.46895098, 52.42123363], [13.46913314, 52.42123367], [13.46918077, 52.42120898], [13.46926551, 52.42116163], [13.4693762, 52.42109464], [13.46948286, 52.4210308], [13.46964395, 52.420933], [13.46981288, 52.42082777], [13.47005958, 52.42069205], [13.47006445, 52.42068937], [13.4701192, 52.42066097], [13.47031756, 52.42055749], [13.47037581, 52.42052711], [13.47047791, 52.42047384], [13.47059544, 52.42042479], [13.47066094, 52.42039744], [13.47083799, 52.42032351], [13.470984, 52.42027819], [13.47100984, 52.42027026], [13.4711153, 52.42023793], [13.4713877, 52.42015498], [13.47147178, 52.42012943], [13.47153536, 52.42010827], [13.47167698, 52.42005853], [13.47174674, 52.42003403], [13.47177185, 52.42003406]]], [[[13.46205902, 52.42093255], [13.46195701, 52.42122886], [13.46156317, 52.4213215], [13.46157908, 52.42134695], [13.46158523, 52.42135677], [13.46160162, 52.42138298], [13.46164542, 52.42145299], [13.46175381, 52.42142808], [13.46185578, 52.42140464], [13.46189994, 52.42139448], [13.46261714, 52.42122861], [13.46278699, 52.42118898], [13.46314211, 52.42110614], [13.46326179, 52.42107821], [13.463355053484806, 52.42105571403835], [13.462708911312586, 52.420972847712115], [13.462073189547102, 52.42089133759929], [13.462072776525982, 52.420891290276295], [13.46205902, 52.42093255]], [[13.46237533, 52.42103649], [13.46238476, 52.42103675], [13.46239411, 52.42103752], [13.46240332, 52.42103878], [13.46241231, 52.42104053], [13.46242102, 52.42104275], [13.46242938, 52.42104542], [13.46243733, 52.42104853], [13.46244481, 52.42105206], [13.46245175, 52.42105596], [13.46245811, 52.42106023], [13.46246384, 52.42106481], [13.46246889, 52.42106969], [13.46247323, 52.42107481], [13.46247682, 52.42108014], [13.46247964, 52.42108565], [13.46248166, 52.42109129], [13.46248287, 52.42109701], [13.46248326, 52.42110277], [13.46248283, 52.42110854], [13.46248157, 52.42111426], [13.46247951, 52.42111989], [13.46247665, 52.42112538], [13.46247302, 52.42113071], [13.46246864, 52.42113582], [13.46246355, 52.42114068], [13.46245779, 52.42114525], [13.4624514, 52.4211495], [13.46244443, 52.42115338], [13.46243693, 52.42115689], [13.46242896, 52.42115997], [13.46242058, 52.42116263], [13.46241185, 52.42116482], [13.46240284, 52.42116655], [13.46239363, 52.42116778], [13.46238427, 52.42116852], [13.46237484, 52.42116876], [13.46236541, 52.4211685], [13.46235606, 52.42116773], [13.46234685, 52.42116647], [13.46233785, 52.42116472], [13.46232914, 52.4211625], [13.46232078, 52.42115982], [13.46231284, 52.42115671], [13.46230536, 52.42115319], [13.46229842, 52.42114928], [13.46229206, 52.42114502], [13.46228633, 52.42114043], [13.46228128, 52.42113556], [13.46227694, 52.42113044], [13.46227335, 52.4211251], [13.46227053, 52.4211196], [13.46226851, 52.42111396], [13.4622673, 52.42110824], [13.46226691, 52.42110247], [13.46226734, 52.42109671], [13.46226859, 52.42109099], [13.46227066, 52.42108536], [13.46227352, 52.42107986], [13.46227715, 52.42107454], [13.46228152, 52.42106942], [13.46228661, 52.42106457], [13.46229237, 52.42106], [13.46229877, 52.42105575], [13.46230574, 52.42105186], [13.46231324, 52.42104836], [13.46232121, 52.42104527], [13.46232959, 52.42104262], [13.46233832, 52.42104042], [13.46234732, 52.4210387], [13.46235654, 52.42103747], [13.4623659, 52.42103673], [13.46237533, 52.42103649]]], [[[13.46294168, 52.42129423], [13.46300302, 52.42127352], [13.46315974, 52.42123131], [13.46334914, 52.42118582], [13.46357669, 52.42113164], [13.46353861, 52.42112161], [13.46345143, 52.42111135], [13.46258623, 52.42131483], [13.46287705, 52.42130005], [13.46293087, 52.42129901], [13.46294168, 52.42129423]]], [[[13.46258159, 52.4214207], [13.46268711, 52.42138304], [13.46254642, 52.42139161], [13.46226864, 52.42142152], [13.46186993, 52.42148009], [13.46168867, 52.42152216], [13.4617198, 52.4215719], [13.46172471, 52.42158096], [13.46182271, 52.42162701], [13.46194279, 52.42160089], [13.46203317, 52.42157953], [13.46217632, 52.42154456], [13.46232919, 52.42150255], [13.46244628, 52.42146754], [13.46258159, 52.4214207]]], [[[13.46718967, 52.42184641], [13.46724555, 52.42175734], [13.46727931, 52.4216898], [13.46720119, 52.42169787], [13.46713819, 52.42170438], [13.46694875, 52.42172395], [13.46665984, 52.42174217], [13.46635496, 52.42174894], [13.46607526, 52.42174119], [13.4659863, 52.42173382], [13.46574347, 52.42171369], [13.46550347, 52.42168071], [13.4653537, 52.42166013], [13.46527872, 52.42164584], [13.46426862, 52.42145322], [13.46379305, 52.42139119], [13.46354889, 52.42137568], [13.46349648, 52.42137235], [13.46346539, 52.42137195], [13.46321487, 52.42136869], [13.46291194, 52.42147753], [13.46282903, 52.42150732], [13.46278668, 52.42152253], [13.46288109, 52.42151655], [13.46313136, 52.42151161], [13.46313672, 52.4215115], [13.46317626, 52.42151075], [13.4635437, 52.42152204], [13.46381908, 52.42154373], [13.4641974, 52.42159286], [13.46458417, 52.42166385], [13.46500002, 52.42174566], [13.46535226, 52.42180886], [13.46570239, 52.4218532], [13.46590424, 52.42186859], [13.46597719, 52.42187415], [13.46605389, 52.42188], [13.46635329, 52.42188904], [13.46667609, 52.42188408], [13.46684575, 52.42187389], [13.46690829, 52.4218689], [13.46700998, 52.42186077], [13.46704184, 52.42185822], [13.46708133, 52.42185507], [13.46708414, 52.42185484], [13.46712367, 52.42185168], [13.46718967, 52.42184641]]], [[[13.48941844, 52.41379332], [13.4896079, 52.41387971], [13.48978967, 52.41365671], [13.48981432, 52.41362619], [13.48992127, 52.41349203], [13.48970225, 52.41348717], [13.48966085, 52.41348625], [13.4896259, 52.41353105], [13.4894795, 52.41371613], [13.48941844, 52.41379332]]], [[[13.48955197, 52.41395371], [13.48936016, 52.41386711], [13.48928422, 52.4139537], [13.4892757, 52.41396341], [13.48917485, 52.4140784], [13.48917241, 52.41408118], [13.48915254, 52.41410384], [13.48914235, 52.41411546], [13.48904996, 52.4142208], [13.4890345, 52.41423843], [13.48902214, 52.4142484], [13.48894388, 52.41431839], [13.48886755, 52.41438266], [13.48877767, 52.41445228], [13.48868444, 52.41451947], [13.48859858, 52.41457824], [13.48850269, 52.41463951], [13.48846884, 52.41466032], [13.4884033, 52.41469969], [13.48830379, 52.41475646], [13.48825946, 52.41478031], [13.48819912, 52.41481116], [13.48809314, 52.41486342], [13.48805162, 52.41488288], [13.48798437, 52.41491345], [13.48787076, 52.41496084], [13.48779865, 52.41498926], [13.48775376, 52.41500744], [13.48763311, 52.41505242], [13.48754968, 52.41508278], [13.48750496, 52.41509908], [13.48727954, 52.41518042], [13.48702249, 52.41527169], [13.4868137, 52.41534711], [13.48660507, 52.41542397], [13.48639656, 52.4154992], [13.48615637, 52.41558592], [13.48602194, 52.41563446], [13.48591511, 52.41567306], [13.48585063, 52.41569634], [13.48540926, 52.4158557], [13.48532021, 52.41588784], [13.48521813, 52.41592468], [13.48495249, 52.41602056], [13.48492706, 52.41602974], [13.48490552, 52.4160375], [13.48487291, 52.41604926], [13.48467176, 52.4161219], [13.48442794, 52.41620986], [13.48433215, 52.41624444], [13.48372603, 52.41646324], [13.48368912, 52.41647651], [13.48366974, 52.41648347], [13.48370016, 52.41650886], [13.48380557, 52.41659472], [13.48381408, 52.41660165], [13.48381941, 52.41659974], [13.48387097, 52.41658129], [13.48389421, 52.41657298], [13.48417019, 52.41647421], [13.48430202, 52.41642703], [13.4843316, 52.41641644], [13.48435099, 52.4164095], [13.48447323, 52.41636574], [13.48467915, 52.41629203], [13.48475082, 52.41626479], [13.48500228, 52.41617164], [13.48545438, 52.41600417], [13.4859096, 52.41583554], [13.48688629, 52.41549224], [13.48785946, 52.41513957], [13.48823104, 52.41498579], [13.48856682, 52.41481238], [13.48884356, 52.41463424], [13.48898841, 52.4145271], [13.48904917, 52.41448216], [13.48907449, 52.41445724], [13.48916865, 52.41436454], [13.48919924, 52.41433442], [13.48921995, 52.41431601], [13.48922647, 52.41431021], [13.48923976, 52.41429839], [13.4892691, 52.41427231], [13.48929567, 52.41424325], [13.48946095, 52.41406243], [13.48946749, 52.41405462], [13.48955197, 52.41395371]]], [[[13.48896821, 52.41464801], [13.48889975, 52.41470207], [13.48865004, 52.41484735], [13.4886114, 52.41486761], [13.48829278, 52.41503466], [13.48790926, 52.41519993], [13.48756666, 52.41532515], [13.48690265, 52.41556783], [13.48680296, 52.41560463], [13.4864901, 52.41572013], [13.48637098, 52.4157641], [13.48609865, 52.41586463], [13.48583926, 52.41596038], [13.48567978, 52.41601624], [13.48561018, 52.41604062], [13.48469642, 52.41636071], [13.48433136, 52.41649219], [13.48387929, 52.41665484], [13.48391469, 52.4166837], [13.48392812, 52.41669465], [13.48402399, 52.41677283], [13.48407717, 52.41675365], [13.48411288, 52.41674076], [13.48433081, 52.41666213], [13.48453063, 52.41659003], [13.48457554, 52.41657391], [13.48496103, 52.41643471], [13.48539113, 52.41627949], [13.48559993, 52.41620416], [13.48580858, 52.41612884], [13.48601768, 52.41605342], [13.48622646, 52.41597809], [13.4864354, 52.41590267], [13.4866439, 52.41582742], [13.4868524, 52.41575219], [13.48693627, 52.41572193], [13.48702982, 52.41568819], [13.48706149, 52.41567677], [13.48727057, 52.41560126], [13.48747936, 52.41552591], [13.48748146, 52.41552515], [13.48751274, 52.41551386], [13.48768829, 52.4154505], [13.48790914, 52.41537081], [13.48793726, 52.41536066], [13.48806734, 52.4153121], [13.48819654, 52.41526022], [13.48832662, 52.41520601], [13.48845322, 52.41514799], [13.48857569, 52.41508758], [13.48869639, 52.41502427], [13.48880974, 52.41495987], [13.48891991, 52.41489323], [13.48902915, 52.41482407], [13.48913372, 52.4147524], [13.48923449, 52.41467919], [13.4893413, 52.41460546], [13.48942743, 52.41453968], [13.48941791, 52.4145312], [13.48941459, 52.41452821], [13.48926771, 52.41440591], [13.4892463, 52.41442363], [13.48922804, 52.41443876], [13.48912327, 52.41452556], [13.48896821, 52.41464801]]], [[[13.48330692, 52.41686071], [13.48340325, 52.41696041], [13.48342654, 52.41698451], [13.48342937, 52.41698744], [13.48382033, 52.41684638], [13.48376509, 52.41680137], [13.48374038, 52.41678124], [13.48367538, 52.41672829], [13.48355075, 52.41677316], [13.48340519, 52.41682484], [13.48331903, 52.41685629], [13.48330692, 52.41686071]]], [[[13.47981276, 52.41829517], [13.47983974, 52.4182854], [13.48008003, 52.41819861], [13.4803205, 52.41811181], [13.4805608, 52.41802503], [13.48076314, 52.41795196], [13.48096561, 52.41787888], [13.48100346, 52.41786518], [13.48144168, 52.41770701], [13.48157943, 52.41774925], [13.48164252, 52.41781181], [13.48171249, 52.41779005], [13.4817227, 52.41779318], [13.48189492, 52.41784606], [13.48191621, 52.41781183], [13.4819375, 52.4177778], [13.48210773, 52.41771635], [13.48237832, 52.41799438], [13.48293175, 52.41779436], [13.48296873, 52.41778099], [13.48299165, 52.41777271], [13.48302201, 52.41776172], [13.48304556, 52.4177532], [13.48306202, 52.41774724], [13.48311096, 52.41772954], [13.4830555, 52.41771528], [13.48304463, 52.41771249], [13.48302241, 52.41770677], [13.48214888, 52.4174824], [13.4820965, 52.41746894], [13.48221977, 52.41742441], [13.48246544, 52.41733566], [13.48254417, 52.41730722], [13.48242259, 52.41718345], [13.48182893, 52.41740013], [13.48175887, 52.41738216], [13.48169427, 52.41736556], [13.48151457, 52.4173194], [13.48150489, 52.41731692], [13.48142142, 52.41729547], [13.48098044, 52.41718219], [13.48070619, 52.41711173], [13.4804629, 52.41704923], [13.48050737, 52.41697775], [13.48035659, 52.41703218], [13.4803386, 52.41703867], [13.48026397, 52.41706561], [13.48030247, 52.41707697], [13.48033417, 52.41708646], [13.48042315, 52.4171128], [13.48049937, 52.4171324], [13.48073493, 52.417193], [13.48078561, 52.41720609], [13.48089675, 52.41723471], [13.48092076, 52.41724089], [13.4812185, 52.41731752], [13.48130252, 52.4173391], [13.48116668, 52.41738818], [13.48085208, 52.41750183], [13.48068902, 52.41756077], [13.48061413, 52.41758781], [13.48053171, 52.41761763], [13.48045151, 52.41764665], [13.48036868, 52.41767656], [13.48028847, 52.41770558], [13.48020784, 52.41773469], [13.48007658, 52.41778217], [13.47998564, 52.41781494], [13.47988697, 52.4179732], [13.47985234, 52.41802874], [13.48002247, 52.41796747], [13.48006866, 52.41795084], [13.4806018, 52.41775882], [13.48157712, 52.41740971], [13.48164071, 52.41742507], [13.48165705, 52.41742948], [13.48168093, 52.41743591], [13.48171106, 52.41744404], [13.48184367, 52.41747825], [13.48175164, 52.41748192], [13.48168431, 52.41748452], [13.48162752, 52.41750512], [13.48159898, 52.41751548], [13.48124079, 52.41764538], [13.47993862, 52.41811789], [13.47988942, 52.41813574], [13.47975542, 52.41818436], [13.47969317, 52.4182843], [13.47966598, 52.41832796], [13.47966322, 52.41833238], [13.4796496, 52.41835426], [13.47981276, 52.41829517]]], [[[13.47766919, 52.41865299], [13.47775255, 52.41862279], [13.47793356, 52.41855721], [13.47820889, 52.41845747], [13.47831012, 52.41842079], [13.47829147, 52.41840213], [13.4782655, 52.41837613], [13.47823892, 52.41834953], [13.47816344, 52.41827395], [13.47799899, 52.41810929], [13.47799182, 52.41812085], [13.47791903, 52.41823823], [13.47777072, 52.41847768], [13.47777052, 52.418478], [13.47773709, 52.41853196], [13.47765996, 52.41865633], [13.47766919, 52.41865299]]], [[[13.47962528, 52.41836304], [13.47959899, 52.41837253], [13.47953742, 52.41839473], [13.47935852, 52.41845923], [13.47899533, 52.41859034], [13.47911487, 52.41871014], [13.47923811, 52.41883364], [13.47930751, 52.4189032], [13.47941657, 52.41872815], [13.47946302, 52.41865359], [13.47949593, 52.41860076], [13.47954855, 52.41851632], [13.47962285, 52.41839708], [13.4796496, 52.41835426], [13.47962528, 52.41836304]]]]}}, {"type": "Feature", "properties": {"id": "gruenanlagen.00008100_000a6de6", "pitid": "00008100:000a6de6", "kennzeich": "231.110", "bezirkname": "Neukölln", "ortstlname": "Rudow", "objartname": "Grünanlage", "namenr": "Kattenpfuhl-Grünanlage", "namezusatz": null, "baujahr": null, "sanierjahr": null, "katasterfl": 11290.0, "widmung": "gewidmet", "plannr": "08401246", "planname": "Waltersdorfer Chaussee Ost"}, "geometry": {"type": "Polygon", "coordinates": [[[13.50079237, 52.41780732], [13.50084932, 52.41782517], [13.50090667, 52.41784253], [13.50096481, 52.41785888], [13.50102333, 52.41787472], [13.50108256, 52.41788953], [13.50114213, 52.41790382], [13.50120234, 52.41791708], [13.50126286, 52.41792981], [13.50132394, 52.41794149], [13.50139836, 52.41795494], [13.50147349, 52.41796681], [13.50152055, 52.41797379], [13.50156785, 52.41798016], [13.50161526, 52.41798621], [13.50166287, 52.41799164], [13.50170193, 52.41795556], [13.50184257, 52.41782585], [13.50186634, 52.41780393], [13.50203545, 52.41764796], [13.50206833, 52.41761764], [13.50253216, 52.41718986], [13.50256281, 52.41716159], [13.50235915, 52.41710512], [13.50230609, 52.41709041], [13.50226093, 52.41707789], [13.50207376, 52.417026], [13.50182463, 52.41695698], [13.5016088, 52.41689718], [13.50137676, 52.41683286], [13.50137138, 52.41683137], [13.50114355, 52.41676818], [13.50101976, 52.41688308], [13.50099397, 52.41690696], [13.50091896, 52.41697646], [13.50090658, 52.41698792], [13.50087597, 52.41697871], [13.50068292, 52.41692066], [13.50049957, 52.41686553], [13.50043701, 52.41684672], [13.50030494, 52.41680701], [13.50025149, 52.41679032], [13.50015544, 52.41687985], [13.50010592, 52.41692599], [13.5000661, 52.4169631], [13.50005934, 52.4169694], [13.4999824, 52.4170425], [13.49996603, 52.41705805], [13.49993714, 52.41708663], [13.49982894, 52.41718781], [13.49982584, 52.4172534], [13.49982281, 52.41728566], [13.49982023, 52.41731432], [13.4998905, 52.41736167], [13.49997719, 52.41742009], [13.49998638, 52.4174261], [13.50003015, 52.41745474], [13.50005738, 52.41747188], [13.50007473, 52.41748281], [13.5001206, 52.41751009], [13.50016709, 52.41753697], [13.50021481, 52.41756303], [13.50026314, 52.41758868], [13.50031263, 52.41761348], [13.5003627, 52.41763784], [13.50041388, 52.41766132], [13.50046559, 52.41768435], [13.50051836, 52.41770648], [13.50057163, 52.41772815], [13.50062576, 52.41774883], [13.50068062, 52.41776916], [13.50070276, 52.41777685], [13.50073628, 52.41778848], [13.50079237, 52.41780732]], [[13.50188465, 52.41753169], [13.50188646, 52.41754714], [13.50188953, 52.41757344], [13.50188111, 52.41760804], [13.5018527, 52.41763957], [13.50180597, 52.41766802], [13.50179047, 52.41767625], [13.50175425, 52.41769545], [13.50169256, 52.41771575], [13.5016818, 52.41771731], [13.5016159, 52.41772687], [13.5015226, 52.41773186], [13.50141599, 52.41772971], [13.50139841, 52.4177289], [13.50130272, 52.4177245], [13.50121612, 52.41771626], [13.50113778, 52.417704], [13.50111788, 52.41770089], [13.501013, 52.41767635], [13.50092811, 52.41765284], [13.50079165, 52.41760383], [13.50065854, 52.41754872], [13.50051215, 52.41747527], [13.50040238, 52.41741509], [13.5003915, 52.41740687], [13.50035916, 52.41738246], [13.50034326, 52.41736621], [13.50033425, 52.41735699], [13.5003077, 52.41731929], [13.50030107, 52.41730707], [13.50029949, 52.41727856], [13.50030789, 52.41725414], [13.50032962, 52.41722668], [13.50034062, 52.41721565], [13.50035802, 52.4171982], [13.50040638, 52.41718095], [13.50049968, 52.41717596], [13.50060465, 52.41716895], [13.50073293, 52.41716603], [13.50082285, 52.4171763], [13.50092779, 52.41717947], [13.50106267, 52.41719794], [13.50118124, 52.41721705], [13.50120254, 52.41722048], [13.50127198, 52.41724002], [13.50132238, 52.4172542], [13.50151216, 52.41730021], [13.50168194, 52.41734722], [13.50175347, 52.41738395], [13.50178577, 52.41741008], [13.50181722, 52.41743553], [13.50183159, 52.41744714], [13.50188465, 52.41753169]]]}}, {"type": "Feature", "properties": {"id": "gruenanlagen.00008100_000a6de8", "pitid": "00008100:000a6de8", "kennzeich": "231.102", "bezirkname": "Neukölln", "ortstlname": "Rudow", "objartname": "Grünanlage", "namenr": "Am Schönbergweg", "namezusatz": null, "baujahr": null, "sanierjahr": null, "katasterfl": 8207.0, "widmung": "gewidmet", "plannr": "08401246", "planname": "Waltersdorfer Chaussee Ost"}, "geometry": {"type": "Polygon", "coordinates": [[[13.52301454, 52.41198878], [13.52294599, 52.41199782], [13.52283264, 52.41201276], [13.52270551, 52.41202952], [13.52268709, 52.41203194], [13.52258982, 52.41204477], [13.52201179, 52.4121209], [13.52134176, 52.41220916], [13.52091042, 52.41226596], [13.5209033, 52.4122722], [13.52086664, 52.41230429], [13.52082688, 52.41233908], [13.52079821, 52.41236418], [13.52078986, 52.41236058], [13.52075821, 52.41234695], [13.52071514, 52.41232839], [13.52070205, 52.41232275], [13.52066965, 52.41235094], [13.52052179, 52.41247977], [13.52051123, 52.41248908], [13.52050662, 52.41249315], [13.52053416, 52.41255235], [13.52054587, 52.41257753], [13.52057071, 52.41263092], [13.52066628, 52.41283638], [13.52082144, 52.41316995], [13.52093403, 52.413412], [13.52102815, 52.41361434], [13.52134097, 52.41388436], [13.52140349, 52.41393832], [13.52145834, 52.41398567], [13.52152895, 52.41404662], [13.52159209, 52.41410112], [13.5216159, 52.41412167], [13.52168359, 52.4141801], [13.52168924, 52.4141787], [13.52174491, 52.41416497], [13.52189373, 52.41412825], [13.52188671, 52.4141222], [13.52175366, 52.41400744], [13.52172403, 52.41398184], [13.52161506, 52.4138877], [13.52147632, 52.41376796], [13.52147065, 52.41376307], [13.52135021, 52.41365917], [13.52132254, 52.41363529], [13.52129988, 52.41361575], [13.52122993, 52.4135553], [13.52120887, 52.41351008], [13.52113342, 52.41334798], [13.52107895, 52.41323078], [13.52105813, 52.41318597], [13.52101515, 52.41309364], [13.52100754, 52.41307728], [13.52095695, 52.4129685], [13.52094899, 52.4129514], [13.52093377, 52.41291869], [13.52090636, 52.4128598], [13.5209035, 52.41285365], [13.52088927, 52.41282305], [13.52085802, 52.41275586], [13.52080518, 52.41264223], [13.52075196, 52.41252779], [13.52083698, 52.41245997], [13.52084885, 52.4124505], [13.52117783, 52.41239329], [13.52124826, 52.41238105], [13.52124889, 52.41238094], [13.52126278, 52.41237852], [13.52169407, 52.41230351], [13.5221384, 52.41222616], [13.5221394, 52.41222599], [13.52221012, 52.41221374], [13.52223796, 52.4122089], [13.52263412, 52.41213997], [13.52277732, 52.41211502], [13.52283216, 52.41210546], [13.52292618, 52.41230774], [13.52290281, 52.41237252], [13.5227954, 52.41239121], [13.52275432, 52.41239836], [13.52276717, 52.41242599], [13.522809, 52.41251586], [13.52286325, 52.41263256], [13.52291765, 52.41274925], [13.52302615, 52.41298264], [13.52308054, 52.41309934], [13.52313479, 52.41321594], [13.52319036, 52.41333264], [13.52323861, 52.41343908], [13.52323712, 52.41345058], [13.52321349, 52.4136258], [13.52320883, 52.41366029], [13.52318881, 52.41380848], [13.52321292, 52.41380252], [13.52329026, 52.41378342], [13.52326797669632, 52.41271226375554], [13.52325490206386, 52.41269396554399], [13.523226628945915, 52.41265431230603], [13.523254175797714, 52.412625039781815], [13.523265903393204, 52.41261260027603], [13.52325936, 52.41229806], [13.523259356116748, 52.41229804311287], [13.523255107274155, 52.412295231325764], [13.523254519705484, 52.41229477443137], [13.52301358320554, 52.41213531943913], [13.523183077292575, 52.41196656694679], [13.52301454, 52.41198878]]]}}, {"type": "Feature", "properties": {"id": "gruenanlagen.00008100_000a6de9", "pitid": "00008100:000a6de9", "kennzeich": "231.104", "bezirkname": "Neukölln", "ortstlname": "Rudow", "objartname": "Grünanlage", "namenr": "Katzenpfuhl-Grünanlage", "namezusatz": null, "baujahr": null, "sanierjahr": null, "katasterfl": 2083.0, "widmung": "gewidmet", "plannr": "08401244", "planname": "Waßmannsdorfer Chaussee"}, "geometry": {"type": "Polygon", "coordinates": [[[13.50756692, 52.40707227], [13.50717225, 52.40686068], [13.50717226, 52.4068568], [13.50717279, 52.40685084], [13.50710088, 52.40683329], [13.50679676, 52.40675857], [13.50661783, 52.40701352], [13.50674728, 52.40717847], [13.50688127, 52.40734926], [13.50721254, 52.40749168], [13.50722428, 52.40749717], [13.5075249, 52.40718109], [13.50759342, 52.40710905], [13.50758625, 52.40709871], [13.50756692, 52.40707227]], [[13.50693248, 52.40703334], [13.50695268, 52.40699907], [13.50696754, 52.40698421], [13.50701836, 52.40697521], [13.50708503, 52.40697527], [13.50714957, 52.40698245], [13.50720982, 52.40700774], [13.50726262, 52.40704984], [13.5073133, 52.40709323], [13.50737237, 52.40716316], [13.50738598, 52.40722074], [13.50738273, 52.40724726], [13.50736892, 52.407266], [13.5073403, 52.40728409], [13.50729051, 52.40730344], [13.50721746, 52.40731243], [13.50717301, 52.40731497], [13.50711164, 52.40730973], [13.50706409, 52.40728446], [13.50702816, 52.40726631], [13.50700073, 52.40723458], [13.50697121, 52.40719186], [13.5069523, 52.40714138], [13.5069292, 52.4070715], [13.50692607, 52.40705532], [13.50693248, 52.40703334]]]}}, {"type": "Feature", "properties": {"id": "gruenanlagen.00008100_000a6dea", "pitid": "00008100:000a6dea", "kennzeich": "231.100", "bezirkname": "Neukölln", "ortstlname": "Rudow", "objartname": "Grünanlage", "namenr": "Nordpark-Grünanlage", "namezusatz": null, "baujahr": null, "sanierjahr": null, "katasterfl": 32011.0, "widmung": "gewidmet", "plannr": "08401245", "planname": "Frauenviertel"}, "geometry": {"type": "Polygon", "coordinates": [[[13.50068333, 52.40307234], [13.50062936, 52.40308927], [13.50057596, 52.40310593], [13.50057175, 52.40314492], [13.50051169, 52.40369593], [13.50052735, 52.40371502], [13.50053132, 52.40371986], [13.5005396, 52.40372995], [13.50054953, 52.40374206], [13.5005578, 52.40375215], [13.50056854, 52.40376524], [13.50058216, 52.40377063], [13.50144881, 52.40411337], [13.50203979, 52.40434706], [13.50205522, 52.40435316], [13.50207372, 52.40436048], [13.50208915, 52.40436657], [13.50292612, 52.40469753], [13.50294304, 52.40470421], [13.50295905, 52.40471055], [13.50297827, 52.40471815], [13.50299429, 52.40472448], [13.50300982, 52.40473062], [13.50342451, 52.40489459], [13.50359804, 52.4049648], [13.50394204, 52.40510397], [13.50395733, 52.40511016], [13.50397621, 52.4051178], [13.50399201, 52.40512419], [13.5040286, 52.40513899], [13.50436852, 52.40527651], [13.50444577, 52.40530588], [13.50484337, 52.405457], [13.50486747, 52.40546616], [13.50489638, 52.40547715], [13.50492047, 52.4054863], [13.50571894, 52.40578979], [13.50573475, 52.40578755], [13.50582037, 52.40577542], [13.50624095, 52.40536565], [13.50625381, 52.40535312], [13.50626925, 52.40533808], [13.5062821, 52.40532556], [13.50628301, 52.40532467], [13.50624497, 52.40531025], [13.50620931, 52.40529674], [13.5061106, 52.40525933], [13.50614948, 52.40522187], [13.50617762, 52.40519476], [13.5061872, 52.40518553], [13.50387476, 52.40429771], [13.50360821, 52.40419536], [13.50359454, 52.40419012], [13.50357776, 52.40418367], [13.50356095, 52.40417722], [13.50264522, 52.40382561], [13.50255869, 52.40379239], [13.50254147, 52.40378579], [13.50252884, 52.40378094], [13.50199661, 52.40357663], [13.50081102, 52.40312137], [13.50071574, 52.40308479], [13.50068333, 52.40307234]]]}}, {"type": "Feature", "properties": {"id": "gruenanlagen.00008100_000a6ded", "pitid": "00008100:000a6ded", "kennzeich": "231.095", "bezirkname": "Neukölln", "ortstlname": "Rudow", "objartname": "Grünanlage", "namenr": "Espenpfuhl-Grünanlage", "namezusatz": null, "baujahr": null, "sanierjahr": null, "katasterfl": 9568.0, "widmung": "gewidmet", "plannr": "08401246", "planname": "Waltersdorfer Chaussee Ost"}, "geometry": {"type": "Polygon", "coordinates": [[[13.50983548, 52.40786448], [13.50966723, 52.40802113], [13.5096639, 52.40802423], [13.50958982, 52.4080932], [13.50966816, 52.40811697], [13.50990918, 52.40819012], [13.5101858, 52.40827415], [13.50989842, 52.40854239], [13.50987424, 52.40856492], [13.50979957, 52.40863459], [13.50973326, 52.40869644], [13.50969747, 52.40872984], [13.51020881, 52.40893427], [13.51024706, 52.40894957], [13.51029568, 52.40890414], [13.51045352, 52.40875673], [13.51056706, 52.40865069], [13.51068694, 52.40853873], [13.51069041, 52.40853548], [13.51077784, 52.40845384], [13.51140322, 52.40787213], [13.5114074, 52.40786824], [13.51144454, 52.4078337], [13.51114391, 52.4077127], [13.51111991, 52.40770304], [13.51089436, 52.40761227], [13.5106451, 52.40751199], [13.51034418, 52.40739083], [13.51033489, 52.40739949], [13.51033653, 52.40740227], [13.51034052, 52.40740747], [13.5103449, 52.40741255], [13.51035004, 52.40741737], [13.51035509, 52.40742116], [13.51035956, 52.40742522], [13.51036373, 52.40742939], [13.51036724, 52.40743379], [13.51037043, 52.40743828], [13.51037293, 52.40744292], [13.51037508, 52.40744764], [13.51037651, 52.40745245], [13.51037758, 52.4074573], [13.51037793, 52.40746219], [13.5103779, 52.40746708], [13.51037714, 52.40747195], [13.51037645, 52.40747496], [13.51037602, 52.4074768], [13.51037418, 52.40748156], [13.51037199, 52.40748626], [13.51036909, 52.40749082], [13.51036586, 52.4074953], [13.51036198, 52.40749958], [13.51035777, 52.40750374], [13.51035316, 52.40750749], [13.51034787, 52.40751142], [13.51034223, 52.40751489], [13.51033634, 52.4075182], [13.51032997, 52.40752116], [13.51032339, 52.40752394], [13.51031642, 52.40752635], [13.51030928, 52.40752855], [13.51030184, 52.40753035], [13.51029427, 52.40753194], [13.5102865, 52.40753309], [13.51027865, 52.40753403], [13.51027069, 52.40753452], [13.5102627, 52.40753479], [13.5102547, 52.40753461], [13.51024673, 52.40753421], [13.51023885, 52.40753336], [13.51023105, 52.40753229], [13.51022343, 52.40753079], [13.51021594, 52.40752908], [13.51020873, 52.40752695], [13.51020169, 52.40752463], [13.51020085, 52.40752429], [13.5101615, 52.40756093], [13.5101579, 52.40756428], [13.50985484, 52.40784646], [13.50983922, 52.407861], [13.50983548, 52.40786448]], [[13.51020546, 52.40772586], [13.5102035, 52.40769855], [13.51021776, 52.40768119], [13.51024622, 52.40766757], [13.51029699, 52.40766265], [13.51036805, 52.4076652], [13.51043097, 52.40767023], [13.51048372, 52.40768518], [13.51055673, 52.40771627], [13.51060336, 52.40774486], [13.5106743, 52.40778961], [13.51070356, 52.4078212], [13.51072492, 52.40784426], [13.51074308, 52.40788648], [13.51076118, 52.40795227], [13.51076104, 52.40800688], [13.51074058, 52.40806642], [13.51070393, 52.4081061], [13.51067747, 52.40813214], [13.51062873, 52.40813581], [13.51056783, 52.40813203], [13.51053332, 52.40812579], [13.51050087, 52.40811211], [13.51047046, 52.40809719], [13.5104421, 52.4080711], [13.51037327, 52.40799533], [13.51030045, 52.40789101], [13.51026815, 52.40784197], [13.51022765, 52.40778048], [13.51020546, 52.40772586]]]}}, {"type": "Feature", "properties": {"id": "gruenanlagen.00008100_000a6df0", "pitid": "00008100:000a6df0", "kennzeich": "231.094", "bezirkname": "Neukölln", "ortstlname": "Rudow", "objartname": "Grünanlage", "namenr": "Klarpfuhl-Grünanlage", "namezusatz": null, "baujahr": null, "sanierjahr": null, "katasterfl": 19067.0, "widmung": "gewidmet", "plannr": "08401246", "planname": "Waltersdorfer Chaussee Ost"}, "geometry": {"type": "MultiPolygon", "coordinates": [[[[13.51434591, 52.40350184], [13.51438156, 52.40346862], [13.51431978, 52.40344381], [13.51422728, 52.40340666], [13.51400815, 52.40331865], [13.51409317, 52.40322319], [13.51417038, 52.40313663], [13.51426307, 52.40303266], [13.51434046, 52.40299014], [13.51456661, 52.40286562], [13.5148491, 52.40271023], [13.51486411, 52.40270199], [13.51491842, 52.40244546], [13.51493373, 52.40237628], [13.515105, 52.40221737], [13.51504261, 52.40218712], [13.51498523, 52.4021593], [13.51492895, 52.40213399], [13.51492535, 52.40213237], [13.51485769, 52.40210454], [13.51482319, 52.40213661], [13.51458877, 52.40235457], [13.51457656, 52.40235606], [13.51375941, 52.40245596], [13.51348854, 52.40248913], [13.51345106, 52.40249368], [13.51324718, 52.40258532], [13.51295055, 52.40246531], [13.51291341, 52.40245028], [13.51263458, 52.4027234], [13.51233025, 52.40302146], [13.5120162, 52.40332923], [13.51204336, 52.40333945], [13.51246405, 52.4034978], [13.51257718, 52.40355694], [13.51276265, 52.40365401], [13.51286786, 52.40370904], [13.51294387, 52.4037488], [13.51294618, 52.40375001], [13.51296045, 52.40375745], [13.51320587, 52.40368345], [13.51345026, 52.40360973], [13.51372479, 52.40352695], [13.51385815, 52.40348674], [13.51393772, 52.40339749], [13.514301, 52.40354369], [13.51434591, 52.40350184]], [[13.51362317, 52.4030302], [13.51364635, 52.40306261], [13.51363983, 52.40308473], [13.51363978, 52.40310329], [13.51363978, 52.40310607], [13.51361126, 52.40313764], [13.51359299, 52.40315633], [13.51357886, 52.4031708], [13.513518, 52.40321262], [13.51344423, 52.40325048], [13.51339761, 52.40328204], [13.51334713, 52.40331122], [13.51328376, 52.40332223], [13.51322818, 52.40332533], [13.51317908, 52.40331817], [13.51312869, 52.40331101], [13.51308994, 52.40329754], [13.51307638, 52.40328877], [13.51306671, 52.40328251], [13.51306031, 52.40326117], [13.51305913, 52.4032185], [13.51306156, 52.40317643], [13.51306168, 52.40317616], [13.51308652, 52.40311976], [13.51313963, 52.40307477], [13.51320952, 52.40304007], [13.51326516, 52.40301563], [13.51339445, 52.40300311], [13.51349527, 52.40300321], [13.51357666, 52.40301909], [13.51362317, 52.4030302]]], [[[13.51497063, 52.40380923], [13.51519198, 52.40389752], [13.51537708, 52.40397084], [13.51545764, 52.40389587], [13.51527269, 52.40382237], [13.51499732, 52.40371276], [13.51484231, 52.40365104], [13.51450501, 52.40351692], [13.5144243, 52.40359206], [13.51497063, 52.40380923]]], [[[13.51610439, 52.40437968], [13.51615008, 52.40439799], [13.51632754, 52.40423289], [13.5159316, 52.40407426], [13.5155889, 52.40393697], [13.5154116, 52.40410208], [13.51610439, 52.40437968]]]]}}, {"type": "Feature", "properties": {"id": "gruenanlagen.00008100_000a6df1", "pitid": "00008100:000a6df1", "kennzeich": "231.093", "bezirkname": "Neukölln", "ortstlname": "Rudow", "objartname": "Grünanlage", "namenr": "Margueritenring-Grünanlage", "namezusatz": null, "baujahr": null, "sanierjahr": null, "katasterfl": 19029.0, "widmung": "gewidmet", "plannr": "08401243", "planname": "Alt-Rudow"}, "geometry": {"type": "MultiPolygon", "coordinates": [[[[13.49996372, 52.41916874], [13.49971413, 52.41939273], [13.49969516, 52.41940919], [13.49938096, 52.4192826], [13.49931162, 52.41933073], [13.49927037, 52.41935937], [13.49941582, 52.41942038], [13.49942932, 52.41942604], [13.49948324, 52.41944866], [13.49963666, 52.41951047], [13.50029668, 52.41892122], [13.50030082, 52.41891753], [13.50040623, 52.41885801], [13.50059172, 52.41875329], [13.50066557, 52.41878293], [13.50135666, 52.41816628], [13.50126661, 52.41815136], [13.5011987, 52.41813899], [13.50113139, 52.41812545], [13.50107325, 52.4181132], [13.5010644, 52.41811134], [13.50102959, 52.41810333], [13.50099809, 52.41809607], [13.50072714, 52.41832972], [13.50066216, 52.41837854], [13.50062285, 52.41840797], [13.50041605, 52.41856331], [13.50006417, 52.41880788], [13.50005298, 52.41881565], [13.49994527, 52.41889051], [13.50015036, 52.4189731], [13.50016301, 52.41896208], [13.50018347, 52.41897154], [13.50008727, 52.41905787], [13.50000468, 52.41913199], [13.49996372, 52.41916874]]], [[[13.49934472, 52.41979299], [13.49945159, 52.41984438], [13.49954494, 52.41976864], [13.49960284, 52.41972165], [13.49965603, 52.41967864], [13.49949713, 52.41961032], [13.49943768, 52.41958475], [13.49942484, 52.41957923], [13.49930987, 52.4195298], [13.49925894, 52.41957382], [13.49917665, 52.4196448], [13.49912652, 52.41968807], [13.4992492, 52.41974706], [13.49926081, 52.41975264], [13.49929562, 52.41976938], [13.49934472, 52.41979299]]], [[[13.49998048, 52.42159168], [13.49992256, 52.4215032], [13.49974345, 52.42122956], [13.49974109, 52.42122605], [13.49964143, 52.4210738], [13.49953373, 52.42090922], [13.4994481, 52.42077828], [13.49942953, 52.42074987], [13.49939966, 52.42070427], [13.49942988, 52.42067986], [13.49917261, 52.42055139], [13.49915468, 52.42054243], [13.49880372, 52.42036717], [13.49897649, 52.42022759], [13.49874663, 52.42012146], [13.49872582, 52.42011185], [13.49861549, 52.42017667], [13.49859147, 52.42018187], [13.49855402, 52.42018996], [13.49854862, 52.42018771], [13.49851585, 52.42017406], [13.4985008, 52.42018406], [13.49844627, 52.42016063], [13.4984553, 52.420153], [13.49834339, 52.4201034], [13.49832643, 52.4201169], [13.49831718, 52.42012427], [13.498203, 52.42021517], [13.49817175, 52.42023923], [13.49783201, 52.42051052], [13.49830683, 52.42064522], [13.49841008, 52.42067436], [13.49915264, 52.42104496], [13.49924897, 52.42112352], [13.4994072, 52.42125255], [13.49948232, 52.42131382], [13.49949491, 52.42132409], [13.49972369, 52.42165424], [13.49993611, 52.42196074], [13.50014471, 52.42226174], [13.50011698, 52.42228276], [13.50012726, 52.42229291], [13.50020303, 52.42237189], [13.50027262, 52.4224533], [13.50033017, 52.42252957], [13.5003353, 52.42253631], [13.50034408, 52.42254944], [13.50035096, 52.42255996], [13.5003615, 52.42257579], [13.50036354, 52.42257957], [13.5003915, 52.42262112], [13.50044064, 52.4227078], [13.50046037, 52.42274853], [13.50047595, 52.4227806], [13.50048361, 52.42279636], [13.50051937, 52.42288555], [13.50054792, 52.42297563], [13.50056942, 52.42306677], [13.50057637, 52.42310264], [13.50061627, 52.42309978], [13.50062092, 52.42309945], [13.50070471, 52.4230934], [13.50082544, 52.42308468], [13.50090355, 52.42307904], [13.50130635, 52.42304995], [13.50129955, 52.42301426], [13.50127995, 52.42292509], [13.50125448, 52.42283637], [13.50122342, 52.42274808], [13.50118794, 52.4226642], [13.50135516, 52.42253578], [13.50149775, 52.42242628], [13.5016184, 52.42233377], [13.50188945, 52.42212565], [13.50185679, 52.42208302], [13.50190379, 52.42204497], [13.50202754, 52.42194885], [13.50142741, 52.42167367], [13.50124068, 52.42158792], [13.50123854, 52.42158968], [13.50124038, 52.42159052], [13.50118302, 52.42163742], [13.50173886, 52.42189094], [13.50168317, 52.42193762], [13.50165752, 52.42196104], [13.5016284, 52.42198461], [13.50131775, 52.42223605], [13.50086045, 52.42260769], [13.50072738, 52.42250286], [13.50054369, 52.42221682], [13.50053226, 52.42219903], [13.50053037, 52.42219608], [13.50052989, 52.42219554], [13.50051535, 52.42218045], [13.50046077, 52.42212625], [13.50039684, 52.4221781], [13.500396, 52.42217673], [13.50037597, 52.42219316], [13.50032916, 52.42212386], [13.5003281, 52.422123], [13.50012731, 52.42181598], [13.49999192, 52.42160916], [13.49999021, 52.42160654], [13.49998244, 52.42159468], [13.49998048, 52.42159168]], [[13.50088382, 52.42281503], [13.50079721, 52.42277324], [13.50093392, 52.42266869], [13.50101957, 52.42271086], [13.50099549, 52.42272935], [13.50090786, 52.42279658], [13.50088382, 52.42281503]]]]}}, {"type": "Feature", "properties": {"id": "gruenanlagen.00008100_000a6df3", "pitid": "00008100:000a6df3", "kennzeich": "231.090", "bezirkname": "Neukölln", "ortstlname": "Rudow", "objartname": "Grünanlage", "namenr": "E. Keller BR.-Hafen Rudow West", "namezusatz": null, "baujahr": null, "sanierjahr": "2018", "katasterfl": 22721.0, "widmung": "gewidmet", "plannr": "08401241", "planname": "Blumenviertel"}, "geometry": {"type": "MultiPolygon", "coordinates": [[[[13.49192824, 52.4332536], [13.49189013, 52.43327048], [13.49188428, 52.43327307], [13.49180012, 52.43331035], [13.49188177, 52.43337922], [13.49196391, 52.43344847], [13.49214091, 52.43359766], [13.49231367, 52.4337431], [13.49248628, 52.4338886], [13.49262883, 52.43400864], [13.49264176, 52.43401954], [13.4927972, 52.43415045], [13.49308261, 52.434391], [13.49310616, 52.4344108], [13.49314081, 52.43443995], [13.49314457, 52.43444311], [13.49316929, 52.43446389], [13.49313438, 52.43448057], [13.49348037, 52.43477194], [13.49351482, 52.43475518], [13.49355868, 52.43473388], [13.49358797, 52.43471965], [13.49362881, 52.43469981], [13.49367853, 52.43467566], [13.49374497, 52.43464338], [13.49357219, 52.4344978], [13.49221546, 52.43335457], [13.49213306, 52.43328509], [13.49212013, 52.4332743], [13.49211103, 52.4332666], [13.49209059, 52.4332493], [13.49207071, 52.43323246], [13.49205138, 52.4332161], [13.49203817, 52.43320491], [13.49192824, 52.4332536]]], [[[13.48526836, 52.43898082], [13.48526865, 52.43898064], [13.48530725, 52.43896334], [13.48539868, 52.4389223], [13.48572508, 52.43876404], [13.4857766, 52.43873906], [13.48682784, 52.43822933], [13.48705052, 52.43812049], [13.48846534, 52.43743458], [13.48896044, 52.43719791], [13.48895617, 52.4371953], [13.48936127, 52.43699669], [13.48940548, 52.43697501], [13.48940579, 52.43697521], [13.48940812, 52.43697654], [13.4894121, 52.43697881], [13.48969664, 52.43684053], [13.4898698, 52.43675638], [13.48997414, 52.43670567], [13.49021413, 52.43658904], [13.49030923, 52.43654283], [13.49063718, 52.43638341], [13.49075779, 52.43632479], [13.49119162, 52.43611392], [13.49141192, 52.43600687], [13.49157946, 52.43592545], [13.49162942, 52.43590117], [13.49180218, 52.43581711], [13.49183985, 52.43579878], [13.49204424, 52.43569953], [13.49212156, 52.43566195], [13.49227063, 52.43558951], [13.49235178, 52.43555007], [13.49247629, 52.43548955], [13.49285598, 52.43530494], [13.4928967, 52.43528514], [13.49312071, 52.43517626], [13.49333316, 52.43507301], [13.49344008, 52.43502102], [13.49376136, 52.43486482], [13.4939176, 52.43478888], [13.4937922, 52.43468314], [13.49364228, 52.43475806], [13.4936027, 52.43477785], [13.49346853, 52.4348449], [13.49324128, 52.43496731], [13.49304991, 52.43508967], [13.49279426, 52.43522014], [13.49183184, 52.43568759], [13.49176533, 52.43571989], [13.49123414, 52.43597789], [13.49120914, 52.43599003], [13.49097344, 52.4361045], [13.49089658, 52.43613964], [13.49090274, 52.43614459], [13.49021839, 52.4364862], [13.49021264, 52.43648906], [13.48988712, 52.43667044], [13.48980478, 52.43671631], [13.48959398, 52.43683376], [13.48937552, 52.43695546], [13.48937512, 52.43695522], [13.48935442, 52.43694225], [13.48930673, 52.43691236], [13.4889209, 52.43709929], [13.48889201, 52.43711326], [13.48885448, 52.43713147], [13.48850693, 52.43730001], [13.48812211, 52.43748666], [13.48809295, 52.43750073], [13.487708, 52.43768739], [13.48732303, 52.43787412], [13.48729416, 52.43788811], [13.48690905, 52.43807485], [13.48652394, 52.43826158], [13.48649522, 52.43827548], [13.4861101, 52.43846221], [13.48571937, 52.43865173], [13.48542644, 52.43879372], [13.48518712, 52.43890982], [13.48510052, 52.43895177], [13.48502774, 52.4389914], [13.48495196, 52.43901171], [13.4848788, 52.43894441], [13.48485432, 52.4389563], [13.48482288, 52.43897157], [13.48474109, 52.43901128], [13.48458425, 52.4390874], [13.48453329, 52.43911213], [13.48437336, 52.43918979], [13.48432561, 52.43921298], [13.48425801, 52.43924578], [13.4841178, 52.43931393], [13.48390997, 52.43941478], [13.48370245, 52.43951553], [13.48349466, 52.43961638], [13.48328726, 52.43971713], [13.48307946, 52.43981798], [13.48287105, 52.4399192], [13.48270961, 52.43999754], [13.482366, 52.44016436], [13.48241917, 52.44020467], [13.48243586, 52.44021732], [13.48246222, 52.4402373], [13.48250505, 52.44026977], [13.48264554, 52.4402012], [13.48275634, 52.44014712], [13.48295673, 52.44004941], [13.48305414, 52.44000191], [13.48308991, 52.43998366], [13.48313413, 52.43996111], [13.48323502, 52.43990959], [13.48334654, 52.43985264], [13.48344537, 52.43980487], [13.48364565, 52.43970806], [13.48378061, 52.43964118], [13.48390048, 52.43958178], [13.48399755, 52.43953368], [13.48421669, 52.43942788], [13.48425749, 52.43940818], [13.4846076, 52.43923992], [13.48471745, 52.43918712], [13.48484743, 52.43913991], [13.48495355, 52.43910957], [13.48510796, 52.43906825], [13.48518366, 52.439027], [13.48524904, 52.43899136], [13.48526836, 52.43898082]]], [[[13.48114457, 52.44066953], [13.4807574, 52.44085855], [13.48060071, 52.44093504], [13.48011805, 52.44117071], [13.48003592, 52.44121081], [13.47963132, 52.44140831], [13.47962388, 52.44141194], [13.47957986, 52.44143343], [13.47950814, 52.44146844], [13.47922264, 52.4416078], [13.47879043, 52.44181878], [13.47873372, 52.44184646], [13.47869575, 52.441865], [13.47853149, 52.44194517], [13.47835298, 52.44203231], [13.47818338, 52.44211509], [13.47807885, 52.44216612], [13.47814661, 52.44222756], [13.4781628, 52.44224223], [13.47818715, 52.44226431], [13.47819202, 52.44226818], [13.47831388, 52.44236487], [13.47832658, 52.44235696], [13.4784385, 52.44228719], [13.47845837, 52.44227481], [13.47862057, 52.44217371], [13.47872211, 52.4421148], [13.47907456, 52.44194287], [13.47927608, 52.44184456], [13.47948268, 52.44174378], [13.47977646, 52.44160046], [13.47979827, 52.4415898], [13.48020951, 52.44138938], [13.48032795, 52.44133164], [13.4803477, 52.44132201], [13.48049803, 52.44124869], [13.48081093, 52.44109608], [13.48124103, 52.44088631], [13.48140159, 52.440808], [13.48178013, 52.44062338], [13.48198555, 52.44052319], [13.48209192, 52.4404713], [13.48215996, 52.44043812], [13.48210395, 52.44039543], [13.48209831, 52.44039112], [13.4820746, 52.44037305], [13.48201141, 52.44032488], [13.48200713, 52.44032161], [13.48194859, 52.44027698], [13.4815245, 52.44048403], [13.48114457, 52.44066953]]]]}}, {"type": "Feature", "properties": {"id": "gruenanlagen.00008100_000a6df4", "pitid": "00008100:000a6df4", "kennzeich": "231.088", "bezirkname": "Neukölln", "ortstlname": "Britz", "objartname": "Grünanlage", "namenr": "Uferpromenade Martin-Mährlein-Weg", "namezusatz": null, "baujahr": null, "sanierjahr": null, "katasterfl": 21080.0, "widmung": "gewidmet", "plannr": "08200728", "planname": "Ortolanweg"}, "geometry": {"type": "MultiPolygon", "coordinates": [[[[13.46893767, 52.44006142], [13.46890711, 52.44009251], [13.46890444, 52.44009523], [13.4688709, 52.44013867], [13.46885045, 52.44017011], [13.46883411, 52.44019965], [13.46883272, 52.44020216], [13.46882878, 52.44021052], [13.46880516, 52.44026063], [13.46879611, 52.440282], [13.47009855, 52.44124987], [13.47010983, 52.44125825], [13.47014164, 52.44128189], [13.47014924, 52.44128753], [13.47178873, 52.44250579], [13.4719407, 52.44243373], [13.47199078, 52.44240998], [13.472057, 52.44237858], [13.472083, 52.44236625], [13.4721375, 52.4423404], [13.47202496, 52.44225659], [13.4704376, 52.44107727], [13.47040842, 52.4410556], [13.46903975, 52.44003869], [13.46903191, 52.44003687], [13.46897484, 52.4400236], [13.46893767, 52.44006142]]], [[[13.4724732, 52.44520416], [13.47299649, 52.44494548], [13.47373355, 52.44458461], [13.47424769, 52.44433287], [13.47433557, 52.44428986], [13.47442044, 52.44424832], [13.47447994, 52.44421919], [13.47455349, 52.4441832], [13.47458933, 52.44416319], [13.47460023, 52.4441571], [13.4746509, 52.44412589], [13.47481993, 52.44398259], [13.4748972, 52.4439214], [13.47499416, 52.44385752], [13.47635579, 52.44319868], [13.47642249, 52.44317035], [13.47643259, 52.44316667], [13.47649479, 52.443144], [13.47657301, 52.44312328], [13.47679095, 52.44307435], [13.47685986, 52.44305692], [13.47692118, 52.44303628], [13.47695152, 52.44302428], [13.47686307, 52.44295497], [13.47706959, 52.44285959], [13.47735636, 52.44272715], [13.4776624, 52.44257916], [13.477728, 52.44254744], [13.47782223, 52.4426013], [13.47792858, 52.4425535], [13.47796213, 52.44253842], [13.47798859, 52.44252653], [13.47804595, 52.44250075], [13.47800081, 52.44246417], [13.477961, 52.44243191], [13.47792188, 52.44240021], [13.47768698, 52.44251196], [13.4776537, 52.44252779], [13.47762552, 52.4425412], [13.47684604, 52.44291444], [13.47631014, 52.44316345], [13.47496166, 52.44381593], [13.47469256, 52.44395583], [13.47465963, 52.44397295], [13.47443568, 52.444049], [13.47443455, 52.44404816], [13.47429702, 52.4441173], [13.47413499, 52.44419873], [13.47409454, 52.44421907], [13.47418012, 52.44428266], [13.47420425, 52.44429956], [13.47370672, 52.44455315], [13.47365817, 52.44451579], [13.47317644, 52.44475327], [13.47313197, 52.44477244], [13.47313472, 52.44479524], [13.47269732, 52.4450097], [13.47264638, 52.44503468], [13.47230605, 52.44520154], [13.47225227, 52.44522791], [13.47222427, 52.44524164], [13.47189556, 52.44539877], [13.47174313, 52.44547405], [13.47159584, 52.44554678], [13.47159148, 52.44554957], [13.47155691, 52.44557168], [13.47122785, 52.4457286], [13.47094001, 52.44586585], [13.47088982, 52.44588938], [13.47063375, 52.44601122], [13.47060131, 52.44602665], [13.47050076, 52.44607652], [13.47047093, 52.44609132], [13.47014911, 52.44625094], [13.47012632, 52.44626086], [13.47012363, 52.44626214], [13.46966787, 52.44647862], [13.46967605, 52.44648093], [13.46891639, 52.44684915], [13.4688556, 52.44687861], [13.46821693, 52.44718816], [13.46753167, 52.44751976], [13.46741159, 52.44757782], [13.46732289, 52.44762111], [13.46726532, 52.4476492], [13.46713359, 52.44771348], [13.46708673, 52.44773635], [13.46683565, 52.44785887], [13.46680058, 52.44787599], [13.46655157, 52.44799618], [13.46650264, 52.4480198], [13.46624191, 52.44814564], [13.46618723, 52.44817229], [13.46589345, 52.44831546], [13.46543079, 52.44854094], [13.46541368, 52.44854987], [13.46525776, 52.44863131], [13.46522307, 52.44864943], [13.46513155, 52.44869722], [13.46512182, 52.44870231], [13.46504049, 52.44874478], [13.46489364, 52.44882149], [13.46487769, 52.44883039], [13.46483166, 52.44885607], [13.46471346, 52.44892204], [13.46460448, 52.44898285], [13.46431014, 52.44916739], [13.46427424, 52.4491899], [13.46426114, 52.44919811], [13.46398074, 52.44937389], [13.463818, 52.44949481], [13.46366299, 52.44959684], [13.46362248, 52.44962349], [13.46332551, 52.44984996], [13.46332543, 52.44985002], [13.46315562, 52.44998102], [13.46312808, 52.45000226], [13.46296236, 52.45013009], [13.46288086, 52.45018121], [13.46281068, 52.45024034], [13.46279188, 52.45025618], [13.46273811, 52.45030149], [13.46262544, 52.45035372], [13.46261904, 52.45035668], [13.46258653, 52.45037176], [13.46246537, 52.45042791], [13.46238415, 52.45046578], [13.46231996, 52.45050175], [13.46209072, 52.45062344], [13.46192612, 52.45070506], [13.46191284, 52.45071164], [13.46190735, 52.45071436], [13.4618023, 52.45075902], [13.46179401, 52.45076255], [13.46162604, 52.45083396], [13.46161549, 52.45083844], [13.46159619, 52.45084665], [13.46146971, 52.4508931], [13.46146283, 52.45089563], [13.46165941, 52.45087835], [13.46238217, 52.45055359], [13.46245639, 52.45052024], [13.46277156, 52.45035615], [13.4628451, 52.45031786], [13.46291939, 52.45027918], [13.46302608, 52.45018605], [13.46307979, 52.450143], [13.46319958, 52.450047], [13.46326699, 52.44999388], [13.46338411, 52.44990159], [13.4635546, 52.4497751], [13.46360477, 52.44973788], [13.46376745, 52.44962434], [13.46383775, 52.44957528], [13.46395411, 52.449495], [13.46404611, 52.4494315], [13.46421425, 52.44932486], [13.46427757, 52.4492847], [13.46443074, 52.44918724], [13.46448502, 52.4491527], [13.46467046, 52.44904152], [13.46479297, 52.44897274], [13.4648081, 52.44896425], [13.46496949, 52.44887289], [13.46502621, 52.44884129], [13.4651574, 52.4487682], [13.46531157, 52.44868536], [13.46549606, 52.44859071], [13.46569069, 52.44849402], [13.46631262, 52.44819149], [13.46634415, 52.44817615], [13.46644011, 52.44812946], [13.46668182, 52.44801183], [13.46690123, 52.44790505], [13.46701853, 52.4478483], [13.4672466, 52.44773796], [13.46751563, 52.4476078], [13.46763586, 52.44754964], [13.46832065, 52.44721806], [13.4687105, 52.44702904], [13.46883537, 52.44696855], [13.46903141, 52.44687357], [13.46978188, 52.44650997], [13.47066362, 52.4460828], [13.47071608, 52.44605738], [13.47152489, 52.44566516], [13.47200737, 52.44543118], [13.47201148, 52.44543245], [13.4724732, 52.44520416]], [[13.47458463, 52.44415617], [13.47458254, 52.44415815], [13.47447114, 52.44407535], [13.47445981, 52.44406694], [13.47468089, 52.44399295], [13.47472257, 52.44402593], [13.47458463, 52.44415617]]]]}}, {"type": "Feature", "properties": {"id": "gruenanlagen.00008100_000a6df5", "pitid": "00008100:000a6df5", "kennzeich": "231.092", "bezirkname": "Neukölln", "ortstlname": "Rudow", "objartname": "Grünanlage", "namenr": "Röthepfuhl-Grünanlage", "namezusatz": null, "baujahr": null, "sanierjahr": null, "katasterfl": 17619.0, "widmung": "gewidmet", "plannr": "08401246", "planname": "Waltersdorfer Chaussee Ost"}, "geometry": {"type": "Polygon", "coordinates": [[[13.51001147, 52.406736], [13.50987841, 52.40659774], [13.51018171, 52.40631495], [13.50998927, 52.40623739], [13.50978686, 52.40615567], [13.50934011, 52.40597591], [13.50932926, 52.40598701], [13.50932878, 52.4059875], [13.5093282, 52.4059868], [13.50932799, 52.40598655], [13.50932279, 52.40599217], [13.50931694, 52.40599848], [13.509221, 52.40609761], [13.50907543, 52.40625024], [13.50896874, 52.40636268], [13.50892158, 52.40641238], [13.50872918, 52.40661506], [13.50852643, 52.40682864], [13.5085213, 52.40683405], [13.5084639, 52.40689452], [13.5084612, 52.40689737], [13.50829387, 52.40707363], [13.50797788, 52.40740491], [13.50790585, 52.40748043], [13.5080425, 52.40752201], [13.50816208, 52.4075584], [13.50847625, 52.40765399], [13.50935694, 52.40792195], [13.50947263, 52.4079572], [13.50957864, 52.4079397], [13.50977831, 52.40775386], [13.5097841, 52.40774847], [13.50979305, 52.40774014], [13.50979866, 52.40773492], [13.50990391, 52.40763696], [13.51006591, 52.40748618], [13.51018538, 52.40737567], [13.51004959, 52.40731984], [13.50997285, 52.40728829], [13.50976232, 52.40705173], [13.50974852, 52.4069836], [13.50974751, 52.40697838], [13.50987759, 52.4068589], [13.51001147, 52.406736]], [[13.50919394, 52.40636735], [13.50921978, 52.40641268], [13.50927421, 52.40643681], [13.50935941, 52.40647457], [13.50942328, 52.40651376], [13.50941608, 52.40654853], [13.5093941, 52.40679486], [13.50937016, 52.40689048], [13.50928725, 52.40688025], [13.50918552, 52.40682074], [13.50895084, 52.40657837], [13.50912177, 52.40643511], [13.50914024, 52.40636161], [13.50919394, 52.40636735]]]}}, {"type": "Feature", "properties": {"id": "gruenanlagen.00008100_000a6df6", "pitid": "00008100:000a6df6", "kennzeich": "231.089", "bezirkname": "Neukölln", "ortstlname": "Buckow", "objartname": "Grünanlage", "namenr": "Laubsängerweg", "namezusatz": null, "baujahr": null, "sanierjahr": null, "katasterfl": 5936.0, "widmung": "gewidmet", "plannr": "08401140", "planname": "Vogelviertel Nord"}, "geometry": {"type": "Polygon", "coordinates": [[[13.46317813, 52.43862493], [13.46315177, 52.43863619], [13.46313255, 52.43864439], [13.46312822, 52.43864624], [13.4630238, 52.43869816], [13.46293431, 52.43873566], [13.46280643, 52.43879909], [13.46279915, 52.4388027], [13.46279785, 52.43880344], [13.46265022, 52.4388736], [13.46247334, 52.43895766], [13.46232407, 52.43904052], [13.46175685, 52.43932445], [13.46166743, 52.43937609], [13.46167439, 52.4393794], [13.46183669, 52.4394604], [13.46183725, 52.43946069], [13.46183734, 52.43946073], [13.46184068, 52.4394624], [13.4619383, 52.43951112], [13.46196389, 52.43952397], [13.46198108, 52.43953248], [13.46209614, 52.43958943], [13.46234554, 52.43955517], [13.46254415, 52.43952821], [13.46268168, 52.43959608], [13.46279454, 52.43965167], [13.462806, 52.43965732], [13.46290291, 52.43970504], [13.46293062, 52.43968377], [13.46294905, 52.43966977], [13.4627318, 52.43956273], [13.46279376, 52.4395158], [13.4628244, 52.43949249], [13.46303395, 52.43933343], [13.4631145, 52.43927245], [13.46319572, 52.43921073], [13.46327403, 52.43915135], [13.46318625, 52.439108], [13.46297409, 52.43894163], [13.46323113, 52.43886992], [13.46340291, 52.4388218], [13.46326638, 52.43863801], [13.46318425, 52.43862232], [13.46317813, 52.43862493]]]}}, {"type": "Feature", "properties": {"id": "gruenanlagen.00008100_000a6df7", "pitid": "00008100:000a6df7", "kennzeich": "231.087", "bezirkname": "Neukölln", "ortstlname": "Britz", "objartname": "Grünanlage", "namenr": "Rohrdommelweg-Grünanlage", "namezusatz": null, "baujahr": null, "sanierjahr": "2018", "katasterfl": 6155.0, "widmung": "gewidmet", "plannr": "08200728", "planname": "Ortolanweg"}, "geometry": {"type": "Polygon", "coordinates": [[[13.47414044, 52.43867573], [13.47381625, 52.43838181], [13.47378081, 52.43834968], [13.4736762, 52.43825483], [13.47364423, 52.43822656], [13.47308756, 52.43867903], [13.47305232, 52.43866281], [13.47304885, 52.43866563], [13.4729907, 52.43871287], [13.47299061, 52.43871294], [13.47297948, 52.43872194], [13.47301431, 52.43873235], [13.4730284, 52.43873657], [13.47304286, 52.43876337], [13.47284003, 52.4389884], [13.47270732, 52.43909157], [13.47261163, 52.43916702], [13.47251153, 52.43924059], [13.47212549, 52.43950132], [13.47184885, 52.43962003], [13.47182608, 52.4396298], [13.4717903, 52.43964512], [13.47196388, 52.43977956], [13.47210238, 52.43988682], [13.47210979, 52.43986961], [13.47220304, 52.43965303], [13.47221796, 52.4396214], [13.47223726, 52.43959067], [13.4722587, 52.43956047], [13.47228429, 52.4395315], [13.4723119, 52.43950323], [13.47234337, 52.43947652], [13.47237668, 52.43945065], [13.4724135, 52.43942662], [13.47245197, 52.43940358], [13.47249353, 52.43938264], [13.47256584, 52.43935146], [13.47298483, 52.43919155], [13.4730005, 52.43918557], [13.47330802, 52.4390682], [13.47357808, 52.43896513], [13.47361809, 52.43894986], [13.4737556, 52.43889738], [13.47413898, 52.43875106], [13.47416742, 52.4387402], [13.47417218, 52.43872466], [13.47419439, 52.43872468], [13.47417723, 52.43870903], [13.47414044, 52.43867573]]]}}, {"type": "Feature", "properties": {"id": "gruenanlagen.00008100_000a6df8", "pitid": "00008100:000a6df8", "kennzeich": "231.055", "bezirkname": "Neukölln", "ortstlname": "Britz", "objartname": "Grünanlage", "namenr": "Britzer Wiesen-Grünanlage", "namezusatz": null, "baujahr": null, "sanierjahr": null, "katasterfl": 6063.0, "widmung": "gewidmet", "plannr": "08200728", "planname": "Ortolanweg"}, "geometry": {"type": "Polygon", "coordinates": [[[13.46446217, 52.44703794], [13.4639319, 52.44660181], [13.46368769, 52.44640095], [13.46316186, 52.44596845], [13.46284622, 52.44570883], [13.46283299, 52.44569796], [13.46270937, 52.44576042], [13.46260036, 52.44584609], [13.46255062, 52.44589599], [13.46415545, 52.44719209], [13.46447435, 52.44744963], [13.46475825, 52.44728144], [13.46446217, 52.44703794]]]}}, {"type": "Feature", "properties": {"id": "gruenanlagen.00008100_000a6df9", "pitid": "00008100:000a6df9", "kennzeich": "231.091", "bezirkname": "Neukölln", "ortstlname": "Rudow", "objartname": "Grünanlage", "namenr": "Schmiedeteich-Grünanlage", "namezusatz": null, "baujahr": null, "sanierjahr": null, "katasterfl": 3937.0, "widmung": "gewidmet", "plannr": "08401243", "planname": "Alt-Rudow"}, "geometry": {"type": "Polygon", "coordinates": [[[13.49630812, 52.41809159], [13.49625529, 52.41806461], [13.49622369, 52.41808753], [13.4961096, 52.41817031], [13.49602699, 52.41823025], [13.49597956, 52.41826461], [13.49589836, 52.41823496], [13.49572399, 52.41817131], [13.49564198, 52.41814138], [13.49553733, 52.41810317], [13.49542178, 52.41806099], [13.49537759, 52.41804485], [13.49528925, 52.41811015], [13.49519576, 52.41817927], [13.49510022, 52.41824989], [13.49528233, 52.41834444], [13.49532762, 52.41836795], [13.49534136, 52.41837509], [13.49541274, 52.41841214], [13.49548046, 52.4184473], [13.49545637, 52.41846937], [13.49541788, 52.41850462], [13.49539247, 52.4185279], [13.49565143, 52.41863369], [13.49567366, 52.41864278], [13.49571618, 52.41866016], [13.49590523, 52.41873742], [13.49606043, 52.41880085], [13.49617816, 52.41870777], [13.49619936, 52.41869101], [13.49648027, 52.41848193], [13.49643074, 52.41845522], [13.49635083, 52.41841214], [13.49640877, 52.41837251], [13.49646388, 52.41833482], [13.49649606, 52.41831281], [13.49652435, 52.41829171], [13.49657866, 52.4182512], [13.49659386, 52.41823987], [13.49637522, 52.41812613], [13.49634733, 52.41811162], [13.49630812, 52.41809159]], [[13.49569346, 52.41821709], [13.49570095, 52.41822785], [13.49570673, 52.41823614], [13.49570928, 52.41825607], [13.49570512, 52.41827507], [13.4956948, 52.41828863], [13.49565759, 52.41831108], [13.49561323, 52.41832142], [13.49555854, 52.41832978], [13.49549304, 52.41833167], [13.49543731, 52.41832838], [13.49538347, 52.41831335], [13.49535282, 52.41829779], [13.49532285, 52.41827976], [13.49530848, 52.41825988], [13.49530415, 52.41823479], [13.49530223, 52.41820844], [13.49530311, 52.41820484], [13.4953046, 52.41820096], [13.49530635, 52.41819711], [13.49530861, 52.41819337], [13.49531112, 52.41818969], [13.49531411, 52.41818614], [13.49531734, 52.41818267], [13.49532102, 52.41817938], [13.49532527, 52.41817591], [13.49533001, 52.41817268], [13.49533498, 52.41816958], [13.49534039, 52.41816677], [13.49534599, 52.4181641], [13.49535195, 52.41816175], [13.49535809, 52.41815957], [13.49536392, 52.4181579], [13.49538378, 52.41815523], [13.49541598, 52.41815089], [13.49547742, 52.4181475], [13.49552495, 52.4181506], [13.49556837, 52.41816078], [13.49561456, 52.41817451], [13.49565993, 52.41819393], [13.49567381, 52.41820352], [13.49569346, 52.41821709]], [[13.49565929, 52.41852147], [13.49565962, 52.41851693], [13.49566061, 52.41851243], [13.49566223, 52.418508], [13.49566447, 52.41850367], [13.49566733, 52.41849948], [13.49567077, 52.41849545], [13.49567477, 52.41849163], [13.4956793, 52.41848803], [13.49568433, 52.41848469], [13.49568982, 52.41848163], [13.49569572, 52.41847887], [13.49570199, 52.41847643], [13.49570858, 52.41847434], [13.49571545, 52.41847261], [13.49572254, 52.41847126], [13.49572979, 52.41847028], [13.49573716, 52.4184697], [13.49574458, 52.41846951], [13.495752, 52.41846971], [13.49575936, 52.41847031], [13.49576661, 52.41847131], [13.49577369, 52.41847268], [13.49578055, 52.41847442], [13.49578713, 52.41847653], [13.49579339, 52.41847898], [13.49579927, 52.41848175], [13.49580474, 52.41848482], [13.49580975, 52.41848817], [13.49581426, 52.41849178], [13.49581824, 52.41849562], [13.49582165, 52.41849965], [13.49582448, 52.41850385], [13.49582671, 52.41850818], [13.4958283, 52.41851262], [13.49582926, 52.41851712], [13.49582957, 52.41852166], [13.49582923, 52.41852619], [13.49582825, 52.4185307], [13.49582662, 52.41853513], [13.49582438, 52.41853946], [13.49582152, 52.41854365], [13.49581808, 52.41854767], [13.49581408, 52.4185515], [13.49580955, 52.4185551], [13.49580452, 52.41855844], [13.49579904, 52.4185615], [13.49579313, 52.41856426], [13.49578686, 52.41856669], [13.49578027, 52.41856878], [13.4957734, 52.41857051], [13.49576631, 52.41857187], [13.49575906, 52.41857284], [13.49575169, 52.41857343], [13.49574427, 52.41857362], [13.49573685, 52.41857341], [13.49572949, 52.41857281], [13.49572224, 52.41857182], [13.49571516, 52.41857045], [13.4957083, 52.4185687], [13.49570172, 52.4185666], [13.49569547, 52.41856415], [13.49568958, 52.41856138], [13.49568411, 52.41855831], [13.49567911, 52.41855495], [13.49567459, 52.41855134], [13.49567061, 52.41854751], [13.4956672, 52.41854348], [13.49566437, 52.41853928], [13.49566215, 52.41853494], [13.49566055, 52.41853051], [13.4956596, 52.41852601], [13.49565929, 52.41852147]]]}}, {"type": "Feature", "properties": {"id": "gruenanlagen.00008100_000a6dfb", "pitid": "00008100:000a6dfb", "kennzeich": "231.086", "bezirkname": "Neukölln", "ortstlname": "Rudow", "objartname": "Grünanlage", "namenr": "Rudower Höhe-Grünanlage", "namezusatz": null, "baujahr": null, "sanierjahr": "2020", "katasterfl": 94010.0, "widmung": "gewidmet", "plannr": "08401246", "planname": "Waltersdorfer Chaussee Ost"}, "geometry": {"type": "Polygon", "coordinates": [[[13.5221556, 52.41829893], [13.52214647, 52.41811982], [13.52213405, 52.41791514], [13.52213148, 52.41787276], [13.52213104, 52.41776721], [13.52212933, 52.41735261], [13.52214197, 52.41722744], [13.52214681, 52.41720884], [13.52222088, 52.41692358], [13.52217604, 52.41694366], [13.52214922, 52.416981], [13.52207659, 52.41701362], [13.52201163, 52.41703224], [13.52194668, 52.41704619], [13.52186263, 52.41706246], [13.52174042, 52.41706936], [13.52164112, 52.41707628], [13.52151891, 52.41708084], [13.52125925, 52.4170806], [13.52103777, 52.41708041], [13.52088367, 52.41707024], [13.52074162, 52.41705375], [13.52065769, 52.41703957], [13.52052489, 52.41701407], [13.52044374, 52.41699594], [13.52030556, 52.41696869], [13.52014134, 52.41693576], [13.52011454, 52.41693111], [13.52010423, 52.4169311], [13.52009837, 52.41693621], [13.52009644, 52.41693581], [13.52000927, 52.41691793], [13.51998601, 52.41691316], [13.51962163, 52.41683842], [13.51960434, 52.41683487], [13.51934168, 52.41678108], [13.519195, 52.41675101], [13.51916445, 52.41674748], [13.51913163, 52.41674512], [13.51908001, 52.41674312], [13.51903507, 52.41674327], [13.51900521, 52.41674582], [13.51898753, 52.41676258], [13.51898514, 52.41676484], [13.51896226, 52.41676015], [13.51888958, 52.41674525], [13.51882884, 52.41673279], [13.51883834, 52.41674059], [13.5188615, 52.41675847], [13.51879385, 52.4168224], [13.51865446, 52.41696303], [13.51855242, 52.41706594], [13.51852045, 52.41709818], [13.51836938, 52.41725064], [13.51818246, 52.41743951], [13.51808255, 52.41754031], [13.51791017, 52.41771465], [13.51770596, 52.41792089], [13.51756179, 52.41806727], [13.51735601, 52.41827579], [13.51714546, 52.41849675], [13.51707242, 52.41858082], [13.51699994, 52.41867155], [13.516949, 52.41873246], [13.5169177, 52.41876493], [13.51679277, 52.41888151], [13.51666666, 52.41899818], [13.51652702, 52.41912728], [13.51638174, 52.41926234], [13.51630505, 52.41933329], [13.51613961, 52.41948776], [13.51602517, 52.419594], [13.51598432, 52.41963195], [13.51598223, 52.41963369], [13.51604226, 52.41966072], [13.51633343, 52.41979184], [13.51639596, 52.41982], [13.5164007, 52.41982213], [13.51640201, 52.41982272], [13.5168763, 52.4200363], [13.51688635, 52.42004083], [13.51690473, 52.4200491], [13.51693205, 52.42006141], [13.51698129, 52.42008358], [13.51698171, 52.42008377], [13.51700498, 52.42009424], [13.51700587, 52.42009465], [13.51701331, 52.420098], [13.51701956, 52.42010081], [13.51706028, 52.42011915], [13.51710491, 52.42013923], [13.51730899, 52.42022722], [13.51734852, 52.42019158], [13.51761099, 52.41995493], [13.51765549, 52.41991578], [13.51802759, 52.41957941], [13.51824985, 52.4196312], [13.5183493, 52.41965439], [13.51852442, 52.41969517], [13.51889593, 52.41978178], [13.51929213, 52.41987415], [13.51932048, 52.41988074], [13.51937028, 52.41989233], [13.51939142, 52.41989726], [13.51941993, 52.41990383], [13.51957552, 52.41994009], [13.5195968, 52.41994505], [13.52009924, 52.42006225], [13.52014903, 52.42007386], [13.52032838, 52.42011569], [13.5204145, 52.42013577], [13.520648178109438, 52.42019026722694], [13.520648186500624, 52.42019022973076], [13.520845381461033, 52.41954336129734], [13.52159108583639, 52.41889815625106], [13.522121752286866, 52.41843316127347], [13.5221556, 52.41829893]], [[13.51869701, 52.4171693], [13.51896597, 52.4168779], [13.51917239, 52.41688617], [13.51947215, 52.41692565], [13.51956275, 52.41693612], [13.51969685, 52.41695161], [13.51983082, 52.41696742], [13.5198014, 52.41705563], [13.51972447, 52.41706826], [13.51946407, 52.41711185], [13.51912444, 52.41713571], [13.51885405, 52.41720746], [13.51881061, 52.41719659], [13.51877784, 52.41718839], [13.51877626, 52.417188], [13.51871518, 52.41717272], [13.51869701, 52.4171693]], [[13.51856144, 52.41803524], [13.51855968, 52.4180328], [13.51855617, 52.41802793], [13.51855367, 52.41802445], [13.5185527, 52.41802335], [13.5185462, 52.41801602], [13.51852872, 52.4180327], [13.51841953, 52.4179627], [13.518433, 52.41794676], [13.5184334, 52.41794629], [13.51843468, 52.41794477], [13.51843093, 52.41794346], [13.51841828, 52.41793905], [13.5184035, 52.41793373], [13.51839876, 52.4179324], [13.51839428, 52.41793182], [13.51838774, 52.41793155], [13.51838202, 52.41793189], [13.51837326, 52.4179335], [13.51837311, 52.41793352], [13.51836889, 52.41793498], [13.51835843, 52.41793165], [13.51839478, 52.41788609], [13.51843461, 52.41783793], [13.51845448, 52.41781477], [13.51848863, 52.41777493], [13.51852514, 52.41773473], [13.51852523, 52.41773476], [13.51853782, 52.41773928], [13.5185515, 52.41774419], [13.51858943, 52.41770465], [13.51857548, 52.41769965], [13.5185628, 52.41769511], [13.5185625, 52.417695], [13.5185665, 52.41769126], [13.51859721, 52.4176593], [13.51862829, 52.41762932], [13.51862824, 52.41762931], [13.51862875, 52.41762888], [13.5186354, 52.41762246], [13.51866722, 52.41759592], [13.5187216, 52.41755761], [13.51875187, 52.41753807], [13.51878225, 52.41751865], [13.51878232, 52.41751868], [13.5187826, 52.41751851], [13.51878598, 52.41751639], [13.51887349, 52.41746141], [13.51888221, 52.41746139], [13.51889327, 52.41745962], [13.51890232, 52.4174576], [13.51890525, 52.41745696], [13.51890702, 52.41746012], [13.51891, 52.41746544], [13.51891514, 52.41747457], [13.51898333, 52.41745966], [13.51897585, 52.41744614], [13.51897378, 52.41744236], [13.51897352, 52.41744189], [13.51897459, 52.41744166], [13.51898532, 52.41743934], [13.51900934, 52.41743514], [13.51901522, 52.41743422], [13.51902531, 52.41743243], [13.51903212, 52.41743159], [13.51905412, 52.41742816], [13.5190591, 52.41742738], [13.51910447, 52.41742119], [13.51915048, 52.41741711], [13.51915641, 52.41741673], [13.51915629, 52.41741718], [13.51916666, 52.41741661], [13.51916679, 52.41741616], [13.51917863, 52.41741582], [13.51917891, 52.41741581], [13.51917889, 52.41741586], [13.51917882, 52.41741603], [13.51917736, 52.41741968], [13.51917703, 52.4174205], [13.51917421, 52.41742731], [13.51905261, 52.41772168], [13.51898135, 52.4178942], [13.51896739, 52.41792798], [13.51895637, 52.41795673], [13.51894618, 52.41795775], [13.51892737, 52.41796036], [13.51890871, 52.41796331], [13.51889037, 52.41796695], [13.51883283, 52.41797454], [13.51882668, 52.41797517], [13.51881799, 52.4179759], [13.51877342, 52.41797967], [13.51871968, 52.41798087], [13.51866206, 52.41797976], [13.51865827, 52.41797961], [13.51866677, 52.41800877], [13.51867619, 52.41803363], [13.51868766, 52.41805021], [13.51868866, 52.41805132], [13.51872757, 52.41804512], [13.51874811, 52.41807526], [13.51880294, 52.41815572], [13.51884058, 52.41821096], [13.51881994, 52.41824582], [13.51880909, 52.41826416], [13.51881593, 52.41828254], [13.51881606, 52.41828289], [13.51881809, 52.41828834], [13.51881966, 52.41829256], [13.51882056, 52.41829498], [13.5188213, 52.41829728], [13.51882133, 52.4182974], [13.51882133, 52.41829775], [13.51882117, 52.41829727], [13.51873553, 52.41828794], [13.5184929, 52.41826068], [13.51848653, 52.41825979], [13.51846961, 52.41825305], [13.51844175, 52.41824172], [13.51842254, 52.41823281], [13.51840592, 52.41822439], [13.51838877, 52.4182149], [13.51836915, 52.41820297], [13.51836322, 52.41819893], [13.51836188, 52.41819802], [13.51836616, 52.41819413], [13.5183689, 52.41819079], [13.51837253, 52.41818636], [13.5184104, 52.41814009], [13.51841543, 52.41813899], [13.51854815, 52.41810987], [13.5185631, 52.41810659], [13.51856516, 52.41807912], [13.51856577, 52.4180709], [13.51856652, 52.41807078], [13.51856706, 52.41806631], [13.51856676, 52.41805119], [13.51856582, 52.41804478], [13.51856144, 52.41803524]], [[13.51642401, 52.41970352], [13.51636982, 52.41975634], [13.51636896, 52.41975594], [13.51609613, 52.41963142], [13.51624964, 52.41948933], [13.51634384, 52.41940214], [13.51649845, 52.41925904], [13.51651592, 52.41926571], [13.51656552, 52.41928471], [13.51677106, 52.41936341], [13.51677886, 52.41935579], [13.516779, 52.41935585], [13.5167794, 52.419356], [13.51677162, 52.41936363], [13.51673245, 52.41940165], [13.51670617, 52.41942761], [13.51670146, 52.41943226], [13.51667799, 52.41945546], [13.5166428, 52.41948997], [13.51662591, 52.41950647], [13.51659781, 52.41953394], [13.51655704, 52.41957379], [13.51655515, 52.41957564], [13.5165302, 52.41960003], [13.5165291, 52.4196011], [13.5165111, 52.41961864], [13.51651101, 52.41961873], [13.51642401, 52.41970352]], [[13.51707399, 52.41978458], [13.51705263, 52.41971209], [13.51701803, 52.41963136], [13.51707674, 52.41952583], [13.51710077, 52.41948842], [13.51715142, 52.41948075], [13.51722898, 52.41949325], [13.51732069, 52.41951172], [13.51732236, 52.41951206], [13.51739775, 52.4195326], [13.51750671, 52.419567], [13.51758702, 52.41959313], [13.51765136, 52.4196412], [13.51763181, 52.41969066], [13.51758221, 52.41976034], [13.51741846, 52.41988068], [13.51729471, 52.41992148], [13.51727465, 52.4199258], [13.51713367, 52.4198675], [13.51712544, 52.41982311], [13.51707399, 52.41978458]]]}}, {"type": "Feature", "properties": {"id": "gruenanlagen.00008100_000a6e24", "pitid": "00008100:000a6e24", "kennzeich": "221.084", "bezirkname": "Neukölln", "ortstlname": "Britz", "objartname": "Grünanlage", "namenr": "Papenpfuhl-Grünanlage", "namezusatz": null, "baujahr": null, "sanierjahr": null, "katasterfl": 1250.0, "widmung": "gewidmet", "plannr": "08200729", "planname": "Britzer Garten"}, "geometry": {"type": "Polygon", "coordinates": [[[13.42588734, 52.4384735], [13.42572223, 52.43828026], [13.42570499, 52.43828489], [13.42569703, 52.43827554], [13.42557686, 52.43830868], [13.42551169, 52.43822096], [13.42550312, 52.43820942], [13.42530192, 52.43826521], [13.42537725, 52.43836348], [13.42544344, 52.43843059], [13.42551015, 52.43849822], [13.42565562, 52.43864512], [13.42575831, 52.43873468], [13.42578674, 52.43875948], [13.42581017, 52.43877991], [13.42584234, 52.43875306], [13.42585221, 52.43874482], [13.42585793, 52.43874005], [13.42587572, 52.4387252], [13.42590098, 52.43870412], [13.42592676, 52.4386826], [13.42594338, 52.43866873], [13.42597498, 52.43864236], [13.42601419, 52.43862082], [13.42606904, 52.43859069], [13.42593251, 52.43846035], [13.42588734, 52.4384735]], [[13.42570828, 52.43842612], [13.42582107, 52.43854196], [13.42569471, 52.43858792], [13.42558191, 52.43847207], [13.42570828, 52.43842612]]]}}, {"type": "Feature", "properties": {"id": "gruenanlagen.00008100_000a6e26", "pitid": "00008100:000a6e26", "kennzeich": "211.069", "bezirkname": "Neukölln", "ortstlname": "Buckow", "objartname": "Grünanlage", "namenr": "Hochspannungsweg-Grünanlage", "namezusatz": null, "baujahr": null, "sanierjahr": null, "katasterfl": 91491.0, "widmung": "gewidmet", "plannr": "08200729", "planname": "Britzer Garten"}, "geometry": {"type": "MultiPolygon", "coordinates": [[[[13.43468064, 52.42783781], [13.43467082, 52.42783523], [13.43452494, 52.42779768], [13.43447991, 52.42786171], [13.43407539, 52.42775537], [13.43392267, 52.42771523], [13.43390983, 52.42771185], [13.43390965, 52.42771181], [13.43382318, 52.42768908], [13.4338147, 52.42768685], [13.43381392, 52.42768737], [13.43381382, 52.42768662], [13.43160226, 52.42710524], [13.43158581, 52.42702369], [13.43158548, 52.42702205], [13.43158471, 52.42701822], [13.43157971, 52.42701688], [13.43157948, 52.42701682], [13.43106374, 52.42687897], [13.43030616, 52.42668594], [13.43030677, 52.42668746], [13.43029186, 52.42668357], [13.43022262, 52.42666549], [13.43022114, 52.4266651], [13.43021903, 52.42666455], [13.43010355, 52.42640285], [13.43008291, 52.42636289], [13.43006068, 52.42632325], [13.43003765, 52.42628378], [13.43001303, 52.42624467], [13.42998763, 52.42620574], [13.42996068, 52.42616721], [13.42993295, 52.42612889], [13.42990368, 52.42609099], [13.42988586, 52.42606327], [13.42977305, 52.42591746], [13.42976409, 52.42590467], [13.42975718, 52.42589142], [13.42975133, 52.42587798], [13.4297476, 52.42586425], [13.42974469, 52.42586368], [13.42974169, 52.42586327], [13.42973867, 52.42586295], [13.42973561, 52.42586281], [13.42973255, 52.42586276], [13.42972949, 52.42586288], [13.42972644, 52.4258631], [13.42972344, 52.42586348], [13.42972048, 52.42586396], [13.4297176, 52.4258646], [13.42970881, 52.42586712], [13.42967659, 52.42582417], [13.42965946, 52.42580129], [13.42959917, 52.4258183], [13.42901544, 52.42598295], [13.42892349, 52.42600889], [13.42887272, 52.4260232], [13.42886965, 52.42602407], [13.4287143, 52.42624825], [13.42870159, 52.4262666], [13.42869652, 52.42627355], [13.42828973, 52.426158], [13.42823506, 52.42614247], [13.42823431, 52.42614356], [13.42823404, 52.42614395], [13.4281744, 52.4261283], [13.42799883, 52.42608224], [13.42794478, 52.42606806], [13.42739886, 52.42592484], [13.42711881, 52.42585137], [13.42706172, 52.4258364], [13.42644824, 52.42567545], [13.426388, 52.42565964], [13.42578421, 52.42550123], [13.42572525, 52.42548576], [13.42550091, 52.4254269], [13.42536202, 52.42539028], [13.4252726, 52.4253667], [13.42494184, 52.42527948], [13.42489238, 52.42526644], [13.42430932, 52.42511269], [13.42424553, 52.42509586], [13.42412338, 52.42506365], [13.42384659, 52.42499233], [13.42375438, 52.42496857], [13.42367391, 52.42494745], [13.42361839, 52.42493288], [13.42302401, 52.42477689], [13.42296837, 52.42476228], [13.42271076, 52.42469467], [13.42267797, 52.42468607], [13.42164424, 52.42441476], [13.42135249, 52.42433823], [13.42134721, 52.42433687], [13.42130901, 52.42432684], [13.42123283, 52.42430684], [13.42120319, 52.42429907], [13.42116412, 52.42428883], [13.4192235, 52.4237804], [13.41919888, 52.42377395], [13.41917722, 52.42376827], [13.41917498, 52.42376768], [13.41916995, 52.42376636], [13.41896414, 52.42371243], [13.41892597, 52.42370242], [13.41892588, 52.42370256], [13.41888822, 52.42375573], [13.41887607, 52.42377288], [13.4188745, 52.42377512], [13.41886708, 52.42378572], [13.41886465, 52.4237892], [13.41886463, 52.42378924], [13.41885236, 52.42380687], [13.41882021, 52.4238531], [13.41879127, 52.42384553], [13.41875658, 52.42383646], [13.41875633, 52.42383639], [13.41874028, 52.42383232], [13.41873971, 52.42383217], [13.41870753, 52.42382372], [13.41867331, 52.42381472], [13.41863, 52.42380334], [13.41822195, 52.42369611], [13.41820831, 52.42369252], [13.41817655, 52.42368417], [13.41817617, 52.42368408], [13.41815992, 52.4236799], [13.41815932, 52.42367974], [13.41815659, 52.42367903], [13.41812459, 52.42367068], [13.41809973, 52.4236642], [13.41810198, 52.42366095], [13.41820443, 52.42351334], [13.41636983, 52.42303253], [13.41631662, 52.42301858], [13.41592692, 52.42291645], [13.4158968, 52.42290855], [13.41574808, 52.42286948], [13.41508579, 52.4226961], [13.41505337, 52.4229287], [13.41505035, 52.42294883], [13.4150442, 52.42297811], [13.41516928, 52.4230109], [13.41521477, 52.42302283], [13.41623306, 52.4232898], [13.41639612, 52.42333255], [13.41766044, 52.423664], [13.41782612, 52.42370743], [13.4204303, 52.42439008], [13.4204769, 52.4244023], [13.42076057, 52.42447665], [13.42085561, 52.42450156], [13.42086352, 52.42450363], [13.4208847, 52.42450917], [13.42093007, 52.42452102], [13.42093352, 52.42452192], [13.42095125, 52.42452656], [13.42096993, 52.42453145], [13.42097219, 52.42453204], [13.42099441, 52.42453786], [13.42113209, 52.42457398], [13.42214174, 52.42483887], [13.4221424, 52.42483905], [13.42223855, 52.42486427], [13.42232325, 52.42488649], [13.42233155, 52.42488868], [13.42232962, 52.42488967], [13.42219531, 52.4249588], [13.42225284, 52.42498983], [13.42265996, 52.42522265], [13.4227212, 52.42513219], [13.42280215, 52.4250126], [13.42285778, 52.42502718], [13.42344675, 52.4251816], [13.42344791, 52.4251819], [13.42350257, 52.42519623], [13.42410285, 52.42535361], [13.4241548, 52.42536723], [13.42475244, 52.42552391], [13.42480646, 52.42553807], [13.42480824, 52.42553854], [13.42475455, 52.42562889], [13.42474565, 52.42564073], [13.42473853, 52.425653], [13.42473232, 52.42566546], [13.42472798, 52.42567821], [13.42472458, 52.42569107], [13.42472309, 52.42570406], [13.42472256, 52.42571708], [13.42472395, 52.42573007], [13.4247263, 52.42574302], [13.42473054, 52.42575578], [13.42473573, 52.42576841], [13.42474275, 52.42578071], [13.42475068, 52.4257928], [13.42476035, 52.4258044], [13.42477087, 52.42581572], [13.42478302, 52.42582642], [13.42479595, 52.42583678], [13.42481034, 52.42584638], [13.42482544, 52.42585557], [13.42484182, 52.42586389], [13.42484246, 52.42586503], [13.42484327, 52.42586614], [13.42484415, 52.42586722], [13.42484519, 52.42586824], [13.42484631, 52.42586924], [13.42484756, 52.42587017], [13.42484889, 52.42587107], [13.42485034, 52.42587189], [13.42485185, 52.42587267], [13.42485346, 52.42587336], [13.42485513, 52.42587401], [13.42485688, 52.42587457], [13.42485868, 52.42587508], [13.42486054, 52.42587548], [13.42486243, 52.42587584], [13.42486436, 52.42587609], [13.42486631, 52.42587628], [13.42486828, 52.42587637], [13.42487025, 52.42587641], [13.42487223, 52.42587634], [13.42487419, 52.42587621], [13.42487613, 52.42587597], [13.42487805, 52.42587569], [13.42487992, 52.4258753], [13.42488175, 52.42587485], [13.42488352, 52.42587431], [13.42488525, 52.42587372], [13.42488688, 52.42587304], [13.42488846, 52.42587232], [13.42488992, 52.42587151], [13.42489133, 52.42587066], [13.42489261, 52.42586974], [13.42489382, 52.42586878], [13.42489488, 52.42586776], [13.42489587, 52.42586672], [13.4248967, 52.42586562], [13.42510933, 52.42561747], [13.42511159, 52.42561806], [13.42519014, 52.42563865], [13.42525595, 52.42565591], [13.42549957, 52.42571978], [13.42555922, 52.42573542], [13.42560937, 52.42574858], [13.42621765, 52.42590814], [13.42627307, 52.42592267], [13.4268528, 52.42607474], [13.42690988, 52.42608972], [13.42718401, 52.42616162], [13.42698836, 52.42644763], [13.42689814, 52.42657409], [13.42660663, 52.4266211], [13.42608496, 52.42670804], [13.42600233, 52.42672181], [13.42600298, 52.42672303], [13.42601509, 52.42674571], [13.42605033, 52.42681167], [13.42605073, 52.42681241], [13.42606951, 52.42684756], [13.42607213, 52.42685247], [13.4261063, 52.42691643], [13.42630782, 52.42688327], [13.42634413, 52.42687219], [13.4269651, 52.42672133], [13.42739228, 52.42661754], [13.42781946, 52.42651376], [13.42819723, 52.42642737], [13.42841633, 52.42648484], [13.42866332, 52.42654962], [13.42871865, 52.42656413], [13.42939232, 52.42674082], [13.4293922, 52.42674052], [13.42973173, 52.4268296], [13.42976451, 52.42683822], [13.42998611, 52.42689656], [13.43025966, 52.4269683], [13.43034445, 52.42699058], [13.43034485, 52.42699137], [13.43035514, 52.42699407], [13.43037853, 52.4270002], [13.43043052, 52.42701382], [13.43043218, 52.42701379], [13.43043232, 52.42701416], [13.43048945, 52.42702925], [13.43055394, 52.42704615], [13.43065773, 52.42707334], [13.43096024, 52.42715306], [13.43125873, 52.42723172], [13.43241611, 52.42753432], [13.43309504, 52.42771182], [13.43330663, 52.42776851], [13.43346881, 52.42781196], [13.43347409, 52.42781338], [13.4335028, 52.42782107], [13.43352495, 52.427827], [13.43356278, 52.42783714], [13.43356374, 52.4278374], [13.43357661, 52.42783106], [13.43358128, 52.42782876], [13.43358664, 52.42782744], [13.43362639, 52.42781764], [13.43362745, 52.42781738], [13.43362958, 52.42781708], [13.43363449, 52.42781637], [13.43365655, 52.4278132], [13.43369428, 52.4278137], [13.43369669, 52.42781373], [13.43475354, 52.42809082], [13.43475673, 52.42803366], [13.43476515, 52.42788327], [13.43476572, 52.42786017], [13.43472999, 52.42785078], [13.43472977, 52.42785072], [13.43468064, 52.42783781]], [[13.41768444, 52.423468], [13.41769583, 52.42347099], [13.41763753, 52.42355349], [13.4176264, 52.42355056], [13.41739841, 52.42349067], [13.41732123, 52.42347039], [13.41730138, 52.42346518], [13.4173606, 52.42338292], [13.41745644, 52.4234081], [13.41768444, 52.423468]], [[13.42159798, 52.4245112], [13.4215527, 52.42456768], [13.42148465, 52.42454998], [13.42152967, 52.42449456], [13.42159798, 52.4245112]], [[13.42454461, 52.4252271], [13.42471405, 52.42527122], [13.42475422, 52.42528168], [13.42467588, 52.42538827], [13.42463915, 52.42537871], [13.42446972, 52.42533458], [13.42442008, 52.42532166], [13.42449411, 52.42521395], [13.42454461, 52.4252271]]], [[[13.42464411, 52.42701445], [13.42436916, 52.42708518], [13.4241882, 52.42713437], [13.42409557, 52.42715955], [13.42382528, 52.42723679], [13.42355181, 52.42731952], [13.42328306, 52.42740516], [13.42295046, 52.42751732], [13.42287723, 52.42754353], [13.42300822, 52.4277122], [13.42323736, 52.42763322], [13.42348676, 52.42755427], [13.42380535, 52.4274565], [13.42404517, 52.42738773], [13.42434104, 52.42730595], [13.42436941, 52.42729819], [13.42447347, 52.42726976], [13.4247049, 52.42721117], [13.42503413, 52.42713089], [13.42509202, 52.42711772], [13.42532636, 52.42706439], [13.42547106, 52.42703501], [13.42552911, 52.42702323], [13.42549336, 52.4269564], [13.42544995, 52.42687526], [13.42543042, 52.4268362], [13.42519759, 52.42688426], [13.42492035, 52.42694772], [13.42464411, 52.42701445]]], [[[13.44161528, 52.42965828], [13.44153348, 52.42963686], [13.44073534, 52.42942728], [13.44003485, 52.42924347], [13.4399805, 52.42922919], [13.43922436, 52.42903074], [13.43846807, 52.42883219], [13.43841388, 52.42881801], [13.43780806, 52.42865897], [13.43772823, 52.42877019], [13.4376987, 52.42881133], [13.43769574, 52.42881545], [13.43739981, 52.42873735], [13.43751259, 52.42858142], [13.4371253, 52.42847976], [13.43704988, 52.42845997], [13.43698195, 52.42844214], [13.43689617, 52.42841963], [13.43689375, 52.4284384], [13.4360523, 52.42821759], [13.43605472, 52.42819872], [13.43573887, 52.42811581], [13.43528892, 52.42799763], [13.43528099, 52.42818056], [13.43527935, 52.42821859], [13.43527635, 52.42828777], [13.43537795, 52.42831444], [13.43542744, 52.42832743], [13.43601852, 52.42848256], [13.4365772, 52.42862922], [13.43662393, 52.42864149], [13.43669489, 52.42866011], [13.43676041, 52.42867731], [13.43685998, 52.42870345], [13.43694543, 52.42872588], [13.4376054, 52.42889904], [13.43826651, 52.42907255], [13.43832085, 52.42908682], [13.4383649, 52.4290984], [13.43907567, 52.42928492], [13.43910697, 52.42929316], [13.43920183, 52.42931802], [13.43982447, 52.42948139], [13.43987954, 52.42949585], [13.43995327, 52.42951519], [13.44000792, 52.42952958], [13.44063556, 52.4296943], [13.44069036, 52.42970867], [13.4412846, 52.4298646], [13.44135603, 52.42988334], [13.44144047, 52.4299054], [13.44191864, 52.43003089], [13.44213526, 52.43008775], [13.44228786, 52.42992755], [13.44231305, 52.4299011], [13.44235853, 52.42985337], [13.44214177, 52.42979641], [13.44213425, 52.42980422], [13.44160995, 52.42966662], [13.44161528, 52.42965828]]], [[[13.44337733, 52.42965252], [13.44339379, 52.42960665], [13.44341262, 52.42956113], [13.44343612, 52.42951643], [13.44345988, 52.42947552], [13.44348752, 52.42943554], [13.44351706, 52.42939606], [13.44355033, 52.42935772], [13.44358542, 52.42931998], [13.44362406, 52.42928356], [13.44366443, 52.42924785], [13.44370815, 52.42921365], [13.44395858, 52.42902362], [13.44365899, 52.42891778], [13.44293338, 52.42967885], [13.44336565, 52.42969893], [13.44337733, 52.42965252]]], [[[13.44382259, 52.42926989], [13.44378286, 52.42930102], [13.44374618, 52.42933352], [13.44371107, 52.42936665], [13.4436792, 52.42940099], [13.44364898, 52.42943589], [13.44362216, 52.4294718], [13.44359707, 52.42950818], [13.4435755, 52.4295454], [13.44355567, 52.42958295], [13.44355264, 52.4295901], [13.44445754, 52.42947104], [13.44444668, 52.42944726], [13.4443843, 52.4293166], [13.44431065, 52.42920891], [13.4442155, 52.4291082], [13.44412758, 52.42903807], [13.44400873, 52.4291284], [13.44398916, 52.42914328], [13.44382259, 52.42926989]]], [[[13.44224615, 52.43011722], [13.44246367, 52.43017282], [13.44337881, 52.43041415], [13.44338105, 52.43041475], [13.44337386, 52.43023535], [13.44336973, 52.43021678], [13.44336014, 52.43017359], [13.44334658, 52.43011255], [13.44268561, 52.42993898], [13.442469, 52.42988212], [13.4424158, 52.42993824], [13.44239195, 52.4299634], [13.44224615, 52.43011722]]], [[[13.44594197, 52.43079387], [13.44591226, 52.43078609], [13.44581807, 52.43076136], [13.4458083, 52.4307588], [13.445756, 52.43074508], [13.44568668, 52.43072689], [13.44501128, 52.43054954], [13.44494164, 52.43053128], [13.44488935, 52.43041663], [13.4448261, 52.43027812], [13.44476273, 52.43013962], [13.44472728, 52.43006183], [13.44350978, 52.43014164], [13.44351034, 52.43015549], [13.44351239, 52.43020658], [13.44351432, 52.43025506], [13.44352219, 52.43045181], [13.44476547, 52.43077815], [13.44479204, 52.43084102], [13.44495966, 52.4312376], [13.44455363, 52.43130036], [13.44455358, 52.43130037], [13.44388193, 52.43140418], [13.44378404, 52.43151955], [13.44376704, 52.43153959], [13.44386693, 52.43152256], [13.44415, 52.43147429], [13.44443322, 52.43142601], [13.44471645, 52.43137764], [13.44499953, 52.43132936], [13.44528448, 52.43128076], [13.44519823, 52.43107558], [13.44531089, 52.43090868], [13.4453116, 52.43090762], [13.44531878, 52.43089728], [13.44532292, 52.43089119], [13.44534696, 52.43085589], [13.44535413, 52.43085344], [13.44536143, 52.43085113], [13.44536886, 52.43084898], [13.4453764, 52.43084698], [13.44538405, 52.43084515], [13.44539179, 52.43084347], [13.44539963, 52.43084195], [13.44540754, 52.4308406], [13.44541553, 52.43083942], [13.44542357, 52.4308384], [13.44543167, 52.43083755], [13.44543981, 52.43083686], [13.44544799, 52.43083635], [13.44545619, 52.43083601], [13.4454644, 52.43083583], [13.44547262, 52.43083583], [13.44548083, 52.430836], [13.44548903, 52.43083634], [13.44549721, 52.43083685], [13.44550535, 52.43083753], [13.44568308, 52.43087158], [13.44588811, 52.43093407], [13.44589214, 52.43094289], [13.44590788, 52.43097735], [13.44589011, 52.4309806], [13.44589628, 52.43099511], [13.44590604, 52.43101669], [13.44596942, 52.43115734], [13.44597745, 52.43117848], [13.4459983, 52.43122673], [13.44530946, 52.43134018], [13.44532925, 52.43138344], [13.44603807, 52.4312624], [13.44612284, 52.4312477], [13.44638413, 52.43120325], [13.44686189, 52.43132863], [13.44701535, 52.43136893], [13.44791816, 52.43160603], [13.44798735, 52.4316242], [13.44884474, 52.43184926], [13.44881437, 52.43176536], [13.44881134, 52.43175872], [13.44879376, 52.43172016], [13.44870173, 52.43151824], [13.44797338, 52.43132707], [13.44783504, 52.43129074], [13.44776587, 52.43127257], [13.44774308, 52.43126659], [13.44768528, 52.43125142], [13.44762709, 52.43123615], [13.44689554, 52.43104416], [13.44683797, 52.43102907], [13.44603301, 52.43081773], [13.44599595, 52.43080802], [13.44594197, 52.43079387]], [[13.44507525, 52.43076226], [13.44510417, 52.43079559], [13.44518991, 52.43084972], [13.445191, 52.43085016], [13.44515103, 52.43090971], [13.44487614, 52.43084077], [13.44495428, 52.43072437], [13.44507179, 52.43075385], [13.44507525, 52.43076226]]]]}}, {"type": "Feature", "properties": {"id": "gruenanlagen.00008100_000a6e27", "pitid": "00008100:000a6e27", "kennzeich": "221.057", "bezirkname": "Neukölln", "ortstlname": "Britz", "objartname": "Grünanlage", "namenr": "Gielower Strasse-Grünanlage", "namezusatz": null, "baujahr": null, "sanierjahr": null, "katasterfl": 8985.0, "widmung": "gewidmet", "plannr": "08200727", "planname": "Parchimer Allee Süd"}, "geometry": {"type": "Polygon", "coordinates": [[[13.45505555, 52.44272646], [13.45506331, 52.4427278], [13.45506675, 52.44272841], [13.45510136, 52.44273457], [13.45518967, 52.44271606], [13.45519043, 52.4427159], [13.45540132, 52.4426717], [13.45543759, 52.4426641], [13.45543811, 52.44266399], [13.45547319, 52.44265664], [13.45581045, 52.44258595], [13.45592466, 52.44257045], [13.45593173, 52.44256949], [13.45593303, 52.44256931], [13.4559339, 52.44256714], [13.45594446, 52.44254081], [13.45596138, 52.44250022], [13.45566293, 52.44225086], [13.45565926, 52.4422478], [13.45546027, 52.44208148], [13.45526129, 52.44191516], [13.45492982, 52.44206458], [13.4548684, 52.44208947], [13.45480303, 52.4421105], [13.45457616, 52.44217487], [13.45443384, 52.44222808], [13.45443345, 52.44222822], [13.4543142, 52.44229967], [13.4542277, 52.44236551], [13.45418176, 52.44240047], [13.4541782, 52.44240318], [13.4541245, 52.4423839], [13.45395006, 52.44232127], [13.45393492, 52.44231584], [13.45383133, 52.44227865], [13.45359607, 52.44218303], [13.45349628, 52.44214247], [13.45326343, 52.44204229], [13.45324631, 52.44207109], [13.45323354, 52.44210073], [13.45322299, 52.44213069], [13.45321693, 52.44216111], [13.45321314, 52.44219166], [13.4532139, 52.44222231], [13.45321692, 52.44225295], [13.45322449, 52.44228329], [13.45323432, 52.4423134], [13.45324858, 52.44234283], [13.45325651, 52.44235682], [13.45326048, 52.44236382], [13.45326502, 52.44237183], [13.4532857, 52.44239981], [13.45342179, 52.44257282], [13.45348704, 52.44266337], [13.45349083, 52.44266863], [13.4535048, 52.44269102], [13.45355177, 52.44276631], [13.45433434, 52.44260282], [13.45435282, 52.44263586], [13.45447176, 52.44284845], [13.45488947, 52.44276116], [13.45505555, 52.44272646]], [[13.45513105, 52.44205533], [13.45513608, 52.44205538], [13.4551411, 52.44205558], [13.45514607, 52.44205607], [13.455151, 52.44205669], [13.45515581, 52.4420576], [13.45516055, 52.44205863], [13.45516511, 52.44205994], [13.45516956, 52.44206137], [13.45517378, 52.44206304], [13.45517786, 52.44206484], [13.45518166, 52.44206686], [13.45518529, 52.44206898], [13.45518859, 52.44207131], [13.45519171, 52.44207372], [13.45519444, 52.4420763], [13.45519698, 52.44207896], [13.4551991, 52.44208175], [13.45520101, 52.44208459], [13.45520248, 52.44208753], [13.45520372, 52.44209051], [13.4552045, 52.44209355], [13.45520505, 52.44209661], [13.45520513, 52.44209968], [13.45520498, 52.44210276], [13.45520436, 52.44210581], [13.45520351, 52.44210884], [13.4552022, 52.44211181], [13.45520067, 52.44211474], [13.4551987, 52.44211757], [13.45519651, 52.44212034], [13.45519392, 52.44212297], [13.45519112, 52.44212553], [13.45518795, 52.44212792], [13.4551846, 52.44213021], [13.45518092, 52.44213231], [13.45517708, 52.44213429], [13.45517295, 52.44213605], [13.4551687, 52.4421377], [13.45516421, 52.44213909], [13.45515963, 52.44214035], [13.45515487, 52.44214135], [13.45515004, 52.44214221], [13.45514509, 52.4421428], [13.45514012, 52.44214324], [13.45513509, 52.4421434], [13.45513006, 52.44214341], [13.45512505, 52.44214314], [13.45512006, 52.44214273], [13.45511516, 52.44214203], [13.45511032, 52.4421412], [13.45510562, 52.44214009], [13.45510101, 52.44213886], [13.45509662, 52.44213736], [13.45509234, 52.44213575], [13.45508832, 52.44213389], [13.45508445, 52.44213193], [13.4550809, 52.44212975], [13.45507751, 52.44212748], [13.45507449, 52.44212502], [13.45507166, 52.44212248], [13.45506922, 52.44211979], [13.45506699, 52.44211703], [13.45506519, 52.44211416], [13.45506362, 52.44211124], [13.45506249, 52.44210824], [13.45506159, 52.44210522], [13.45506116, 52.44210216], [13.45506096, 52.44209908], [13.45506123, 52.44209601], [13.45506173, 52.44209295], [13.45506269, 52.44208994], [13.45506389, 52.44208695], [13.45506553, 52.44208404], [13.45506739, 52.44208119], [13.45506968, 52.44207845], [13.45507217, 52.44207578], [13.45507506, 52.44207326], [13.45507814, 52.44207083], [13.45508158, 52.44206858], [13.45508518, 52.44206643], [13.45508909, 52.4420645], [13.45509315, 52.44206268], [13.45509747, 52.4420611], [13.4551019, 52.44205964], [13.45510653, 52.44205844], [13.45511125, 52.44205738], [13.45511612, 52.44205658], [13.45512103, 52.44205593], [13.45512603, 52.44205556], [13.45513105, 52.44205533]], [[13.45497084, 52.44229416], [13.45491639, 52.44222884], [13.45497632, 52.44220969], [13.45503136, 52.44227474], [13.45497084, 52.44229416]], [[13.4547765, 52.4424281], [13.45477215, 52.44242836], [13.45476778, 52.44242838], [13.45476342, 52.44242829], [13.45475908, 52.44242796], [13.45475478, 52.44242752], [13.45475055, 52.44242684], [13.45474638, 52.44242605], [13.45474234, 52.44242504], [13.45473837, 52.44242393], [13.45473458, 52.4424226], [13.45473089, 52.44242117], [13.45472742, 52.44241955], [13.45472407, 52.44241784], [13.45472098, 52.44241596], [13.45471803, 52.44241399], [13.45471537, 52.44241187], [13.45471287, 52.44240968], [13.45471069, 52.44240737], [13.45468874, 52.44238119], [13.45466253, 52.44238969], [13.45464884, 52.44239353], [13.45459342, 52.44232769], [13.45455486, 52.44228187], [13.45456782, 52.44227749], [13.45459402, 52.44226926], [13.45481489, 52.44219984], [13.45491019, 52.44231132], [13.45480638, 52.44234415], [13.4548279, 52.44237034], [13.45482979, 52.44237285], [13.45483131, 52.44237546], [13.45483262, 52.44237811], [13.45483354, 52.44238082], [13.45483425, 52.44238355], [13.45483455, 52.44238631], [13.45483464, 52.44238908], [13.45483432, 52.44239184], [13.45483379, 52.44239459], [13.45483286, 52.4423973], [13.45483172, 52.44239997], [13.45483019, 52.44240258], [13.45482846, 52.44240514], [13.45482636, 52.44240759], [13.45482408, 52.44240998], [13.45482145, 52.44241223], [13.45481866, 52.44241441], [13.45481555, 52.44241642], [13.45481229, 52.44241835], [13.45480876, 52.44242008], [13.45480511, 52.44242172], [13.45480122, 52.44242314], [13.45479737, 52.4424244], [13.45479336, 52.44242546], [13.45478928, 52.4424264], [13.45478507, 52.44242712], [13.45478082, 52.44242773], [13.4547765, 52.4424281]], [[13.45504359, 52.44230055], [13.45504862, 52.44230059], [13.45505364, 52.44230077], [13.45505861, 52.44230124], [13.45506354, 52.44230185], [13.45506836, 52.44230274], [13.4550731, 52.44230377], [13.45507767, 52.44230506], [13.45508214, 52.44230648], [13.45508637, 52.44230814], [13.45509047, 52.44230992], [13.45509428, 52.44231193], [13.4550949, 52.4423123], [13.45509793, 52.44231405], [13.45510124, 52.44231636], [13.45510438, 52.44231877], [13.45510713, 52.44232134], [13.45510969, 52.44232399], [13.45511183, 52.44232677], [13.45511376, 52.44232961], [13.45511525, 52.44233255], [13.45511651, 52.44233552], [13.45511732, 52.44233856], [13.45511789, 52.44234161], [13.455118, 52.44234469], [13.45511787, 52.44234776], [13.45511728, 52.44235081], [13.45511645, 52.44235385], [13.45511516, 52.44235682], [13.45511366, 52.44235975], [13.45511171, 52.44236259], [13.45510954, 52.44236537], [13.45510697, 52.44236801], [13.45510419, 52.44237057], [13.45510104, 52.44237297], [13.45509771, 52.44237528], [13.45509404, 52.44237738], [13.45509022, 52.44237938], [13.4550861, 52.44238115], [13.45508186, 52.44238281], [13.45507739, 52.44238421], [13.45507281, 52.44238549], [13.45506806, 52.4423865], [13.45506323, 52.44238738], [13.45506043, 52.44238772], [13.4550583, 52.44238798], [13.45505332, 52.44238843], [13.4550483, 52.44238861], [13.45504326, 52.44238864], [13.45503825, 52.44238838], [13.45503326, 52.44238798], [13.45502835, 52.4423873], [13.4550235, 52.44238648], [13.4550188, 52.44238539], [13.45501418, 52.44238416], [13.45500977, 52.44238268], [13.45500548, 52.44238108], [13.45500145, 52.44237923], [13.45499756, 52.44237728], [13.45499399, 52.44237511], [13.45499059, 52.44237285], [13.45498755, 52.4423704], [13.45498469, 52.44236786], [13.45498224, 52.44236518], [13.45497999, 52.44236243], [13.45497817, 52.44235956], [13.45497657, 52.44235665], [13.45497542, 52.44235365], [13.4549745, 52.44235063], [13.45497404, 52.44234757], [13.45497382, 52.44234449], [13.45497407, 52.44234142], [13.45497455, 52.44233836], [13.45497549, 52.44233534], [13.45497666, 52.44233235], [13.45497828, 52.44232944], [13.45498012, 52.44232658], [13.45498239, 52.44232383], [13.45498487, 52.44232115], [13.45498774, 52.44231863], [13.4549908, 52.44231619], [13.45499422, 52.44231393], [13.45499781, 52.44231177], [13.45500171, 52.44230983], [13.45500575, 52.442308], [13.45501006, 52.44230641], [13.45501448, 52.44230494], [13.4550191, 52.44230373], [13.45502381, 52.44230265], [13.45502867, 52.44230184], [13.45503358, 52.44230117], [13.45503857, 52.44230079], [13.45504359, 52.44230055]], [[13.45490726, 52.44244188], [13.45490608, 52.44243466], [13.45490608, 52.44242739], [13.45490668, 52.44242014], [13.45490847, 52.44241296], [13.45492279, 52.44239761], [13.45495133, 52.4423955], [13.45505532, 52.44242935], [13.45506886, 52.44250072], [13.45505028, 52.44251436], [13.45502072, 52.44251512], [13.45496739, 52.44250156], [13.45494272, 52.44249173], [13.45493583, 52.44248644], [13.45492978, 52.44248077], [13.45492416, 52.44247494], [13.45491946, 52.44246882], [13.45491523, 52.44246257], [13.45491198, 52.4424561], [13.45490904, 52.44244906], [13.45490726, 52.44244188]], [[13.45452497, 52.44274284], [13.45442901, 52.44261221], [13.45452633, 52.44258216], [13.4547012, 52.44254198], [13.45505292, 52.44262948], [13.45503353, 52.44266324], [13.4547496, 52.44272654], [13.45472585, 52.44274394], [13.45458852, 52.44277573], [13.4545547, 52.44278357], [13.45452497, 52.44274284]]]}}, {"type": "Feature", "properties": {"id": "gruenanlagen.00008100_000a6e28", "pitid": "00008100:000a6e28", "kennzeich": "221.068", "bezirkname": "Neukölln", "ortstlname": "Britz", "objartname": "Grünanlage", "namenr": "Roetepfuhl-Grünanlage", "namezusatz": null, "baujahr": null, "sanierjahr": null, "katasterfl": 22888.0, "widmung": "gewidmet", "plannr": "08200729", "planname": "Britzer Garten"}, "geometry": {"type": "Polygon", "coordinates": [[[13.42947942, 52.44212606], [13.42939863, 52.44206575], [13.42919663, 52.44191494], [13.42887608, 52.44167563], [13.42884246, 52.44165053], [13.4286552, 52.44151072], [13.42840134, 52.4413212], [13.42832197, 52.44126194], [13.4280592, 52.44109426], [13.42780914, 52.44094367], [13.42778602, 52.44092973], [13.42778209, 52.44092736], [13.42766835, 52.44085887], [13.42743531, 52.44071883], [13.42735205, 52.44075218], [13.42732382, 52.44076349], [13.42721263, 52.44080802], [13.42717669, 52.44082242], [13.42702825, 52.44088188], [13.42702817, 52.44088183], [13.42676597, 52.4409868], [13.42633897, 52.44115775], [13.4262896, 52.44117755], [13.42594396, 52.4413159], [13.42597727, 52.4413324], [13.42648069, 52.44158083], [13.42634178, 52.44195759], [13.42634031, 52.44196136], [13.42638762, 52.4419712], [13.42640635, 52.44197509], [13.42642456, 52.44197888], [13.42646246, 52.44198675], [13.42646436, 52.44198715], [13.42656258, 52.44200757], [13.42658646, 52.44201253], [13.42663178, 52.44202195], [13.42682366, 52.44206184], [13.42685968, 52.44196763], [13.42659386, 52.44191955], [13.42667922, 52.44167903], [13.42701039, 52.44184288], [13.42733611, 52.44191092], [13.42729255, 52.44198256], [13.42724914, 52.44205402], [13.42722933, 52.44208664], [13.42719728, 52.4421394], [13.42720398, 52.44214079], [13.42739579, 52.4421807], [13.42754564, 52.44221241], [13.42784231, 52.44227414], [13.42790706, 52.44228761], [13.42813983, 52.442336], [13.42815857, 52.44233989], [13.42831426, 52.44237225], [13.42953852, 52.44262671], [13.4296158, 52.44264274], [13.42964602, 52.44264903], [13.42965875, 52.44265167], [13.429747, 52.44267002], [13.43013782, 52.4427513], [13.43014427, 52.44275264], [13.43008703, 52.44269394], [13.42978825, 52.44238853], [13.42970196, 52.44231524], [13.42947942, 52.44212606]], [[13.42732066, 52.44154235], [13.42711075, 52.44146535], [13.42708035, 52.44143837], [13.42706697, 52.44139693], [13.42706707, 52.44137414], [13.42709091, 52.44135347], [13.42719615, 52.44132879], [13.42726402, 52.44131855], [13.42748117, 52.44129406], [13.42758292, 52.44129216], [13.42773559, 52.44127999], [13.42784756, 52.44126568], [13.4279629, 52.44125966], [13.42805779, 52.44127432], [13.42817967, 52.44132009], [13.42829183, 52.44138132], [13.42830146, 52.44138658], [13.42834526, 52.44145086], [13.42843647, 52.44152972], [13.42849052, 52.44157538], [13.42851483, 52.44161656], [13.42851745, 52.441621], [13.42852397, 52.441679], [13.42848637, 52.44174522], [13.42841472, 52.44184245], [13.42836372, 52.44186929], [13.42831622, 52.44187543], [13.42826874, 52.44187535], [13.42822984, 52.44185961], [13.42812995, 52.44181919], [13.4276796, 52.44166309], [13.42732066, 52.44154235]]]}}, {"type": "Feature", "properties": {"id": "gruenanlagen.00008100_000a6e29", "pitid": "00008100:000a6e29", "kennzeich": "221.056", "bezirkname": "Neukölln", "ortstlname": "Britz", "objartname": "Grünanlage", "namenr": "Fritz-Reuter-Allee-Grünanlage", "namezusatz": null, "baujahr": null, "sanierjahr": null, "katasterfl": 34245.0, "widmung": "gewidmet", "plannr": "08200727", "planname": "Parchimer Allee Süd"}, "geometry": {"type": "MultiPolygon", "coordinates": [[[[13.44852538, 52.43812845], [13.44855145, 52.4380096], [13.44860671, 52.43779734], [13.44861775, 52.43776205], [13.4486194, 52.43775677], [13.44863605, 52.43770358], [13.44863731, 52.43770019], [13.44867053, 52.4376107], [13.44871044, 52.43751846], [13.44875492, 52.4374273], [13.44880472, 52.4373369], [13.44885978, 52.43724793], [13.44891997, 52.43715994], [13.44893698, 52.43713711], [13.44896526, 52.43709916], [13.44897468, 52.43708651], [13.44898462, 52.43707323], [13.44895256, 52.43707264], [13.44883007, 52.4370704], [13.44874077, 52.43707455], [13.44866626, 52.43707801], [13.44861638, 52.43708032], [13.4485688, 52.43721884], [13.4485686, 52.43721944], [13.44856651, 52.43722497], [13.44849961, 52.43740232], [13.44817161, 52.43735473], [13.44810415, 52.43753263], [13.44800768, 52.43751881], [13.44799252, 52.43751663], [13.44796865, 52.43751321], [13.44796586, 52.43751274], [13.44770991, 52.43825385], [13.44747405, 52.43822419], [13.44743051, 52.43835422], [13.44742132, 52.43838167], [13.44740352, 52.43843482], [13.44752133, 52.43845403], [13.44755034, 52.43845876], [13.44769535, 52.4384824], [13.44774798, 52.43849097], [13.44781599, 52.43850206], [13.44785129, 52.43849789], [13.44786574, 52.43846255], [13.44787698, 52.43843505], [13.44792882, 52.43830821], [13.44799113, 52.43831774], [13.44794596, 52.43842886], [13.44792815, 52.43847266], [13.44794329, 52.43847502], [13.44793408, 52.43849783], [13.4479188, 52.43849565], [13.44791568, 52.43850311], [13.44797579, 52.43851228], [13.44797329, 52.43851743], [13.44798325, 52.43851984], [13.44800461, 52.43854214], [13.44813292, 52.4386142], [13.44836115, 52.43874238], [13.44842676, 52.43877992], [13.44843504, 52.43868866], [13.44843857, 52.43865047], [13.44846691, 52.43843624], [13.44850484, 52.43822263], [13.44852538, 52.43812845]], [[13.44820518, 52.43836578], [13.44821563, 52.43832733], [13.44838378, 52.43834538], [13.44835621, 52.43843539], [13.44834801, 52.43846305], [13.44831819, 52.43856626], [13.44815122, 52.43854795], [13.44818104, 52.4384451], [13.44818895, 52.43841716], [13.44820518, 52.43836578]]], [[[13.44882042, 52.44209167], [13.44895493, 52.44199356], [13.44897072, 52.44198208], [13.44911793, 52.44187105], [13.44973255, 52.44137707], [13.44974539, 52.44136676], [13.44961463, 52.44130625], [13.44961124, 52.44130415], [13.44960428, 52.44129985], [13.44959032, 52.44129121], [13.44958332, 52.44128688], [13.44950488, 52.44123834], [13.44940064, 52.44130457], [13.44928256, 52.4413796], [13.44926848, 52.44138855], [13.44895657, 52.44158674], [13.44892891, 52.44160672], [13.44891612, 52.44161597], [13.44891508, 52.44161672], [13.44891382, 52.44161758], [13.44890074, 52.44162644], [13.4488785, 52.4416415], [13.44887205, 52.44164587], [13.44884285, 52.44166502], [13.44882825, 52.4416746], [13.44881316, 52.44168389], [13.44878298, 52.44170246], [13.44877847, 52.44170514], [13.44875231, 52.44172073], [13.44873855, 52.44172893], [13.44873698, 52.44172987], [13.44872117, 52.4417387], [13.44868957, 52.44175636], [13.44865629, 52.44177709], [13.44863964, 52.44178745], [13.44862241, 52.44179745], [13.44858794, 52.44181744], [13.44858361, 52.44181987], [13.44855291, 52.44183705], [13.44853585, 52.4418466], [13.44853538, 52.44184686], [13.44853492, 52.4418471], [13.4485173, 52.44185628], [13.44848418, 52.44187354], [13.44848115, 52.44187512], [13.44844445, 52.4418936], [13.4484261, 52.44190284], [13.44840722, 52.44191167], [13.44836947, 52.44192933], [13.44833121, 52.44194659], [13.44832842, 52.44194784], [13.44831208, 52.44195522], [13.44829246, 52.44196342], [13.4482849, 52.44196658], [13.44825322, 52.44197983], [13.44824217, 52.44198427], [13.44823713, 52.4419863], [13.44821353, 52.44199579], [13.44819368, 52.44200377], [13.44817338, 52.44201131], [13.44816808, 52.44201328], [13.44813278, 52.44202639], [13.44809175, 52.44204104], [13.44807123, 52.44204836], [13.4480503, 52.44205523], [13.44800845, 52.44206897], [13.44796617, 52.44208228], [13.44794578, 52.4420887], [13.44794503, 52.44208893], [13.44792351, 52.44209513], [13.44788767, 52.44210544], [13.44788048, 52.44210751], [13.44787606, 52.44210872], [13.4478371, 52.44211942], [13.4478154, 52.44212538], [13.44781464, 52.44212556], [13.44779338, 52.44213086], [13.44774933, 52.44214182], [13.44773406, 52.44211681], [13.44772703, 52.4421053], [13.44772642, 52.44210431], [13.44771909, 52.44209174], [13.44770443, 52.4420666], [13.44769009, 52.44204139], [13.44768291, 52.44202879], [13.44767604, 52.44201612], [13.44766231, 52.44199078], [13.44764889, 52.44196538], [13.44764299, 52.44195421], [13.44764218, 52.44195268], [13.44763578, 52.44193992], [13.44763028, 52.44192895], [13.44762298, 52.4419144], [13.4476105, 52.44188883], [13.44760426, 52.44187604], [13.44759833, 52.44186319], [13.44758647, 52.44183751], [13.44757493, 52.44181177], [13.44756915, 52.44179889], [13.4475637, 52.44178597], [13.44755279, 52.44176013], [13.44754221, 52.44173424], [13.44753692, 52.44172129], [13.44753194, 52.4417083], [13.447522, 52.44168231], [13.44751237, 52.44165628], [13.44750756, 52.44164326], [13.44750306, 52.4416302], [13.44749407, 52.44160409], [13.44749179, 52.44159721], [13.4474854, 52.44157793], [13.44748107, 52.44156485], [13.44747705, 52.44155174], [13.44746903, 52.4415255], [13.44746132, 52.44149923], [13.44745747, 52.4414861], [13.44745394, 52.44147293], [13.44744687, 52.44144659], [13.44744013, 52.44142023], [13.44743676, 52.44140704], [13.44743371, 52.44139383], [13.44742762, 52.4413674], [13.44742203, 52.44134187], [13.44741923, 52.4413291], [13.44741674, 52.44131631], [13.44741175, 52.44129073], [13.44740706, 52.44126513], [13.44740472, 52.44125233], [13.44740268, 52.44123951], [13.4473991, 52.44121699], [13.4473986, 52.44121387], [13.44739482, 52.44118822], [13.44739308, 52.44117639], [13.44739293, 52.44117539], [13.44739135, 52.44116254], [13.44738818, 52.44113685], [13.44738531, 52.44111115], [13.44738388, 52.4410983], [13.44738275, 52.44108544], [13.44738129, 52.44106882], [13.44738049, 52.44105972], [13.44737854, 52.44103398], [13.44737756, 52.4410211], [13.44737689, 52.44100822], [13.44737555, 52.44098247], [13.44737451, 52.4409567], [13.447374, 52.44094382], [13.44737378, 52.44093094], [13.44737335, 52.44090517], [13.44737323, 52.4408794], [13.44737317, 52.44086651], [13.44737341, 52.44085362], [13.4473739, 52.44082786], [13.44737469, 52.44080209], [13.44737508, 52.44078921], [13.44737578, 52.44077633], [13.44737718, 52.44075057], [13.44737889, 52.44072483], [13.44737974, 52.44071196], [13.4473809, 52.44069909], [13.44738321, 52.44067337], [13.44738583, 52.44064765], [13.44738714, 52.44063479], [13.44738875, 52.44062195], [13.44739198, 52.44059626], [13.44739551, 52.44057058], [13.44739727, 52.44055775], [13.44739934, 52.44054493], [13.44740347, 52.44051929], [13.44740791, 52.44049366], [13.44741013, 52.44048085], [13.44741265, 52.44046806], [13.4474177, 52.44044248], [13.44742305, 52.44041692], [13.44742542, 52.44040561], [13.44742572, 52.44040415], [13.4474287, 52.44039139], [13.44742928, 52.4403889], [13.44743465, 52.44036588], [13.4474409, 52.4403404], [13.44744365, 52.44032921], [13.44744403, 52.44032766], [13.44744746, 52.44031495], [13.44745432, 52.44028953], [13.44745488, 52.44028753], [13.44746147, 52.44026414], [13.44746505, 52.44025144], [13.44746893, 52.44023877], [13.44746946, 52.44023704], [13.44747668, 52.44021345], [13.44748474, 52.44018816], [13.44748849, 52.44017636], [13.44748876, 52.44017551], [13.4474899, 52.44017221], [13.44749, 52.44017192], [13.44749309, 52.4401629], [13.44749668, 52.44015232], [13.44749824, 52.44014789], [13.44750174, 52.44013768], [13.4475165, 52.4400954], [13.44753149, 52.44005315], [13.44754658, 52.44001091], [13.44756189, 52.4399687], [13.44757732, 52.4399265], [13.44759297, 52.43988434], [13.44760873, 52.43984219], [13.44762471, 52.43980007], [13.44764081, 52.43975797], [13.44765714, 52.4397159], [13.44767358, 52.43967385], [13.44769024, 52.43963184], [13.44770701, 52.43958983], [13.447724, 52.43954786], [13.4477411, 52.43950591], [13.44775841, 52.43946399], [13.44799825, 52.43888022], [13.44804926, 52.43888884], [13.44810103, 52.43889557], [13.44815311, 52.43890133], [13.44820566, 52.43890517], [13.4482584, 52.43890805], [13.44831132, 52.43890897], [13.44836426, 52.43890892], [13.4484171, 52.43890692], [13.44841903, 52.43886504], [13.4484235, 52.43881586], [13.44830891, 52.43875254], [13.44799934, 52.43857773], [13.44799264, 52.43857416], [13.44795741, 52.43855537], [13.44795136, 52.43855214], [13.44739463, 52.4384614], [13.4473191, 52.43868697], [13.44729305, 52.43876467], [13.44722103, 52.43875575], [13.44695505, 52.43955147], [13.44693086, 52.43962385], [13.44686123, 52.43983216], [13.44682637, 52.43994247], [13.44681024, 52.43999917], [13.44680896, 52.44000368], [13.44680258, 52.44002611], [13.4468013, 52.44003059], [13.44679489, 52.44005313], [13.44676694, 52.44016417], [13.44674252, 52.44027547], [13.44672177, 52.44038706], [13.4467044, 52.44049882], [13.44669056, 52.44061078], [13.44668025, 52.44072282], [13.4466723, 52.44083505], [13.44666919, 52.44094729], [13.44667005, 52.44100232], [13.44667011, 52.4410062], [13.4466704, 52.44102467], [13.44667047, 52.44102916], [13.44667094, 52.44105963], [13.4466774, 52.44117188], [13.44668645, 52.44125916], [13.446689, 52.44128369], [13.4467053, 52.44139542], [13.44672153, 52.44148012], [13.44672238, 52.44148459], [13.44672578, 52.44150234], [13.44672662, 52.44150671], [13.44672662, 52.44150675], [13.44675244, 52.44161745], [13.44675249, 52.44161764], [13.44677477, 52.44167205], [13.44680058, 52.44172601], [13.44682962, 52.44177925], [13.44686191, 52.44183169], [13.44689729, 52.44188342], [13.4469359, 52.44193443], [13.44697761, 52.44198437], [13.44702241, 52.44203342], [13.44705595, 52.44206762], [13.44709096, 52.44210128], [13.44712759, 52.44213432], [13.44716555, 52.44216682], [13.44720498, 52.44219869], [13.44724573, 52.44222984], [13.44728782, 52.44226028], [13.44733122, 52.44229009], [13.44736232, 52.4422728], [13.44740656, 52.4422995], [13.44745695, 52.44232992], [13.44782404, 52.44255089], [13.44786785, 52.44257726], [13.44787872, 52.4425838], [13.44792002, 52.44260907], [13.44793584, 52.44259996], [13.44793628, 52.44259971], [13.44822536, 52.44243361], [13.44835897, 52.4423772], [13.44869625, 52.44217668], [13.44873311, 52.44215382], [13.44882042, 52.44209167]], [[13.44711698, 52.44076447], [13.44723305, 52.44079124], [13.44723216, 52.44082953], [13.4472232, 52.44107907], [13.44695828, 52.44109862], [13.44694695, 52.44099112], [13.44694736, 52.44096272], [13.44695173, 52.44082766], [13.44695302, 52.44080088], [13.44688023, 52.44079969], [13.44688211, 52.44077085], [13.44688279, 52.44074789], [13.44694693, 52.44074766], [13.44695765, 52.44074679], [13.44702186, 52.44065091], [13.44713713, 52.44065603], [13.44711698, 52.44076447]]]]}}, {"type": "Feature", "properties": {"id": "gruenanlagen.00008100_000a6e2a", "pitid": "00008100:000a6e2a", "kennzeich": "221.060", "bezirkname": "Neukölln", "ortstlname": "Britz", "objartname": "Grünanlage", "namenr": "Walnußweg-Grünanlage", "namezusatz": null, "baujahr": null, "sanierjahr": null, "katasterfl": 3311.0, "widmung": "gewidmet", "plannr": "08200725", "planname": "Mohriner Allee Nord"}, "geometry": {"type": "MultiPolygon", "coordinates": [[[[13.41211331, 52.44123832], [13.41212256, 52.441212], [13.41217922, 52.44105035], [13.41220756, 52.44096943], [13.41232089, 52.44064611], [13.41234937, 52.44056528], [13.4124627, 52.44024197], [13.41245584, 52.44023547], [13.41239214, 52.44017516], [13.41264782, 52.43945122], [13.41268574, 52.43934385], [13.41262656, 52.43933154], [13.41257957, 52.43932176], [13.41255175, 52.43931597], [13.41245841, 52.43958045], [13.41241055, 52.43971481], [13.41239654, 52.43975504], [13.41235851, 52.43986353], [13.41235106, 52.43988419], [13.41225387, 52.44015487], [13.41222928, 52.44022034], [13.41221722, 52.44025252], [13.41220032, 52.44029758], [13.41215375, 52.44042177], [13.41206303, 52.44063082], [13.41199021, 52.44078822], [13.411939104853564, 52.44089478987883], [13.412033645488739, 52.44113999122771], [13.412093319037787, 52.44129512599216], [13.412093331013969, 52.44129515711542], [13.41211331, 52.44123832]]], [[[13.41327134, 52.44117961], [13.41328109, 52.44113951], [13.41329013, 52.44110232], [13.41307926, 52.44107031], [13.41300343, 52.44105885], [13.41295292, 52.44118287], [13.41292909, 52.44124138], [13.4129259, 52.44124922], [13.4129159, 52.44127378], [13.41286374, 52.44140194], [13.41284717, 52.44144265], [13.4130468, 52.4414688], [13.41320751, 52.44148986], [13.41323506, 52.44133003], [13.41324032, 52.44130722], [13.41327134, 52.44117961]], [[13.41312386, 52.44129408], [13.41306422, 52.44143265], [13.41289368, 52.44140558], [13.41296192, 52.44124665], [13.41302427, 52.4411014], [13.41319514, 52.44112845], [13.41312386, 52.44129408]]]]}}, {"type": "Feature", "properties": {"id": "gruenanlagen.00008100_000a6e2b", "pitid": "00008100:000a6e2b", "kennzeich": "221.059", "bezirkname": "Neukölln", "ortstlname": "Britz", "objartname": "Grünanlage", "namenr": "Am Gewerbedreieck", "namezusatz": null, "baujahr": null, "sanierjahr": null, "katasterfl": 813.0, "widmung": "gewidmet", "plannr": "08200729", "planname": "Britzer Garten"}, "geometry": {"type": "MultiPolygon", "coordinates": [[[[13.43434966, 52.44148393], [13.43421932, 52.44148315], [13.43421841, 52.4414863], [13.43420455, 52.44153093], [13.43419008, 52.44157555], [13.4341746, 52.44162003], [13.43415866, 52.44166438], [13.43414171, 52.44170859], [13.4341243, 52.44175276], [13.43410589, 52.44179678], [13.43401569, 52.44200934], [13.43395888, 52.44214331], [13.43398728, 52.442152], [13.43398341, 52.44216098], [13.43406176, 52.44219105], [13.43408639, 52.44220044], [13.43416687, 52.44201067], [13.43424829, 52.44181939], [13.43426131, 52.44178845], [13.43427385, 52.44175744], [13.43428614, 52.44172639], [13.43429795, 52.44169527], [13.43430958, 52.44166412], [13.43432072, 52.4416329], [13.43433161, 52.44160165], [13.43434202, 52.44157034], [13.43435127, 52.44154137], [13.43436022, 52.44151239], [13.43436866, 52.44148404], [13.43434966, 52.44148393]]], [[[13.43406912, 52.44223661], [13.4339425, 52.44219139], [13.43394063, 52.44219072], [13.43394041, 52.44219064], [13.43393902, 52.44219014], [13.43392535, 52.44222236], [13.43406757, 52.44224483], [13.43407086, 52.44223707], [13.43406917, 52.44223648], [13.43406912, 52.44223661]]]]}}, {"type": "Feature", "properties": {"id": "gruenanlagen.00008100_000a6e2c", "pitid": "00008100:000a6e2c", "kennzeich": "221.054", "bezirkname": "Neukölln", "ortstlname": "Britz", "objartname": "Grünanlage", "namenr": "Neumarkplan", "namezusatz": null, "baujahr": null, "sanierjahr": null, "katasterfl": 1759.0, "widmung": "gewidmet", "plannr": "08200729", "planname": "Britzer Garten"}, "geometry": {"type": "MultiPolygon", "coordinates": [[[[13.43137107, 52.44202235], [13.43134038, 52.44204458], [13.43125732, 52.44210448], [13.43123769, 52.44212143], [13.43114424, 52.44220252], [13.43105094, 52.44228333], [13.43095808, 52.44236379], [13.43086434, 52.44244496], [13.43086195, 52.44244703], [13.43096354, 52.44249231], [13.43105764, 52.44252583], [13.43150007, 52.44201546], [13.43162883, 52.44186362], [13.43160269, 52.44185522], [13.43137107, 52.44202235]]], [[[13.43079119, 52.44276599], [13.43071202, 52.44285731], [13.43068545, 52.44284618], [13.43063785, 52.44282624], [13.43049386, 52.44276593], [13.43047961, 52.44277827], [13.43050023, 52.44283824], [13.43057785, 52.44286686], [13.43059334, 52.44287257], [13.43063123, 52.44288655], [13.43064286, 52.44289083], [13.43071738, 52.44291831], [13.43084474, 52.4427714], [13.43079119, 52.44276599]]]]}}, {"type": "Feature", "properties": {"id": "gruenanlagen.00008100_000a6e2d", "pitid": "00008100:000a6e2d", "kennzeich": "221.053", "bezirkname": "Neukölln", "ortstlname": "Britz", "objartname": "Grünanlage", "namenr": "Britz-Süd-Grünanlage", "namezusatz": null, "baujahr": null, "sanierjahr": null, "katasterfl": 105699.0, "widmung": "gewidmet", "plannr": "08200727", "planname": "Parchimer Allee Süd"}, "geometry": {"type": "Polygon", "coordinates": [[[13.44118673, 52.44550383], [13.44120669, 52.44547073], [13.4412374, 52.44541979], [13.44126533, 52.44537345], [13.44127939, 52.44535013], [13.44066969, 52.44522375], [13.44047358, 52.4451831], [13.44041753, 52.44517148], [13.44038564, 52.44516488], [13.44039125, 52.4450934], [13.44039182, 52.44508618], [13.44047174, 52.44406837], [13.44048767, 52.44386582], [13.44048841, 52.44385647], [13.44051195, 52.44355717], [13.44051574, 52.44350902], [13.44052031, 52.44346438], [13.44052972, 52.44342002], [13.44054153, 52.44337588], [13.4405581, 52.44333231], [13.44057713, 52.44328899], [13.44060083, 52.44324654], [13.44062683, 52.44320459], [13.44065734, 52.44316379], [13.44069006, 52.44312366], [13.44072707, 52.44308494], [13.44076616, 52.443047], [13.4408093, 52.44301073], [13.44085439, 52.44297531], [13.44090324, 52.4429418], [13.44095389, 52.4429093], [13.44100796, 52.44287893], [13.4423982, 52.44212461], [13.44242418, 52.44211051], [13.44242502, 52.44211006], [13.44245892, 52.44209166], [13.44245962, 52.44209128], [13.44248532, 52.44207733], [13.44250796, 52.44206504], [13.44323641, 52.44166966], [13.44333653, 52.44161531], [13.44350787, 52.44152231], [13.44368994, 52.44142348], [13.44372779, 52.44140294], [13.44379451, 52.44136672], [13.44396643, 52.44127341], [13.44407305, 52.44120389], [13.44426591, 52.44107814], [13.44429688, 52.44108342], [13.44477907, 52.44116565], [13.44489448, 52.44117257], [13.44504136, 52.44117927], [13.44518754, 52.44117778], [13.4453568, 52.44116833], [13.44535817, 52.44116825], [13.44535978, 52.44116816], [13.44616999, 52.4411275], [13.44624707, 52.44112363], [13.4463134, 52.4411203], [13.44637665, 52.44111713], [13.44642306, 52.4411148], [13.44642322, 52.44111479], [13.44642258, 52.44104371], [13.44642232, 52.44101477], [13.44642199, 52.44097901], [13.44642181, 52.44097902], [13.44522002, 52.44103979], [13.44515173, 52.44104257], [13.44508331, 52.44104328], [13.44501488, 52.44104296], [13.44494656, 52.44104056], [13.44487835, 52.44103712], [13.44483621, 52.4410337], [13.44481051, 52.44103162], [13.44474289, 52.44102507], [13.44467588, 52.44101649], [13.44460925, 52.44100689], [13.44454347, 52.44099528], [13.44447818, 52.44098267], [13.444414, 52.4409681], [13.44446096, 52.44093084], [13.44450655, 52.44089295], [13.44455144, 52.44085475], [13.44459493, 52.44081595], [13.44463771, 52.44077685], [13.44467905, 52.44073719], [13.44471967, 52.44069724], [13.44475881, 52.44065675], [13.44479722, 52.440616], [13.44483413, 52.44057473], [13.44487029, 52.44053322], [13.44490493, 52.44049123], [13.44493727, 52.44045086], [13.4449682, 52.44041008], [13.44499842, 52.4403691], [13.44502721, 52.44032775], [13.44505528, 52.4402862], [13.4450819, 52.4402443], [13.44510779, 52.44020223], [13.44513221, 52.44015983], [13.44515589, 52.44011728], [13.44517809, 52.44007443], [13.44519953, 52.44003144], [13.44521949, 52.43998818], [13.44523873, 52.43994481], [13.4452478, 52.4399225], [13.44525645, 52.4399012], [13.44525935, 52.43989375], [13.44527342, 52.43985747], [13.44528886, 52.43981354], [13.44530353, 52.43976951], [13.44531666, 52.43972529], [13.44532903, 52.439681], [13.44533984, 52.43963655], [13.44534988, 52.43959203], [13.44535837, 52.4395474], [13.44536608, 52.43950271], [13.44537223, 52.43945793], [13.44547159, 52.43868415], [13.44556114, 52.43798615], [13.44556486, 52.43795716], [13.44556511, 52.43795523], [13.44560699, 52.43762939], [13.44560891, 52.43761441], [13.44561245, 52.43758659], [13.44561256, 52.43758575], [13.44564657, 52.4373207], [13.44567811, 52.43707527], [13.4456844, 52.43702644], [13.44560847, 52.43702877], [13.44558698, 52.43702961], [13.44553964, 52.43703146], [13.4455326, 52.43703173], [13.44549389, 52.43703341], [13.4454618, 52.4370348], [13.44545676, 52.43703501], [13.445381, 52.43703894], [13.44530529, 52.43704318], [13.44522968, 52.43704805], [13.44515413, 52.43705325], [13.44507871, 52.43705908], [13.44500335, 52.43706523], [13.44492813, 52.43707202], [13.444853, 52.43707912], [13.44477803, 52.43708685], [13.44464497, 52.43759271], [13.44449605, 52.43759516], [13.44423981, 52.43759937], [13.44424122, 52.43760479], [13.44427834, 52.43774735], [13.44434147, 52.43798945], [13.4443505, 52.43802496], [13.44435152, 52.43802962], [13.44435566, 52.43804842], [13.44435834, 52.43806059], [13.44436558, 52.43809626], [13.44437162, 52.43813201], [13.44437706, 52.4381678], [13.4443813, 52.43820365], [13.44438488, 52.43823951], [13.44438726, 52.43827541], [13.44438904, 52.43831132], [13.44438962, 52.43834724], [13.44438959, 52.43838317], [13.44438835, 52.43841909], [13.44438608, 52.43846301], [13.44438443, 52.43848877], [13.44438339, 52.43850497], [13.44438327, 52.43850693], [13.44438017, 52.43855083], [13.44437653, 52.43859472], [13.44437261, 52.4386386], [13.44436813, 52.43868246], [13.4443634, 52.43872894], [13.44435805, 52.43877541], [13.44435239, 52.43882185], [13.44434611, 52.43886827], [13.44434273, 52.43889203], [13.44434174, 52.438899], [13.44433952, 52.43891468], [13.44433231, 52.43896104], [13.4443248, 52.43900739], [13.44431667, 52.4390537], [13.44430823, 52.43909999], [13.44429918, 52.43914624], [13.44428993, 52.43919149], [13.44428009, 52.43923668], [13.44427074, 52.43927838], [13.44426996, 52.43928185], [13.44426703, 52.43929418], [13.44425924, 52.43932698], [13.44424823, 52.43937207], [13.44423663, 52.43941711], [13.44422474, 52.43946212], [13.44421226, 52.43950708], [13.44419949, 52.439552], [13.44418613, 52.43959685], [13.44417248, 52.43964168], [13.44415825, 52.43968644], [13.4441454, 52.439726], [13.44414373, 52.43973116], [13.44413544, 52.43975565], [13.44412862, 52.43977581], [13.44411322, 52.43982042], [13.44409725, 52.43986496], [13.4440801, 52.43990836], [13.44405747, 52.43995081], [13.44403215, 52.43999269], [13.44400158, 52.44003324], [13.44396844, 52.44007302], [13.44393034, 52.44011112], [13.44388981, 52.44014825], [13.44384468, 52.44018334], [13.44379734, 52.44021733], [13.44374583, 52.44024896], [13.44369233, 52.44027935], [13.44363513, 52.4403071], [13.44358562, 52.44033], [13.44353561, 52.4403525], [13.44348536, 52.4403748], [13.44343464, 52.44039668], [13.44338368, 52.44041837], [13.44337844, 52.44042053], [13.44336056, 52.44042793], [13.44333225, 52.44043963], [13.44326326, 52.44045144], [13.44319368, 52.44046188], [13.44312383, 52.44047162], [13.44305349, 52.44047998], [13.44298295, 52.44048763], [13.44291204, 52.44049388], [13.442845, 52.4404991], [13.44277773, 52.44050306], [13.44271037, 52.4405064], [13.44264288, 52.44050847], [13.44272134, 52.44066226], [13.44276262, 52.44074303], [13.44188006, 52.4410099], [13.44188573, 52.4410971], [13.4416799, 52.44111744], [13.44167052, 52.44111842], [13.44164778, 52.4411309], [13.441619, 52.44114671], [13.44161111, 52.44115118], [13.44158713, 52.44116477], [13.44156821, 52.44117549], [13.4415178, 52.44120451], [13.44146813, 52.44123401], [13.44141885, 52.44126375], [13.44137033, 52.44129396], [13.44132221, 52.4413244], [13.44127487, 52.44135529], [13.44122794, 52.44138642], [13.4411818, 52.44141799], [13.44113608, 52.44144978], [13.44109118, 52.441482], [13.44067841, 52.44178501], [13.44065891, 52.44179932], [13.44046586, 52.44194104], [13.43982741, 52.44240958], [13.43979041, 52.44243843], [13.43975089, 52.44246601], [13.43971016, 52.44249293], [13.43966711, 52.44251845], [13.43962293, 52.44254325], [13.43957661, 52.44256654], [13.43952922, 52.44258902], [13.43947991, 52.44260989], [13.43946441, 52.44261607], [13.43942969, 52.44262993], [13.43942299, 52.4426323], [13.43937775, 52.44264828], [13.43932502, 52.44266575], [13.43927082, 52.44268145], [13.43922776, 52.44269281], [13.43918327, 52.44270189], [13.43913819, 52.44270981], [13.43909218, 52.44271536], [13.43904582, 52.44271971], [13.43899902, 52.44272164], [13.43895213, 52.44272235], [13.43890531, 52.44272063], [13.43885865, 52.44271769], [13.43881258, 52.44271234], [13.43879006, 52.44270914], [13.43876693, 52.44270585], [13.43876466, 52.4427054], [13.43872235, 52.44269701], [13.43867843, 52.44268703], [13.43863605, 52.4426748], [13.43859456, 52.44266148], [13.43855507, 52.44264606], [13.43851669, 52.44262963], [13.43848072, 52.44261127], [13.43844607, 52.44259199], [13.43841421, 52.44257099], [13.4383709, 52.44254091], [13.4383282, 52.44251052], [13.43828581, 52.44247996], [13.43824404, 52.44244908], [13.43820259, 52.44241805], [13.43816177, 52.4423867], [13.43812046, 52.44235457], [13.43807981, 52.44232212], [13.4380676, 52.44231224], [13.43804078, 52.44229055], [13.4380395, 52.44228952], [13.43799987, 52.44225661], [13.43796058, 52.44222354], [13.43792198, 52.44219018], [13.43788372, 52.44215666], [13.43784616, 52.44212285], [13.43780895, 52.4420889], [13.43777244, 52.44205467], [13.43773135, 52.44201559], [13.43769117, 52.44197616], [13.43765146, 52.44193656], [13.43761269, 52.44189661], [13.43757438, 52.44185649], [13.43756215, 52.44184325], [13.43753702, 52.44181604], [13.43750014, 52.44177542], [13.43746422, 52.44173449], [13.43742877, 52.4416934], [13.4373943, 52.44165201], [13.43736031, 52.44161046], [13.43732731, 52.44156862], [13.43729479, 52.44152663], [13.43726327, 52.44148437], [13.43719278, 52.44138892], [13.43705403, 52.44120105], [13.43702723, 52.44119854], [13.43696729, 52.44119292], [13.43689307, 52.44118597], [13.43688368, 52.44114833], [13.43687181, 52.44111095], [13.43685871, 52.44107372], [13.43684317, 52.44103685], [13.43682642, 52.44100018], [13.43680726, 52.44096395], [13.43678692, 52.44092915], [13.43676445, 52.44089483], [13.43674094, 52.44086078], [13.43671535, 52.44082729], [13.43670227, 52.44081125], [13.43668655, 52.44079196], [13.43668106, 52.44078523], [13.43664353, 52.44074422], [13.43660441, 52.44070376], [13.43656218, 52.44066449], [13.43651843, 52.44062585], [13.43647171, 52.44058852], [13.43642354, 52.44055189], [13.43637258, 52.4405167], [13.43614504, 52.44036546], [13.43612051, 52.44034915], [13.43600409, 52.44027176], [13.43599362, 52.44027768], [13.43597359, 52.44028908], [13.43595594, 52.44029912], [13.43591628, 52.44031919], [13.43588792, 52.44033271], [13.43587567, 52.44033854], [13.43584737, 52.44035047], [13.43583329, 52.44035641], [13.43620984, 52.4406073], [13.43625883, 52.44064085], [13.43629249, 52.44066654], [13.43632079, 52.44069393], [13.43635976, 52.44073335], [13.43639617, 52.44077368], [13.43643127, 52.44081445], [13.43646371, 52.44085602], [13.4364948, 52.44089798], [13.43652317, 52.44094066], [13.43655015, 52.44098367], [13.43657434, 52.44102729], [13.43659126, 52.44107249], [13.43660392, 52.4411182], [13.43661443, 52.44116412], [13.43662061, 52.44121033], [13.43662408, 52.44124845], [13.43662461, 52.44128662], [13.43662365, 52.44132479], [13.43661976, 52.44136288], [13.4366144, 52.44140092], [13.4366061, 52.44143875], [13.43655312, 52.44145372], [13.43649892, 52.44146694], [13.43644415, 52.44147927], [13.43638838, 52.4414898], [13.43634534, 52.44149723], [13.43634098, 52.44149798], [13.43629302, 52.44150484], [13.43624482, 52.44151105], [13.43619621, 52.44151591], [13.43612718, 52.44152528], [13.43605689, 52.44153007], [13.43599975, 52.44153225], [13.43597397, 52.44153186], [13.43597189, 52.44153188], [13.43594251, 52.44153138], [13.43588539, 52.441529], [13.43582883, 52.44152359], [13.4357158, 52.44151155], [13.43563949, 52.44150819], [13.43499425, 52.4414915], [13.43490519, 52.44148273], [13.43490342, 52.44148915], [13.43490316, 52.44149007], [13.4348908, 52.44153345], [13.43488633, 52.44154918], [13.43488545, 52.44155224], [13.43488424, 52.44155627], [13.43487621, 52.44158288], [13.43487584, 52.44158411], [13.43487458, 52.44158972], [13.43486976, 52.44161032], [13.43499588, 52.44165075], [13.43499685, 52.44165106], [13.43540906, 52.44166461], [13.43542493, 52.44166497], [13.43542595, 52.441665], [13.43547151, 52.44166604], [13.43582545, 52.44167418], [13.4359044, 52.441676], [13.43599257, 52.44167293], [13.43606603, 52.44166614], [13.43611805, 52.44166132], [13.43620062, 52.44165368], [13.43634548, 52.4416333], [13.43636235, 52.44163092], [13.43647329, 52.44161531], [13.43652034, 52.44160759], [13.43659322, 52.44159564], [13.43673539, 52.44157061], [13.43695555, 52.44153187], [13.43700559, 52.44159172], [13.43706733, 52.44166541], [13.43709005, 52.44169177], [13.43711301, 52.44171804], [13.43713608, 52.44174428], [13.43715938, 52.44177044], [13.43721075, 52.44182749], [13.43724802, 52.44186903], [13.43728597, 52.44191034], [13.43732426, 52.44195154], [13.43732628, 52.44195365], [13.43736322, 52.44199249], [13.43738262, 52.44201264], [13.43754149, 52.44216543], [13.43754998, 52.44217316], [13.43756138, 52.44218334], [13.43798156, 52.44250465], [13.43840321, 52.44282709], [13.43840787, 52.44283065], [13.43841474, 52.44283478], [13.43843726, 52.44284829], [13.43844696, 52.44285411], [13.43845366, 52.44285814], [13.43854174, 52.442911], [13.43860638, 52.44294981], [13.43864317, 52.44297189], [13.43866262, 52.44298356], [13.4386756, 52.44299135], [13.43867974, 52.44299389], [13.43869606, 52.44300391], [13.4386966, 52.44300424], [13.43871573, 52.44301599], [13.43873784, 52.44302957], [13.43874033, 52.44303109], [13.43875812, 52.44304202], [13.43877958, 52.44305519], [13.43879851, 52.44306749], [13.4388396, 52.44309418], [13.43888, 52.44312042], [13.43888086, 52.44312098], [13.43890187, 52.44314591], [13.43892223, 52.44317105], [13.4389411, 52.44319617], [13.43894114, 52.44319623], [13.43895284, 52.4432118], [13.43896089, 52.44322252], [13.43897967, 52.44324751], [13.43898345, 52.44325255], [13.43899558, 52.4432742], [13.43904074, 52.44335484], [13.43905081, 52.44337282], [13.43905135, 52.44337379], [13.43906447, 52.44339722], [13.43908775, 52.44343878], [13.43911154, 52.44348127], [13.43911816, 52.44349309], [13.43911965, 52.44349965], [13.43912531, 52.4435246], [13.43913638, 52.44357338], [13.43914744, 52.44362211], [13.43915635, 52.44366136], [13.43914787, 52.44378586], [13.43914773, 52.44378826], [13.43914429, 52.4438386], [13.43913729, 52.44394079], [13.43913581, 52.44396258], [13.43913014, 52.44404631], [13.43912701, 52.44409249], [13.43912685, 52.44409333], [13.43912741, 52.4441083], [13.43912854, 52.44413881], [13.43912854, 52.44413887], [13.43912953, 52.44416556], [13.43912978, 52.4441722], [13.4391313, 52.44421335], [13.43913057, 52.44423002], [13.43913007, 52.44424166], [13.43912945, 52.44425574], [13.43912365, 52.44438883], [13.43911858, 52.44450509], [13.43911787, 52.44452422], [13.43911636, 52.4445648], [13.43911548, 52.44458856], [13.43911414, 52.4446245], [13.43911386, 52.44462926], [13.43910315, 52.44480807], [13.43910286, 52.44481289], [13.43909774, 52.44492369], [13.43909686, 52.44494241], [13.43909645, 52.44495111], [13.4391641, 52.44495909], [13.43931669, 52.44497709], [13.43939684, 52.44498636], [13.43943017, 52.44499021], [13.43962894, 52.44502082], [13.43993064, 52.44507166], [13.43993222, 52.44507193], [13.43993276, 52.44507205], [13.43995958, 52.44508563], [13.43997619, 52.44509404], [13.439995, 52.44510333], [13.44000059, 52.44510615], [13.44002319, 52.44511757], [13.44002933, 52.44512067], [13.44004914, 52.44513017], [13.44006079, 52.44513576], [13.44006394, 52.44513727], [13.44010936, 52.44515973], [13.44021729, 52.44521311], [13.44044962, 52.44532789], [13.44045368, 52.4453299], [13.44045467, 52.44533038], [13.44050012, 52.44535344], [13.44054587, 52.44537592], [13.44054669, 52.44537633], [13.44057055, 52.44538821], [13.4405702, 52.44538837], [13.44057399, 52.4453902], [13.44062527, 52.44542995], [13.44102918, 52.44574306], [13.44103827, 52.4457501], [13.44103841, 52.44574986], [13.441055, 52.44572234], [13.44111972, 52.44570889], [13.44112499, 52.44570536], [13.44112516, 52.44570042], [13.44111095, 52.4456863], [13.44110551, 52.44567364], [13.44110436, 52.44566464], [13.44110543, 52.44565521], [13.44110573, 52.4456382], [13.44114037, 52.44558073], [13.44109573, 52.44554019], [13.44114076, 52.44546307], [13.44118673, 52.44550383]], [[13.44515743, 52.43771709], [13.44514076, 52.43771084], [13.44525593, 52.4376668], [13.44527995, 52.43769012], [13.44530573, 52.43768054], [13.44529136, 52.43767009], [13.44539769, 52.43762955], [13.44539545, 52.43764097], [13.44544454, 52.43764409], [13.44544577, 52.43766683], [13.44545416, 52.43767192], [13.44546181, 52.43767743], [13.44546907, 52.43768314], [13.44547551, 52.4376892], [13.44548152, 52.43769542], [13.44548665, 52.43770194], [13.4454913, 52.43770855], [13.44549503, 52.43771538], [13.44549827, 52.4377223], [13.44550055, 52.43772936], [13.44550234, 52.43773647], [13.44550314, 52.43774366], [13.44550344, 52.43775085], [13.44550274, 52.43775804], [13.44550195, 52.43776261], [13.44550045, 52.43776711], [13.44549859, 52.43777156], [13.44549605, 52.43777588], [13.44549318, 52.43778013], [13.44548966, 52.43778418], [13.44548582, 52.43778813], [13.44548138, 52.43779184], [13.44547666, 52.43779542], [13.4454714, 52.4377987], [13.44546605, 52.43780174], [13.44546026, 52.43780446], [13.44545427, 52.43780702], [13.44544791, 52.43780923], [13.4454414, 52.43781125], [13.4454346, 52.43781289], [13.44542769, 52.43781434], [13.44542059, 52.4378154], [13.44541342, 52.43781624], [13.44540614, 52.43781668], [13.44539885, 52.43781691], [13.44539155, 52.43781673], [13.44538427, 52.43781634], [13.44537708, 52.43781554], [13.44523128, 52.43779905], [13.44522538, 52.43779685], [13.44521987, 52.4377943], [13.44521456, 52.4377916], [13.44520972, 52.43778859], [13.44520512, 52.43778543], [13.44520105, 52.43778202], [13.44519786, 52.43777906], [13.44519507, 52.43777596], [13.44519249, 52.43777279], [13.44519035, 52.4377695], [13.44518843, 52.43776615], [13.44518697, 52.43776273], [13.44518574, 52.43775926], [13.44518499, 52.43775575], [13.44516254, 52.43774359], [13.44513963, 52.43773528], [13.44514229, 52.43773241], [13.44515743, 52.43771709]], [[13.44487758, 52.43954389], [13.44489209, 52.43953948], [13.44492832, 52.43953843], [13.44496091, 52.4395418], [13.44500827, 52.43955094], [13.44500642, 52.43955488], [13.44498585, 52.4396114], [13.44497419, 52.43961484], [13.44496241, 52.43961704], [13.44494338, 52.43961922], [13.44490537, 52.43961474], [13.44488364, 52.43961194], [13.44486647, 52.43960361], [13.4448611, 52.43958867], [13.44486664, 52.43956213], [13.44487758, 52.43954389]], [[13.44471482, 52.44008976], [13.44451906, 52.44006394], [13.44455253, 52.43996927], [13.44481937, 52.44000826], [13.44485337, 52.44001323], [13.44485232, 52.44001593], [13.44481785, 52.44010466], [13.44475213, 52.44009516], [13.44471482, 52.44008976]], [[13.44431281, 52.44058179], [13.44426438, 52.4406464], [13.4442612, 52.44065064], [13.44411217, 52.44059505], [13.4441573, 52.44038501], [13.44441728, 52.44042406], [13.44437445, 52.44048872], [13.44431281, 52.44058179]], [[13.44422768, 52.44072068], [13.44425144, 52.44069498], [13.4443299, 52.44061012], [13.44437988, 52.44054307], [13.44440614, 52.44050456], [13.44441686, 52.44048885], [13.44450088, 52.44051396], [13.44435105, 52.44075673], [13.44422768, 52.44072068]], [[13.44224643, 52.44123052], [13.44232363, 52.44119661], [13.44233455, 52.44119181], [13.44251904, 52.44142798], [13.44271548, 52.44136259], [13.44285195, 52.44143335], [13.44276335, 52.44148985], [13.44272979, 52.44151125], [13.4426886, 52.44153753], [13.44262604, 52.44157742], [13.44258328, 52.44160469], [13.44254762, 52.44162744], [13.44248102, 52.44156603], [13.44244605, 52.44153378], [13.44241855, 52.44150843], [13.44223848, 52.44123401], [13.44224643, 52.44123052]], [[13.44135837, 52.44211523], [13.4413408, 52.44209609], [13.44159941, 52.44200744], [13.44162592, 52.44203637], [13.44167231, 52.44208699], [13.441414, 52.44217565], [13.44141019, 52.44217169], [13.44139336, 52.44215333], [13.44135837, 52.44211523]], [[13.43879946, 52.44296136], [13.43876384, 52.44300237], [13.43867081, 52.44297185], [13.43870635, 52.44293101], [13.43879946, 52.44296136]], [[13.43938605, 52.44304065], [13.43933581, 52.4430971], [13.43926928, 52.44307507], [13.43931982, 52.44301844], [13.43938605, 52.44304065]]]}}, {"type": "Feature", "properties": {"id": "gruenanlagen.00008100_000a6e2e", "pitid": "00008100:000a6e2e", "kennzeich": "221.050", "bezirkname": "Neukölln", "ortstlname": "Britz", "objartname": "Grünanlage", "namenr": "Friedland II-Grünanlage", "namezusatz": null, "baujahr": null, "sanierjahr": null, "katasterfl": 2167.0, "widmung": "gewidmet", "plannr": "08200729", "planname": "Britzer Garten"}, "geometry": {"type": "Polygon", "coordinates": [[[13.42167088, 52.43896184], [13.42166734, 52.43896518], [13.42166583, 52.43896661], [13.42163709, 52.43899369], [13.42150496, 52.43911824], [13.42183169, 52.43927976], [13.42181396, 52.43932779], [13.4217117, 52.4396028], [13.42167535, 52.43970055], [13.42166014, 52.43974144], [13.42156098, 52.44000861], [13.42154741, 52.44004514], [13.42153416, 52.44008085], [13.42149946, 52.44017389], [13.42150964, 52.4401779], [13.42160994, 52.44021742], [13.42161629, 52.44021992], [13.42164673, 52.44023217], [13.42165715, 52.44023636], [13.42166358, 52.44023894], [13.42167361, 52.44024298], [13.4216879, 52.44024873], [13.42174283, 52.44027083], [13.42175551, 52.44027612], [13.42179457, 52.4402924], [13.42186947, 52.44032361], [13.42198222, 52.44037206], [13.42187648, 52.44065541], [13.42174588, 52.44100574], [13.42177596, 52.44101195], [13.42177761, 52.44101229], [13.42181594, 52.44102026], [13.42181601, 52.44102028], [13.42181683, 52.44102045], [13.42183431, 52.44097339], [13.42184589, 52.44094223], [13.42192969, 52.44071667], [13.42196737, 52.44061526], [13.42206852, 52.44034299], [13.42205812, 52.44032917], [13.4220558, 52.44032609], [13.42204339, 52.4403172], [13.42201163, 52.44029981], [13.42194474, 52.44027137], [13.4219108, 52.44025695], [13.42183593, 52.44022645], [13.42183043, 52.44022411], [13.42170609, 52.44017127], [13.42167162, 52.44014416], [13.42166544, 52.44013232], [13.42166545, 52.440132], [13.42165684, 52.44012865], [13.42160002, 52.44010651], [13.42159952, 52.44010632], [13.42173173, 52.43975123], [13.42194147, 52.43918839], [13.42194865, 52.43916915], [13.42194731, 52.43916469], [13.42193949, 52.43914775], [13.42192915, 52.43913106], [13.42191559, 52.43911128], [13.42189843, 52.4390915], [13.42188241, 52.43907559], [13.42186262, 52.4390599], [13.42183473, 52.4390397], [13.4218093, 52.43902792], [13.42176333, 52.43900518], [13.42173363, 52.43899122], [13.42169744, 52.43897404], [13.42167088, 52.43896184]]]}}, {"type": "Feature", "properties": {"id": "gruenanlagen.00008100_000a6e47", "pitid": "00008100:000a6e47", "kennzeich": "211.082", "bezirkname": "Neukölln", "ortstlname": "Buckow", "objartname": "Grünanlage", "namenr": "Gerlinger Straße 52", "namezusatz": null, "baujahr": null, "sanierjahr": null, "katasterfl": 13412.0, "widmung": "gewidmet", "plannr": "08200832", "planname": "Buckow Mitte"}, "geometry": {"type": "Polygon", "coordinates": [[[13.42342759, 52.41576978], [13.4234513, 52.41577375], [13.42346422, 52.41577592], [13.42347387, 52.41577753], [13.42347417, 52.41577758], [13.42349541, 52.41578113], [13.42351982, 52.41578522], [13.42357729, 52.41568029], [13.42361334, 52.41561449], [13.42367601, 52.4155001], [13.42376007, 52.41534663], [13.42375971, 52.41534592], [13.42385624, 52.41521002], [13.42390604, 52.4151399], [13.4240492, 52.41493833], [13.42415477, 52.414956], [13.42417048, 52.41495863], [13.4242287, 52.414687], [13.42432846, 52.41446844], [13.42439491, 52.41414831], [13.42441869, 52.41407594], [13.42443883, 52.41401467], [13.42448798, 52.4138651], [13.42449621, 52.41384005], [13.42454939, 52.41367818], [13.42458663, 52.41356487], [13.42450425, 52.41355516], [13.42416113, 52.41351473], [13.42411784, 52.41350963], [13.42399592, 52.41349526], [13.42397331, 52.4134926], [13.42380218, 52.41347244], [13.42362901, 52.41345201], [13.42370817, 52.4141808], [13.42371051, 52.41420236], [13.42355739, 52.41495392], [13.42352956, 52.41509051], [13.42352458, 52.41511492], [13.42351521, 52.41516095], [13.42347606, 52.41535307], [13.42345876, 52.41543798], [13.42345189, 52.41547174], [13.42323448, 52.4154471], [13.42321505, 52.41551141], [13.4232106, 52.41552614], [13.42264116, 52.41535082], [13.42263298, 52.41534877], [13.42231237, 52.41526832], [13.42218315, 52.4152359], [13.42213797, 52.41522366], [13.42209489, 52.41520888], [13.4220874, 52.41520602], [13.42205299, 52.41519287], [13.42201375, 52.41517452], [13.42197597, 52.41515505], [13.42194136, 52.4151335], [13.42190845, 52.41511097], [13.42187916, 52.41508664], [13.42185179, 52.41506149], [13.42182841, 52.41503488], [13.42178272, 52.415051], [13.42153989, 52.41513413], [13.42135771, 52.41511943], [13.42129537, 52.41511413], [13.4212333, 52.41510773], [13.42117138, 52.41510079], [13.42110982, 52.41509278], [13.42104844, 52.41508423], [13.42098749, 52.41507461], [13.42092677, 52.41506445], [13.42086655, 52.41505325], [13.42086263, 52.41506025], [13.42085635, 52.41507148], [13.42085218, 52.41507892], [13.42123989, 52.41516798], [13.42209833, 52.41536516], [13.42241473, 52.41543778], [13.42311459, 52.41559841], [13.42315526, 52.41560773], [13.42318316, 52.41561416], [13.42312133, 52.41581467], [13.42308677, 52.41592673], [13.42303009, 52.41607483], [13.42308232, 52.41612744], [13.42310525, 52.41615054], [13.42332766, 52.4163746], [13.42334857, 52.41639746], [13.4233895, 52.41639745], [13.42339354, 52.41639745], [13.42322857, 52.41622174], [13.42323028, 52.41621841], [13.42324247, 52.41618982], [13.42324373, 52.41618732], [13.4232479, 52.41617784], [13.42342759, 52.41576978]]]}}, {"type": "Feature", "properties": {"id": "gruenanlagen.00008100_000a6e5b", "pitid": "00008100:000a6e5b", "kennzeich": "211.080", "bezirkname": "Neukölln", "ortstlname": "Buckow", "objartname": "Grünanlage", "namenr": "In den Gärten-Grünanlage", "namezusatz": null, "baujahr": null, "sanierjahr": null, "katasterfl": 3739.0, "widmung": "gewidmet", "plannr": "08200832", "planname": "Buckow Mitte"}, "geometry": {"type": "Polygon", "coordinates": [[[13.42087978, 52.42010343], [13.420874, 52.42011321], [13.42087385, 52.42011345], [13.42075835, 52.42029697], [13.42075796, 52.42029759], [13.42075392, 52.420304], [13.42060033, 52.42026774], [13.42032357, 52.42070421], [13.4204104, 52.4207096], [13.42048639, 52.42071432], [13.42074178, 52.42073019], [13.42079389, 52.42073338], [13.42080982, 52.42073435], [13.42102524, 52.42036805], [13.42127669, 52.41993903], [13.42147459, 52.41960112], [13.42126182, 52.41955077], [13.42114906, 52.41952409], [13.42093766, 52.41985819], [13.42086973, 52.41984192], [13.42086953, 52.41984224], [13.42072705, 52.42006745], [13.42087978, 52.42010343]]]}}, {"type": "Feature", "properties": {"id": "gruenanlagen.00008100_000a6e5c", "pitid": "00008100:000a6e5c", "kennzeich": "211.077", "bezirkname": "Neukölln", "ortstlname": "Buckow", "objartname": "Grünanlage", "namenr": "Siedlung Spruch-Grünanlage", "namezusatz": null, "baujahr": null, "sanierjahr": null, "katasterfl": 9494.0, "widmung": "gewidmet", "plannr": "08200831", "planname": "Buckow West"}, "geometry": {"type": "MultiPolygon", "coordinates": [[[[13.40930546, 52.42147382], [13.40950615, 52.42145005], [13.40961412, 52.42143727], [13.40972442, 52.42142421], [13.40974442, 52.42142184], [13.40972231, 52.42141558], [13.40952508, 52.42135972], [13.40936081, 52.4213132], [13.40938724, 52.42127742], [13.40940626, 52.42125168], [13.409554, 52.42123122], [13.4101968, 52.42114221], [13.41024297, 52.42126684], [13.41024582, 52.42127454], [13.41023451, 52.421293], [13.41022833, 52.4213031], [13.41014757, 52.42131428], [13.41015118, 52.42132402], [13.41024461, 52.42131108], [13.41024653, 52.42131093], [13.41025533, 52.42131016], [13.41026774, 52.42130982], [13.41027785, 52.42130988], [13.41028575, 52.42131093], [13.41029632, 52.42131301], [13.41031859, 52.4213178], [13.41036296, 52.42119468], [13.41032432, 52.42109038], [13.41011686, 52.4211191], [13.4099018, 52.421149], [13.40960012, 52.42119077], [13.4094697, 52.4211945], [13.4094735, 52.42120837], [13.40943288, 52.42121401], [13.40934524, 52.42119111], [13.40910317, 52.42112776], [13.40898842, 52.42109767], [13.40897989, 52.42110897], [13.40883834, 52.42129667], [13.40883291, 52.42130386], [13.40881552, 52.42129984], [13.40876389, 52.42130702], [13.40870242, 52.42131556], [13.40848591, 52.42134559], [13.40847777, 52.42134672], [13.4084664, 52.42134829], [13.40827123, 52.42116266], [13.40826181, 52.4211537], [13.40824799, 52.42113782], [13.40823977, 52.42112281], [13.40823501, 52.4211076], [13.40823231, 52.42109324], [13.40822964, 52.42107307], [13.40822957, 52.4210725], [13.4082339, 52.42103243], [13.40824265, 52.42095147], [13.40824659, 52.42092319], [13.40824923, 52.42090385], [13.40823886, 52.42090116], [13.40822461, 52.42089747], [13.40820842, 52.42089326], [13.40820717, 52.42091456], [13.40820571, 52.42093963], [13.40820538, 52.42094247], [13.40818646, 52.42110788], [13.40819626, 52.42111735], [13.40820992, 52.42113056], [13.40828577, 52.42120389], [13.4083872, 52.42129929], [13.40844278, 52.42135157], [13.40843691, 52.42135238], [13.40843648, 52.42135132], [13.40839875, 52.42135662], [13.40826061, 52.42137603], [13.40824623, 52.42137805], [13.40821282, 52.42138274], [13.40821299, 52.42138343], [13.40782561, 52.42143715], [13.40789479, 52.42162846], [13.40790333, 52.42165208], [13.40791932, 52.42164992], [13.40891061, 52.42151599], [13.40927736, 52.42146644], [13.40930546, 52.42147382]]], [[[13.41264803, 52.42205662], [13.41267205, 52.42195341], [13.41252394, 52.42197318], [13.41249893, 52.42197655], [13.41247712, 52.42197962], [13.41227326, 52.42200703], [13.412186, 52.42201881], [13.41215261, 52.42192641], [13.41215216, 52.42192516], [13.41214925, 52.42191711], [13.41214807, 52.42191372], [13.41213676, 52.42188243], [13.41203222, 52.42189654], [13.41202676, 52.42189727], [13.41202508, 52.42189262], [13.41201564, 52.4218665], [13.41197655, 52.42187178], [13.41196588, 52.42184227], [13.41200497, 52.42183699], [13.41199841, 52.42181884], [13.41185173, 52.42183865], [13.41183655, 52.42179665], [13.41180348, 52.42179944], [13.41176425, 52.42180152], [13.41173075, 52.42180153], [13.41169427, 52.42179972], [13.41167229, 52.42179741], [13.41165461, 52.42179429], [13.41161298, 52.42178507], [13.4115964, 52.42178072], [13.41154205, 52.42176649], [13.41105978, 52.42164017], [13.41098106, 52.42161955], [13.41095392, 52.42161244], [13.41042044, 52.4214727], [13.41024466, 52.42142665], [13.41023715, 52.42142468], [13.41016271, 52.42143474], [13.4101285, 52.42143937], [13.41008002, 52.42144592], [13.41005186, 52.42144972], [13.40982846, 52.42147991], [13.40978535, 52.42148574], [13.40978934, 52.42149998], [13.40979356, 52.42150882], [13.40979685, 52.42151372], [13.40980329, 52.42152106], [13.40980836, 52.42152552], [13.40981956, 52.42153377], [13.40984188, 52.42160619], [13.40988167, 52.42161409], [13.40988854, 52.42163372], [13.4098948, 52.42165125], [13.4099767, 52.42164016], [13.41000557, 52.42172011], [13.41003559, 52.42171612], [13.41021508, 52.42169191], [13.41025012, 52.42169365], [13.41026577, 52.42169576], [13.41027066, 52.42169676], [13.41027923, 52.42169853], [13.41029184, 52.42170353], [13.41030237, 52.42170994], [13.41030863, 52.42171538], [13.41031144, 52.42171891], [13.41032024, 52.42173556], [13.4104775, 52.42177769], [13.41043758, 52.42181237], [13.41046242, 52.42182187], [13.41048048, 52.42182857], [13.41049588, 52.42183324], [13.41050685, 52.42183583], [13.41051631, 52.42183763], [13.41052602, 52.42183898], [13.41053518, 52.42183993], [13.41054599, 52.42184039], [13.41055698, 52.42183982], [13.41056821, 52.42183865], [13.41058441, 52.42183545], [13.41059834, 52.42183161], [13.41060597, 52.42182954], [13.41061211, 52.42182859], [13.41061824, 52.42182808], [13.41062535, 52.4218278], [13.41063318, 52.42182841], [13.41064239, 52.42183032], [13.41065295, 52.42183245], [13.41066355, 52.42183541], [13.41067701, 52.42184026], [13.41068579, 52.42184373], [13.41069331, 52.42184586], [13.4107052, 52.42184848], [13.41072024, 52.42185026], [13.41073881, 52.42185133], [13.41074531, 52.42185162], [13.41081822, 52.42187075], [13.41114224, 52.42195576], [13.41113886, 52.4219462], [13.41113515, 52.42193565], [13.41113216, 52.42192717], [13.41111386, 52.42187526], [13.41124675, 52.4218676], [13.41125807, 52.42186942], [13.41128795, 52.42187425], [13.41163836, 52.42193078], [13.41166973, 52.42193584], [13.41169445, 52.42192427], [13.41174528, 52.42193247], [13.41178295, 52.42193854], [13.41179585, 52.42195478], [13.41179634, 52.4219554], [13.41183419, 52.4219712], [13.4118474, 52.42202655], [13.41134039, 52.42209459], [13.41119943, 52.42211351], [13.41120872, 52.4221394], [13.41121261, 52.42215022], [13.41122865, 52.42214805], [13.41148755, 52.42211311], [13.41174788, 52.42207769], [13.41175822, 52.42212251], [13.41179541, 52.42228378], [13.4118269, 52.42228105], [13.41224436, 52.42224479], [13.41241114, 52.4222885], [13.41258276, 52.42233347], [13.41260938, 52.42222057], [13.41264803, 52.42205662]]]]}}, {"type": "Feature", "properties": {"id": "gruenanlagen.00008100_000a6e5e", "pitid": "00008100:000a6e5e", "kennzeich": "211.076", "bezirkname": "Neukölln", "ortstlname": "Buckow", "objartname": "Grünanlage", "namenr": "Wildmeisterdamm 252/254", "namezusatz": null, "baujahr": null, "sanierjahr": null, "katasterfl": 2054.0, "widmung": "gewidmet", "plannr": "08200833", "planname": "Buckow Ost"}, "geometry": {"type": "Polygon", "coordinates": [[[13.44699072, 52.42514115], [13.44650824, 52.42507131], [13.44639388, 52.42553665], [13.44635029, 52.4257306], [13.44654825, 52.42560193], [13.44693236, 52.42538856], [13.44715506, 52.42528096], [13.44739752, 52.4252], [13.44699072, 52.42514115]]]}}, {"type": "Feature", "properties": {"id": "gruenanlagen.00008100_000a6e5f", "pitid": "00008100:000a6e5f", "kennzeich": "211.074", "bezirkname": "Neukölln", "ortstlname": "Buckow", "objartname": "Grünanlage", "namenr": "Siedlung Neue Heimstatt", "namezusatz": null, "baujahr": null, "sanierjahr": null, "katasterfl": 3511.0, "widmung": "gewidmet", "plannr": "08200831", "planname": "Buckow West"}, "geometry": {"type": "MultiPolygon", "coordinates": [[[[13.41070062, 52.41856948], [13.41085572, 52.41832554], [13.41087425, 52.41829639], [13.41095177, 52.41817446], [13.41100004, 52.41809855], [13.41095755, 52.41808854], [13.41088653, 52.41807179], [13.41085917, 52.41811509], [13.41081882, 52.418179], [13.41080713, 52.41819754], [13.41072773, 52.41832321], [13.41064847, 52.41844898], [13.41056907, 52.41857474], [13.41048954, 52.41870057], [13.41046538, 52.41873899], [13.41002273, 52.41879031], [13.40978312, 52.41873382], [13.4097462, 52.41879953], [13.40971732, 52.41886676], [13.40969645, 52.41893513], [13.40968416, 52.41900429], [13.40968015, 52.41907339], [13.40968147, 52.41910405], [13.40989799, 52.41907902], [13.4101177, 52.41905361], [13.41024716, 52.41903869], [13.41053814, 52.4190051], [13.41054529, 52.4189062], [13.41054564, 52.41890137], [13.41054845, 52.41886251], [13.41055283, 52.41880191], [13.41068671, 52.41859135], [13.41070062, 52.41856948]]], [[[13.40630659, 52.41905331], [13.40631113, 52.41917807], [13.40631226, 52.41920923], [13.40631645, 52.41932436], [13.40659843, 52.41929685], [13.40664915, 52.4192919], [13.40674578, 52.41928248], [13.40685585, 52.41927173], [13.40685052, 52.41918986], [13.40684942, 52.41910787], [13.40685203, 52.41902595], [13.40630659, 52.41905331]]]]}}, {"type": "Feature", "properties": {"id": "gruenanlagen.00008100_000a6e62", "pitid": "00008100:000a6e62", "kennzeich": "211.072", "bezirkname": "Neukölln", "ortstlname": "Buckow", "objartname": "Grünanlage", "namenr": "Alt-Buckow 25-33", "namezusatz": null, "baujahr": null, "sanierjahr": null, "katasterfl": 3183.0, "widmung": "gewidmet", "plannr": "08200832", "planname": "Buckow Mitte"}, "geometry": {"type": "Polygon", "coordinates": [[[13.43275185, 52.42211171], [13.43275949, 52.4221144], [13.43278745, 52.42212425], [13.43296276, 52.422186], [13.4329628, 52.42218594], [13.4331012, 52.42199677], [13.43311922, 52.42197214], [13.43308169, 52.42196108], [13.43308081, 52.42196082], [13.43286955, 52.42189861], [13.43286867, 52.42189836], [13.4328497, 52.42189277], [13.43284882, 52.42189251], [13.43248972, 52.42178678], [13.43248875, 52.42178649], [13.43243108, 52.42176951], [13.43243011, 52.42176922], [13.43239871, 52.42175997], [13.43239783, 52.42175971], [13.43236537, 52.42175015], [13.43236449, 52.4217499], [13.43223074, 52.42171051], [13.43222986, 52.42171025], [13.43209141, 52.42166949], [13.43173813, 52.42156546], [13.43180849, 52.4214704], [13.43180604, 52.42146973], [13.43180515, 52.42146949], [13.4316258, 52.42142031], [13.43162491, 52.42142006], [13.43161239, 52.42141663], [13.4316115, 52.42141638], [13.43157541, 52.42140649], [13.43157452, 52.42140624], [13.43154128, 52.42139713], [13.4315404, 52.42139689], [13.43149469, 52.42145882], [13.43149467, 52.42145885], [13.43147347, 52.42148757], [13.43147345, 52.4214876], [13.43143902, 52.42153426], [13.43143899, 52.4215343], [13.43140238, 52.4215839], [13.43137787, 52.42161711], [13.43137784, 52.42161716], [13.43132616, 52.42168718], [13.43132706, 52.42168742], [13.43132676, 52.42168782], [13.43135113, 52.42169447], [13.43163533, 52.42177205], [13.43195305, 52.42185706], [13.43203734, 52.42188128], [13.43215729, 52.42191581], [13.43229347, 52.42195808], [13.43242278, 52.42199999], [13.43255008, 52.42204281], [13.43274595, 52.42210964], [13.43275185, 52.42211171]]]}}, {"type": "Feature", "properties": {"id": "gruenanlagen.00008100_000a6e64", "pitid": "00008100:000a6e64", "kennzeich": "211.073", "bezirkname": "Neukölln", "ortstlname": "Buckow", "objartname": "Grünanlage", "namenr": "Schlierbacher Weg", "namezusatz": null, "baujahr": null, "sanierjahr": null, "katasterfl": 966.0, "widmung": "gewidmet", "plannr": "08200831", "planname": "Buckow West"}, "geometry": {"type": "Polygon", "coordinates": [[[13.40147473, 52.41661262], [13.40147051, 52.41659958], [13.40146217, 52.41657385], [13.40107538, 52.41662044], [13.40078009, 52.4165575], [13.40055804, 52.41651017], [13.40037346, 52.41647083], [13.40033742, 52.41653474], [13.40032866, 52.41654992], [13.40031718, 52.41656984], [13.40031547, 52.4165728], [13.40053766, 52.41662012], [13.40106232, 52.41673185], [13.40149631, 52.4166796], [13.40149629, 52.41667957], [13.40148599, 52.41664744], [13.40148358, 52.41663991], [13.40147473, 52.41661262]]]}}, {"type": "Feature", "properties": {"id": "gruenanlagen.00008100_000a6e65", "pitid": "00008100:000a6e65", "kennzeich": "211.064", "bezirkname": "Neukölln", "ortstlname": "Buckow", "objartname": "Grünanlage", "namenr": "Wildmeisterdamm (Hinterland)", "namezusatz": null, "baujahr": null, "sanierjahr": null, "katasterfl": 554.0, "widmung": null, "plannr": "08200833", "planname": "Buckow Ost"}, "geometry": {"type": "MultiPolygon", "coordinates": [[[[13.45176203, 52.42379555], [13.45163424, 52.42368413], [13.45093083, 52.42390505], [13.45176203, 52.42379555]]], [[[13.44999446, 52.42392009], [13.44992348, 52.42406591], [13.45007859, 52.42401717], [13.45026835, 52.42399211], [13.44999446, 52.42392009]]]]}}, {"type": "Feature", "properties": {"id": "gruenanlagen.00008100_000a6e67", "pitid": "00008100:000a6e67", "kennzeich": "211.067", "bezirkname": "Neukölln", "ortstlname": "Buckow", "objartname": "Grünanlage", "namenr": "Alt-Buckow Dorfteich-Grünanlage", "namezusatz": null, "baujahr": null, "sanierjahr": null, "katasterfl": 5356.0, "widmung": "gewidmet", "plannr": "08200832", "planname": "Buckow Mitte"}, "geometry": {"type": "Polygon", "coordinates": [[[13.43132451, 52.42226581], [13.43122995, 52.42237322], [13.43120793, 52.42240402], [13.43117559, 52.42243792], [13.43119034, 52.42244474], [13.43130932, 52.42251323], [13.43143599, 52.42258614], [13.43144376, 52.42259062], [13.43155994, 52.42263773], [13.43165797, 52.42267732], [13.43171799, 52.42270169], [13.43178095, 52.42272659], [13.43179033, 52.4227303], [13.43179702, 52.42273294], [13.43191341, 52.42277893], [13.43210144, 52.42275192], [13.43228034, 52.42273944], [13.43229225, 52.42272142], [13.4322955, 52.42271651], [13.43229944, 52.42271179], [13.43230371, 52.42270717], [13.43230862, 52.4227028], [13.43231384, 52.42269857], [13.43231964, 52.42269463], [13.43232572, 52.42269085], [13.43233231, 52.42268741], [13.43233997, 52.42268449], [13.43234803, 52.422682], [13.43235627, 52.42267974], [13.43236481, 52.42267795], [13.43237348, 52.42267639], [13.43238234, 52.42267532], [13.43239127, 52.4226745], [13.43240028, 52.42267418], [13.43240931, 52.42267411], [13.43241832, 52.42267454], [13.43242677, 52.42267576], [13.43243505, 52.42267738], [13.43244322, 52.42267919], [13.43245113, 52.4226814], [13.43245889, 52.42268378], [13.43246632, 52.42268654], [13.43247357, 52.42268946], [13.43248043, 52.42269273], [13.43249507, 52.42269982], [13.43250897, 52.42270746], [13.43252247, 52.42271535], [13.43253456, 52.42272334], [13.43253515, 52.42272373], [13.43255317, 52.42273528], [13.43257289, 52.42274574], [13.43259341, 52.4227556], [13.43261536, 52.42276424], [13.43263796, 52.42277223], [13.43266169, 52.42277887], [13.4328215, 52.42281593], [13.43287903, 52.42268312], [13.43283099, 52.42263194], [13.43277336, 52.42256567], [13.43273605, 52.42251451], [13.43272015, 52.4224719], [13.43271282, 52.42242288], [13.43271077, 52.42240191], [13.43271297, 52.42238947], [13.43272712, 52.42234166], [13.43273892, 52.42229004], [13.43254081, 52.42222361], [13.43248284, 52.42220418], [13.43243885, 52.42218943], [13.43243794, 52.42218912], [13.43238401, 52.42217126], [13.43223215, 52.42212095], [13.43192115, 52.42201936], [13.43183625, 52.42199446], [13.43162735, 52.42193842], [13.43156956, 52.42191962], [13.43139021, 52.42213803], [13.4313839, 52.42214605], [13.43137857, 52.42215415], [13.43137369, 52.42216236], [13.43137093, 52.42216818], [13.43136971, 52.42217074], [13.4313662, 52.4221792], [13.43136361, 52.42218779], [13.43136148, 52.42219643], [13.43136005, 52.42220703], [13.43135441, 52.42222101], [13.43134694, 52.42223356], [13.43134225, 52.42224031], [13.43133839, 52.42224585], [13.43132451, 52.42226581]], [[13.43154233, 52.42239137], [13.43152921, 52.42237657], [13.4315205, 52.42235641], [13.43152845, 52.42232767], [13.43154273, 52.42230139], [13.43161018, 52.42221097], [13.43165544, 52.42216728], [13.43169954, 52.42213916], [13.43173035, 52.42212981], [13.43176171, 52.42212607], [13.4317685, 52.42212739], [13.43180947, 52.42213531], [13.43194122, 52.42217178], [13.43208613, 52.42221231], [13.43215857, 52.42223795], [13.43219586, 52.42225547], [13.4322156, 52.42226758], [13.43222454, 52.42228942], [13.43222754, 52.42230926], [13.43222632, 52.42232803], [13.43220627, 52.42238978], [13.43217965, 52.42244345], [13.43215529, 52.42248235], [13.43211998, 52.42251318], [13.43208476, 52.42252521], [13.43203854, 52.42253588], [13.43199676, 52.4225385], [13.43193961, 52.42253572], [13.4318715, 52.42252755], [13.43178146, 52.42250591], [13.43172001, 52.42248164], [13.43164981, 52.42244795], [13.43161676, 52.42243216], [13.43159058, 52.42241965], [13.43154233, 52.42239137]]]}}, {"type": "Feature", "properties": {"id": "gruenanlagen.00008100_0012db61", "pitid": "00008100:0012db61", "kennzeich": "19101", "bezirkname": "Tempelhof-Schöneberg", "ortstlname": "Tempelhof", "objartname": "Grünanlage", "namenr": "Tempelhofer Freiheit", "namezusatz": "ehem. Flughafen", "baujahr": null, "sanierjahr": null, "katasterfl": 2682234.0, "widmung": null, "plannr": "07400721", "planname": "Paradestraße"}, "geometry": {"type": "MultiPolygon", "coordinates": [[[[13.41578041, 52.47031036], [13.41655791, 52.46683303], [13.416557889680002, 52.466833027652804], [13.416039332412266, 52.469151595992585], [13.415780402142472, 52.470310311517686], [13.415778935870215, 52.47031568385702], [13.41578041, 52.47031036]]], [[[13.40667187, 52.47821815], [13.40674276, 52.47819986], [13.40689006, 52.4781747], [13.40744142, 52.47811237], [13.41046511, 52.47777069], [13.41088483, 52.47772374], [13.41093855, 52.47790258], [13.41348822, 52.47870854], [13.41360542, 52.47827917], [13.41375108, 52.47774558], [13.41389404, 52.47722185], [13.41391531, 52.47714391], [13.41396857, 52.47694882], [13.41397993, 52.4769072], [13.41398998, 52.47687036], [13.41399177, 52.47686382], [13.41399309, 52.47685899], [13.41399523, 52.47685114], [13.4140408, 52.47668418], [13.41412498, 52.47637578], [13.41414702, 52.47629512], [13.41453335, 52.47487979], [13.41501458, 52.47311648], [13.41501809045896, 52.47310353880117], [13.414820063116965, 52.4738291384914], [13.414672078147305, 52.474371342479785], [13.414124975047953, 52.47637573456094], [13.414040790558477, 52.476684133933446], [13.413587942407005, 52.47834312552163], [13.413488212027671, 52.47870849042936], [13.41318690817837, 52.47861326087941], [13.411216485166555, 52.47799039404822], [13.41093854461997, 52.47790253953621], [13.410884821869065, 52.477723694784025], [13.410769527551588, 52.47773624383628], [13.407441412483513, 52.4781123283593], [13.406890066547383, 52.47817465690154], [13.406853235806945, 52.47817961844785], [13.40681553624912, 52.478185395463505], [13.406778997364041, 52.478192060239614], [13.406742757699849, 52.47819981696055], [13.406706212400683, 52.47820828884313], [13.406671871571222, 52.47821810311324], [13.406622925219452, 52.47823356485415], [13.4066229348002, 52.478233598484614], [13.40667187, 52.47821815]]], [[[13.406630760496673, 52.47826106834421], [13.406656915036315, 52.478352876342925], [13.406751088010914, 52.478683309773096], [13.406786736193455, 52.47880821041012], [13.406630760496673, 52.47826106834421]]], [[[13.4061097, 52.4807675], [13.40615573, 52.48055138], [13.40623962, 52.48015746], [13.40631054, 52.47999419], [13.40642627, 52.47972772], [13.40680215, 52.47886228], [13.406802145165088, 52.478862263039765], [13.40623962432144, 52.48015741861182], [13.406109690364334, 52.480767450479156], [13.406109654060382, 52.48076762133433], [13.4061097, 52.4807675]]], [[[13.406194095896984, 52.48154566636492], [13.406200632678468, 52.481595912586585], [13.406250971263377, 52.481978389589344], [13.40625097465521, 52.48197838933783], [13.406194095896984, 52.48154566636492]]]]}}, {"type": "Feature", "properties": {"id": "gruenanlagen.00008100_0012db83", "pitid": "00008100:0012db83", "kennzeich": "18067", "bezirkname": "Tempelhof-Schöneberg", "ortstlname": "Tempelhof", "objartname": "Grünanlage", "namenr": "Gottlieb-Dunkel-Str. - Grünanlage", "namezusatz": "an der BAB 100", "baujahr": "2000", "sanierjahr": null, "katasterfl": 35296.0, "widmung": "gewidmet", "plannr": "07400928", "planname": "Germaniagarten"}, "geometry": {"type": "MultiPolygon", "coordinates": [[[[13.4223949, 52.46143586], [13.42300921, 52.46131853], [13.42302076, 52.46127173], [13.423020750620926, 52.46127173091075], [13.423009211570104, 52.46131849417479], [13.42197195111338, 52.46151620165862], [13.421971979844605, 52.46151624622805], [13.4223949, 52.46143586]]], [[[13.42213354, 52.46246075], [13.42210046, 52.46223153], [13.42205086, 52.46188744], [13.4220466, 52.46182237], [13.422031050988988, 52.46161088177228], [13.422045716128023, 52.46182232675229], [13.422050268013841, 52.46188685386286], [13.422099868520188, 52.46223112951252], [13.422121962192735, 52.462385109596674], [13.422132925572951, 52.462460429954284], [13.42213354, 52.46246075]]]]}}, {"type": "Feature", "properties": {"id": "gruenanlagen.00008100_001c64df", "pitid": "00008100:001c64df", "kennzeich": "060251", "bezirkname": "Treptow-Köpenick", "ortstlname": "Altglienicke", "objartname": "Grünanlage", "namenr": "Schönefelder Chaussee/ Landschaftspark Rudow-Altglienicke Ag NA", "namezusatz": "Fläche der Autobahn GmbH des Bundes", "baujahr": null, "sanierjahr": null, "katasterfl": 424691.0, "widmung": null, "plannr": "09300920", "planname": "Dorf Altglienicke"}, "geometry": {"type": "MultiPolygon", "coordinates": [[[[13.5221495, 52.41814267], [13.52215633939533, 52.41829666638522], [13.522156344776935, 52.418296644406546], [13.522149503369794, 52.41814266792628], [13.5221495, 52.41814267]]], [[[13.52292655, 52.41540042], [13.52292649, 52.41540155], [13.5229264, 52.41540313], [13.52292033, 52.41551252], [13.52292022, 52.41551464], [13.522920112191676, 52.41551648254226], [13.522920112833612, 52.415516481500454], [13.52296083247295, 52.41545037532315], [13.522926551304781, 52.415400379153965], [13.522926512552171, 52.415400322698204], [13.52292655, 52.41540042]]], [[[13.52359753, 52.41317348], [13.52378722, 52.41334408], [13.52395996, 52.41349945], [13.52398526, 52.41352219], [13.52398529, 52.41352223], [13.52398743, 52.41352415], [13.52404023, 52.41357163], [13.52406172, 52.41359096], [13.52406208, 52.41359129], [13.524063280482324, 52.41359236360208], [13.524063305474222, 52.41359235375458], [13.523787214803797, 52.41334404317034], [13.523597532201949, 52.41317343314859], [13.523482566651158, 52.4130125700513], [13.52359753, 52.41317348]]], [[[13.52322664, 52.41265435], [13.52323487359416, 52.41266587548061], [13.523226648974278, 52.412654340395946], [13.52322664, 52.41265435]]], [[[13.52325511, 52.41229526], [13.52328017, 52.41231184], [13.52331869, 52.41233734], [13.5234128, 52.41239963], [13.52343265, 52.41241277], [13.52344297, 52.4124196], [13.52344437, 52.41242053], [13.52343694, 52.41242965], [13.523427880151209, 52.4124407909038], [13.523443331323477, 52.412424401785756], [13.523445999085691, 52.41242156695021], [13.52344297843235, 52.412419560172545], [13.523255107274155, 52.412295231325764], [13.523254519705484, 52.41229477443137], [13.523208469173543, 52.412264297574545], [13.52325511, 52.41229526]]], [[[13.52301369, 52.41213499], [13.523013822558175, 52.41213508113375], [13.523183118513591, 52.41196652590613], [13.523240671760695, 52.411908859514455], [13.52301369, 52.41213499]]], [[[13.5205953, 52.40640474], [13.52062127, 52.40642346], [13.52097551, 52.40667908], [13.5209802, 52.40668324], [13.52099251, 52.40669416], [13.52101599, 52.40671498], [13.52102214, 52.40672044], [13.52105841, 52.40675265], [13.52122906, 52.40690419], [13.52144187, 52.40709317], [13.52157124, 52.40720805], [13.52166644, 52.40729259], [13.52174362, 52.40738698], [13.52177478, 52.40742511], [13.52177482639956, 52.407425128688516], [13.521743616555597, 52.407386947318464], [13.52166644321743, 52.40729255571457], [13.52101599150456, 52.406714941110984], [13.520975513885373, 52.40667904569562], [13.520621266940497, 52.40642341947898], [13.520595318326036, 52.406404722013335], [13.5205953, 52.40640474]]], [[[13.52012033, 52.40587768], [13.52044575, 52.40610806], [13.52053053, 52.40616808], [13.52062201, 52.40623285], [13.52070537, 52.4062924], [13.52070606, 52.40629289], [13.520706629997974, 52.40629330542225], [13.520706654444131, 52.406293280960575], [13.520622014054794, 52.40623280852272], [13.520120342472326, 52.40587764819557], [13.52012033, 52.40587768]]], [[[13.51905334, 52.40512346], [13.51946464, 52.4054142], [13.51981302, 52.40566012], [13.52008309, 52.40585131], [13.520083100031377, 52.4058512822662], [13.519813024154853, 52.40566008101021], [13.519464641250172, 52.40541416310047], [13.519053367353361, 52.40512344290415], [13.51905334, 52.40512346]]], [[[13.51717183, 52.40364181], [13.51754712, 52.40386305], [13.5180931, 52.40421642], [13.51811758, 52.40423226], [13.51836277, 52.40439095], [13.51876985, 52.40466416], [13.51932916, 52.40493942], [13.51932984, 52.40493975], [13.519330727486457, 52.40494018409664], [13.519330755634675, 52.40494016550162], [13.518769847718746, 52.40466412432266], [13.518362767063362, 52.404390916769565], [13.517547118179124, 52.40386300935833], [13.51717180048093, 52.403641749588886], [13.51717183, 52.40364181]]], [[[13.51665171, 52.40333398], [13.51704182, 52.40356494], [13.51712629, 52.40361496], [13.51712633, 52.40361498], [13.517126375007072, 52.40361497006337], [13.51712633164708, 52.403614944501506], [13.517041821840523, 52.40356490074542], [13.516651726500116, 52.40333395505796], [13.51665171, 52.40333398]]], [[[13.51598487, 52.40218557], [13.51617146, 52.40230805], [13.51640733, 52.40246294], [13.51644576, 52.40248814], [13.51666653, 52.40263312], [13.51671993, 52.40266822], [13.51692544, 52.40280312], [13.51697829, 52.40283783], [13.51697911, 52.40283837], [13.516979551464214, 52.40283864831439], [13.516979565333386, 52.40283862717262], [13.516925441090738, 52.40280308058201], [13.516719931423085, 52.40266817977183], [13.51666652751692, 52.40263308266304], [13.516445760987548, 52.40248809968462], [13.516407328087086, 52.402462900752035], [13.51617146053965, 52.40230801731272], [13.515984871241018, 52.40218553711302], [13.51598487, 52.40218557]]], [[[13.51598489, 52.40218504], [13.515984879667581, 52.40218531380911], [13.51598990918889, 52.40208096365393], [13.51598489, 52.40218504]]], [[[13.5160032, 52.40178774], [13.516002143635802, 52.401812854463124], [13.516003201453, 52.40178773970519], [13.5160032, 52.40178774]]], [[[13.5223672, 52.40861955], [13.52240552, 52.40872151], [13.52261339, 52.40927455], [13.52261746, 52.40928509], [13.52263684, 52.40933517], [13.52274133, 52.40960528], [13.52279886, 52.40975456], [13.52281335, 52.40979218], [13.52282587, 52.40982458], [13.522825882052036, 52.40982457831832], [13.522813346306709, 52.40979213981465], [13.522798857085965, 52.40975451984519], [13.522741330779974, 52.40960524114227], [13.522613387217307, 52.40927451423448], [13.522367160490251, 52.40861939760526], [13.5223672, 52.40861955]]], [[[13.52318271, 52.41132752], [13.5233274, 52.41149394], [13.523327561222176, 52.411494093522016], [13.52332739677979, 52.41149390443115], [13.523182707135875, 52.41132747907815], [13.523182697580749, 52.411327468064954], [13.52318271, 52.41132752]]], [[[13.52288402, 52.40997506], [13.52291853, 52.41006437], [13.52301345, 52.41030998], [13.52303671, 52.41037037], [13.52308996, 52.41052627], [13.52306958, 52.41045585], [13.52306944, 52.41045536], [13.52312158, 52.41059071], [13.52320696, 52.41081239], [13.52320703, 52.41081256], [13.523185703691103, 52.410831252840126], [13.523207283354234, 52.410813190037345], [13.523121575264502, 52.41059067770526], [13.523013450924179, 52.410309946630214], [13.522884034560333, 52.409975058429765], [13.52288402, 52.40997506]]]]}}, {"type": "Feature", "properties": {"id": "gruenanlagen.00008100_001c6520", "pitid": "00008100:001c6520", "kennzeich": "030011", "bezirkname": "Treptow-Köpenick", "ortstlname": "Baumschulenweg", "objartname": "Grünanlage", "namenr": "Baumschulenstraße/ Chris-Gueffroy-Allee Ba GA", "namezusatz": "Berliner Mauerweg", "baujahr": null, "sanierjahr": null, "katasterfl": 35815.0, "widmung": "gewidmet", "plannr": "09100306", "planname": "Späthsfelde"}, "geometry": {"type": "MultiPolygon", "coordinates": [[[[13.47221499, 52.4588492], [13.47286194, 52.45882712], [13.47337911, 52.45880947], [13.4740724, 52.45878988], [13.474969720189359, 52.45876452027727], [13.47496972210386, 52.45876447725032], [13.47337911202319, 52.45880942847046], [13.472214995042597, 52.4588491603132], [13.472214985320822, 52.45884915986892], [13.47221499, 52.4588492]]], [[[13.45851578, 52.4592154], [13.45854986, 52.45922084], [13.4586084, 52.4592285], [13.45869807, 52.45923681], [13.4589497, 52.45924139], [13.45919381, 52.45923657], [13.45938664, 52.45922824], [13.45951065, 52.45921919], [13.45968648, 52.45920245], [13.45978028, 52.45917345], [13.46065515, 52.45915059], [13.46151453, 52.4591281], [13.46284908, 52.45909317], [13.46476451, 52.45904302], [13.46888753, 52.45893494], [13.47046811, 52.45889302], [13.47172036, 52.45885979], [13.47179156, 52.4588579], [13.471791558721161, 52.45885785922943], [13.471791557162993, 52.45885785935197], [13.471720355805571, 52.45885974448392], [13.468887524046051, 52.458934898117136], [13.460655146393135, 52.459150540950866], [13.45957932804858, 52.45917868326297], [13.459578303849023, 52.45917870553475], [13.4595783, 52.45917872], [13.45948431, 52.45919268], [13.45935925, 52.45920533], [13.45916384, 52.45921163], [13.45886932, 52.45921465], [13.45871161, 52.45920745], [13.458616876909701, 52.45919961256443], [13.458564582012286, 52.45920078757746], [13.45845282845194, 52.4592040223827], [13.45851578, 52.4592154]]]]}}, {"type": "Feature", "properties": {"id": "gruenanlagen.00008100_001c6708", "pitid": "00008100:001c6708", "kennzeich": "060241", "bezirkname": "Treptow-Köpenick", "ortstlname": "Altglienicke", "objartname": "Grünanlage", "namenr": "Rudower Straße am Kiessee Ag GA", "namezusatz": null, "baujahr": null, "sanierjahr": null, "katasterfl": 15993.0, "widmung": "gewidmet", "plannr": "09300920", "planname": "Dorf Altglienicke"}, "geometry": {"type": "Polygon", "coordinates": [[[13.51843775, 52.42290969], [13.51851436, 52.42302219], [13.51853048, 52.4230459], [13.51878826, 52.42342513], [13.51914786, 52.42395271], [13.51914787859586, 52.42395270358764], [13.519147858892751, 52.423952671452994], [13.518788262909313, 52.42342509291541], [13.518514354955988, 52.42302215136785], [13.518437758615473, 52.4229096637659], [13.51843775, 52.42290969]]]}}, {"type": "Feature", "properties": {"id": "gruenanlagen.00008100_0022d56f", "pitid": "00008100:0022d56f", "kennzeich": "241.100", "bezirkname": "Neukölln", "ortstlname": "Rudow", "objartname": "Grünanlage", "namenr": "Waßmannsdorfer Chaussee", "namezusatz": null, "baujahr": null, "sanierjahr": null, "katasterfl": 9114.0, "widmung": null, "plannr": "08401244", "planname": "Waßmannsdorfer Chaussee"}, "geometry": {"type": "Polygon", "coordinates": [[[13.48726723, 52.39842599], [13.48856922, 52.39817012], [13.48870469, 52.39792818], [13.48885402, 52.39766792], [13.48886476, 52.3976492], [13.48678402, 52.39752679], [13.48682575, 52.39760452], [13.48696948, 52.39786584], [13.487131, 52.39816934], [13.48726723, 52.39842599]]]}}, {"type": "Feature", "properties": {"id": "gruenanlagen.00008100_002913ca", "pitid": "00008100:002913ca", "kennzeich": "211.075", "bezirkname": "Neukölln", "ortstlname": "Buckow", "objartname": "Grünanlage", "namenr": "Lindholzweg - Grünanlage", "namezusatz": null, "baujahr": "2019", "sanierjahr": null, "katasterfl": 1541.0, "widmung": "gewidmet", "plannr": "08200832", "planname": "Buckow Mitte"}, "geometry": {"type": "Polygon", "coordinates": [[[13.43089587, 52.41601026], [13.43089537, 52.41600899], [13.43081562, 52.41581796], [13.42982059, 52.41596429], [13.42983249, 52.41599397], [13.4298353, 52.41600097], [13.42989764, 52.41615645], [13.42993371, 52.41615117], [13.42995016, 52.41614876], [13.43008398, 52.41612917], [13.43010082, 52.4161267], [13.43061252, 52.41605176], [13.43063566, 52.41604837], [13.43087853, 52.4160128], [13.43089587, 52.41601026]]]}}, {"type": "Feature", "properties": {"id": "gruenanlagen.00008100_002921a0", "pitid": "00008100:002921a0", "kennzeich": "321.045", "bezirkname": "Neukölln", "ortstlname": "Britz", "objartname": "Grünanlage", "namenr": "Gutspark Britz Rosarium ", "namezusatz": null, "baujahr": null, "sanierjahr": null, "katasterfl": 8924.0, "widmung": "gewidmet", "plannr": "08200726", "planname": "Hufeisensiedlung"}, "geometry": {"type": "Polygon", "coordinates": [[[13.44029624, 52.44748876], [13.44026713, 52.44746068], [13.44023202, 52.44742898], [13.44019869, 52.44740277], [13.44016483, 52.44737623], [13.44015801, 52.44737163], [13.44015144, 52.44736759], [13.44014538, 52.44736293], [13.44013779, 52.44735859], [13.44012969, 52.44735579], [13.44011298, 52.44735204], [13.44009089, 52.44734839], [13.44008561, 52.44734752], [13.43996531, 52.44729829], [13.43981421, 52.44722415], [13.43980703, 52.44722033], [13.4397785, 52.44720518], [13.43974712, 52.44718852], [13.43971235, 52.44716782], [13.43970626, 52.44716391], [13.43968165, 52.44714811], [13.43966978, 52.44714049], [13.43965224, 52.44712923], [13.43965044, 52.44712807], [13.43958837, 52.44708575], [13.4395532, 52.44706177], [13.43954376, 52.44705533], [13.43953781, 52.44705905], [13.43932222, 52.44720185], [13.43924472, 52.44725566], [13.43927628, 52.44728091], [13.43894158, 52.44742673], [13.43891062, 52.44740133], [13.43882212, 52.44743522], [13.43873191, 52.44746976], [13.43860903, 52.44736778], [13.43851007, 52.44728406], [13.43848192, 52.44726025], [13.43847979, 52.44725818], [13.43847859, 52.44725707], [13.43847735, 52.44725598], [13.43847608, 52.4472549], [13.43847479, 52.44725383], [13.43847346, 52.44725278], [13.4384721, 52.44725174], [13.43847071, 52.44725072], [13.4384693, 52.44724971], [13.43846785, 52.44724871], [13.43846638, 52.44724774], [13.43846488, 52.44724677], [13.43846335, 52.44724583], [13.43846179, 52.4472449], [13.43846021, 52.44724398], [13.43845861, 52.44724309], [13.43845697, 52.44724221], [13.43845531, 52.44724135], [13.43845363, 52.4472405], [13.43845193, 52.44723968], [13.43845147, 52.44723946], [13.43844667, 52.44723731], [13.43844488, 52.44723656], [13.43844306, 52.44723583], [13.43844122, 52.44723512], [13.43843937, 52.44723443], [13.43843749, 52.44723375], [13.43843559, 52.4472331], [13.43843368, 52.44723247], [13.43843175, 52.44723186], [13.4384298, 52.44723127], [13.43842783, 52.4472307], [13.43842585, 52.44723015], [13.43842385, 52.44722962], [13.43842184, 52.44722911], [13.43841981, 52.44722863], [13.43841778, 52.44722817], [13.43841366, 52.4472273], [13.43841158, 52.44722691], [13.43840949, 52.44722653], [13.4384074, 52.44722618], [13.43840529, 52.44722585], [13.43840317, 52.44722554], [13.43840105, 52.44722526], [13.43839891, 52.44722499], [13.43839677, 52.44722475], [13.43839463, 52.44722454], [13.43839247, 52.44722434], [13.43839032, 52.44722417], [13.43838815, 52.44722403], [13.43838765, 52.447224], [13.43838599, 52.4472239], [13.43838382, 52.4472238], [13.43838165, 52.44722372], [13.43837947, 52.44722367], [13.4383773, 52.44722363], [13.43837512, 52.44722362], [13.43837295, 52.44722364], [13.43837077, 52.44722368], [13.4383686, 52.44722374], [13.43836643, 52.44722382], [13.43836426, 52.44722393], [13.43836209, 52.44722406], [13.43835993, 52.44722421], [13.43835777, 52.44722439], [13.43832265, 52.44723989], [13.43822616, 52.44728247], [13.43803244, 52.44736796], [13.43799996, 52.44738229], [13.43799858, 52.4473829], [13.43806236, 52.44743744], [13.43808766, 52.44746025], [13.43818838, 52.44753512], [13.43825715, 52.44759682], [13.43832283, 52.44765546], [13.43840967, 52.447733], [13.43844471, 52.44776428], [13.43857157, 52.44788197], [13.43858539, 52.44789585], [13.4385987, 52.44790832], [13.43862699, 52.4479349], [13.43867458, 52.44798152], [13.43870006, 52.4480052], [13.43875698, 52.4480556], [13.43883986, 52.44806951], [13.43886208, 52.44809487], [13.43893912, 52.44806818], [13.43900775, 52.4480475], [13.43904133, 52.44803731], [13.43914402, 52.44801036], [13.43915241, 52.44800767], [13.43916155, 52.44800566], [13.43926656, 52.44796497], [13.43928165, 52.44795912], [13.43934687, 52.44793386], [13.43945245, 52.44789295], [13.43962142, 52.44782748], [13.43966615, 52.44781014], [13.4397814, 52.44776548], [13.43982489, 52.44774863], [13.43996333, 52.44769499], [13.43996786, 52.44769324], [13.44024239, 52.44758686], [13.44035385, 52.44754367], [13.44032867, 52.44751839], [13.44029624, 52.44748876]]]}}, {"type": "Feature", "properties": {"id": "gruenanlagen.00008100_0029221b", "pitid": "00008100:0029221b", "kennzeich": "321.050", "bezirkname": "Neukölln", "ortstlname": "Britz", "objartname": "Grünanlage", "namenr": "Gutshof Britz - Teil 2", "namezusatz": null, "baujahr": null, "sanierjahr": null, "katasterfl": 26162.0, "widmung": "gewidmet", "plannr": "08200726", "planname": "Hufeisensiedlung"}, "geometry": {"type": "MultiPolygon", "coordinates": [[[[13.43752717, 52.44667254], [13.43753239, 52.44667709], [13.43753715, 52.44668124], [13.4375407, 52.44668433], [13.43754186, 52.44668512], [13.43754768, 52.44668263], [13.43765241, 52.44663783], [13.43768375, 52.44662442], [13.43768053, 52.44662154], [13.43786804, 52.44653647], [13.43787503, 52.4465333], [13.43787567, 52.44653301], [13.43791668, 52.44651441], [13.43792191, 52.44651203], [13.43792949, 52.44650859], [13.43798748, 52.44648229], [13.43804082, 52.44652648], [13.43804157, 52.44652715], [13.43804465, 52.44652992], [13.43805015, 52.44652754], [13.43804914, 52.44652666], [13.43831358, 52.4464076], [13.4383182, 52.44640552], [13.4383191, 52.44640623], [13.43832408, 52.44640387], [13.43832107, 52.4464015], [13.43832058, 52.44640111], [13.4383201, 52.44640071], [13.43828504, 52.44637153], [13.43827902, 52.44637421], [13.43821601, 52.44632162], [13.43822198, 52.44631875], [13.43819006, 52.44629217], [13.4381865, 52.4462892], [13.43824306, 52.44626385], [13.43839289, 52.4461967], [13.43868045, 52.44606782], [13.43870043, 52.44605887], [13.43888561, 52.44597587], [13.43890541, 52.445967], [13.43896111, 52.44594203], [13.43898096, 52.44593314], [13.43898979, 52.44592918], [13.43898866, 52.44592824], [13.43907178, 52.4458909], [13.43907295, 52.44589183], [13.43908188, 52.44588783], [13.43911411, 52.44587338], [13.43911617, 52.44587509], [13.43911678, 52.44587481], [13.43912812, 52.44586966], [13.43918978, 52.44592075], [13.4391781, 52.44592613], [13.43917776, 52.44592628], [13.43917985, 52.44592802], [13.43920082, 52.44594545], [13.43920815, 52.44595153], [13.43921857, 52.4459602], [13.43922066, 52.44596194], [13.43922081, 52.44596187], [13.43923288, 52.4459565], [13.4392523, 52.44597258], [13.43926735, 52.44596592], [13.43927414, 52.44597148], [13.43924687, 52.44598367], [13.43924684, 52.44598369], [13.43924893, 52.44598543], [13.43924925, 52.4459857], [13.43925004, 52.44598636], [13.43928016, 52.4459728], [13.43941541, 52.44591192], [13.43954443, 52.44585422], [13.43954943, 52.445852], [13.43959501, 52.44583175], [13.43977736, 52.44575074], [13.4398104, 52.4457359], [13.43983233, 52.44572566], [13.43989177, 52.44569855], [13.44008211, 52.44561176], [13.44031647, 52.44550483], [13.4405702, 52.44538837], [13.44057055, 52.44538821], [13.44054669, 52.44537633], [13.44054587, 52.44537592], [13.44050012, 52.44535344], [13.44045467, 52.44533038], [13.44045368, 52.4453299], [13.44044962, 52.44532789], [13.44021729, 52.44521311], [13.44010936, 52.44515973], [13.44006394, 52.44513727], [13.44006079, 52.44513576], [13.44004914, 52.44513017], [13.44002933, 52.44512067], [13.44002319, 52.44511757], [13.44002228, 52.44511826], [13.43999274, 52.44513723], [13.43996331, 52.44515429], [13.43996456, 52.44515509], [13.43999237, 52.44513894], [13.44000979, 52.44515001], [13.43998208, 52.44516619], [13.43998335, 52.44516731], [13.43992869, 52.44519322], [13.43985745, 52.44522541], [13.43975647, 52.44526763], [13.43968964, 52.44529088], [13.43960239, 52.44531844], [13.43957642, 52.44532639], [13.4394964, 52.44535518], [13.43942169, 52.44538344], [13.43941767, 52.44538499], [13.43941683, 52.44538532], [13.43935905, 52.44540829], [13.43927047, 52.44544571], [13.43919293, 52.4454808], [13.43911196, 52.44551946], [13.43904368, 52.4455539], [13.43888253, 52.44563271], [13.43888677, 52.4456362], [13.43901727, 52.44574373], [13.43901644, 52.4457441], [13.43899344, 52.44575443], [13.43885925, 52.44564363], [13.43884231, 52.44562965], [13.43882446, 52.4456148], [13.43883578, 52.4456097], [13.43881701, 52.4455941], [13.43880521, 52.44558429], [13.43856007, 52.44569168], [13.43833866, 52.44578885], [13.43833096, 52.44578215], [13.43833038, 52.44578164], [13.43827779, 52.44580466], [13.43816844, 52.44571275], [13.43808537, 52.445643], [13.43802637, 52.44556441], [13.43798562, 52.44551029], [13.43791858, 52.44544803], [13.43791564, 52.44544921], [13.43791062, 52.44544456], [13.43790796, 52.44544562], [13.43790604, 52.44544381], [13.43790401, 52.44544206], [13.43800338, 52.44540023], [13.43806419, 52.44545363], [13.43804444, 52.44548627], [13.43820091, 52.44562899], [13.43822584, 52.44565213], [13.43834859, 52.44576307], [13.43854239, 52.44567814], [13.43881195, 52.44555961], [13.43881229, 52.44555991], [13.43881281, 52.44555968], [13.43881331, 52.44556076], [13.43883906, 52.44558249], [13.43884113, 52.44558424], [13.43884121, 52.44558431], [13.43895029, 52.44553115], [13.43903355, 52.44548946], [13.43917585, 52.4454216], [13.43932039, 52.44535969], [13.43943795, 52.44531415], [13.43953509, 52.44527989], [13.4395368, 52.44527932], [13.43955638, 52.44527291], [13.43956094, 52.44527141], [13.43964867, 52.44524343], [13.43974094, 52.44521009], [13.4398122, 52.44517861], [13.43980869, 52.44517768], [13.43982176, 52.44517216], [13.43989411, 52.44514026], [13.43997619, 52.44509404], [13.43995958, 52.44508563], [13.43993276, 52.44507205], [13.43993222, 52.44507193], [13.43993064, 52.44507166], [13.43962894, 52.44502082], [13.43943017, 52.44499021], [13.43939684, 52.44498636], [13.43931669, 52.44497709], [13.43910153, 52.44495222], [13.43909689, 52.44495169], [13.43909643, 52.44495164], [13.43907804, 52.44494978], [13.43900537, 52.44494244], [13.43900428, 52.44494233], [13.43898275, 52.44494015], [13.43894022, 52.44493585], [13.43893609, 52.44493543], [13.43889419, 52.4449312], [13.43873056, 52.44491465], [13.43866349, 52.44490787], [13.43862499, 52.44490448], [13.43852941, 52.44489607], [13.43845837, 52.44488981], [13.43840654, 52.44488525], [13.43840578, 52.44488518], [13.43834533, 52.44487994], [13.43834391, 52.4448798], [13.43814923, 52.44486091], [13.43814812, 52.44486081], [13.43817289, 52.44483293], [13.43817326, 52.44483251], [13.43811367, 52.44482847], [13.43803973, 52.44482346], [13.43777864, 52.4448053], [13.43764501, 52.44479601], [13.4371783, 52.44476316], [13.43716416, 52.44476216], [13.43704943, 52.44475408], [13.43702802, 52.44475258], [13.43717775, 52.44489055], [13.43724602, 52.44495346], [13.43741272, 52.44510722], [13.43754076, 52.44522516], [13.43777297, 52.44543815], [13.43780097, 52.44547305], [13.43752, 52.4455861], [13.43710314, 52.44575504], [13.43707286, 52.44576722], [13.4368994, 52.4458383], [13.43689458, 52.44584051], [13.43689136, 52.44584198], [13.43689858, 52.44584765], [13.43680147, 52.44588766], [13.43680507, 52.44589074], [13.43681298, 52.44589749], [13.43684069, 52.44592115], [13.43685594, 52.44593418], [13.4369088, 52.44597915], [13.43692282, 52.44597285], [13.43693175, 52.4459805], [13.43691804, 52.4459872], [13.43693729, 52.44600364], [13.43700832, 52.44606429], [13.4370203, 52.44607452], [13.43705735, 52.44610615], [13.43707276, 52.44611931], [13.43709912, 52.44610779], [13.4371778, 52.44617558], [13.43720466, 52.44619872], [13.43724064, 52.44622973], [13.43724604, 52.44622739], [13.43729664, 52.44627038], [13.43727822, 52.44627845], [13.43729648, 52.44629399], [13.43722879, 52.44632346], [13.43720194, 52.44633515], [13.43718541, 52.44634235], [13.43718076, 52.4463384], [13.43718211, 52.44633781], [13.43716878, 52.44632646], [13.43714553, 52.44633665], [13.43714064, 52.4463388], [13.43713418, 52.44634163], [13.4371331, 52.4463407], [13.4371299, 52.44633794], [13.43711604, 52.4463407], [13.43711325, 52.44633603], [13.43711146, 52.44633447], [13.43711041, 52.44633483], [13.43709443, 52.4463403], [13.43709348, 52.44634063], [13.43709425, 52.44634129], [13.43709458, 52.44634409], [13.43709561, 52.44634407], [13.437096, 52.44634732], [13.43709493, 52.44634734], [13.43709451, 52.44634733], [13.43703065, 52.44634618], [13.43682728, 52.44634635], [13.43677572, 52.44629942], [13.43682622, 52.44634635], [13.4368266, 52.4463467], [13.43683135, 52.4463518], [13.4368623, 52.446385], [13.43686608, 52.44638906], [13.43701541, 52.44654924], [13.43708267, 52.44662139], [13.43711531, 52.44665451], [13.43716586, 52.44670088], [13.43716997, 52.4467043], [13.43727988, 52.44679533], [13.43728443, 52.44679902], [13.43728861, 52.44679728], [13.4372846, 52.44679354], [13.4371239, 52.44664335], [13.43704227, 52.44656749], [13.43704155, 52.44656682], [13.43704087, 52.44656613], [13.43704022, 52.44656542], [13.43703962, 52.4465647], [13.43703906, 52.44656397], [13.43703854, 52.44656323], [13.43703806, 52.44656248], [13.43703763, 52.44656172], [13.43703724, 52.44656095], [13.43703689, 52.44656017], [13.43703658, 52.44655938], [13.43703633, 52.44655859], [13.43703611, 52.44655779], [13.43703594, 52.44655699], [13.43703582, 52.44655619], [13.43703575, 52.44655538], [13.43703571, 52.44655458], [13.43703573, 52.44655377], [13.43703579, 52.44655296], [13.4370359, 52.44655216], [13.43703605, 52.44655136], [13.43703624, 52.44655056], [13.43703648, 52.44654976], [13.43703677, 52.44654898], [13.4370371, 52.44654819], [13.43703748, 52.44654742], [13.43703793, 52.4465466], [13.43703964, 52.44654343], [13.43704203, 52.4465395], [13.43704464, 52.44653562], [13.43704738, 52.44653325], [13.43705788, 52.44652003], [13.43706959, 52.44650719], [13.43708248, 52.44649478], [13.4370965, 52.44648284], [13.43710712, 52.44647466], [13.43711527, 52.44646888], [13.43711826, 52.44646676], [13.43712992, 52.44645914], [13.43714208, 52.44645181], [13.43722696, 52.44641349], [13.4372281, 52.44641297], [13.43723058, 52.44641509], [13.43722938, 52.44641558], [13.43752717, 52.44667254]], [[13.43909923, 52.4450344], [13.43924714, 52.44504754], [13.43923987, 52.44507712], [13.43909219, 52.44506396], [13.43909923, 52.4450344]], [[13.43899496, 52.44516495], [13.43901626, 52.44507462], [13.43906469, 52.44507888], [13.43904318, 52.44516902], [13.43899496, 52.44516495]], [[13.43753955, 52.44614168], [13.43751165, 52.44611902], [13.43748496, 52.44613129], [13.43743726, 52.44608993], [13.43744207, 52.44608786], [13.43738151, 52.44603741], [13.43738271, 52.44603689], [13.43745038, 52.44600756], [13.43745897, 52.44601519], [13.43748856, 52.44600186], [13.43749078, 52.44600374], [13.43749113, 52.44600358], [13.43749065, 52.44600316], [13.43748898, 52.44600166], [13.43748866, 52.44600138], [13.43745884, 52.44601453], [13.43745037, 52.44600707], [13.43738229, 52.44603652], [13.43736949, 52.4460254], [13.43736933, 52.44602547], [13.4373448, 52.4460057], [13.43734443, 52.4460054], [13.43733862, 52.44600785], [13.43726056, 52.44594055], [13.43723655, 52.44591935], [13.43717782, 52.44586881], [13.43702916, 52.44593495], [13.43702783, 52.44593387], [13.43702236, 52.44592942], [13.43702143, 52.44592867], [13.43702165, 52.44592857], [13.43717477, 52.44586011], [13.43707983, 52.44578018], [13.4370781, 52.44577873], [13.43707734, 52.44577907], [13.43707702, 52.44577879], [13.43707099, 52.44577275], [13.43707647, 52.44577051], [13.43708365, 52.44576762], [13.43710672, 52.44575834], [13.43710858, 52.44576006], [13.43752525, 52.44559088], [13.43760025, 52.44556071], [13.4376171, 52.44555393], [13.43781341, 52.44547495], [13.43781668, 52.44547778], [13.43781749, 52.44547848], [13.43782012, 52.44547737], [13.43782048, 52.4454777], [13.4378471, 52.44550233], [13.43789433, 52.44554604], [13.43789379, 52.44554625], [13.43777533, 52.44559296], [13.43777436, 52.44559336], [13.43778694, 52.44560604], [13.43774509, 52.4456243], [13.43773661, 52.44561724], [13.43776826, 52.44560325], [13.43776871, 52.44560304], [13.43772167, 52.44556342], [13.43766494, 52.44558814], [13.43766506, 52.44558825], [13.43769406, 52.44561486], [13.43774578, 52.44565838], [13.43774351, 52.44565986], [13.4377428, 52.44566017], [13.43774228, 52.44566038], [13.43775122, 52.44566852], [13.43775192, 52.44566893], [13.43775264, 52.44566861], [13.43775545, 52.44567102], [13.43776882, 52.44568248], [13.43777232, 52.44568099], [13.43777836, 52.44568456], [13.4377785, 52.44568468], [13.43779474, 52.44567771], [13.4378097, 52.44567128], [13.43785971, 52.44564978], [13.43787458, 52.4456434], [13.43787796, 52.44564194], [13.43787932, 52.44564311], [13.4379298, 52.44568629], [13.43792742, 52.44568732], [13.43794637, 52.44570371], [13.43798483, 52.44568699], [13.43817683, 52.44584981], [13.43818439, 52.44585622], [13.438142, 52.44587472], [13.4381437, 52.44587617], [13.43812983, 52.44588223], [13.43810767, 52.44589191], [13.43809447, 52.44589768], [13.43809274, 52.4458962], [13.43805048, 52.44591463], [13.43804636, 52.44591113], [13.43784389, 52.44600065], [13.43781471, 52.44601355], [13.43766063, 52.44608168], [13.43767191, 52.44609121], [13.43764641, 52.44610248], [13.43763513, 52.44609295], [13.43761229, 52.44610305], [13.43761636, 52.44610635], [13.43757577, 52.44612486], [13.43753955, 52.44614168]], [[13.43699395, 52.44595316], [13.43695171, 52.44597106], [13.43694362, 52.44596341], [13.43698459, 52.44594516], [13.43699395, 52.44595316]], [[13.43785862, 52.44640125], [13.4381369, 52.44627649], [13.43814327, 52.44628167], [13.43816438, 52.44629888], [13.43816337, 52.44629933], [13.43815952, 52.44630107], [13.43815978, 52.44630128], [13.43791506, 52.446411], [13.43791472, 52.44641071], [13.4379094, 52.44641314], [13.43791277, 52.44641595], [13.43791395, 52.44641541], [13.43796718, 52.44646105], [13.43796598, 52.44646157], [13.43796987, 52.446465], [13.43794526, 52.44647585], [13.43785862, 52.44640125]], [[13.43738484, 52.44636888], [13.43734777, 52.44638522], [13.43733083, 52.44637082], [13.43736775, 52.44635449], [13.43738484, 52.44636888]], [[13.4373956, 52.44647232], [13.43741609, 52.44649009], [13.43739087, 52.44650158], [13.43738722, 52.44650324], [13.43736674, 52.44648547], [13.43737059, 52.44648371], [13.4373956, 52.44647232]], [[13.43753777, 52.44657891], [13.43752686, 52.4465836], [13.43747303, 52.44653685], [13.43748277, 52.44653266], [13.43752802, 52.44651321], [13.43758185, 52.44655995], [13.43753777, 52.44657891]], [[13.43996974, 52.44522429], [13.43998044, 52.44521933], [13.44000462, 52.44523903], [13.43999084, 52.44524512], [13.43997489, 52.44525217], [13.43995123, 52.44523287], [13.43996974, 52.44522429]], [[13.44022074, 52.44528931], [13.44025861, 52.44527176], [13.4403156, 52.44529964], [13.44027778, 52.44531726], [13.44022074, 52.44528931]], [[13.43992524, 52.44552663], [13.44018696, 52.44540927], [13.44022074, 52.44543751], [13.43995905, 52.44555482], [13.43992991, 52.44553053], [13.43992524, 52.44552663]], [[13.43981212, 52.44555949], [13.43969417, 52.44561233], [13.43969389, 52.44561245], [13.43967296, 52.44562182], [13.4396215, 52.44557911], [13.43962084, 52.44557855], [13.43953853, 52.44550986], [13.43955723, 52.44550074], [13.43966359, 52.44558736], [13.4396898, 52.44560871], [13.43980713, 52.44555549], [13.43981212, 52.44555949]], [[13.43977015, 52.44570257], [13.43970133, 52.44564537], [13.43968689, 52.44563338], [13.43970778, 52.44562406], [13.4397081, 52.44562391], [13.43974115, 52.44560916], [13.43974698, 52.44561401], [13.4397995, 52.44559046], [13.43979367, 52.4455856], [13.43982636, 52.44557094], [13.43982669, 52.44557079], [13.43985891, 52.44559781], [13.43987, 52.44560712], [13.43982554, 52.44562706], [13.4397957, 52.44564047], [13.43975141, 52.44566024], [13.4397825, 52.44568594], [13.43978848, 52.44568333], [13.43979684, 52.44569036], [13.43979707, 52.44569055], [13.43979403, 52.44569191], [13.43977015, 52.44570257]], [[13.43952676, 52.4458218], [13.4394529, 52.44576026], [13.43944172, 52.44575094], [13.43963861, 52.44566266], [13.43973506, 52.44574298], [13.43953806, 52.44583124], [13.43952676, 52.4458218]], [[13.43939582, 52.4458952], [13.43929908, 52.44581486], [13.43928766, 52.44580525], [13.43930205, 52.4457989], [13.43936806, 52.44576924], [13.43938232, 52.44576277], [13.4393939, 52.44577232], [13.4394902, 52.4458528], [13.43950181, 52.44586233], [13.43948752, 52.44586871], [13.43942153, 52.44589833], [13.43940737, 52.44590473], [13.43939582, 52.4458952]]], [[[13.43794794, 52.44582799], [13.43794818, 52.44582789], [13.43787881, 52.44576907], [13.43794762, 52.44582773], [13.43794794, 52.44582799]]], [[[13.43755171, 52.4460019], [13.43755144, 52.44600202], [13.43754732, 52.44600383], [13.4375102, 52.44602017], [13.43751058, 52.44602049], [13.43754769, 52.44600415], [13.43755181, 52.44600234], [13.43768613, 52.44594317], [13.43776265, 52.44590951], [13.43776233, 52.44590924], [13.43766919, 52.44595022], [13.43755171, 52.4460019]]], [[[13.43652474, 52.44596626], [13.43644481, 52.44599892], [13.43644508, 52.44599917], [13.43664785, 52.4459165], [13.43664968, 52.44591575], [13.43664885, 52.44591498], [13.43664702, 52.44591574], [13.43660393, 52.44593354], [13.43652474, 52.44596626]]], [[[13.43673005, 52.44598979], [13.43673014, 52.44598987], [13.43684538, 52.4460906], [13.43692923, 52.44616], [13.43693983, 52.44616875], [13.43694648, 52.44617427], [13.43673098, 52.44598938], [13.43671555, 52.44597615], [13.43671464, 52.44597632], [13.43671482, 52.44597648], [13.43673005, 52.44598979]]]]}}, {"type": "Feature", "properties": {"id": "gruenanlagen.00008100_002a43a7", "pitid": "00008100:002a43a7", "kennzeich": "231.114", "bezirkname": "Neukölln", "ortstlname": "Rudow", "objartname": "Grünanlage", "namenr": "Landschaftspark Rudow-Altglienicke", "namezusatz": null, "baujahr": null, "sanierjahr": null, "katasterfl": 222250.0, "widmung": null, "plannr": "08401246", "planname": "Waltersdorfer Chaussee Ost"}, "geometry": {"type": "Polygon", "coordinates": [[[13.51876985, 52.40466416], [13.51836277, 52.40439095], [13.51754712, 52.40386305], [13.51712633, 52.40361498], [13.51704182, 52.40356494], [13.51687806, 52.40372061], [13.51682753, 52.40376757], [13.51674846, 52.40384119], [13.51665817, 52.40392513], [13.51661885, 52.40396185], [13.51655833, 52.40401805], [13.51648881, 52.40408286], [13.51632754, 52.40423288], [13.51615008, 52.40439798], [13.5159888, 52.40454809], [13.51582738, 52.40469837], [13.51566597, 52.40484848], [13.5155047, 52.40499859], [13.51542266, 52.4050749], [13.51536345, 52.40512993], [13.51522237, 52.40526127], [13.51492234, 52.40554039], [13.51484164, 52.40561544], [13.51476092, 52.40569058], [13.51473323, 52.40571634], [13.5145257, 52.40590945], [13.5143846, 52.40604079], [13.51424336, 52.40617213], [13.5141021, 52.40630357], [13.51403465, 52.40636308], [13.51417013, 52.40641749], [13.51421873, 52.40643704], [13.51605893, 52.40717694], [13.51599427, 52.40723691], [13.51538605, 52.40780059], [13.51463817, 52.40849368], [13.51424134, 52.4088632], [13.51381125, 52.40926162], [13.51523811, 52.40985222], [13.51676661, 52.41048489], [13.51682152, 52.4105048], [13.51698604, 52.41035613], [13.51707837, 52.41039432], [13.51774751, 52.41067127], [13.51895379, 52.40961896], [13.51846713, 52.40941749], [13.51828452, 52.40934192], [13.51929119, 52.40846358], [13.51962532, 52.40817199], [13.52087403, 52.4070824], [13.52101762, 52.40695142], [13.52111363, 52.40699132], [13.52175424, 52.40819502], [13.52205391, 52.40879327], [13.52243872, 52.40956152], [13.52246456, 52.40963604], [13.52246702, 52.40964503], [13.52271879, 52.41056675], [13.52295102, 52.41036457], [13.52301345, 52.41030998], [13.52281335, 52.40979218], [13.52279886, 52.40975456], [13.52274133, 52.40960528], [13.52261339, 52.40927455], [13.522339, 52.4085445], [13.52224267, 52.40832226], [13.52178878, 52.40744224], [13.52174362, 52.40738698], [13.52166644, 52.40729259], [13.52101599, 52.40671498], [13.52097551, 52.40667908], [13.52062127, 52.40642346], [13.5205953, 52.40640474], [13.520595318122169, 52.40640472186644], [13.520595298433872, 52.40640470767989], [13.520706629830315, 52.40629330559002], [13.52062201, 52.40623285], [13.51981302, 52.40566012], [13.51946464, 52.4054142], [13.51905334, 52.40512346], [13.519053366641518, 52.40512344240096], [13.519053344147212, 52.405123426500246], [13.51933072757103, 52.40494018404077], [13.51876985, 52.40466416]]]}}, {"type": "Feature", "properties": {"id": "gruenanlagen.00008100_002a43aa", "pitid": "00008100:002a43aa", "kennzeich": "321.014", "bezirkname": "Neukölln", "ortstlname": "Britz", "objartname": "Grünanlage", "namenr": "Carl-Weder-Park", "namezusatz": null, "baujahr": null, "sanierjahr": null, "katasterfl": 52970.0, "widmung": null, "plannr": "08200624", "planname": "Tempelhofer Weg"}, "geometry": {"type": "MultiPolygon", "coordinates": [[[[13.42211801, 52.46219113], [13.42213378, 52.46215762], [13.4221507, 52.46212414], [13.42216936, 52.46209118], [13.42218984, 52.4620587], [13.42220603, 52.46203097], [13.42222298, 52.46200341], [13.42224066, 52.46197602], [13.42225386, 52.46195636], [13.42226744, 52.46193678], [13.4222814, 52.46191732], [13.42228689, 52.46190986], [13.42229243, 52.4619024], [13.42229801, 52.46189496], [13.42230764, 52.46188301], [13.42231783, 52.46187126], [13.42232859, 52.46185968], [13.42233994, 52.46184833], [13.4223518, 52.46183717], [13.42236422, 52.46182624], [13.42238796, 52.4618065], [13.42241243, 52.46178709], [13.42243763, 52.46176803], [13.42246355, 52.46174935], [13.42249017, 52.46173102], [13.42251588, 52.4617141], [13.42254221, 52.46169752], [13.42256912, 52.4616813], [13.4225966, 52.46166544], [13.42261621, 52.46166448], [13.4226358, 52.46166349], [13.4226554, 52.46166246], [13.42272502, 52.46165849], [13.42279459, 52.46165404], [13.42286405, 52.46164911], [13.42293341, 52.46164371], [13.42302886, 52.46163544], [13.4231241, 52.46162627], [13.42321908, 52.4616162], [13.42331379, 52.46160524], [13.42340822, 52.46159337], [13.42350234, 52.46158062], [13.42351312, 52.46154074], [13.42368727, 52.46151767], [13.42377165, 52.46150691], [13.42385627, 52.46149692], [13.42394115, 52.46148773], [13.42402624, 52.46147933], [13.42411153, 52.46147171], [13.424197, 52.4614649], [13.42427478, 52.46145915], [13.42431724, 52.46145602], [13.42533618, 52.46156264], [13.4263566, 52.46166933], [13.42649776, 52.461688], [13.42657302, 52.4616974], [13.42674388, 52.46171839], [13.42674376, 52.4617187], [13.42698905, 52.4617493], [13.42712607, 52.46176562], [13.42749369, 52.46181234], [13.42749411, 52.46181057], [13.42775427, 52.46184344], [13.42775396, 52.46184478], [13.42783067, 52.46185436], [13.42833682, 52.46191756], [13.42897839, 52.46199763], [13.4291663, 52.46202103], [13.42924861, 52.46203105], [13.42927706, 52.46203451], [13.42932074, 52.46203983], [13.42932363, 52.46203195], [13.42932322, 52.4620319], [13.4293867, 52.46186657], [13.42945234, 52.4616956], [13.42945275, 52.46169454], [13.4294848, 52.46161106], [13.43043483, 52.46174618], [13.43041821, 52.4618237], [13.43041982, 52.46182392], [13.43040305, 52.46189437], [13.43045053, 52.46189512], [13.43052814, 52.46191093], [13.43054689, 52.46193058], [13.43054601, 52.46195379], [13.43052595, 52.46197279], [13.43052564, 52.46197644], [13.43052258, 52.46201183], [13.43052249, 52.46201283], [13.43052099, 52.46203016], [13.43052068, 52.46203381], [13.43051242, 52.46204942], [13.4304948, 52.46206288], [13.43048084, 52.4620891], [13.43048594, 52.46209937], [13.4304928, 52.46211317], [13.43049132, 52.46212692], [13.43047796, 52.46217264], [13.43047682, 52.4621725], [13.4304741, 52.46218028], [13.43084837, 52.46222585], [13.43109381, 52.46225564], [13.43174167, 52.46233454], [13.43191496, 52.4623619], [13.43196198, 52.46236933], [13.43242548, 52.46244251], [13.43266749, 52.46248038], [13.43267747, 52.46245479], [13.43273088, 52.46231648], [13.43279132, 52.46232566], [13.43301171, 52.46235872], [13.43349819, 52.46244211], [13.43374753, 52.46248547], [13.434052, 52.46253755], [13.43406336, 52.4625395], [13.4342521, 52.46257185], [13.43427582, 52.46249712], [13.43426016, 52.46247661], [13.43428735, 52.46238229], [13.43429333, 52.46236163], [13.43431846, 52.46229921], [13.43435186, 52.46219844], [13.43435767, 52.46218074], [13.43435976, 52.46217446], [13.43435447, 52.46217382], [13.43437164, 52.46211346], [13.43437959, 52.46211437], [13.43441119, 52.46201898], [13.4340583, 52.4619714], [13.43307872, 52.46183923], [13.4328042, 52.4618022], [13.43265129, 52.46178156], [13.43236621, 52.4617704], [13.43232928, 52.4617689], [13.4323299, 52.46176323], [13.43189565, 52.46174742], [13.43114058, 52.46172092], [13.43090197, 52.46171478], [13.43029839, 52.46163056], [13.43006301, 52.46159772], [13.42951791, 52.46152127], [13.42938415, 52.46150251], [13.42934717, 52.46161047], [13.42930895, 52.4616051], [13.42910591, 52.46157673], [13.42902406, 52.46184682], [13.42900967, 52.46189436], [13.4283701, 52.46181976], [13.42836647, 52.4618193], [13.42829402, 52.46181016], [13.42790983, 52.46176496], [13.42791267, 52.46170877], [13.42791708, 52.46162147], [13.42791728, 52.46162104], [13.42791626, 52.46162086], [13.42781164, 52.46160233], [13.42781162, 52.46160243], [13.42755408, 52.46155666], [13.42755412, 52.4615565], [13.42709228, 52.46147297], [13.42685188, 52.46142949], [13.42670708, 52.4614033], [13.42675851, 52.46129783], [13.42665132, 52.46127953], [13.42666786, 52.46123554], [13.42638628, 52.46119614], [13.42638979, 52.46113181], [13.42594991, 52.46109431], [13.4259278, 52.46110254], [13.42586531, 52.46109399], [13.42571679, 52.46114523], [13.42545659, 52.46112942], [13.4253844, 52.46105713], [13.42533849, 52.4610575], [13.42444674, 52.4610646], [13.42340672, 52.46094761], [13.4233483, 52.46094104], [13.42310803, 52.46091394], [13.42302076, 52.46127172], [13.42300921, 52.46131853], [13.421971973003265, 52.4615162356154], [13.422030817741735, 52.46160751876558], [13.422034955434693, 52.46166717687062], [13.42204572, 52.46182236], [13.422049044044103, 52.46186950298153], [13.422050268013841, 52.46188685386286], [13.422099868520188, 52.46223112951252], [13.422099873288117, 52.46223116274222], [13.42211801, 52.46219113]], [[13.43286152, 52.46214586], [13.43314246, 52.46218528], [13.43414781, 52.46232634], [13.43413431, 52.46235814], [13.43307865, 52.46219365], [13.43285573, 52.46216078], [13.43286152, 52.46214586]]], [[[13.43826542, 52.46175199], [13.43826519, 52.46175197], [13.43823636, 52.46174868], [13.43804102, 52.46172639], [13.43782044, 52.46170122], [13.43778469, 52.46180479], [13.43778321, 52.4618046], [13.4377318, 52.46195715], [13.43771334, 52.46201191], [13.43761466, 52.46230722], [13.43772645, 52.46232025], [13.43791763, 52.4623425], [13.43811026, 52.46236401], [13.43820317, 52.46206789], [13.43817047, 52.46206435], [13.4381709, 52.46206293], [13.4381781, 52.46203954], [13.43826647, 52.46175211], [13.43826618, 52.46175208], [13.43826542, 52.46175199]]], [[[13.43942738, 52.46261326], [13.43942681, 52.46261513], [13.43939796, 52.46261134], [13.43939837, 52.46261002], [13.43913821, 52.46258102], [13.4391094, 52.46257781], [13.43909922, 52.46257667], [13.43892568, 52.46255779], [13.43874995, 52.46253873], [13.43865872, 52.46252884], [13.43861523, 52.46252412], [13.43857584, 52.46251985], [13.43839938, 52.46250071], [13.43805259, 52.46246043], [13.43792925, 52.46244609], [13.43787922, 52.46244028], [13.43777012, 52.46242762], [13.43753454, 52.46240029], [13.43736218, 52.46238023], [13.43718618, 52.46235974], [13.43708413, 52.46234811], [13.43704402, 52.46234354], [13.43701114, 52.46233979], [13.43683763, 52.46232001], [13.43657017, 52.46228943], [13.43653477, 52.46228538], [13.43649469, 52.4622808], [13.43632294, 52.46226112], [13.43598088, 52.46222203], [13.43580926, 52.46220241], [13.43563841, 52.46218291], [13.43546764, 52.46216341], [13.43512812, 52.46212457], [13.43489019, 52.4620974], [13.4348526, 52.46211514], [13.43483502, 52.46216292], [13.43481844, 52.46222328], [13.43481182, 52.46222237], [13.43480378, 52.46224402], [13.43474648, 52.46239418], [13.43503177, 52.46242645], [13.43537058, 52.46246501], [13.43554234, 52.46248443], [13.43571278, 52.46250376], [13.43588631, 52.46252336], [13.43607586, 52.46254416], [13.43622897, 52.46256192], [13.43639968, 52.46258064], [13.43674277, 52.4626182], [13.43685705, 52.46263069], [13.43691544, 52.46263717], [13.43695068, 52.46264015], [13.43709289, 52.46265589], [13.43726692, 52.46267506], [13.43743908, 52.46269463], [13.43758796, 52.46271156], [13.43778824, 52.46273436], [13.43783411, 52.46273948], [13.43788651, 52.46274529], [13.43794534, 52.46275181], [13.43795983, 52.46275341], [13.43800034, 52.46275792], [13.43802669, 52.46276085], [13.43814148, 52.46277361], [13.43825925, 52.4627867], [13.4383069, 52.46279199], [13.43834014, 52.46279573], [13.43848188, 52.46281151], [13.43857999, 52.46282236], [13.43865659, 52.46283091], [13.43883191, 52.46285034], [13.4389038, 52.46285836], [13.43900748, 52.46286986], [13.43935689, 52.4629087], [13.43953322, 52.46292829], [13.43970955, 52.46294788], [13.43987379, 52.4629661], [13.44004118, 52.46298471], [13.44006649, 52.46292484], [13.44014012, 52.46275068], [13.44014749, 52.46273323], [13.4401635, 52.46269536], [13.43980115, 52.46265499], [13.43962539, 52.46263538], [13.43944996, 52.46261577], [13.43942738, 52.46261326]], [[13.43675573, 52.46257745], [13.43641289, 52.46253894], [13.43645571, 52.46240382], [13.43659029, 52.46241824], [13.43658451, 52.46244472], [13.43679116, 52.4624661], [13.43683324, 52.46247045], [13.4368428, 52.46243938], [13.4369144, 52.46244755], [13.43690106, 52.46248207], [13.43696326, 52.46248858], [13.43706876, 52.46249961], [13.43707405, 52.46246817], [13.43714927, 52.4624769], [13.4371495, 52.46247693], [13.43732438, 52.46249724], [13.43732452, 52.46249725], [13.43749661, 52.46251724], [13.43749675, 52.46251725], [13.43748831, 52.46254282], [13.43745112, 52.46265554], [13.43727946, 52.46263627], [13.4372747, 52.46263573], [13.43710572, 52.46261676], [13.43710524, 52.4626167], [13.43692842, 52.46259684], [13.43692812, 52.46259776], [13.43686945, 52.46259022], [13.43675573, 52.46257745]]]]}}, {"type": "Feature", "properties": {"id": "gruenanlagen.00008100_002a43ab", "pitid": "00008100:002a43ab", "kennzeich": "431.019", "bezirkname": "Neukölln", "ortstlname": "Neukölln", "objartname": "Grünanlage", "namenr": "Anita-Berber-Park", "namezusatz": null, "baujahr": null, "sanierjahr": null, "katasterfl": 63837.0, "widmung": null, "plannr": "08100104", "planname": "Wartheplatz"}, "geometry": {"type": "Polygon", "coordinates": [[[13.42853083, 52.471951], [13.42849986, 52.47194752], [13.42845602, 52.4719426], [13.4282036, 52.47191426], [13.4275734, 52.4718435], [13.42725251, 52.47180747], [13.42720923, 52.47180261], [13.42529043, 52.47158713], [13.42524065, 52.47158155], [13.4250404, 52.47155906], [13.42460442, 52.47151011], [13.42452673, 52.47150139], [13.42434967, 52.47148151], [13.42377997, 52.47141754], [13.42264738, 52.47129037], [13.4226163, 52.47128688], [13.42254089, 52.47127841], [13.42249751, 52.47127354], [13.4206924, 52.47107082], [13.42068281, 52.47106975], [13.42068275, 52.47106974], [13.42068237, 52.47107099], [13.4206782, 52.47108303], [13.42061427, 52.47128104], [13.42061278, 52.47128563], [13.4206126, 52.4712862], [13.42054889, 52.47148351], [13.42050292, 52.47152684], [13.42041215, 52.47180526], [13.42040739, 52.47181925], [13.42040143, 52.47183308], [13.42039429, 52.47184668], [13.42038599, 52.47186004], [13.4203784, 52.47187069], [13.42037006, 52.47188114], [13.42036099, 52.47189135], [13.42035121, 52.47190131], [13.42032653, 52.47192374], [13.42032241, 52.47192824], [13.4203186, 52.47193286], [13.42031514, 52.47193756], [13.42031191, 52.47194248], [13.42030904, 52.47194748], [13.42030653, 52.47195255], [13.42030074, 52.47196548], [13.42029734, 52.47197326], [13.42029335, 52.47198094], [13.4202888, 52.47198849], [13.42028367, 52.47199591], [13.42027756, 52.47200372], [13.42027083, 52.47201132], [13.4202635, 52.47201872], [13.42025557, 52.47202588], [13.42024774, 52.47203188], [13.42023901, 52.4720374], [13.42022948, 52.4720424], [13.42021922, 52.47204683], [13.4202083, 52.47205064], [13.42019687, 52.47205382], [13.42018429, 52.47205644], [13.42017135, 52.47205829], [13.42015818, 52.47205933], [13.42014491, 52.47205958], [13.42013165, 52.47205901], [13.42011694, 52.47205853], [13.42010967, 52.47205863], [13.42010243, 52.47205913], [13.42009531, 52.47206002], [13.42008829, 52.47206131], [13.42008149, 52.47206298], [13.42007497, 52.47206502], [13.42006097, 52.4720694], [13.42005882, 52.47207389], [13.42125909, 52.47220702], [13.42125961, 52.47220708], [13.42231949, 52.47232462], [13.42232502, 52.47232523], [13.42243851, 52.47233784], [13.42246948, 52.47234044], [13.42246925, 52.47234125], [13.4224696, 52.47234129], [13.42261402, 52.47235727], [13.42297068, 52.47239684], [13.42316145, 52.472418], [13.42337263, 52.47244143], [13.42365532, 52.47247279], [13.42386707, 52.47249628], [13.42405797, 52.47251745], [13.42441363, 52.4725569], [13.42455836, 52.47257296], [13.42470309, 52.47258894], [13.42478938, 52.47259851], [13.42479015, 52.47259587], [13.42526219, 52.4726472], [13.42528557, 52.47264983], [13.42528555, 52.47265347], [13.42552195, 52.47267965], [13.42578286, 52.47270858], [13.42604335, 52.47273741], [13.42630458, 52.47276634], [13.42656508, 52.47279519], [13.4268256, 52.47282403], [13.42708593, 52.47285287], [13.42734745, 52.4728818], [13.42760133, 52.4729099], [13.42792592, 52.4729459], [13.42811599, 52.47296693], [13.42834995, 52.47252781], [13.42841276, 52.47240991], [13.42865012, 52.47196439], [13.42853083, 52.471951]]]}}, {"type": "Feature", "properties": {"id": "gruenanlagen.00008100_002a895a", "pitid": "00008100:002a895a", "kennzeich": "321.682-1", "bezirkname": "Neukölln", "ortstlname": "Britz", "objartname": "Grünanlage", "namenr": "Park am Buschkrug-Kiosk", "namezusatz": null, "baujahr": null, "sanierjahr": null, "katasterfl": 346.0, "widmung": "gewidmet", "plannr": "08200623", "planname": "Park am Buschkrug"}, "geometry": {"type": "Polygon", "coordinates": [[[13.45100473, 52.45381617], [13.4508267, 52.45406431], [13.45082938, 52.45406502], [13.45095037, 52.45409816], [13.45095026, 52.45409831], [13.45093857, 52.45411463], [13.45096433, 52.45412169], [13.45096518, 52.45412192], [13.45096543, 52.45412198], [13.45096652, 52.45412228], [13.45115759, 52.45385782], [13.45100818, 52.4538171], [13.45100473, 52.45381617]]]}}, {"type": "Feature", "properties": {"id": "gruenanlagen.00008100_002aeef4", "pitid": "00008100:002aeef4", "kennzeich": "231.085", "bezirkname": "Neukölln", "ortstlname": "Rudow", "objartname": "Grünanlage", "namenr": "Rudower Höhe-West", "namezusatz": null, "baujahr": null, "sanierjahr": null, "katasterfl": 26140.0, "widmung": "gewidmet", "plannr": "08401246", "planname": "Waltersdorfer Chaussee Ost"}, "geometry": {"type": "Polygon", "coordinates": [[[13.51882884, 52.41673279], [13.51877923, 52.41672262], [13.51829909, 52.41662416], [13.5179617, 52.41655497], [13.5179059, 52.41654353], [13.51764307, 52.41648969], [13.5176418, 52.41649126], [13.51734096, 52.4168627], [13.51722835, 52.41700174], [13.51711128, 52.41714636], [13.51706443, 52.41720423], [13.51699977, 52.41728399], [13.5169055, 52.41740027], [13.51678562, 52.41754835], [13.51665593, 52.41770849], [13.51641725, 52.41800321], [13.51629453, 52.41815475], [13.51629262, 52.4181571], [13.51625074, 52.41820882], [13.51613189, 52.41835551], [13.51600703, 52.41850964], [13.51591939, 52.41861784], [13.51582524, 52.41873409], [13.51575482, 52.41882104], [13.51553057, 52.41909792], [13.5155099, 52.41912344], [13.51537656, 52.41928806], [13.51532394, 52.41935304], [13.51537914, 52.41937524], [13.51539669, 52.41938248], [13.51539739, 52.41938277], [13.5154339, 52.41939784], [13.51546822, 52.41941218], [13.51547027, 52.41941304], [13.51548846, 52.41942064], [13.51554257, 52.41944382], [13.51554834, 52.41944631], [13.51571005, 52.41951603], [13.51596661, 52.41962666], [13.51597455, 52.41963023], [13.51598223, 52.41963369], [13.51598432, 52.41963195], [13.51602517, 52.419594], [13.51613961, 52.41948776], [13.51630505, 52.41933329], [13.51638174, 52.41926234], [13.51652702, 52.41912728], [13.51666666, 52.41899818], [13.51679277, 52.41888151], [13.5169177, 52.41876493], [13.516949, 52.41873246], [13.51699994, 52.41867155], [13.51707242, 52.41858082], [13.51714546, 52.41849675], [13.51735601, 52.41827579], [13.51756179, 52.41806727], [13.51770596, 52.41792089], [13.51791017, 52.41771465], [13.51808255, 52.41754031], [13.51818246, 52.41743951], [13.51836938, 52.41725064], [13.51852045, 52.41709818], [13.51855242, 52.41706594], [13.51865446, 52.41696303], [13.51879385, 52.4168224], [13.5188615, 52.41675847], [13.51883834, 52.41674059], [13.51882884, 52.41673279]]]}}, {"type": "Feature", "properties": {"id": "gruenanlagen.00008100_002af020", "pitid": "00008100:002af020", "kennzeich": "231.084", "bezirkname": "Neukölln", "ortstlname": "Rudow", "objartname": "Grünanlage", "namenr": "Rudower Höhe Trapez", "namezusatz": null, "baujahr": null, "sanierjahr": null, "katasterfl": 2194.0, "widmung": "gewidmet", "plannr": "08401246", "planname": "Waltersdorfer Chaussee Ost"}, "geometry": {"type": "Polygon", "coordinates": [[[13.5204145, 52.42013577], [13.52032838, 52.42011569], [13.52014903, 52.42007386], [13.52009924, 52.42006225], [13.52010174, 52.42009178], [13.52010924, 52.42018026], [13.52014688, 52.42062419], [13.52014723, 52.42062836], [13.52016897, 52.42088396], [13.520181106025705, 52.42102745300904], [13.520181107932515, 52.421027450734464], [13.520503618012148, 52.4208362369044], [13.520648178109438, 52.42019026722694], [13.5204145, 52.42013577]], [[13.52049259, 52.42053572], [13.52047276, 52.42053635], [13.52021369, 52.42054455], [13.52021274, 52.42053336], [13.52021205, 52.42052512], [13.52019544, 52.42032916], [13.52047434, 52.42032033], [13.52049259, 52.42053572]]]}}, {"type": "Feature", "properties": {"id": "gruenanlagen.00008100_002d89ff", "pitid": "00008100:002d89ff", "kennzeich": "211.084", "bezirkname": "Neukölln", "ortstlname": "Buckow", "objartname": "Grünanlage", "namenr": "Buckower Felder-Mauerweg", "namezusatz": null, "baujahr": null, "sanierjahr": null, "katasterfl": 9746.0, "widmung": "gewidmet", "plannr": "08200832", "planname": "Buckow Mitte"}, "geometry": {"type": "Polygon", "coordinates": [[[13.43033266, 52.41228508], [13.42919849, 52.41209792], [13.42795366, 52.41189296], [13.42777175, 52.41185725], [13.42783585, 52.41198517], [13.43035773, 52.41240097], [13.43061855, 52.41244391], [13.43186946, 52.41261636], [13.43239474, 52.41277521], [13.43339291, 52.41307692], [13.43356097, 52.41312772], [13.434136, 52.41330154], [13.43501552, 52.41357858], [13.43528311, 52.41366287], [13.43533463, 52.4136758], [13.43603607, 52.41385146], [13.43607997, 52.41386295], [13.43631326, 52.41392398], [13.43639432, 52.41394518], [13.43730943, 52.41418457], [13.43731976, 52.41418732], [13.4374013, 52.41420901], [13.43798281, 52.41436367], [13.43828027, 52.41443985], [13.43836339, 52.41446112], [13.43837448, 52.41446397], [13.4385232, 52.41450204], [13.43854206, 52.41450688], [13.43858398, 52.41451759], [13.43861193, 52.41440799], [13.43840268, 52.41435334], [13.43730994, 52.41406739], [13.43662539, 52.41388827], [13.43610426, 52.413752], [13.43535701, 52.41356485], [13.43421549, 52.41320524], [13.43336673, 52.41294872], [13.43236869, 52.41264701], [13.43193206, 52.412515], [13.43035265, 52.41225384], [13.430333491387918, 52.41228378072243], [13.430332678245964, 52.412285052515486], [13.430332677649874, 52.4122850524171], [13.43033266, 52.41228508]]]}}]}