{"type": "FeatureCollection", "name": "parkverbot_mikromobilitaet_neukoelln", "features": [{"type": "Feature", "properties": {"id": "parkverbot_mikromobilitaet.33", "gisid": 33, "fid_bezirk": "008", "namgem": "Neukölln", "typ": "no parking"}, "geometry": {"type": "MultiPolygon", "coordinates": [[[[13.52050445, 52.42654217], [13.52046087, 52.42624576], [13.52046033, 52.42624207], [13.52045696, 52.42624225], [13.52044834, 52.42619264], [13.52044709, 52.42618545], [13.52042704, 52.42609062], [13.52042512, 52.42608579], [13.52042511, 52.42608579], [13.51817164, 52.42616233], [13.51515571, 52.42638845], [13.51322221, 52.42665913], [13.51133579, 52.42702403], [13.51103293, 52.42698462], [13.51073182, 52.42716777], [13.50848651, 52.42781412], [13.5077744, 52.42778182], [13.50752512, 52.42788912], [13.50742728, 52.42818206], [13.50542032, 52.42901773], [13.49788361, 52.43267458], [13.4973875, 52.43308076], [13.49719868, 52.43307639], [13.4970199, 52.43324301], [13.4964975, 52.43334574], [13.49594679, 52.43360853], [13.49432647, 52.43439818], [13.49399377, 52.43467146], [13.47865878, 52.4420663], [13.47830964, 52.44234905], [13.47688096, 52.44299792], [13.47630772, 52.44316189], [13.47495649, 52.44382114], [13.47450926, 52.44415087], [13.46475347, 52.44892834], [13.4631324, 52.45001716], [13.46206576, 52.4510489], [13.46166807, 52.45131568], [13.46104613, 52.45211416], [13.46091865, 52.45253155], [13.45846734, 52.45615344], [13.45725459, 52.457445], [13.45607249, 52.45819737], [13.45561792, 52.45839005], [13.45483312, 52.4587227], [13.45338661, 52.45912289], [13.4521181, 52.45932626], [13.45084872, 52.45941025], [13.44920756, 52.45934255], [13.44797927, 52.4591842], [13.44780877, 52.45907067], [13.44735192, 52.45902607], [13.44715592, 52.45908192], [13.44177865, 52.45839789], [13.44175788, 52.45828709], [13.44150463, 52.45823988], [13.44132797, 52.45834169], [13.4366699, 52.45796857], [13.43654516, 52.45790139], [13.43577639, 52.45790331], [13.43309669, 52.45750674], [13.42898916, 52.45655836], [13.42716801, 52.45626709], [13.42677216, 52.45613454], [13.42498663, 52.45601041], [13.42284473, 52.45602583], [13.42149866, 52.45610697], [13.42074701749147, 52.45626493632396], [13.420763882966698, 52.456289463255885], [13.420773529662029, 52.4563036811872], [13.42084979107837, 52.456384513861735], [13.42088247686678, 52.45641915259837], [13.421035412279755, 52.456581245839836], [13.421091737008995, 52.45664094373602], [13.42112089223742, 52.45667183990968], [13.421135865864667, 52.456687738341955], [13.421169952885139, 52.45672395116888], [13.421170137700363, 52.45672413345895], [13.42119658222265, 52.456752224154165], [13.421392563291358, 52.45671167395512], [13.422114946363626, 52.456663942137986], [13.422826588256042, 52.45664737878227], [13.423529473074442, 52.45661389897427], [13.424261960238216, 52.456605004563876], [13.42494664369649, 52.456597725723526], [13.42535876219895, 52.45661352665784], [13.425658367960597, 52.45662499617133], [13.42587974919046, 52.456643186060624], [13.42600703, 52.45664193], [13.426445426218837, 52.456689665170565], [13.426569666696135, 52.45669987344581], [13.426569566881101, 52.456699936446306], [13.42656961, 52.45669994], [13.42747897, 52.45680218], [13.43275631, 52.45798686], [13.43407842, 52.45821651], [13.43572357, 52.45838081], [13.43584892, 52.4584519], [13.43630071, 52.45848507], [13.43645007, 52.45843292], [13.44078457, 52.4587546], [13.44118425, 52.45879919], [13.44128387, 52.45893762], [13.44148015, 52.45894796], [13.44119812, 52.45995977], [13.44202847, 52.46005559], [13.4419687, 52.46043677], [13.44602847, 52.46090044], [13.44689058, 52.45957477], [13.44691133, 52.45959577], [13.44725852, 52.45965705], [13.44754007, 52.45968727], [13.44766708, 52.45961781], [13.44873585, 52.45979977], [13.44994952, 52.4599047], [13.45498733, 52.45977914], [13.45640208, 52.45980902], [13.45670237, 52.45972138], [13.47480955, 52.45924491], [13.47503941, 52.45994258], [13.47515738, 52.46005105], [13.47527874, 52.46005969], [13.47527877, 52.4600597], [13.47523439, 52.45999023], [13.47522156, 52.45997012], [13.47517338, 52.45990536], [13.47497994, 52.45947276], [13.47495177, 52.45919316], [13.47495091, 52.45918569], [13.47495151689953, 52.459171783061954], [13.47495219981184, 52.45915609124468], [13.474953480037847, 52.45912713851746], [13.474963641204289, 52.45890021892074], [13.47496702, 52.45882475], [13.474967322262275, 52.458818138491], [13.474967810907437, 52.458807429934716], [13.474968908467202, 52.45878276311469], [13.47496972, 52.45876451], [13.47337911, 52.45880947], [13.472215, 52.4588492], [13.47210967, 52.45884438], [13.47189604, 52.45884968], [13.47179156, 52.4588579], [13.47172036, 52.45885978], [13.46888752, 52.45893494], [13.46065515, 52.45915058], [13.45957933, 52.45917872], [13.45861726, 52.45919964], [13.45856458, 52.45920082], [13.45840759, 52.45920537], [13.45832328, 52.45920785], [13.45733881, 52.45923637], [13.45726949, 52.45920643], [13.45722971, 52.45925877], [13.45712321, 52.45925683], [13.45704034, 52.45923181], [13.45699458, 52.45919643], [13.45697487, 52.45915335], [13.456974873580783, 52.45915332120719], [13.456974871820838, 52.45915331735996], [13.45698048517218, 52.4591081204504], [13.457017474495578, 52.45905506110014], [13.457188173436068, 52.45885203043485], [13.457230803395412, 52.45878370579971], [13.45728581773337, 52.458671000829064], [13.457436005236062, 52.458443705014055], [13.457442671975278, 52.45843362304568], [13.457492383757783, 52.4583584765368], [13.457545217067114, 52.45827865938727], [13.458794666773679, 52.456725661537746], [13.458905115835485, 52.45657844213993], [13.459014243793122, 52.456471566444314], [13.460030529338777, 52.454971513687866], [13.460359225215678, 52.45448607554135], [13.460441672966073, 52.454351032731886], [13.460487597427663, 52.45427574575034], [13.460569408334202, 52.45414163862594], [13.460657475817943, 52.45401210843295], [13.460674571654456, 52.45398694910208], [13.460734918230546, 52.45389815631245], [13.461344922165628, 52.45300043956977], [13.461406458842376, 52.452909935631894], [13.461445326234967, 52.45286137690089], [13.461468212819975, 52.452838945167684], [13.461494771307093, 52.4528158778777], [13.461707522012203, 52.45264642109208], [13.461783465186612, 52.45255549296463], [13.46204065753666, 52.452182461816555], [13.462210821864355, 52.45195066346375], [13.46230096459186, 52.451838179182616], [13.462564304248618, 52.45150811436475], [13.462585114706092, 52.451448917803944], [13.462618481424313, 52.45133681003212], [13.462637499623954, 52.451285969863484], [13.462642391083236, 52.451276089300706], [13.462655738130247, 52.451249064747046], [13.462656054728477, 52.45123346452685], [13.46265627, 52.45122277], [13.46265627184829, 52.451222766056055], [13.46265627244264, 52.451222736769786], [13.462665605284457, 52.45120279896051], [13.462749488632557, 52.45123489971782], [13.462859043291347, 52.45112272130229], [13.462907591273657, 52.45113761333427], [13.463252121100988, 52.45084384727386], [13.46328605611688, 52.45080212800796], [13.463496798645016, 52.45057065731696], [13.463762068043842, 52.45031194130064], [13.46391460629368, 52.45019163490693], [13.464084954215704, 52.45006443868731], [13.464221076340555, 52.44996757426134], [13.46434833539232, 52.44987842583009], [13.464553721480016, 52.44974354700128], [13.464729474308664, 52.44962839618326], [13.464933361743228, 52.44949846033069], [13.46493705674065, 52.44949630547713], [13.465164504146209, 52.449357863787135], [13.465386627619303, 52.44922902699408], [13.465615079751698, 52.449101818373784], [13.465828453224344, 52.44899094831957], [13.465980248430597, 52.448910361306396], [13.466141590661888, 52.44882943039807], [13.466757041244243, 52.448531013225136], [13.467557524800588, 52.44814324573735], [13.468106815332694, 52.44787652096909], [13.469513321098653, 52.447193535649355], [13.47018212694051, 52.44686875513519], [13.471877706426838, 52.4460455698891], [13.472471266488334, 52.44575751278473], [13.472717584599312, 52.44563803791504], [13.473378756416118, 52.445316908153245], [13.474506308636606, 52.444772789131136], [13.474709008921383, 52.444675719685], [13.474793570891801, 52.444634399433674], [13.475055336616833, 52.44450865438897], [13.47586392683929, 52.44411876886883], [13.47611906058493, 52.44399571425629], [13.476166628685915, 52.4439757286712], [13.476211397813625, 52.443959249489076], [13.476269991738397, 52.44394081754689], [13.476330046181154, 52.4439269628793], [13.476388021136515, 52.44391580568846], [13.476470140121306, 52.443899996465426], [13.476539318056176, 52.44388355292183], [13.476601004129222, 52.44386547534292], [13.476676250387122, 52.4438352006782], [13.476897439025532, 52.44372697397331], [13.478023224498195, 52.44318042530532], [13.478088632919166, 52.44314608502645], [13.478160840024811, 52.44310402794318], [13.478238707471657, 52.44303861287559], [13.47826879663013, 52.443012143707975], [13.478351596232237, 52.4429239996208], [13.47837875269647, 52.442895101055846], [13.478384645756545, 52.442888901106414], [13.478403251169945, 52.44286861385879], [13.478426703969161, 52.44284941396798], [13.478459387457338, 52.44282877738996], [13.478465163752553, 52.442825111422074], [13.478497579073437, 52.442804570285], [13.478547440703435, 52.442804636423716], [13.478685459269158, 52.44273740556573], [13.478747458692737, 52.44271015999418], [13.478805933029824, 52.442684442482694], [13.479069863506238, 52.44256822006303], [13.47913910371549, 52.4425306557371], [13.481618701746424, 52.4413193507709], [13.48165154824755, 52.44130330985973], [13.482103736728575, 52.44108243203139], [13.482112579014611, 52.44107687216031], [13.48241409027828, 52.44092959299795], [13.48269968369473, 52.440789922076426], [13.483011052890578, 52.44063780481897], [13.483310344000945, 52.44049159182174], [13.483607722046612, 52.44034618971153], [13.483905377863945, 52.44020078143051], [13.483935722666644, 52.44018599354022], [13.484132049660841, 52.44009034586372], [13.484203329554367, 52.440056554032545], [13.484255464479793, 52.440033162195064], [13.48427490706822, 52.44002437537896], [13.484330541282377, 52.440007906548466], [13.484396032512528, 52.4399914471517], [13.484507284772784, 52.43996669103577], [13.484630162636886, 52.43993799286016], [13.484636199799354, 52.4399365597271], [13.48473939433275, 52.43990522654461], [13.484809931215274, 52.43987377150353], [13.485834406072307, 52.43937641676703], [13.487143983332102, 52.43874064212259], [13.488975162279909, 52.43785157851783], [13.489063082304215, 52.43780764768563], [13.489090482423338, 52.437792398274546], [13.489147777239127, 52.43775993528695], [13.489156187065984, 52.437753209517965], [13.48920144499922, 52.437716951310726], [13.489298662188032, 52.43761668405573], [13.48931709587778, 52.43759604226478], [13.489358380892737, 52.43756022774876], [13.489383432418428, 52.43754309610089], [13.489452359249345, 52.437507320005125], [13.489654999908105, 52.437407886720855], [13.489672389180223, 52.437399279592064], [13.489689316129912, 52.43739085536829], [13.489903004642079, 52.437284522756336], [13.490363651584783, 52.437059936398704], [13.490801176460058, 52.43684800030493], [13.4912459059709, 52.436631748905526], [13.491267402659691, 52.436621314817856], [13.491498449374458, 52.43650919478933], [13.491684141455233, 52.43641900045179], [13.491752325282205, 52.43638591986653], [13.491904146981435, 52.43631221436338], [13.492005313779206, 52.436263172550895], [13.492123117789829, 52.43620597212117], [13.49230940408844, 52.43611596420994], [13.492332516026714, 52.43610430975659], [13.492538831053382, 52.436004163174005], [13.492611579512829, 52.43596919821821], [13.49291183088036, 52.43582314420601], [13.492967927550149, 52.435795887934226], [13.493213999551404, 52.43567645752199], [13.493391140842537, 52.43559047627232], [13.493516015802948, 52.43552986703252], [13.493818030055406, 52.43538327575295], [13.493827889541652, 52.43537843826748], [13.494131518007707, 52.4352310395767], [13.494253741367636, 52.43517177143047], [13.494441485759083, 52.435080591934764], [13.494515978892249, 52.43505002669174], [13.494582068659366, 52.43502862422026], [13.494664903671799, 52.43500795638556], [13.494795558938993, 52.434980515584165], [13.494837049578772, 52.43497040730777], [13.494922391163184, 52.434949564407006], [13.495000700482196, 52.434920530966714], [13.495076972142806, 52.43488610386175], [13.496036288124806, 52.434420496776575], [13.496228435628428, 52.43432724857798], [13.497087603481107, 52.43390932474391], [13.497187022967795, 52.43384904444337], [13.49721620276467, 52.43382759395562], [13.497487534936667, 52.4336049344436], [13.497489804736368, 52.43360307515946], [13.497530571040137, 52.43356966083952], [13.49759724255912, 52.43354834500845], [13.497730198399882, 52.433483788049735], [13.497804362880458, 52.4334495567712], [13.49776771, 52.43342662], [13.49776774286855, 52.433426605352786], [13.497767713347594, 52.433426586883094], [13.497885787924973, 52.43337396066231], [13.497893757183487, 52.43337060932909], [13.49797397289658, 52.43333685086277], [13.498065635974244, 52.433312957118886], [13.498219953367888, 52.43328463530188], [13.498358095026246, 52.43325917380868], [13.498474763728208, 52.43323099389006], [13.498536002961023, 52.433205445674815], [13.49867175639014, 52.43313900809096], [13.498865379618964, 52.43304485729222], [13.49905825431415, 52.43295106531144], [13.499265855369991, 52.4328502760601], [13.499464321293553, 52.43275379412728], [13.499563858562759, 52.43270546249238], [13.499668240812767, 52.43265480062543], [13.499767630600193, 52.432606466949046], [13.499871582620065, 52.432555898347154], [13.499992460323769, 52.432497254605046], [13.500071517434689, 52.432458966504285], [13.500259094373911, 52.432367685815954], [13.500298250548628, 52.432348671826766], [13.500482738430279, 52.43225909587539], [13.500723463229036, 52.432142162595866], [13.500752902178219, 52.43212772757538], [13.500882755512603, 52.43206460229941], [13.501255390961282, 52.431883642529975], [13.501763184132692, 52.43163696122258], [13.50255849643347, 52.43125110516384], [13.503028134211657, 52.43102305926091], [13.503565353386074, 52.4307621143494], [13.504004516684887, 52.430548864835586], [13.50438728399334, 52.43036288057855], [13.50459647365952, 52.43026136487561], [13.505202415020577, 52.42996723253071], [13.505759622670256, 52.42969685603939], [13.5059699970812, 52.429595784472184], [13.506191987773851, 52.429491316813625], [13.50642235216295, 52.42938712535353], [13.506675969760629, 52.429274245057066], [13.506688477695333, 52.42926886453019], [13.50691220636833, 52.42917293203607], [13.50714652820665, 52.42907297000562], [13.507227463824561, 52.42904096766394], [13.507393328302548, 52.42897499922561], [13.507639256999132, 52.428879714259686], [13.507917240863474, 52.428774673403204], [13.508257916419419, 52.428649024127765], [13.508581957193698, 52.42853593137667], [13.50868908411377, 52.42849703858741], [13.508921430424, 52.42841746689209], [13.508928642660587, 52.42841513924825], [13.509097702025327, 52.42836157146428], [13.509329446302628, 52.428288464958726], [13.509559114056888, 52.42821715701426], [13.509576042186053, 52.42821196677185], [13.509721267138818, 52.428167268545415], [13.509756860309382, 52.42815597483254], [13.509995648317433, 52.42808764915538], [13.510145564450173, 52.428046003560745], [13.510323291822242, 52.4279965712659], [13.510565140612767, 52.42793120511104], [13.510829671220442, 52.42785661159128], [13.511125209862573, 52.4277806007618], [13.51139693048993, 52.42771257010007], [13.511489156641671, 52.42769235046327], [13.511800700468125, 52.42762624082982], [13.512115466940315, 52.42756049461373], [13.51243377289201, 52.427496185713956], [13.512698086139002, 52.427443604451895], [13.513103428125344, 52.42736985106403], [13.513420231395747, 52.42731470950311], [13.51376158422846, 52.42725949807822], [13.514091612577229, 52.42720948404683], [13.51440572828022, 52.42716377368174], [13.514701317535863, 52.42712486975629], [13.514866175814445, 52.42710184661771], [13.515240718317486, 52.427059419559306], [13.515581434868352, 52.42702082839732], [13.515889058981664, 52.426988761971394], [13.516219314940123, 52.42695986491162], [13.516530736757472, 52.42693688051062], [13.516858042742962, 52.426913465175524], [13.516944544318306, 52.42690767209139], [13.517118873893997, 52.42689600346813], [13.517239585151616, 52.42688937149007], [13.517378966809941, 52.42688168779551], [13.517899309279766, 52.426851878868725], [13.518596523391233, 52.42681262253268], [13.519365030579024, 52.42676928287378], [13.519513185651586, 52.42676375377931], [13.52005444672817, 52.426696970145336], [13.520121029864558, 52.42667426282786], [13.520139425314209, 52.4266678037238], [13.520231972289405, 52.426635182622014], [13.520280228168746, 52.426619404850456], [13.520297591755051, 52.42661564811109], [13.520335237452109, 52.42660750581117], [13.52043377569802, 52.42659141319377], [13.520455734634954, 52.42656725925211], [13.520503390090306, 52.42655930509915], [13.520506754837374, 52.426559132006645], [13.52050445, 52.42654217]]], [[[13.4396282, 52.48965905], [13.439616293553025, 52.48969252189917], [13.439633634101632, 52.48969487963464], [13.439643202703655, 52.4898340077509], [13.439643215281341, 52.489834075006826], [13.43980156, 52.48968437], [13.43980356, 52.48955001], [13.43983942, 52.48952817], [13.43923173, 52.48933285], [13.43921579, 52.48942111], [13.43902451, 52.48940412], [13.43872166, 52.48970985], [13.43887508, 52.48977537], [13.43817972, 52.49030553], [13.43524684, 52.49125363], [13.43161262, 52.49242917], [13.43077181, 52.49269606], [13.43038528, 52.49241461], [13.43023784, 52.49246799], [13.43022389, 52.4926906], [13.43035938, 52.49282162], [13.42815175, 52.49355069], [13.42523681, 52.4944969], [13.42507343, 52.49434102], [13.42441194, 52.49429007], [13.42434419, 52.4944502], [13.42446773, 52.49457151], [13.42459126, 52.49467826], [13.42238762, 52.49538365], [13.42106438, 52.49554375], [13.42095631, 52.49520803], [13.42159271, 52.4941982], [13.42149347, 52.49435475], [13.42142421, 52.49446409], [13.4213468, 52.49458392], [13.42125364, 52.49473195], [13.4211412, 52.49491203], [13.42104686, 52.49506302], [13.42097846, 52.49517253], [13.42078903, 52.49547586], [13.42046245, 52.49579063], [13.420401188177237, 52.49586381439284], [13.420482326070175, 52.495854886869466], [13.420485123121216, 52.49585452860641], [13.420486425017096, 52.495858484081616], [13.420696819849676, 52.49583045354525], [13.42089410121081, 52.49580084499077], [13.420969696011678, 52.49578950025561], [13.421111891674512, 52.49576620508925], [13.421253053380417, 52.4957409269082], [13.421393657352803, 52.495713941803196], [13.421533514010862, 52.49568560689], [13.42167250048114, 52.49565565079962], [13.421810747900338, 52.49562452483854], [13.421947391474106, 52.49559169599126], [13.422083895237844, 52.49555741755859], [13.422213470654208, 52.49552367594316], [13.42221922583965, 52.495522161277755], [13.422353529623809, 52.49548554248802], [13.422486815587446, 52.49544730956271], [13.422619211659924, 52.495408003675685], [13.422750587317752, 52.49536715555374], [13.422834931040112, 52.495339760316064], [13.422855722294816, 52.495333015461824], [13.424935160806381, 52.49465710428741], [13.425221513567255, 52.49456394764433], [13.425753535797522, 52.49439105407028], [13.428177316901715, 52.493602712064636], [13.428192502541643, 52.49359779790748], [13.428458056593001, 52.493511253298266], [13.42909340868925, 52.49330427460947], [13.429514796836402, 52.49316756769564], [13.430401386979002, 52.492876802521764], [13.431568347995329, 52.492505070331006], [13.43366149632814, 52.491840310597105], [13.435116723078387, 52.491378115656595], [13.435175840730986, 52.491359243181336], [13.435434645729657, 52.491276567802316], [13.435481755227006, 52.491261519404766], [13.436980495905736, 52.49078486208096], [13.437181431638676, 52.490721018826704], [13.437212535725068, 52.49071117991399], [13.438271025197382, 52.49037578347339], [13.439227897517183, 52.489660539991455], [13.439234469933682, 52.48964131389077], [13.439252853400236, 52.489643768235744], [13.43926403416056, 52.489610450991805], [13.439274926353331, 52.48961190739154], [13.43961760413139, 52.4896575620586], [13.439628201902272, 52.48965901454214], [13.439628189781246, 52.48965904860215], [13.4396282, 52.48965905]]], [[[13.42180451, 52.49386278], [13.42188668, 52.4937327], [13.42198487, 52.49357992], [13.42216224, 52.49330137], [13.42229754, 52.49308332], [13.42239958, 52.49292003], [13.42251779, 52.4927308], [13.42256543, 52.49265451], [13.42257886, 52.49263303], [13.4226283, 52.49255386], [13.4226283, 52.49255383], [13.42257886, 52.49263299], [13.42256543, 52.49265447], [13.42251779, 52.49273076], [13.42239958, 52.49292], [13.42229754, 52.49308329], [13.42216224, 52.49330133], [13.42198487, 52.49357989], [13.42188668, 52.49373266], [13.42180451, 52.49386274], [13.4217819, 52.49389972], [13.42180451, 52.49386278]]], [[[13.41192451, 52.48833312], [13.41260008, 52.48824513], [13.41320649, 52.48816611], [13.413449778953806, 52.48813441457139], [13.413591996039958, 52.48811583753774], [13.413743422751123, 52.48809616365758], [13.415497237311724, 52.48786762975282], [13.415755017230723, 52.487834030009665], [13.416036079630398, 52.48779723493381], [13.416317288789319, 52.48776044115707], [13.416677145974848, 52.48771345155114], [13.416943172412921, 52.48767861093881], [13.41720949319447, 52.48764376467738], [13.417569366478707, 52.48759668267046], [13.417929816700036, 52.48754950838619], [13.418441097796522, 52.4874822945132], [13.41851371396322, 52.48747271879425], [13.419906558680763, 52.487290614504715], [13.420360582958299, 52.48723125000797], [13.420842987388836, 52.48716818967181], [13.421081011697902, 52.487107763937615], [13.421297512714387, 52.48705404555737], [13.42272856064551, 52.48663541284471], [13.422729887202156, 52.486637030946575], [13.423024695626578, 52.486550726834864], [13.423048583440034, 52.48654376249894], [13.423326448374286, 52.4864604775515], [13.423366538041643, 52.48644895482842], [13.423681544864067, 52.48635828788528], [13.423728889796823, 52.48640293914863], [13.423772261946473, 52.48644377918036], [13.42398058766875, 52.486639980193026], [13.424024088275027, 52.48668094771501], [13.424026250474324, 52.486683560895564], [13.42405985, 52.48666862], [13.4238329, 52.48630007], [13.42330333, 52.48582915], [13.4210674, 52.48602366], [13.42105943, 52.48586049], [13.42095253, 52.48578376], [13.42091849, 52.48482113], [13.42252804, 52.48484261], [13.42259281, 52.48485184], [13.42257874, 52.48524489], [13.42303049, 52.48525928], [13.42298764, 52.48415848], [13.42237152, 52.4841419], [13.42236231, 52.48401628], [13.42151274, 52.48401331], [13.42153714, 52.48333175], [13.42038712, 52.48329966], [13.42034221, 52.48302296], [13.42042621, 52.48220833], [13.42067491, 52.48196064], [13.42075009, 52.48196583], [13.42089021, 52.48187985], [13.4209081, 52.48176296], [13.42078632, 52.4817195], [13.42084221, 52.4813086], [13.42613045, 52.48158829], [13.42877908, 52.47457455], [13.43096988, 52.47488762], [13.43117054, 52.47463928], [13.43190711, 52.47473272], [13.43187793, 52.47478253], [13.43242277, 52.47487342], [13.432393, 52.47493996], [13.43498671, 52.47443884], [13.43499621, 52.47417123], [13.43563509, 52.47426648], [13.43562513, 52.4743542], [13.43638625, 52.47433498], [13.43733554, 52.47441865], [13.43950847, 52.4738031], [13.43873244, 52.47366317], [13.43613986, 52.47283094], [13.42898829, 52.4720501], [13.42888479, 52.47225447], [13.42823055, 52.47212508], [13.42841372, 52.4718333], [13.42871661, 52.47077968], [13.42227045, 52.47012255], [13.42276562, 52.46917159], [13.41920181, 52.46897917], [13.41900696, 52.4696364], [13.417858, 52.46949307], [13.41765343, 52.47037846], [13.41764236, 52.4703761], [13.41600294, 52.46948402], [13.41658957, 52.46688145], [13.41654803, 52.46687721], [13.41654802, 52.46687721], [13.41603933, 52.46915163], [13.4157804, 52.47031035], [13.41559587, 52.47098645], [13.4155639, 52.47110364], [13.41543748, 52.47156686], [13.41542007, 52.47163067], [13.41482006, 52.47382918], [13.41467208, 52.47437138], [13.41412498, 52.47637577], [13.41404079, 52.47668417], [13.41358794, 52.47834316], [13.41348821, 52.47870853], [13.41318691, 52.4786133], [13.41121649, 52.47799043], [13.41093854, 52.47790258], [13.41088482, 52.47772373], [13.41076953, 52.47773628], [13.40744141, 52.47811237], [13.40689007, 52.47817469], [13.40685324, 52.47817966], [13.40681554, 52.47818543], [13.406779, 52.4781921], [13.40674276, 52.47819985], [13.40670621, 52.47820833], [13.40667187, 52.47821814], [13.406622934799943, 52.47823359848371], [13.406656915036315, 52.478352876342925], [13.406751088010914, 52.478683309773096], [13.40680215621767, 52.47886223759215], [13.406802152918107, 52.47886224518911], [13.40680216, 52.47886227], [13.40623962, 52.48015746], [13.40610969, 52.48076749], [13.406063274961925, 52.480985936647315], [13.40615242578015, 52.48122863227223], [13.406189442436013, 52.481509896646756], [13.406200632678468, 52.481595912586585], [13.406250971263377, 52.481978389589344], [13.406277033673657, 52.48197645699524], [13.406350520289097, 52.48247230008416], [13.406395248988474, 52.48277046362933], [13.406411881226871, 52.48288176976561], [13.40643533, 52.48287729], [13.40656751, 52.48378574], [13.406774769144016, 52.48524827339427], [13.40677519278127, 52.485249750421836], [13.40679598795915, 52.48531820285984], [13.406796196588221, 52.48531876817357], [13.407113796498852, 52.48582373723706], [13.407113955572596, 52.48582391397475], [13.407191441286244, 52.48590008705929], [13.407459878393981, 52.48614986884085], [13.407463510649817, 52.48615323392073], [13.40794632, 52.48659043], [13.408085123249862, 52.48672942250438], [13.408529432279972, 52.48714199204255], [13.408529419170161, 52.48714201994379], [13.40852943, 52.48714203], [13.40852942, 52.48714205], [13.40852943, 52.48714207], [13.40853494, 52.48717984], [13.4079502, 52.48842812], [13.40793056, 52.48842597], [13.40790613, 52.48847862], [13.40784279, 52.48848695], [13.407719894360133, 52.488751619073895], [13.407885995593105, 52.48886083081797], [13.40861400428737, 52.48876575447288], [13.40889463010275, 52.48872915025886], [13.409175255141262, 52.488692554361926], [13.409456030187402, 52.488655869907355], [13.409679046604495, 52.48862670710226], [13.410038932249066, 52.488579738007644], [13.41039880242723, 52.48853276761384], [13.410622866114874, 52.488503527196926], [13.410845744974925, 52.48847445925332], [13.4112056134837, 52.48842748639059], [13.411565495969395, 52.48838051262428], [13.411593992961315, 52.488376785700524], [13.41192451, 52.48833312]], [[13.414915, 52.48067207], [13.41503447, 52.48091303], [13.41419677, 52.48109168], [13.41015162, 52.48197028], [13.41012972, 52.48200763], [13.40913264, 52.48221465], [13.409026, 52.48202048], [13.40897818, 52.48203074], [13.40895337, 52.48191312], [13.41492544, 52.48066274], [13.414915, 52.48067207]]]]}}, {"type": "Feature", "properties": {"id": "parkverbot_mikromobilitaet.38", "gisid": 38, "fid_bezirk": "002", "namgem": "Friedrichshain-Kreuzberg", "typ": "no parking"}, "geometry": {"type": "MultiPolygon", "coordinates": [[[[13.40784279, 52.48848695], [13.40790613, 52.48847862], [13.40793056, 52.48842597], [13.40793054408724, 52.488425968252606], [13.40790613483797, 52.48847858431742], [13.407842794672815, 52.48848691174321], [13.40771988030934, 52.48875160983548], [13.407719894360133, 52.488751619073895], [13.40784279, 52.48848695]]], [[[13.41320649, 52.48816611], [13.41260008, 52.48824513], [13.41192451, 52.48833312], [13.411593992961315, 52.488376785700524], [13.411925366226182, 52.488333447691495], [13.4122852324999, 52.488286471524994], [13.412645690453575, 52.48823940330472], [13.413006162381363, 52.48819233417708], [13.413366026417906, 52.48814535470327], [13.413449778953806, 52.48813441457139], [13.41320649, 52.48816611]]], [[[13.4217819, 52.49389972], [13.42180451, 52.49386274], [13.42188668, 52.49373266], [13.42198487, 52.49357989], [13.42216224, 52.49330133], [13.42229754, 52.49308329], [13.42239958, 52.49292], [13.42251779, 52.49273076], [13.42256543, 52.49265447], [13.42257886, 52.49263299], [13.4226283, 52.49255383], [13.42265929, 52.49250423], [13.422659273414634, 52.49250422137527], [13.422628296366405, 52.49255378941911], [13.422578856907794, 52.492632953030636], [13.422565434889393, 52.49265443357748], [13.422517791939601, 52.49273072598987], [13.42239958446153, 52.49291995843563], [13.422297535680793, 52.49308325120493], [13.422162238632797, 52.49330129669423], [13.422080517440618, 52.49342957938799], [13.42198486895973, 52.49357984825815], [13.421886684646422, 52.49373262769967], [13.421804514656104, 52.49386270243223], [13.421781872200574, 52.49389972594683], [13.4217819, 52.49389972]]], [[[13.42046245, 52.49579063], [13.42078903, 52.49547586], [13.42097846, 52.49517253], [13.42104686, 52.49506302], [13.4211412, 52.49491203], [13.42125364, 52.49473195], [13.4213468, 52.49458392], [13.42142421, 52.49446409], [13.42149347, 52.49435475], [13.42159271, 52.4941982], [13.42167114, 52.49407814], [13.42167111758478, 52.49407813642705], [13.421592709333543, 52.49419816610735], [13.421493473864613, 52.494354716443], [13.42142421207414, 52.4944640498901], [13.421346795916913, 52.49458388395876], [13.421253638518584, 52.49473191073567], [13.421141198263022, 52.494911994037544], [13.421046858038135, 52.495062980913346], [13.42097845659323, 52.495172496412664], [13.420789032243546, 52.49547582654317], [13.420462445068946, 52.495790595946005], [13.420401145959179, 52.49586381903805], [13.420401188177237, 52.49586381439284], [13.42046245, 52.49579063]]], [[[13.4396282, 52.48965905], [13.439628189781246, 52.48965904860215], [13.43961627828948, 52.48969251982384], [13.439616293553025, 52.48969252189917], [13.4396282, 52.48965905]]], [[[13.40852942, 52.48714205], [13.40852943, 52.48714203], [13.408529419170161, 52.48714201994379], [13.408529409589727, 52.48714204033355], [13.40852942, 52.48714205]]]]}}, {"type": "Feature", "properties": {"id": "parkverbot_mikromobilitaet.40", "gisid": 40, "fid_bezirk": "007", "namgem": "Tempelhof-Schöneberg", "typ": "no parking"}, "geometry": {"type": "MultiPolygon", "coordinates": [[[[13.42656961, 52.45669994], [13.426569566881101, 52.456699936446306], [13.426569566863025, 52.45669993645771], [13.42656961, 52.45669994]]], [[[13.40610969, 52.48076749], [13.40623962, 52.48015746], [13.40680216, 52.47886227], [13.406802152918107, 52.47886224518911], [13.40623962432144, 52.48015741861182], [13.406109690364334, 52.480767450479156], [13.406063269031023, 52.480985920501595], [13.406063274961925, 52.480985936647315], [13.40610969, 52.48076749]]], [[[13.40667187, 52.47821814], [13.40670621, 52.47820833], [13.40674276, 52.47819985], [13.406779, 52.4781921], [13.40681554, 52.47818543], [13.40685324, 52.47817966], [13.40689007, 52.47817469], [13.40744141, 52.47811237], [13.41076953, 52.47773628], [13.41088482, 52.47772373], [13.41093854, 52.47790258], [13.41121649, 52.47799043], [13.41318691, 52.4786133], [13.41348821, 52.47870853], [13.41358794, 52.47834316], [13.41404079, 52.47668417], [13.41412498, 52.47637577], [13.41467208, 52.47437138], [13.41482006, 52.47382918], [13.41542007, 52.47163067], [13.41543748, 52.47156686], [13.4155639, 52.47110364], [13.41559587, 52.47098645], [13.4157804, 52.47031035], [13.41603933, 52.46915163], [13.41654802, 52.46687721], [13.416548008382941, 52.46687720881455], [13.416039332412266, 52.469151595992585], [13.415780402142472, 52.470310311517686], [13.4155958749886, 52.470986408662846], [13.41556389780964, 52.47110360213889], [13.415437482508391, 52.471566821457245], [13.415420069454543, 52.47163063192004], [13.414820063116965, 52.4738291384914], [13.414672078147305, 52.474371342479785], [13.414124975047953, 52.47637573456094], [13.414040790558477, 52.476684133933446], [13.413587942407005, 52.47834312552163], [13.413488212027671, 52.47870849042936], [13.41318690817837, 52.47861326087941], [13.411216485166555, 52.47799039404822], [13.41093854461997, 52.47790253953621], [13.410884821869065, 52.477723694784025], [13.410769527551588, 52.47773624383628], [13.407441412483513, 52.4781123283593], [13.406890066547383, 52.47817465690154], [13.406853235806945, 52.47817961844785], [13.40681553624912, 52.478185395463505], [13.406778997364041, 52.478192060239614], [13.406742757699849, 52.47819981696055], [13.406706212400683, 52.47820828884313], [13.406671871571222, 52.47821810311324], [13.406622925219452, 52.47823356485415], [13.406622934799943, 52.47823359848371], [13.40667187, 52.47821814]]]]}}, {"type": "Feature", "properties": {"id": "parkverbot_mikromobilitaet.716", "gisid": 716, "fid_bezirk": "009", "namgem": "Treptow-Köpenick", "typ": "no parking"}, "geometry": {"type": "MultiPolygon", "coordinates": [[[[13.47495091, 52.45918569], [13.47495177, 52.45919316], [13.47497994, 52.45947276], [13.47517338, 52.45990536], [13.47522156, 52.45997012], [13.47523439, 52.45999023], [13.47527877, 52.4600597], [13.475278796692216, 52.460059701899475], [13.475234390351462, 52.45999019015118], [13.475221558202618, 52.45997008251341], [13.475173382860952, 52.459905319084825], [13.474979938761388, 52.45947272789303], [13.474951773844687, 52.459193119979716], [13.4749509131766, 52.459185655282056], [13.47495151689953, 52.459171783061954], [13.47495091, 52.45918569]]], [[[13.47496702, 52.45882475], [13.474963641204289, 52.45890021892074], [13.474967022414116, 52.458824709600535], [13.474967322262275, 52.458818138491], [13.47496702, 52.45882475]]], [[[13.45697487, 52.45915335], [13.45699458, 52.45919643], [13.45704034, 52.45923181], [13.45712321, 52.45925683], [13.45722971, 52.45925877], [13.45726949, 52.45920643], [13.45733881, 52.45923637], [13.45832328, 52.45920785], [13.45840759, 52.45920537], [13.45856458, 52.45920082], [13.45861726, 52.45919964], [13.45957933, 52.45917872], [13.46065515, 52.45915058], [13.46888752, 52.45893494], [13.47172036, 52.45885978], [13.47179156, 52.4588579], [13.47189604, 52.45884968], [13.47210967, 52.45884438], [13.472215, 52.4588492], [13.47337911, 52.45880947], [13.47496972, 52.45876451], [13.474968908467202, 52.45878276311469], [13.47496972210386, 52.45876447725032], [13.47337911202319, 52.45880942847046], [13.472214995042597, 52.4588491603132], [13.472109671909903, 52.45884434708688], [13.471896036227719, 52.45884964287689], [13.471791557162993, 52.45885785935197], [13.471720355805571, 52.45885974448392], [13.468887524046051, 52.458934898117136], [13.460655146393135, 52.459150540950866], [13.45957932804858, 52.45917868326297], [13.458617258357782, 52.45919960399368], [13.458564582012286, 52.45920078757746], [13.458407592736389, 52.459205331770335], [13.458323284210048, 52.45920781121905], [13.457338810101604, 52.45923633265921], [13.457269485253347, 52.459206396116976], [13.457229709935035, 52.459258735877334], [13.457123212565097, 52.45925678911076], [13.457040336220928, 52.45923177358881], [13.456994575754617, 52.45919639002115], [13.456974873580783, 52.45915332120719], [13.45697487, 52.45915335]]], [[[13.46265627, 52.45122277], [13.462656054728477, 52.45123346452685], [13.46265627184829, 52.451222766056055], [13.46265627, 52.45122277]]], [[[13.52042512, 52.42608579], [13.52042704, 52.42609062], [13.52044709, 52.42618545], [13.52044834, 52.42619264], [13.52045696, 52.42624225], [13.52046033, 52.42624207], [13.52046087, 52.42624576], [13.52050445, 52.42654217], [13.520506754837374, 52.426559132006645], [13.52050676402831, 52.426559131533836], [13.520504450369918, 52.42654213643045], [13.520460868899542, 52.42624572187449], [13.520460330414437, 52.42624203778759], [13.520456956500531, 52.42624221135176], [13.520448336793075, 52.42619260763441], [13.520447092389341, 52.426185408195494], [13.52042704426215, 52.42609058022406], [13.520425138137801, 52.42608578938352], [13.52042512, 52.42608579]]], [[[13.49776771, 52.43342662], [13.497804362880458, 52.4334495567712], [13.49780439988154, 52.43344953969302], [13.49776774286855, 52.433426605352786], [13.49776771, 52.43342662]]]]}}, {"type": "Feature", "properties": {"id": "parkverbot_mikromobilitaet.843", "gisid": 843, "fid_bezirk": "008", "namgem": "Neukölln", "typ": "no parking"}, "geometry": {"type": "Polygon", "coordinates": [[[13.43498403, 52.45343783], [13.43606471, 52.45357342], [13.43693879, 52.45337004], [13.43728842, 52.45290516], [13.43717717, 52.45241122], [13.43666862, 52.45207224], [13.43611239, 52.45189791], [13.43474565, 52.45227563], [13.43452315, 52.45279862], [13.43498403, 52.45343783]]]}}, {"type": "Feature", "properties": {"id": "parkverbot_mikromobilitaet.846", "gisid": 846, "fid_bezirk": "008", "namgem": "Neukölln", "typ": "no parking"}, "geometry": {"type": "Polygon", "coordinates": [[[13.43370172, 52.41592805], [13.43624449, 52.41694905], [13.43728279, 52.41712352], [13.43804562, 52.41691028], [13.43839526, 52.41671319], [13.4385012, 52.41600237], [13.43822574, 52.41567926], [13.43510024, 52.41441913], [13.43397719, 52.41447729], [13.43307662, 52.41549832], [13.43370172, 52.41592805]]]}}, {"type": "Feature", "properties": {"id": "parkverbot_mikromobilitaet.1206", "gisid": 1206, "fid_bezirk": "008", "namgem": "Neukölln", "typ": "no parking"}, "geometry": {"type": "Polygon", "coordinates": [[[13.40956198, 52.42076278], [13.40980413, 52.42070563], [13.4096358, 52.42024305], [13.4088623, 52.42031367], [13.4087519, 52.42042133], [13.40898872, 52.42073389], [13.40956198, 52.42076278]]]}}, {"type": "Feature", "properties": {"id": "parkverbot_mikromobilitaet.1209", "gisid": 1209, "fid_bezirk": "008", "namgem": "Neukölln", "typ": "no parking"}, "geometry": {"type": "Polygon", "coordinates": [[[13.40701035, 52.42501528], [13.40695071, 52.42484604], [13.40640762, 52.4241163], [13.40624415, 52.42406611], [13.40587471, 52.42417557], [13.40602914, 52.42485673], [13.40617386, 52.42496082], [13.40690777, 52.42510329], [13.40701035, 52.42501528]]]}}, {"type": "Feature", "properties": {"id": "parkverbot_mikromobilitaet.1212", "gisid": 1212, "fid_bezirk": "008", "namgem": "Neukölln", "typ": "no parking"}, "geometry": {"type": "MultiPolygon", "coordinates": [[[[13.409008190066631, 52.43370128104409], [13.409021905730308, 52.43377406249499], [13.409068242271731, 52.43392306986143], [13.409008190066631, 52.43370128104409]]], [[[13.40803411, 52.43188014], [13.40824693, 52.43222548], [13.408286665820347, 52.43228993221158], [13.408287167927465, 52.43229071642602], [13.408347691931738, 52.43236074535063], [13.40860566920138, 52.432729673595794], [13.408607238896638, 52.43273238371341], [13.41057951, 52.43366836], [13.41071719, 52.43358784], [13.41217318, 52.43432822], [13.41224079, 52.43432227], [13.41301359, 52.43469649], [13.41281977, 52.43477627], [13.41310961, 52.43491574], [13.41295713, 52.43540797], [13.41343718, 52.43548993], [13.41234518, 52.43868295], [13.41252409, 52.43870594], [13.41271039, 52.43852309], [13.41302452, 52.43853417], [13.41315098, 52.43845349], [13.41339799, 52.4384568], [13.41397518, 52.4386499], [13.41436142, 52.43759101], [13.41461853, 52.43731299], [13.41484131, 52.43673932], [13.41468561, 52.43669604], [13.41486795, 52.43662297], [13.41497047, 52.43658315], [13.4150825, 52.43659152], [13.41511298, 52.43668117], [13.41538096, 52.43672595], [13.41553996, 52.43636424], [13.41569714, 52.43636635], [13.41585407, 52.43637531], [13.41598732, 52.43641829], [13.41615835, 52.43666085], [13.41750381, 52.43704272], [13.41753405, 52.43713923], [13.41779908, 52.43726635], [13.41793676, 52.43718581], [13.41791652, 52.43712375], [13.41779744, 52.43699859], [13.41784801, 52.43684137], [13.41797225, 52.43682244], [13.41812869, 52.43684513], [13.41817286, 52.43686631], [13.41859228, 52.43644629], [13.41890394, 52.43652598], [13.41921444, 52.43632418], [13.41977844, 52.43657199], [13.41964806, 52.43676247], [13.42036237, 52.43720451], [13.42049956, 52.43713769], [13.4207319, 52.43723691], [13.42081343, 52.43715561], [13.42138769, 52.43743102], [13.42130616, 52.43751231], [13.42239807, 52.43807608], [13.42229408, 52.43815708], [13.42240194, 52.43828208], [13.42171621, 52.43892511], [13.42206815, 52.43913575], [13.42174729, 52.43994154], [13.42274627, 52.4400424], [13.42299186, 52.43977108], [13.42316931, 52.43983523], [13.42355449, 52.43974425], [13.42385209, 52.43927454], [13.4244372, 52.43893222], [13.42344727, 52.43834237], [13.42357347, 52.43826853], [13.42207783, 52.43737158], [13.42228531, 52.43722332], [13.42181597, 52.43715527], [13.42316056, 52.43410284], [13.42305903, 52.43411522], [13.42311202, 52.43388938], [13.42341734, 52.43383167], [13.4236248, 52.4336834], [13.42360505, 52.43360762], [13.42384594, 52.43346667], [13.42399042, 52.43350979], [13.42403728, 52.43345549], [13.42628053, 52.43204544], [13.42744759, 52.43144312], [13.4289443, 52.43104425], [13.43124974, 52.43064237], [13.43186655, 52.43074666], [13.43170148, 52.4300185], [13.43189913, 52.4298289], [13.43165532, 52.42942063], [13.43178513, 52.42924386], [13.43160528, 52.42924834], [13.43162089, 52.42912498], [13.43221015, 52.42897661], [13.43473951, 52.42890715], [13.43473574, 52.42806271], [13.42720076, 52.42615207], [13.42692793, 52.42656034], [13.42290312, 52.4275502], [13.42085, 52.42843584], [13.4184407, 52.4298573], [13.41473888, 52.4321607], [13.41398807, 52.43180052], [13.41317574, 52.43221525], [13.4122737, 52.43168826], [13.41178836, 52.43198895], [13.41095147, 52.43152462], [13.41048232, 52.43176545], [13.40972329, 52.43132275], [13.40942401, 52.43152467], [13.40919296, 52.43139113], [13.40908995, 52.43144466], [13.4080947, 52.4310125], [13.40735313, 52.4306318], [13.407245776883027, 52.43070085913933], [13.407306146664348, 52.430790372133096], [13.407377814856448, 52.43089636361062], [13.407675132630084, 52.431334840330656], [13.40767615036266, 52.431336429843846], [13.40803411, 52.43188014]]], [[[13.406666020297331, 52.42932728250778], [13.40670329273003, 52.42953336444253], [13.40676796499437, 52.4298911502076], [13.406866811358974, 52.430139184624686], [13.406666020297331, 52.42932728250778]]]]}}, {"type": "Feature", "properties": {"id": "parkverbot_mikromobilitaet.1213", "gisid": 1213, "fid_bezirk": "007", "namgem": "Tempelhof-Schöneberg", "typ": "no parking"}, "geometry": {"type": "Polygon", "coordinates": [[[13.40824693, 52.43222548], [13.40803411, 52.43188014], [13.40767615036266, 52.431336429843846], [13.407935852670748, 52.431742037618], [13.408245486592671, 52.432225616563436], [13.408286665820347, 52.43228993221158], [13.40824693, 52.43222548]]]}}, {"type": "Feature", "properties": {"id": "parkverbot_mikromobilitaet.1215", "gisid": 1215, "fid_bezirk": "008", "namgem": "Neukölln", "typ": "no parking"}, "geometry": {"type": "Polygon", "coordinates": [[[13.41290878, 52.44099007], [13.41270441, 52.44142102], [13.41281634, 52.44153058], [13.41331251, 52.44155284], [13.41339901, 52.44104192], [13.41290878, 52.44099007]]]}}, {"type": "Feature", "properties": {"id": "parkverbot_mikromobilitaet.1332", "gisid": 1332, "fid_bezirk": "008", "namgem": "Neukölln", "typ": "no parking"}, "geometry": {"type": "Polygon", "coordinates": [[[13.42572016, 52.43828157], [13.42549398, 52.43819969], [13.42529353, 52.43825389], [13.4254934, 52.43848251], [13.4258117, 52.43877855], [13.42605901, 52.43858449], [13.42572016, 52.43828157]]]}}, {"type": "Feature", "properties": {"id": "parkverbot_mikromobilitaet.1333", "gisid": 1333, "fid_bezirk": "008", "namgem": "Neukölln", "typ": "no parking"}, "geometry": {"type": "Polygon", "coordinates": [[[13.41438555, 52.44131303], [13.41452265, 52.44115291], [13.41436672, 52.441004], [13.41399792, 52.44104502], [13.41382998, 52.44120653], [13.41386767, 52.44128409], [13.41416012, 52.44135596], [13.41438555, 52.44131303]]]}}, {"type": "Feature", "properties": {"id": "parkverbot_mikromobilitaet.1334", "gisid": 1334, "fid_bezirk": "008", "namgem": "Neukölln", "typ": "no parking"}, "geometry": {"type": "Polygon", "coordinates": [[[13.42433313, 52.44163721], [13.42433264, 52.44163802], [13.42492815, 52.44174561], [13.42492832, 52.44174519], [13.42514915, 52.44179807], [13.42518991, 52.44171638], [13.42495962, 52.44166686], [13.42504007, 52.44146556], [13.42510964, 52.44122978], [13.42455152, 52.44110275], [13.42441487, 52.44150457], [13.4243816, 52.44155856], [13.42421283, 52.4415209], [13.42417618, 52.44160522], [13.42433313, 52.44163721]]]}}, {"type": "Feature", "properties": {"id": "parkverbot_mikromobilitaet.1335", "gisid": 1335, "fid_bezirk": "008", "namgem": "Neukölln", "typ": "no parking"}, "geometry": {"type": "Polygon", "coordinates": [[[13.42718567, 52.44081991], [13.4259465, 52.44131601], [13.42700032, 52.44183794], [13.42742598, 52.44193437], [13.42739777, 52.44218015], [13.42953749, 52.4426255], [13.42969527, 52.44230959], [13.42774068, 52.44090388], [13.42718567, 52.44081991]]]}}, {"type": "Feature", "properties": {"id": "parkverbot_mikromobilitaet.1336", "gisid": 1336, "fid_bezirk": "008", "namgem": "Neukölln", "typ": "no parking"}, "geometry": {"type": "Polygon", "coordinates": [[[13.42883225, 52.4449134], [13.42792643, 52.44570004], [13.42858748, 52.44568769], [13.42900927, 52.4458004], [13.42982051, 52.44583301], [13.42978998, 52.44537761], [13.42948375, 52.4453103], [13.42948842, 52.44495435], [13.42883225, 52.4449134]]]}}, {"type": "Feature", "properties": {"id": "parkverbot_mikromobilitaet.1337", "gisid": 1337, "fid_bezirk": "008", "namgem": "Neukölln", "typ": "no parking"}, "geometry": {"type": "Polygon", "coordinates": [[[13.42208898, 52.46214744], [13.42252205, 52.46166581], [13.42351527, 52.46154862], [13.42335109, 52.46205444], [13.42363144, 52.4620719], [13.42340128, 52.46285144], [13.43255046, 52.46394788], [13.43299434, 52.46252585], [13.43427269, 52.46252905], [13.43448412, 52.46195519], [13.43270307, 52.46178744], [13.43088137, 52.46173582], [13.42940707, 52.46147598], [13.42931403, 52.46156399], [13.42803803, 52.4614166], [13.42800042, 52.46152594], [13.42641424, 52.46125256], [13.42641624, 52.46056609], [13.42653407, 52.45883769], [13.42589357, 52.45852024], [13.42577757, 52.45862167], [13.42577999, 52.45886884], [13.4253861, 52.45888419], [13.42528038, 52.45869743], [13.42452558, 52.45874916], [13.42446381, 52.45859044], [13.4240433, 52.45872214], [13.42383796, 52.45849286], [13.42139099, 52.45935267], [13.42174966, 52.45969384], [13.420954361748434, 52.45991383398398], [13.421143972659351, 52.46021224458613], [13.421149657617542, 52.460221186422096], [13.421477092909125, 52.460648184671626], [13.422806161007598, 52.46046333769284], [13.423232641635204, 52.460404036681155], [13.423232633278317, 52.46040407093462], [13.42323264, 52.46040407], [13.42316532, 52.46068003], [13.42310803, 52.46091394], [13.42302076, 52.46127172], [13.42300921, 52.46131853], [13.421971973003265, 52.4615162356154], [13.422030817741735, 52.46160751876558], [13.422034955434693, 52.46166717687062], [13.42204572, 52.46182236], [13.422049044044103, 52.46186950298153], [13.422050268013841, 52.46188685386286], [13.422093738880713, 52.46218858386595], [13.42208898, 52.46214744]]]}}, {"type": "Feature", "properties": {"id": "parkverbot_mikromobilitaet.1338", "gisid": 1338, "fid_bezirk": "007", "namgem": "Tempelhof-Schöneberg", "typ": "no parking"}, "geometry": {"type": "MultiPolygon", "coordinates": [[[[13.423232633278317, 52.46040407093462], [13.423228544341397, 52.460420830795435], [13.42322855, 52.46042083], [13.423228519434216, 52.460420932885754], [13.423165315816952, 52.46067999382237], [13.423108028978339, 52.460913907398506], [13.423027021860308, 52.461246020573775], [13.423027011180672, 52.46124609209326], [13.42310803, 52.46091394], [13.42316532, 52.46068003], [13.42323264, 52.46040407], [13.423232633278317, 52.46040407093462]]], [[[13.423027009224864, 52.461246100111474], [13.42302701, 52.4612461], [13.423027011180672, 52.46124609209326], [13.423027009224864, 52.461246100111474]]], [[[13.42204572, 52.46182236], [13.422034955434693, 52.46166717687062], [13.422045716128023, 52.46182232675229], [13.422049044044103, 52.46186950298153], [13.42204572, 52.46182236]]], [[[13.42300921, 52.46131853], [13.42302076, 52.46127172], [13.423027009224864, 52.461246100111474], [13.423027002214003, 52.46124610111975], [13.423020761325231, 52.461271687530385], [13.423009211570104, 52.46131849417479], [13.42197195111338, 52.46151620165862], [13.421971973003265, 52.4615162356154], [13.42300921, 52.46131853]]]]}}, {"type": "Feature", "properties": {"id": "parkverbot_mikromobilitaet.1341", "gisid": 1341, "fid_bezirk": "008", "namgem": "Neukölln", "typ": "no parking"}, "geometry": {"type": "Polygon", "coordinates": [[[13.42813017, 52.46436096], [13.42839446, 52.46411056], [13.42491107, 52.46370149], [13.42449036, 52.46500536], [13.42696237, 52.46529943], [13.42745406, 52.46516813], [13.42741031, 52.46506236], [13.42813017, 52.46436096]]]}}, {"type": "Feature", "properties": {"id": "parkverbot_mikromobilitaet.1342", "gisid": 1342, "fid_bezirk": "008", "namgem": "Neukölln", "typ": "no parking"}, "geometry": {"type": "Polygon", "coordinates": [[[13.42123004, 52.46580925], [13.42107017, 52.46641528], [13.42144837, 52.46644129], [13.42162527, 52.46583182], [13.42154431, 52.46582334], [13.421544308504044, 52.46582333984337], [13.421542123073218, 52.46583855921733], [13.42150843762379, 52.46583535835642], [13.421379601508319, 52.465823721569], [13.421274634884897, 52.46581355412801], [13.421266199300257, 52.46581274021804], [13.42123004898301, 52.46580921594639], [13.42123004, 52.46580925]]]}}, {"type": "Feature", "properties": {"id": "parkverbot_mikromobilitaet.1343", "gisid": 1343, "fid_bezirk": "008", "namgem": "Neukölln", "typ": "no parking"}, "geometry": {"type": "Polygon", "coordinates": [[[13.42930306, 52.46970508], [13.42947178, 52.4692453], [13.43007251, 52.46930347], [13.4303558, 52.46874558], [13.42219084, 52.46781695], [13.42185403, 52.46885057], [13.42930306, 52.46970508]]]}}, {"type": "Feature", "properties": {"id": "parkverbot_mikromobilitaet.1344", "gisid": 1344, "fid_bezirk": "008", "namgem": "Neukölln", "typ": "no parking"}, "geometry": {"type": "Polygon", "coordinates": [[[13.42504693, 52.48228353], [13.42505228, 52.4836683], [13.42485314, 52.4842555], [13.42447274, 52.48531301], [13.4247345, 52.48527466], [13.42488036, 52.48579534], [13.42581235, 52.48541033], [13.4257639, 52.48446424], [13.42657628, 52.48435792], [13.426551, 52.48391414], [13.42661845, 52.48394433], [13.42696179, 52.48392379], [13.42693063, 52.48249267], [13.42504693, 52.48228353]]]}}, {"type": "Feature", "properties": {"id": "parkverbot_mikromobilitaet.1465", "gisid": 1465, "fid_bezirk": "008", "namgem": "Neukölln", "typ": "no parking"}, "geometry": {"type": "Polygon", "coordinates": [[[13.43109962, 52.42236043], [13.4313526, 52.42257188], [13.43153363, 52.42257432], [13.43201689, 52.42272898], [13.43225213, 52.42267428], [13.43254945, 52.42231811], [13.43249249, 52.42210959], [13.43162364, 52.42184407], [13.43146206, 52.42186526], [13.43109962, 52.42236043]]]}}, {"type": "Feature", "properties": {"id": "parkverbot_mikromobilitaet.1466", "gisid": 1466, "fid_bezirk": "008", "namgem": "Neukölln", "typ": "no parking"}, "geometry": {"type": "Polygon", "coordinates": [[[13.44684701, 52.42488037], [13.44702133, 52.42391105], [13.44691476, 52.42367637], [13.44644863, 52.42363692], [13.44630168, 52.42379386], [13.44614253, 52.42459916], [13.44623124, 52.42487794], [13.44665908, 52.42495717], [13.44684701, 52.42488037]]]}}, {"type": "Feature", "properties": {"id": "parkverbot_mikromobilitaet.1467", "gisid": 1467, "fid_bezirk": "008", "namgem": "Neukölln", "typ": "no parking"}, "geometry": {"type": "Polygon", "coordinates": [[[13.4481983, 52.43342565], [13.44729424, 52.43364945], [13.44804662, 52.43388703], [13.44887244, 52.43440741], [13.44449442, 52.43621611], [13.4443147, 52.43628858], [13.43828946, 52.4386916], [13.43784805, 52.43850106], [13.43784265, 52.43865385], [13.43769343, 52.43874742], [13.43812989, 52.43907802], [13.43817268, 52.43904674], [13.44287259, 52.4372871], [13.44453125, 52.43694588], [13.4457228, 52.4368469], [13.44579785, 52.43649121], [13.44658078, 52.43615755], [13.44810417, 52.43580814], [13.44862254, 52.435885], [13.44843163, 52.43686974], [13.44915128, 52.4368537], [13.44934642, 52.43634194], [13.45042428, 52.43532424], [13.45098177, 52.43666274], [13.45134331, 52.43645728], [13.45081616, 52.43514467], [13.4504998, 52.43346858], [13.45117198, 52.4323532], [13.45277818, 52.43052713], [13.45371173, 52.42975591], [13.45324773, 52.42961609], [13.45300082, 52.42982305], [13.45256673, 52.42972182], [13.45187517, 52.43042614], [13.45181334, 52.43049207], [13.45179634, 52.43046201], [13.45080183, 52.43022728], [13.45083477, 52.42859131], [13.44920162, 52.42794274], [13.44888173, 52.42812459], [13.44858713, 52.42816062], [13.44822948, 52.42851248], [13.44846671, 52.42888863], [13.44901207, 52.42932944], [13.44891775, 52.42941241], [13.44891621, 52.42979406], [13.44925473, 52.43052086], [13.45031885, 52.43056165], [13.4503688, 52.4309221], [13.45050841, 52.43098442], [13.45072221, 52.4309226], [13.45073059, 52.43056229], [13.45163093, 52.43068659], [13.45043544, 52.43196139], [13.44959869, 52.43175297], [13.44892034, 52.43178229], [13.44874247, 52.43150608], [13.44596465, 52.43078808], [13.4450351, 52.43055293], [13.44473164, 52.43007124], [13.44345717, 52.43016275], [13.44349915, 52.43044992], [13.44439699, 52.4306974], [13.4438147, 52.4315496], [13.44531421, 52.4312827], [13.44532149, 52.43137197], [13.44636976, 52.43119467], [13.44998369, 52.43214018], [13.4501077, 52.43246664], [13.4498258, 52.43248205], [13.44990759, 52.43282388], [13.44971452, 52.43298058], [13.44946387, 52.43299641], [13.44939413, 52.43349867], [13.44928751, 52.43356733], [13.44877141, 52.43342681], [13.4481983, 52.43342565]]]}}, {"type": "Feature", "properties": {"id": "parkverbot_mikromobilitaet.1468", "gisid": 1468, "fid_bezirk": "008", "namgem": "Neukölln", "typ": "no parking"}, "geometry": {"type": "Polygon", "coordinates": [[[13.44253198, 52.44206916], [13.44382868, 52.44135694], [13.44424552, 52.44106307], [13.44495101, 52.44115515], [13.44640111, 52.44111689], [13.44643729, 52.44097724], [13.44485087, 52.44103919], [13.44494722, 52.44067103], [13.44479185, 52.44064351], [13.44531835, 52.43989886], [13.44550913, 52.43803197], [13.44557432, 52.4379564], [13.44566976, 52.43702136], [13.44478209, 52.43707338], [13.44465864, 52.43761952], [13.44417923, 52.43761958], [13.44440861, 52.43820858], [13.44430294, 52.43913711], [13.44411999, 52.43989265], [13.44377396, 52.44024796], [13.44275905, 52.44065497], [13.44277629, 52.44075711], [13.44168229, 52.44104206], [13.44040862, 52.44198703], [13.43964959, 52.44252478], [13.43912103, 52.44273436], [13.43860193, 52.44267655], [13.43740024, 52.44158426], [13.43728558, 52.44147199], [13.43728571, 52.44147196], [13.43707682, 52.44119865], [13.43695632, 52.44120466], [13.43690584, 52.44118944], [13.43673678, 52.44083114], [13.43662684, 52.44072919], [13.43654943, 52.44059214], [13.43629797, 52.44045169], [13.43595735, 52.44021124], [13.43571225, 52.44032786], [13.43524431, 52.44040728], [13.43495328, 52.44039658], [13.43483971, 52.4412108], [13.43475882, 52.44156702], [13.43470718, 52.44168423], [13.4354286, 52.44169055], [13.43583179, 52.44169931], [13.43620902, 52.44164865], [13.43639764, 52.44164107], [13.43657174, 52.44159993], [13.43696293, 52.44154739], [13.43756512, 52.44222656], [13.43822541, 52.44271298], [13.43882747, 52.44307761], [13.43913144, 52.44420899], [13.4390105, 52.44497649], [13.4400481, 52.4451112], [13.44041597, 52.44531987], [13.44060464, 52.44529051], [13.4403797, 52.44516653], [13.44059566, 52.44318374], [13.44075913, 52.44298208], [13.44235241, 52.44213685], [13.44391047, 52.44317646], [13.44401713, 52.4431078], [13.44253198, 52.44206916]]]}}, {"type": "Feature", "properties": {"id": "parkverbot_mikromobilitaet.1469", "gisid": 1469, "fid_bezirk": "008", "namgem": "Neukölln", "typ": "no parking"}, "geometry": {"type": "Polygon", "coordinates": [[[13.44322303, 52.44582341], [13.44115161, 52.44544581], [13.44066642, 52.44531203], [13.44050912, 52.44533862], [13.44041131, 52.44545197], [13.43730998, 52.44678521], [13.43875359, 52.44811476], [13.43906116, 52.44796596], [13.44005753, 52.4477944], [13.44207706, 52.44698664], [13.443937, 52.44597294], [13.44384861, 52.44581891], [13.44322303, 52.44582341]]]}}, {"type": "Feature", "properties": {"id": "parkverbot_mikromobilitaet.1470", "gisid": 1470, "fid_bezirk": "008", "namgem": "Neukölln", "typ": "no parking"}, "geometry": {"type": "Polygon", "coordinates": [[[13.4352093, 52.4473589], [13.43580465, 52.44827694], [13.43595279, 52.4483301], [13.43643039, 52.44820519], [13.43651303, 52.44777891], [13.436657, 52.44773837], [13.43702436, 52.44783239], [13.4377094, 52.44754637], [13.43776283, 52.44721339], [13.43702805, 52.44661024], [13.43588582, 52.44698114], [13.4352093, 52.4473589]]]}}, {"type": "Feature", "properties": {"id": "parkverbot_mikromobilitaet.1471", "gisid": 1471, "fid_bezirk": "008", "namgem": "Neukölln", "typ": "no parking"}, "geometry": {"type": "Polygon", "coordinates": [[[13.43363695, 52.4482718], [13.43320901, 52.44836087], [13.43299712, 52.44849161], [13.43301806, 52.44865931], [13.43337285, 52.44881808], [13.43384013, 52.44881239], [13.43408625, 52.44852775], [13.43393734, 52.4483151], [13.43363695, 52.4482718]]]}}, {"type": "Feature", "properties": {"id": "parkverbot_mikromobilitaet.1472", "gisid": 1472, "fid_bezirk": "008", "namgem": "Neukölln", "typ": "no parking"}, "geometry": {"type": "Polygon", "coordinates": [[[13.43373563, 52.4500597], [13.43424165, 52.45006022], [13.43420368, 52.44964091], [13.43407002, 52.44956317], [13.43378546, 52.44958458], [13.43373563, 52.4500597]]]}}, {"type": "Feature", "properties": {"id": "parkverbot_mikromobilitaet.1473", "gisid": 1473, "fid_bezirk": "008", "namgem": "Neukölln", "typ": "no parking"}, "geometry": {"type": "Polygon", "coordinates": [[[13.44190339, 52.44836331], [13.44113008, 52.44753148], [13.44073917, 52.44767919], [13.44209083, 52.44955047], [13.44166864, 52.44969777], [13.44170515, 52.44984475], [13.44199744, 52.45012885], [13.44254197, 52.45005959], [13.44279349, 52.45031768], [13.44280669, 52.45053441], [13.44255392, 52.45060751], [13.44340797, 52.45151683], [13.44317432, 52.45193412], [13.44372239, 52.45206076], [13.44402536, 52.45233863], [13.44506012, 52.45226307], [13.44533892, 52.45145146], [13.44498413, 52.45143899], [13.44497602, 52.45080339], [13.44522902, 52.45072392], [13.44473272, 52.44883208], [13.44490095, 52.4487913], [13.44471656, 52.44810736], [13.44400422, 52.44820626], [13.44418065, 52.44882004], [13.44405068, 52.44895845], [13.4434926, 52.44911671], [13.44355723, 52.44935323], [13.44325349, 52.44939381], [13.44310483, 52.4491753], [13.44285341, 52.4492102], [13.44190339, 52.44836331]]]}}, {"type": "Feature", "properties": {"id": "parkverbot_mikromobilitaet.1474", "gisid": 1474, "fid_bezirk": "008", "namgem": "Neukölln", "typ": "no parking"}, "geometry": {"type": "Polygon", "coordinates": [[[13.43700212, 52.45059153], [13.43713089, 52.45075419], [13.43729063, 52.45075459], [13.43733825, 52.45075522], [13.43739496, 52.4508159], [13.43757418, 52.45081998], [13.4369112, 52.44991396], [13.43689432, 52.44991588], [13.43659734, 52.44999243], [13.43667835, 52.45007912], [13.43647367, 52.45008155], [13.43660475, 52.45025794], [13.43675358, 52.45024963], [13.43678282, 52.45029454], [13.43682247, 52.45059943], [13.43700212, 52.45059153]]]}}, {"type": "Feature", "properties": {"id": "parkverbot_mikromobilitaet.1475", "gisid": 1475, "fid_bezirk": "008", "namgem": "Neukölln", "typ": "no parking"}, "geometry": {"type": "Polygon", "coordinates": [[[13.43638676, 52.45588984], [13.43631474, 52.45608074], [13.43693954, 52.45617371], [13.4369034, 52.45627289], [13.43705167, 52.4562898], [13.43722343, 52.45587349], [13.43706333, 52.45584521], [13.43701971, 52.45598292], [13.43638676, 52.45588984]]]}}, {"type": "Feature", "properties": {"id": "parkverbot_mikromobilitaet.1476", "gisid": 1476, "fid_bezirk": "008", "namgem": "Neukölln", "typ": "no parking"}, "geometry": {"type": "Polygon", "coordinates": [[[13.44062314, 52.46129205], [13.44076328, 52.46086715], [13.44027024, 52.46080333], [13.44013485, 52.46124102], [13.44062314, 52.46129205]]]}}, {"type": "Feature", "properties": {"id": "parkverbot_mikromobilitaet.1477", "gisid": 1477, "fid_bezirk": "008", "namgem": "Neukölln", "typ": "no parking"}, "geometry": {"type": "Polygon", "coordinates": [[[13.43942873, 52.46174762], [13.43959423, 52.46119568], [13.43917902, 52.46114243], [13.4389768, 52.46170026], [13.43942873, 52.46174762]]]}}, {"type": "Feature", "properties": {"id": "parkverbot_mikromobilitaet.1478", "gisid": 1478, "fid_bezirk": "008", "namgem": "Neukölln", "typ": "no parking"}, "geometry": {"type": "Polygon", "coordinates": [[[13.43894057, 52.46400012], [13.43891807, 52.46405962], [13.43851599, 52.46400946], [13.43841111, 52.46432201], [13.43861471, 52.46433218], [13.43857319, 52.46458327], [13.4389188, 52.46461524], [13.43895682, 52.46457837], [13.4391151, 52.46402484], [13.43894057, 52.46400012]]]}}, {"type": "Feature", "properties": {"id": "parkverbot_mikromobilitaet.1479", "gisid": 1479, "fid_bezirk": "008", "namgem": "Neukölln", "typ": "no parking"}, "geometry": {"type": "Polygon", "coordinates": [[[13.43808386, 52.4649798], [13.43789748, 52.46494231], [13.43780508, 52.46519586], [13.43855864, 52.46526632], [13.43864594, 52.46500952], [13.43810108, 52.46493544], [13.43808386, 52.4649798]]]}}, {"type": "Feature", "properties": {"id": "parkverbot_mikromobilitaet.1480", "gisid": 1480, "fid_bezirk": "008", "namgem": "Neukölln", "typ": "no parking"}, "geometry": {"type": "Polygon", "coordinates": [[[13.43472354, 52.46526854], [13.43507282, 52.46530029], [13.43500978, 52.46540797], [13.43563478, 52.46545844], [13.43562844, 52.46535888], [13.43613987, 52.46541086], [13.43619763, 52.46517349], [13.43692981, 52.46525022], [13.43699166, 52.46509687], [13.43441448, 52.46483607], [13.43435914, 52.46497318], [13.43479172, 52.46501623], [13.43472354, 52.46526854]]]}}, {"type": "Feature", "properties": {"id": "parkverbot_mikromobilitaet.1481", "gisid": 1481, "fid_bezirk": "008", "namgem": "Neukölln", "typ": "no parking"}, "geometry": {"type": "Polygon", "coordinates": [[[13.4424723, 52.4660202], [13.44254028, 52.46574115], [13.44193093, 52.46565988], [13.4417353, 52.46589758], [13.44198478, 52.46598182], [13.44208505, 52.46588292], [13.44216222, 52.46590192], [13.44215439, 52.46600461], [13.4424723, 52.4660202]]]}}, {"type": "Feature", "properties": {"id": "parkverbot_mikromobilitaet.1482", "gisid": 1482, "fid_bezirk": "008", "namgem": "Neukölln", "typ": "no parking"}, "geometry": {"type": "Polygon", "coordinates": [[[13.44150444, 52.46615786], [13.44103568, 52.46599564], [13.4407653, 52.46626914], [13.44122874, 52.46643448], [13.44150444, 52.46615786]]]}}, {"type": "Feature", "properties": {"id": "parkverbot_mikromobilitaet.1483", "gisid": 1483, "fid_bezirk": "008", "namgem": "Neukölln", "typ": "no parking"}, "geometry": {"type": "Polygon", "coordinates": [[[13.43108865, 52.46823869], [13.43124805, 52.46789772], [13.43165977, 52.46727745], [13.43120227, 52.46723657], [13.43066221, 52.46816107], [13.43108865, 52.46823869]]]}}, {"type": "Feature", "properties": {"id": "parkverbot_mikromobilitaet.1484", "gisid": 1484, "fid_bezirk": "008", "namgem": "Neukölln", "typ": "no parking"}, "geometry": {"type": "Polygon", "coordinates": [[[13.43608836, 52.4685335], [13.43623476, 52.46801325], [13.43589926, 52.4679798], [13.43571016, 52.46847033], [13.43608836, 52.4685335]]]}}, {"type": "Feature", "properties": {"id": "parkverbot_mikromobilitaet.1485", "gisid": 1485, "fid_bezirk": "008", "namgem": "Neukölln", "typ": "no parking"}, "geometry": {"type": "Polygon", "coordinates": [[[13.44439945, 52.46976797], [13.44428383, 52.46975129], [13.44421447, 52.46998567], [13.44432604, 52.47000389], [13.44432478, 52.47000406], [13.44527984, 52.47011085], [13.44535454, 52.4698077], [13.44443428, 52.46967071], [13.44439945, 52.46976797]]]}}, {"type": "Feature", "properties": {"id": "parkverbot_mikromobilitaet.1486", "gisid": 1486, "fid_bezirk": "008", "namgem": "Neukölln", "typ": "no parking"}, "geometry": {"type": "Polygon", "coordinates": [[[13.43474176, 52.47033798], [13.43478515, 52.47023353], [13.43475907, 52.47009854], [13.43478676, 52.4700639], [13.4339089, 52.46994995], [13.43380209, 52.4702259], [13.43474176, 52.47033798]]]}}, {"type": "Feature", "properties": {"id": "parkverbot_mikromobilitaet.1487", "gisid": 1487, "fid_bezirk": "008", "namgem": "Neukölln", "typ": "no parking"}, "geometry": {"type": "Polygon", "coordinates": [[[13.43590005, 52.46991167], [13.4356059, 52.46987546], [13.43547259, 52.47040151], [13.43675069, 52.47054497], [13.43681207, 52.47030612], [13.435838, 52.47016936], [13.43590005, 52.46991167]]]}}, {"type": "Feature", "properties": {"id": "parkverbot_mikromobilitaet.1488", "gisid": 1488, "fid_bezirk": "008", "namgem": "Neukölln", "typ": "no parking"}, "geometry": {"type": "Polygon", "coordinates": [[[13.43944937, 52.47058305], [13.43898511, 52.47052614], [13.43900891, 52.47044121], [13.43891082, 52.47044354], [13.43875539, 52.47089128], [13.43939995, 52.47097234], [13.43951132, 52.47059475], [13.43944937, 52.47058305]]]}}, {"type": "Feature", "properties": {"id": "parkverbot_mikromobilitaet.1489", "gisid": 1489, "fid_bezirk": "008", "namgem": "Neukölln", "typ": "no parking"}, "geometry": {"type": "Polygon", "coordinates": [[[13.43825539, 52.47189986], [13.43909375, 52.47201969], [13.4394356, 52.4710704], [13.43631195, 52.47068192], [13.43603299, 52.47159439], [13.4370699, 52.47171687], [13.43701738, 52.47184586], [13.43819006, 52.47200358], [13.43825539, 52.47189986]]]}}, {"type": "Feature", "properties": {"id": "parkverbot_mikromobilitaet.1490", "gisid": 1490, "fid_bezirk": "008", "namgem": "Neukölln", "typ": "no parking"}, "geometry": {"type": "Polygon", "coordinates": [[[13.44167309, 52.47075477], [13.44156641, 52.4714478], [13.4422906, 52.47208485], [13.44233971, 52.47205203], [13.44257454, 52.47083358], [13.44167309, 52.47075477]]]}}, {"type": "Feature", "properties": {"id": "parkverbot_mikromobilitaet.1491", "gisid": 1491, "fid_bezirk": "008", "namgem": "Neukölln", "typ": "no parking"}, "geometry": {"type": "Polygon", "coordinates": [[[13.44173098, 52.47177538], [13.44148028, 52.47178641], [13.44143931, 52.4719865], [13.44167864, 52.47200239], [13.44167061, 52.4720819], [13.44199301, 52.47210844], [13.44207243, 52.47207446], [13.44173098, 52.47177538]]]}}, {"type": "Feature", "properties": {"id": "parkverbot_mikromobilitaet.1492", "gisid": 1492, "fid_bezirk": "008", "namgem": "Neukölln", "typ": "no parking"}, "geometry": {"type": "Polygon", "coordinates": [[[13.43725886, 52.47295764], [13.43780117, 52.47311959], [13.4379363, 52.47297914], [13.43824099, 52.47211302], [13.43673472, 52.47189651], [13.43663011, 52.47214194], [13.43745537, 52.47224488], [13.43725886, 52.47295764]]]}}, {"type": "Feature", "properties": {"id": "parkverbot_mikromobilitaet.1493", "gisid": 1493, "fid_bezirk": "008", "namgem": "Neukölln", "typ": "no parking"}, "geometry": {"type": "Polygon", "coordinates": [[[13.44183011, 52.47367892], [13.44189129, 52.47369227], [13.44254802, 52.47255468], [13.44214378, 52.47216867], [13.44136827, 52.47337163], [13.44188932, 52.4735542], [13.44183011, 52.47367892]]]}}, {"type": "Feature", "properties": {"id": "parkverbot_mikromobilitaet.1494", "gisid": 1494, "fid_bezirk": "008", "namgem": "Neukölln", "typ": "no parking"}, "geometry": {"type": "Polygon", "coordinates": [[[13.44081245, 52.47331749], [13.44061783, 52.47367406], [13.44073731, 52.47371676], [13.44099508, 52.4737465], [13.44118054, 52.47344056], [13.44102983, 52.47338846], [13.44100698, 52.47335025], [13.44081245, 52.47331749]]]}}, {"type": "Feature", "properties": {"id": "parkverbot_mikromobilitaet.1495", "gisid": 1495, "fid_bezirk": "008", "namgem": "Neukölln", "typ": "no parking"}, "geometry": {"type": "Polygon", "coordinates": [[[13.44383182, 52.47422401], [13.44354452, 52.47421186], [13.44357413, 52.4741495], [13.44272783, 52.47405888], [13.44242971, 52.47474102], [13.44178184, 52.47465719], [13.44154196, 52.47524179], [13.44210796, 52.47531618], [13.44219796, 52.47509565], [13.44393601, 52.47534861], [13.44419499, 52.47519305], [13.44349306, 52.4750876], [13.44383182, 52.47422401]]]}}, {"type": "Feature", "properties": {"id": "parkverbot_mikromobilitaet.1496", "gisid": 1496, "fid_bezirk": "008", "namgem": "Neukölln", "typ": "no parking"}, "geometry": {"type": "Polygon", "coordinates": [[[13.43507774, 52.47602449], [13.43504036, 52.47620911], [13.43529999, 52.47622928], [13.4352098, 52.47645399], [13.4348945, 52.47645818], [13.43498622, 52.47657653], [13.43425661, 52.47647902], [13.43419596, 52.47664346], [13.43400481, 52.4766242], [13.43399492, 52.47670983], [13.43435012, 52.47673963], [13.43435482, 52.47680035], [13.43478096, 52.47685828], [13.43481462, 52.47697168], [13.43491511, 52.47703576], [13.43556955, 52.47712808], [13.43570705, 52.4767283], [13.43663541, 52.47682424], [13.43680859, 52.47619066], [13.43710931, 52.47621136], [13.43769499, 52.47476329], [13.43648476, 52.47462389], [13.43652668, 52.47448012], [13.43617257, 52.47444406], [13.43559511, 52.47447617], [13.43524481, 52.47546718], [13.43388031, 52.47530688], [13.43374191, 52.47573175], [13.43413704, 52.47579451], [13.43443266, 52.47595843], [13.43507774, 52.47602449]]]}}, {"type": "Feature", "properties": {"id": "parkverbot_mikromobilitaet.1497", "gisid": 1497, "fid_bezirk": "008", "namgem": "Neukölln", "typ": "no parking"}, "geometry": {"type": "Polygon", "coordinates": [[[13.44180742, 52.47640208], [13.44195798, 52.47642158], [13.44202701, 52.4764607], [13.44222179, 52.47633588], [13.442205, 52.47629426], [13.44189374, 52.47624717], [13.44180742, 52.47640208]]]}}, {"type": "Feature", "properties": {"id": "parkverbot_mikromobilitaet.1498", "gisid": 1498, "fid_bezirk": "008", "namgem": "Neukölln", "typ": "no parking"}, "geometry": {"type": "Polygon", "coordinates": [[[13.4325041, 52.47899356], [13.43267398, 52.478462], [13.43152445, 52.47831346], [13.43145885, 52.47855178], [13.43191791, 52.47860926], [13.43185745, 52.47876044], [13.43197147, 52.47876693], [13.43192094, 52.47892572], [13.4325041, 52.47899356]]]}}, {"type": "Feature", "properties": {"id": "parkverbot_mikromobilitaet.1499", "gisid": 1499, "fid_bezirk": "008", "namgem": "Neukölln", "typ": "no parking"}, "geometry": {"type": "Polygon", "coordinates": [[[13.43930164, 52.48483143], [13.43881859, 52.48447793], [13.43839425, 52.48467614], [13.43894021, 52.48502092], [13.43930164, 52.48483143]]]}}, {"type": "Feature", "properties": {"id": "parkverbot_mikromobilitaet.1500", "gisid": 1500, "fid_bezirk": "008", "namgem": "Neukölln", "typ": "no parking"}, "geometry": {"type": "Polygon", "coordinates": [[[13.43195004, 52.48558928], [13.43201363, 52.48563909], [13.43219324, 52.48556955], [13.43260289, 52.48599096], [13.43304781, 52.48583709], [13.43265285, 52.4854189], [13.43285307, 52.48534189], [13.43279577, 52.48528219], [13.43195004, 52.48558928]]]}}, {"type": "Feature", "properties": {"id": "parkverbot_mikromobilitaet.1501", "gisid": 1501, "fid_bezirk": "008", "namgem": "Neukölln", "typ": "no parking"}, "geometry": {"type": "Polygon", "coordinates": [[[13.43453134, 52.48747056], [13.43535585, 52.48716937], [13.43513286, 52.4869849], [13.43433521, 52.48726415], [13.43453134, 52.48747056]]]}}, {"type": "Feature", "properties": {"id": "parkverbot_mikromobilitaet.1502", "gisid": 1502, "fid_bezirk": "008", "namgem": "Neukölln", "typ": "no parking"}, "geometry": {"type": "Polygon", "coordinates": [[[13.43541177, 52.4875045], [13.4355971, 52.48742733], [13.43560502, 52.48735101], [13.435386, 52.48720162], [13.43522221, 52.48725996], [13.43523866, 52.48738438], [13.43541177, 52.4875045]]]}}, {"type": "Feature", "properties": {"id": "parkverbot_mikromobilitaet.1503", "gisid": 1503, "fid_bezirk": "008", "namgem": "Neukölln", "typ": "no parking"}, "geometry": {"type": "Polygon", "coordinates": [[[13.43571398, 52.48751487], [13.43521716, 52.48769619], [13.43531795, 52.48779624], [13.43555519, 52.48772614], [13.43627398, 52.48849358], [13.43596237, 52.48860093], [13.43617438, 52.48880118], [13.43721062, 52.48826711], [13.43646839, 52.4877191], [13.43621415, 52.4878272], [13.43601088, 52.48767484], [13.43591578, 52.48770861], [13.43571398, 52.48751487]]]}}, {"type": "Feature", "properties": {"id": "parkverbot_mikromobilitaet.1504", "gisid": 1504, "fid_bezirk": "008", "namgem": "Neukölln", "typ": "no parking"}, "geometry": {"type": "Polygon", "coordinates": [[[13.4290447, 52.48984337], [13.42929502, 52.48975972], [13.43047197, 52.48932118], [13.42939371, 52.48824957], [13.429083, 52.48833143], [13.4290635, 52.48843945], [13.42901475, 52.48848976], [13.4290447, 52.48984337]]]}}, {"type": "Feature", "properties": {"id": "parkverbot_mikromobilitaet.1613", "gisid": 1613, "fid_bezirk": "008", "namgem": "Neukölln", "typ": "no parking"}, "geometry": {"type": "Polygon", "coordinates": [[[13.45634963, 52.43429512], [13.45700232, 52.4350194], [13.45801807, 52.43481433], [13.45870436, 52.4345767], [13.45928887, 52.43436514], [13.45843991, 52.43348421], [13.45808614, 52.43366709], [13.45752808, 52.43392352], [13.45634963, 52.43429512]]]}}, {"type": "Feature", "properties": {"id": "parkverbot_mikromobilitaet.1614", "gisid": 1614, "fid_bezirk": "008", "namgem": "Neukölln", "typ": "no parking"}, "geometry": {"type": "Polygon", "coordinates": [[[13.45781914, 52.43942824], [13.45782492, 52.43942715], [13.45810348, 52.43980148], [13.45875887, 52.44021573], [13.45947945, 52.4396184], [13.45912483, 52.43911557], [13.45912527, 52.43911546], [13.4581093, 52.43754156], [13.45810941, 52.43740483], [13.4571824, 52.43603676], [13.45718115, 52.43603685], [13.45716951, 52.4360206], [13.45710563, 52.43603697], [13.4571047, 52.43603575], [13.45585053, 52.43633004], [13.45596465, 52.43651306], [13.4559566, 52.43651482], [13.45781914, 52.43942824]]]}}, {"type": "Feature", "properties": {"id": "parkverbot_mikromobilitaet.1615", "gisid": 1615, "fid_bezirk": "008", "namgem": "Neukölln", "typ": "no parking"}, "geometry": {"type": "Polygon", "coordinates": [[[13.44838632, 52.43890096], [13.44852797, 52.43813213], [13.44894516, 52.43723316], [13.44856975, 52.43723938], [13.44847108, 52.43737821], [13.44819117, 52.43733632], [13.44818445, 52.43752731], [13.44797567, 52.43753731], [13.44778112, 52.43803156], [13.4475207, 52.43802815], [13.44742415, 52.43840267], [13.44709362, 52.43920723], [13.44675082, 52.44036035], [13.44663887, 52.44087639], [13.44671959, 52.44154463], [13.44692314, 52.44198042], [13.44735903, 52.44233009], [13.44789092, 52.44261732], [13.44840813, 52.44243303], [13.44899722, 52.44198217], [13.44978143, 52.4413173], [13.44928191, 52.44099866], [13.44881084, 52.44046382], [13.44861089, 52.44051853], [13.44867026, 52.44060847], [13.44910436, 52.44100907], [13.44940617, 52.44131875], [13.44905321, 52.44157526], [13.44834201, 52.44194172], [13.44775099, 52.44215052], [13.44746834, 52.44159268], [13.44733624, 52.44090306], [13.44746661, 52.44015956], [13.44801152, 52.43888967], [13.44838632, 52.43890096]]]}}, {"type": "Feature", "properties": {"id": "parkverbot_mikromobilitaet.1616", "gisid": 1616, "fid_bezirk": "008", "namgem": "Neukölln", "typ": "no parking"}, "geometry": {"type": "Polygon", "coordinates": [[[13.44812473, 52.44802752], [13.44796281, 52.44822053], [13.44807333, 52.44838842], [13.44833743, 52.44846161], [13.44901084, 52.44841868], [13.44933553, 52.44828093], [13.44926323, 52.44812335], [13.44850254, 52.4479841], [13.44812473, 52.44802752]]]}}, {"type": "Feature", "properties": {"id": "parkverbot_mikromobilitaet.1617", "gisid": 1617, "fid_bezirk": "008", "namgem": "Neukölln", "typ": "no parking"}, "geometry": {"type": "Polygon", "coordinates": [[[13.45073329, 52.44855444], [13.45099066, 52.44879293], [13.45160518, 52.44893884], [13.45180796, 52.44877165], [13.45164958, 52.44856783], [13.45115264, 52.44832764], [13.45095825, 52.44837087], [13.45073329, 52.44855444]]]}}, {"type": "Feature", "properties": {"id": "parkverbot_mikromobilitaet.1618", "gisid": 1618, "fid_bezirk": "008", "namgem": "Neukölln", "typ": "no parking"}, "geometry": {"type": "Polygon", "coordinates": [[[13.45400861, 52.45058992], [13.45408516, 52.45048475], [13.45326612, 52.45034391], [13.45231933, 52.45256782], [13.45318944, 52.45269222], [13.45381567, 52.45145726], [13.45360348, 52.45143394], [13.45400861, 52.45058992]]]}}, {"type": "Feature", "properties": {"id": "parkverbot_mikromobilitaet.1619", "gisid": 1619, "fid_bezirk": "008", "namgem": "Neukölln", "typ": "no parking"}, "geometry": {"type": "Polygon", "coordinates": [[[13.45204794, 52.45240411], [13.45217283, 52.45211275], [13.44955032, 52.4516835], [13.44919581, 52.45168522], [13.4491929, 52.45176799], [13.44541079, 52.45148266], [13.445185, 52.45226949], [13.45204794, 52.45240411]]]}}, {"type": "Feature", "properties": {"id": "parkverbot_mikromobilitaet.1620", "gisid": 1620, "fid_bezirk": "008", "namgem": "Neukölln", "typ": "no parking"}, "geometry": {"type": "Polygon", "coordinates": [[[13.45169608, 52.45335184], [13.45194091, 52.45261877], [13.44751894, 52.45257754], [13.44667661, 52.45510996], [13.45004816, 52.4554303], [13.45169608, 52.45335184]]]}}, {"type": "Feature", "properties": {"id": "parkverbot_mikromobilitaet.1621", "gisid": 1621, "fid_bezirk": "008", "namgem": "Neukölln", "typ": "no parking"}, "geometry": {"type": "Polygon", "coordinates": [[[13.44534512, 52.45847353], [13.44631998, 52.45862231], [13.44657285, 52.45847172], [13.44659597, 52.45827512], [13.44631398, 52.4581608], [13.44563558, 52.4581044], [13.4454447, 52.45817973], [13.44534512, 52.45847353]]]}}, {"type": "Feature", "properties": {"id": "parkverbot_mikromobilitaet.1622", "gisid": 1622, "fid_bezirk": "008", "namgem": "Neukölln", "typ": "no parking"}, "geometry": {"type": "Polygon", "coordinates": [[[13.45381739, 52.46165162], [13.45277089, 52.46278352], [13.45235786, 52.46342576], [13.452226, 52.46408077], [13.45232038, 52.46473655], [13.45271002, 52.46523593], [13.45324505, 52.46522944], [13.45339419, 52.46514092], [13.45313715, 52.46464089], [13.45305105, 52.46408341], [13.45316355, 52.46353191], [13.45347295, 52.46301207], [13.45535683, 52.46104428], [13.45534817, 52.46094545], [13.45465929, 52.46082353], [13.45381739, 52.46165162]]]}}, {"type": "Feature", "properties": {"id": "parkverbot_mikromobilitaet.1623", "gisid": 1623, "fid_bezirk": "008", "namgem": "Neukölln", "typ": "no parking"}, "geometry": {"type": "Polygon", "coordinates": [[[13.4565842, 52.47030153], [13.45674845, 52.47032368], [13.45715565, 52.47021613], [13.4571922, 52.47010985], [13.45646661, 52.46917921], [13.4559019, 52.46914303], [13.45578113, 52.46919686], [13.45580031, 52.46929901], [13.4565842, 52.47030153]]]}}, {"type": "Feature", "properties": {"id": "parkverbot_mikromobilitaet.1624", "gisid": 1624, "fid_bezirk": "008", "namgem": "Neukölln", "typ": "no parking"}, "geometry": {"type": "Polygon", "coordinates": [[[13.44821599, 52.47078347], [13.44869903, 52.47084097], [13.44869959, 52.47082482], [13.44959562, 52.47092544], [13.44967219, 52.4707541], [13.44829765, 52.47059335], [13.44821599, 52.47078347]]]}}, {"type": "Feature", "properties": {"id": "parkverbot_mikromobilitaet.1625", "gisid": 1625, "fid_bezirk": "008", "namgem": "Neukölln", "typ": "no parking"}, "geometry": {"type": "Polygon", "coordinates": [[[13.45742409, 52.47301371], [13.45797329, 52.47270502], [13.45753408, 52.47056214], [13.45732053, 52.47028569], [13.45719416, 52.47025828], [13.45707965, 52.47030633], [13.4570823, 52.47043713], [13.4568048, 52.47058653], [13.45726633, 52.47293528], [13.45742409, 52.47301371]]]}}, {"type": "Feature", "properties": {"id": "parkverbot_mikromobilitaet.1626", "gisid": 1626, "fid_bezirk": "008", "namgem": "Neukölln", "typ": "no parking"}, "geometry": {"type": "Polygon", "coordinates": [[[13.45303385, 52.47240711], [13.45260495, 52.47218876], [13.45212435, 52.4724383], [13.45246321, 52.47270933], [13.45252482, 52.47271283], [13.45303385, 52.47240711]]]}}, {"type": "Feature", "properties": {"id": "parkverbot_mikromobilitaet.1627", "gisid": 1627, "fid_bezirk": "008", "namgem": "Neukölln", "typ": "no parking"}, "geometry": {"type": "Polygon", "coordinates": [[[13.45161042, 52.47288301], [13.45145337, 52.47295713], [13.45135202, 52.47288325], [13.45118233, 52.47297897], [13.451316, 52.47303694], [13.45064531, 52.47325551], [13.45040058, 52.4733694], [13.45058627, 52.47365837], [13.45045845, 52.47369656], [13.45050121, 52.47375691], [13.45083453, 52.47367657], [13.45193457, 52.47312484], [13.45161042, 52.47288301]]]}}, {"type": "Feature", "properties": {"id": "parkverbot_mikromobilitaet.1628", "gisid": 1628, "fid_bezirk": "008", "namgem": "Neukölln", "typ": "no parking"}, "geometry": {"type": "Polygon", "coordinates": [[[13.44709567, 52.47420489], [13.44655587, 52.47413048], [13.44642785, 52.47438462], [13.44695225, 52.47452077], [13.44703993, 52.47453539], [13.44713833, 52.47449628], [13.44715567, 52.47425415], [13.44709567, 52.47420489]]]}}, {"type": "Feature", "properties": {"id": "parkverbot_mikromobilitaet.1629", "gisid": 1629, "fid_bezirk": "008", "namgem": "Neukölln", "typ": "no parking"}, "geometry": {"type": "Polygon", "coordinates": [[[13.44742636, 52.47445698], [13.44828325, 52.47454362], [13.44821186, 52.47431649], [13.44743133, 52.47444089], [13.44742636, 52.47445698]]]}}, {"type": "Feature", "properties": {"id": "parkverbot_mikromobilitaet.1630", "gisid": 1630, "fid_bezirk": "008", "namgem": "Neukölln", "typ": "no parking"}, "geometry": {"type": "Polygon", "coordinates": [[[13.44670881, 52.47567282], [13.44662184, 52.47526236], [13.44588916, 52.47527967], [13.44587954, 52.47517721], [13.44578697, 52.47517599], [13.44577383, 52.475674], [13.44670881, 52.47567282]]]}}, {"type": "Feature", "properties": {"id": "parkverbot_mikromobilitaet.1631", "gisid": 1631, "fid_bezirk": "008", "namgem": "Neukölln", "typ": "no parking"}, "geometry": {"type": "Polygon", "coordinates": [[[13.45804497, 52.4730647], [13.45793208, 52.47298828], [13.45731126, 52.47328126], [13.45757836, 52.47446977], [13.4580822, 52.4769249], [13.45731719, 52.47813989], [13.45736806, 52.47844348], [13.45751446, 52.47849617], [13.45901223, 52.47771914], [13.45804497, 52.4730647]]]}}, {"type": "Feature", "properties": {"id": "parkverbot_mikromobilitaet.1632", "gisid": 1632, "fid_bezirk": "008", "namgem": "Neukölln", "typ": "no parking"}, "geometry": {"type": "Polygon", "coordinates": [[[13.44827659, 52.478117], [13.44870663, 52.47842963], [13.45090547, 52.47735436], [13.45022581, 52.47686612], [13.44912604, 52.47739268], [13.4489893, 52.47729778], [13.44840248, 52.47758819], [13.44848812, 52.47766641], [13.44818927, 52.47784118], [13.44827659, 52.478117]]]}}, {"type": "Feature", "properties": {"id": "parkverbot_mikromobilitaet.1633", "gisid": 1633, "fid_bezirk": "008", "namgem": "Neukölln", "typ": "no parking"}, "geometry": {"type": "Polygon", "coordinates": [[[13.4477049, 52.4803725], [13.44743086, 52.48015999], [13.44691672, 52.48041985], [13.4478395, 52.48112478], [13.44816047, 52.48137384], [13.44847185, 52.48122014], [13.44812978, 52.48097987], [13.44876577, 52.48066976], [13.44808736, 52.48016651], [13.4477049, 52.4803725]]]}}, {"type": "Feature", "properties": {"id": "parkverbot_mikromobilitaet.1634", "gisid": 1634, "fid_bezirk": "008", "namgem": "Neukölln", "typ": "no parking"}, "geometry": {"type": "Polygon", "coordinates": [[[13.4469705, 52.48207994], [13.44792516, 52.48277646], [13.4491281, 52.48218365], [13.44812185, 52.48144876], [13.4469705, 52.48207994]]]}}, {"type": "Feature", "properties": {"id": "parkverbot_mikromobilitaet.1637", "gisid": 1637, "fid_bezirk": "008", "namgem": "Neukölln", "typ": "no parking"}, "geometry": {"type": "Polygon", "coordinates": [[[13.43993037, 52.4894735], [13.44060368, 52.48764092], [13.44078663, 52.48737086], [13.44150093, 52.48677634], [13.44440045, 52.48528345], [13.44449033, 52.48533089], [13.44465422, 52.48524953], [13.44488178, 52.48515294], [13.44479357, 52.48508549], [13.4570743, 52.47877703], [13.45721974, 52.47830172], [13.45699741, 52.47814974], [13.45518103, 52.47904849], [13.45490018, 52.47929381], [13.44675078, 52.48346215], [13.4459577, 52.48291274], [13.44346681, 52.48417215], [13.44429794, 52.48471492], [13.44082317, 52.48649867], [13.44021964, 52.48699208], [13.43808481, 52.48806594], [13.43937709, 52.48898151], [13.4392351, 52.48933275], [13.43984476, 52.48952664], [13.43993037, 52.4894735]]]}}, {"type": "Feature", "properties": {"id": "parkverbot_mikromobilitaet.1751", "gisid": 1751, "fid_bezirk": "008", "namgem": "Neukölln", "typ": "no parking"}, "geometry": {"type": "Polygon", "coordinates": [[[13.48153565, 52.40576149], [13.47933636, 52.40434297], [13.47772914, 52.40349014], [13.47758866, 52.40345825], [13.47756133, 52.40349533], [13.47753672, 52.40351875], [13.47752522, 52.40352962], [13.4775102, 52.40354388], [13.4774931, 52.40355465], [13.47747132, 52.40356837], [13.47741208, 52.40362477], [13.47883207, 52.40436883], [13.48077449, 52.40560299], [13.48369574, 52.40776349], [13.48601137, 52.41005328], [13.48734665, 52.41165353], [13.48804287, 52.41272158], [13.48869997, 52.41335135], [13.48859666, 52.41343718], [13.48870098, 52.41362838], [13.48890495, 52.41373449], [13.48864564, 52.41409501], [13.48952698, 52.41458683], [13.49011187, 52.41521214], [13.49101246, 52.41514126], [13.491685, 52.41681803], [13.49187793, 52.41708651], [13.49212506, 52.4170828], [13.49225552, 52.41720803], [13.4919836, 52.41728008], [13.49205397, 52.41752125], [13.49133009, 52.41767677], [13.49135388, 52.41823392], [13.48946087, 52.41968073], [13.48952834, 52.41982667], [13.48974487, 52.41990296], [13.48995615, 52.41988144], [13.49178674, 52.41850354], [13.49290737, 52.4175184], [13.49381618, 52.41687781], [13.49261773, 52.41613485], [13.49169941, 52.41507966], [13.49064736, 52.41399702], [13.49100859, 52.41361033], [13.48893358, 52.41336686], [13.4890331, 52.4132303], [13.48836295, 52.41258149], [13.48763273, 52.41148281], [13.48515171, 52.40852595], [13.48153565, 52.40576149]]]}}, {"type": "Feature", "properties": {"id": "parkverbot_mikromobilitaet.1752", "gisid": 1752, "fid_bezirk": "008", "namgem": "Neukölln", "typ": "no parking"}, "geometry": {"type": "Polygon", "coordinates": [[[13.4688244, 52.42581532], [13.46862644, 52.42386711], [13.46958407, 52.42377653], [13.46956447, 52.4236939], [13.47158263, 52.42345914], [13.47324666, 52.42339826], [13.47323061, 52.4232127], [13.470971, 52.42328647], [13.46865122, 52.42347612], [13.46831897, 52.42028059], [13.46808561, 52.42003288], [13.46497251, 52.42076137], [13.46407822, 52.42096944], [13.46393829, 52.42111865], [13.46726983, 52.42153946], [13.46722973, 52.4217243], [13.46669075, 52.42172417], [13.46663926, 52.42256103], [13.46641032, 52.4233338], [13.46633642, 52.42352163], [13.46342699, 52.42419781], [13.46370308, 52.42465449], [13.46415876, 52.4251135], [13.46547223, 52.42447838], [13.46561047, 52.42405455], [13.46665981, 52.42391027], [13.4667661, 52.42408327], [13.46779922, 52.42408293], [13.46797242, 52.42459318], [13.46733096, 52.42463293], [13.46715498, 52.42485032], [13.46763002, 52.42507616], [13.46772493, 52.42590119], [13.46851114, 52.42589764], [13.4688244, 52.42581532]]]}}, {"type": "Feature", "properties": {"id": "parkverbot_mikromobilitaet.1753", "gisid": 1753, "fid_bezirk": "008", "namgem": "Neukölln", "typ": "no parking"}, "geometry": {"type": "Polygon", "coordinates": [[[13.47500643, 52.42428635], [13.47505121, 52.4233948], [13.47334622, 52.4233728], [13.47336067, 52.42352196], [13.47340379, 52.42373313], [13.47355587, 52.42419571], [13.47361227, 52.42418445], [13.47411354, 52.4241875], [13.47432472, 52.42423646], [13.47441254, 52.42428896], [13.47500643, 52.42428635]]]}}, {"type": "Feature", "properties": {"id": "parkverbot_mikromobilitaet.1754", "gisid": 1754, "fid_bezirk": "008", "namgem": "Neukölln", "typ": "no parking"}, "geometry": {"type": "Polygon", "coordinates": [[[13.47430795, 52.42518312], [13.47482997, 52.4250251], [13.47510845, 52.42509047], [13.47545229, 52.42488896], [13.47585685, 52.42488045], [13.4757841, 52.42438523], [13.47440302, 52.42438115], [13.47430795, 52.42518312]]]}}, {"type": "Feature", "properties": {"id": "parkverbot_mikromobilitaet.1755", "gisid": 1755, "fid_bezirk": "008", "namgem": "Neukölln", "typ": "no parking"}, "geometry": {"type": "Polygon", "coordinates": [[[13.47386544, 52.43053281], [13.47350557, 52.43029964], [13.4731353, 52.4303674], [13.47357036, 52.43100055], [13.47367187, 52.43115421], [13.47456833, 52.4316591], [13.4734293, 52.43216312], [13.47352108, 52.43225498], [13.47494392, 52.43160954], [13.47397197, 52.43105652], [13.47411771, 52.43096046], [13.47424235, 52.43078796], [13.47406812, 52.4305064], [13.47386544, 52.43053281]]]}}, {"type": "Feature", "properties": {"id": "parkverbot_mikromobilitaet.1758", "gisid": 1758, "fid_bezirk": "008", "namgem": "Neukölln", "typ": "no parking"}, "geometry": {"type": "Polygon", "coordinates": [[[13.47523838, 52.46020734], [13.47566007, 52.46094459], [13.47703585, 52.46201267], [13.47722369, 52.46203112], [13.47722372, 52.46203112], [13.47719744, 52.46199292], [13.47715121, 52.46195682], [13.47579799, 52.4609132], [13.47539362, 52.46024965], [13.47538118, 52.46022903], [13.47535261, 52.46018164], [13.47535259, 52.46018165], [13.47523838, 52.46020734]]]}}, {"type": "Feature", "properties": {"id": "parkverbot_mikromobilitaet.1759", "gisid": 1759, "fid_bezirk": "009", "namgem": "Treptow-Köpenick", "typ": "no parking"}, "geometry": {"type": "Polygon", "coordinates": [[[13.47535261, 52.46018164], [13.47538118, 52.46022903], [13.47539362, 52.46024965], [13.47579799, 52.4609132], [13.47715121, 52.46195682], [13.47719744, 52.46199292], [13.47722372, 52.46203112], [13.477223742205688, 52.462031122194134], [13.477197440231155, 52.46199287939474], [13.477151214301234, 52.46195678745723], [13.475797990018275, 52.46091315963852], [13.475393623612312, 52.4602496123938], [13.475381176834409, 52.4602289972519], [13.47535262814114, 52.46018163592059], [13.47535261, 52.46018164]]]}}, {"type": "Feature", "properties": {"id": "parkverbot_mikromobilitaet.1766", "gisid": 1766, "fid_bezirk": "008", "namgem": "Neukölln", "typ": "no parking"}, "geometry": {"type": "Polygon", "coordinates": [[[13.46824643, 52.46769811], [13.46831716, 52.46776067], [13.4699815, 52.46665978], [13.46987631, 52.46662075], [13.46976149, 52.46669803], [13.46897497, 52.46625635], [13.46751775, 52.4672058], [13.46830427, 52.46764749], [13.46824643, 52.46769811]]]}}, {"type": "Feature", "properties": {"id": "parkverbot_mikromobilitaet.1767", "gisid": 1767, "fid_bezirk": "008", "namgem": "Neukölln", "typ": "no parking"}, "geometry": {"type": "Polygon", "coordinates": [[[13.47804266, 52.46323454], [13.47759253, 52.46257107], [13.47740709, 52.46229773], [13.47735817, 52.46222661], [13.47731406, 52.46216248], [13.47731404, 52.46216249], [13.47721133, 52.46223266], [13.47703386, 52.46240721], [13.47731822, 52.46289186], [13.4773456, 52.46377638], [13.47800885, 52.463769], [13.47815774, 52.46415287], [13.47812847, 52.46500129], [13.4768261, 52.46607736], [13.47604404, 52.46711183], [13.47490655, 52.46808536], [13.47085384, 52.4719848], [13.4699839, 52.47291261], [13.470094818938215, 52.47296597986589], [13.470101327924025, 52.47295813319354], [13.470120382240475, 52.472938122797075], [13.47012875464772, 52.47292851175491], [13.470587750297918, 52.47244474069659], [13.470978151106491, 52.47203286376869], [13.471356380376056, 52.471668651699346], [13.471822030506093, 52.471220233821306], [13.471974398847014, 52.4710735891447], [13.472195737536552, 52.47086035729316], [13.4723382217145, 52.47072314197293], [13.472410569917832, 52.4706534066704], [13.472653629355708, 52.47042418068166], [13.472917278078008, 52.47017553860154], [13.472949906826292, 52.47014439226084], [13.473085886061646, 52.47001462657199], [13.473205910605627, 52.46990002049571], [13.473677356453683, 52.46944383898628], [13.474356852193289, 52.468786143493666], [13.474918891023322, 52.46824214109737], [13.47493935462197, 52.46822233401374], [13.47497248, 52.46819021], [13.47503047, 52.46813383], [13.47503087, 52.46813345], [13.47503905, 52.4681255], [13.47506547, 52.46810316], [13.47506656, 52.46810224], [13.47558107, 52.4676671], [13.47559925, 52.46765173], [13.47618031, 52.46726586], [13.476329765348412, 52.46714741278444], [13.476351164399025, 52.46713034366962], [13.476507230715457, 52.466981215157965], [13.47764536, 52.46589304], [13.47770882, 52.46583246], [13.47778322, 52.46576111], [13.477856289048395, 52.46569208327347], [13.477859324815173, 52.46568918319866], [13.478339123924979, 52.46523093293935], [13.47841405416304, 52.46513316612087], [13.478479137897585, 52.46498667590163], [13.478486817270433, 52.46489205387055], [13.478488681336737, 52.46486446630366], [13.4785493138899, 52.46398128099452], [13.47804266, 52.46323454]]]}}, {"type": "Feature", "properties": {"id": "parkverbot_mikromobilitaet.1768", "gisid": 1768, "fid_bezirk": "009", "namgem": "Treptow-Köpenick", "typ": "no parking"}, "geometry": {"type": "MultiPolygon", "coordinates": [[[[13.47618031, 52.46726586], [13.47559925, 52.46765173], [13.47558107, 52.4676671], [13.47506656, 52.46810224], [13.47506547, 52.46810316], [13.47503905, 52.4681255], [13.47503087, 52.46813345], [13.47503047, 52.46813383], [13.47497248, 52.46819021], [13.47493935462197, 52.46822233401374], [13.4749727652157, 52.468189995301685], [13.475039495833629, 52.46812537381509], [13.475065898741372, 52.46810303878209], [13.475581238568514, 52.46766721399471], [13.475599390839784, 52.467651866448534], [13.476181202520879, 52.46726591504918], [13.476329765348412, 52.46714741278444], [13.47618031, 52.46726586]]], [[[13.47778322, 52.46576111], [13.47770882, 52.46583246], [13.47764536, 52.46589304], [13.476507230715457, 52.466981215157965], [13.477006471394766, 52.46650416782855], [13.477646232268325, 52.46589282134166], [13.477709562437205, 52.465832245526705], [13.47778426097175, 52.465760891856526], [13.477856289048395, 52.46569208327347], [13.47778322, 52.46576111]]], [[[13.47731406, 52.46216248], [13.47735817, 52.46222661], [13.47740709, 52.46229773], [13.47759253, 52.46257107], [13.47804266, 52.46323454], [13.4785493138899, 52.46398128099452], [13.47854931573127, 52.46398125417278], [13.478042662755714, 52.46323450119212], [13.477592533768942, 52.46257102943727], [13.477407086962524, 52.46229769638278], [13.477358168500787, 52.46222657663919], [13.47731407715639, 52.4621624682797], [13.47731406, 52.46216248]]]]}}, {"type": "Feature", "properties": {"id": "parkverbot_mikromobilitaet.1769", "gisid": 1769, "fid_bezirk": "008", "namgem": "Neukölln", "typ": "no parking"}, "geometry": {"type": "Polygon", "coordinates": [[[13.47116728, 52.4661633], [13.46797465, 52.46823233], [13.46910472, 52.46882002], [13.4699301, 52.46831246], [13.4705132, 52.4686738], [13.46980425, 52.46911809], [13.46988408, 52.46916895], [13.47118256, 52.46831246], [13.47281223, 52.46719737], [13.47116728, 52.4661633]]]}}, {"type": "Feature", "properties": {"id": "parkverbot_mikromobilitaet.1774", "gisid": 1774, "fid_bezirk": "008", "namgem": "Neukölln", "typ": "no parking"}, "geometry": {"type": "Polygon", "coordinates": [[[13.46991682, 52.47305719], [13.46955305, 52.47348284], [13.46946025, 52.47399998], [13.47014649, 52.47574392], [13.47040818, 52.47682549], [13.470542447973244, 52.47692804317608], [13.47057327367444, 52.476906299395544], [13.47055418, 52.47681392], [13.47052754, 52.47668817], [13.47050018, 52.47656097], [13.4704783, 52.47646362], [13.47038332, 52.47602145], [13.47032779, 52.4758442], [13.47029078, 52.47572602], [13.46997854, 52.47483693], [13.46960715, 52.47399421], [13.46958708, 52.47380258], [13.469587082092275, 52.47380257109828], [13.469587079577442, 52.473802547092596], [13.469618310567613, 52.473669676732946], [13.469694535371035, 52.473507574150794], [13.469796101422727, 52.47333309499818], [13.46994614543425, 52.473145207829525], [13.469995515759075, 52.47308569122067], [13.46991682, 52.47305719]]]}}, {"type": "Feature", "properties": {"id": "parkverbot_mikromobilitaet.1775", "gisid": 1775, "fid_bezirk": "009", "namgem": "Treptow-Köpenick", "typ": "no parking"}, "geometry": {"type": "Polygon", "coordinates": [[[13.46958708, 52.47380258], [13.46960715, 52.47399421], [13.46997854, 52.47483693], [13.47029078, 52.47572602], [13.47032779, 52.4758442], [13.47038332, 52.47602145], [13.4704783, 52.47646362], [13.47050018, 52.47656097], [13.47052754, 52.47668817], [13.47055418, 52.47681392], [13.47057327367444, 52.476906299395544], [13.470573282922219, 52.476906292872364], [13.47055417945065, 52.47681388757641], [13.470527544914253, 52.476688135983544], [13.470500180330696, 52.47656093637289], [13.470478303707491, 52.476463586084236], [13.470383322637757, 52.476021409626924], [13.470327789281486, 52.47584416111837], [13.47029077761557, 52.47572598057905], [13.469978542156708, 52.47483688965845], [13.46960715422561, 52.47399417249883], [13.469587082092275, 52.47380257109828], [13.46958708, 52.47380258]]]}}, {"type": "Feature", "properties": {"id": "parkverbot_mikromobilitaet.1901", "gisid": 1901, "fid_bezirk": "008", "namgem": "Neukölln", "typ": "no parking"}, "geometry": {"type": "Polygon", "coordinates": [[[13.49099293, 52.39955283], [13.49068531, 52.39963788], [13.49063229, 52.39988366], [13.49083668, 52.40003734], [13.49118151, 52.40004113], [13.4913971, 52.39993672], [13.49143797, 52.39972659], [13.49128035, 52.39959898], [13.49099293, 52.39955283]]]}}, {"type": "Feature", "properties": {"id": "parkverbot_mikromobilitaet.1902", "gisid": 1902, "fid_bezirk": "008", "namgem": "Neukölln", "typ": "no parking"}, "geometry": {"type": "MultiPolygon", "coordinates": [[[[13.51667322, 52.40334675], [13.51667349, 52.40334688], [13.51666281, 52.40334055], [13.5166628, 52.40334058], [13.51667322, 52.40334675]]], [[[13.51876985, 52.40466416], [13.51836277, 52.40439095], [13.51754712, 52.40386305], [13.51712633, 52.40361498], [13.51705615, 52.40357342], [13.51705612, 52.40357344], [13.51352062, 52.40695822], [13.50920191, 52.41087509], [13.51138804, 52.41152683], [13.5137547, 52.40928914], [13.51677742, 52.41046084], [13.51825254, 52.40933287], [13.51987611, 52.40999014], [13.51859097, 52.41104408], [13.51922921, 52.41126863], [13.5190337, 52.41150822], [13.52075978, 52.41221771], [13.52301405, 52.41037863], [13.523126433017563, 52.410880838797404], [13.523184761220989, 52.4108320417149], [13.52320726917875, 52.410813201902634], [13.52312158, 52.41059071], [13.52301345, 52.41030998], [13.52288132, 52.40996808], [13.52288122, 52.40996784], [13.52219846, 52.40843961], [13.52177545, 52.40742596], [13.52177542, 52.40742589], [13.52174362, 52.40738698], [13.52166644, 52.40729259], [13.52101599, 52.40671498], [13.52097551, 52.40667908], [13.52062127, 52.40642346], [13.5205953, 52.40640474], [13.520595318122169, 52.40640472186644], [13.520595298433872, 52.40640470767989], [13.520706629830315, 52.40629330559002], [13.52062201, 52.40623285], [13.51981302, 52.40566012], [13.51946464, 52.4054142], [13.51905334, 52.40512346], [13.519053366641518, 52.40512344240096], [13.519053344147212, 52.405123426500246], [13.51933072757103, 52.40494018404077], [13.51876985, 52.40466416]]], [[[13.52335818, 52.41152934], [13.5233274, 52.41149394], [13.52324153, 52.41139518], [13.52324154, 52.41139523], [13.52330244, 52.41166733], [13.523311607906138, 52.41183789104546], [13.523374547123124, 52.41177523117727], [13.52348036595329, 52.41166988384283], [13.52335818, 52.41152934]]], [[[13.52282528, 52.41200461], [13.52295981, 52.41234611], [13.52277293, 52.41239526], [13.52323221, 52.41343331], [13.52325591, 52.41373223], [13.523029385637852, 52.413996206816606], [13.523155119358085, 52.41394707457542], [13.523187046079297, 52.41393460717874], [13.523451085298408, 52.41383149588116], [13.52348888286172, 52.41381670111167], [13.523526839371554, 52.413801989235154], [13.523758374425762, 52.41371142744276], [13.523804122328517, 52.41369367488487], [13.524034176590646, 52.41360383133433], [13.524063280597327, 52.41359236355676], [13.52378721, 52.41334408], [13.52359753, 52.41317347], [13.52342537, 52.41293258], [13.5232549, 52.412694], [13.52322663, 52.41265435], [13.523226644692294, 52.41265433439043], [13.523226628945915, 52.41265431230603], [13.523254175797714, 52.412625039781815], [13.523443331323477, 52.412424401785756], [13.523445980276081, 52.4124215869378], [13.52344298, 52.4124196], [13.52325511, 52.41229527], [13.52325452, 52.41229481], [13.52301358, 52.41213536], [13.523013605751833, 52.41213533436057], [13.52301358320554, 52.41213531943913], [13.523183118513591, 52.41196652590613], [13.52320690944618, 52.41194268820268], [13.52282528, 52.41200461]]], [[[13.52295858, 52.41544713], [13.522960807355993, 52.4154504160992], [13.522960820048715, 52.41545039549324], [13.52295858, 52.41544713]]], [[[13.52214839, 52.41811766], [13.52214623, 52.41808214], [13.52214623, 52.41808216], [13.522123243095985, 52.41843183290442], [13.52215633939538, 52.41829666638502], [13.52214839, 52.41811766]]], [[[13.520859958520441, 52.4195307488029], [13.52159108583639, 52.41889815625106], [13.522112017229247, 52.418441691590196], [13.520859958520441, 52.4195307488029]]], [[[13.51741978, 52.41930575], [13.51666453, 52.41896693], [13.51596862, 52.41962647], [13.51730859, 52.42022583], [13.5179428, 52.41965588], [13.51995736, 52.4201254], [13.52011460517489, 52.42110677988609], [13.520181107932515, 52.421027450734464], [13.520503618012148, 52.4208362369044], [13.520648186500624, 52.42019022973076], [13.520675547254658, 52.420100476888884], [13.51741978, 52.41930575]]], [[[13.518651445891747, 52.42225474415778], [13.518682106519641, 52.42222967576201], [13.518734832332571, 52.42218659478495], [13.518801123576376, 52.422131923410056], [13.518908839600158, 52.42201986841414], [13.519480865955563, 52.421425533803216], [13.518651445891747, 52.42225474415778]]], [[[13.51692544, 52.40280312], [13.51671993, 52.40266822], [13.51666653, 52.40263312], [13.51644576, 52.40248814], [13.51643773, 52.40248287], [13.51643799, 52.40248308], [13.51692778, 52.40287371], [13.516746778330504, 52.40319261389658], [13.516764385518591, 52.40316644041536], [13.51686467546753, 52.403013762054364], [13.516979551686317, 52.402838647975834], [13.51692544, 52.40280312]]]]}}, {"type": "Feature", "properties": {"id": "parkverbot_mikromobilitaet.1903", "gisid": 1903, "fid_bezirk": "009", "namgem": "Treptow-Köpenick", "typ": "no parking"}, "geometry": {"type": "MultiPolygon", "coordinates": [[[[13.51666281, 52.40334055], [13.51667349, 52.40334688], [13.516673787471767, 52.40334701567606], [13.516662824124872, 52.40334052511485], [13.51666281, 52.40334055]]], [[[13.51643773, 52.40248287], [13.51644576, 52.40248814], [13.51666653, 52.40263312], [13.51671993, 52.40266822], [13.51692544, 52.40280312], [13.516979551686317, 52.402838647975834], [13.516979565333386, 52.40283862717262], [13.516925441090738, 52.40280308058201], [13.516719931423085, 52.40266817977183], [13.51666652751692, 52.40263308266304], [13.516445760987548, 52.40248809968462], [13.516437476878679, 52.40248266812212], [13.51643773, 52.40248287]]], [[[13.5205953, 52.40640474], [13.52062127, 52.40642346], [13.52097551, 52.40667908], [13.52101599, 52.40671498], [13.52166644, 52.40729259], [13.52174362, 52.40738698], [13.52177542, 52.40742589], [13.521775390069264, 52.40742581826843], [13.521743616555597, 52.407386947318464], [13.52166644321743, 52.40729255571457], [13.52101599150456, 52.406714941110984], [13.520975513885373, 52.40667904569562], [13.520621266940497, 52.40642341947898], [13.520595318122169, 52.40640472186644], [13.5205953, 52.40640474]]], [[[13.51905334, 52.40512346], [13.51946464, 52.4054142], [13.51981302, 52.40566012], [13.52062201, 52.40623285], [13.520706629830315, 52.40629330559002], [13.520706654444131, 52.406293280960575], [13.520622014054794, 52.40623280852272], [13.519813024154853, 52.40566008101021], [13.519464641250172, 52.40541416310047], [13.519053366641518, 52.40512344240096], [13.51905334, 52.40512346]]], [[[13.51705615, 52.40357342], [13.51712633, 52.40361498], [13.51754712, 52.40386305], [13.51836277, 52.40439095], [13.51876985, 52.40466416], [13.51933072757103, 52.40494018404077], [13.519330755634675, 52.40494016550162], [13.518769847718746, 52.40466412432266], [13.518362767063362, 52.404390916769565], [13.517547118179124, 52.40386300935833], [13.51712633164708, 52.403614944501506], [13.517056172338215, 52.40357339860899], [13.51705615, 52.40357342]]], [[[13.52288132, 52.40996808], [13.52301345, 52.41030998], [13.52312158, 52.41059071], [13.52320726917875, 52.410813201902634], [13.523207283354234, 52.410813190037345], [13.523121575264502, 52.41059067770526], [13.523013450924179, 52.410309946630214], [13.522881451504542, 52.40996837430668], [13.52288132, 52.40996808]]], [[[13.52214623, 52.41808214], [13.52214839, 52.41811766], [13.52215633939538, 52.41829666638502], [13.522156344776935, 52.418296644406546], [13.522148390561822, 52.418117622456656], [13.52214623307965, 52.418082093162454], [13.52214623, 52.41808214]]], [[[13.52295858, 52.41544713], [13.522960820048715, 52.41545039549324], [13.52296083247295, 52.41545037532315], [13.522956189151877, 52.415443603434134], [13.52295858, 52.41544713]]], [[[13.52322663, 52.41265435], [13.5232549, 52.412694], [13.52342537, 52.41293258], [13.52359753, 52.41317347], [13.52378721, 52.41334408], [13.524063280597327, 52.41359236355676], [13.524063305474222, 52.41359235375458], [13.523787214803797, 52.41334404317034], [13.523597532201949, 52.41317343314859], [13.52342537265301, 52.41293254256807], [13.52325490206386, 52.41269396554399], [13.523226644692294, 52.41265433439043], [13.52322663, 52.41265435]]], [[[13.52301358, 52.41213536], [13.52325452, 52.41229481], [13.52325511, 52.41229527], [13.52344298, 52.4124196], [13.523445980276081, 52.4124215869378], [13.523445999085691, 52.41242156695021], [13.52344297843235, 52.412419560172545], [13.523255107274155, 52.412295231325764], [13.523254519705484, 52.41229477443137], [13.523013605751833, 52.41213533436057], [13.52301358, 52.41213536]]], [[[13.52324153, 52.41139518], [13.5233274, 52.41149394], [13.52335818, 52.41152934], [13.52348036595329, 52.41166988384283], [13.52348038497993, 52.41166986490097], [13.523358178657325, 52.41152930024361], [13.52332739677979, 52.41149390443115], [13.52324151748992, 52.411395124098675], [13.52324153, 52.41139518]]]]}}, {"type": "Feature", "properties": {"id": "parkverbot_mikromobilitaet.1904", "gisid": 1904, "fid_bezirk": "008", "namgem": "Neukölln", "typ": "no parking"}, "geometry": {"type": "Polygon", "coordinates": [[[13.51485813, 52.40210594], [13.51469634, 52.40225459], [13.51342247, 52.40240553], [13.51311654, 52.4025325], [13.51291391, 52.40245171], [13.51271216, 52.40264745], [13.51250991, 52.40267582], [13.5120184, 52.40332895], [13.51294229, 52.40384668], [13.5139599, 52.40355163], [13.51438002, 52.40308926], [13.51499421, 52.40274383], [13.51510308, 52.4022176], [13.51485813, 52.40210594]]]}}, {"type": "Feature", "properties": {"id": "parkverbot_mikromobilitaet.1905", "gisid": 1905, "fid_bezirk": "008", "namgem": "Neukölln", "typ": "no parking"}, "geometry": {"type": "Polygon", "coordinates": [[[13.51018503, 52.40443794], [13.5110988, 52.40354443], [13.51042519, 52.40329472], [13.50949344, 52.40419344], [13.51018503, 52.40443794]]]}}, {"type": "Feature", "properties": {"id": "parkverbot_mikromobilitaet.1906", "gisid": 1906, "fid_bezirk": "008", "namgem": "Neukölln", "typ": "no parking"}, "geometry": {"type": "Polygon", "coordinates": [[[13.49770879, 52.40573289], [13.49678362, 52.40546896], [13.49589597, 52.40534275], [13.49571335, 52.40608369], [13.49704231, 52.40617018], [13.49770521, 52.40595685], [13.49770879, 52.40573289]]]}}, {"type": "Feature", "properties": {"id": "parkverbot_mikromobilitaet.1907", "gisid": 1907, "fid_bezirk": "008", "namgem": "Neukölln", "typ": "no parking"}, "geometry": {"type": "Polygon", "coordinates": [[[13.50705164, 52.4074344], [13.50722375, 52.40749558], [13.50746815, 52.40736631], [13.50758897, 52.40710267], [13.50722332, 52.40686688], [13.50679759, 52.40675983], [13.50661937, 52.40701354], [13.50705164, 52.4074344]]]}}, {"type": "Feature", "properties": {"id": "parkverbot_mikromobilitaet.1908", "gisid": 1908, "fid_bezirk": "008", "namgem": "Neukölln", "typ": "no parking"}, "geometry": {"type": "Polygon", "coordinates": [[[13.51144235, 52.40783401], [13.51000273, 52.40730061], [13.50977567, 52.40706677], [13.50975703, 52.40697979], [13.5100099, 52.40673602], [13.50991112, 52.40657357], [13.51017952, 52.40631526], [13.50933943, 52.4059769], [13.50909711, 52.40622862], [13.50790822, 52.40748003], [13.50938965, 52.40793199], [13.50946635, 52.40805367], [13.51007738, 52.40824695], [13.510095, 52.40835892], [13.50969966, 52.4087296], [13.51024661, 52.40894827], [13.51144235, 52.40783401]]]}}, {"type": "Feature", "properties": {"id": "parkverbot_mikromobilitaet.1909", "gisid": 1909, "fid_bezirk": "008", "namgem": "Neukölln", "typ": "no parking"}, "geometry": {"type": "Polygon", "coordinates": [[[13.49382628, 52.41082097], [13.49504703, 52.41054485], [13.49789907, 52.40775657], [13.49863057, 52.40744738], [13.49934855, 52.40628008], [13.50001398, 52.40580474], [13.50018201, 52.40456906], [13.5000939, 52.40441727], [13.49968214, 52.40432488], [13.49940163, 52.40437917], [13.49921452, 52.4045727], [13.49925165, 52.40484729], [13.49912768, 52.40532687], [13.49942299, 52.40575208], [13.49887468, 52.40608266], [13.49805213, 52.4072887], [13.49722706, 52.40767536], [13.49690635, 52.40811293], [13.49453621, 52.41032451], [13.49367194, 52.41053274], [13.49382628, 52.41082097]]]}}, {"type": "Feature", "properties": {"id": "parkverbot_mikromobilitaet.1910", "gisid": 1910, "fid_bezirk": "008", "namgem": "Neukölln", "typ": "no parking"}, "geometry": {"type": "Polygon", "coordinates": [[[13.49092826, 52.41004804], [13.49166592, 52.41052351], [13.49187228, 52.41050501], [13.49209356, 52.41039456], [13.49217018, 52.4103029], [13.49204964, 52.41023555], [13.49158657, 52.40935901], [13.49136246, 52.4093548], [13.49092826, 52.41004804]]]}}, {"type": "Feature", "properties": {"id": "parkverbot_mikromobilitaet.1911", "gisid": 1911, "fid_bezirk": "008", "namgem": "Neukölln", "typ": "no parking"}, "geometry": {"type": "Polygon", "coordinates": [[[13.49404175, 52.41147657], [13.49407411, 52.41130263], [13.4930478, 52.40973749], [13.49236846, 52.41060684], [13.49226269, 52.41076095], [13.49221705, 52.4109694], [13.49233192, 52.41110259], [13.49280797, 52.41119374], [13.49333772, 52.41135786], [13.49380094, 52.4115527], [13.49404175, 52.41147657]]]}}, {"type": "Feature", "properties": {"id": "parkverbot_mikromobilitaet.1912", "gisid": 1912, "fid_bezirk": "008", "namgem": "Neukölln", "typ": "no parking"}, "geometry": {"type": "Polygon", "coordinates": [[[13.5016622, 52.4179907], [13.50256086, 52.41716197], [13.50115533, 52.41677149], [13.50087195, 52.4169602], [13.50030441, 52.41680598], [13.49982148, 52.41731409], [13.50067973, 52.41776887], [13.5016622, 52.4179907]]]}}, {"type": "Feature", "properties": {"id": "parkverbot_mikromobilitaet.1913", "gisid": 1913, "fid_bezirk": "008", "namgem": "Neukölln", "typ": "no parking"}, "geometry": {"type": "Polygon", "coordinates": [[[13.49520014, 52.41812071], [13.4951551, 52.41827054], [13.49531847, 52.41839899], [13.49559528, 52.41842149], [13.49583421, 52.4183292], [13.49584923, 52.41819987], [13.4956826, 52.41808982], [13.49540161, 52.41805695], [13.49520014, 52.41812071]]]}}, {"type": "Feature", "properties": {"id": "parkverbot_mikromobilitaet.1914", "gisid": 1914, "fid_bezirk": "008", "namgem": "Neukölln", "typ": "no parking"}, "geometry": {"type": "Polygon", "coordinates": [[[13.4978753, 52.41924509], [13.49807265, 52.41931363], [13.49822004, 52.41917348], [13.49847931, 52.41927893], [13.49860506, 52.41917588], [13.49789071, 52.41885162], [13.4977336, 52.41897794], [13.4980515, 52.41909659], [13.4978753, 52.41924509]]]}}, {"type": "Feature", "properties": {"id": "parkverbot_mikromobilitaet.2086", "gisid": 2086, "fid_bezirk": "009", "namgem": "Treptow-Köpenick", "typ": "no parking"}, "geometry": {"type": "MultiPolygon", "coordinates": [[[[13.51843776, 52.42290971], [13.51851435, 52.42302219], [13.51851914, 52.42302923], [13.51854008, 52.42306003], [13.518555569770202, 52.42308278181257], [13.518514354955988, 52.42302215136785], [13.518437769815355, 52.422909680213785], [13.51843776, 52.42290971]]], [[[13.51914786, 52.42395271], [13.51914788, 52.42395274], [13.519147898035504, 52.42395273529259], [13.519147858892751, 52.423952671452994], [13.519123980569054, 52.4239176385503], [13.51914786, 52.42395271]]]]}}]}