{
"type": "FeatureCollection",
"name": "te_kak_klimarelevante_bebauung_2022_neukoelln",
"crs": { "type": "name", "properties": { "name": "urn:ogc:def:crs:OGC:1.3:CRS84" } },
"features": [
{ "type": "Feature", "properties": { "id": "te_kak_klimarelevante_bebauung_2022.1300700881000100", "schl5": "1300700881000100", "typklar": "Freistehende Einfamilienhäuser mit Gärten", "art": "Klimarelevante Bebauung" }, "geometry": { "type": "MultiPolygon", "coordinates": [ [ [ [ 13.41117410407119, 52.438882921651611 ], [ 13.410780371845714, 52.437961747231547 ], [ 13.41058286811699, 52.437455437497661 ], [ 13.410443922816285, 52.437002256753452 ], [ 13.410380441054977, 52.4361538016162 ], [ 13.410380215329246, 52.436153402685605 ], [ 13.410380835387611, 52.436162424061322 ], [ 13.410385686267807, 52.43622506786177 ], [ 13.410392564536386, 52.436319261979861 ], [ 13.410396441619266, 52.436370132228596 ], [ 13.410404160525085, 52.43647367048537 ], [ 13.410409100619953, 52.436547734273447 ], [ 13.410415142226471, 52.436633294599794 ], [ 13.410420099973498, 52.436701963917656 ], [ 13.410426471860795, 52.436783662476202 ], [ 13.410431118502057, 52.436854845138257 ], [ 13.410437818460863, 52.436956859168106 ], [ 13.410441683293783, 52.437009707303389 ], [ 13.410442090960563, 52.437015548056266 ], [ 13.410484028910981, 52.437161202433714 ], [ 13.410523212152889, 52.437297154247709 ], [ 13.410527397064758, 52.437311272701784 ], [ 13.410561552379821, 52.437429965783643 ], [ 13.410562388361782, 52.437432899152959 ], [ 13.410568183210339, 52.437452973421699 ], [ 13.410571366950984, 52.437460982399479 ], [ 13.410631523524465, 52.437609372168744 ], [ 13.410632097934888, 52.437610989310066 ], [ 13.410639514607146, 52.437629332096265 ], [ 13.410691675792114, 52.437758301314219 ], [ 13.410706780696209, 52.437795619909458 ], [ 13.410751960798935, 52.43790723220755 ], [ 13.410774056981351, 52.437961638079109 ], [ 13.410818367125644, 52.43807126958729 ], [ 13.41083187870521, 52.438104628614944 ], [ 13.410840744935308, 52.438126848081708 ], [ 13.410859437482108, 52.438169546637852 ], [ 13.410889603875356, 52.438238455814961 ], [ 13.410907629652087, 52.438279652866377 ], [ 13.410934542663128, 52.438341262429745 ], [ 13.410974526292632, 52.438432547678943 ], [ 13.411171396963329, 52.438883036203244 ], [ 13.41117410407119, 52.438882921651611 ] ] ], [ [ [ 13.410134076074975, 52.435718394773922 ], [ 13.410080067593501, 52.43563379041953 ], [ 13.410131294266018, 52.435717575136657 ], [ 13.410150983812217, 52.435749695630406 ], [ 13.410161633202431, 52.435767097157871 ], [ 13.410134076074975, 52.435718394773922 ] ] ] ] } },
{ "type": "Feature", "properties": { "id": "te_kak_klimarelevante_bebauung_2022.1300706041000200", "schl5": "1300706041000200", "typklar": "Freistehende Einfamilienhäuser mit Gärten", "art": "Klimarelevante Bebauung" }, "geometry": { "type": "Polygon", "coordinates": [ [ [ 13.414586323154237, 52.44674029872057 ], [ 13.414548441627497, 52.446682920857334 ], [ 13.414533106590042, 52.446675259563769 ], [ 13.414578923949401, 52.446736257792828 ], [ 13.414581930843521, 52.446740642690294 ], [ 13.414586323154237, 52.44674029872057 ] ] ] } },
{ "type": "Feature", "properties": { "id": "te_kak_klimarelevante_bebauung_2022.1300706161000000", "schl5": "1300706161000000", "typklar": "Freistehende Einfamilienhäuser mit Gärten", "art": "Klimarelevante Bebauung" }, "geometry": { "type": "MultiPolygon", "coordinates": [ [ [ [ 13.406090973232706, 52.427089117570766 ], [ 13.405984663053989, 52.42689803683465 ], [ 13.406001784848982, 52.426931676042031 ], [ 13.406029587741786, 52.426986186871247 ], [ 13.406039198960398, 52.427005161994572 ], [ 13.406094965197855, 52.427114635348531 ], [ 13.406106879327579, 52.427148794877745 ], [ 13.406090973232706, 52.427089117570766 ] ] ], [ [ [ 13.405403278203822, 52.42585306215323 ], [ 13.405238225536268, 52.425640423004616 ], [ 13.405268726264451, 52.425684305027268 ], [ 13.405373093708512, 52.425833851736684 ], [ 13.405391316934331, 52.425862374842552 ], [ 13.405409265304092, 52.425890363757574 ], [ 13.405520106151462, 52.426063047410551 ], [ 13.405403278203822, 52.42585306215323 ] ] ], [ [ [ 13.403398288033765, 52.423201818888387 ], [ 13.403382228415046, 52.423181785184944 ], [ 13.403400768299072, 52.423205952370509 ], [ 13.403408438653901, 52.423215859811499 ], [ 13.403398288033765, 52.423201818888387 ] ] ] ] } },
{ "type": "Feature", "properties": { "id": "te_kak_klimarelevante_bebauung_2022.1300706211000000", "schl5": "1300706211000000", "typklar": "Freistehende Einfamilienhäuser mit Gärten", "art": "Klimarelevante Bebauung" }, "geometry": { "type": "MultiPolygon", "coordinates": [ [ [ [ 13.413432920669941, 52.444614700790368 ], [ 13.413455825003979, 52.444672522953226 ], [ 13.413481978937151, 52.444735447037921 ], [ 13.413434400077753, 52.444614612037583 ], [ 13.413432920669941, 52.444614700790368 ] ] ], [ [ [ 13.414548441627497, 52.446682920857334 ], [ 13.414067693463771, 52.446033219740215 ], [ 13.413949438754031, 52.445858837006348 ], [ 13.413951739326045, 52.445864417287424 ], [ 13.413977603886172, 52.445927189814881 ], [ 13.413985173579974, 52.445945444492793 ], [ 13.414033539395247, 52.446009786558939 ], [ 13.414168855361307, 52.446190030892026 ], [ 13.414443742067116, 52.446556285495525 ], [ 13.414533106590042, 52.446675259563769 ], [ 13.414548441627497, 52.446682920857334 ] ] ] ] } },
{ "type": "Feature", "properties": { "id": "te_kak_klimarelevante_bebauung_2022.1300740141000000", "schl5": "1300740141000000", "typklar": "Verdichtung im Einzelhausgebiet, Mischbebauung mit Garten und halbprivater Umgrünung (1870er bis heute)", "art": "Klimarelevante Bebauung" }, "geometry": { "type": "Polygon", "coordinates": [ [ [ 13.405038978438174, 52.413092779879022 ], [ 13.405039858104066, 52.413091247356711 ], [ 13.404713344025931, 52.41304223480352 ], [ 13.404648587651746, 52.413032495544009 ], [ 13.404582646727928, 52.413022578419842 ], [ 13.404408189442591, 52.412996459969996 ], [ 13.404213306488142, 52.412967152373028 ], [ 13.404156329936603, 52.412958596811755 ], [ 13.403912265153014, 52.41292191730507 ], [ 13.403753224111274, 52.412898074013185 ], [ 13.403668929116614, 52.412885426957267 ], [ 13.40341018491341, 52.412846471204155 ], [ 13.403152313223833, 52.412807796404621 ], [ 13.402772699316868, 52.412750725518087 ], [ 13.4025082843627, 52.412711019659334 ], [ 13.402506788205294, 52.412713694863619 ], [ 13.405038978438174, 52.413092779879022 ] ] ] } },
{ "type": "Feature", "properties": { "id": "te_kak_klimarelevante_bebauung_2022.1300740151000000", "schl5": "1300740151000000", "typklar": "Freistehende Einfamilienhäuser mit Gärten", "art": "Klimarelevante Bebauung" }, "geometry": { "type": "MultiPolygon", "coordinates": [ [ [ [ 13.40606600495448, 52.413246869411751 ], [ 13.407091259106554, 52.413358409353052 ], [ 13.407556021227954, 52.413401285163204 ], [ 13.408418269343686, 52.413441095724011 ], [ 13.408457070534556, 52.41343976885409 ], [ 13.408373273675089, 52.413437272844483 ], [ 13.408313621514015, 52.41343356549811 ], [ 13.408078525060498, 52.413424510509778 ], [ 13.408037689475794, 52.41342173975206 ], [ 13.407782603812102, 52.413411650723567 ], [ 13.407761886955369, 52.413409996026338 ], [ 13.40756088539462, 52.413401444196076 ], [ 13.407485828504438, 52.413393932426878 ], [ 13.407328798907461, 52.413377826534635 ], [ 13.407241698372886, 52.413369127346201 ], [ 13.407121536690434, 52.413356952566211 ], [ 13.407019600690729, 52.413346605722126 ], [ 13.406939546124951, 52.413337830426421 ], [ 13.406916185968294, 52.413335267810851 ], [ 13.406712455408295, 52.413312696422068 ], [ 13.406669280072959, 52.413307942561481 ], [ 13.406510208891332, 52.413290567272789 ], [ 13.406399307151974, 52.413278498597393 ], [ 13.40630015037708, 52.413268970832746 ], [ 13.40612713032367, 52.41324861070278 ], [ 13.40607321234377, 52.413244107390618 ], [ 13.406004780140456, 52.413235164487951 ], [ 13.405856161324117, 52.413212966108468 ], [ 13.405828550311375, 52.413210040250611 ], [ 13.405571122089466, 52.413170369719339 ], [ 13.405179649523335, 52.413111877187333 ], [ 13.40517949673611, 52.413112151063281 ], [ 13.40606600495448, 52.413246869411751 ] ] ], [ [ [ 13.410684763535125, 52.413312029944755 ], [ 13.410684193735515, 52.413302199992096 ], [ 13.410680101577183, 52.413302934698386 ], [ 13.410583906375988, 52.413320199194565 ], [ 13.410242164097241, 52.413358475848057 ], [ 13.410684763535125, 52.413312029944755 ] ] ] ] } },
{ "type": "Feature", "properties": { "id": "te_kak_klimarelevante_bebauung_2022.1300740311000000", "schl5": "1300740311000000", "typklar": "Freistehende Einfamilienhäuser mit Gärten", "art": "Klimarelevante Bebauung" }, "geometry": { "type": "Polygon", "coordinates": [ [ [ 13.417646709845759, 52.41099505632188 ], [ 13.417475606225651, 52.411060760170081 ], [ 13.417401250832086, 52.411088752354843 ], [ 13.417149503232773, 52.411184914285968 ], [ 13.417137128466225, 52.411190107341689 ], [ 13.416896273247678, 52.41128179311135 ], [ 13.416749351240979, 52.411337872599361 ], [ 13.416642459777933, 52.411379742527636 ], [ 13.416602413287722, 52.411396028660739 ], [ 13.416392170318558, 52.411477792560468 ], [ 13.416140834605372, 52.41157628660067 ], [ 13.416021275281112, 52.41162451385231 ], [ 13.415982417824447, 52.411638379093496 ], [ 13.415804991499407, 52.411707796205263 ], [ 13.415588850364561, 52.411793228975526 ], [ 13.415427895766946, 52.411856813784816 ], [ 13.417646709845759, 52.41099505632188 ] ] ] } },
{ "type": "Feature", "properties": { "id": "te_kak_klimarelevante_bebauung_2022.1300746301000000", "schl5": "1300746301000000", "typklar": "Verdichtung im Einzelhausgebiet, Mischbebauung mit Garten und halbprivater Umgrünung (1870er bis heute)", "art": "Klimarelevante Bebauung" }, "geometry": { "type": "Polygon", "coordinates": [ [ [ 13.419677038189292, 52.410490567402093 ], [ 13.419614476369361, 52.410285463306188 ], [ 13.419677032537257, 52.410490561030791 ], [ 13.419662477043877, 52.410493418028594 ], [ 13.419677038189292, 52.410490567402093 ] ] ] } },
{ "type": "Feature", "properties": { "id": "te_kak_klimarelevante_bebauung_2022.1400772741000000", "schl5": "1400772741000000", "typklar": "Reihen- und Doppelhäuser mit Gärten", "art": "Klimarelevante Bebauung" }, "geometry": { "type": "Polygon", "coordinates": [ [ [ 13.467175204162359, 52.471397932496849 ], [ 13.467871761856573, 52.470848888486984 ], [ 13.467793847596665, 52.470827216821775 ], [ 13.46809390649099, 52.470456472852682 ], [ 13.468375072877157, 52.470018304052111 ], [ 13.467323459767108, 52.469872207127828 ], [ 13.46692710647852, 52.470419855449315 ], [ 13.466311593793419, 52.470937549179531 ], [ 13.467175204162359, 52.471397932496849 ] ] ] } },
{ "type": "Feature", "properties": { "id": "te_kak_klimarelevante_bebauung_2022.1400772751000000", "schl5": "1400772751000000", "typklar": "Reihen- und Doppelhäuser mit Gärten", "art": "Klimarelevante Bebauung" }, "geometry": { "type": "Polygon", "coordinates": [ [ [ 13.468357618387808, 52.472011509047782 ], [ 13.469074722601592, 52.471475966125531 ], [ 13.469659486587043, 52.470908791630123 ], [ 13.470138617932546, 52.470248013196688 ], [ 13.468589844073493, 52.470038361367976 ], [ 13.468211041176186, 52.470620185100877 ], [ 13.468550630568544, 52.470714999404322 ], [ 13.468331772577166, 52.471012163949055 ], [ 13.468055479655646, 52.470912041457559 ], [ 13.467344113960802, 52.471487126987235 ], [ 13.468357618387808, 52.472011509047782 ] ] ] } },
{ "type": "Feature", "properties": { "id": "te_kak_klimarelevante_bebauung_2022.1400772761000100", "schl5": "1400772761000100", "typklar": "Reihen- und Doppelhäuser mit Gärten", "art": "Klimarelevante Bebauung" }, "geometry": { "type": "Polygon", "coordinates": [ [ [ 13.469011636252226, 52.472364111930702 ], [ 13.470572076618097, 52.471178421545126 ], [ 13.470477437342067, 52.471125651098497 ], [ 13.470945012032592, 52.470541911879202 ], [ 13.471017127417403, 52.470366984389536 ], [ 13.470312200055943, 52.470264418304787 ], [ 13.470130156468704, 52.470558038740059 ], [ 13.469933563144197, 52.470805808672438 ], [ 13.469375223305725, 52.471392790312464 ], [ 13.468967819061103, 52.471741825497055 ], [ 13.468500045839862, 52.472099768201858 ], [ 13.469011636252226, 52.472364111930702 ] ] ] } },
{ "type": "Feature", "properties": { "id": "te_kak_klimarelevante_bebauung_2022.1400772771000000", "schl5": "1400772771000000", "typklar": "Reihen- und Doppelhäuser mit Gärten", "art": "Klimarelevante Bebauung" }, "geometry": { "type": "Polygon", "coordinates": [ [ [ 13.471082152080152, 52.469750500484388 ], [ 13.472901491458741, 52.469990276299811 ], [ 13.473430265690716, 52.4694507200742 ], [ 13.472317815612962, 52.469026901913118 ], [ 13.471986057073698, 52.46921878064262 ], [ 13.4710550540931, 52.469089049980262 ], [ 13.470604255109693, 52.468821555640261 ], [ 13.469744353529515, 52.469390168110039 ], [ 13.469744125967731, 52.469454871149978 ], [ 13.471082152080152, 52.469750500484388 ] ] ] } },
{ "type": "Feature", "properties": { "id": "te_kak_klimarelevante_bebauung_2022.1400800041000000", "schl5": "1400800041000000", "typklar": "Reihen- und Doppelhäuser mit Gärten", "art": "Klimarelevante Bebauung" }, "geometry": { "type": "Polygon", "coordinates": [ [ [ 13.420636793386304, 52.439775584497767 ], [ 13.421005779503178, 52.439958116678312 ], [ 13.421064658283903, 52.439945638275574 ], [ 13.421248557818299, 52.439453759025092 ], [ 13.420882948948536, 52.43927294053551 ], [ 13.420823777020194, 52.439285329513005 ], [ 13.420636793386304, 52.439775584497767 ] ] ] } },
{ "type": "Feature", "properties": { "id": "te_kak_klimarelevante_bebauung_2022.1400800071002300", "schl5": "1400800071002300", "typklar": "Freistehende Einfamilienhäuser mit Gärten", "art": "Klimarelevante Bebauung" }, "geometry": { "type": "Polygon", "coordinates": [ [ [ 13.420695916824709, 52.440811039863881 ], [ 13.420704106982859, 52.440789045390908 ], [ 13.420746139843647, 52.440797736598427 ], [ 13.421024155869526, 52.440053856272222 ], [ 13.420513737074348, 52.439801431222612 ], [ 13.420769797792387, 52.439130215072822 ], [ 13.42137131878118, 52.439427821281697 ], [ 13.420851035611065, 52.440819577148744 ], [ 13.42123019857331, 52.440898882115818 ], [ 13.421831683147516, 52.439279724266541 ], [ 13.421504952244742, 52.439118206435992 ], [ 13.420510402781883, 52.438625963310194 ], [ 13.419750697651676, 52.440614378413763 ], [ 13.420695916824709, 52.440811039863881 ] ] ] } },
{ "type": "Feature", "properties": { "id": "te_kak_klimarelevante_bebauung_2022.1400800071002600", "schl5": "1400800071002600", "typklar": "Freistehende Einfamilienhäuser mit Gärten", "art": "Klimarelevante Bebauung" }, "geometry": { "type": "Polygon", "coordinates": [ [ [ 13.414820818893082, 52.43890403799363 ], [ 13.414995699622668, 52.43892681841541 ], [ 13.415052031474088, 52.438934155962421 ], [ 13.415170579104702, 52.438949597664589 ], [ 13.4151893680742, 52.438895526670493 ], [ 13.415264513865623, 52.438679265009526 ], [ 13.415351237645561, 52.438686609636626 ], [ 13.415257281943871, 52.438961434967567 ], [ 13.415608514221121, 52.439006995986347 ], [ 13.41570721625145, 52.438969428142897 ], [ 13.415967922502663, 52.438262637800996 ], [ 13.415928536980015, 52.438196066438181 ], [ 13.415599355695731, 52.438153242018331 ], [ 13.415489172034455, 52.438439721121703 ], [ 13.415395106122441, 52.438430566277091 ], [ 13.41551559512, 52.438141409318881 ], [ 13.415278993019299, 52.438111330585492 ], [ 13.4152983978042, 52.438051153830678 ], [ 13.416324167308401, 52.438180593810038 ], [ 13.416377385664966, 52.438121376879501 ], [ 13.416748317689697, 52.43711372587174 ], [ 13.416836492736046, 52.437124665549661 ], [ 13.416730526800237, 52.437454290643714 ], [ 13.416814097377474, 52.437505663094285 ], [ 13.41774424675137, 52.437642110182502 ], [ 13.417724787517439, 52.437714868833936 ], [ 13.417542567521302, 52.43769028227824 ], [ 13.417486584742125, 52.437712650203316 ], [ 13.417455471228317, 52.437762022353724 ], [ 13.41723352969027, 52.438361942526988 ], [ 13.416973428931454, 52.438325534857668 ], [ 13.416914362209065, 52.438377552747816 ], [ 13.416789133468614, 52.438726354338989 ], [ 13.416571974151656, 52.439331193416514 ], [ 13.416374901710874, 52.439880073055015 ], [ 13.416361762635706, 52.43989958053993 ], [ 13.417367977669095, 52.440116956172943 ], [ 13.417663089651628, 52.439282030325053 ], [ 13.417271891538082, 52.439229404791526 ], [ 13.417953630074292, 52.437360425169977 ], [ 13.417530848496744, 52.437151146388558 ], [ 13.416540495666583, 52.436660256082547 ], [ 13.416429337310177, 52.436964885186079 ], [ 13.416063880054832, 52.437966327357913 ], [ 13.415195073221042, 52.437852713141474 ], [ 13.414818190473705, 52.438903978476681 ], [ 13.414820818893082, 52.43890403799363 ] ] ] } },
{ "type": "Feature", "properties": { "id": "te_kak_klimarelevante_bebauung_2022.1400800111000000", "schl5": "1400800111000000", "typklar": "Freistehende Einfamilienhäuser mit Gärten", "art": "Klimarelevante Bebauung" }, "geometry": { "type": "Polygon", "coordinates": [ [ [ 13.416241483356963, 52.439873595393337 ], [ 13.416260320550764, 52.439854706413556 ], [ 13.41678942444951, 52.438366547082843 ], [ 13.416758868418558, 52.438298193497829 ], [ 13.416141633928019, 52.438221608550997 ], [ 13.416076714820985, 52.438267324850557 ], [ 13.415826269551603, 52.4389813226543 ], [ 13.415664092234231, 52.439070002731384 ], [ 13.414983694101041, 52.438977122202722 ], [ 13.414912987199122, 52.439003057041013 ], [ 13.414726612076468, 52.439537432657033 ], [ 13.414727941179658, 52.439546597191111 ], [ 13.416241483356963, 52.439873595393337 ] ] ] } },
{ "type": "Feature", "properties": { "id": "te_kak_klimarelevante_bebauung_2022.1400800121000000", "schl5": "1400800121000000", "typklar": "Freistehende Einfamilienhäuser mit Gärten", "art": "Klimarelevante Bebauung" }, "geometry": { "type": "Polygon", "coordinates": [ [ [ 13.41678440744988, 52.437564922838973 ], [ 13.416681365945609, 52.43758810513723 ], [ 13.416486145013549, 52.438133252445816 ], [ 13.416522590536552, 52.438199819312239 ], [ 13.416708462390632, 52.438221813826793 ], [ 13.417054603026841, 52.438262771749059 ], [ 13.417141465350593, 52.438240458665149 ], [ 13.417348447286006, 52.437694432866955 ], [ 13.417306085469711, 52.437635044730243 ], [ 13.41678440744988, 52.437564922838973 ] ] ] } },
{ "type": "Feature", "properties": { "id": "te_kak_klimarelevante_bebauung_2022.1400800461000000", "schl5": "1400800461000000", "typklar": "Reihen- und Doppelhäuser mit Gärten", "art": "Klimarelevante Bebauung" }, "geometry": { "type": "Polygon", "coordinates": [ [ [ 13.444934606591959, 52.455973217178943 ], [ 13.44408855741205, 52.455002170084505 ], [ 13.442842072378612, 52.454848522479217 ], [ 13.442555206857039, 52.455676036219849 ], [ 13.444934606591959, 52.455973217178943 ] ] ] } },
{ "type": "Feature", "properties": { "id": "te_kak_klimarelevante_bebauung_2022.1400800661000700", "schl5": "1400800661000700", "typklar": "Wochenendhaus- und kleingartenähnliches Gebiet", "art": "Klimarelevante Bebauung" }, "geometry": { "type": "Polygon", "coordinates": [ [ [ 13.461038578212568, 52.450987827678809 ], [ 13.461462834341233, 52.450895589730365 ], [ 13.462738110797829, 52.450301452495992 ], [ 13.462952336027449, 52.450120938323579 ], [ 13.46058270045712, 52.448040744612612 ], [ 13.459404475291896, 52.448688301115759 ], [ 13.458934430748393, 52.449136163368635 ], [ 13.461038578212568, 52.450987827678809 ] ] ] } },
{ "type": "Feature", "properties": { "id": "te_kak_klimarelevante_bebauung_2022.1400800711000000", "schl5": "1400800711000000", "typklar": "Reihen- und Doppelhäuser mit Gärten", "art": "Klimarelevante Bebauung" }, "geometry": { "type": "Polygon", "coordinates": [ [ [ 13.445592339117988, 52.451044732015674 ], [ 13.446717758075764, 52.451132426971128 ], [ 13.446827188528891, 52.45024750218748 ], [ 13.446366229967005, 52.449155750693876 ], [ 13.446495931160779, 52.449132192328797 ], [ 13.446582120057334, 52.449335947499719 ], [ 13.447013792996762, 52.449268729062752 ], [ 13.447446783555423, 52.448876845441596 ], [ 13.447260325895449, 52.448760957234583 ], [ 13.44714025003349, 52.44866382828517 ], [ 13.447043759502428, 52.448546985727177 ], [ 13.446976683463822, 52.448423007427685 ], [ 13.446942161480001, 52.448241628460785 ], [ 13.446824578389647, 52.448254016761979 ], [ 13.446033399216244, 52.448443113726285 ], [ 13.44521965855971, 52.448400575364062 ], [ 13.444953478051012, 52.448419453306883 ], [ 13.445592339117988, 52.451044732015674 ] ] ] } },
{ "type": "Feature", "properties": { "id": "te_kak_klimarelevante_bebauung_2022.1400800721000000", "schl5": "1400800721000000", "typklar": "Reihen- und Doppelhäuser mit Gärten", "art": "Klimarelevante Bebauung" }, "geometry": { "type": "Polygon", "coordinates": [ [ [ 13.447983842941843, 52.451235061964297 ], [ 13.448311464507141, 52.450205715054317 ], [ 13.448545499531861, 52.449071058194718 ], [ 13.448320428732108, 52.449078806315732 ], [ 13.448096941282541, 52.449059596042332 ], [ 13.447895555883136, 52.449030535263624 ], [ 13.447725919565523, 52.448984735853564 ], [ 13.447561359114097, 52.448930187051374 ], [ 13.447096805827794, 52.449343517606152 ], [ 13.446618812125715, 52.449418584031385 ], [ 13.446962470066676, 52.450256694801858 ], [ 13.446854398325524, 52.451147372971 ], [ 13.447983842941843, 52.451235061964297 ] ] ] } },
{ "type": "Feature", "properties": { "id": "te_kak_klimarelevante_bebauung_2022.1400800731000000", "schl5": "1400800731000000", "typklar": "Reihen- und Doppelhäuser mit Gärten", "art": "Klimarelevante Bebauung" }, "geometry": { "type": "Polygon", "coordinates": [ [ [ 13.449274039141144, 52.451342632671114 ], [ 13.449435632214604, 52.450831975907853 ], [ 13.449574403239529, 52.450338819391753 ], [ 13.449698814074001, 52.449758469227724 ], [ 13.449809285480097, 52.44896239578204 ], [ 13.449512458690462, 52.448956381454323 ], [ 13.449163588687242, 52.449015091530221 ], [ 13.44868375918408, 52.44907036803243 ], [ 13.448444122142234, 52.450216797438991 ], [ 13.448124515553893, 52.451247556288479 ], [ 13.449274039141144, 52.451342632671114 ] ] ] } },
{ "type": "Feature", "properties": { "id": "te_kak_klimarelevante_bebauung_2022.1400800741000000", "schl5": "1400800741000000", "typklar": "Reihen- und Doppelhäuser mit Gärten", "art": "Klimarelevante Bebauung" }, "geometry": { "type": "Polygon", "coordinates": [ [ [ 13.450064948440961, 52.449785078426395 ], [ 13.449940506422529, 52.450374414257809 ], [ 13.449573757447407, 52.451600540819435 ], [ 13.450743875426696, 52.451782919370324 ], [ 13.451098850010048, 52.450921627480298 ], [ 13.451255103885586, 52.45046623867151 ], [ 13.451316320400641, 52.45023627275144 ], [ 13.451337729085441, 52.450031409239344 ], [ 13.451297869401548, 52.449697945470191 ], [ 13.451243841341737, 52.449599011783782 ], [ 13.450884413162312, 52.449365725473299 ], [ 13.450678940868482, 52.449253983991809 ], [ 13.450519034810707, 52.44914950253186 ], [ 13.450333666457349, 52.449009491460131 ], [ 13.45017607868524, 52.449003375714241 ], [ 13.450064948440961, 52.449785078426395 ] ] ] } },
{ "type": "Feature", "properties": { "id": "te_kak_klimarelevante_bebauung_2022.1400800771000000", "schl5": "1400800771000000", "typklar": "Reihen- und Doppelhäuser mit Gärten", "art": "Klimarelevante Bebauung" }, "geometry": { "type": "Polygon", "coordinates": [ [ [ 13.452895847066372, 52.448912564942574 ], [ 13.453009834765776, 52.44897615150424 ], [ 13.453342051805555, 52.449025166760443 ], [ 13.453644837249179, 52.448246532231913 ], [ 13.452720386746639, 52.448107700145229 ], [ 13.452427458138793, 52.44884181064095 ], [ 13.452895847066372, 52.448912564942574 ] ] ] } },
{ "type": "Feature", "properties": { "id": "te_kak_klimarelevante_bebauung_2022.1400800781000100", "schl5": "1400800781000100", "typklar": "Reihen- und Doppelhäuser mit Gärten", "art": "Klimarelevante Bebauung" }, "geometry": { "type": "Polygon", "coordinates": [ [ [ 13.450227473477144, 52.448166266243526 ], [ 13.450549726662375, 52.448164589196651 ], [ 13.450721749292253, 52.448162887888742 ], [ 13.450934318836962, 52.448195730880791 ], [ 13.451097622206966, 52.448234350547324 ], [ 13.451265249457103, 52.448286092501228 ], [ 13.451432380691134, 52.448348168396578 ], [ 13.451528819421178, 52.448394898432078 ], [ 13.451601235303333, 52.44843576002161 ], [ 13.45163285982675, 52.448453599785886 ], [ 13.451662121565555, 52.448381219653179 ], [ 13.451908760787706, 52.448422024436887 ], [ 13.451866375552401, 52.448522118759016 ], [ 13.451814289266149, 52.448644758044694 ], [ 13.451776439625363, 52.448705977497042 ], [ 13.451770569572087, 52.448721881446417 ], [ 13.45227952212343, 52.448803431733459 ], [ 13.45256021624696, 52.448151253038688 ], [ 13.452070616130513, 52.448071611606913 ], [ 13.451847420568932, 52.447978719260469 ], [ 13.451593305592695, 52.447895666100315 ], [ 13.451317068822286, 52.447826957506052 ], [ 13.451156866533944, 52.447797963278703 ], [ 13.450939319978476, 52.44776618656141 ], [ 13.450708489999986, 52.447744273986096 ], [ 13.450221667682094, 52.447730298189867 ], [ 13.45022062480691, 52.448166396767967 ], [ 13.450227473477144, 52.448166266243526 ] ] ] } },
{ "type": "Feature", "properties": { "id": "te_kak_klimarelevante_bebauung_2022.1400800781000200", "schl5": "1400800781000200", "typklar": "Reihen- und Doppelhäuser mit Gärten", "art": "Klimarelevante Bebauung" }, "geometry": { "type": "Polygon", "coordinates": [ [ [ 13.450340228800082, 52.448872770466942 ], [ 13.450636858246183, 52.449110135862824 ], [ 13.45095532844514, 52.449286748629589 ], [ 13.451144696078568, 52.449379592458129 ], [ 13.4513561801487, 52.449458988999744 ], [ 13.451604567447115, 52.449506086779174 ], [ 13.45197499612261, 52.449563251337885 ], [ 13.452205391707242, 52.448952500648062 ], [ 13.451685026699083, 52.448874445625371 ], [ 13.451583381565088, 52.448914779524401 ], [ 13.451494444619984, 52.448921299641007 ], [ 13.451380186675845, 52.448906717722885 ], [ 13.451240602212939, 52.448873251728962 ], [ 13.451101074869131, 52.448825371769331 ], [ 13.450979740795709, 52.448765324022311 ], [ 13.450892866330401, 52.448709761887429 ], [ 13.450842293717004, 52.44865092687126 ], [ 13.450822553849527, 52.448595464627957 ], [ 13.450824647192702, 52.448525622108185 ], [ 13.450848496468923, 52.448460246367056 ], [ 13.450878326270757, 52.448418346544194 ], [ 13.450679677503709, 52.448383251052462 ], [ 13.450473998251173, 52.448366931856576 ], [ 13.450220166688053, 52.448358014798615 ], [ 13.450199988599406, 52.44874097681847 ], [ 13.450340228800082, 52.448872770466942 ] ] ] } },
{ "type": "Feature", "properties": { "id": "te_kak_klimarelevante_bebauung_2022.1400800811000000", "schl5": "1400800811000000", "typklar": "Reihen- und Doppelhäuser mit Gärten", "art": "Klimarelevante Bebauung" }, "geometry": { "type": "Polygon", "coordinates": [ [ [ 13.451581218127426, 52.44630982309905 ], [ 13.451592931846822, 52.446540009687602 ], [ 13.451594134356583, 52.446767609450134 ], [ 13.451578500953977, 52.446995183859521 ], [ 13.451528045295618, 52.447380224905835 ], [ 13.451462013169671, 52.447580078749688 ], [ 13.451376076879363, 52.447757400897046 ], [ 13.451640668764494, 52.447820247525719 ], [ 13.451906568347587, 52.447898823543589 ], [ 13.452162474457227, 52.448001989213189 ], [ 13.452410655277623, 52.448040033989521 ], [ 13.452614821087836, 52.447532070817779 ], [ 13.452686305439258, 52.447314675007469 ], [ 13.452786863619458, 52.44688845162748 ], [ 13.452822688618275, 52.446399989863018 ], [ 13.452815063634217, 52.446184204042893 ], [ 13.452766150187108, 52.445692165426109 ], [ 13.451518231442904, 52.445742664052865 ], [ 13.451581218127426, 52.44630982309905 ] ] ] } },
{ "type": "Feature", "properties": { "id": "te_kak_klimarelevante_bebauung_2022.1400800841000000", "schl5": "1400800841000000", "typklar": "Reihen- und Doppelhäuser mit Gärten", "art": "Klimarelevante Bebauung" }, "geometry": { "type": "Polygon", "coordinates": [ [ [ 13.447328776514258, 52.447138546455804 ], [ 13.447387829304043, 52.447228333013435 ], [ 13.447648946324776, 52.44748073332908 ], [ 13.447848398055395, 52.447425508024871 ], [ 13.44809324406218, 52.447381030018654 ], [ 13.448344941780148, 52.447370732135631 ], [ 13.448638477913844, 52.447386123580074 ], [ 13.448413949857764, 52.445860945291848 ], [ 13.447267373713911, 52.445906194956848 ], [ 13.447328776514258, 52.447138546455804 ] ] ] } },
{ "type": "Feature", "properties": { "id": "te_kak_klimarelevante_bebauung_2022.1400800851000000", "schl5": "1400800851000000", "typklar": "Reihen- und Doppelhäuser mit Gärten", "art": "Klimarelevante Bebauung" }, "geometry": { "type": "Polygon", "coordinates": [ [ [ 13.445931830285542, 52.448132369349352 ], [ 13.446796810273494, 52.448167112521595 ], [ 13.446943663075233, 52.448154522447126 ], [ 13.446965017437092, 52.448060586771177 ], [ 13.44702142834773, 52.4479410768026 ], [ 13.447102297123028, 52.447823740168232 ], [ 13.447270700918279, 52.447668095388742 ], [ 13.447526407393651, 52.447531802687131 ], [ 13.447234033437914, 52.447230235517758 ], [ 13.447195898199341, 52.447153294950375 ], [ 13.447182317296527, 52.447055035184022 ], [ 13.447124031919701, 52.445916654756502 ], [ 13.445988077240331, 52.445957166409961 ], [ 13.445998379818542, 52.446413271292109 ], [ 13.445930524378667, 52.447733807308943 ], [ 13.445995142745568, 52.44773929233785 ], [ 13.446038555931604, 52.447900936965901 ], [ 13.445868063616214, 52.447918628782624 ], [ 13.445931830285542, 52.448132369349352 ] ] ] } },
{ "type": "Feature", "properties": { "id": "te_kak_klimarelevante_bebauung_2022.1400800861000000", "schl5": "1400800861000000", "typklar": "Reihen- und Doppelhäuser mit Gärten", "art": "Klimarelevante Bebauung" }, "geometry": { "type": "Polygon", "coordinates": [ [ [ 13.44483647890878, 52.447978087925783 ], [ 13.444923127614514, 52.44834267012088 ], [ 13.445190623061196, 52.448316150901974 ], [ 13.445931830285542, 52.448132369349352 ], [ 13.445868063616214, 52.447918628782624 ], [ 13.445771063507307, 52.447927457224132 ], [ 13.445721774357121, 52.447765803595708 ], [ 13.445792374616413, 52.447746163449722 ], [ 13.445856874579677, 52.446296554490139 ], [ 13.445850121027192, 52.44596439210374 ], [ 13.444706972280372, 52.446010973811795 ], [ 13.44483647890878, 52.447978087925783 ] ] ] } },
{ "type": "Feature", "properties": { "id": "te_kak_klimarelevante_bebauung_2022.1400800871000500", "schl5": "1400800871000500", "typklar": "Reihen- und Doppelhäuser mit Gärten", "art": "Klimarelevante Bebauung" }, "geometry": { "type": "Polygon", "coordinates": [ [ [ 13.444329016621435, 52.448860147566897 ], [ 13.444948241722779, 52.451456379170672 ], [ 13.445310062758665, 52.451491667688408 ], [ 13.445360647852912, 52.451342528143009 ], [ 13.445394167009457, 52.451060400500701 ], [ 13.445393376360029, 52.450894146165993 ], [ 13.445370615926526, 52.450706289560507 ], [ 13.44488786200877, 52.448806153546542 ], [ 13.444329016621435, 52.448860147566897 ] ] ] } },
{ "type": "Feature", "properties": { "id": "te_kak_klimarelevante_bebauung_2022.1400800871000800", "schl5": "1400800871000800", "typklar": "Reihen- und Doppelhäuser mit Gärten", "art": "Klimarelevante Bebauung" }, "geometry": { "type": "Polygon", "coordinates": [ [ [ 13.444119838303781, 52.448023291008987 ], [ 13.444697624151003, 52.447973667774193 ], [ 13.444569037344975, 52.446013240584783 ], [ 13.444251487506952, 52.446027026518315 ], [ 13.443992643450098, 52.44609786765082 ], [ 13.444119838303781, 52.448023291008987 ] ] ] } },
{ "type": "Feature", "properties": { "id": "te_kak_klimarelevante_bebauung_2022.1400800881000000", "schl5": "1400800881000000", "typklar": "Freistehende Einfamilienhäuser mit Gärten", "art": "Klimarelevante Bebauung" }, "geometry": { "type": "Polygon", "coordinates": [ [ [ 13.438716472903886, 52.449984157620229 ], [ 13.439016985267605, 52.450222780629332 ], [ 13.43975537191664, 52.450567239603238 ], [ 13.439686149605459, 52.450588698871989 ], [ 13.440172120310086, 52.450799754307177 ], [ 13.440266449443014, 52.450754071149291 ], [ 13.43998524276391, 52.450121867011752 ], [ 13.439539668104787, 52.449404928616111 ], [ 13.439095384625398, 52.448733821510309 ], [ 13.43879099387242, 52.448372076839071 ], [ 13.437697719634649, 52.448480869379836 ], [ 13.438716472903886, 52.449984157620229 ] ] ] } },
{ "type": "Feature", "properties": { "id": "te_kak_klimarelevante_bebauung_2022.1400800901000000", "schl5": "1400800901000000", "typklar": "Verdichtung im Einzelhausgebiet, Mischbebauung mit Garten und halbprivater Umgrünung (1870er bis heute)", "art": "Klimarelevante Bebauung" }, "geometry": { "type": "Polygon", "coordinates": [ [ [ 13.438776429282738, 52.452139247531797 ], [ 13.439736161547977, 52.452074844939226 ], [ 13.440685746251553, 52.451435977669938 ], [ 13.440359356813079, 52.451045384289635 ], [ 13.438792864173465, 52.450351834130579 ], [ 13.43843228787736, 52.450056498906619 ], [ 13.437396109641858, 52.44850285418746 ], [ 13.436463157690836, 52.4489506882447 ], [ 13.438776429282738, 52.452139247531797 ] ] ] } },
{ "type": "Feature", "properties": { "id": "te_kak_klimarelevante_bebauung_2022.1400801001000000", "schl5": "1400801001000000", "typklar": "Reihen- und Doppelhäuser mit Gärten", "art": "Klimarelevante Bebauung" }, "geometry": { "type": "Polygon", "coordinates": [ [ [ 13.454837785999379, 52.445285228354827 ], [ 13.45514821111858, 52.44448685252349 ], [ 13.454099572059265, 52.4443298987213 ], [ 13.452721717112651, 52.444499140791713 ], [ 13.45282265265295, 52.444842787491346 ], [ 13.452917180062551, 52.445360956813438 ], [ 13.454837785999379, 52.445285228354827 ] ] ] } },
{ "type": "Feature", "properties": { "id": "te_kak_klimarelevante_bebauung_2022.1400801011000000", "schl5": "1400801011000000", "typklar": "Reihen- und Doppelhäuser mit Gärten", "art": "Klimarelevante Bebauung" }, "geometry": { "type": "Polygon", "coordinates": [ [ [ 13.452472191259464, 52.44388299679747 ], [ 13.45267864506706, 52.444392776904728 ], [ 13.454075837734763, 52.444220611604187 ], [ 13.454177463963855, 52.444182373880246 ], [ 13.454254975116992, 52.444132289731748 ], [ 13.454342300175119, 52.444043833850088 ], [ 13.454747349738684, 52.443022762999675 ], [ 13.454708992036156, 52.442945935231599 ], [ 13.454593068366236, 52.442933955471389 ], [ 13.452228208287716, 52.44343246113376 ], [ 13.452472191259464, 52.44388299679747 ] ] ] } },
{ "type": "Feature", "properties": { "id": "te_kak_klimarelevante_bebauung_2022.1400801061000400", "schl5": "1400801061000400", "typklar": "Wochenendhaus- und kleingartenähnliches Gebiet", "art": "Klimarelevante Bebauung" }, "geometry": { "type": "Polygon", "coordinates": [ [ [ 13.464198785239224, 52.44763685666473 ], [ 13.464297266735947, 52.447569152340989 ], [ 13.466241907636716, 52.448145603670099 ], [ 13.467531830778144, 52.447520169627836 ], [ 13.465277701729354, 52.446881489546342 ], [ 13.464759703285857, 52.447281854711385 ], [ 13.464501188370043, 52.447069236580461 ], [ 13.464214903414469, 52.447209394401789 ], [ 13.463256032941242, 52.446436120858102 ], [ 13.463612798725912, 52.446338722108806 ], [ 13.462834022197148, 52.445698273471379 ], [ 13.462710250121644, 52.445760648748845 ], [ 13.462567145091558, 52.445880511614007 ], [ 13.462408159859782, 52.446038554443497 ], [ 13.46235852217786, 52.446101832156899 ], [ 13.464198785239224, 52.44763685666473 ] ] ] } },
{ "type": "Feature", "properties": { "id": "te_kak_klimarelevante_bebauung_2022.1400801101000000", "schl5": "1400801101000000", "typklar": "Freistehende Einfamilienhäuser mit Gärten", "art": "Klimarelevante Bebauung" }, "geometry": { "type": "Polygon", "coordinates": [ [ [ 13.429084107760282, 52.444778207481292 ], [ 13.429118645734947, 52.444750228228891 ], [ 13.430330667820234, 52.444766265880133 ], [ 13.43033815871491, 52.444801324672454 ], [ 13.430789438218479, 52.444808469646937 ], [ 13.430821938714553, 52.444775273178102 ], [ 13.433149896833235, 52.444807864825052 ], [ 13.433284705104581, 52.444249116487427 ], [ 13.430570724372981, 52.443231626154585 ], [ 13.430034621197796, 52.443897768953697 ], [ 13.428934988177845, 52.444777958024588 ], [ 13.429084107760282, 52.444778207481292 ] ] ] } },
{ "type": "Feature", "properties": { "id": "te_kak_klimarelevante_bebauung_2022.1400801171000000", "schl5": "1400801171000000", "typklar": "Freistehende Einfamilienhäuser mit Gärten", "art": "Klimarelevante Bebauung" }, "geometry": { "type": "Polygon", "coordinates": [ [ [ 13.419870583874276, 52.44270946730888 ], [ 13.419688720637108, 52.442917638528698 ], [ 13.41942975800051, 52.443851309230745 ], [ 13.419122564166324, 52.444642664462883 ], [ 13.420429011466693, 52.444685707002243 ], [ 13.420513067955591, 52.444636426322013 ], [ 13.421237266323665, 52.442670042671615 ], [ 13.421236530230626, 52.442448539341676 ], [ 13.421677720264039, 52.441222791051182 ], [ 13.420513878874955, 52.440971079453135 ], [ 13.419870583874276, 52.44270946730888 ] ] ] } },
{ "type": "Feature", "properties": { "id": "te_kak_klimarelevante_bebauung_2022.1400801181000000", "schl5": "1400801181000000", "typklar": "Freistehende Einfamilienhäuser mit Gärten", "art": "Klimarelevante Bebauung" }, "geometry": { "type": "Polygon", "coordinates": [ [ [ 13.41812989570694, 52.443314898124385 ], [ 13.418003778150943, 52.443563437465777 ], [ 13.417917782305786, 52.443851937018515 ], [ 13.417869347477305, 52.444597369705285 ], [ 13.41901177659353, 52.444638147842774 ], [ 13.419346204252129, 52.44378425481662 ], [ 13.419574173174281, 52.442883289852638 ], [ 13.419779713875613, 52.442643706341897 ], [ 13.418858752620705, 52.442517604711071 ], [ 13.418766287885838, 52.442638505931555 ], [ 13.418386322222272, 52.442985713925196 ], [ 13.41812989570694, 52.443314898124385 ] ] ] } },
{ "type": "Feature", "properties": { "id": "te_kak_klimarelevante_bebauung_2022.1400801191000000", "schl5": "1400801191000000", "typklar": "Freistehende Einfamilienhäuser mit Gärten", "art": "Klimarelevante Bebauung" }, "geometry": { "type": "Polygon", "coordinates": [ [ [ 13.418885207883806, 52.442475352066708 ], [ 13.419801975763823, 52.442600609829668 ], [ 13.420414713056662, 52.440952338880713 ], [ 13.419521312286479, 52.440762625683369 ], [ 13.418885207883806, 52.442475352066708 ] ] ] } },
{ "type": "Feature", "properties": { "id": "te_kak_klimarelevante_bebauung_2022.1400801211000000", "schl5": "1400801211000000", "typklar": "Freistehende Einfamilienhäuser mit Gärten", "art": "Klimarelevante Bebauung" }, "geometry": { "type": "Polygon", "coordinates": [ [ [ 13.416029539955574, 52.442196424889026 ], [ 13.416005980044178, 52.442366005362494 ], [ 13.416002656555479, 52.442585673334911 ], [ 13.416040498524687, 52.442760924360762 ], [ 13.416169019755889, 52.443005854097073 ], [ 13.416239195207192, 52.4431083581824 ], [ 13.416486353343911, 52.443344075415098 ], [ 13.416730801498684, 52.443154178215408 ], [ 13.416880371814765, 52.443057252910044 ], [ 13.417029810509511, 52.44298766147466 ], [ 13.41817361880122, 52.442789156864251 ], [ 13.418483023325473, 52.442726252987441 ], [ 13.418555974512609, 52.442694292274879 ], [ 13.418702163981338, 52.442569838898727 ], [ 13.418760990368993, 52.442496283090087 ], [ 13.418816400291796, 52.44238771495958 ], [ 13.41607716406015, 52.44203962042085 ], [ 13.416029539955574, 52.442196424889026 ] ] ] } },
{ "type": "Feature", "properties": { "id": "te_kak_klimarelevante_bebauung_2022.1400801221000000", "schl5": "1400801221000000", "typklar": "Freistehende Einfamilienhäuser mit Gärten", "art": "Klimarelevante Bebauung" }, "geometry": { "type": "Polygon", "coordinates": [ [ [ 13.416464256882737, 52.443461474672368 ], [ 13.416439116083842, 52.443522174464185 ], [ 13.416376468850903, 52.44361994150173 ], [ 13.416291619826666, 52.443834572241428 ], [ 13.416266067628769, 52.443949554199868 ], [ 13.416270088573221, 52.444066269231804 ], [ 13.416334999605807, 52.444580929317937 ], [ 13.41776894702298, 52.444600156848161 ], [ 13.417809219478233, 52.443858606148048 ], [ 13.417949571018958, 52.443460938613995 ], [ 13.418063413591607, 52.44326075858433 ], [ 13.418296950285871, 52.44295638424299 ], [ 13.418380860805311, 52.442878496850582 ], [ 13.418391798234071, 52.442836945756007 ], [ 13.418358439993289, 52.442824489170064 ], [ 13.418176985134085, 52.44283437976955 ], [ 13.417193755529569, 52.443003138774806 ], [ 13.417004598631918, 52.443063547402637 ], [ 13.416881676935811, 52.443131160626521 ], [ 13.416753716634258, 52.443212937464608 ], [ 13.416577422089464, 52.44335537314641 ], [ 13.416464256882737, 52.443461474672368 ] ] ] } },
{ "type": "Feature", "properties": { "id": "te_kak_klimarelevante_bebauung_2022.1400801231000000", "schl5": "1400801231000000", "typklar": "Freistehende Einfamilienhäuser mit Gärten", "art": "Klimarelevante Bebauung" }, "geometry": { "type": "Polygon", "coordinates": [ [ [ 13.414608200747539, 52.442203183671644 ], [ 13.414691230681886, 52.442674234372781 ], [ 13.414670676736847, 52.443279896549221 ], [ 13.41450248264816, 52.443754678250293 ], [ 13.414451379570716, 52.444040151086995 ], [ 13.414398953451222, 52.444046917052795 ], [ 13.414422686533504, 52.444559218013495 ], [ 13.416170374845091, 52.444571489211263 ], [ 13.416127853837025, 52.44407058959635 ], [ 13.416132305965132, 52.443921951656989 ], [ 13.416174224642505, 52.443764231882895 ], [ 13.416272507668722, 52.443558588896096 ], [ 13.416291523949132, 52.443494590969806 ], [ 13.416376718347326, 52.443404624573077 ], [ 13.416225558799002, 52.443191910202067 ], [ 13.416143514542805, 52.443105914045596 ], [ 13.416019184759049, 52.44288986789271 ], [ 13.415967737712817, 52.442751062796937 ], [ 13.415932045384077, 52.442602232300565 ], [ 13.415922075952203, 52.442307461101869 ], [ 13.415989403771929, 52.442025341079606 ], [ 13.41458191143073, 52.441847640692835 ], [ 13.414608200747539, 52.442203183671644 ] ] ] } },
{ "type": "Feature", "properties": { "id": "te_kak_klimarelevante_bebauung_2022.1400801241000000", "schl5": "1400801241000000", "typklar": "Freistehende Einfamilienhäuser mit Gärten", "art": "Klimarelevante Bebauung" }, "geometry": { "type": "Polygon", "coordinates": [ [ [ 13.413250842201677, 52.441927873382056 ], [ 13.413262488842237, 52.442165770445278 ], [ 13.41333084275616, 52.442384215407444 ], [ 13.413425380748095, 52.442601861683492 ], [ 13.413529384599439, 52.442793471487541 ], [ 13.413661896173444, 52.442959057503067 ], [ 13.41416714953249, 52.443704061286759 ], [ 13.414424515211099, 52.443703625757486 ], [ 13.414565093629951, 52.443216800667535 ], [ 13.414591354405326, 52.442648892475084 ], [ 13.414502621594767, 52.442139190442902 ], [ 13.414480542811557, 52.441838098630178 ], [ 13.413275747827374, 52.441680349962787 ], [ 13.413250842201677, 52.441927873382056 ] ] ] } },
{ "type": "Feature", "properties": { "id": "te_kak_klimarelevante_bebauung_2022.1400801251000000", "schl5": "1400801251000000", "typklar": "Freistehende Einfamilienhäuser mit Gärten", "art": "Klimarelevante Bebauung" }, "geometry": { "type": "Polygon", "coordinates": [ [ [ 13.412376224196004, 52.44203236632368 ], [ 13.412376362326603, 52.442032722726715 ], [ 13.412377392602782, 52.442035238375013 ], [ 13.41340719950205, 52.444539350704474 ], [ 13.414276731514729, 52.444558955628438 ], [ 13.41422860601496, 52.444073523973941 ], [ 13.414065608194088, 52.443717358619395 ], [ 13.41342039058253, 52.442793275031462 ], [ 13.413323853600984, 52.44262432774913 ], [ 13.413232248191239, 52.442397517387668 ], [ 13.413163257058494, 52.442176018509258 ], [ 13.413147476155519, 52.441910741801387 ], [ 13.413179101465616, 52.441638172878228 ], [ 13.412179199221756, 52.441508629937168 ], [ 13.412376224196004, 52.44203236632368 ] ] ] } },
{ "type": "Feature", "properties": { "id": "te_kak_klimarelevante_bebauung_2022.1400801261000100", "schl5": "1400801261000100", "typklar": "Freistehende Einfamilienhäuser mit Gärten", "art": "Klimarelevante Bebauung" }, "geometry": { "type": "Polygon", "coordinates": [ [ [ 13.41184862653318, 52.440659133570833 ], [ 13.411932131337595, 52.440875959912617 ], [ 13.411937492218513, 52.440890436527141 ], [ 13.412517761563251, 52.439306946537748 ], [ 13.411258424403769, 52.439114795079384 ], [ 13.41184862653318, 52.440659133570833 ] ] ] } },
{ "type": "Feature", "properties": { "id": "te_kak_klimarelevante_bebauung_2022.1400801261000200", "schl5": "1400801261000200", "typklar": "Reihen- und Doppelhäuser mit Gärten", "art": "Klimarelevante Bebauung" }, "geometry": { "type": "Polygon", "coordinates": [ [ [ 13.412179199221756, 52.441508629937168 ], [ 13.413179101465616, 52.441638172878228 ], [ 13.413319636735801, 52.441051474623293 ], [ 13.413201851289045, 52.439863227254683 ], [ 13.413081257235046, 52.439865706090679 ], [ 13.413231810094333, 52.439452972995959 ], [ 13.412517761563251, 52.439306946537748 ], [ 13.411937492218513, 52.440890436527141 ], [ 13.411939091412904, 52.440894755019031 ], [ 13.412033645488739, 52.441139991227708 ], [ 13.41203405550986, 52.441141057169503 ], [ 13.412179199221756, 52.441508629937168 ] ] ] } },
{ "type": "Feature", "properties": { "id": "te_kak_klimarelevante_bebauung_2022.1400801271000000", "schl5": "1400801271000000", "typklar": "Freistehende Einfamilienhäuser mit Gärten", "art": "Klimarelevante Bebauung" }, "geometry": { "type": "Polygon", "coordinates": [ [ [ 13.413081257235046, 52.439865706090679 ], [ 13.413201851289045, 52.439863227254683 ], [ 13.413319636735801, 52.441051474623293 ], [ 13.413179101465616, 52.441638172878228 ], [ 13.413319649561615, 52.441323409897265 ], [ 13.413578035067962, 52.441138213436538 ], [ 13.414170408694925, 52.439650982748205 ], [ 13.413231810094333, 52.439452972995959 ], [ 13.413081257235046, 52.439865706090679 ] ] ] } },
{ "type": "Feature", "properties": { "id": "te_kak_klimarelevante_bebauung_2022.1400801281000000", "schl5": "1400801281000000", "typklar": "Freistehende Einfamilienhäuser mit Gärten", "art": "Klimarelevante Bebauung" }, "geometry": { "type": "Polygon", "coordinates": [ [ [ 13.413651562962718, 52.441168408614061 ], [ 13.413427268441376, 52.441357969328713 ], [ 13.413285333539775, 52.441636455151638 ], [ 13.415052803530802, 52.441862388136364 ], [ 13.415775113003743, 52.43999573260129 ], [ 13.414268627563741, 52.439673693589981 ], [ 13.413651562962718, 52.441168408614061 ] ] ] } },
{ "type": "Feature", "properties": { "id": "te_kak_klimarelevante_bebauung_2022.1400801311000000", "schl5": "1400801311000000", "typklar": "Freistehende Einfamilienhäuser mit Gärten", "art": "Klimarelevante Bebauung" }, "geometry": { "type": "Polygon", "coordinates": [ [ [ 13.410134076074975, 52.435718394773922 ], [ 13.410161633202431, 52.435767097157871 ], [ 13.410181758991108, 52.435799983497596 ], [ 13.410230600211253, 52.435884995429262 ], [ 13.410237896422515, 52.435897681178503 ], [ 13.410309773293777, 52.436022815729054 ], [ 13.410344905613728, 52.436084077418847 ], [ 13.410379599516228, 52.436144443076429 ], [ 13.410380215329246, 52.436153402685605 ], [ 13.410380441054977, 52.4361538016162 ], [ 13.410443922816285, 52.437002256753452 ], [ 13.41058286811699, 52.437455437497661 ], [ 13.410780371845714, 52.437961747231547 ], [ 13.41117410407119, 52.438882921651611 ], [ 13.411632980179123, 52.438921278812671 ], [ 13.411737775777189, 52.438538636767326 ], [ 13.411145364381552, 52.436691701369568 ], [ 13.411040983213768, 52.436386861812785 ], [ 13.410852072557356, 52.435928197911124 ], [ 13.409727563743818, 52.433916105615637 ], [ 13.409389237843959, 52.43400354424773 ], [ 13.409110912116345, 52.434060337927413 ], [ 13.409110919493997, 52.434060361586546 ], [ 13.409157524789952, 52.434210610897182 ], [ 13.40923270524241, 52.4343214676679 ], [ 13.409276344612445, 52.434385802261602 ], [ 13.409328597333442, 52.434463002210251 ], [ 13.409424501498394, 52.434604626742527 ], [ 13.409520420974165, 52.434746251396419 ], [ 13.409616170759605, 52.43488770285105 ], [ 13.409694998983026, 52.435003949129261 ], [ 13.409709302320447, 52.435027527567456 ], [ 13.409797112612861, 52.435170931054429 ], [ 13.409825050146695, 52.435216658296305 ], [ 13.409884483498049, 52.435313887992685 ], [ 13.409971709049413, 52.43545640233792 ], [ 13.410060535035894, 52.435601878248697 ], [ 13.410070455936101, 52.435618069898226 ], [ 13.410080067593501, 52.43563379041953 ], [ 13.410134076074975, 52.435718394773922 ] ] ] } },
{ "type": "Feature", "properties": { "id": "te_kak_klimarelevante_bebauung_2022.1400801341000000", "schl5": "1400801341000000", "typklar": "Freistehende Einfamilienhäuser mit Gärten", "art": "Klimarelevante Bebauung" }, "geometry": { "type": "Polygon", "coordinates": [ [ [ 13.409511251961389, 52.43382870856302 ], [ 13.410143507212776, 52.433645372583939 ], [ 13.4101884115675, 52.433513350196407 ], [ 13.408605676295746, 52.432729685844393 ], [ 13.408825506446965, 52.433109228027874 ], [ 13.408867792260603, 52.433182095192272 ], [ 13.408883719880066, 52.433230385386501 ], [ 13.408911251211807, 52.433313465763021 ], [ 13.408967030413915, 52.433482612215101 ], [ 13.408969037817519, 52.433493042024701 ], [ 13.408974333759902, 52.433521624325749 ], [ 13.409021905730308, 52.43377406249499 ], [ 13.409069524646737, 52.433927193676382 ], [ 13.40906952608953, 52.433927198354311 ], [ 13.409511251961389, 52.43382870856302 ] ] ] } },
{ "type": "Feature", "properties": { "id": "te_kak_klimarelevante_bebauung_2022.1400801401000000", "schl5": "1400801401000000", "typklar": "Freistehende Einfamilienhäuser mit Gärten", "art": "Klimarelevante Bebauung" }, "geometry": { "type": "Polygon", "coordinates": [ [ [ 13.430489040895143, 52.442576589990182 ], [ 13.431278898073161, 52.441880534769034 ], [ 13.431720697149482, 52.441406769806534 ], [ 13.431212948537089, 52.440832583384008 ], [ 13.430896307901559, 52.440939000895554 ], [ 13.430899519671156, 52.4412095025897 ], [ 13.431087478028338, 52.441270923737932 ], [ 13.431098411239047, 52.441458761664485 ], [ 13.430987302844715, 52.441642803483376 ], [ 13.430590806184439, 52.441847942472492 ], [ 13.430037262948792, 52.442313428650756 ], [ 13.430029609820631, 52.442380817271562 ], [ 13.430489040895143, 52.442576589990182 ] ] ] } },
{ "type": "Feature", "properties": { "id": "te_kak_klimarelevante_bebauung_2022.1400801411000000", "schl5": "1400801411000000", "typklar": "Freistehende Einfamilienhäuser mit Gärten", "art": "Klimarelevante Bebauung" }, "geometry": { "type": "Polygon", "coordinates": [ [ [ 13.429863969278459, 52.442260119987338 ], [ 13.430034862915578, 52.442192105334541 ], [ 13.430513035989735, 52.44180916989896 ], [ 13.430673965765276, 52.44166565110276 ], [ 13.43075684240406, 52.441548062492743 ], [ 13.430795724436459, 52.441402543415499 ], [ 13.430778865993451, 52.440892973950959 ], [ 13.430458658596207, 52.440477260321337 ], [ 13.429973011051548, 52.439997477453353 ], [ 13.429106200013315, 52.440283222852464 ], [ 13.42920870241176, 52.440476076288064 ], [ 13.429233166158607, 52.440596539207831 ], [ 13.429210601548657, 52.440709732019926 ], [ 13.429159965804104, 52.440851636477646 ], [ 13.429075509595263, 52.440993485403894 ], [ 13.428946993407259, 52.441122677353682 ], [ 13.428828943389588, 52.441213245596884 ], [ 13.428671239987695, 52.441292064927417 ], [ 13.429863969278459, 52.442260119987338 ] ] ] } },
{ "type": "Feature", "properties": { "id": "te_kak_klimarelevante_bebauung_2022.1400801421000000", "schl5": "1400801421000000", "typklar": "Freistehende Einfamilienhäuser mit Gärten", "art": "Klimarelevante Bebauung" }, "geometry": { "type": "Polygon", "coordinates": [ [ [ 13.430040321926661, 52.439975111094903 ], [ 13.430551407487929, 52.440454048092604 ], [ 13.43086417099798, 52.440890418749241 ], [ 13.431170513346864, 52.440784884280042 ], [ 13.430351339242264, 52.439865415891532 ], [ 13.430040321926661, 52.439975111094903 ] ] ] } },
{ "type": "Feature", "properties": { "id": "te_kak_klimarelevante_bebauung_2022.1400801431000000", "schl5": "1400801431000000", "typklar": "Freistehende Einfamilienhäuser mit Gärten", "art": "Klimarelevante Bebauung" }, "geometry": { "type": "Polygon", "coordinates": [ [ [ 13.428655209987079, 52.439371817063872 ], [ 13.428219912770452, 52.439605565611224 ], [ 13.428715590285943, 52.43992706775321 ], [ 13.428891452610017, 52.440061262528332 ], [ 13.429079666554278, 52.440230466325751 ], [ 13.430306950571962, 52.439814447423736 ], [ 13.429794980549055, 52.439233759962654 ], [ 13.429617385063144, 52.439040790823654 ], [ 13.428655209987079, 52.439371817063872 ] ] ] } },
{ "type": "Feature", "properties": { "id": "te_kak_klimarelevante_bebauung_2022.1400801441000000", "schl5": "1400801441000000", "typklar": "Freistehende Einfamilienhäuser mit Gärten", "art": "Klimarelevante Bebauung" }, "geometry": { "type": "Polygon", "coordinates": [ [ [ 13.428227097219875, 52.440971394353504 ], [ 13.428606808137246, 52.441230847498268 ], [ 13.428740899324673, 52.441170861141522 ], [ 13.428932726624328, 52.4410247000665 ], [ 13.429040902508785, 52.440840654427284 ], [ 13.429084104858669, 52.440715812671471 ], [ 13.429084624311812, 52.440599885003628 ], [ 13.429058728830706, 52.440471332572407 ], [ 13.429012267221966, 52.440338254078519 ], [ 13.428934747647126, 52.44024466202935 ], [ 13.428773690861293, 52.440088026151834 ], [ 13.428644723323425, 52.439989855273403 ], [ 13.427993541942707, 52.439605033313278 ], [ 13.427618278595514, 52.439292021141213 ], [ 13.427442118381913, 52.439221622577421 ], [ 13.427215653269085, 52.43922573414789 ], [ 13.42630002682224, 52.439815158429184 ], [ 13.428227097219875, 52.440971394353504 ] ] ] } },
{ "type": "Feature", "properties": { "id": "te_kak_klimarelevante_bebauung_2022.1400801611000100", "schl5": "1400801611000100", "typklar": "Reihen- und Doppelhäuser mit Gärten", "art": "Klimarelevante Bebauung" }, "geometry": { "type": "Polygon", "coordinates": [ [ [ 13.435802990773741, 52.438756872444145 ], [ 13.435836512526942, 52.438611947976952 ], [ 13.439754460519042, 52.434106405737452 ], [ 13.441962110539443, 52.431772702829939 ], [ 13.441203615764062, 52.431504940658876 ], [ 13.438915439927083, 52.433980163373484 ], [ 13.435231974831542, 52.438154211217906 ], [ 13.435209194955704, 52.438739191938126 ], [ 13.435802990773741, 52.438756872444145 ] ] ] } },
{ "type": "Feature", "properties": { "id": "te_kak_klimarelevante_bebauung_2022.1400801621000100", "schl5": "1400801621000100", "typklar": "Reihen- und Doppelhäuser mit Gärten", "art": "Klimarelevante Bebauung" }, "geometry": { "type": "Polygon", "coordinates": [ [ [ 13.43596152567534, 52.436847290271274 ], [ 13.435982494219589, 52.436522092619207 ], [ 13.438412316974258, 52.433698980160067 ], [ 13.441910381331901, 52.430037473057382 ], [ 13.441436454833662, 52.429909180671281 ], [ 13.441350314287378, 52.430006368727028 ], [ 13.438207426038389, 52.433083673636496 ], [ 13.437624076353808, 52.433681036768029 ], [ 13.43615941735883, 52.435364986519211 ], [ 13.436083468584961, 52.435371260307214 ], [ 13.435410078738508, 52.435362084433372 ], [ 13.435257628998599, 52.437652057155965 ], [ 13.43596152567534, 52.436847290271274 ] ] ] } },
{ "type": "Feature", "properties": { "id": "te_kak_klimarelevante_bebauung_2022.1400801631000100", "schl5": "1400801631000100", "typklar": "Reihen- und Doppelhäuser mit Gärten", "art": "Klimarelevante Bebauung" }, "geometry": { "type": "Polygon", "coordinates": [ [ [ 13.439621374604934, 52.429850122039504 ], [ 13.439405484816211, 52.430103019629115 ], [ 13.437890745311407, 52.431599396505682 ], [ 13.437540222248, 52.431927898692365 ], [ 13.437425794604279, 52.431981562465147 ], [ 13.437304892912922, 52.432023248868362 ], [ 13.437203643383899, 52.432047018395934 ], [ 13.437050215954452, 52.432064721388699 ], [ 13.436856348482058, 52.432075296324207 ], [ 13.436800309237984, 52.432114748574733 ], [ 13.436899252950532, 52.434366765588628 ], [ 13.438109573956236, 52.433075539673283 ], [ 13.44135695084994, 52.429884101046675 ], [ 13.43987710777135, 52.429504835254754 ], [ 13.439621374604934, 52.429850122039504 ] ] ] } },
{ "type": "Feature", "properties": { "id": "te_kak_klimarelevante_bebauung_2022.1400801641000100", "schl5": "1400801641000100", "typklar": "Reihen- und Doppelhäuser mit Gärten", "art": "Klimarelevante Bebauung" }, "geometry": { "type": "Polygon", "coordinates": [ [ [ 13.436161764458735, 52.433174495596312 ], [ 13.436164339852589, 52.433356034036244 ], [ 13.436075366692608, 52.434893791470053 ], [ 13.436064043536868, 52.435088685796572 ], [ 13.436269920948966, 52.435096567912694 ], [ 13.436770952092754, 52.434497065716592 ], [ 13.436714090752265, 52.432078142120055 ], [ 13.436056097927775, 52.432103699261042 ], [ 13.436161764458735, 52.433174495596312 ] ] ] } },
{ "type": "Feature", "properties": { "id": "te_kak_klimarelevante_bebauung_2022.1400801661000100", "schl5": "1400801661000100", "typklar": "Reihen- und Doppelhäuser mit Gärten", "art": "Klimarelevante Bebauung" }, "geometry": { "type": "Polygon", "coordinates": [ [ [ 13.438058278870741, 52.429444154774195 ], [ 13.437537321209009, 52.430030798067044 ], [ 13.437458738028635, 52.430106909040255 ], [ 13.437360680935493, 52.430162061340809 ], [ 13.437206452453523, 52.430199185602547 ], [ 13.436844430051114, 52.430218037540364 ], [ 13.436774433160126, 52.430267947170719 ], [ 13.436760017390451, 52.430885307725781 ], [ 13.436797900695208, 52.431990728738661 ], [ 13.436852102890404, 52.432036646572307 ], [ 13.437030019051805, 52.432033337818801 ], [ 13.437184449364294, 52.432021005036574 ], [ 13.437390546866203, 52.431960225463051 ], [ 13.437502539296068, 52.431901092591609 ], [ 13.439245036072524, 52.430204596634354 ], [ 13.439573251948017, 52.429825928304943 ], [ 13.439831178365603, 52.429480644488464 ], [ 13.438322322606929, 52.429090907910449 ], [ 13.438058278870741, 52.429444154774195 ] ] ] } },
{ "type": "Feature", "properties": { "id": "te_kak_klimarelevante_bebauung_2022.1400801671000100", "schl5": "1400801671000100", "typklar": "Reihen- und Doppelhäuser mit Gärten", "art": "Klimarelevante Bebauung" }, "geometry": { "type": "Polygon", "coordinates": [ [ [ 13.43677792200357, 52.43014034227334 ], [ 13.436844591853371, 52.430180667044638 ], [ 13.437111185850561, 52.430173620530063 ], [ 13.437228628070409, 52.430160355511475 ], [ 13.437321666811901, 52.430135091919446 ], [ 13.437429538470751, 52.430072480825622 ], [ 13.438002661840244, 52.429436848370841 ], [ 13.438275618415807, 52.429065951939485 ], [ 13.436940933790581, 52.428711179152657 ], [ 13.43677792200357, 52.43014034227334 ] ] ] } },
{ "type": "Feature", "properties": { "id": "te_kak_klimarelevante_bebauung_2022.1400801681000100", "schl5": "1400801681000100", "typklar": "Reihen- und Doppelhäuser mit Gärten", "art": "Klimarelevante Bebauung" }, "geometry": { "type": "Polygon", "coordinates": [ [ [ 13.436690497107859, 52.430186398886043 ], [ 13.436849396581627, 52.428700529128449 ], [ 13.436021197893217, 52.42847235355535 ], [ 13.435838713149224, 52.429892047453443 ], [ 13.435867776735702, 52.430208283180733 ], [ 13.436690497107859, 52.430186398886043 ] ] ] } },
{ "type": "Feature", "properties": { "id": "te_kak_klimarelevante_bebauung_2022.1400801691000000", "schl5": "1400801691000000", "typklar": "Reihen- und Doppelhäuser mit Gärten", "art": "Klimarelevante Bebauung" }, "geometry": { "type": "Polygon", "coordinates": [ [ [ 13.436883865373131, 52.428408782125025 ], [ 13.436993327049544, 52.427649037846116 ], [ 13.435292863490073, 52.427556873470039 ], [ 13.435273118806036, 52.427996910166605 ], [ 13.436883865373131, 52.428408782125025 ] ] ] } },
{ "type": "Feature", "properties": { "id": "te_kak_klimarelevante_bebauung_2022.1400801701000000", "schl5": "1400801701000000", "typklar": "Reihen- und Doppelhäuser mit Gärten", "art": "Klimarelevante Bebauung" }, "geometry": { "type": "Polygon", "coordinates": [ [ [ 13.437001952923062, 52.427592681110937 ], [ 13.437101319582345, 52.426825268602528 ], [ 13.437030058353416, 52.426816370274622 ], [ 13.436215659711275, 52.426879973272449 ], [ 13.43533744526132, 52.426882613920988 ], [ 13.435305444074666, 52.427489292471961 ], [ 13.437001952923062, 52.427592681110937 ] ] ] } },
{ "type": "Feature", "properties": { "id": "te_kak_klimarelevante_bebauung_2022.1400801711000000", "schl5": "1400801711000000", "typklar": "Reihen- und Doppelhäuser mit Gärten", "art": "Klimarelevante Bebauung" }, "geometry": { "type": "Polygon", "coordinates": [ [ [ 13.438411002999764, 52.428817353598269 ], [ 13.438501341938268, 52.428632130447411 ], [ 13.43855896242275, 52.42848293335998 ], [ 13.438647435662009, 52.428204008405871 ], [ 13.438714253941887, 52.427747445051132 ], [ 13.437149776091644, 52.42765782962352 ], [ 13.437079741138135, 52.427698713599781 ], [ 13.436980670211749, 52.428461059793094 ], [ 13.438411002999764, 52.428817353598269 ] ] ] } },
{ "type": "Feature", "properties": { "id": "te_kak_klimarelevante_bebauung_2022.1400801721000000", "schl5": "1400801721000000", "typklar": "Reihen- und Doppelhäuser mit Gärten", "art": "Klimarelevante Bebauung" }, "geometry": { "type": "Polygon", "coordinates": [ [ [ 13.437091511512994, 52.427560369395593 ], [ 13.437158379339186, 52.427606597540688 ], [ 13.438714486872472, 52.427692782796733 ], [ 13.438822445896761, 52.426852115532505 ], [ 13.438691348514368, 52.426846417440466 ], [ 13.438706208953977, 52.426731150137627 ], [ 13.43724548764698, 52.426830308655617 ], [ 13.437189276034681, 52.426826976170588 ], [ 13.437091511512994, 52.427560369395593 ] ] ] } },
{ "type": "Feature", "properties": { "id": "te_kak_klimarelevante_bebauung_2022.1400801731000000", "schl5": "1400801731000000", "typklar": "Reihen- und Doppelhäuser mit Gärten", "art": "Klimarelevante Bebauung" }, "geometry": { "type": "Polygon", "coordinates": [ [ [ 13.439979969843616, 52.429227804869413 ], [ 13.440113241217455, 52.428975186476585 ], [ 13.440231568395085, 52.428711567912252 ], [ 13.440342748866211, 52.428294413710276 ], [ 13.44040496308217, 52.427845074298936 ], [ 13.438767251492676, 52.427750196688571 ], [ 13.438709176877174, 52.428205003577879 ], [ 13.438617988155261, 52.428481782492625 ], [ 13.438471984689558, 52.428834867300253 ], [ 13.439979969843616, 52.429227804869413 ] ] ] } },
{ "type": "Feature", "properties": { "id": "te_kak_klimarelevante_bebauung_2022.1400801741000000", "schl5": "1400801741000000", "typklar": "Reihen- und Doppelhäuser mit Gärten", "art": "Klimarelevante Bebauung" }, "geometry": { "type": "Polygon", "coordinates": [ [ [ 13.438996645404877, 52.426859529858568 ], [ 13.43888260478391, 52.426855505655034 ], [ 13.438773004192164, 52.427695375350268 ], [ 13.440411973907795, 52.427791180290598 ], [ 13.440549857079636, 52.42671645749423 ], [ 13.440435286929953, 52.426710607995375 ], [ 13.440443300929525, 52.426605537862642 ], [ 13.439015233516718, 52.426711877033789 ], [ 13.438996645404877, 52.426859529858568 ] ] ] } },
{ "type": "Feature", "properties": { "id": "te_kak_klimarelevante_bebauung_2022.1400801751000000", "schl5": "1400801751000000", "typklar": "Reihen- und Doppelhäuser mit Gärten", "art": "Klimarelevante Bebauung" }, "geometry": { "type": "Polygon", "coordinates": [ [ [ 13.441533527309501, 52.429638574176572 ], [ 13.44169186793221, 52.429360577913172 ], [ 13.441823660093872, 52.429085034096886 ], [ 13.441970897671483, 52.428677451809023 ], [ 13.44200533608322, 52.428528328837338 ], [ 13.442090117932853, 52.427942539595982 ], [ 13.440461473900497, 52.427848848856797 ], [ 13.440403183525724, 52.428294508731049 ], [ 13.440291814509418, 52.42871885251936 ], [ 13.440173657872426, 52.428979900127693 ], [ 13.440038453565494, 52.429242904833679 ], [ 13.441533527309501, 52.429638574176572 ] ] ] } },
{ "type": "Feature", "properties": { "id": "te_kak_klimarelevante_bebauung_2022.1400801761000000", "schl5": "1400801761000000", "typklar": "Reihen- und Doppelhäuser mit Gärten", "art": "Klimarelevante Bebauung" }, "geometry": { "type": "Polygon", "coordinates": [ [ [ 13.440652393538747, 52.426722542877364 ], [ 13.440610813500752, 52.426719460748885 ], [ 13.440472255794218, 52.427794500190444 ], [ 13.442098439954721, 52.427888610630582 ], [ 13.442227671676781, 52.426751457116694 ], [ 13.442233416870714, 52.426717871731547 ], [ 13.442289615558396, 52.426637977727374 ], [ 13.440941827251748, 52.426572062758396 ], [ 13.440670286834852, 52.426589500278197 ], [ 13.440652393538747, 52.426722542877364 ] ] ] } },
{ "type": "Feature", "properties": { "id": "te_kak_klimarelevante_bebauung_2022.1400801771000000", "schl5": "1400801771000000", "typklar": "Reihen- und Doppelhäuser mit Gärten", "art": "Klimarelevante Bebauung" }, "geometry": { "type": "Polygon", "coordinates": [ [ [ 13.442377439385551, 52.426728880026062 ], [ 13.442344776497169, 52.426806112581062 ], [ 13.442296580052455, 52.42702614207429 ], [ 13.442186656429669, 52.427894687589607 ], [ 13.442580751911834, 52.427933646807745 ], [ 13.442972775995763, 52.428004647068391 ], [ 13.443955041919789, 52.427035977308641 ], [ 13.442967173660408, 52.426674080539961 ], [ 13.442446872262414, 52.426648108335435 ], [ 13.442377439385551, 52.426728880026062 ] ] ] } },
{ "type": "Feature", "properties": { "id": "te_kak_klimarelevante_bebauung_2022.1400801781000000", "schl5": "1400801781000000", "typklar": "Reihen- und Doppelhäuser mit Gärten", "art": "Klimarelevante Bebauung" }, "geometry": { "type": "Polygon", "coordinates": [ [ [ 13.445241264896536, 52.426542876685964 ], [ 13.444734189824276, 52.426337688926935 ], [ 13.444028953590834, 52.427068978347755 ], [ 13.443059725067206, 52.42802524447486 ], [ 13.443295110525344, 52.428091089644539 ], [ 13.443645403019195, 52.428216862526121 ], [ 13.445241264896536, 52.426542876685964 ] ] ] } },
{ "type": "Feature", "properties": { "id": "te_kak_klimarelevante_bebauung_2022.1400801791000000", "schl5": "1400801791000000", "typklar": "Reihen- und Doppelhäuser mit Gärten", "art": "Klimarelevante Bebauung" }, "geometry": { "type": "Polygon", "coordinates": [ [ [ 13.44213456132519, 52.429801005435621 ], [ 13.44359968061989, 52.428264264382989 ], [ 13.443242700546879, 52.428136844250396 ], [ 13.443038076128591, 52.428079231768976 ], [ 13.442787913340076, 52.428024821505382 ], [ 13.442556435713481, 52.427985173967478 ], [ 13.442176719415544, 52.427948118750095 ], [ 13.442118455674514, 52.428390506939955 ], [ 13.44205813027151, 52.428661171080414 ], [ 13.441987743297267, 52.428896882568736 ], [ 13.441787799563341, 52.429361975348463 ], [ 13.441610975054861, 52.429667393875654 ], [ 13.44213456132519, 52.429801005435621 ] ] ] } },
{ "type": "Feature", "properties": { "id": "te_kak_klimarelevante_bebauung_2022.1400801811000000", "schl5": "1400801811000000", "typklar": "Reihen- und Doppelhäuser mit Gärten", "art": "Klimarelevante Bebauung" }, "geometry": { "type": "Polygon", "coordinates": [ [ [ 13.441067936825746, 52.433798194170571 ], [ 13.441238553120543, 52.433629145224039 ], [ 13.441526216807654, 52.433733443024863 ], [ 13.443720101499704, 52.433358629237929 ], [ 13.443210951264323, 52.432232198941612 ], [ 13.44171582897782, 52.432486122591619 ], [ 13.441474698875881, 52.432398722459105 ], [ 13.440378271577366, 52.43355103584819 ], [ 13.441067936825746, 52.433798194170571 ] ] ] } },
{ "type": "Feature", "properties": { "id": "te_kak_klimarelevante_bebauung_2022.1400801821000000", "schl5": "1400801821000000", "typklar": "Reihen- und Doppelhäuser mit Gärten", "art": "Klimarelevante Bebauung" }, "geometry": { "type": "Polygon", "coordinates": [ [ [ 13.441779502751976, 52.432425667333568 ], [ 13.44227146564695, 52.432352600793941 ], [ 13.443197207101433, 52.432196322225622 ], [ 13.442950993411538, 52.431679510270854 ], [ 13.442107877838771, 52.431822500570924 ], [ 13.442039488462541, 52.431800362333156 ], [ 13.44153803831691, 52.432336033116428 ], [ 13.441779502751976, 52.432425667333568 ] ] ] } },
{ "type": "Feature", "properties": { "id": "te_kak_klimarelevante_bebauung_2022.1400801841000000", "schl5": "1400801841000000", "typklar": "Reihen- und Doppelhäuser mit Gärten", "art": "Klimarelevante Bebauung" }, "geometry": { "type": "Polygon", "coordinates": [ [ [ 13.446904864526955, 52.433410031322296 ], [ 13.446712244176171, 52.432895705500826 ], [ 13.443795561942936, 52.433380280518385 ], [ 13.444036935214552, 52.433896520569618 ], [ 13.446904864526955, 52.433410031322296 ] ] ] } },
{ "type": "Feature", "properties": { "id": "te_kak_klimarelevante_bebauung_2022.1400801851000000", "schl5": "1400801851000000", "typklar": "Reihen- und Doppelhäuser mit Gärten", "art": "Klimarelevante Bebauung" }, "geometry": { "type": "Polygon", "coordinates": [ [ [ 13.443272738803346, 52.432222858784328 ], [ 13.443780431769621, 52.433347938040193 ], [ 13.446699945140185, 52.432864034472544 ], [ 13.446386466141208, 52.432027539242959 ], [ 13.446247592791783, 52.431712802802195 ], [ 13.443272738803346, 52.432222858784328 ] ] ] } },
{ "type": "Feature", "properties": { "id": "te_kak_klimarelevante_bebauung_2022.1400801861000000", "schl5": "1400801861000000", "typklar": "Reihen- und Doppelhäuser mit Gärten", "art": "Klimarelevante Bebauung" }, "geometry": { "type": "Polygon", "coordinates": [ [ [ 13.443254367961428, 52.432186031935011 ], [ 13.446232643222036, 52.431678803241262 ], [ 13.446040191364151, 52.431262055596981 ], [ 13.445328191172045, 52.431383281043168 ], [ 13.445280960317701, 52.431282249584171 ], [ 13.443019529650892, 52.431666398326819 ], [ 13.443254367961428, 52.432186031935011 ] ] ] } },
{ "type": "Feature", "properties": { "id": "te_kak_klimarelevante_bebauung_2022.1400801871000000", "schl5": "1400801871000000", "typklar": "Reihen- und Doppelhäuser mit Gärten", "art": "Klimarelevante Bebauung" }, "geometry": { "type": "Polygon", "coordinates": [ [ [ 13.446946798191878, 52.433286017997247 ], [ 13.448457319730267, 52.433085112584244 ], [ 13.448404645860347, 52.432873740098422 ], [ 13.448331682742756, 52.432670283251092 ], [ 13.446797208521808, 52.432886972778334 ], [ 13.446946798191878, 52.433286017997247 ] ] ] } },
{ "type": "Feature", "properties": { "id": "te_kak_klimarelevante_bebauung_2022.1400801881000000", "schl5": "1400801881000000", "typklar": "Reihen- und Doppelhäuser mit Gärten", "art": "Klimarelevante Bebauung" }, "geometry": { "type": "Polygon", "coordinates": [ [ [ 13.449241744374053, 52.433015575825102 ], [ 13.449189544809839, 52.432800519064891 ], [ 13.449102732636385, 52.432560624295789 ], [ 13.448389275620746, 52.432661495872836 ], [ 13.448464847415503, 52.432877465716125 ], [ 13.44851458159493, 52.433080654526549 ], [ 13.449241744374053, 52.433015575825102 ] ] ] } },
{ "type": "Feature", "properties": { "id": "te_kak_klimarelevante_bebauung_2022.1400801891000100", "schl5": "1400801891000100", "typklar": "Reihen- und Doppelhäuser mit Gärten", "art": "Klimarelevante Bebauung" }, "geometry": { "type": "Polygon", "coordinates": [ [ [ 13.446465970555577, 52.432004361786802 ], [ 13.44678699014049, 52.432852772012019 ], [ 13.448316784264108, 52.432636031092471 ], [ 13.447916074889159, 52.431602016109508 ], [ 13.44606299752164, 52.43112230209799 ], [ 13.446465970555577, 52.432004361786802 ] ] ] } },
{ "type": "Feature", "properties": { "id": "te_kak_klimarelevante_bebauung_2022.1400801921000000", "schl5": "1400801921000000", "typklar": "Reihen- und Doppelhäuser mit Gärten", "art": "Klimarelevante Bebauung" }, "geometry": { "type": "Polygon", "coordinates": [ [ [ 13.445870152302232, 52.430695565184465 ], [ 13.445970468565484, 52.430679702594915 ], [ 13.446033703145641, 52.430816978834905 ], [ 13.447628869990798, 52.431235164352657 ], [ 13.447739372377017, 52.431216689903927 ], [ 13.446975201746996, 52.429545470809359 ], [ 13.4454641839428, 52.429801599954239 ], [ 13.445870152302232, 52.430695565184465 ] ] ] } },
{ "type": "Feature", "properties": { "id": "te_kak_klimarelevante_bebauung_2022.1400801931000200", "schl5": "1400801931000200", "typklar": "Reihen- und Doppelhäuser mit Gärten", "art": "Klimarelevante Bebauung" }, "geometry": { "type": "Polygon", "coordinates": [ [ [ 13.444215500413579, 52.429108161634701 ], [ 13.444310645198014, 52.429208869189118 ], [ 13.444384297241747, 52.429316562319954 ], [ 13.444941640735131, 52.430531239791556 ], [ 13.445687746603566, 52.430727317529659 ], [ 13.445784655880777, 52.430708665313503 ], [ 13.445098704831896, 52.429199031042131 ], [ 13.444976000670311, 52.429006528880379 ], [ 13.444597418002182, 52.428683804470445 ], [ 13.444127580946592, 52.429038029080239 ], [ 13.444215500413579, 52.429108161634701 ] ] ] } },
{ "type": "Feature", "properties": { "id": "te_kak_klimarelevante_bebauung_2022.1400801941000000", "schl5": "1400801941000000", "typklar": "Reihen- und Doppelhäuser mit Gärten", "art": "Klimarelevante Bebauung" }, "geometry": { "type": "Polygon", "coordinates": [ [ [ 13.446958173361985, 52.429489186445231 ], [ 13.446792584451172, 52.429188304675634 ], [ 13.446635402208836, 52.428941934928268 ], [ 13.446435146719374, 52.428679677154982 ], [ 13.446234748319702, 52.428452580619528 ], [ 13.446088681623996, 52.428302921093795 ], [ 13.44585944089328, 52.428096876108064 ], [ 13.445784930833288, 52.428031713324316 ], [ 13.44558975834256, 52.42793472062349 ], [ 13.444656557791683, 52.428638849005551 ], [ 13.444876806216911, 52.428818553561833 ], [ 13.445052551483354, 52.428982382954686 ], [ 13.445185505995591, 52.429183887804818 ], [ 13.4454385145613, 52.42974881888604 ], [ 13.446958173361985, 52.429489186445231 ] ] ] } },
{ "type": "Feature", "properties": { "id": "te_kak_klimarelevante_bebauung_2022.1400806041000200", "schl5": "1400806041000200", "typklar": "Freistehende Einfamilienhäuser mit Gärten", "art": "Klimarelevante Bebauung" }, "geometry": { "type": "Polygon", "coordinates": [ [ [ 13.424268395509637, 52.444698200126489 ], [ 13.424376996918975, 52.444642772867596 ], [ 13.425352672175215, 52.441984987421876 ], [ 13.424858759903534, 52.441873478643735 ], [ 13.424472567733773, 52.442967343495944 ], [ 13.42384748710024, 52.444702700987982 ], [ 13.424268395509637, 52.444698200126489 ] ] ] } },
{ "type": "Feature", "properties": { "id": "te_kak_klimarelevante_bebauung_2022.1400806051000000", "schl5": "1400806051000000", "typklar": "Freistehende Einfamilienhäuser mit Gärten", "art": "Klimarelevante Bebauung" }, "geometry": { "type": "Polygon", "coordinates": [ [ [ 13.422496047250725, 52.444694311655837 ], [ 13.422830897666881, 52.443789302790229 ], [ 13.422822016208745, 52.443759896552024 ], [ 13.422756086349947, 52.443715697785485 ], [ 13.422675076492508, 52.443682493602992 ], [ 13.422579011286972, 52.443654774532398 ], [ 13.42247088834185, 52.443634382345856 ], [ 13.422374721452409, 52.443628705356119 ], [ 13.42227250013123, 52.443632202995801 ], [ 13.422137117747921, 52.44365584779014 ], [ 13.422085888456351, 52.443683312778845 ], [ 13.42171755482253, 52.444674595969964 ], [ 13.422496047250725, 52.444694311655837 ] ] ] } },
{ "type": "Feature", "properties": { "id": "te_kak_klimarelevante_bebauung_2022.1400806061000400", "schl5": "1400806061000400", "typklar": "Wochenendhaus- und kleingartenähnliches Gebiet", "art": "Klimarelevante Bebauung" }, "geometry": { "type": "Polygon", "coordinates": [ [ [ 13.454421636887355, 52.458872728167279 ], [ 13.454979899977129, 52.458697745384626 ], [ 13.45573657618208, 52.458376552882257 ], [ 13.455995114570793, 52.458186482467617 ], [ 13.456343552969338, 52.458003865248727 ], [ 13.456331817968461, 52.45793792603336 ], [ 13.456373883299106, 52.457912349678864 ], [ 13.456374109309515, 52.457853752270999 ], [ 13.455608170074855, 52.457475421319586 ], [ 13.455099723528237, 52.457178031705368 ], [ 13.45429284950823, 52.458246272622731 ], [ 13.454454539024431, 52.458294119915912 ], [ 13.45420668096188, 52.45881747906575 ], [ 13.454421636887355, 52.458872728167279 ] ] ] } },
{ "type": "Feature", "properties": { "id": "te_kak_klimarelevante_bebauung_2022.1400806111000800", "schl5": "1400806111000800", "typklar": "Reihen- und Doppelhäuser mit Gärten", "art": "Klimarelevante Bebauung" }, "geometry": { "type": "Polygon", "coordinates": [ [ [ 13.435314951993647, 52.444760164429972 ], [ 13.435919287231945, 52.445468389228459 ], [ 13.436009159247831, 52.445431690200159 ], [ 13.436157065801087, 52.445578409024677 ], [ 13.436052492629576, 52.445614187245177 ], [ 13.436467213565466, 52.446026875538941 ], [ 13.43709492963197, 52.445760771617678 ], [ 13.437789263749249, 52.445471165069655 ], [ 13.437000429743124, 52.444745485440272 ], [ 13.436571195742482, 52.444354199222218 ], [ 13.436314967881117, 52.444431070540276 ], [ 13.435453650115207, 52.444112538396311 ], [ 13.435209200709279, 52.444728540445197 ], [ 13.435314951993647, 52.444760164429972 ] ] ] } },
{ "type": "Feature", "properties": { "id": "te_kak_klimarelevante_bebauung_2022.1400806331000000", "schl5": "1400806331000000", "typklar": "Reihen- und Doppelhäuser mit Gärten", "art": "Klimarelevante Bebauung" }, "geometry": { "type": "Polygon", "coordinates": [ [ [ 13.446143368881383, 52.428292455759298 ], [ 13.446489862476197, 52.428662180055625 ], [ 13.446693009902727, 52.428920926028148 ], [ 13.446853017641537, 52.429179605727498 ], [ 13.447015731438713, 52.429480483811275 ], [ 13.44771847883827, 52.429360195019363 ], [ 13.447643564109454, 52.429195904360526 ], [ 13.44735275595213, 52.428730853446183 ], [ 13.447135303867023, 52.428449060749642 ], [ 13.446888392368542, 52.428174862079459 ], [ 13.446614403869265, 52.427911584702336 ], [ 13.446400881414046, 52.427742478811901 ], [ 13.446140957041129, 52.427581984000192 ], [ 13.446043052084894, 52.427587494519528 ], [ 13.445667671157118, 52.427871549053599 ], [ 13.446143368881383, 52.428292455759298 ] ] ] } },
{ "type": "Feature", "properties": { "id": "te_kak_klimarelevante_bebauung_2022.1400806391000000", "schl5": "1400806391000000", "typklar": "Freistehende Einfamilienhäuser mit Gärten", "art": "Klimarelevante Bebauung" }, "geometry": { "type": "Polygon", "coordinates": [ [ [ 13.412244207373213, 52.438959633708365 ], [ 13.412844249159159, 52.437185458105112 ], [ 13.412581234414452, 52.437145440182881 ], [ 13.412328873148939, 52.437030852580875 ], [ 13.41217897460062, 52.437013504338601 ], [ 13.412014451249922, 52.436979956095421 ], [ 13.411832247803813, 52.436953564489848 ], [ 13.41163236562431, 52.436933431234216 ], [ 13.411366297715515, 52.436917669123467 ], [ 13.411693779501297, 52.437910391877324 ], [ 13.412280149113004, 52.437980653292868 ], [ 13.412354922282663, 52.438026621274282 ], [ 13.41226221720744, 52.438039933152098 ], [ 13.41179933573045, 52.437975287443741 ], [ 13.411713952588807, 52.437994902946429 ], [ 13.411880544866252, 52.438511039123213 ], [ 13.411794771907834, 52.438913485407674 ], [ 13.412244207373213, 52.438959633708365 ] ] ] } },
{ "type": "Feature", "properties": { "id": "te_kak_klimarelevante_bebauung_2022.1400806401000000", "schl5": "1400806401000000", "typklar": "Freistehende Einfamilienhäuser mit Gärten", "art": "Klimarelevante Bebauung" }, "geometry": { "type": "Polygon", "coordinates": [ [ [ 13.41318737721812, 52.436166093142056 ], [ 13.412909578317116, 52.436144022587577 ], [ 13.411356925983508, 52.435522024784497 ], [ 13.411227721860145, 52.435483147054484 ], [ 13.411020531042361, 52.435455808783239 ], [ 13.410898480876394, 52.435458282845026 ], [ 13.410769018651431, 52.435472424803628 ], [ 13.410910320536241, 52.435743180829235 ], [ 13.411160614747306, 52.436278342845675 ], [ 13.411285343347442, 52.436632643721389 ], [ 13.411332989742673, 52.436812464532757 ], [ 13.411587294451934, 52.436828203557191 ], [ 13.412050189791513, 52.436887457459022 ], [ 13.412438045011474, 52.436957359963614 ], [ 13.41264242193899, 52.436959527592215 ], [ 13.41290545450885, 52.436995950055319 ], [ 13.41318737721812, 52.436166093142056 ] ] ] } },
{ "type": "Feature", "properties": { "id": "te_kak_klimarelevante_bebauung_2022.1400806411000000", "schl5": "1400806411000000", "typklar": "Freistehende Einfamilienhäuser mit Gärten", "art": "Klimarelevante Bebauung" }, "geometry": { "type": "Polygon", "coordinates": [ [ [ 13.410453171267834, 52.43370247440545 ], [ 13.410567957429436, 52.433892202021617 ], [ 13.412423433885396, 52.434816711422179 ], [ 13.412342259753753, 52.434879470480567 ], [ 13.410586553252756, 52.433997381758658 ], [ 13.410461484766268, 52.434016023166862 ], [ 13.410309900076001, 52.433745248717969 ], [ 13.409928825417232, 52.433858330585103 ], [ 13.409886470083007, 52.433920252359741 ], [ 13.410703295337363, 52.435381539711862 ], [ 13.410940104486492, 52.435364896159406 ], [ 13.411060667360474, 52.435366912941085 ], [ 13.411172360313529, 52.435377902289261 ], [ 13.411363323132029, 52.435415994184673 ], [ 13.412710539545698, 52.435950449233459 ], [ 13.412807460633328, 52.435976684651592 ], [ 13.413016327128155, 52.435961785539867 ], [ 13.413107485670089, 52.435962849898253 ], [ 13.413255927474102, 52.435977497169368 ], [ 13.413415462013241, 52.4355084960645 ], [ 13.41289203214567, 52.43544680297731 ], [ 13.412992619267818, 52.435184253186911 ], [ 13.413039547547895, 52.434982118595229 ], [ 13.412768776447276, 52.434848451820599 ], [ 13.412983675810727, 52.434678280663803 ], [ 13.410640570780584, 52.433592819720779 ], [ 13.410524884902522, 52.433680039864036 ], [ 13.410453171267834, 52.43370247440545 ] ] ] } },
{ "type": "Feature", "properties": { "id": "te_kak_klimarelevante_bebauung_2022.1400806511000100", "schl5": "1400806511000100", "typklar": "Reihen- und Doppelhäuser mit Gärten", "art": "Klimarelevante Bebauung" }, "geometry": { "type": "Polygon", "coordinates": [ [ [ 13.448129364012241, 52.431949071315415 ], [ 13.448373853038937, 52.432628510886282 ], [ 13.449089921095107, 52.43252565604233 ], [ 13.448844740913449, 52.431849221858052 ], [ 13.447982960573015, 52.431623945078613 ], [ 13.448129364012241, 52.431949071315415 ] ] ] } },
{ "type": "Feature", "properties": { "id": "te_kak_klimarelevante_bebauung_2022.1400806541000000", "schl5": "1400806541000000", "typklar": "Reihen- und Doppelhäuser mit Gärten", "art": "Klimarelevante Bebauung" }, "geometry": { "type": "Polygon", "coordinates": [ [ [ 13.447036473688092, 52.429538992806499 ], [ 13.447797251746344, 52.43120777801078 ], [ 13.447909864837278, 52.431187377338887 ], [ 13.447972401135372, 52.431326967538858 ], [ 13.448701723969263, 52.431518207706617 ], [ 13.447741791557192, 52.429412092281147 ], [ 13.447036473688092, 52.429538992806499 ] ] ] } },
{ "type": "Feature", "properties": { "id": "te_kak_klimarelevante_bebauung_2022.1400806641000000", "schl5": "1400806641000000", "typklar": "Reihen- und Doppelhäuser mit Gärten", "art": "Klimarelevante Bebauung" }, "geometry": { "type": "Polygon", "coordinates": [ [ [ 13.415196045829882, 52.441882108792555 ], [ 13.418830940610604, 52.442341065463083 ], [ 13.419420127572979, 52.440742643477037 ], [ 13.417611047150531, 52.440368107374034 ], [ 13.415912555466649, 52.440040725301493 ], [ 13.415196045829882, 52.441882108792555 ] ] ] } },
{ "type": "Feature", "properties": { "id": "te_kak_klimarelevante_bebauung_2022.1400806651000000", "schl5": "1400806651000000", "typklar": "Reihen- und Doppelhäuser mit Gärten", "art": "Klimarelevante Bebauung" }, "geometry": { "type": "Polygon", "coordinates": [ [ [ 13.436005148673011, 52.439207536621858 ], [ 13.43655892032803, 52.439007127892722 ], [ 13.437477759193261, 52.437966133952827 ], [ 13.440712295887028, 52.43430112929164 ], [ 13.440877402109846, 52.434199839190768 ], [ 13.441311888584522, 52.434373963817947 ], [ 13.443976572343029, 52.433915299903482 ], [ 13.443740121118166, 52.433389225266723 ], [ 13.441082530143905, 52.433841110707107 ], [ 13.440344914172648, 52.433578073676351 ], [ 13.439776158207206, 52.434190916620338 ], [ 13.439244080233074, 52.43484070730873 ], [ 13.438065071604242, 52.436167061328952 ], [ 13.437213868219011, 52.437158725696527 ], [ 13.435954006758958, 52.438588223608505 ], [ 13.43590234852719, 52.439176816243155 ], [ 13.436005148673011, 52.439207536621858 ] ] ] } },
{ "type": "Feature", "properties": { "id": "te_kak_klimarelevante_bebauung_2022.1400806681000500", "schl5": "1400806681000500", "typklar": "Reihen- und Doppelhäuser mit Gärten", "art": "Klimarelevante Bebauung" }, "geometry": { "type": "Polygon", "coordinates": [ [ [ 13.428930151620072, 52.424851403501023 ], [ 13.427939826020673, 52.424792843557398 ], [ 13.428863957282385, 52.426045143799989 ], [ 13.428740949693539, 52.426280063134854 ], [ 13.430184864318752, 52.426657128726099 ], [ 13.430036228382757, 52.426363907747678 ], [ 13.429605329508497, 52.425742210749355 ], [ 13.428930151620072, 52.424851403501023 ] ] ] } },
{ "type": "Feature", "properties": { "id": "te_kak_klimarelevante_bebauung_2022.1400806761000000", "schl5": "1400806761000000", "typklar": "Freistehende Einfamilienhäuser mit Gärten", "art": "Klimarelevante Bebauung" }, "geometry": { "type": "Polygon", "coordinates": [ [ [ 13.44335312013891, 52.430114003407404 ], [ 13.443339196137503, 52.429839760892811 ], [ 13.44336564582126, 52.429698888758807 ], [ 13.443436119947089, 52.429516389081009 ], [ 13.443480448332613, 52.429444012203952 ], [ 13.443598917390929, 52.429309055594139 ], [ 13.44371934885133, 52.429208852112055 ], [ 13.444492863309438, 52.428617969579207 ], [ 13.444348533824632, 52.428544939818288 ], [ 13.444104349107553, 52.428445752386445 ], [ 13.442694060259297, 52.429940878894115 ], [ 13.44335312013891, 52.430114003407404 ] ] ] } },
{ "type": "Feature", "properties": { "id": "te_kak_klimarelevante_bebauung_2022.1400806771000000", "schl5": "1400806771000000", "typklar": "Reihen- und Doppelhäuser mit Gärten", "art": "Klimarelevante Bebauung" }, "geometry": { "type": "Polygon", "coordinates": [ [ [ 13.444378530947153, 52.428491679833009 ], [ 13.444551532888326, 52.428574505011319 ], [ 13.445917591796185, 52.427538787570576 ], [ 13.44607179572939, 52.42744003534856 ], [ 13.446536270532095, 52.427099502581093 ], [ 13.446521931745469, 52.427043232782495 ], [ 13.445731457011671, 52.426737687477768 ], [ 13.44415240866568, 52.428396421019322 ], [ 13.444378530947153, 52.428491679833009 ] ] ] } },
{ "type": "Feature", "properties": { "id": "te_kak_klimarelevante_bebauung_2022.1400810051000000", "schl5": "1400810051000000", "typklar": "Freistehende Einfamilienhäuser mit Gärten", "art": "Klimarelevante Bebauung" }, "geometry": { "type": "Polygon", "coordinates": [ [ [ 13.436215659711275, 52.426879973272449 ], [ 13.437030058353416, 52.426816370274622 ], [ 13.437056554235307, 52.426606269865246 ], [ 13.437100041088183, 52.42660828513111 ], [ 13.437286962107946, 52.425147688244223 ], [ 13.4356970906389, 52.424955546293369 ], [ 13.435597358362829, 52.425017483972489 ], [ 13.435515675252198, 52.425309733496888 ], [ 13.43546065245773, 52.425309644639405 ], [ 13.435285243104689, 52.426719520192613 ], [ 13.435340267652789, 52.426719609145508 ], [ 13.43533744526132, 52.426882613920988 ], [ 13.436215659711275, 52.426879973272449 ] ] ] } },
{ "type": "Feature", "properties": { "id": "te_kak_klimarelevante_bebauung_2022.1400810061000000", "schl5": "1400810061000000", "typklar": "Freistehende Einfamilienhäuser mit Gärten", "art": "Klimarelevante Bebauung" }, "geometry": { "type": "Polygon", "coordinates": [ [ [ 13.438706208953977, 52.426731150137627 ], [ 13.438793365313087, 52.426721406494472 ], [ 13.438887222785258, 52.426092523911528 ], [ 13.438920213964343, 52.425939803239359 ], [ 13.439075883214086, 52.425417815210331 ], [ 13.437432580572152, 52.425174816970603 ], [ 13.437246408798078, 52.426615653301361 ], [ 13.437261257867808, 52.426616326110086 ], [ 13.43724548764698, 52.426830308655617 ], [ 13.438706208953977, 52.426731150137627 ] ] ] } },
{ "type": "Feature", "properties": { "id": "te_kak_klimarelevante_bebauung_2022.1400810071000000", "schl5": "1400810071000000", "typklar": "Freistehende Einfamilienhäuser mit Gärten", "art": "Klimarelevante Bebauung" }, "geometry": { "type": "Polygon", "coordinates": [ [ [ 13.440443300929525, 52.426605537862642 ], [ 13.4405293956045, 52.426542307635899 ], [ 13.440539758140526, 52.426397987007896 ], [ 13.440614506296448, 52.426102442803597 ], [ 13.440781753670214, 52.425825623379708 ], [ 13.440232485625938, 52.425663385857305 ], [ 13.439941312028648, 52.425592325226759 ], [ 13.439600681135101, 52.425512780727033 ], [ 13.439213262502648, 52.425443247812304 ], [ 13.439083442390267, 52.425927479059176 ], [ 13.43894902283653, 52.426645743197085 ], [ 13.439015233516718, 52.426711877033789 ], [ 13.440443300929525, 52.426605537862642 ] ] ] } },
{ "type": "Feature", "properties": { "id": "te_kak_klimarelevante_bebauung_2022.1400810081000000", "schl5": "1400810081000000", "typklar": "Freistehende Einfamilienhäuser mit Gärten", "art": "Klimarelevante Bebauung" }, "geometry": { "type": "Polygon", "coordinates": [ [ [ 13.440941827251748, 52.426572062758396 ], [ 13.442289615558396, 52.426637977727374 ], [ 13.442446872262414, 52.426648108335435 ], [ 13.442967173660408, 52.426674080539961 ], [ 13.440905273387255, 52.42587792830048 ], [ 13.440749653666488, 52.426126021653587 ], [ 13.440679422670641, 52.426396410717253 ], [ 13.440670286834852, 52.426589500278197 ], [ 13.440941827251748, 52.426572062758396 ] ] ] } },
{ "type": "Feature", "properties": { "id": "te_kak_klimarelevante_bebauung_2022.1400810101000000", "schl5": "1400810101000000", "typklar": "Freistehende Einfamilienhäuser mit Gärten", "art": "Klimarelevante Bebauung" }, "geometry": { "type": "Polygon", "coordinates": [ [ [ 13.439260384623765, 52.425354230733618 ], [ 13.439977442860858, 52.425501610066497 ], [ 13.440309798241728, 52.425587863201415 ], [ 13.440603657832213, 52.425674056298057 ], [ 13.441015498761949, 52.425832575666561 ], [ 13.443984904487658, 52.426924588745081 ], [ 13.444609541082235, 52.426285748123568 ], [ 13.440262309181003, 52.424562472995014 ], [ 13.439656034582713, 52.424363809041523 ], [ 13.439260384623765, 52.425354230733618 ] ] ] } },
{ "type": "Feature", "properties": { "id": "te_kak_klimarelevante_bebauung_2022.1400810111000000", "schl5": "1400810111000000", "typklar": "Freistehende Einfamilienhäuser mit Gärten", "art": "Klimarelevante Bebauung" }, "geometry": { "type": "Polygon", "coordinates": [ [ [ 13.439117485897352, 52.425333832295614 ], [ 13.439311997540635, 52.424855063853862 ], [ 13.43948281946021, 52.424306020369563 ], [ 13.439162345779492, 52.42424091066534 ], [ 13.439175229441267, 52.424196944046415 ], [ 13.437815365630401, 52.423994252395708 ], [ 13.437826036041276, 52.423973569858397 ], [ 13.436692649868439, 52.423763463805997 ], [ 13.435899847653419, 52.424558700248348 ], [ 13.435787117943232, 52.424690477629227 ], [ 13.435818252934737, 52.424831543737071 ], [ 13.439117485897352, 52.425333832295614 ] ] ] } },
{ "type": "Feature", "properties": { "id": "te_kak_klimarelevante_bebauung_2022.1400810131000000", "schl5": "1400810131000000", "typklar": "Freistehende Einfamilienhäuser mit Gärten", "art": "Klimarelevante Bebauung" }, "geometry": { "type": "Polygon", "coordinates": [ [ [ 13.44436351767953, 52.424594030996516 ], [ 13.446110505630838, 52.424855732171373 ], [ 13.446355777362774, 52.423406682081037 ], [ 13.444673964810931, 52.423380376837983 ], [ 13.44436351767953, 52.424594030996516 ] ] ] } },
{ "type": "Feature", "properties": { "id": "te_kak_klimarelevante_bebauung_2022.1400810141000000", "schl5": "1400810141000000", "typklar": "Freistehende Einfamilienhäuser mit Gärten", "art": "Klimarelevante Bebauung" }, "geometry": { "type": "Polygon", "coordinates": [ [ [ 13.439898421885532, 52.424055049658129 ], [ 13.440935990840087, 52.424463781514994 ], [ 13.441071320079081, 52.424442426416618 ], [ 13.441159805820401, 52.424374265041557 ], [ 13.441282076705029, 52.424312449939151 ], [ 13.441429212731169, 52.424280327635856 ], [ 13.44155564510989, 52.424276932321504 ], [ 13.441567589879922, 52.424232914415185 ], [ 13.442565241910243, 52.424348602657055 ], [ 13.443320422735709, 52.424445036341908 ], [ 13.444279770899213, 52.424583117858901 ], [ 13.444593119643859, 52.423376297595247 ], [ 13.442617850266304, 52.423364646128427 ], [ 13.440102913358334, 52.423320262399734 ], [ 13.440008715081381, 52.423348872820426 ], [ 13.439850160645015, 52.423647876554284 ], [ 13.439859452053364, 52.423652182756463 ], [ 13.439744255049755, 52.424011671102967 ], [ 13.439898421885532, 52.424055049658129 ] ] ] } },
{ "type": "Feature", "properties": { "id": "te_kak_klimarelevante_bebauung_2022.1400810171000000", "schl5": "1400810171000000", "typklar": "Freistehende Einfamilienhäuser mit Gärten", "art": "Klimarelevante Bebauung" }, "geometry": { "type": "Polygon", "coordinates": [ [ [ 13.42707457427538, 52.421362354923218 ], [ 13.426827819614036, 52.421320599249121 ], [ 13.426583608672322, 52.42136601852048 ], [ 13.426422938530056, 52.421465497437829 ], [ 13.42577463964548, 52.422126715636651 ], [ 13.425559411232042, 52.42226294662261 ], [ 13.42477851032864, 52.422664219784394 ], [ 13.425036347802701, 52.422855175908055 ], [ 13.425753535512834, 52.422888749852262 ], [ 13.425945032928189, 52.422800107551289 ], [ 13.426097843692395, 52.422813847639937 ], [ 13.426149091999404, 52.422857968076244 ], [ 13.426124922090631, 52.423001713738408 ], [ 13.42503297466175, 52.422950430270575 ], [ 13.424949262077385, 52.422934110936019 ], [ 13.424660652064087, 52.422721533484939 ], [ 13.422209148784958, 52.423909850789265 ], [ 13.422198598974946, 52.423966448835579 ], [ 13.422310110184132, 52.424011575690656 ], [ 13.428716197824723, 52.424373853213311 ], [ 13.428733040932514, 52.424223803110586 ], [ 13.42869073241074, 52.424151839197044 ], [ 13.428545449793894, 52.424096775729758 ], [ 13.428375332210784, 52.424006623861487 ], [ 13.428083804608869, 52.423784164524513 ], [ 13.427090314290473, 52.422433593403625 ], [ 13.426909717787563, 52.422062138625321 ], [ 13.42689622662691, 52.42179521154776 ], [ 13.426992777642601, 52.421572504433904 ], [ 13.427097808218853, 52.421425299292366 ], [ 13.42707457427538, 52.421362354923218 ] ] ] } },
{ "type": "Feature", "properties": { "id": "te_kak_klimarelevante_bebauung_2022.1400810181000100", "schl5": "1400810181000100", "typklar": "Freistehende Einfamilienhäuser mit Gärten", "art": "Klimarelevante Bebauung" }, "geometry": { "type": "Polygon", "coordinates": [ [ [ 13.422664291856931, 52.420847079210191 ], [ 13.423993523764153, 52.420930018956135 ], [ 13.424387503663599, 52.420261128716056 ], [ 13.421514297384256, 52.419611345520565 ], [ 13.420812824763109, 52.420743812983318 ], [ 13.422664291856931, 52.420847079210191 ] ] ] } },
{ "type": "Feature", "properties": { "id": "te_kak_klimarelevante_bebauung_2022.1400810221000000", "schl5": "1400810221000000", "typklar": "Reihen- und Doppelhäuser mit Gärten", "art": "Klimarelevante Bebauung" }, "geometry": { "type": "Polygon", "coordinates": [ [ [ 13.420456412431818, 52.420238905921479 ], [ 13.420943804874707, 52.419476648941036 ], [ 13.418820648950657, 52.418898313739511 ], [ 13.417012090238241, 52.418467379192187 ], [ 13.4168473476679, 52.41849406809645 ], [ 13.416348398786694, 52.419255252001186 ], [ 13.420456412431818, 52.420238905921479 ] ] ] } },
{ "type": "Feature", "properties": { "id": "te_kak_klimarelevante_bebauung_2022.1400810281000000", "schl5": "1400810281000000", "typklar": "Reihen- und Doppelhäuser mit Gärten", "art": "Klimarelevante Bebauung" }, "geometry": { "type": "Polygon", "coordinates": [ [ [ 13.415279612299193, 52.420528554910206 ], [ 13.415590943753323, 52.420025177741032 ], [ 13.415535701428174, 52.41996921344851 ], [ 13.415233840590364, 52.419956920562228 ], [ 13.412639005512032, 52.420309017449881 ], [ 13.412914934345482, 52.421061705712539 ], [ 13.412926057137199, 52.421193831379618 ], [ 13.413053652544097, 52.421252473785032 ], [ 13.414392174862023, 52.421063471167713 ], [ 13.415016320663142, 52.421123978892325 ], [ 13.415279612299193, 52.420528554910206 ] ] ] } },
{ "type": "Feature", "properties": { "id": "te_kak_klimarelevante_bebauung_2022.1400810291000000", "schl5": "1400810291000000", "typklar": "Reihen- und Doppelhäuser mit Gärten", "art": "Klimarelevante Bebauung" }, "geometry": { "type": "Polygon", "coordinates": [ [ [ 13.416080003117973, 52.4192495082699 ], [ 13.415214603463722, 52.419047838184689 ], [ 13.414895121021136, 52.419018498230109 ], [ 13.41459095407793, 52.419030172941021 ], [ 13.41226145069828, 52.419298836706794 ], [ 13.412624869123473, 52.420274407537349 ], [ 13.415172196507459, 52.419923654857861 ], [ 13.415292221074775, 52.419921549570944 ], [ 13.415561588551569, 52.419941234549562 ], [ 13.415665885103209, 52.419910088721608 ], [ 13.416080003117973, 52.4192495082699 ] ] ] } },
{ "type": "Feature", "properties": { "id": "te_kak_klimarelevante_bebauung_2022.1400810331000000", "schl5": "1400810331000000", "typklar": "Freistehende Einfamilienhäuser mit Gärten", "art": "Klimarelevante Bebauung" }, "geometry": { "type": "Polygon", "coordinates": [ [ [ 13.401080823897054, 52.41673419816005 ], [ 13.401491160070144, 52.416681060018682 ], [ 13.401456459638824, 52.416567747465145 ], [ 13.404796270325136, 52.416167870364433 ], [ 13.404978550334812, 52.41616101594812 ], [ 13.405242965038587, 52.416188472043537 ], [ 13.405727370024605, 52.416310711925689 ], [ 13.406030823065045, 52.415879018964716 ], [ 13.401353935293207, 52.414768430970597 ], [ 13.40033060493562, 52.416573700274306 ], [ 13.401080823897054, 52.41673419816005 ] ] ] } },
{ "type": "Feature", "properties": { "id": "te_kak_klimarelevante_bebauung_2022.1400810341000000", "schl5": "1400810341000000", "typklar": "Freistehende Einfamilienhäuser mit Gärten", "art": "Klimarelevante Bebauung" }, "geometry": { "type": "Polygon", "coordinates": [ [ [ 13.401635810953971, 52.414539807052165 ], [ 13.404677450900749, 52.415244721746987 ], [ 13.404873096310718, 52.415210041156378 ], [ 13.40567431390205, 52.413988453179435 ], [ 13.40220807373225, 52.413233922046295 ], [ 13.402176982824367, 52.413288891336435 ], [ 13.402106238269976, 52.413413320721752 ], [ 13.401560714392796, 52.414404189535567 ], [ 13.401635810953971, 52.414539807052165 ] ] ] } },
{ "type": "Feature", "properties": { "id": "te_kak_klimarelevante_bebauung_2022.1400810351000000", "schl5": "1400810351000000", "typklar": "Freistehende Einfamilienhäuser mit Gärten", "art": "Klimarelevante Bebauung" }, "geometry": { "type": "Polygon", "coordinates": [ [ [ 13.40472673424069, 52.41362541304126 ], [ 13.405038978438174, 52.413092779879022 ], [ 13.402506788205294, 52.412713694863619 ], [ 13.402294173452203, 52.413103187354437 ], [ 13.40472673424069, 52.41362541304126 ] ] ] } },
{ "type": "Feature", "properties": { "id": "te_kak_klimarelevante_bebauung_2022.1400810361000000", "schl5": "1400810361000000", "typklar": "Freistehende Einfamilienhäuser mit Gärten", "art": "Klimarelevante Bebauung" }, "geometry": { "type": "Polygon", "coordinates": [ [ [ 13.407017446642966, 52.415790989107194 ], [ 13.407116585037588, 52.415656344661286 ], [ 13.407301625493972, 52.414205366622376 ], [ 13.406631669581213, 52.414161863269328 ], [ 13.4062688941675, 52.414115376865787 ], [ 13.405831352160847, 52.414031882075982 ], [ 13.40496367568173, 52.415318051082352 ], [ 13.407017446642966, 52.415790989107194 ] ] ] } },
{ "type": "Feature", "properties": { "id": "te_kak_klimarelevante_bebauung_2022.1400810371000000", "schl5": "1400810371000000", "typklar": "Freistehende Einfamilienhäuser mit Gärten", "art": "Klimarelevante Bebauung" }, "geometry": { "type": "Polygon", "coordinates": [ [ [ 13.409855084453021, 52.416471127607032 ], [ 13.410167424057377, 52.416016946192045 ], [ 13.410237238528065, 52.415867003681662 ], [ 13.410292387224631, 52.415709837283764 ], [ 13.410317978243759, 52.415585860930491 ], [ 13.410391050463691, 52.415032287584282 ], [ 13.407913231863047, 52.415050342529341 ], [ 13.407334326152112, 52.415019621367385 ], [ 13.407224385767302, 52.415849787348279 ], [ 13.409855084453021, 52.416471127607032 ] ] ] } },
{ "type": "Feature", "properties": { "id": "te_kak_klimarelevante_bebauung_2022.1400810381000000", "schl5": "1400810381000000", "typklar": "Freistehende Einfamilienhäuser mit Gärten", "art": "Klimarelevante Bebauung" }, "geometry": { "type": "Polygon", "coordinates": [ [ [ 13.407906360070847, 52.41495417981865 ], [ 13.408897114178545, 52.414918236526773 ], [ 13.409174766868874, 52.414942127087286 ], [ 13.410403727125031, 52.414939639128718 ], [ 13.410541325060851, 52.414093609572028 ], [ 13.407461781454355, 52.41421285341783 ], [ 13.407361212922185, 52.414932500040429 ], [ 13.407906360070847, 52.41495417981865 ] ] ] } },
{ "type": "Feature", "properties": { "id": "te_kak_klimarelevante_bebauung_2022.1400810391000000", "schl5": "1400810391000000", "typklar": "Freistehende Einfamilienhäuser mit Gärten", "art": "Klimarelevante Bebauung" }, "geometry": { "type": "Polygon", "coordinates": [ [ [ 13.404845630815004, 52.413654393049043 ], [ 13.405959886477586, 52.413896416672543 ], [ 13.406538437137197, 52.413996348824817 ], [ 13.40750812978407, 52.414053860451467 ], [ 13.41057965406088, 52.413954948236849 ], [ 13.410684763535125, 52.413312029944755 ], [ 13.410242164097241, 52.413358475848057 ], [ 13.410234224466995, 52.41335936512192 ], [ 13.409968664116121, 52.413389078891797 ], [ 13.409949252321979, 52.413391200457596 ], [ 13.409782420558816, 52.413397812643474 ], [ 13.409693497332421, 52.413399709363176 ], [ 13.409518878888917, 52.413405326292761 ], [ 13.409417455311669, 52.413408915798065 ], [ 13.409225050231148, 52.41341521006963 ], [ 13.40914169630787, 52.41341801750302 ], [ 13.408931647984648, 52.413425089864688 ], [ 13.408866239040874, 52.413427311441886 ], [ 13.408637966336027, 52.413435783370801 ], [ 13.408590501004053, 52.413436232319846 ], [ 13.408469671345101, 52.413440144187298 ], [ 13.408457070534556, 52.41343976885409 ], [ 13.408418269343686, 52.413441095724011 ], [ 13.407556021227954, 52.413401285163204 ], [ 13.407091259106554, 52.413358409353052 ], [ 13.40606600495448, 52.413246869411751 ], [ 13.40517949673611, 52.413112151063281 ], [ 13.404845630815004, 52.413654393049043 ] ] ] } },
{ "type": "Feature", "properties": { "id": "te_kak_klimarelevante_bebauung_2022.1400810401000000", "schl5": "1400810401000000", "typklar": "Freistehende Einfamilienhäuser mit Gärten", "art": "Klimarelevante Bebauung" }, "geometry": { "type": "Polygon", "coordinates": [ [ [ 13.412239279251018, 52.41702186748779 ], [ 13.412744388094355, 52.416212183883488 ], [ 13.412320137053447, 52.416108069054275 ], [ 13.412239306701096, 52.416107009511123 ], [ 13.412121549634634, 52.416143654830314 ], [ 13.411940978114993, 52.416101974534826 ], [ 13.412025406458774, 52.415967327149488 ], [ 13.412076889280625, 52.41595843408539 ], [ 13.41281098353905, 52.416117944830333 ], [ 13.41295768777348, 52.415869250532609 ], [ 13.412879432374734, 52.415639948365296 ], [ 13.410419173850711, 52.415930264044121 ], [ 13.410053304914262, 52.416511032636862 ], [ 13.412239279251018, 52.41702186748779 ] ] ] } },
{ "type": "Feature", "properties": { "id": "te_kak_klimarelevante_bebauung_2022.1400810411000000", "schl5": "1400810411000000", "typklar": "Freistehende Einfamilienhäuser mit Gärten", "art": "Klimarelevante Bebauung" }, "geometry": { "type": "Polygon", "coordinates": [ [ [ 13.412897051373003, 52.417175906311989 ], [ 13.413316909672778, 52.416527144853553 ], [ 13.413430653858288, 52.416416888377057 ], [ 13.413406829799271, 52.416362349893937 ], [ 13.412744388094355, 52.416212183883488 ], [ 13.412239279251018, 52.41702186748779 ], [ 13.412897051373003, 52.417175906311989 ] ] ] } },
{ "type": "Feature", "properties": { "id": "te_kak_klimarelevante_bebauung_2022.1400810461000000", "schl5": "1400810461000000", "typklar": "Freistehende Einfamilienhäuser mit Gärten", "art": "Klimarelevante Bebauung" }, "geometry": { "type": "Polygon", "coordinates": [ [ [ 13.423208438904815, 52.418550123152961 ], [ 13.423642754353551, 52.418229060473124 ], [ 13.423167946622138, 52.417928212015596 ], [ 13.422817302029802, 52.417778479605573 ], [ 13.422500033735757, 52.417585515025621 ], [ 13.422054426132695, 52.417266984737132 ], [ 13.421290191409959, 52.417631055768261 ], [ 13.421192900627124, 52.417692880017043 ], [ 13.421083666697783, 52.417793334464235 ], [ 13.42093711395991, 52.418017774263824 ], [ 13.423208438904815, 52.418550123152961 ] ] ] } },
{ "type": "Feature", "properties": { "id": "te_kak_klimarelevante_bebauung_2022.1400810471000000", "schl5": "1400810471000000", "typklar": "Freistehende Einfamilienhäuser mit Gärten", "art": "Klimarelevante Bebauung" }, "geometry": { "type": "Polygon", "coordinates": [ [ [ 13.420787326155196, 52.417989654896758 ], [ 13.420972228448576, 52.417736552011192 ], [ 13.421194999017171, 52.417557205807206 ], [ 13.421959480022203, 52.417198166553618 ], [ 13.421348764235523, 52.416617852842776 ], [ 13.420091945969341, 52.417081657105925 ], [ 13.419815072205335, 52.417200703337059 ], [ 13.419605774318518, 52.417327063063205 ], [ 13.419431671613703, 52.417469632071509 ], [ 13.419302986472813, 52.417643768396808 ], [ 13.420787326155196, 52.417989654896758 ] ] ] } },
{ "type": "Feature", "properties": { "id": "te_kak_klimarelevante_bebauung_2022.1400810481000000", "schl5": "1400810481000000", "typklar": "Freistehende Einfamilienhäuser mit Gärten", "art": "Klimarelevante Bebauung" }, "geometry": { "type": "Polygon", "coordinates": [ [ [ 13.4191429908652, 52.417598554846741 ], [ 13.419447270986062, 52.417277358091333 ], [ 13.419871681528811, 52.417039041322084 ], [ 13.421272230391306, 52.416535755412852 ], [ 13.421386783616395, 52.416475488717893 ], [ 13.42154664593126, 52.416358866811237 ], [ 13.421629052284446, 52.416245236801139 ], [ 13.421651244523371, 52.416143122531928 ], [ 13.421615125322067, 52.416006175569194 ], [ 13.421510406590485, 52.415891582723724 ], [ 13.4213454583718, 52.415795272885127 ], [ 13.421128656460548, 52.415713174065438 ], [ 13.420556271586577, 52.415574270872689 ], [ 13.4204442288245, 52.415597570648522 ], [ 13.420245042443844, 52.415771694743796 ], [ 13.419938332434064, 52.415986838710239 ], [ 13.419443122781981, 52.416280971430169 ], [ 13.418422150283664, 52.416679347817869 ], [ 13.4180402594027, 52.416847570220433 ], [ 13.417831331245809, 52.417059420054642 ], [ 13.41769007776491, 52.417272595249891 ], [ 13.4191429908652, 52.417598554846741 ] ] ] } },
{ "type": "Feature", "properties": { "id": "te_kak_klimarelevante_bebauung_2022.1400810491000000", "schl5": "1400810491000000", "typklar": "Freistehende Einfamilienhäuser mit Gärten", "art": "Klimarelevante Bebauung" }, "geometry": { "type": "Polygon", "coordinates": [ [ [ 13.417594808663969, 52.41698849572164 ], [ 13.41779523837686, 52.416783048474187 ], [ 13.418042144485222, 52.416634849395578 ], [ 13.418607226226179, 52.416424326746331 ], [ 13.419311632561472, 52.416114222200491 ], [ 13.419643271518009, 52.415911725651192 ], [ 13.419815029432504, 52.41581916457897 ], [ 13.419935736931455, 52.415729480542645 ], [ 13.420177281650098, 52.415521511951319 ], [ 13.420430448858406, 52.415239496540039 ], [ 13.420535824644544, 52.415081247883663 ], [ 13.420508782385635, 52.415003507447423 ], [ 13.420394280305826, 52.414981980175739 ], [ 13.420262266181128, 52.414975656654526 ], [ 13.420116405964812, 52.414993208377098 ], [ 13.419889785357965, 52.41505480636787 ], [ 13.416626331201773, 52.416245885179016 ], [ 13.416364003888843, 52.416359753148136 ], [ 13.416142125428031, 52.416487031582541 ], [ 13.415948122145577, 52.41665056520111 ], [ 13.41581323037337, 52.416835165809502 ], [ 13.417437907935602, 52.417214981234146 ], [ 13.417594808663969, 52.41698849572164 ] ] ] } },
{ "type": "Feature", "properties": { "id": "te_kak_klimarelevante_bebauung_2022.1400810501000000", "schl5": "1400810501000000", "typklar": "Freistehende Einfamilienhäuser mit Gärten", "art": "Klimarelevante Bebauung" }, "geometry": { "type": "Polygon", "coordinates": [ [ [ 13.415657569915766, 52.416800587337811 ], [ 13.415861242313646, 52.416570376469785 ], [ 13.416045832029541, 52.416420164997959 ], [ 13.416295840140627, 52.416275786501011 ], [ 13.416533602763399, 52.416163236836923 ], [ 13.419766365924103, 52.415000687592439 ], [ 13.419789065825984, 52.414941314672959 ], [ 13.419330460869705, 52.414451502914808 ], [ 13.419151478844503, 52.414367402043155 ], [ 13.418899818938096, 52.414374577634497 ], [ 13.414444294804339, 52.415991448784283 ], [ 13.413958520437186, 52.41618471229404 ], [ 13.413856826235513, 52.416243820872822 ], [ 13.413790350486275, 52.416313803851082 ], [ 13.413772562999432, 52.416345246570415 ], [ 13.415657569915766, 52.416800587337811 ] ] ] } },
{ "type": "Feature", "properties": { "id": "te_kak_klimarelevante_bebauung_2022.1400810521000000", "schl5": "1400810521000000", "typklar": "Freistehende Einfamilienhäuser mit Gärten", "art": "Klimarelevante Bebauung" }, "geometry": { "type": "Polygon", "coordinates": [ [ [ 13.413967176745135, 52.414997572723244 ], [ 13.41833377502857, 52.413411135836014 ], [ 13.418015046956491, 52.413060083867506 ], [ 13.414215322770747, 52.414434561236725 ], [ 13.41319851497159, 52.414695133144775 ], [ 13.410591525250236, 52.41502667531266 ], [ 13.410523616261793, 52.415416670176093 ], [ 13.413967176745135, 52.414997572723244 ] ] ] } },
{ "type": "Feature", "properties": { "id": "te_kak_klimarelevante_bebauung_2022.1400810531000000", "schl5": "1400810531000000", "typklar": "Freistehende Einfamilienhäuser mit Gärten", "art": "Klimarelevante Bebauung" }, "geometry": { "type": "Polygon", "coordinates": [ [ [ 13.41060906062004, 52.414940014675075 ], [ 13.412979812943536, 52.414637237626145 ], [ 13.413750742675935, 52.414467881342404 ], [ 13.414279097471828, 52.414314268379876 ], [ 13.417939310777234, 52.412987015713696 ], [ 13.417283945062144, 52.412276956185899 ], [ 13.413488675080533, 52.413650498705216 ], [ 13.412695475358953, 52.413868361154343 ], [ 13.411886484377275, 52.414007977792522 ], [ 13.411298335142941, 52.414066233975859 ], [ 13.410740332982208, 52.41408827045997 ], [ 13.41060906062004, 52.414940014675075 ] ] ] } },
{ "type": "Feature", "properties": { "id": "te_kak_klimarelevante_bebauung_2022.1400810541000000", "schl5": "1400810541000000", "typklar": "Freistehende Einfamilienhäuser mit Gärten", "art": "Klimarelevante Bebauung" }, "geometry": { "type": "Polygon", "coordinates": [ [ [ 13.410770323430961, 52.413953801953888 ], [ 13.4113302488907, 52.413921939521835 ], [ 13.411999009508659, 52.413837435540778 ], [ 13.412932667944599, 52.413663346406352 ], [ 13.413766245032859, 52.413385014381944 ], [ 13.415585993149945, 52.412733643627234 ], [ 13.414927728913735, 52.412061571018228 ], [ 13.41427986923426, 52.412318312412033 ], [ 13.412959147303109, 52.412683172290023 ], [ 13.411604061625093, 52.413102277544638 ], [ 13.411486260802199, 52.413138963487768 ], [ 13.411483805768595, 52.413139470662522 ], [ 13.411478912801474, 52.413140983975119 ], [ 13.410878335183339, 52.413267910382679 ], [ 13.410770323430961, 52.413953801953888 ] ] ] } },
{ "type": "Feature", "properties": { "id": "te_kak_klimarelevante_bebauung_2022.1400810551000000", "schl5": "1400810551000000", "typklar": "Freistehende Einfamilienhäuser mit Gärten", "art": "Klimarelevante Bebauung" }, "geometry": { "type": "Polygon", "coordinates": [ [ [ 13.415773065573577, 52.412671679437985 ], [ 13.417190500674815, 52.412151588672145 ], [ 13.416610373096239, 52.411555266100841 ], [ 13.416837155376971, 52.411472604820396 ], [ 13.416994822514232, 52.411642473295814 ], [ 13.416881430455433, 52.411683804129531 ], [ 13.417303892195584, 52.412110257532817 ], [ 13.418644983770458, 52.411613445795119 ], [ 13.418119027565051, 52.410814409345697 ], [ 13.418118823869335, 52.410814486867679 ], [ 13.418099963993402, 52.410822182705417 ], [ 13.41802942514893, 52.410849138420438 ], [ 13.417940819422407, 52.410882991310977 ], [ 13.41773662580939, 52.410961017282901 ], [ 13.417708810555578, 52.410971209628229 ], [ 13.417646709845759, 52.41099505632188 ], [ 13.415427895766946, 52.411856813784816 ], [ 13.415119163223606, 52.41197877799199 ], [ 13.415116911691777, 52.411979669742536 ], [ 13.415773065573577, 52.412671679437985 ] ] ] } },
{ "type": "Feature", "properties": { "id": "te_kak_klimarelevante_bebauung_2022.1400810561000000", "schl5": "1400810561000000", "typklar": "Freistehende Einfamilienhäuser mit Gärten", "art": "Klimarelevante Bebauung" }, "geometry": { "type": "Polygon", "coordinates": [ [ [ 13.419738211220363, 52.412899562145952 ], [ 13.418928156004467, 52.412022816774339 ], [ 13.418732476732641, 52.411758285709652 ], [ 13.417410529590553, 52.412234942923966 ], [ 13.41847804858639, 52.413358366358835 ], [ 13.419738211220363, 52.412899562145952 ] ] ] } },
{ "type": "Feature", "properties": { "id": "te_kak_klimarelevante_bebauung_2022.1400810631000100", "schl5": "1400810631000100", "typklar": "Freistehende Einfamilienhäuser mit Gärten", "art": "Klimarelevante Bebauung" }, "geometry": { "type": "Polygon", "coordinates": [ [ [ 13.427506288450004, 52.418198874352825 ], [ 13.428769715854859, 52.41766014870133 ], [ 13.428152003415013, 52.417143602526544 ], [ 13.427726778574513, 52.416627294426455 ], [ 13.427278353489791, 52.416757458743476 ], [ 13.426825863013494, 52.416910832857532 ], [ 13.4263480719244, 52.417099282941116 ], [ 13.426329268440643, 52.417161897200657 ], [ 13.427506288450004, 52.418198874352825 ] ] ] } },
{ "type": "Feature", "properties": { "id": "te_kak_klimarelevante_bebauung_2022.1400810631000200", "schl5": "1400810631000200", "typklar": "Freistehende Einfamilienhäuser mit Gärten", "art": "Klimarelevante Bebauung" }, "geometry": { "type": "Polygon", "coordinates": [ [ [ 13.428152003415013, 52.417143602526544 ], [ 13.428769715854859, 52.41766014870133 ], [ 13.428931776475604, 52.417591043842158 ], [ 13.429317487321045, 52.417447901921264 ], [ 13.429764786378369, 52.41733364639429 ], [ 13.430033992330191, 52.417282842307692 ], [ 13.431300441816379, 52.417087385345695 ], [ 13.431088512772689, 52.416101522183631 ], [ 13.431008269171855, 52.416067689729246 ], [ 13.429925246937694, 52.416227652263316 ], [ 13.428804893862209, 52.416394501308247 ], [ 13.428411399759462, 52.416467266572532 ], [ 13.428020691068351, 52.41655296721958 ], [ 13.427726778574513, 52.416627294426455 ], [ 13.428152003415013, 52.417143602526544 ] ] ] } },
{ "type": "Feature", "properties": { "id": "te_kak_klimarelevante_bebauung_2022.1400810641000000", "schl5": "1400810641000000", "typklar": "Freistehende Einfamilienhäuser mit Gärten", "art": "Klimarelevante Bebauung" }, "geometry": { "type": "Polygon", "coordinates": [ [ [ 13.428722895324151, 52.419270333255405 ], [ 13.429474263783375, 52.41887707212792 ], [ 13.429907203165236, 52.418695365831177 ], [ 13.430211911804181, 52.418592526139435 ], [ 13.430490031444661, 52.418519295766963 ], [ 13.430818047795238, 52.418456028436395 ], [ 13.431565267343421, 52.418338647306101 ], [ 13.431315719156165, 52.417176035199525 ], [ 13.430071849226019, 52.417368278447505 ], [ 13.429783491991115, 52.417426211803104 ], [ 13.429499515615529, 52.417493138995674 ], [ 13.429246364735603, 52.417573595925013 ], [ 13.42901371571193, 52.417665777728814 ], [ 13.427595621841586, 52.4182709185147 ], [ 13.428722895324151, 52.419270333255405 ] ] ] } },
{ "type": "Feature", "properties": { "id": "te_kak_klimarelevante_bebauung_2022.1400810651000000", "schl5": "1400810651000000", "typklar": "Freistehende Einfamilienhäuser mit Gärten", "art": "Klimarelevante Bebauung" }, "geometry": { "type": "Polygon", "coordinates": [ [ [ 13.431958384286478, 52.420186057992112 ], [ 13.431600104332208, 52.418437558393563 ], [ 13.430850044768411, 52.418539664706948 ], [ 13.430546980732764, 52.418603866700273 ], [ 13.430265922338561, 52.418676190538662 ], [ 13.429995063061813, 52.418769202995755 ], [ 13.429576826101069, 52.418950036774142 ], [ 13.42924086416545, 52.419139094994101 ], [ 13.429060968146032, 52.41926730236986 ], [ 13.428907531326342, 52.419396455434686 ], [ 13.431958384286478, 52.420186057992112 ] ] ] } },
{ "type": "Feature", "properties": { "id": "te_kak_klimarelevante_bebauung_2022.1400810711000100", "schl5": "1400810711000100", "typklar": "Freistehende Einfamilienhäuser mit Gärten", "art": "Klimarelevante Bebauung" }, "geometry": { "type": "Polygon", "coordinates": [ [ [ 13.442440374741974, 52.423271806673789 ], [ 13.447452637684311, 52.423353201018912 ], [ 13.447540982160421, 52.423317388626714 ], [ 13.447622269804842, 52.422920486008216 ], [ 13.443675311964006, 52.422849337599622 ], [ 13.442440374741974, 52.423271806673789 ] ] ] } },
{ "type": "Feature", "properties": { "id": "te_kak_klimarelevante_bebauung_2022.1400810811000100", "schl5": "1400810811000100", "typklar": "Freistehende Einfamilienhäuser mit Gärten", "art": "Klimarelevante Bebauung" }, "geometry": { "type": "Polygon", "coordinates": [ [ [ 13.448479316643422, 52.421171188722596 ], [ 13.448867115973393, 52.421205125624795 ], [ 13.449974437343071, 52.418008126067619 ], [ 13.449673531665411, 52.417907923694052 ], [ 13.449516205156698, 52.417922966065092 ], [ 13.448412850184685, 52.421119206189317 ], [ 13.448479316643422, 52.421171188722596 ] ] ] } },
{ "type": "Feature", "properties": { "id": "te_kak_klimarelevante_bebauung_2022.1400810811000200", "schl5": "1400810811000200", "typklar": "Freistehende Einfamilienhäuser mit Gärten", "art": "Klimarelevante Bebauung" }, "geometry": { "type": "Polygon", "coordinates": [ [ [ 13.450872728458869, 52.421393419628657 ], [ 13.451908089854873, 52.418532228938048 ], [ 13.451353261555107, 52.418339990626052 ], [ 13.450291030850206, 52.421340671093631 ], [ 13.450872728458869, 52.421393419628657 ] ] ] } },
{ "type": "Feature", "properties": { "id": "te_kak_klimarelevante_bebauung_2022.1400810811000300", "schl5": "1400810811000300", "typklar": "Reihen- und Doppelhäuser mit Gärten", "art": "Klimarelevante Bebauung" }, "geometry": { "type": "Polygon", "coordinates": [ [ [ 13.450291030850206, 52.421340671093631 ], [ 13.451353261555107, 52.418339990626052 ], [ 13.450013685912467, 52.417917509889719 ], [ 13.449974437343071, 52.418008126067619 ], [ 13.448867115973393, 52.421205125624795 ], [ 13.450291030850206, 52.421340671093631 ] ] ] } },
{ "type": "Feature", "properties": { "id": "te_kak_klimarelevante_bebauung_2022.1400810841000000", "schl5": "1400810841000000", "typklar": "Freistehende Einfamilienhäuser mit Gärten", "art": "Klimarelevante Bebauung" }, "geometry": { "type": "Polygon", "coordinates": [ [ [ 13.452284546314042, 52.421525217508083 ], [ 13.453180646987754, 52.418998206707208 ], [ 13.452015164574878, 52.418588103959202 ], [ 13.451024221223467, 52.421404762617307 ], [ 13.452284546314042, 52.421525217508083 ] ] ] } },
{ "type": "Feature", "properties": { "id": "te_kak_klimarelevante_bebauung_2022.1400810851000000", "schl5": "1400810851000000", "typklar": "Freistehende Einfamilienhäuser mit Gärten", "art": "Klimarelevante Bebauung" }, "geometry": { "type": "Polygon", "coordinates": [ [ [ 13.454010006578409, 52.42167042689924 ], [ 13.454765957361175, 52.419524056242963 ], [ 13.454344517984371, 52.419420095618698 ], [ 13.453297991604311, 52.419044719365921 ], [ 13.452423931681368, 52.421532834299832 ], [ 13.454010006578409, 52.42167042689924 ] ] ] } },
{ "type": "Feature", "properties": { "id": "te_kak_klimarelevante_bebauung_2022.1400810861000000", "schl5": "1400810861000000", "typklar": "Freistehende Einfamilienhäuser mit Gärten", "art": "Klimarelevante Bebauung" }, "geometry": { "type": "Polygon", "coordinates": [ [ [ 13.452002929339772, 52.422798345571337 ], [ 13.452036077269074, 52.422929069439014 ], [ 13.454537771244011, 52.422343814062977 ], [ 13.454677613851592, 52.422234694910173 ], [ 13.454736251821233, 52.421964250607644 ], [ 13.454672815058801, 52.421910423106162 ], [ 13.452362658365558, 52.421699509449937 ], [ 13.452002929339772, 52.422798345571337 ] ] ] } },
{ "type": "Feature", "properties": { "id": "te_kak_klimarelevante_bebauung_2022.1400810881000000", "schl5": "1400810881000000", "typklar": "Freistehende Einfamilienhäuser mit Gärten", "art": "Klimarelevante Bebauung" }, "geometry": { "type": "Polygon", "coordinates": [ [ [ 13.455660894955773, 52.421816149239241 ], [ 13.455748940769007, 52.421778712045537 ], [ 13.456373611724016, 52.419998184708064 ], [ 13.456277393070799, 52.419903910399533 ], [ 13.454899552513718, 52.419565589110661 ], [ 13.454155440966789, 52.421681756770901 ], [ 13.455660894955773, 52.421816149239241 ] ] ] } },
{ "type": "Feature", "properties": { "id": "te_kak_klimarelevante_bebauung_2022.1400816001000000", "schl5": "1400816001000000", "typklar": "Freistehende Einfamilienhäuser mit Gärten", "art": "Klimarelevante Bebauung" }, "geometry": { "type": "Polygon", "coordinates": [ [ [ 13.404460125665722, 52.423361445849693 ], [ 13.404562417999243, 52.423394439411268 ], [ 13.407033636064696, 52.42312010960093 ], [ 13.407092988266211, 52.423067916993269 ], [ 13.406989756117333, 52.422721109351329 ], [ 13.404257898262458, 52.423090476503134 ], [ 13.404460125665722, 52.423361445849693 ] ] ] } },
{ "type": "Feature", "properties": { "id": "te_kak_klimarelevante_bebauung_2022.1400816011000200", "schl5": "1400816011000200", "typklar": "Freistehende Einfamilienhäuser mit Gärten", "art": "Klimarelevante Bebauung" }, "geometry": { "type": "Polygon", "coordinates": [ [ [ 13.431246121490991, 52.421666842644093 ], [ 13.43165334419132, 52.421113098059465 ], [ 13.431632269387134, 52.421079760625076 ], [ 13.4314803623198, 52.421037990791099 ], [ 13.431562932449053, 52.420922218999905 ], [ 13.431657825132804, 52.420899453490001 ], [ 13.431765930530545, 52.420928176702965 ], [ 13.431860963520878, 52.421033861695385 ], [ 13.43188918682003, 52.421050342847437 ], [ 13.433192150457893, 52.421403081815157 ], [ 13.433486425858559, 52.421336162577497 ], [ 13.433826631348339, 52.420848742388877 ], [ 13.431496741056421, 52.420231664683492 ], [ 13.430810445947397, 52.421172108857682 ], [ 13.430723928235862, 52.421150915522993 ], [ 13.430477661255681, 52.421484121217603 ], [ 13.431246121490991, 52.421666842644093 ] ] ] } },
{ "type": "Feature", "properties": { "id": "te_kak_klimarelevante_bebauung_2022.1400816011000300", "schl5": "1400816011000300", "typklar": "Reihen- und Doppelhäuser mit Gärten", "art": "Klimarelevante Bebauung" }, "geometry": { "type": "Polygon", "coordinates": [ [ [ 13.428318755971588, 52.420891750289385 ], [ 13.428397080102851, 52.420798418344397 ], [ 13.429025641479559, 52.420921690694257 ], [ 13.42890445685857, 52.421067971642351 ], [ 13.429905674112838, 52.421349126494803 ], [ 13.430477661255681, 52.421484121217603 ], [ 13.430723928235862, 52.421150915522993 ], [ 13.430233181516419, 52.421041109657473 ], [ 13.430100096070896, 52.421224928388774 ], [ 13.430054536209783, 52.42121369850414 ], [ 13.430884212079969, 52.420069424810606 ], [ 13.429610084343544, 52.419731932455186 ], [ 13.429395697902661, 52.419684845120855 ], [ 13.429239994354264, 52.419662118281131 ], [ 13.429078303834569, 52.419663644507935 ], [ 13.428865023633637, 52.419697437566455 ], [ 13.428672227924034, 52.419752832290797 ], [ 13.428523445456678, 52.419825375322119 ], [ 13.428414351440793, 52.419897983641228 ], [ 13.428325204813357, 52.419981987232212 ], [ 13.427801994014304, 52.420750690233163 ], [ 13.428318755971588, 52.420891750289385 ] ] ] } },
{ "type": "Feature", "properties": { "id": "te_kak_klimarelevante_bebauung_2022.1400816031000000", "schl5": "1400816031000000", "typklar": "Reihen- und Doppelhäuser mit Gärten", "art": "Klimarelevante Bebauung" }, "geometry": { "type": "Polygon", "coordinates": [ [ [ 13.40941581468263, 52.421217087750193 ], [ 13.412634138100197, 52.420768233141267 ], [ 13.412499120309644, 52.420328243225974 ], [ 13.409954874271532, 52.42069774818075 ], [ 13.409731362238331, 52.420716208232655 ], [ 13.409332941143191, 52.420732552826578 ], [ 13.408931778961801, 52.420708448241413 ], [ 13.408665893660718, 52.420675607643439 ], [ 13.40843244450032, 52.420622153831204 ], [ 13.408251737062434, 52.420902205482754 ], [ 13.40941581468263, 52.421217087750193 ] ] ] } },
{ "type": "Feature", "properties": { "id": "te_kak_klimarelevante_bebauung_2022.1400816041000000", "schl5": "1400816041000000", "typklar": "Reihen- und Doppelhäuser mit Gärten", "art": "Klimarelevante Bebauung" }, "geometry": { "type": "Polygon", "coordinates": [ [ [ 13.409832851102029, 52.419588951339094 ], [ 13.410213476124209, 52.420600407769264 ], [ 13.412483682647814, 52.420293630210267 ], [ 13.412116121831456, 52.419315434504611 ], [ 13.409832851102029, 52.419588951339094 ] ] ] } },
{ "type": "Feature", "properties": { "id": "te_kak_klimarelevante_bebauung_2022.1400816051000000", "schl5": "1400816051000000", "typklar": "Reihen- und Doppelhäuser mit Gärten", "art": "Klimarelevante Bebauung" }, "geometry": { "type": "Polygon", "coordinates": [ [ [ 13.410266402044186, 52.417968986212223 ], [ 13.409708296036436, 52.418828064289997 ], [ 13.409667633229095, 52.419026594156811 ], [ 13.409670200244758, 52.419102986460778 ], [ 13.409688789920079, 52.419208166546518 ], [ 13.409813024586457, 52.419536969965094 ], [ 13.412106484742681, 52.419280944299722 ], [ 13.411797036819097, 52.418501169759899 ], [ 13.411746082639828, 52.418400420343595 ], [ 13.411694901908765, 52.418346406810294 ], [ 13.411536640236154, 52.418248143775607 ], [ 13.411428087300218, 52.418204837372009 ], [ 13.410353522203529, 52.417946172809643 ], [ 13.410266402044186, 52.417968986212223 ] ] ] } },
{ "type": "Feature", "properties": { "id": "te_kak_klimarelevante_bebauung_2022.1400816061000000", "schl5": "1400816061000000", "typklar": "Reihen- und Doppelhäuser mit Gärten", "art": "Klimarelevante Bebauung" }, "geometry": { "type": "Polygon", "coordinates": [ [ [ 13.408955588304655, 52.417666479699228 ], [ 13.408539192838688, 52.418352315428656 ], [ 13.408466433269179, 52.418502257740727 ], [ 13.408423042490618, 52.418657647565375 ], [ 13.40840030719985, 52.418796899323901 ], [ 13.408402500443538, 52.418947878553681 ], [ 13.408426669601806, 52.419113278824391 ], [ 13.40897126816785, 52.420606536679273 ], [ 13.409084788624439, 52.420666530582665 ], [ 13.409306765540258, 52.420674988728003 ], [ 13.409666964174921, 52.420659476032277 ], [ 13.410127435294664, 52.420611630664538 ], [ 13.409586293975389, 52.419127995099934 ], [ 13.409576452461545, 52.419037212513707 ], [ 13.409613922583471, 52.418889898564686 ], [ 13.40965711294546, 52.418774948058392 ], [ 13.410183444037941, 52.417949186876065 ], [ 13.410146620675887, 52.417897431017103 ], [ 13.409042408694246, 52.417645991051138 ], [ 13.408955588304655, 52.417666479699228 ] ] ] } },
{ "type": "Feature", "properties": { "id": "te_kak_klimarelevante_bebauung_2022.1400816071000000", "schl5": "1400816071000000", "typklar": "Reihen- und Doppelhäuser mit Gärten", "art": "Klimarelevante Bebauung" }, "geometry": { "type": "Polygon", "coordinates": [ [ [ 13.407720947423181, 52.417373922708649 ], [ 13.407153503590271, 52.41828414099988 ], [ 13.407088166392199, 52.418417907518368 ], [ 13.406971737902719, 52.418776280838742 ], [ 13.406952039898172, 52.41889576565115 ], [ 13.406930171976644, 52.419154541715841 ], [ 13.406956854985921, 52.419405320690657 ], [ 13.406987187468502, 52.419512318344729 ], [ 13.407048217916627, 52.419653522178116 ], [ 13.407138676460129, 52.419789389694316 ], [ 13.407254092635231, 52.419930695001632 ], [ 13.407382828612871, 52.420054050668867 ], [ 13.407551260187612, 52.420175683217977 ], [ 13.407753481922358, 52.420300974194959 ], [ 13.407876628113572, 52.420365905618169 ], [ 13.408180254080527, 52.420494976514341 ], [ 13.408572210485916, 52.42059635148911 ], [ 13.408766762871455, 52.42063017158528 ], [ 13.408864896293355, 52.420559786704096 ], [ 13.4083207365102, 52.419134650686949 ], [ 13.408289244889739, 52.418963845194696 ], [ 13.408308227273567, 52.418691583719067 ], [ 13.40833974419972, 52.418559537971142 ], [ 13.408455631693686, 52.418308104637816 ], [ 13.408867508063585, 52.417644762799419 ], [ 13.408832475185141, 52.417596177542478 ], [ 13.407795992372616, 52.417357014912291 ], [ 13.407720947423181, 52.417373922708649 ] ] ] } },
{ "type": "Feature", "properties": { "id": "te_kak_klimarelevante_bebauung_2022.1400816081000300", "schl5": "1400816081000300", "typklar": "Reihen- und Doppelhäuser mit Gärten", "art": "Klimarelevante Bebauung" }, "geometry": { "type": "Polygon", "coordinates": [ [ [ 13.404747763183774, 52.419095648738448 ], [ 13.404867384610927, 52.419102182858921 ], [ 13.40518779166772, 52.418605623631656 ], [ 13.406318042661681, 52.418764733290367 ], [ 13.406291052514231, 52.419273056724549 ], [ 13.406332562601046, 52.419531058771156 ], [ 13.406435360770462, 52.419759271004814 ], [ 13.406617511735517, 52.420013797305586 ], [ 13.406775560516593, 52.420197254803163 ], [ 13.406994825860998, 52.420365874312587 ], [ 13.407183744933473, 52.420489580784569 ], [ 13.407125001807097, 52.420609960127777 ], [ 13.408191560349326, 52.420884121337778 ], [ 13.408372284346722, 52.420601372636888 ], [ 13.408248950755281, 52.420573287852754 ], [ 13.408014144436734, 52.420497363908794 ], [ 13.407731104635616, 52.420367433372419 ], [ 13.407569848256959, 52.42028086092607 ], [ 13.407268192792568, 52.42005114139895 ], [ 13.407149695767947, 52.419937690709148 ], [ 13.407053322165496, 52.419809901217349 ], [ 13.406981906065109, 52.419687548663973 ], [ 13.406853922361151, 52.419414116120194 ], [ 13.406833833304663, 52.419020462243147 ], [ 13.40686737939477, 52.418776983855111 ], [ 13.406956940408472, 52.418501260778946 ], [ 13.40614299529288, 52.418434121530218 ], [ 13.40587420956404, 52.418396795589366 ], [ 13.405066480537783, 52.418264065450302 ], [ 13.404747896638868, 52.418191588284301 ], [ 13.404532300584394, 52.418683653726319 ], [ 13.404747763183774, 52.419095648738448 ] ] ] } },
{ "type": "Feature", "properties": { "id": "te_kak_klimarelevante_bebauung_2022.1400816091000000", "schl5": "1400816091000000", "typklar": "Reihen- und Doppelhäuser mit Gärten", "art": "Klimarelevante Bebauung" }, "geometry": { "type": "Polygon", "coordinates": [ [ [ 13.406991250741671, 52.41839977455097 ], [ 13.407056563747581, 52.418270480886513 ], [ 13.407635793415841, 52.41735579133038 ], [ 13.407589009907037, 52.417305407414588 ], [ 13.406715563132439, 52.417090801395439 ], [ 13.406627235254181, 52.417118474467962 ], [ 13.405890948420137, 52.418282696325235 ], [ 13.406991250741671, 52.41839977455097 ] ] ] } },
{ "type": "Feature", "properties": { "id": "te_kak_klimarelevante_bebauung_2022.1400816101000000", "schl5": "1400816101000000", "typklar": "Reihen- und Doppelhäuser mit Gärten", "art": "Klimarelevante Bebauung" }, "geometry": { "type": "Polygon", "coordinates": [ [ [ 13.405285869515714, 52.418186299403388 ], [ 13.405791069575738, 52.418269029706025 ], [ 13.406528825707491, 52.417105723783365 ], [ 13.40650413779213, 52.417046372718339 ], [ 13.405643900848149, 52.416837175955095 ], [ 13.40546794738721, 52.417047121156699 ], [ 13.404814560139613, 52.418087467844956 ], [ 13.405285869515714, 52.418186299403388 ] ] ] } },
{ "type": "Feature", "properties": { "id": "te_kak_klimarelevante_bebauung_2022.1400816141000000", "schl5": "1400816141000000", "typklar": "Reihen- und Doppelhäuser mit Gärten", "art": "Klimarelevante Bebauung" }, "geometry": { "type": "Polygon", "coordinates": [ [ [ 13.404644250546838, 52.418050302599042 ], [ 13.405685723006131, 52.416409487832965 ], [ 13.40516309770695, 52.416288965575859 ], [ 13.405041181967915, 52.416274379693917 ], [ 13.404923611893436, 52.416272333918194 ], [ 13.401674995334625, 52.416658030443983 ], [ 13.401713570620352, 52.416875574698494 ], [ 13.401714648376165, 52.416952876835595 ], [ 13.401699489058156, 52.417043591920532 ], [ 13.401648911485493, 52.417162148648472 ], [ 13.401558465709744, 52.417317445652131 ], [ 13.404644250546838, 52.418050302599042 ] ] ] } },
{ "type": "Feature", "properties": { "id": "te_kak_klimarelevante_bebauung_2022.1400816161000100", "schl5": "1400816161000100", "typklar": "Freistehende Einfamilienhäuser mit Gärten", "art": "Klimarelevante Bebauung" }, "geometry": { "type": "Polygon", "coordinates": [ [ [ 13.426375420581609, 52.419756933640656 ], [ 13.426341266503512, 52.419703073186632 ], [ 13.426282604194272, 52.41967331731481 ], [ 13.426149458935134, 52.419538291918798 ], [ 13.425568475364617, 52.41865661014608 ], [ 13.424619987113227, 52.417875667652083 ], [ 13.424054035440617, 52.41813009333211 ], [ 13.423843309236631, 52.418249261098609 ], [ 13.423648703707256, 52.418377408962598 ], [ 13.423394307872979, 52.418585474811465 ], [ 13.424650259664375, 52.418875232700884 ], [ 13.424568397842215, 52.418997590762011 ], [ 13.424507307740257, 52.419022340364194 ], [ 13.424368087432038, 52.418988371085405 ], [ 13.424275666417442, 52.418879917570308 ], [ 13.42330685528311, 52.418659888380603 ], [ 13.423123965605745, 52.418847742970407 ], [ 13.423139993066791, 52.418971841812954 ], [ 13.423090076683209, 52.419037895083768 ], [ 13.426375420581609, 52.419756933640656 ] ] ] } },
{ "type": "Feature", "properties": { "id": "te_kak_klimarelevante_bebauung_2022.1400816201001600", "schl5": "1400816201001600", "typklar": "Freistehende Einfamilienhäuser mit Gärten", "art": "Klimarelevante Bebauung" }, "geometry": { "type": "Polygon", "coordinates": [ [ [ 13.432062389249184, 52.418261255155251 ], [ 13.432435934837269, 52.418207071282112 ], [ 13.431941710538783, 52.415930835769814 ], [ 13.431286655303772, 52.416026649510783 ], [ 13.431233568822698, 52.416089657452453 ], [ 13.431449482385712, 52.417046912022172 ], [ 13.432092162004984, 52.41696336887663 ], [ 13.432112231059257, 52.417054567340308 ], [ 13.431464659098342, 52.417157630272534 ], [ 13.431721233139067, 52.418300262448263 ], [ 13.432062389249184, 52.418261255155251 ] ] ] } },
{ "type": "Feature", "properties": { "id": "te_kak_klimarelevante_bebauung_2022.1400816211000700", "schl5": "1400816211000700", "typklar": "Reihen- und Doppelhäuser mit Gärten", "art": "Klimarelevante Bebauung" }, "geometry": { "type": "Polygon", "coordinates": [ [ [ 13.419389051380753, 52.412142243430687 ], [ 13.419520628964706, 52.41228896421628 ], [ 13.419691791716458, 52.412455517252987 ], [ 13.420043436636025, 52.412682589833956 ], [ 13.420245828385021, 52.41277193302291 ], [ 13.420477671102049, 52.412847811247282 ], [ 13.420694910521588, 52.412904812904785 ], [ 13.420919582231388, 52.41294476003354 ], [ 13.421063531267047, 52.412890283752972 ], [ 13.421158360986881, 52.412100388818665 ], [ 13.421186378646764, 52.41167574189349 ], [ 13.421185687120598, 52.410890988900093 ], [ 13.419723936869435, 52.410673437039556 ], [ 13.41962830814775, 52.410702467930804 ], [ 13.419545254501562, 52.410827077008022 ], [ 13.41947578156552, 52.410832263946347 ], [ 13.419215636868969, 52.41077075795647 ], [ 13.418981061751531, 52.410810160871918 ], [ 13.418950728991819, 52.410799490816494 ], [ 13.418497476150657, 52.410891643976917 ], [ 13.419389051380753, 52.412142243430687 ] ] ] } },
{ "type": "Feature", "properties": { "id": "te_kak_klimarelevante_bebauung_2022.1400816231000000", "schl5": "1400816231000000", "typklar": "Reihen- und Doppelhäuser mit Gärten", "art": "Klimarelevante Bebauung" }, "geometry": { "type": "Polygon", "coordinates": [ [ [ 13.406611260148905, 52.426229163104566 ], [ 13.406758959084124, 52.426385805757654 ], [ 13.407130661294611, 52.4267270930386 ], [ 13.407354701024966, 52.426905444979113 ], [ 13.408960042360421, 52.426309000911274 ], [ 13.40851933043009, 52.42565036252892 ], [ 13.40843341966502, 52.425552308828365 ], [ 13.408229895662103, 52.425320018210847 ], [ 13.407765943983048, 52.425498893070703 ], [ 13.407550974485343, 52.425568590801234 ], [ 13.406345365832836, 52.42589706073381 ], [ 13.406611260148905, 52.426229163104566 ] ] ] } },
{ "type": "Feature", "properties": { "id": "te_kak_klimarelevante_bebauung_2022.1400816241000000", "schl5": "1400816241000000", "typklar": "Reihen- und Doppelhäuser mit Gärten", "art": "Klimarelevante Bebauung" }, "geometry": { "type": "Polygon", "coordinates": [ [ [ 13.406282602437479, 52.425807076870818 ], [ 13.407480821540062, 52.425485783718493 ], [ 13.407925541499344, 52.425331137607664 ], [ 13.408161262713122, 52.425227329098824 ], [ 13.408003560638116, 52.425012255470257 ], [ 13.407924817423378, 52.424883599255175 ], [ 13.407807179168488, 52.424594010858165 ], [ 13.407772581971063, 52.424456450762939 ], [ 13.407730206194623, 52.42410858791834 ], [ 13.407177547111585, 52.424095879789213 ], [ 13.406962886613989, 52.424104468329475 ], [ 13.406308486675117, 52.424154473503627 ], [ 13.405970146558884, 52.424202372116682 ], [ 13.405590537917586, 52.424271756929372 ], [ 13.405213743468867, 52.424366312483635 ], [ 13.406282602437479, 52.425807076870818 ] ] ] } },
{ "type": "Feature", "properties": { "id": "te_kak_klimarelevante_bebauung_2022.1400816261000000", "schl5": "1400816261000000", "typklar": "Freistehende Einfamilienhäuser mit Gärten", "art": "Klimarelevante Bebauung" }, "geometry": { "type": "Polygon", "coordinates": [ [ [ 13.456598808875468, 52.421900090165359 ], [ 13.457187136600165, 52.420201373934091 ], [ 13.456613113502973, 52.420058650031244 ], [ 13.456488977952649, 52.420075447726397 ], [ 13.455913140772012, 52.421738419439365 ], [ 13.455904815176924, 52.421800505157414 ], [ 13.455951692536445, 52.421841992956161 ], [ 13.456598808875468, 52.421900090165359 ] ] ] } },
{ "type": "Feature", "properties": { "id": "te_kak_klimarelevante_bebauung_2022.1400816281000300", "schl5": "1400816281000300", "typklar": "Freistehende Einfamilienhäuser mit Gärten", "art": "Klimarelevante Bebauung" }, "geometry": { "type": "Polygon", "coordinates": [ [ [ 13.446470046203965, 52.423476721466116 ], [ 13.446442087843144, 52.423644840207082 ], [ 13.446914492482307, 52.423675725043232 ], [ 13.446882568966718, 52.423858744073968 ], [ 13.448014746487845, 52.423933791661547 ], [ 13.448453506799822, 52.424528292997486 ], [ 13.450078592315814, 52.424017135038618 ], [ 13.451762026793503, 52.423795510214319 ], [ 13.452375184222262, 52.42360292429656 ], [ 13.455179561343186, 52.422965159946266 ], [ 13.454840729455222, 52.42240781065464 ], [ 13.452041885417408, 52.42306243207539 ], [ 13.451455882907855, 52.423192329596851 ], [ 13.450793633926343, 52.423310239734946 ], [ 13.450249017888426, 52.423381501071248 ], [ 13.449779919110592, 52.423425814646656 ], [ 13.449138268658135, 52.42345998851038 ], [ 13.448513627903411, 52.423468387805571 ], [ 13.44781605324218, 52.423456559116559 ], [ 13.447735029223356, 52.42349984237373 ], [ 13.447673308888001, 52.423865612950692 ], [ 13.44745371902882, 52.423851619991986 ], [ 13.44751424057746, 52.423495742029807 ], [ 13.447448278590326, 52.423449720447628 ], [ 13.446550939253413, 52.423433349235729 ], [ 13.446470046203965, 52.423476721466116 ] ] ] } },
{ "type": "Feature", "properties": { "id": "te_kak_klimarelevante_bebauung_2022.1400816291000000", "schl5": "1400816291000000", "typklar": "Freistehende Einfamilienhäuser mit Gärten", "art": "Klimarelevante Bebauung" }, "geometry": { "type": "Polygon", "coordinates": [ [ [ 13.407237566242335, 52.423051740470328 ], [ 13.40732307580145, 52.423089643099303 ], [ 13.408462494852317, 52.422990741110951 ], [ 13.408524924307509, 52.42293999184804 ], [ 13.408427008431238, 52.422526782457702 ], [ 13.407133466988249, 52.422701785145179 ], [ 13.407237566242335, 52.423051740470328 ] ] ] } },
{ "type": "Feature", "properties": { "id": "te_kak_klimarelevante_bebauung_2022.1400816301000000", "schl5": "1400816301000000", "typklar": "Freistehende Einfamilienhäuser mit Gärten", "art": "Klimarelevante Bebauung" }, "geometry": { "type": "Polygon", "coordinates": [ [ [ 13.405142147086197, 52.424279905996137 ], [ 13.405917710679415, 52.42410521742066 ], [ 13.406092772723369, 52.424078584754639 ], [ 13.406473715695769, 52.424036157552386 ], [ 13.406973649073924, 52.424009228444163 ], [ 13.407216214091804, 52.424006085074396 ], [ 13.407464639472289, 52.424006545596448 ], [ 13.407892343649541, 52.42401991819569 ], [ 13.408353912547113, 52.424021671794868 ], [ 13.408905369998697, 52.423979552431739 ], [ 13.409198065773532, 52.423945941359946 ], [ 13.409448121572728, 52.423914050454805 ], [ 13.410712059002273, 52.423665636546367 ], [ 13.411427075702374, 52.423542026657294 ], [ 13.412134520748587, 52.423462433242072 ], [ 13.41249921837213, 52.423433438688065 ], [ 13.412496514082459, 52.422778305029823 ], [ 13.412394605521015, 52.422719976436191 ], [ 13.412264389213663, 52.422751821479324 ], [ 13.407276740740206, 52.423184725675071 ], [ 13.404624751733103, 52.423477764075301 ], [ 13.404583474562594, 52.423527581144633 ], [ 13.405142147086197, 52.424279905996137 ] ] ] } },
{ "type": "Feature", "properties": { "id": "te_kak_klimarelevante_bebauung_2022.1400816321000000", "schl5": "1400816321000000", "typklar": "Freistehende Einfamilienhäuser mit Gärten", "art": "Klimarelevante Bebauung" }, "geometry": { "type": "Polygon", "coordinates": [ [ [ 13.409882128741691, 52.422822246386112 ], [ 13.40984815912959, 52.422675521613264 ], [ 13.409758956588318, 52.422610654198131 ], [ 13.409742254436193, 52.42253953844741 ], [ 13.409804683839772, 52.422488608691999 ], [ 13.409919999126505, 52.422474082583854 ], [ 13.40999859998049, 52.422812035334516 ], [ 13.410081612042552, 52.422850201775098 ], [ 13.41115543107848, 52.422756995668699 ], [ 13.411217857135002, 52.422706244954412 ], [ 13.411121965369951, 52.422294749171392 ], [ 13.411260612028885, 52.422288442182207 ], [ 13.411356091264414, 52.42269418513402 ], [ 13.411439398751174, 52.422732260179195 ], [ 13.41218777421955, 52.422667208580464 ], [ 13.41228146854149, 52.422652438331617 ], [ 13.412370130112048, 52.422624242206638 ], [ 13.412440255753628, 52.422588044899975 ], [ 13.412487154831055, 52.422552664958808 ], [ 13.412528171640892, 52.422506258329115 ], [ 13.412557236466924, 52.422441953379632 ], [ 13.41267205381636, 52.421953376131299 ], [ 13.408563216599211, 52.422508341849053 ], [ 13.408663158685297, 52.422928293920421 ], [ 13.408746466571829, 52.422966102040583 ], [ 13.409819995099413, 52.422872997639608 ], [ 13.409882128741691, 52.422822246386112 ] ] ] } },
{ "type": "Feature", "properties": { "id": "te_kak_klimarelevante_bebauung_2022.1400816331000000", "schl5": "1400816331000000", "typklar": "Reihen- und Doppelhäuser mit Gärten", "art": "Klimarelevante Bebauung" }, "geometry": { "type": "Polygon", "coordinates": [ [ [ 13.429820005808716, 52.415965514658346 ], [ 13.429755196295789, 52.416021857516832 ], [ 13.427990606617351, 52.416350014665596 ], [ 13.427946728546848, 52.416376696943267 ], [ 13.427942975666742, 52.416400102337469 ], [ 13.428020691068351, 52.41655296721958 ], [ 13.428411399759462, 52.416467266572532 ], [ 13.428804893862209, 52.416394501308247 ], [ 13.429925246937694, 52.416227652263316 ], [ 13.429897191946749, 52.416157778708026 ], [ 13.430999477779874, 52.415995062764516 ], [ 13.430996498730071, 52.415970703876241 ], [ 13.431064332112649, 52.41591968189767 ], [ 13.4311790117792, 52.415910525027172 ], [ 13.431196466223822, 52.415918641931185 ], [ 13.43114792551213, 52.415694883372737 ], [ 13.431069238398207, 52.415674802044911 ], [ 13.430894667012611, 52.414871372449149 ], [ 13.430338468155467, 52.414721091585164 ], [ 13.430201293223375, 52.414733085028665 ], [ 13.429990458788613, 52.414997102989481 ], [ 13.429832347578143, 52.415141365988532 ], [ 13.429651102162465, 52.415262251886169 ], [ 13.429507430589529, 52.415331432074353 ], [ 13.429820005808716, 52.415965514658346 ] ] ] } },
{ "type": "Feature", "properties": { "id": "te_kak_klimarelevante_bebauung_2022.1400816401000000", "schl5": "1400816401000000", "typklar": "Reihen- und Doppelhäuser mit Gärten", "art": "Klimarelevante Bebauung" }, "geometry": { "type": "Polygon", "coordinates": [ [ [ 13.416178705992087, 52.422170229106122 ], [ 13.416698587774667, 52.422270907116179 ], [ 13.417389345140879, 52.422294598718388 ], [ 13.417837931928458, 52.422240572452793 ], [ 13.418044264629671, 52.42212590872478 ], [ 13.418318222847457, 52.421697725803853 ], [ 13.418364901796805, 52.421461459493315 ], [ 13.418193940936785, 52.421245477677552 ], [ 13.417854904628102, 52.421137936883753 ], [ 13.415376183626206, 52.420921712520794 ], [ 13.415290767154914, 52.421269078744594 ], [ 13.415199901322309, 52.421827888705742 ], [ 13.416178705992087, 52.422170229106122 ] ] ] } },
{ "type": "Feature", "properties": { "id": "te_kak_klimarelevante_bebauung_2022.1400816411000000", "schl5": "1400816411000000", "typklar": "Freistehende Einfamilienhäuser mit Gärten", "art": "Klimarelevante Bebauung" }, "geometry": { "type": "Polygon", "coordinates": [ [ [ 13.427277706570983, 52.415944123714397 ], [ 13.427306783799912, 52.415965354815476 ], [ 13.427335920944886, 52.415973207827165 ], [ 13.428795546235129, 52.41574934594442 ], [ 13.428808190141098, 52.41577612340344 ], [ 13.428636663384339, 52.415807052459563 ], [ 13.428620164103974, 52.4158270920801 ], [ 13.42876109617373, 52.416113843816824 ], [ 13.428786516040805, 52.416137298912929 ], [ 13.428837528478706, 52.41614630275167 ], [ 13.429667823944419, 52.415989380634372 ], [ 13.429706311653451, 52.415944851455457 ], [ 13.429574396372015, 52.415679296881606 ], [ 13.429537980451725, 52.415668087528054 ], [ 13.429213172677887, 52.415727747937076 ], [ 13.429200519913824, 52.415703199319239 ], [ 13.429277239662325, 52.415670997195591 ], [ 13.429516280568389, 52.415627917054159 ], [ 13.429536440306071, 52.415604538956643 ], [ 13.42941534360607, 52.415366873801126 ], [ 13.429152431627774, 52.415443252778786 ], [ 13.428982106190746, 52.415481052268703 ], [ 13.428331426773664, 52.415581091386159 ], [ 13.428022789776042, 52.415616447256042 ], [ 13.42766708624946, 52.41563142088436 ], [ 13.427499568300924, 52.415624020035118 ], [ 13.427289754317632, 52.415600008790136 ], [ 13.426950500623972, 52.415534828685587 ], [ 13.427277706570983, 52.415944123714397 ] ] ] } },
{ "type": "Feature", "properties": { "id": "te_kak_klimarelevante_bebauung_2022.1400816431000000", "schl5": "1400816431000000", "typklar": "Reihen- und Doppelhäuser mit Gärten", "art": "Klimarelevante Bebauung" }, "geometry": { "type": "Polygon", "coordinates": [ [ [ 13.424097166558116, 52.422829308477176 ], [ 13.423790403029239, 52.422729030390599 ], [ 13.421114386270562, 52.42256444494236 ], [ 13.420929329091717, 52.422846303294584 ], [ 13.420903140260519, 52.423104174867618 ], [ 13.421059508678937, 52.423301256942004 ], [ 13.422019782337594, 52.423853806084544 ], [ 13.424097166558116, 52.422829308477176 ] ] ] } },
{ "type": "Feature", "properties": { "id": "te_kak_klimarelevante_bebauung_2022.1400816451000000", "schl5": "1400816451000000", "typklar": "Verdichtung im Einzelhausgebiet, Mischbebauung mit Garten und halbprivater Umgrünung (1870er bis heute)", "art": "Klimarelevante Bebauung" }, "geometry": { "type": "Polygon", "coordinates": [ [ [ 13.441474765667833, 52.423232552714815 ], [ 13.441575038765494, 52.423157223124399 ], [ 13.441723941766144, 52.420250820187817 ], [ 13.440314406490497, 52.420227385384969 ], [ 13.440024010904191, 52.423207806426035 ], [ 13.441474765667833, 52.423232552714815 ] ] ] } },
{ "type": "Feature", "properties": { "id": "te_kak_klimarelevante_bebauung_2022.1400816461000000", "schl5": "1400816461000000", "typklar": "Verdichtung im Einzelhausgebiet, Mischbebauung mit Garten und halbprivater Umgrünung (1870er bis heute)", "art": "Klimarelevante Bebauung" }, "geometry": { "type": "Polygon", "coordinates": [ [ [ 13.441821753072556, 52.423214225109511 ], [ 13.442051142959928, 52.42319660992068 ], [ 13.442268820731531, 52.423167293523818 ], [ 13.442474843759701, 52.423112794494671 ], [ 13.44275745191346, 52.423022470733734 ], [ 13.443386031990233, 52.422804172450356 ], [ 13.443234300288001, 52.422528944015902 ], [ 13.443333961564438, 52.420282713481406 ], [ 13.441868110203893, 52.420256922867701 ], [ 13.441727887523857, 52.423163753238526 ], [ 13.441821753072556, 52.423214225109511 ] ] ] } },
{ "type": "Feature", "properties": { "id": "te_kak_klimarelevante_bebauung_2022.1400816471000000", "schl5": "1400816471000000", "typklar": "Freistehende Einfamilienhäuser mit Gärten", "art": "Klimarelevante Bebauung" }, "geometry": { "type": "Polygon", "coordinates": [ [ [ 13.445002367871304, 52.422238709134255 ], [ 13.444888762296513, 52.422054157540849 ], [ 13.444943814423194, 52.420355724383349 ], [ 13.44487669449904, 52.420314481061759 ], [ 13.44348294837531, 52.420285882680837 ], [ 13.443375455907052, 52.42251837959256 ], [ 13.443542058637052, 52.422753189666487 ], [ 13.445002367871304, 52.422238709134255 ] ] ] } },
{ "type": "Feature", "properties": { "id": "te_kak_klimarelevante_bebauung_2022.1400816481000000", "schl5": "1400816481000000", "typklar": "Freistehende Einfamilienhäuser mit Gärten", "art": "Klimarelevante Bebauung" }, "geometry": { "type": "Polygon", "coordinates": [ [ [ 13.44655824109817, 52.421710874707337 ], [ 13.446606415181222, 52.421639502929494 ], [ 13.446520569034332, 52.421474810486473 ], [ 13.446558622709524, 52.420393458476489 ], [ 13.446491536128946, 52.420343399789871 ], [ 13.445174679378168, 52.42031787721897 ], [ 13.445087982257332, 52.420361823127486 ], [ 13.445025486939048, 52.421978129391718 ], [ 13.445128463835781, 52.422207334113892 ], [ 13.44655824109817, 52.421710874707337 ] ] ] } },
{ "type": "Feature", "properties": { "id": "te_kak_klimarelevante_bebauung_2022.1400816491000000", "schl5": "1400816491000000", "typklar": "Reihen- und Doppelhäuser mit Gärten", "art": "Klimarelevante Bebauung" }, "geometry": { "type": "Polygon", "coordinates": [ [ [ 13.441835475754109, 52.417475355288545 ], [ 13.441875053479615, 52.416796921467792 ], [ 13.441936727653154, 52.4164591197286 ], [ 13.442031843906268, 52.416206741419543 ], [ 13.442518317402364, 52.415363558990592 ], [ 13.441598280482566, 52.415082635672391 ], [ 13.440840761112829, 52.414881673604221 ], [ 13.440530296583557, 52.415734383149413 ], [ 13.440473115917431, 52.417446257955092 ], [ 13.441835475754109, 52.417475355288545 ] ] ] } },
{ "type": "Feature", "properties": { "id": "te_kak_klimarelevante_bebauung_2022.1400816501000000", "schl5": "1400816501000000", "typklar": "Reihen- und Doppelhäuser mit Gärten", "art": "Klimarelevante Bebauung" }, "geometry": { "type": "Polygon", "coordinates": [ [ [ 13.442172886862592, 52.416219542395254 ], [ 13.442076336917243, 52.416462931432363 ], [ 13.442013208323161, 52.416797137384087 ], [ 13.441972192204389, 52.417468380024751 ], [ 13.443444754329871, 52.417505718350021 ], [ 13.443509293988059, 52.416827323278056 ], [ 13.44364219993941, 52.416321578370912 ], [ 13.443917830936398, 52.415788179697408 ], [ 13.443235170007599, 52.415593025145405 ], [ 13.442697394766792, 52.41541822913284 ], [ 13.442643082911541, 52.415401646701049 ], [ 13.442172886862592, 52.416219542395254 ] ] ] } },
{ "type": "Feature", "properties": { "id": "te_kak_klimarelevante_bebauung_2022.1400816511000000", "schl5": "1400816511000000", "typklar": "Reihen- und Doppelhäuser mit Gärten", "art": "Klimarelevante Bebauung" }, "geometry": { "type": "Polygon", "coordinates": [ [ [ 13.443795016600433, 52.416329901960694 ], [ 13.443668082907523, 52.416814089310364 ], [ 13.443599100293346, 52.417501463886467 ], [ 13.445118706593528, 52.417536158481553 ], [ 13.445224800498901, 52.417112149514985 ], [ 13.445660894159001, 52.416284335776837 ], [ 13.44406840051019, 52.415830125504925 ], [ 13.443795016600433, 52.416329901960694 ] ] ] } },
{ "type": "Feature", "properties": { "id": "te_kak_klimarelevante_bebauung_2022.1400816521000000", "schl5": "1400816521000000", "typklar": "Reihen- und Doppelhäuser mit Gärten", "art": "Klimarelevante Bebauung" }, "geometry": { "type": "Polygon", "coordinates": [ [ [ 13.445382037346974, 52.417118680583343 ], [ 13.445265683482205, 52.417536384115529 ], [ 13.448195628034251, 52.417588751556302 ], [ 13.448323213492136, 52.417546338104998 ], [ 13.448342894093773, 52.417473395790637 ], [ 13.448281809819388, 52.417393592283432 ], [ 13.44786220101172, 52.417245207919187 ], [ 13.447591684418933, 52.417119713219115 ], [ 13.447387969727803, 52.4170088589266 ], [ 13.447049593721017, 52.416840653809835 ], [ 13.447055516320553, 52.416685112567464 ], [ 13.447037077274897, 52.416679796990095 ], [ 13.446001033911189, 52.416381366189398 ], [ 13.445792374692347, 52.416321887503052 ], [ 13.445382037346974, 52.417118680583343 ] ] ] } },
{ "type": "Feature", "properties": { "id": "te_kak_klimarelevante_bebauung_2022.1400816581000500", "schl5": "1400816581000500", "typklar": "Freistehende Einfamilienhäuser mit Gärten", "art": "Klimarelevante Bebauung" }, "geometry": { "type": "Polygon", "coordinates": [ [ [ 13.423610095079605, 52.417023964115174 ], [ 13.423546474423325, 52.417046420887999 ], [ 13.423116182416482, 52.417198360478736 ], [ 13.422938532282537, 52.417157526369095 ], [ 13.422842065238829, 52.417135334899683 ], [ 13.422572804533131, 52.41707304781611 ], [ 13.42224950756966, 52.416998710047828 ], [ 13.422054026029384, 52.417114433971015 ], [ 13.422395234238278, 52.417378022283941 ], [ 13.422841021594483, 52.417672000522643 ], [ 13.423235104942146, 52.417846662192325 ], [ 13.423750464617802, 52.418168883670425 ], [ 13.424104672793936, 52.417985479786857 ], [ 13.4244809317457, 52.41780619178504 ], [ 13.424160952280488, 52.41757131192341 ], [ 13.423942055053322, 52.417373485540899 ], [ 13.423612039990365, 52.417023278846045 ], [ 13.423610095079605, 52.417023964115174 ] ] ] } },
{ "type": "Feature", "properties": { "id": "te_kak_klimarelevante_bebauung_2022.1400816611000000", "schl5": "1400816611000000", "typklar": "Freistehende Einfamilienhäuser mit Gärten", "art": "Klimarelevante Bebauung" }, "geometry": { "type": "Polygon", "coordinates": [ [ [ 13.416701472292251, 52.418081142264754 ], [ 13.416830207563065, 52.418062741377994 ], [ 13.41734731491651, 52.417335247561226 ], [ 13.417316402951537, 52.417281836014809 ], [ 13.413672219806676, 52.416428642168945 ], [ 13.413564840072226, 52.416446407291971 ], [ 13.413418574217246, 52.416604323152384 ], [ 13.413314999320674, 52.416747923310666 ], [ 13.413036450378096, 52.417210234158539 ], [ 13.416701472292251, 52.418081142264754 ] ] ] } },
{ "type": "Feature", "properties": { "id": "te_kak_klimarelevante_bebauung_2022.1400816621000000", "schl5": "1400816621000000", "typklar": "Freistehende Einfamilienhäuser mit Gärten", "art": "Klimarelevante Bebauung" }, "geometry": { "type": "Polygon", "coordinates": [ [ [ 13.422516579693422, 52.4194372352759 ], [ 13.422849491690059, 52.418935930087414 ], [ 13.423132818384914, 52.418620531493126 ], [ 13.417647892032914, 52.417357773319551 ], [ 13.417104028206749, 52.418148095780182 ], [ 13.417191834027355, 52.418193790439723 ], [ 13.422516579693422, 52.4194372352759 ] ] ] } },
{ "type": "Feature", "properties": { "id": "te_kak_klimarelevante_bebauung_2022.1400816671000100", "schl5": "1400816671000100", "typklar": "Freistehende Einfamilienhäuser mit Gärten", "art": "Klimarelevante Bebauung" }, "geometry": { "type": "Polygon", "coordinates": [ [ [ 13.413603916938388, 52.416267657051257 ], [ 13.413658529777853, 52.416219206256677 ], [ 13.41384710512717, 52.416126098129361 ], [ 13.414383016555679, 52.41591229014162 ], [ 13.418827965143242, 52.414290664678028 ], [ 13.418979392646524, 52.414254308399514 ], [ 13.419130760596204, 52.414256364221117 ], [ 13.419306275826692, 52.414296075088039 ], [ 13.419423031666682, 52.41436787906482 ], [ 13.419916345679056, 52.414894312501112 ], [ 13.420023380990543, 52.414914303648814 ], [ 13.420243299204065, 52.414886502751635 ], [ 13.420447002765963, 52.414895238995982 ], [ 13.420556537910237, 52.414913711179246 ], [ 13.420643863132693, 52.414886442341043 ], [ 13.420763777345732, 52.414548458628097 ], [ 13.420999192332449, 52.413206412605938 ], [ 13.420905640661495, 52.413114816718313 ], [ 13.420512059878316, 52.413037504878623 ], [ 13.420349132431685, 52.4129940770882 ], [ 13.420206802630958, 52.412946192275619 ], [ 13.419929609759212, 52.412825308819173 ], [ 13.419779969284912, 52.412883361668648 ], [ 13.420151716889054, 52.413343268926212 ], [ 13.413092828361989, 52.415907150018697 ], [ 13.412943536446797, 52.416150037390423 ], [ 13.413480399080225, 52.416280015807359 ], [ 13.413603916938388, 52.416267657051257 ] ] ] } },
{ "type": "Feature", "properties": { "id": "te_kak_klimarelevante_bebauung_2022.1400816731000000", "schl5": "1400816731000000", "typklar": "Freistehende Einfamilienhäuser mit Gärten", "art": "Klimarelevante Bebauung" }, "geometry": { "type": "Polygon", "coordinates": [ [ [ 13.439191563831137, 52.416718327388111 ], [ 13.439200395919697, 52.41660514175264 ], [ 13.439519819846106, 52.416612586480127 ], [ 13.43952674293473, 52.416713247713353 ], [ 13.440340947651711, 52.416721723163732 ], [ 13.440380354041141, 52.415742235992184 ], [ 13.440674933796641, 52.414837956348926 ], [ 13.440658367664176, 52.414833591351794 ], [ 13.438914347499257, 52.4144529301036 ], [ 13.438424312092309, 52.416395166308774 ], [ 13.438368650579459, 52.416696132528543 ], [ 13.439191563831137, 52.416718327388111 ] ] ] } },
{ "type": "Feature", "properties": { "id": "te_kak_klimarelevante_bebauung_2022.1400816741000200", "schl5": "1400816741000200", "typklar": "Freistehende Einfamilienhäuser mit Gärten", "art": "Klimarelevante Bebauung" }, "geometry": { "type": "Polygon", "coordinates": [ [ [ 13.45176815040999, 52.422991310602526 ], [ 13.452223257415476, 52.421695597636472 ], [ 13.451550690889892, 52.421627896583317 ], [ 13.451008711057858, 52.423131343179605 ], [ 13.45176815040999, 52.422991310602526 ] ] ] } },
{ "type": "Feature", "properties": { "id": "te_kak_klimarelevante_bebauung_2022.1400816751000000", "schl5": "1400816751000000", "typklar": "Reihen- und Doppelhäuser mit Gärten", "art": "Klimarelevante Bebauung" }, "geometry": { "type": "Polygon", "coordinates": [ [ [ 13.403398288033765, 52.423201818888387 ], [ 13.403408438653901, 52.423215859811499 ], [ 13.403478457870976, 52.423306300381299 ], [ 13.40350634423447, 52.42334247993189 ], [ 13.403612241292706, 52.423479092649465 ], [ 13.403645976003265, 52.423521932695756 ], [ 13.403705363706171, 52.423608231922074 ], [ 13.403729733940571, 52.42364323104843 ], [ 13.403801986152409, 52.423747164833422 ], [ 13.403845915793388, 52.423809887142774 ], [ 13.403888677065176, 52.423871164059619 ], [ 13.403889698556393, 52.423872607451514 ], [ 13.40396604659208, 52.42397636265413 ], [ 13.403995398865874, 52.424016769752733 ], [ 13.404036129641884, 52.42407238171802 ], [ 13.404054672242633, 52.424097312878047 ], [ 13.404145333503637, 52.424220960894822 ], [ 13.404160373615412, 52.424241475035075 ], [ 13.404322660157845, 52.424446587928834 ], [ 13.404437908033538, 52.42459238919151 ], [ 13.404495461834697, 52.424665203414961 ], [ 13.404533000270089, 52.424712724991252 ], [ 13.404569669221207, 52.424759074956533 ], [ 13.404643122820541, 52.424855094164101 ], [ 13.404655831931708, 52.424871746530997 ], [ 13.404686507387286, 52.424911793670525 ], [ 13.4047187733154, 52.424953822344108 ], [ 13.404752227845213, 52.424997557391734 ], [ 13.404870950179484, 52.425152710975517 ], [ 13.404916512786764, 52.425212649636073 ], [ 13.404957264861398, 52.425266103661052 ], [ 13.405002256890757, 52.425324335251908 ], [ 13.405138663165964, 52.425502618713075 ], [ 13.405139676846577, 52.425503873172865 ], [ 13.405169476762575, 52.425542937317921 ], [ 13.405178678481493, 52.425554902853044 ], [ 13.405199110997344, 52.425584148115938 ], [ 13.405238225536268, 52.425640423004616 ], [ 13.405403278203822, 52.42585306215323 ], [ 13.405520106151462, 52.426063047410551 ], [ 13.4055249404409, 52.426070578954921 ], [ 13.405579494674635, 52.426155697069944 ], [ 13.405619152172559, 52.426222002488217 ], [ 13.405642915337047, 52.426261677415226 ], [ 13.405647724794122, 52.426267793348408 ], [ 13.405669153589802, 52.426305314866994 ], [ 13.40575925272722, 52.426454569886452 ], [ 13.405763040718369, 52.426460869846679 ], [ 13.405851108437421, 52.4266354615553 ], [ 13.405868150707542, 52.426669012716637 ], [ 13.405942387536614, 52.426814825857193 ], [ 13.405979809345988, 52.42688850074979 ], [ 13.405984663053989, 52.42689803683465 ], [ 13.406090973232706, 52.427089117570766 ], [ 13.406106879327579, 52.427148794877745 ], [ 13.406118145306426, 52.427181096064857 ], [ 13.406170876194611, 52.427333164847077 ], [ 13.407207474472989, 52.426949206965197 ], [ 13.406816642986767, 52.426610579810223 ], [ 13.406484599832766, 52.426276557780035 ], [ 13.406350140108996, 52.426119040365151 ], [ 13.405157055770641, 52.424530662138707 ], [ 13.404111243974096, 52.423110151305423 ], [ 13.403846067495509, 52.422791323650046 ], [ 13.403765128196772, 52.422732000210573 ], [ 13.403682736397945, 52.422733609356108 ], [ 13.403110456040316, 52.42283043486767 ], [ 13.403275167291236, 52.42304323261196 ], [ 13.403370247448576, 52.423166167706455 ], [ 13.403382228415046, 52.423181785184944 ], [ 13.403398288033765, 52.423201818888387 ] ] ] } },
{ "type": "Feature", "properties": { "id": "te_kak_klimarelevante_bebauung_2022.1400816761000000", "schl5": "1400816761000000", "typklar": "Reihen- und Doppelhäuser mit Gärten", "art": "Klimarelevante Bebauung" }, "geometry": { "type": "Polygon", "coordinates": [ [ [ 13.406989756117333, 52.422721109351329 ], [ 13.407133466988249, 52.422701785145179 ], [ 13.408427008431238, 52.422526782457702 ], [ 13.408563216599211, 52.422508341849053 ], [ 13.41267205381636, 52.421953376131299 ], [ 13.41269829337238, 52.421785641679236 ], [ 13.412626535908517, 52.421730692375128 ], [ 13.412429553137105, 52.421733032003658 ], [ 13.411804842425681, 52.421828403184016 ], [ 13.411750383237543, 52.421827931402163 ], [ 13.410289998747905, 52.421462212674996 ], [ 13.410167997302498, 52.421461708546182 ], [ 13.403817927402729, 52.422318971226794 ], [ 13.403737236641788, 52.422337755895335 ], [ 13.403707841123826, 52.422362863427608 ], [ 13.403708984571045, 52.422412224387699 ], [ 13.403728380593808, 52.422456375939937 ], [ 13.404257898262458, 52.423090476503134 ], [ 13.406989756117333, 52.422721109351329 ] ] ] } },
{ "type": "Feature", "properties": { "id": "te_kak_klimarelevante_bebauung_2022.1400816771000000", "schl5": "1400816771000000", "typklar": "Reihen- und Doppelhäuser mit Gärten", "art": "Klimarelevante Bebauung" }, "geometry": { "type": "Polygon", "coordinates": [ [ [ 13.4047561115474, 52.421862420155222 ], [ 13.403997929725048, 52.421967448337696 ], [ 13.403127882020252, 52.422087968930377 ], [ 13.402601245985489, 52.422160902895754 ], [ 13.402668714051666, 52.422250989266509 ], [ 13.402760540940815, 52.422373916894109 ], [ 13.402806246749112, 52.422435027217055 ], [ 13.402864641290035, 52.422513320299835 ], [ 13.402868447700701, 52.422517462720862 ], [ 13.403033575586491, 52.422731506788253 ], [ 13.403680441632634, 52.422609622959769 ], [ 13.403685488540258, 52.422591520783683 ], [ 13.403669921114775, 52.42255020729889 ], [ 13.40363009330264, 52.422494687399293 ], [ 13.403581860931331, 52.422360188556823 ], [ 13.403608035701499, 52.42232140420154 ], [ 13.403653016390935, 52.422283137219402 ], [ 13.403757221457431, 52.422255525154192 ], [ 13.410158115260769, 52.421400007532007 ], [ 13.410236873365607, 52.421399662229966 ], [ 13.410451595154553, 52.421426923729655 ], [ 13.411683196327806, 52.421737137489401 ], [ 13.411742185385577, 52.421745496091333 ], [ 13.411832386120016, 52.421747064824835 ], [ 13.412406755482285, 52.421655736955543 ], [ 13.412653062358823, 52.421656707560359 ], [ 13.412725541345432, 52.421623031346819 ], [ 13.412775478883034, 52.421327460859217 ], [ 13.41276626655848, 52.421104573140575 ], [ 13.41269143450619, 52.421077477765643 ], [ 13.412245765781631, 52.421136880625177 ], [ 13.412218180864219, 52.421066733969816 ], [ 13.412652044162456, 52.421016296975019 ], [ 13.412712572774753, 52.420961589056446 ], [ 13.412634138100197, 52.420768233141267 ], [ 13.40941581468263, 52.421217087750193 ], [ 13.405463438584473, 52.421765135813523 ], [ 13.4047561115474, 52.421862420155222 ] ] ] } },
{ "type": "Feature", "properties": { "id": "te_kak_klimarelevante_bebauung_2022.1400820031000200", "schl5": "1400820031000200", "typklar": "Freistehende Einfamilienhäuser mit Gärten", "art": "Klimarelevante Bebauung" }, "geometry": { "type": "Polygon", "coordinates": [ [ [ 13.467377445884788, 52.432431834027454 ], [ 13.467166750475918, 52.432636813720009 ], [ 13.467153756141052, 52.432733573110013 ], [ 13.468444777562372, 52.433705249846717 ], [ 13.469141963592053, 52.433359562106773 ], [ 13.468714769040492, 52.433050463178979 ], [ 13.467598944846028, 52.432243232843504 ], [ 13.467377445884788, 52.432431834027454 ] ] ] } },
{ "type": "Feature", "properties": { "id": "te_kak_klimarelevante_bebauung_2022.1400820051000000", "schl5": "1400820051000000", "typklar": "Verdichtung im Einzelhausgebiet, Mischbebauung mit Garten und halbprivater Umgrünung (1870er bis heute)", "art": "Klimarelevante Bebauung" }, "geometry": { "type": "Polygon", "coordinates": [ [ [ 13.453368705019457, 52.439740500445467 ], [ 13.456051186875138, 52.439087581044383 ], [ 13.457226200179067, 52.438759064301649 ], [ 13.456578653162264, 52.437752528866817 ], [ 13.454334029555422, 52.438310943327089 ], [ 13.452510637536117, 52.438686608829862 ], [ 13.453368705019457, 52.439740500445467 ] ] ] } },
{ "type": "Feature", "properties": { "id": "te_kak_klimarelevante_bebauung_2022.1400820071000000", "schl5": "1400820071000000", "typklar": "Freistehende Einfamilienhäuser mit Gärten", "art": "Klimarelevante Bebauung" }, "geometry": { "type": "Polygon", "coordinates": [ [ [ 13.459473073623453, 52.440562451519334 ], [ 13.463297991289792, 52.44242959898763 ], [ 13.46387572553134, 52.442748590968108 ], [ 13.464012458908455, 52.44275866687174 ], [ 13.464754882093755, 52.442422685783548 ], [ 13.464769898046171, 52.442338233059424 ], [ 13.46025478293541, 52.440093390754313 ], [ 13.459473073623453, 52.440562451519334 ] ] ] } },
{ "type": "Feature", "properties": { "id": "te_kak_klimarelevante_bebauung_2022.1400820081000000", "schl5": "1400820081000000", "typklar": "Freistehende Einfamilienhäuser mit Gärten", "art": "Klimarelevante Bebauung" }, "geometry": { "type": "Polygon", "coordinates": [ [ [ 13.465426462843, 52.442555706299174 ], [ 13.465573559598159, 52.442546022969147 ], [ 13.466229118166195, 52.442233280336112 ], [ 13.466264671511469, 52.4421614341219 ], [ 13.461139906267125, 52.439615182661733 ], [ 13.460357952000304, 52.440031528421002 ], [ 13.465426462843, 52.442555706299174 ] ] ] } },
{ "type": "Feature", "properties": { "id": "te_kak_klimarelevante_bebauung_2022.1400820121000000", "schl5": "1400820121000000", "typklar": "Freistehende Einfamilienhäuser mit Gärten", "art": "Klimarelevante Bebauung" }, "geometry": { "type": "Polygon", "coordinates": [ [ [ 13.468284183778119, 52.440825148020828 ], [ 13.468349144708146, 52.440754241368467 ], [ 13.46839200785424, 52.440693189525021 ], [ 13.468402485278816, 52.440671372555393 ], [ 13.468053196966853, 52.440499525059948 ], [ 13.468066397733395, 52.440416300875157 ], [ 13.467643826460765, 52.44020361544294 ], [ 13.467528695609333, 52.440145668200103 ], [ 13.463966442771312, 52.438387469470804 ], [ 13.463355860109573, 52.438575377770306 ], [ 13.463623651883141, 52.438928921261606 ], [ 13.466965973572103, 52.440583431846207 ], [ 13.467892286901979, 52.44102862040257 ], [ 13.468007074218939, 52.441029628436823 ], [ 13.468284183778119, 52.440825148020828 ] ] ] } },
{ "type": "Feature", "properties": { "id": "te_kak_klimarelevante_bebauung_2022.1400820171000000", "schl5": "1400820171000000", "typklar": "Freistehende Einfamilienhäuser mit Gärten", "art": "Klimarelevante Bebauung" }, "geometry": { "type": "Polygon", "coordinates": [ [ [ 13.46722274151732, 52.437485183839954 ], [ 13.468624269865538, 52.438252729481214 ], [ 13.469619238209008, 52.437576461820505 ], [ 13.469560519384803, 52.437548524387509 ], [ 13.469744806084707, 52.43741307225131 ], [ 13.469995757900325, 52.437552697813935 ], [ 13.469782062427809, 52.43768811140896 ], [ 13.469721904025944, 52.437651187693078 ], [ 13.468712297486432, 52.438308564232777 ], [ 13.470011040109801, 52.439047196956786 ], [ 13.47014638787072, 52.439030301547575 ], [ 13.47115605486078, 52.438354041309609 ], [ 13.471796938423328, 52.438003503654386 ], [ 13.472039969354038, 52.437887895319392 ], [ 13.472494933003059, 52.437718640423434 ], [ 13.472889607347057, 52.437548410050759 ], [ 13.472276611183723, 52.436973675000843 ], [ 13.471504601042444, 52.436249827070611 ], [ 13.470320853019837, 52.436685917317497 ], [ 13.469534769511741, 52.436933804297645 ], [ 13.469171231228577, 52.437030376757072 ], [ 13.468403234316565, 52.437150670998278 ], [ 13.467181938577582, 52.437383581312218 ], [ 13.46722274151732, 52.437485183839954 ] ] ] } },
{ "type": "Feature", "properties": { "id": "te_kak_klimarelevante_bebauung_2022.1400820201000000", "schl5": "1400820201000000", "typklar": "Verdichtung im Einzelhausgebiet, Mischbebauung mit Garten und halbprivater Umgrünung (1870er bis heute)", "art": "Klimarelevante Bebauung" }, "geometry": { "type": "Polygon", "coordinates": [ [ [ 13.46731514174599, 52.436328728231366 ], [ 13.467493907220115, 52.436501512368658 ], [ 13.467676814692574, 52.43674979072194 ], [ 13.467893085006834, 52.43712662172706 ], [ 13.468285935941196, 52.437057051091912 ], [ 13.468647844541804, 52.437006312205838 ], [ 13.468918621499025, 52.436945565618963 ], [ 13.46858972375934, 52.436400535886342 ], [ 13.468226396622667, 52.436029799599467 ], [ 13.468650308499573, 52.43590635084098 ], [ 13.46880668527305, 52.436174362793501 ], [ 13.46862560467456, 52.436236127885181 ], [ 13.469055498520378, 52.43690980186588 ], [ 13.469538199745806, 52.436796312587376 ], [ 13.469947414994309, 52.436672839769663 ], [ 13.470824844899763, 52.436371149947391 ], [ 13.471356416160836, 52.436157070599613 ], [ 13.470437400114266, 52.435330884079697 ], [ 13.469612018041284, 52.434748817701959 ], [ 13.469459315501805, 52.434832707153411 ], [ 13.469068539810955, 52.434603197493594 ], [ 13.468952135350941, 52.434599161034292 ], [ 13.466746266939882, 52.435875932072783 ], [ 13.46731514174599, 52.436328728231366 ] ] ] } },
{ "type": "Feature", "properties": { "id": "te_kak_klimarelevante_bebauung_2022.1400820221000000", "schl5": "1400820221000000", "typklar": "Freistehende Einfamilienhäuser mit Gärten", "art": "Klimarelevante Bebauung" }, "geometry": { "type": "Polygon", "coordinates": [ [ [ 13.476368229275606, 52.434656486899634 ], [ 13.476119005523907, 52.434465047181519 ], [ 13.47510852010589, 52.433688812780453 ], [ 13.474476731175471, 52.43398545883246 ], [ 13.473240045282703, 52.434450268924252 ], [ 13.47460072753217, 52.43555199325597 ], [ 13.476368229275606, 52.434656486899634 ] ] ] } },
{ "type": "Feature", "properties": { "id": "te_kak_klimarelevante_bebauung_2022.1400820231000000", "schl5": "1400820231000000", "typklar": "Freistehende Einfamilienhäuser mit Gärten", "art": "Klimarelevante Bebauung" }, "geometry": { "type": "Polygon", "coordinates": [ [ [ 13.476393156237224, 52.434244029123697 ], [ 13.47675500958848, 52.433766399485073 ], [ 13.476920929845329, 52.433399056375599 ], [ 13.477457178836932, 52.432651146915596 ], [ 13.476955613308133, 52.432276667527312 ], [ 13.475953166389111, 52.433056333602728 ], [ 13.476464005857503, 52.433298723359613 ], [ 13.476520026730688, 52.433254761198732 ], [ 13.476747523255778, 52.433372773969488 ], [ 13.476591226910047, 52.433502881902676 ], [ 13.476335778204628, 52.433390224278291 ], [ 13.476396203061736, 52.433348964111318 ], [ 13.475883892524926, 52.433106569489787 ], [ 13.475547749008387, 52.433373942774416 ], [ 13.475204361394182, 52.43360985351201 ], [ 13.476227962281726, 52.434395694992091 ], [ 13.476393156237224, 52.434244029123697 ] ] ] } },
{ "type": "Feature", "properties": { "id": "te_kak_klimarelevante_bebauung_2022.1400820241000000", "schl5": "1400820241000000", "typklar": "Freistehende Einfamilienhäuser mit Gärten", "art": "Klimarelevante Bebauung" }, "geometry": { "type": "Polygon", "coordinates": [ [ [ 13.477957259694602, 52.432159305529026 ], [ 13.479386866473776, 52.431124934257646 ], [ 13.478823338101472, 52.430814191362657 ], [ 13.477051374399498, 52.432208039221763 ], [ 13.477532421794624, 52.432574853424242 ], [ 13.477957259694602, 52.432159305529026 ] ] ] } },
{ "type": "Feature", "properties": { "id": "te_kak_klimarelevante_bebauung_2022.1400820251000000", "schl5": "1400820251000000", "typklar": "Freistehende Einfamilienhäuser mit Gärten", "art": "Klimarelevante Bebauung" }, "geometry": { "type": "Polygon", "coordinates": [ [ [ 13.476916155597507, 52.432175125256144 ], [ 13.478702970630454, 52.430757424672493 ], [ 13.477605057705251, 52.430221339081747 ], [ 13.476672117409535, 52.430977130257041 ], [ 13.475923402867659, 52.431444913003752 ], [ 13.476916155597507, 52.432175125256144 ] ] ] } },
{ "type": "Feature", "properties": { "id": "te_kak_klimarelevante_bebauung_2022.1400820261000000", "schl5": "1400820261000000", "typklar": "Verdichtung im Einzelhausgebiet, Mischbebauung mit Garten und halbprivater Umgrünung (1870er bis heute)", "art": "Klimarelevante Bebauung" }, "geometry": { "type": "Polygon", "coordinates": [ [ [ 13.47311678001607, 52.434380012968603 ], [ 13.474187029573311, 52.433999464618395 ], [ 13.474553668620068, 52.433845367488537 ], [ 13.474998506783711, 52.433613183077718 ], [ 13.475442088803801, 52.433315394269712 ], [ 13.47688089395475, 52.432198389560803 ], [ 13.47587820448093, 52.43147070489875 ], [ 13.472244943234536, 52.433169833102774 ], [ 13.471827913864715, 52.433364638139459 ], [ 13.47311678001607, 52.434380012968603 ] ] ] } },
{ "type": "Feature", "properties": { "id": "te_kak_klimarelevante_bebauung_2022.1400820281000000", "schl5": "1400820281000000", "typklar": "Freistehende Einfamilienhäuser mit Gärten", "art": "Klimarelevante Bebauung" }, "geometry": { "type": "Polygon", "coordinates": [ [ [ 13.466722939334074, 52.43541488438818 ], [ 13.468600310659687, 52.434265323159579 ], [ 13.468174783023477, 52.434023011966445 ], [ 13.467538818511175, 52.433832538108859 ], [ 13.466414732853353, 52.433710343397529 ], [ 13.466151661042504, 52.433978756696753 ], [ 13.46579811869597, 52.434298665504286 ], [ 13.465622854477386, 52.434444382305948 ], [ 13.465433033581158, 52.434588298714488 ], [ 13.464834495280913, 52.435005766559392 ], [ 13.465883035737228, 52.435907112828616 ], [ 13.466722939334074, 52.43541488438818 ] ] ] } },
{ "type": "Feature", "properties": { "id": "te_kak_klimarelevante_bebauung_2022.1400820291000000", "schl5": "1400820291000000", "typklar": "Freistehende Einfamilienhäuser mit Gärten", "art": "Klimarelevante Bebauung" }, "geometry": { "type": "Polygon", "coordinates": [ [ [ 13.462618485819432, 52.437566954341733 ], [ 13.464377114074933, 52.436773163148374 ], [ 13.465754850569114, 52.435978831476213 ], [ 13.464712726328933, 52.435072453240878 ], [ 13.464143971322752, 52.435396989134262 ], [ 13.463834588210013, 52.435561019378383 ], [ 13.463456030019334, 52.435742924242241 ], [ 13.462889010746171, 52.435991071988596 ], [ 13.46157253250967, 52.436512263039987 ], [ 13.462618485819432, 52.437566954341733 ] ] ] } },
{ "type": "Feature", "properties": { "id": "te_kak_klimarelevante_bebauung_2022.1400820381000000", "schl5": "1400820381000000", "typklar": "Freistehende Einfamilienhäuser mit Gärten", "art": "Klimarelevante Bebauung" }, "geometry": { "type": "Polygon", "coordinates": [ [ [ 13.462219383484229, 52.436151901420871 ], [ 13.463269386177862, 52.435716605603631 ], [ 13.463674441586095, 52.435526648819796 ], [ 13.464054542196369, 52.435324972952273 ], [ 13.464617453432211, 52.43499054419739 ], [ 13.463579643796681, 52.434090820086745 ], [ 13.463218654422411, 52.434248118091119 ], [ 13.463010883711213, 52.434378595686148 ], [ 13.46279530307735, 52.434497540972437 ], [ 13.462419573043135, 52.434670901761415 ], [ 13.460536067661675, 52.435371583001306 ], [ 13.46051113251367, 52.435433286292032 ], [ 13.461494943279746, 52.436420490837534 ], [ 13.462219383484229, 52.436151901420871 ] ] ] } },
{ "type": "Feature", "properties": { "id": "te_kak_klimarelevante_bebauung_2022.1400820401000000", "schl5": "1400820401000000", "typklar": "Freistehende Einfamilienhäuser mit Gärten", "art": "Klimarelevante Bebauung" }, "geometry": { "type": "Polygon", "coordinates": [ [ [ 13.464741583506875, 52.434929102223414 ], [ 13.465083156614126, 52.434699956649077 ], [ 13.465322589684179, 52.434527629957522 ], [ 13.465705187439925, 52.434227341487883 ], [ 13.466035405853514, 52.433914521061929 ], [ 13.466260477845795, 52.433685214674824 ], [ 13.465077420948075, 52.433452659359638 ], [ 13.464340220130529, 52.433297789396235 ], [ 13.464198539647274, 52.433314318908401 ], [ 13.463938785652447, 52.433624440703944 ], [ 13.463641598035704, 52.433917193797548 ], [ 13.463642622788345, 52.433990248280622 ], [ 13.464741583506875, 52.434929102223414 ] ] ] } },
{ "type": "Feature", "properties": { "id": "te_kak_klimarelevante_bebauung_2022.1400820491000000", "schl5": "1400820491000000", "typklar": "Freistehende Einfamilienhäuser mit Gärten", "art": "Klimarelevante Bebauung" }, "geometry": { "type": "Polygon", "coordinates": [ [ [ 13.463052634494279, 52.432704879139457 ], [ 13.464262378482998, 52.432975618206846 ], [ 13.464483590702017, 52.432648979279641 ], [ 13.464657715366712, 52.432429891685892 ], [ 13.464991629547603, 52.432066881515922 ], [ 13.465322264943213, 52.431760318175066 ], [ 13.465526110787717, 52.431588301491772 ], [ 13.465924854931943, 52.431299013907193 ], [ 13.46629281853766, 52.431060437548851 ], [ 13.466706661478257, 52.430823257956611 ], [ 13.465534750335774, 52.430006030809622 ], [ 13.464534740063762, 52.430527346514189 ], [ 13.46434463483148, 52.430637687336905 ], [ 13.463911635057297, 52.430927866969647 ], [ 13.463580886059956, 52.431187860814667 ], [ 13.46337007769419, 52.431371311218214 ], [ 13.463009793403277, 52.431724025411846 ], [ 13.462672667724593, 52.432126719197136 ], [ 13.462399698759672, 52.432541988786411 ], [ 13.463052634494279, 52.432704879139457 ] ] ] } },
{ "type": "Feature", "properties": { "id": "te_kak_klimarelevante_bebauung_2022.1400826021000000", "schl5": "1400826021000000", "typklar": "Freistehende Einfamilienhäuser mit Gärten", "art": "Klimarelevante Bebauung" }, "geometry": { "type": "Polygon", "coordinates": [ [ [ 13.455082827349893, 52.435578293121395 ], [ 13.455133078079179, 52.435511866894146 ], [ 13.454726727868835, 52.43489119689535 ], [ 13.454579177618202, 52.43487665836691 ], [ 13.453850846333681, 52.435122148254806 ], [ 13.45337765051482, 52.435330960774479 ], [ 13.453105361062645, 52.435474916207362 ], [ 13.452895847528151, 52.435601078102287 ], [ 13.452561391208064, 52.435830483340226 ], [ 13.452323931720931, 52.436028858484292 ], [ 13.452150669964693, 52.436213809152271 ], [ 13.45194198791404, 52.436405467155502 ], [ 13.451604247787877, 52.436693431802212 ], [ 13.455082827349893, 52.435578293121395 ] ] ] } },
{ "type": "Feature", "properties": { "id": "te_kak_klimarelevante_bebauung_2022.1400826051000000", "schl5": "1400826051000000", "typklar": "Verdichtung im Einzelhausgebiet, Mischbebauung mit Garten und halbprivater Umgrünung (1870er bis heute)", "art": "Klimarelevante Bebauung" }, "geometry": { "type": "Polygon", "coordinates": [ [ [ 13.456215037893767, 52.434049507107346 ], [ 13.456344398951575, 52.434057781179284 ], [ 13.456844846737029, 52.433917410476504 ], [ 13.45715400444692, 52.433816304585378 ], [ 13.457491223539456, 52.433681088412172 ], [ 13.457781392651128, 52.433546703361863 ], [ 13.458177375141259, 52.43332397143508 ], [ 13.457417268807772, 52.432550061001614 ], [ 13.45632285575455, 52.43292697691836 ], [ 13.455596464780751, 52.433163197825394 ], [ 13.455572746506526, 52.433228097085454 ], [ 13.456215037893767, 52.434049507107346 ] ] ] } },
{ "type": "Feature", "properties": { "id": "te_kak_klimarelevante_bebauung_2022.1400826061000000", "schl5": "1400826061000000", "typklar": "Verdichtung im Einzelhausgebiet, Mischbebauung mit Garten und halbprivater Umgrünung (1870er bis heute)", "art": "Klimarelevante Bebauung" }, "geometry": { "type": "Polygon", "coordinates": [ [ [ 13.45553623511182, 52.433083092228486 ], [ 13.45734558637205, 52.432474546130202 ], [ 13.4565125289131, 52.431635222143591 ], [ 13.456405266225415, 52.431617092926572 ], [ 13.45478468415795, 52.432090142641719 ], [ 13.454735909766644, 52.432155674533242 ], [ 13.455439630916427, 52.4330517648377 ], [ 13.45553623511182, 52.433083092228486 ] ] ] } },
{ "type": "Feature", "properties": { "id": "te_kak_klimarelevante_bebauung_2022.1400826091000000", "schl5": "1400826091000000", "typklar": "Verdichtung im Einzelhausgebiet, Mischbebauung mit Garten und halbprivater Umgrünung (1870er bis heute)", "art": "Klimarelevante Bebauung" }, "geometry": { "type": "Polygon", "coordinates": [ [ [ 13.460397763186855, 52.435317279429533 ], [ 13.462145657352949, 52.434672156826885 ], [ 13.462512469357224, 52.434520603089176 ], [ 13.462775266003012, 52.434389493111276 ], [ 13.462964902784902, 52.434280388556509 ], [ 13.46314222562825, 52.434165075312066 ], [ 13.463466167033395, 52.43391505618176 ], [ 13.463615604684339, 52.433781180924612 ], [ 13.463826811692247, 52.43356301606547 ], [ 13.464090469816608, 52.433243175471567 ], [ 13.462910769648175, 52.432982452967984 ], [ 13.462469930397067, 52.432872383623966 ], [ 13.462394333556365, 52.432997292449258 ], [ 13.462801206899282, 52.433345999817867 ], [ 13.462242088851838, 52.433845150698268 ], [ 13.461632213196799, 52.434156317530089 ], [ 13.460642692423178, 52.434544053570932 ], [ 13.460620135396798, 52.434521375591302 ], [ 13.459882183469855, 52.434794078737511 ], [ 13.460397763186855, 52.435317279429533 ] ] ] } },
{ "type": "Feature", "properties": { "id": "te_kak_klimarelevante_bebauung_2022.1400826131000200", "schl5": "1400826131000200", "typklar": "Reihen- und Doppelhäuser mit Gärten", "art": "Klimarelevante Bebauung" }, "geometry": { "type": "Polygon", "coordinates": [ [ [ 13.470440537866343, 52.430702762814981 ], [ 13.470446848847523, 52.430996634624016 ], [ 13.471476064238002, 52.431650502500432 ], [ 13.471583076966951, 52.431652521576517 ], [ 13.471715018648412, 52.431587780082246 ], [ 13.47194971657129, 52.431500147134599 ], [ 13.472407860314281, 52.431373396190367 ], [ 13.472445969885381, 52.431314403346434 ], [ 13.472259406202657, 52.431062821160644 ], [ 13.471998745170485, 52.430765920705113 ], [ 13.471767457033046, 52.430479841595016 ], [ 13.471081621019351, 52.429848976393039 ], [ 13.470731276252613, 52.429556448156617 ], [ 13.470051135807106, 52.429981064041613 ], [ 13.470050180871908, 52.430213179004319 ], [ 13.470087655446568, 52.430213228757054 ], [ 13.470080317265996, 52.430707679491178 ], [ 13.470440537866343, 52.430702762814981 ] ] ] } },
{ "type": "Feature", "properties": { "id": "te_kak_klimarelevante_bebauung_2022.1400826151000000", "schl5": "1400826151000000", "typklar": "Verdichtung im Einzelhausgebiet, Mischbebauung mit Garten und halbprivater Umgrünung (1870er bis heute)", "art": "Klimarelevante Bebauung" }, "geometry": { "type": "Polygon", "coordinates": [ [ [ 13.461315216252508, 52.432191121495407 ], [ 13.462265590320367, 52.432502556582747 ], [ 13.462520923959131, 52.432121156811952 ], [ 13.462784810739398, 52.431793285761337 ], [ 13.463071968904119, 52.431485068235403 ], [ 13.463470229179618, 52.431121703781194 ], [ 13.463818507549799, 52.430856383285295 ], [ 13.464242719069802, 52.430575110635175 ], [ 13.464435756177304, 52.430461206205216 ], [ 13.465429916129981, 52.429943451415205 ], [ 13.465199778986106, 52.429744932379037 ], [ 13.465054298668571, 52.429726761736553 ], [ 13.46445497949192, 52.429986552740317 ], [ 13.463802739020638, 52.430242675268133 ], [ 13.461535517522289, 52.431075288071597 ], [ 13.461119925171058, 52.431297883792169 ], [ 13.460927067011594, 52.431413475515193 ], [ 13.460455356672588, 52.431805014463592 ], [ 13.460478409271321, 52.431865851894187 ], [ 13.461315216252508, 52.432191121495407 ] ] ] } },
{ "type": "Feature", "properties": { "id": "te_kak_klimarelevante_bebauung_2022.1400826181000000", "schl5": "1400826181000000", "typklar": "Freistehende Einfamilienhäuser mit Gärten", "art": "Klimarelevante Bebauung" }, "geometry": { "type": "Polygon", "coordinates": [ [ [ 13.465546142746049, 52.433254964091688 ], [ 13.466317265907021, 52.433393867638287 ], [ 13.466456006964064, 52.433368983379331 ], [ 13.4666534121429, 52.433055706295548 ], [ 13.466922680964213, 52.432714578338462 ], [ 13.467231687355106, 52.432402071168809 ], [ 13.467499951353673, 52.432173440149988 ], [ 13.466908287037088, 52.431746000478107 ], [ 13.467625571415757, 52.431459281704278 ], [ 13.466884831201428, 52.430943976973168 ], [ 13.466751424449189, 52.430919613675975 ], [ 13.466396681199683, 52.431124037525763 ], [ 13.466211865086846, 52.431239705248629 ], [ 13.465836175751896, 52.431498010135982 ], [ 13.465444535498776, 52.431811560451386 ], [ 13.465099321983651, 52.432132631772319 ], [ 13.464799964789897, 52.432456540797141 ], [ 13.464615161513366, 52.432690219183186 ], [ 13.464397752370335, 52.433005187815787 ], [ 13.465546142746049, 52.433254964091688 ] ] ] } },
{ "type": "Feature", "properties": { "id": "te_kak_klimarelevante_bebauung_2022.1400826271000100", "schl5": "1400826271000100", "typklar": "Reihen- und Doppelhäuser mit Gärten", "art": "Klimarelevante Bebauung" }, "geometry": { "type": "Polygon", "coordinates": [ [ [ 13.470799023725094, 52.435354727943164 ], [ 13.472336489095865, 52.436773040650891 ], [ 13.473248523706321, 52.436241317261718 ], [ 13.472565174627483, 52.435376386141719 ], [ 13.471676216182731, 52.434215915945884 ], [ 13.471211870679747, 52.434367624225281 ], [ 13.471446136555555, 52.434681029779242 ], [ 13.470454831705798, 52.435092727339928 ], [ 13.470799023725094, 52.435354727943164 ] ] ] } },
{ "type": "Feature", "properties": { "id": "te_kak_klimarelevante_bebauung_2022.1400826271000200", "schl5": "1400826271000200", "typklar": "Freistehende Einfamilienhäuser mit Gärten", "art": "Klimarelevante Bebauung" }, "geometry": { "type": "Polygon", "coordinates": [ [ [ 13.469456644048799, 52.434394131912207 ], [ 13.470454831705798, 52.435092727339928 ], [ 13.471446136555555, 52.434681029779242 ], [ 13.471211870679747, 52.434367624225281 ], [ 13.471676216182731, 52.434215915945884 ], [ 13.472565174627483, 52.435376386141719 ], [ 13.473248523706321, 52.436241317261718 ], [ 13.47448878398183, 52.435608465229706 ], [ 13.473777514029235, 52.435070145220891 ], [ 13.472789861174229, 52.435533597497567 ], [ 13.472654831245375, 52.435366800841102 ], [ 13.472725267577445, 52.435338378988952 ], [ 13.472906044105329, 52.435361080589892 ], [ 13.473693977129663, 52.43499095484237 ], [ 13.471714548602154, 52.433407625824856 ], [ 13.469458986260671, 52.434330742512998 ], [ 13.469456644048799, 52.434394131912207 ] ] ] } },
{ "type": "Feature", "properties": { "id": "te_kak_klimarelevante_bebauung_2022.1400826281000100", "schl5": "1400826281000100", "typklar": "Freistehende Einfamilienhäuser mit Gärten", "art": "Klimarelevante Bebauung" }, "geometry": { "type": "Polygon", "coordinates": [ [ [ 13.466992522917685, 52.441781387870094 ], [ 13.46697948082597, 52.441727449272925 ], [ 13.462882580787243, 52.439707039960624 ], [ 13.46302411629442, 52.439607483413575 ], [ 13.463159435453187, 52.439598684020773 ], [ 13.463278344859431, 52.439653668148942 ], [ 13.463297595520276, 52.439785256911996 ], [ 13.464504056860482, 52.440384864118798 ], [ 13.46498811162701, 52.439993977500002 ], [ 13.466677841174638, 52.440826041411235 ], [ 13.466902049622844, 52.440660984831801 ], [ 13.463504372795088, 52.438974589077681 ], [ 13.46324545207043, 52.438608475950552 ], [ 13.462516377295431, 52.438927388678152 ], [ 13.462395492035013, 52.439009899871081 ], [ 13.461869402009814, 52.439311117357263 ], [ 13.461240841377387, 52.439558167271876 ], [ 13.466382802651937, 52.442097725953204 ], [ 13.46650165743567, 52.442101546658996 ], [ 13.466992522917685, 52.441781387870094 ] ] ] } },
{ "type": "Feature", "properties": { "id": "te_kak_klimarelevante_bebauung_2022.1400826291000100", "schl5": "1400826291000100", "typklar": "Freistehende Einfamilienhäuser mit Gärten", "art": "Klimarelevante Bebauung" }, "geometry": { "type": "Polygon", "coordinates": [ [ [ 13.468794543032017, 52.439981087028698 ], [ 13.468872738430651, 52.439909297718437 ], [ 13.468990402846247, 52.439826684318028 ], [ 13.469230187808146, 52.439658328409202 ], [ 13.468626225087229, 52.439332025870584 ], [ 13.46538152916871, 52.437548001838501 ], [ 13.465235532613825, 52.437649865239337 ], [ 13.465828456849515, 52.437973067062885 ], [ 13.466249538540945, 52.438231555907123 ], [ 13.46748941458638, 52.438962252905903 ], [ 13.467321475118132, 52.439056183023055 ], [ 13.467595551464845, 52.439277436162065 ], [ 13.467511960236109, 52.439321028719938 ], [ 13.467205842677103, 52.439098449238955 ], [ 13.46711351557207, 52.439085576497632 ], [ 13.465698863006136, 52.438025913016794 ], [ 13.465130976995605, 52.437722564264341 ], [ 13.464442497220963, 52.438187751786877 ], [ 13.464085726026411, 52.438362138249175 ], [ 13.467418499455592, 52.440011123024455 ], [ 13.467419348670122, 52.440011029734322 ], [ 13.467688522869897, 52.439992519721486 ], [ 13.467822085528775, 52.440063694203843 ], [ 13.467712746698551, 52.440151448461897 ], [ 13.467643826460765, 52.44020361544294 ], [ 13.468066397733395, 52.440416300875157 ], [ 13.468053196966853, 52.440499525059948 ], [ 13.468402485278816, 52.440671372555393 ], [ 13.468483868917026, 52.440501897765472 ], [ 13.468606926012773, 52.440221677928768 ], [ 13.468647751471133, 52.440165012431429 ], [ 13.468794543032017, 52.439981087028698 ] ] ] } },
{ "type": "Feature", "properties": { "id": "te_kak_klimarelevante_bebauung_2022.1400826291000200", "schl5": "1400826291000200", "typklar": "Freistehende Einfamilienhäuser mit Gärten", "art": "Klimarelevante Bebauung" }, "geometry": { "type": "Polygon", "coordinates": [ [ [ 13.468012337776901, 52.43872190952095 ], [ 13.468463760968175, 52.438316319836574 ], [ 13.466924385590785, 52.437446139876954 ], [ 13.46675221026798, 52.437482751670174 ], [ 13.466466624873112, 52.437518603580109 ], [ 13.466305723021978, 52.437518385886236 ], [ 13.46611509596821, 52.437498095418896 ], [ 13.465682052909877, 52.437393229425425 ], [ 13.465614863027103, 52.437400899087578 ], [ 13.468012337776901, 52.43872190952095 ] ] ] } },
{ "type": "Feature", "properties": { "id": "te_kak_klimarelevante_bebauung_2022.1400826291000300", "schl5": "1400826291000300", "typklar": "Freistehende Einfamilienhäuser mit Gärten", "art": "Klimarelevante Bebauung" }, "geometry": { "type": "Polygon", "coordinates": [ [ [ 13.468898444206555, 52.439150363959655 ], [ 13.468626225087229, 52.439332025870584 ], [ 13.469230187808146, 52.439658328409202 ], [ 13.469858975566581, 52.439216842476689 ], [ 13.46989028305395, 52.439097361999977 ], [ 13.46922249198869, 52.438737008037251 ], [ 13.469172355871819, 52.438776483572177 ], [ 13.468591135416627, 52.438471059417374 ], [ 13.468522029102999, 52.438470069057729 ], [ 13.468150421759448, 52.438761637392595 ], [ 13.468898444206555, 52.439150363959655 ] ] ] } },
{ "type": "Feature", "properties": { "id": "te_kak_klimarelevante_bebauung_2022.1400826301000100", "schl5": "1400826301000100", "typklar": "Verdichtung im Einzelhausgebiet, Mischbebauung mit Garten und halbprivater Umgrünung (1870er bis heute)", "art": "Klimarelevante Bebauung" }, "geometry": { "type": "Polygon", "coordinates": [ [ [ 13.451628902806977, 52.437062318147007 ], [ 13.451657876214595, 52.437171997319972 ], [ 13.451837141014526, 52.437574865258078 ], [ 13.451910976495155, 52.437701903792508 ], [ 13.452017249321145, 52.437767445948502 ], [ 13.454147754097326, 52.437123790701243 ], [ 13.454354550600405, 52.437023665347809 ], [ 13.454454865644287, 52.436993193907334 ], [ 13.454544435827787, 52.437148863690645 ], [ 13.454464193360538, 52.437170791672706 ], [ 13.454215566387905, 52.437205946247403 ], [ 13.452062506810814, 52.437850189478148 ], [ 13.452048130725464, 52.437919938759507 ], [ 13.452450825693536, 52.438564301960781 ], [ 13.452540384493476, 52.438601279444399 ], [ 13.454294622419509, 52.438235396350123 ], [ 13.455399395484298, 52.437955062974225 ], [ 13.454221898730978, 52.435953150542638 ], [ 13.452397183591794, 52.436523752179731 ], [ 13.452281537664879, 52.43668175097612 ], [ 13.452170107236515, 52.436714154717286 ], [ 13.452031533568769, 52.436694900515761 ], [ 13.452002547047659, 52.436650382671068 ], [ 13.451627275977964, 52.436779528523239 ], [ 13.451628902806977, 52.437062318147007 ] ] ] } },
{ "type": "Feature", "properties": { "id": "te_kak_klimarelevante_bebauung_2022.1400826351000300", "schl5": "1400826351000300", "typklar": "Reihen- und Doppelhäuser mit Gärten", "art": "Klimarelevante Bebauung" }, "geometry": { "type": "Polygon", "coordinates": [ [ [ 13.456424228291908, 52.42821276303971 ], [ 13.457842224207839, 52.428215466495885 ], [ 13.457952784245212, 52.428205068132819 ], [ 13.458954349311155, 52.42821071571683 ], [ 13.458958309511644, 52.427167782242876 ], [ 13.459248416042611, 52.42716819338326 ], [ 13.459251453131131, 52.427277980549647 ], [ 13.459171962365307, 52.427292646725988 ], [ 13.459088762260347, 52.427374866146799 ], [ 13.459078684024837, 52.428210892293322 ], [ 13.460204606516433, 52.428210371772614 ], [ 13.46077579829082, 52.42783992475524 ], [ 13.460974053022428, 52.427732165586391 ], [ 13.459450530825816, 52.426806634946594 ], [ 13.45936149677139, 52.426762886460914 ], [ 13.459266407095576, 52.426748210049759 ], [ 13.459183127253119, 52.4267553624084 ], [ 13.459022363279075, 52.426809663129916 ], [ 13.457735481721135, 52.427440350940266 ], [ 13.45641854914499, 52.42814368551619 ], [ 13.456424228291908, 52.42821276303971 ] ] ] } },
{ "type": "Feature", "properties": { "id": "te_kak_klimarelevante_bebauung_2022.1400826371000000", "schl5": "1400826371000000", "typklar": "Freistehende Einfamilienhäuser mit Gärten", "art": "Klimarelevante Bebauung" }, "geometry": { "type": "Polygon", "coordinates": [ [ [ 13.469602673257867, 52.440166389390825 ], [ 13.470722174521081, 52.439629573175537 ], [ 13.470513950125781, 52.439463044929745 ], [ 13.470170542048526, 52.439268480066154 ], [ 13.470035157160892, 52.439295258947936 ], [ 13.469110973682065, 52.439906921183891 ], [ 13.469602673257867, 52.440166389390825 ] ] ] } },
{ "type": "Feature", "properties": { "id": "te_kak_klimarelevante_bebauung_2022.1400826381000000", "schl5": "1400826381000000", "typklar": "Freistehende Einfamilienhäuser mit Gärten", "art": "Klimarelevante Bebauung" }, "geometry": { "type": "Polygon", "coordinates": [ [ [ 13.471997779891945, 52.439018360126028 ], [ 13.471277419939957, 52.438548311460913 ], [ 13.471187691606167, 52.438557180025583 ], [ 13.470307781266246, 52.439131164090888 ], [ 13.470276610898555, 52.439213801793329 ], [ 13.470680243851085, 52.439427318118014 ], [ 13.470919546221731, 52.439538169543773 ], [ 13.471997779891945, 52.439018360126028 ] ] ] } },
{ "type": "Feature", "properties": { "id": "te_kak_klimarelevante_bebauung_2022.1400826391000000", "schl5": "1400826391000000", "typklar": "Freistehende Einfamilienhäuser mit Gärten", "art": "Klimarelevante Bebauung" }, "geometry": { "type": "Polygon", "coordinates": [ [ [ 13.472875435537443, 52.438601492685287 ], [ 13.472996987930641, 52.438711357654398 ], [ 13.4736219612117, 52.43820502983538 ], [ 13.473041225549862, 52.437678507579228 ], [ 13.472051082612442, 52.438073932735954 ], [ 13.471414689284723, 52.438402010688264 ], [ 13.471383521844441, 52.438483746909952 ], [ 13.472164246449026, 52.438932306663801 ], [ 13.472875435537443, 52.438601492685287 ] ] ] } },
{ "type": "Feature", "properties": { "id": "te_kak_klimarelevante_bebauung_2022.1400826481000000", "schl5": "1400826481000000", "typklar": "Freistehende Einfamilienhäuser mit Gärten", "art": "Klimarelevante Bebauung" }, "geometry": { "type": "Polygon", "coordinates": [ [ [ 13.473944228361496, 52.431105101616261 ], [ 13.47474526648438, 52.431581236969187 ], [ 13.475454342273087, 52.4312402844321 ], [ 13.475663244562634, 52.431125081955884 ], [ 13.476047305929482, 52.430889752612622 ], [ 13.476393799751191, 52.430645765007753 ], [ 13.477191221394321, 52.430000814628357 ], [ 13.476583114179055, 52.429747698725599 ], [ 13.476276176674164, 52.429995538662567 ], [ 13.474799983042073, 52.430979830499361 ], [ 13.474461788154786, 52.430779749676873 ], [ 13.473944228361496, 52.431105101616261 ] ] ] } },
{ "type": "Feature", "properties": { "id": "te_kak_klimarelevante_bebauung_2022.1400830021000000", "schl5": "1400830021000000", "typklar": "Freistehende Einfamilienhäuser mit Gärten", "art": "Klimarelevante Bebauung" }, "geometry": { "type": "Polygon", "coordinates": [ [ [ 13.481653225244697, 52.440303106624881 ], [ 13.481850711490434, 52.440171246191809 ], [ 13.481903836173958, 52.440113797249758 ], [ 13.481952623583195, 52.44003477421488 ], [ 13.481979567776248, 52.439890121683938 ], [ 13.481963697656225, 52.439796641649288 ], [ 13.481900902762019, 52.439662662985448 ], [ 13.481802714689559, 52.439560995198391 ], [ 13.478924557619763, 52.44075095936094 ], [ 13.479549670353856, 52.441328435564358 ], [ 13.481653225244697, 52.440303106624881 ] ] ] } },
{ "type": "Feature", "properties": { "id": "te_kak_klimarelevante_bebauung_2022.1400830031000000", "schl5": "1400830031000000", "typklar": "Freistehende Einfamilienhäuser mit Gärten", "art": "Klimarelevante Bebauung" }, "geometry": { "type": "Polygon", "coordinates": [ [ [ 13.478280470303691, 52.440109304332687 ], [ 13.478872783062554, 52.440641156726947 ], [ 13.481841953732518, 52.439440576894562 ], [ 13.481647302641749, 52.438972179749129 ], [ 13.48146493432456, 52.438787791527361 ], [ 13.478280470303691, 52.440109304332687 ] ] ] } },
{ "type": "Feature", "properties": { "id": "te_kak_klimarelevante_bebauung_2022.1400830041000000", "schl5": "1400830041000000", "typklar": "Freistehende Einfamilienhäuser mit Gärten", "art": "Klimarelevante Bebauung" }, "geometry": { "type": "Polygon", "coordinates": [ [ [ 13.477759448333353, 52.439670550580701 ], [ 13.478198278179642, 52.440041818528925 ], [ 13.481439207843138, 52.438688384664601 ], [ 13.481254944363592, 52.438498115860789 ], [ 13.481090338050778, 52.438344450270939 ], [ 13.480856602800545, 52.43816179464001 ], [ 13.477759448333353, 52.439670550580701 ] ] ] } },
{ "type": "Feature", "properties": { "id": "te_kak_klimarelevante_bebauung_2022.1400830051000000", "schl5": "1400830051000000", "typklar": "Freistehende Einfamilienhäuser mit Gärten", "art": "Klimarelevante Bebauung" }, "geometry": { "type": "Polygon", "coordinates": [ [ [ 13.476834493592481, 52.438941014711553 ], [ 13.477619487535003, 52.439565568630996 ], [ 13.480724524949077, 52.438054418105551 ], [ 13.479939236984114, 52.437451328334468 ], [ 13.476834493592481, 52.438941014711553 ] ] ] } },
{ "type": "Feature", "properties": { "id": "te_kak_klimarelevante_bebauung_2022.1400830061000100", "schl5": "1400830061000100", "typklar": "Wochenendhaus- und kleingartenähnliches Gebiet", "art": "Klimarelevante Bebauung" }, "geometry": { "type": "Polygon", "coordinates": [ [ [ 13.486971290898637, 52.397856271556449 ], [ 13.48840377958035, 52.40055820998758 ], [ 13.488766785923259, 52.399952621129643 ], [ 13.489390700662051, 52.398858172767838 ], [ 13.490055994879844, 52.397715474546374 ], [ 13.488768650794265, 52.397606677525893 ], [ 13.487072678796221, 52.397475090584656 ], [ 13.486747196951754, 52.397450893344796 ], [ 13.486745553285445, 52.397450969199063 ], [ 13.486971290898637, 52.397856271556449 ] ] ] } },
{ "type": "Feature", "properties": { "id": "te_kak_klimarelevante_bebauung_2022.1400830061000200", "schl5": "1400830061000200", "typklar": "Wochenendhaus- und kleingartenähnliches Gebiet", "art": "Klimarelevante Bebauung" }, "geometry": { "type": "Polygon", "coordinates": [ [ [ 13.488940253236326, 52.401592760368509 ], [ 13.489663988298986, 52.400356942358904 ], [ 13.488766785923259, 52.399952621129643 ], [ 13.48840377958035, 52.40055820998758 ], [ 13.488940253236326, 52.401592760368509 ] ] ] } },
{ "type": "Feature", "properties": { "id": "te_kak_klimarelevante_bebauung_2022.1400830061000300", "schl5": "1400830061000300", "typklar": "Freistehende Einfamilienhäuser mit Gärten", "art": "Klimarelevante Bebauung" }, "geometry": { "type": "Polygon", "coordinates": [ [ [ 13.489663988298986, 52.400356942358904 ], [ 13.490404803844157, 52.399076800409503 ], [ 13.489390700662051, 52.398858172767838 ], [ 13.488766785923259, 52.399952621129643 ], [ 13.489663988298986, 52.400356942358904 ] ] ] } },
{ "type": "Feature", "properties": { "id": "te_kak_klimarelevante_bebauung_2022.1400830061000400", "schl5": "1400830061000400", "typklar": "Wochenendhaus- und kleingartenähnliches Gebiet", "art": "Klimarelevante Bebauung" }, "geometry": { "type": "Polygon", "coordinates": [ [ [ 13.490404803844157, 52.399076800409503 ], [ 13.491124884338264, 52.397872624085544 ], [ 13.49112360450099, 52.397872360354953 ], [ 13.490905682127716, 52.397828236177389 ], [ 13.490559325099452, 52.397758106251977 ], [ 13.490057024894162, 52.397715557503481 ], [ 13.490055994879844, 52.397715474546374 ], [ 13.489390700662051, 52.398858172767838 ], [ 13.490404803844157, 52.399076800409503 ] ] ] } },
{ "type": "Feature", "properties": { "id": "te_kak_klimarelevante_bebauung_2022.1400830061000500", "schl5": "1400830061000500", "typklar": "Freistehende Einfamilienhäuser mit Gärten", "art": "Klimarelevante Bebauung" }, "geometry": { "type": "Polygon", "coordinates": [ [ [ 13.492188857317609, 52.399443290962083 ], [ 13.492395864912817, 52.399492055122927 ], [ 13.492370741638476, 52.399540554765345 ], [ 13.492317856089802, 52.399538697866753 ], [ 13.49218096848278, 52.399622119390791 ], [ 13.492152925660402, 52.399664324810701 ], [ 13.493025035014803, 52.399859428082941 ], [ 13.493036828403307, 52.399845961361571 ], [ 13.493204197215617, 52.399885692420675 ], [ 13.493162894637461, 52.399940464986948 ], [ 13.493004313466372, 52.399909730053217 ], [ 13.493002896266461, 52.399892653996993 ], [ 13.492127829130041, 52.399703838101615 ], [ 13.491820669862079, 52.400218430154148 ], [ 13.492701619626942, 52.400408154060429 ], [ 13.492723684496372, 52.400399191642855 ], [ 13.492882245645434, 52.400437116001847 ], [ 13.492842418659286, 52.400489193743205 ], [ 13.492683824925471, 52.400462053786349 ], [ 13.492679464154991, 52.400446771685289 ], [ 13.491798519153203, 52.400255250353531 ], [ 13.491495769732323, 52.400766251918434 ], [ 13.492375246980995, 52.400960469356349 ], [ 13.492398773921861, 52.400954205904647 ], [ 13.492550003794756, 52.400987627933461 ], [ 13.492513092568537, 52.401046898793815 ], [ 13.492361865242268, 52.401012577638596 ], [ 13.492356026534864, 52.400999989302889 ], [ 13.491478013033985, 52.400807570652688 ], [ 13.491166427313388, 52.40132305486491 ], [ 13.492042978459382, 52.401516372409908 ], [ 13.492065033137939, 52.401511005538431 ], [ 13.492222138633682, 52.401545333714147 ], [ 13.492188166316408, 52.401604607799847 ], [ 13.492025183924508, 52.401570272936041 ], [ 13.492019358791604, 52.401553191886372 ], [ 13.491144271503275, 52.40136167220566 ], [ 13.490841498486182, 52.40187536822441 ], [ 13.491716589133491, 52.402068686557861 ], [ 13.49173718927913, 52.402058824499456 ], [ 13.491892815617813, 52.40209674686696 ], [ 13.491858853296293, 52.402152426326055 ], [ 13.49170174324234, 52.402118995834606 ], [ 13.49169003867947, 52.402102806294018 ], [ 13.490817866697878, 52.401915781064716 ], [ 13.490516561420456, 52.402427680574746 ], [ 13.49146214029474, 52.402636359505728 ], [ 13.491435545635342, 52.402684858146671 ], [ 13.490517672358449, 52.402478248327903 ], [ 13.490488509660594, 52.402471683709848 ], [ 13.490175390550005, 52.403000643207072 ], [ 13.491129795356109, 52.40320933496109 ], [ 13.491100273747502, 52.403253335657283 ], [ 13.490147335335356, 52.403045544433461 ], [ 13.489930206609522, 52.403414649555998 ], [ 13.489911685923053, 52.403457946233679 ], [ 13.490617280922796, 52.404710567068548 ], [ 13.494311758014861, 52.398444646437866 ], [ 13.492911325935681, 52.398216784332313 ], [ 13.492909324376747, 52.398216419444225 ], [ 13.492846867521454, 52.398205115520312 ], [ 13.492108287508863, 52.398070388863914 ], [ 13.492073503152346, 52.39806404760801 ], [ 13.491124884338264, 52.397872624085544 ], [ 13.490404803844157, 52.399076800409503 ], [ 13.489663988298986, 52.400356942358904 ], [ 13.488940253236326, 52.401592760368509 ], [ 13.489800331263387, 52.403253137791225 ], [ 13.489856273612762, 52.403233883202574 ], [ 13.490310552863637, 52.402470562731665 ], [ 13.489653564769295, 52.401218522726005 ], [ 13.490205527589261, 52.400287388449634 ], [ 13.490154737405598, 52.400213025819902 ], [ 13.49097189313227, 52.398833991796856 ], [ 13.491175826210183, 52.39888029395825 ], [ 13.491144088624711, 52.398930784973722 ], [ 13.490961600500631, 52.399021225886337 ], [ 13.490259215668424, 52.400210174068029 ], [ 13.490290661432201, 52.400254793242183 ], [ 13.49141477224944, 52.400505746514277 ], [ 13.491490155356665, 52.400483542033349 ], [ 13.492097687500619, 52.399426585832643 ], [ 13.49224732204123, 52.399166251010023 ], [ 13.492228307602742, 52.399028024133514 ], [ 13.492201605720412, 52.399020563429673 ], [ 13.492228487982938, 52.398968581515248 ], [ 13.492434847586809, 52.399016369908395 ], [ 13.492182505860823, 52.399442127406552 ], [ 13.492188857317609, 52.399443290962083 ] ], [ [ 13.490938777961865, 52.399975420499743 ], [ 13.490876910440234, 52.399955868806721 ], [ 13.490785079098305, 52.399898401878069 ], [ 13.490755121517585, 52.399858322581387 ], [ 13.490750142613608, 52.399751169135008 ], [ 13.490782154855333, 52.399698174107371 ], [ 13.490861913618541, 52.399653891509772 ], [ 13.490975175597852, 52.399646446214234 ], [ 13.491162644409918, 52.39967480045739 ], [ 13.491254508415835, 52.399721443975515 ], [ 13.491270324121597, 52.399757177937921 ], [ 13.491252293359734, 52.399866468857866 ], [ 13.491207907334084, 52.399916203219597 ], [ 13.491165351604739, 52.399945376612926 ], [ 13.491105126382672, 52.399966954394934 ], [ 13.491055558362914, 52.399975554616688 ], [ 13.490938777961865, 52.399975420499743 ] ] ] } },
{ "type": "Feature", "properties": { "id": "te_kak_klimarelevante_bebauung_2022.1400830071000000", "schl5": "1400830071000000", "typklar": "Freistehende Einfamilienhäuser mit Gärten", "art": "Klimarelevante Bebauung" }, "geometry": { "type": "Polygon", "coordinates": [ [ [ 13.475942672497313, 52.438285653341119 ], [ 13.476740604691766, 52.438875293186399 ], [ 13.479840915301226, 52.437391894598164 ], [ 13.479065119511203, 52.436773545182227 ], [ 13.475942672497313, 52.438285653341119 ] ] ] } },
{ "type": "Feature", "properties": { "id": "te_kak_klimarelevante_bebauung_2022.1400830081000000", "schl5": "1400830081000000", "typklar": "Freistehende Einfamilienhäuser mit Gärten", "art": "Klimarelevante Bebauung" }, "geometry": { "type": "Polygon", "coordinates": [ [ [ 13.474605574785627, 52.438841112297411 ], [ 13.478757663742538, 52.436814497791026 ], [ 13.478668138628558, 52.436763162129409 ], [ 13.478709754140871, 52.436631111199212 ], [ 13.478827580816683, 52.436573744399666 ], [ 13.478173455708639, 52.436075063974961 ], [ 13.47386973860984, 52.438162570409183 ], [ 13.474605574785627, 52.438841112297411 ] ] ] } },
{ "type": "Feature", "properties": { "id": "te_kak_klimarelevante_bebauung_2022.1400830091000000", "schl5": "1400830091000000", "typklar": "Freistehende Einfamilienhäuser mit Gärten", "art": "Klimarelevante Bebauung" }, "geometry": { "type": "Polygon", "coordinates": [ [ [ 13.473790592187544, 52.438087879342021 ], [ 13.478098712839122, 52.436001279426343 ], [ 13.476485522050888, 52.434754589747783 ], [ 13.473418829066606, 52.436317027475305 ], [ 13.472441976324232, 52.436882815572581 ], [ 13.473790592187544, 52.438087879342021 ] ] ] } },
{ "type": "Feature", "properties": { "id": "te_kak_klimarelevante_bebauung_2022.1400830101000000", "schl5": "1400830101000000", "typklar": "Freistehende Einfamilienhäuser mit Gärten", "art": "Klimarelevante Bebauung" }, "geometry": { "type": "Polygon", "coordinates": [ [ [ 13.476489039989218, 52.434584747233352 ], [ 13.478690767839581, 52.433521705793794 ], [ 13.477457178836932, 52.432651146915596 ], [ 13.476920929845329, 52.433399056375599 ], [ 13.47675500958848, 52.433766399485073 ], [ 13.476393156237224, 52.434244029123697 ], [ 13.476227962281726, 52.434395694992091 ], [ 13.476489039989218, 52.434584747233352 ] ] ] } },
{ "type": "Feature", "properties": { "id": "te_kak_klimarelevante_bebauung_2022.1400830111000000", "schl5": "1400830111000000", "typklar": "Freistehende Einfamilienhäuser mit Gärten", "art": "Klimarelevante Bebauung" }, "geometry": { "type": "Polygon", "coordinates": [ [ [ 13.478198914407388, 52.435937600310822 ], [ 13.482528419982863, 52.433850597782587 ], [ 13.480917754325686, 52.432614580654324 ], [ 13.476607733813415, 52.434703521482916 ], [ 13.478198914407388, 52.435937600310822 ] ] ] } },
{ "type": "Feature", "properties": { "id": "te_kak_klimarelevante_bebauung_2022.1400830121000000", "schl5": "1400830121000000", "typklar": "Freistehende Einfamilienhäuser mit Gärten", "art": "Klimarelevante Bebauung" }, "geometry": { "type": "Polygon", "coordinates": [ [ [ 13.478949823451087, 52.436514585718683 ], [ 13.479039693013876, 52.436462573802707 ], [ 13.479282304908734, 52.436463776560764 ], [ 13.47935125443021, 52.43651149167011 ], [ 13.483432929920111, 52.434543207670451 ], [ 13.482610428487769, 52.433904277869217 ], [ 13.478304560437136, 52.436003335378636 ], [ 13.478949823451087, 52.436514585718683 ] ] ] } },
{ "type": "Feature", "properties": { "id": "te_kak_klimarelevante_bebauung_2022.1400830131000000", "schl5": "1400830131000000", "typklar": "Freistehende Einfamilienhäuser mit Gärten", "art": "Klimarelevante Bebauung" }, "geometry": { "type": "Polygon", "coordinates": [ [ [ 13.479963202114234, 52.437319254186136 ], [ 13.484385502978148, 52.435276602329289 ], [ 13.48352310378719, 52.434613639761196 ], [ 13.47920207182151, 52.436712607303143 ], [ 13.479963202114234, 52.437319254186136 ] ] ] } },
{ "type": "Feature", "properties": { "id": "te_kak_klimarelevante_bebauung_2022.1400830141000000", "schl5": "1400830141000000", "typklar": "Freistehende Einfamilienhäuser mit Gärten", "art": "Klimarelevante Bebauung" }, "geometry": { "type": "Polygon", "coordinates": [ [ [ 13.480839084147602, 52.437998325416721 ], [ 13.487837978166526, 52.434898326910492 ], [ 13.486966637319654, 52.434178864267516 ], [ 13.486598434134633, 52.434340139267576 ], [ 13.480073255443614, 52.437388588574869 ], [ 13.480839084147602, 52.437998325416721 ] ] ] } },
{ "type": "Feature", "properties": { "id": "te_kak_klimarelevante_bebauung_2022.1400830151000000", "schl5": "1400830151000000", "typklar": "Freistehende Einfamilienhäuser mit Gärten", "art": "Klimarelevante Bebauung" }, "geometry": { "type": "Polygon", "coordinates": [ [ [ 13.481205748700026, 52.438290986373879 ], [ 13.481370359026291, 52.438443599895763 ], [ 13.481559750853803, 52.438640217350631 ], [ 13.483849665475985, 52.437742791807239 ], [ 13.483142888670601, 52.437145909042506 ], [ 13.480972018966471, 52.438106753100627 ], [ 13.481205748700026, 52.438290986373879 ] ] ] } },
{ "type": "Feature", "properties": { "id": "te_kak_klimarelevante_bebauung_2022.1400830161000000", "schl5": "1400830161000000", "typklar": "Freistehende Einfamilienhäuser mit Gärten", "art": "Klimarelevante Bebauung" }, "geometry": { "type": "Polygon", "coordinates": [ [ [ 13.481776727595227, 52.438966046345115 ], [ 13.481973720617543, 52.439385527624154 ], [ 13.484488848058422, 52.438342972118882 ], [ 13.483933227241407, 52.437821076961995 ], [ 13.481625060147824, 52.438723202259112 ], [ 13.481776727595227, 52.438966046345115 ] ] ] } },
{ "type": "Feature", "properties": { "id": "te_kak_klimarelevante_bebauung_2022.1400830171000100", "schl5": "1400830171000100", "typklar": "Freistehende Einfamilienhäuser mit Gärten", "art": "Klimarelevante Bebauung" }, "geometry": { "type": "Polygon", "coordinates": [ [ [ 13.48474108843758, 52.439011247075797 ], [ 13.484236601443559, 52.438555956582356 ], [ 13.484228127778005, 52.438550799458113 ], [ 13.48200679490327, 52.439480986288629 ], [ 13.482081561002333, 52.439728487263054 ], [ 13.482144261158995, 52.439891222620311 ], [ 13.482139417549254, 52.439927485357089 ], [ 13.482321693609837, 52.440174706419242 ], [ 13.484739559476147, 52.439022663252423 ], [ 13.48474108843758, 52.439011247075797 ] ] ] } },
{ "type": "Feature", "properties": { "id": "te_kak_klimarelevante_bebauung_2022.1400830191000500", "schl5": "1400830191000500", "typklar": "Freistehende Einfamilienhäuser mit Gärten", "art": "Klimarelevante Bebauung" }, "geometry": { "type": "Polygon", "coordinates": [ [ [ 13.489905360969132, 52.436774292415194 ], [ 13.489239036990753, 52.436373700813633 ], [ 13.489093955373155, 52.436444277426702 ], [ 13.489004706718108, 52.436554988801845 ], [ 13.48885281620716, 52.43662899003219 ], [ 13.488625492780644, 52.436486915059319 ], [ 13.48880749280776, 52.436401047687262 ], [ 13.488875463225281, 52.436390993103586 ], [ 13.488179153488216, 52.435959464967297 ], [ 13.487674720016221, 52.436240816305364 ], [ 13.487681218460184, 52.436245141418134 ], [ 13.487843655353119, 52.436352270831037 ], [ 13.488004475930065, 52.436458507209146 ], [ 13.488145345792203, 52.436551505135412 ], [ 13.488284449979668, 52.436643239544495 ], [ 13.488421649682111, 52.436733897480167 ], [ 13.488557098375979, 52.436823292099099 ], [ 13.48873376575435, 52.436939871975703 ], [ 13.488749377935262, 52.436937625939322 ], [ 13.488765317771131, 52.436936552935578 ], [ 13.488781364361527, 52.436936659122878 ], [ 13.488797252420303, 52.436937959100156 ], [ 13.488812776987787, 52.43694042326797 ], [ 13.488827704024182, 52.436944012673685 ], [ 13.488841814172485, 52.436948688552185 ], [ 13.488854889941647, 52.436954358211246 ], [ 13.488866742011203, 52.43696096528474 ], [ 13.488877197609115, 52.436968399675528 ], [ 13.488886113678969, 52.436976542667026 ], [ 13.488893346555804, 52.436985293520287 ], [ 13.488898797908867, 52.436994516118119 ], [ 13.48890238413281, 52.437004074522825 ], [ 13.488904036605362, 52.437013823997667 ], [ 13.488903760259076, 52.437023620754687 ], [ 13.488901559691243, 52.437033329978675 ], [ 13.488897425130244, 52.437042807693601 ], [ 13.488891464730878, 52.437051902431001 ], [ 13.488883741305505, 52.437060498109062 ], [ 13.48887437741984, 52.437068452438453 ], [ 13.488920900845416, 52.437099248068385 ], [ 13.488892029214384, 52.437113228874523 ], [ 13.488847419143038, 52.437083698452604 ], [ 13.488833709938973, 52.437088801016628 ], [ 13.488819094967113, 52.437092858021138 ], [ 13.4888037681693, 52.437095791034785 ], [ 13.48878799515599, 52.437097576476376 ], [ 13.488771968318137, 52.437098180838788 ], [ 13.488755937968119, 52.437097598326218 ], [ 13.488740154075934, 52.437095832142411 ], [ 13.488724836308934, 52.437092912061864 ], [ 13.488710204005745, 52.437088876854482 ], [ 13.488696475903275, 52.437083783263127 ], [ 13.488683855112249, 52.437077714802371 ], [ 13.488672529709826, 52.437070763789627 ], [ 13.488662673097119, 52.437063022350252 ], [ 13.488654428315812, 52.437054609197233 ], [ 13.488647894302552, 52.437045642484001 ], [ 13.488643198793387, 52.437036258708829 ], [ 13.488640380985773, 52.437026602224194 ], [ 13.488639509778237, 52.437016808784598 ], [ 13.488640580570273, 52.437007013192179 ], [ 13.488643587810728, 52.436997377216585 ], [ 13.488648482787207, 52.436988035104648 ], [ 13.488466666084348, 52.436868026610725 ], [ 13.488331963944779, 52.436779171907538 ], [ 13.48819564007116, 52.436689145449499 ], [ 13.488057559051336, 52.4365980354168 ], [ 13.487917723682848, 52.436505760911885 ], [ 13.487758225530827, 52.436400431447417 ], [ 13.487596523534021, 52.436293751879425 ], [ 13.487588525249361, 52.436288890590717 ], [ 13.487048597689546, 52.436590031411562 ], [ 13.486987478855571, 52.436615466471075 ], [ 13.487131106953674, 52.436720961656597 ], [ 13.487167928387159, 52.436748055397942 ], [ 13.487272829608973, 52.436825111496063 ], [ 13.487334738099818, 52.436870562265838 ], [ 13.487534097464394, 52.437016925028928 ], [ 13.487662320871765, 52.437111074445788 ], [ 13.487788919456777, 52.437204141994563 ], [ 13.4879264606682, 52.437234141979545 ], [ 13.488035020652202, 52.437313977461187 ], [ 13.488114537928935, 52.437372393348625 ], [ 13.488122117276475, 52.437486623153283 ], [ 13.488092962356342, 52.437500699042893 ], [ 13.487910993955277, 52.43747576853918 ], [ 13.487826498069202, 52.437413665432139 ], [ 13.48772292853161, 52.437337606907541 ], [ 13.487699670195907, 52.437249511442261 ], [ 13.487610337589338, 52.437183893735806 ], [ 13.48756691152288, 52.437152031295255 ], [ 13.48752084348896, 52.437118273894036 ], [ 13.487431643755441, 52.437052657747991 ], [ 13.487327629114576, 52.436976323436205 ], [ 13.487296388221225, 52.436953374106444 ], [ 13.487226559491234, 52.436902067684471 ], [ 13.487158479369116, 52.43685211428069 ], [ 13.487125475495807, 52.43682781166391 ], [ 13.487024406858376, 52.436753546756194 ], [ 13.486891100107359, 52.436655575096495 ], [ 13.486704064048636, 52.436733410777677 ], [ 13.486210883168544, 52.436926286437789 ], [ 13.486371744034344, 52.437057607106254 ], [ 13.486527353908979, 52.437184503248041 ], [ 13.486680472797186, 52.437309416234051 ], [ 13.486831241246769, 52.437432536680717 ], [ 13.486981129600846, 52.437554746554099 ], [ 13.487127069105076, 52.437673722863671 ], [ 13.487142985983741, 52.437672469961797 ], [ 13.487159038689338, 52.437672405615018 ], [ 13.487174977230183, 52.437673526629013 ], [ 13.487190581337657, 52.437675821199527 ], [ 13.487205616956079, 52.437679250361825 ], [ 13.487219864747647, 52.437683775343736 ], [ 13.487233106898698, 52.437689312445016 ], [ 13.487245154703885, 52.437695787319676 ], [ 13.487255834776976, 52.437703107836761 ], [ 13.487264989051278, 52.437711164085016 ], [ 13.487272474177841, 52.437719846336847 ], [ 13.487278192130725, 52.437729009483043 ], [ 13.487282044288971, 52.437738526383008 ], [ 13.487283976444855, 52.437748261478447 ], [ 13.487283978825308, 52.437758070788689 ], [ 13.487282041636197, 52.437767810328587 ], [ 13.487278184827456, 52.437777327507341 ], [ 13.487272471517713, 52.437786497253249 ], [ 13.487264980474713, 52.437795167727778 ], [ 13.487255833025603, 52.43780323259314 ], [ 13.487245151743663, 52.437810549553149 ], [ 13.487323036946339, 52.437874087992299 ], [ 13.487294163998186, 52.437888077385232 ], [ 13.487215709078095, 52.437823992168973 ], [ 13.487201206131484, 52.437828203262825 ], [ 13.487185990766452, 52.437831308320867 ], [ 13.487170256000297, 52.437833255878225 ], [ 13.487154266840086, 52.437834040326337 ], [ 13.48713823039262, 52.437833628348983 ], [ 13.487122396344795, 52.437832032135496 ], [ 13.487106984660342, 52.437829272485551 ], [ 13.487092243479916, 52.437825406516936 ], [ 13.487078377761474, 52.437820463823684 ], [ 13.487065590300668, 52.437814536918204 ], [ 13.487054069489734, 52.437807709125259 ], [ 13.487043988414067, 52.437800081563367 ], [ 13.487035490435465, 52.4377917639654 ], [ 13.487028689178061, 52.437782874661309 ], [ 13.487023712382037, 52.437773550155313 ], [ 13.487020628956477, 52.437763926198812 ], [ 13.487019463382348, 52.437754146960934 ], [ 13.487020240441646, 52.437744347623841 ], [ 13.48702295491308, 52.437734680971033 ], [ 13.487027558050382, 52.437725281243821 ], [ 13.487034000505698, 52.437716300660995 ], [ 13.486887920225447, 52.437597142613633 ], [ 13.486735690236536, 52.437472861673974 ], [ 13.486581239701492, 52.43734686178265 ], [ 13.486424315660125, 52.437218798034436 ], [ 13.486265044660264, 52.437088842870395 ], [ 13.486112755859429, 52.436964661947449 ], [ 13.485433035318579, 52.437230484049067 ], [ 13.48557234926513, 52.437356628758977 ], [ 13.485712226356675, 52.437483234559529 ], [ 13.485852103945019, 52.437609849184661 ], [ 13.485991982632429, 52.437736454661156 ], [ 13.486131862117842, 52.437863059975626 ], [ 13.486271727388891, 52.437989673930559 ], [ 13.486407944680755, 52.438112860362651 ], [ 13.486423933022197, 52.438112102975751 ], [ 13.486439968946273, 52.438112533023727 ], [ 13.486455788055412, 52.438114138127389 ], [ 13.486471170079868, 52.438116906472516 ], [ 13.486485895980779, 52.438120790307728 ], [ 13.486499746712587, 52.438125741868738 ], [ 13.486512519173095, 52.438131677633542 ], [ 13.486524024963435, 52.438138514277107 ], [ 13.48653407661579, 52.438146141506387 ], [ 13.486542559553532, 52.43815446794224 ], [ 13.486549331352478, 52.438163356897022 ], [ 13.486554278681497, 52.438172681041223 ], [ 13.486557362031917, 52.438182305008596 ], [ 13.486558498412254, 52.438192074886807 ], [ 13.486557706529174, 52.438201874031002 ], [ 13.486554977535915, 52.438211531496762 ], [ 13.48655035984223, 52.438220922028854 ], [ 13.486543917521363, 52.438229893596862 ], [ 13.486535742795867, 52.438238330496645 ], [ 13.4865259579409, 52.438246099432099 ], [ 13.486514699300175, 52.438253085255127 ], [ 13.486523942635204, 52.438261547299803 ], [ 13.486495219628175, 52.438275439515259 ], [ 13.486484374558367, 52.438265635277084 ], [ 13.486469548568596, 52.438269392590783 ], [ 13.486454098720564, 52.438272036011654 ], [ 13.486438233033017, 52.438273505264767 ], [ 13.486422187121132, 52.438273794375505 ], [ 13.486406211268854, 52.438272897561667 ], [ 13.486390525771249, 52.438270826625001 ], [ 13.48637536528371, 52.438267602558845 ], [ 13.486360948238595, 52.438263291092802 ], [ 13.486347508395221, 52.438257940176022 ], [ 13.486335219427648, 52.438251632954518 ], [ 13.486324269448062, 52.438244461749889 ], [ 13.486314816501784, 52.438236536470868 ], [ 13.486307003956972, 52.438227966847016 ], [ 13.486300945149489, 52.438218880212837 ], [ 13.486296723369426, 52.438209421486285 ], [ 13.486294422536218, 52.438199717620741 ], [ 13.486294052438758, 52.438189912593046 ], [ 13.486295622844283, 52.43818015039237 ], [ 13.48629912882312, 52.438170574806861 ], [ 13.486304491608252, 52.438161337682558 ], [ 13.486311648376978, 52.43815255509503 ], [ 13.486173976874662, 52.438028019250446 ], [ 13.48603409706268, 52.437901404997831 ], [ 13.485894217740672, 52.437774799569688 ], [ 13.48575433921652, 52.437648193979541 ], [ 13.485614461798802, 52.437521579236616 ], [ 13.48547458487081, 52.437394973322412 ], [ 13.485335087097459, 52.437268788379988 ], [ 13.484996388551636, 52.437401241450431 ], [ 13.48569712623337, 52.438069158745549 ], [ 13.484705671456188, 52.438456554474094 ], [ 13.484637241383789, 52.43839095962776 ], [ 13.484529282958965, 52.438435646362976 ], [ 13.484436994949936, 52.43846333119987 ], [ 13.484374985675595, 52.438489299268007 ], [ 13.484644815535303, 52.438736181543334 ], [ 13.484700675413162, 52.438714284818538 ], [ 13.484793423171785, 52.438677927465626 ], [ 13.485431040749447, 52.438427980210363 ], [ 13.485307905579099, 52.438307411206665 ], [ 13.485374166128009, 52.438279631458364 ], [ 13.485627777210636, 52.438524372438785 ], [ 13.485561527896184, 52.438548557832441 ], [ 13.485505818588738, 52.43849546939591 ], [ 13.485452916942457, 52.438484621977814 ], [ 13.485418973395745, 52.438497791611269 ], [ 13.485073061243954, 52.438631999293278 ], [ 13.484841357544937, 52.438721894952373 ], [ 13.484747097363792, 52.4387584658298 ], [ 13.484693203024893, 52.438779375369933 ], [ 13.484884018724447, 52.438953829127165 ], [ 13.484929566264974, 52.438932125628916 ], [ 13.485109908580206, 52.43909769737985 ], [ 13.485208571428947, 52.439058714561639 ], [ 13.489905360969132, 52.436774292415194 ] ] ] } },
{ "type": "Feature", "properties": { "id": "te_kak_klimarelevante_bebauung_2022.1400830191000600", "schl5": "1400830191000600", "typklar": "Reihen- und Doppelhäuser mit Gärten", "art": "Klimarelevante Bebauung" }, "geometry": { "type": "MultiPolygon", "coordinates": [ [ [ [ 13.488875463225281, 52.436390993103586 ], [ 13.489004108462852, 52.436371963924607 ], [ 13.490616694011845, 52.435590632462471 ], [ 13.489971621260928, 52.435092784382242 ], [ 13.488816872849641, 52.435614270005161 ], [ 13.48838593138383, 52.435840679481622 ], [ 13.488179153488216, 52.435959464967297 ], [ 13.488875463225281, 52.436390993103586 ] ] ], [ [ [ 13.489905360969132, 52.436774292415194 ], [ 13.491374644943059, 52.43607833125926 ], [ 13.491144356569546, 52.43589473933109 ], [ 13.491091345143609, 52.435919839395154 ], [ 13.490963682313646, 52.435824670469806 ], [ 13.490931110780114, 52.435837060778894 ], [ 13.490707985975398, 52.435659089822877 ], [ 13.489239036990753, 52.436373700813633 ], [ 13.489905360969132, 52.436774292415194 ] ] ] ] } },
{ "type": "Feature", "properties": { "id": "te_kak_klimarelevante_bebauung_2022.1400830211000000", "schl5": "1400830211000000", "typklar": "Freistehende Einfamilienhäuser mit Gärten", "art": "Klimarelevante Bebauung" }, "geometry": { "type": "Polygon", "coordinates": [ [ [ 13.484501841949873, 52.435221025251082 ], [ 13.486885571715447, 52.434111877192422 ], [ 13.486025019357202, 52.43339708772649 ], [ 13.483633498500309, 52.434568445740695 ], [ 13.484501841949873, 52.435221025251082 ] ] ] } },
{ "type": "Feature", "properties": { "id": "te_kak_klimarelevante_bebauung_2022.1400830221000000", "schl5": "1400830221000000", "typklar": "Freistehende Einfamilienhäuser mit Gärten", "art": "Klimarelevante Bebauung" }, "geometry": { "type": "Polygon", "coordinates": [ [ [ 13.48352641168872, 52.434491929226752 ], [ 13.484513970448942, 52.434020438541424 ], [ 13.481997174002505, 52.432091594265025 ], [ 13.481019340457435, 52.432565603037332 ], [ 13.48352641168872, 52.434491929226752 ] ] ] } },
{ "type": "Feature", "properties": { "id": "te_kak_klimarelevante_bebauung_2022.1400830231000000", "schl5": "1400830231000000", "typklar": "Freistehende Einfamilienhäuser mit Gärten", "art": "Klimarelevante Bebauung" }, "geometry": { "type": "Polygon", "coordinates": [ [ [ 13.482181826434884, 52.432007279822678 ], [ 13.4846780230032, 52.433930753721413 ], [ 13.485939472466875, 52.433325220670717 ], [ 13.483549835841627, 52.431347525637385 ], [ 13.482181826434884, 52.432007279822678 ] ] ] } },
{ "type": "Feature", "properties": { "id": "te_kak_klimarelevante_bebauung_2022.1400830241000000", "schl5": "1400830241000000", "typklar": "Freistehende Einfamilienhäuser mit Gärten", "art": "Klimarelevante Bebauung" }, "geometry": { "type": "Polygon", "coordinates": [ [ [ 13.481869451644783, 52.431993305417151 ], [ 13.481438638093202, 52.431661656644714 ], [ 13.48112544402861, 52.431784012648954 ], [ 13.481043054905829, 52.431800984989735 ], [ 13.480950400279363, 52.431809857463797 ], [ 13.480854833366353, 52.43180973910831 ], [ 13.480746066617694, 52.431800618199496 ], [ 13.480610934448462, 52.431760011397301 ], [ 13.48001062834169, 52.431451926065144 ], [ 13.477969536774362, 52.432880052265112 ], [ 13.478785044469845, 52.433468802222144 ], [ 13.481869451644783, 52.431993305417151 ] ] ] } },
{ "type": "Feature", "properties": { "id": "te_kak_klimarelevante_bebauung_2022.1400830251000000", "schl5": "1400830251000000", "typklar": "Freistehende Einfamilienhäuser mit Gärten", "art": "Klimarelevante Bebauung" }, "geometry": { "type": "Polygon", "coordinates": [ [ [ 13.477878602325442, 52.432813436274678 ], [ 13.479882840537316, 52.431414922063546 ], [ 13.479386866473776, 52.431124934257646 ], [ 13.477957259694602, 52.432159305529026 ], [ 13.477532421794624, 52.432574853424242 ], [ 13.477878602325442, 52.432813436274678 ] ] ] } },
{ "type": "Feature", "properties": { "id": "te_kak_klimarelevante_bebauung_2022.1400830261000000", "schl5": "1400830261000000", "typklar": "Freistehende Einfamilienhäuser mit Gärten", "art": "Klimarelevante Bebauung" }, "geometry": { "type": "Polygon", "coordinates": [ [ [ 13.480549917500909, 52.431094923899259 ], [ 13.480146146771576, 52.431374808981772 ], [ 13.480702396296396, 52.431668461432729 ], [ 13.480790506300391, 52.431700023099005 ], [ 13.480866920010785, 52.431711800546722 ], [ 13.480987490875783, 52.431708353277806 ], [ 13.481133161688893, 52.431672586127313 ], [ 13.481338414030002, 52.431588085373484 ], [ 13.481230352485637, 52.431502463259982 ], [ 13.481413374438819, 52.43140962348496 ], [ 13.482054918305856, 52.431903227540545 ], [ 13.483389947123369, 52.431234100231961 ], [ 13.481715130274347, 52.429957749766139 ], [ 13.480549917500909, 52.431094923899259 ] ] ] } },
{ "type": "Feature", "properties": { "id": "te_kak_klimarelevante_bebauung_2022.1400830271000000", "schl5": "1400830271000000", "typklar": "Freistehende Einfamilienhäuser mit Gärten", "art": "Klimarelevante Bebauung" }, "geometry": { "type": "Polygon", "coordinates": [ [ [ 13.478961921281716, 52.430699333523059 ], [ 13.480024382476339, 52.431294676698414 ], [ 13.48046638912458, 52.431011243733735 ], [ 13.481627184813254, 52.429876761367815 ], [ 13.479801493844949, 52.428465398433516 ], [ 13.47853686823284, 52.42943258175 ], [ 13.477724516085472, 52.430110954050704 ], [ 13.478961921281716, 52.430699333523059 ] ] ] } },
{ "type": "Feature", "properties": { "id": "te_kak_klimarelevante_bebauung_2022.1400830281000000", "schl5": "1400830281000000", "typklar": "Reihen- und Doppelhäuser mit Gärten", "art": "Klimarelevante Bebauung" }, "geometry": { "type": "Polygon", "coordinates": [ [ [ 13.475700469818245, 52.429391890097804 ], [ 13.476085295997592, 52.429540471286096 ], [ 13.476583114179055, 52.429747698725599 ], [ 13.477191221394321, 52.430000814628357 ], [ 13.477634712984463, 52.42963257026441 ], [ 13.477615787812288, 52.429572785640318 ], [ 13.474014571318044, 52.428211476317266 ], [ 13.473611874767171, 52.428605389294468 ], [ 13.475700469818245, 52.429391890097804 ] ] ] } },
{ "type": "Feature", "properties": { "id": "te_kak_klimarelevante_bebauung_2022.1400830291000000", "schl5": "1400830291000000", "typklar": "Freistehende Einfamilienhäuser mit Gärten", "art": "Klimarelevante Bebauung" }, "geometry": { "type": "Polygon", "coordinates": [ [ [ 13.49142665215135, 52.400593439458262 ], [ 13.491390349236962, 52.400547329013222 ], [ 13.490351212736694, 52.400315791970208 ], [ 13.4902782487213, 52.400340971221908 ], [ 13.489760462547263, 52.401220133150275 ], [ 13.490325635167254, 52.402307111277295 ], [ 13.490391135199522, 52.402339880745018 ], [ 13.49142665215135, 52.400593439458262 ] ] ] } },
{ "type": "Feature", "properties": { "id": "te_kak_klimarelevante_bebauung_2022.1400830301000000", "schl5": "1400830301000000", "typklar": "Freistehende Einfamilienhäuser mit Gärten", "art": "Klimarelevante Bebauung" }, "geometry": { "type": "Polygon", "coordinates": [ [ [ 13.474155463097134, 52.427812110135179 ], [ 13.474038072304731, 52.428119295204887 ], [ 13.474734495231798, 52.428353995571548 ], [ 13.476518279727223, 52.429011256286053 ], [ 13.477430754350802, 52.429376112217469 ], [ 13.477521036815826, 52.429284642993686 ], [ 13.47738259968628, 52.427475592431954 ], [ 13.474223280679045, 52.427558159082096 ], [ 13.474155463097134, 52.427812110135179 ] ] ] } },
{ "type": "Feature", "properties": { "id": "te_kak_klimarelevante_bebauung_2022.1400830311000000", "schl5": "1400830311000000", "typklar": "Freistehende Einfamilienhäuser mit Gärten", "art": "Klimarelevante Bebauung" }, "geometry": { "type": "Polygon", "coordinates": [ [ [ 13.474177316730875, 52.427444584405428 ], [ 13.477581209577753, 52.427361456177202 ], [ 13.479533648451472, 52.425901170086028 ], [ 13.479531058662957, 52.425796025246655 ], [ 13.474091357948874, 52.425942802306018 ], [ 13.474177316730875, 52.427444584405428 ] ] ] } },
{ "type": "Feature", "properties": { "id": "te_kak_klimarelevante_bebauung_2022.1400830321000000", "schl5": "1400830321000000", "typklar": "Freistehende Einfamilienhäuser mit Gärten", "art": "Klimarelevante Bebauung" }, "geometry": { "type": "Polygon", "coordinates": [ [ [ 13.478338029180506, 52.42910341980452 ], [ 13.480752148708532, 52.427289322238181 ], [ 13.482343394140758, 52.426207486584723 ], [ 13.482284682105766, 52.426179555472594 ], [ 13.482725899088605, 52.425876536678587 ], [ 13.48270700396508, 52.425829939611333 ], [ 13.482383453631806, 52.425755802727323 ], [ 13.48216555232252, 52.42573224948417 ], [ 13.479928460583812, 52.425783830168577 ], [ 13.477563154382949, 52.427542707539708 ], [ 13.477703559605644, 52.429349756574773 ], [ 13.477922303228608, 52.429442594517177 ], [ 13.478338029180506, 52.42910341980452 ] ] ] } },
{ "type": "Feature", "properties": { "id": "te_kak_klimarelevante_bebauung_2022.1400830341000000", "schl5": "1400830341000000", "typklar": "Freistehende Einfamilienhäuser mit Gärten", "art": "Klimarelevante Bebauung" }, "geometry": { "type": "Polygon", "coordinates": [ [ [ 13.481648486719067, 52.429657513450628 ], [ 13.481791145413624, 52.429641511542698 ], [ 13.482290451152279, 52.428912406301166 ], [ 13.481494159872764, 52.428303034077835 ], [ 13.480531071911466, 52.428792518347372 ], [ 13.481648486719067, 52.429657513450628 ] ] ] } },
{ "type": "Feature", "properties": { "id": "te_kak_klimarelevante_bebauung_2022.1400830351000000", "schl5": "1400830351000000", "typklar": "Freistehende Einfamilienhäuser mit Gärten", "art": "Klimarelevante Bebauung" }, "geometry": { "type": "Polygon", "coordinates": [ [ [ 13.484756855837029, 52.429073559001615 ], [ 13.483790439208242, 52.428325602647632 ], [ 13.483089571507989, 52.428658156837379 ], [ 13.482725730784702, 52.428877888248799 ], [ 13.482588674865093, 52.428979270806089 ], [ 13.482472189333587, 52.42908337450443 ], [ 13.482367428957572, 52.429200073186081 ], [ 13.481900720503342, 52.429851934802201 ], [ 13.482390516845765, 52.430233568164219 ], [ 13.484756855837029, 52.429073559001615 ] ] ] } },
{ "type": "Feature", "properties": { "id": "te_kak_klimarelevante_bebauung_2022.1400830361000000", "schl5": "1400830361000000", "typklar": "Freistehende Einfamilienhäuser mit Gärten", "art": "Klimarelevante Bebauung" }, "geometry": { "type": "Polygon", "coordinates": [ [ [ 13.48356953051452, 52.431167816811808 ], [ 13.485950659255847, 52.429986233923664 ], [ 13.48488297488028, 52.429171664198947 ], [ 13.482501973413321, 52.430319077266049 ], [ 13.48356953051452, 52.431167816811808 ] ] ] } },
{ "type": "Feature", "properties": { "id": "te_kak_klimarelevante_bebauung_2022.1400830371000000", "schl5": "1400830371000000", "typklar": "Freistehende Einfamilienhäuser mit Gärten", "art": "Klimarelevante Bebauung" }, "geometry": { "type": "Polygon", "coordinates": [ [ [ 13.481537324896449, 52.428141326810348 ], [ 13.484091398769237, 52.426852915127711 ], [ 13.484011223452985, 52.426792770570707 ], [ 13.485063429421418, 52.426281059256738 ], [ 13.484059798082612, 52.425493333768785 ], [ 13.483740331154127, 52.425636732645103 ], [ 13.480877513558839, 52.427612100101413 ], [ 13.481537324896449, 52.428141326810348 ] ] ] } },
{ "type": "Feature", "properties": { "id": "te_kak_klimarelevante_bebauung_2022.1400830381000000", "schl5": "1400830381000000", "typklar": "Freistehende Einfamilienhäuser mit Gärten", "art": "Klimarelevante Bebauung" }, "geometry": { "type": "Polygon", "coordinates": [ [ [ 13.484994183177452, 52.427518709623882 ], [ 13.484203092425981, 52.426937452003706 ], [ 13.481629671853309, 52.428224117916564 ], [ 13.482406895665846, 52.428819986197219 ], [ 13.484994183177452, 52.427518709623882 ] ] ] } },
{ "type": "Feature", "properties": { "id": "te_kak_klimarelevante_bebauung_2022.1400830391000000", "schl5": "1400830391000000", "typklar": "Freistehende Einfamilienhäuser mit Gärten", "art": "Klimarelevante Bebauung" }, "geometry": { "type": "Polygon", "coordinates": [ [ [ 13.486102267969841, 52.429929797851344 ], [ 13.487353801384018, 52.429336362637407 ], [ 13.48512979617, 52.427623103259755 ], [ 13.483920079959217, 52.428242183161764 ], [ 13.486102267969841, 52.429929797851344 ] ] ] } },
{ "type": "Feature", "properties": { "id": "te_kak_klimarelevante_bebauung_2022.1400830401000000", "schl5": "1400830401000000", "typklar": "Freistehende Einfamilienhäuser mit Gärten", "art": "Klimarelevante Bebauung" }, "geometry": { "type": "Polygon", "coordinates": [ [ [ 13.48523365933795, 52.432527458691951 ], [ 13.489097787379917, 52.430635180583081 ], [ 13.487512369441916, 52.429403050739872 ], [ 13.483708890750806, 52.43126414286926 ], [ 13.48523365933795, 52.432527458691951 ] ] ] } },
{ "type": "Feature", "properties": { "id": "te_kak_klimarelevante_bebauung_2022.1400830411000000", "schl5": "1400830411000000", "typklar": "Freistehende Einfamilienhäuser mit Gärten", "art": "Klimarelevante Bebauung" }, "geometry": { "type": "Polygon", "coordinates": [ [ [ 13.486101424945545, 52.4332484919493 ], [ 13.492795860106696, 52.42998969193124 ], [ 13.491958339960528, 52.42934709303529 ], [ 13.485305243451618, 52.432586035686747 ], [ 13.486101424945545, 52.4332484919493 ] ] ] } },
{ "type": "Feature", "properties": { "id": "te_kak_klimarelevante_bebauung_2022.1400830421000000", "schl5": "1400830421000000", "typklar": "Freistehende Einfamilienhäuser mit Gärten", "art": "Klimarelevante Bebauung" }, "geometry": { "type": "Polygon", "coordinates": [ [ [ 13.487050773798467, 52.434037803366543 ], [ 13.492638931689813, 52.431436449738392 ], [ 13.491639061796217, 52.430666998729308 ], [ 13.491351119152879, 52.430799540061699 ], [ 13.486185570183068, 52.433319067801833 ], [ 13.487050773798467, 52.434037803366543 ] ] ] } },
{ "type": "Feature", "properties": { "id": "te_kak_klimarelevante_bebauung_2022.1400830431000000", "schl5": "1400830431000000", "typklar": "Freistehende Einfamilienhäuser mit Gärten", "art": "Klimarelevante Bebauung" }, "geometry": { "type": "Polygon", "coordinates": [ [ [ 13.488004534344386, 52.434827280187754 ], [ 13.493896307517867, 52.432187271946312 ], [ 13.494990758430617, 52.431673897838451 ], [ 13.492908849154434, 52.430060815019573 ], [ 13.491745591631524, 52.430617496905022 ], [ 13.492826456929238, 52.431450351628357 ], [ 13.487123770510188, 52.434102693762064 ], [ 13.488004534344386, 52.434827280187754 ] ] ] } },
{ "type": "Feature", "properties": { "id": "te_kak_klimarelevante_bebauung_2022.1400830441000000", "schl5": "1400830441000000", "typklar": "Freistehende Einfamilienhäuser mit Gärten", "art": "Klimarelevante Bebauung" }, "geometry": { "type": "Polygon", "coordinates": [ [ [ 13.488545084252443, 52.435304902003814 ], [ 13.488644917860302, 52.435353545912655 ], [ 13.488740401607073, 52.435382413978886 ], [ 13.488935915071382, 52.435396121948585 ], [ 13.489032986065096, 52.435388147483735 ], [ 13.489155150581723, 52.435348747840855 ], [ 13.491859834528062, 52.4341154444962 ], [ 13.491207406066415, 52.433576439671569 ], [ 13.488110252954185, 52.434944273678184 ], [ 13.488545084252443, 52.435304902003814 ] ] ] } },
{ "type": "Feature", "properties": { "id": "te_kak_klimarelevante_bebauung_2022.1400830451000000", "schl5": "1400830451000000", "typklar": "Freistehende Einfamilienhäuser mit Gärten", "art": "Klimarelevante Bebauung" }, "geometry": { "type": "Polygon", "coordinates": [ [ [ 13.490726665221995, 52.435536077507138 ], [ 13.492507955923632, 52.434670118784837 ], [ 13.491940829528309, 52.434191311316539 ], [ 13.490087683870771, 52.435040722819558 ], [ 13.490726665221995, 52.435536077507138 ] ] ] } },
{ "type": "Feature", "properties": { "id": "te_kak_klimarelevante_bebauung_2022.1400830471000000", "schl5": "1400830471000000", "typklar": "Freistehende Einfamilienhäuser mit Gärten", "art": "Klimarelevante Bebauung" }, "geometry": { "type": "Polygon", "coordinates": [ [ [ 13.486679181587302, 52.400234992221954 ], [ 13.486756234608391, 52.400302323463578 ], [ 13.486806966130253, 52.400292748210951 ], [ 13.486872631691156, 52.400338776533616 ], [ 13.486928547693186, 52.400397468113539 ], [ 13.487026305770996, 52.400575639094185 ], [ 13.487118481215498, 52.400604685160936 ], [ 13.487947628295505, 52.400441923958226 ], [ 13.487984348605343, 52.40035147076582 ], [ 13.487660089774037, 52.39974538514236 ], [ 13.487699982097952, 52.399678832410466 ], [ 13.487570556930088, 52.399433873357779 ], [ 13.486928130435228, 52.39956308101069 ], [ 13.487082513706186, 52.399851287558 ], [ 13.487110061395228, 52.39987414588888 ], [ 13.487026411435354, 52.399891032297461 ], [ 13.487026648155462, 52.399862544191315 ], [ 13.486872413769085, 52.399574248666113 ], [ 13.486382855878954, 52.39967217085816 ], [ 13.486679181587302, 52.400234992221954 ] ] ] } },
{ "type": "Feature", "properties": { "id": "te_kak_klimarelevante_bebauung_2022.1400830481000000", "schl5": "1400830481000000", "typklar": "Freistehende Einfamilienhäuser mit Gärten", "art": "Klimarelevante Bebauung" }, "geometry": { "type": "Polygon", "coordinates": [ [ [ 13.486421484698523, 52.39856693350751 ], [ 13.486366871132537, 52.398586531658694 ], [ 13.486328164154651, 52.398622630838631 ], [ 13.486083071627236, 52.399050735133457 ], [ 13.486074859532501, 52.399081045200973 ], [ 13.486082153663707, 52.399108338640822 ], [ 13.486328831293726, 52.399569559897685 ], [ 13.487515497693972, 52.399333163025453 ], [ 13.487042169399702, 52.398442916973742 ], [ 13.486421484698523, 52.39856693350751 ] ] ] } },
{ "type": "Feature", "properties": { "id": "te_kak_klimarelevante_bebauung_2022.1400830501000000", "schl5": "1400830501000000", "typklar": "Freistehende Einfamilienhäuser mit Gärten", "art": "Klimarelevante Bebauung" }, "geometry": { "type": "Polygon", "coordinates": [ [ [ 13.48919497606148, 52.430585867368862 ], [ 13.491879146902264, 52.429283197375277 ], [ 13.490342013639539, 52.428115864680017 ], [ 13.487672608824226, 52.429405935769303 ], [ 13.48919497606148, 52.430585867368862 ] ] ] } },
{ "type": "Feature", "properties": { "id": "te_kak_klimarelevante_bebauung_2022.1400830511000000", "schl5": "1400830511000000", "typklar": "Freistehende Einfamilienhäuser mit Gärten", "art": "Klimarelevante Bebauung" }, "geometry": { "type": "Polygon", "coordinates": [ [ [ 13.49015993492246, 52.427960544360644 ], [ 13.48907891643532, 52.427133377776514 ], [ 13.486431961430897, 52.42842402520693 ], [ 13.487517272678076, 52.429246688972754 ], [ 13.49015993492246, 52.427960544360644 ] ] ] } },
{ "type": "Feature", "properties": { "id": "te_kak_klimarelevante_bebauung_2022.1400830521000000", "schl5": "1400830521000000", "typklar": "Freistehende Einfamilienhäuser mit Gärten", "art": "Klimarelevante Bebauung" }, "geometry": { "type": "Polygon", "coordinates": [ [ [ 13.486346981624592, 52.428333159309815 ], [ 13.488964904669414, 52.427043957142821 ], [ 13.48797716278786, 52.426278841108839 ], [ 13.485300568676223, 52.427541612799018 ], [ 13.486346981624592, 52.428333159309815 ] ] ] } },
{ "type": "Feature", "properties": { "id": "te_kak_klimarelevante_bebauung_2022.1400830531000000", "schl5": "1400830531000000", "typklar": "Freistehende Einfamilienhäuser mit Gärten", "art": "Klimarelevante Bebauung" }, "geometry": { "type": "Polygon", "coordinates": [ [ [ 13.487834459940865, 52.426174174835388 ], [ 13.486961503294014, 52.425495457079954 ], [ 13.484294234653426, 52.426791852328797 ], [ 13.485167264415908, 52.427435813060285 ], [ 13.487834459940865, 52.426174174835388 ] ] ] } },
{ "type": "Feature", "properties": { "id": "te_kak_klimarelevante_bebauung_2022.1400830551000100", "schl5": "1400830551000100", "typklar": "Freistehende Einfamilienhäuser mit Gärten", "art": "Klimarelevante Bebauung" }, "geometry": { "type": "Polygon", "coordinates": [ [ [ 13.480965466862109, 52.403484604367591 ], [ 13.481076104448345, 52.403484912121733 ], [ 13.480392542561312, 52.404674955240296 ], [ 13.481139997933953, 52.405037790725466 ], [ 13.48197885479142, 52.405359459543021 ], [ 13.482206487376242, 52.405416815004777 ], [ 13.482113572410999, 52.405241288171752 ], [ 13.48208921157909, 52.405074404555599 ], [ 13.482104429635376, 52.404861281533599 ], [ 13.482174841306366, 52.404642896224026 ], [ 13.483374362536138, 52.40253266168294 ], [ 13.482751163702087, 52.402289036581507 ], [ 13.482101441778491, 52.403419938629931 ], [ 13.480967938855454, 52.403176004273654 ], [ 13.480965466862109, 52.403484604367591 ] ] ] } },
{ "type": "Feature", "properties": { "id": "te_kak_klimarelevante_bebauung_2022.1400830551000200", "schl5": "1400830551000200", "typklar": "Freistehende Einfamilienhäuser mit Gärten", "art": "Klimarelevante Bebauung" }, "geometry": { "type": "Polygon", "coordinates": [ [ [ 13.480015385541931, 52.404333740978302 ], [ 13.480284889156145, 52.404586794093689 ], [ 13.480376577469874, 52.404556898570405 ], [ 13.480853753224803, 52.403721517644399 ], [ 13.480855857363123, 52.403484280950615 ], [ 13.480965466862109, 52.403484604367591 ], [ 13.480967938855454, 52.403176004273654 ], [ 13.480250975430149, 52.403021706314405 ], [ 13.479646239611506, 52.404074376003095 ], [ 13.480015385541931, 52.404333740978302 ] ] ] } },
{ "type": "Feature", "properties": { "id": "te_kak_klimarelevante_bebauung_2022.1400830551000300", "schl5": "1400830551000300", "typklar": "Freistehende Einfamilienhäuser mit Gärten", "art": "Klimarelevante Bebauung" }, "geometry": { "type": "Polygon", "coordinates": [ [ [ 13.486886496492511, 52.400603062565231 ], [ 13.486797541414521, 52.400438579892253 ], [ 13.486736612090448, 52.400378756813545 ], [ 13.486638347528762, 52.400324450984698 ], [ 13.486682009137766, 52.400316324548257 ], [ 13.486341849563342, 52.399680381535717 ], [ 13.48576923644324, 52.399794999567924 ], [ 13.485924634107901, 52.400085365937187 ], [ 13.485952329793475, 52.400108224634558 ], [ 13.485876386059905, 52.400123169752327 ], [ 13.485877477751778, 52.400091284055947 ], [ 13.485728755403047, 52.399803102574786 ], [ 13.485400402100298, 52.399862408985179 ], [ 13.48529817064121, 52.399861603355589 ], [ 13.485216205189225, 52.399850146606589 ], [ 13.485074664800313, 52.400097291150857 ], [ 13.485165505233017, 52.40026724885886 ], [ 13.485378971794729, 52.400224098118429 ], [ 13.485392700700444, 52.400249727075817 ], [ 13.485137481019818, 52.400301364450193 ], [ 13.485205976894667, 52.400429416637948 ], [ 13.485164078352064, 52.400437814180357 ], [ 13.484990866563569, 52.400114265033267 ], [ 13.48462607420951, 52.400751245507124 ], [ 13.483786689849758, 52.401030015976659 ], [ 13.483618103979593, 52.401322671203573 ], [ 13.483341267459027, 52.401262828515563 ], [ 13.482797504672627, 52.40220289562869 ], [ 13.48342552374632, 52.402445846868304 ], [ 13.483739213633012, 52.401900212877315 ], [ 13.483888266499767, 52.401695495704807 ], [ 13.484072481837984, 52.401522274831763 ], [ 13.484322855101759, 52.401335652863729 ], [ 13.484581872062805, 52.401202063064886 ], [ 13.484940767504595, 52.401075780621412 ], [ 13.485304019220962, 52.40096567943737 ], [ 13.486839009238055, 52.400659623041896 ], [ 13.486886496492511, 52.400603062565231 ] ] ] } },
{ "type": "Feature", "properties": { "id": "te_kak_klimarelevante_bebauung_2022.1400830551000600", "schl5": "1400830551000600", "typklar": "Freistehende Einfamilienhäuser mit Gärten", "art": "Klimarelevante Bebauung" }, "geometry": { "type": "Polygon", "coordinates": [ [ [ 13.486731510819752, 52.397859517300304 ], [ 13.486655366134427, 52.397831657973178 ], [ 13.486275897554028, 52.397871369729209 ], [ 13.485435261044215, 52.399339508913947 ], [ 13.485208584460072, 52.39973537136612 ], [ 13.485328475049705, 52.399755192170026 ], [ 13.485437350558927, 52.399747963005325 ], [ 13.486245034915658, 52.399586265855376 ], [ 13.485981815912305, 52.399082408712829 ], [ 13.485990074954509, 52.399050085240518 ], [ 13.486262055793787, 52.398575371920053 ], [ 13.486294984535617, 52.398545333422682 ], [ 13.486365655170816, 52.398521305098733 ], [ 13.487014692305804, 52.398391468573386 ], [ 13.486731510819752, 52.397859517300304 ] ] ] } },
{ "type": "Feature", "properties": { "id": "te_kak_klimarelevante_bebauung_2022.1400830551000700", "schl5": "1400830551000700", "typklar": "Reihen- und Doppelhäuser mit Gärten", "art": "Klimarelevante Bebauung" }, "geometry": { "type": "Polygon", "coordinates": [ [ [ 13.481934868848558, 52.401969641532752 ], [ 13.481898097377186, 52.402020632796258 ], [ 13.481776550847439, 52.402230319557162 ], [ 13.481727563334958, 52.402331745238151 ], [ 13.48173157703226, 52.402356174490883 ], [ 13.481742396703522, 52.402375470001509 ], [ 13.48218248169246, 52.402471758037322 ], [ 13.482185857792292, 52.402475369976585 ], [ 13.482181791731552, 52.402485049779344 ], [ 13.482133690681252, 52.402567477927747 ], [ 13.481994663694454, 52.402810482790265 ], [ 13.4818976921774, 52.402984087303153 ], [ 13.481912838639587, 52.402991555667938 ], [ 13.482054615451535, 52.403024164813374 ], [ 13.482045574736867, 52.403055684955447 ], [ 13.482094035118008, 52.403063831958292 ], [ 13.482080707710377, 52.403095270083405 ], [ 13.481933986835427, 52.403064377721208 ], [ 13.481290768645227, 52.402928944424964 ], [ 13.481477584956925, 52.402605563876698 ], [ 13.481403769843489, 52.402586649452694 ], [ 13.481523805496945, 52.402398354279853 ], [ 13.481756835626204, 52.402000263410244 ], [ 13.481794548874428, 52.401914737608045 ], [ 13.481706412314336, 52.401880251071979 ], [ 13.481841923517203, 52.401747962400961 ], [ 13.481942738141694, 52.40173497117442 ], [ 13.481982233141439, 52.401750569142415 ], [ 13.482106068069156, 52.401508790678214 ], [ 13.482114432198484, 52.401494015940372 ], [ 13.482107429955425, 52.401475152507146 ], [ 13.482042304041517, 52.401453837927868 ], [ 13.481751478687649, 52.40139443585025 ], [ 13.48167506881618, 52.401377040127812 ], [ 13.481727259915974, 52.401284218774578 ], [ 13.481865483545656, 52.401043146856189 ], [ 13.481936900274043, 52.40091908174076 ], [ 13.481935731829088, 52.400896467481871 ], [ 13.4819054896666, 52.400871100765109 ], [ 13.48166046784101, 52.400814427494375 ], [ 13.481670920542344, 52.400793152042759 ], [ 13.482032037495795, 52.400866778357461 ], [ 13.482294472045393, 52.400926052595388 ], [ 13.482437494968178, 52.400951678616742 ], [ 13.482523391083246, 52.400953664325314 ], [ 13.482650511991219, 52.400955007637783 ], [ 13.482734482759961, 52.400956085547705 ], [ 13.482867759868812, 52.400987035479908 ], [ 13.483085620129041, 52.401031602633715 ], [ 13.483274969672003, 52.401067337485507 ], [ 13.483399506988375, 52.401093319443483 ], [ 13.483380851308864, 52.40112697939373 ], [ 13.483091262163354, 52.40106557525943 ], [ 13.483011933951364, 52.401053851428145 ], [ 13.482971276788181, 52.401049171224685 ], [ 13.482943371810533, 52.401068434454928 ], [ 13.482889488829002, 52.401165278836423 ], [ 13.482612861249454, 52.40165983391153 ], [ 13.482318278655308, 52.401595744678787 ], [ 13.482272235990038, 52.401585727172794 ], [ 13.482201693614218, 52.401591033354784 ], [ 13.482133936466338, 52.401643972596908 ], [ 13.482052694574088, 52.401775978503373 ], [ 13.482051543777366, 52.401777942675444 ], [ 13.482092631294336, 52.401794169757039 ], [ 13.482141461512526, 52.401942421544305 ], [ 13.482797504672627, 52.40220289562869 ], [ 13.483341267459027, 52.401262828515563 ], [ 13.48341003358671, 52.401143332891316 ], [ 13.483481532216537, 52.401019029649554 ], [ 13.483496929472857, 52.400992253757373 ], [ 13.483546433001383, 52.400906223214989 ], [ 13.483584103685574, 52.40084075644674 ], [ 13.482696573333534, 52.400650685738235 ], [ 13.482671616285211, 52.400692981609645 ], [ 13.481708486059189, 52.400486097735957 ], [ 13.481594106250144, 52.400685289320052 ], [ 13.481419144950225, 52.400989724315885 ], [ 13.481247016938653, 52.401284523674676 ], [ 13.480410238147144, 52.402717587343005 ], [ 13.480250975430149, 52.403021706314405 ], [ 13.480967938855454, 52.403176004273654 ], [ 13.482101441778491, 52.403419938629931 ], [ 13.482751163702087, 52.402289036581507 ], [ 13.481934868848558, 52.401969641532752 ] ] ] } },
{ "type": "Feature", "properties": { "id": "te_kak_klimarelevante_bebauung_2022.1400830561000000", "schl5": "1400830561000000", "typklar": "Reihen- und Doppelhäuser mit Gärten", "art": "Klimarelevante Bebauung" }, "geometry": { "type": "Polygon", "coordinates": [ [ [ 13.481646606522244, 52.402399163031923 ], [ 13.48159161349046, 52.402493012900315 ], [ 13.481392144945353, 52.402833420350575 ], [ 13.481400604218011, 52.402871364670084 ], [ 13.481416892533819, 52.402895362706388 ], [ 13.48144138285187, 52.402907096092974 ], [ 13.481516634168317, 52.402935658453337 ], [ 13.481728276774703, 52.402979294021151 ], [ 13.481782607255971, 52.402982846554082 ], [ 13.481825508891591, 52.40295675412461 ], [ 13.481867182447255, 52.402921129673153 ], [ 13.482015270075102, 52.402686092386432 ], [ 13.48212222216886, 52.402503654466329 ], [ 13.481677821719623, 52.402406020542408 ], [ 13.481675074398806, 52.402405417912583 ], [ 13.481646606522244, 52.402399163031923 ] ] ] } },
{ "type": "Feature", "properties": { "id": "te_kak_klimarelevante_bebauung_2022.1400830581000000", "schl5": "1400830581000000", "typklar": "Reihen- und Doppelhäuser mit Gärten", "art": "Klimarelevante Bebauung" }, "geometry": { "type": "Polygon", "coordinates": [ [ [ 13.48256297994396, 52.401544617584285 ], [ 13.482603506971758, 52.401553701918992 ], [ 13.482616506984156, 52.401548873326718 ], [ 13.482676233176615, 52.401440447955451 ], [ 13.482768289801946, 52.401273915977868 ], [ 13.482836619249063, 52.401152755305269 ], [ 13.482851984951626, 52.401112986886076 ], [ 13.482856535756948, 52.401082356711662 ], [ 13.482851634040466, 52.401055174703139 ], [ 13.482847189261202, 52.401048694374758 ], [ 13.482779962805175, 52.401035698822668 ], [ 13.482790100572434, 52.401012277539849 ], [ 13.482748531184832, 52.400999612198476 ], [ 13.482718476891254, 52.400991375341214 ], [ 13.482642522646225, 52.400994682815366 ], [ 13.482588826408938, 52.400995420391688 ], [ 13.48253150784987, 52.400999680923924 ], [ 13.482498991753571, 52.400996575119642 ], [ 13.482461499300465, 52.400988859497069 ], [ 13.482245265686227, 52.400943262806443 ], [ 13.482135001860492, 52.40092638393476 ], [ 13.482033455251432, 52.40091951616165 ], [ 13.481998571193163, 52.40093533674834 ], [ 13.481968434834728, 52.40096349660719 ], [ 13.481924032345779, 52.401050154865047 ], [ 13.48188076984515, 52.401126209204136 ], [ 13.481807256989523, 52.401262290102544 ], [ 13.481795682624377, 52.401293543020259 ], [ 13.481795796172396, 52.401324232166665 ], [ 13.481820009892207, 52.401366650512742 ], [ 13.481865028802993, 52.401380788279596 ], [ 13.482061223049612, 52.40140971407434 ], [ 13.482121477442901, 52.401421906603524 ], [ 13.482166227176513, 52.401443890966824 ], [ 13.482197007610196, 52.401464982938521 ], [ 13.482201908926081, 52.401492165873748 ], [ 13.482194545279103, 52.401530813269957 ], [ 13.482432030341972, 52.401586470644261 ], [ 13.482515748083332, 52.401594485722221 ], [ 13.48254046999878, 52.401588576733289 ], [ 13.48256297994396, 52.401544617584285 ] ] ] } },
{ "type": "Feature", "properties": { "id": "te_kak_klimarelevante_bebauung_2022.1400830591000000", "schl5": "1400830591000000", "typklar": "Reihen- und Doppelhäuser mit Gärten", "art": "Klimarelevante Bebauung" }, "geometry": { "type": "Polygon", "coordinates": [ [ [ 13.469366962542132, 52.418124150940301 ], [ 13.469396390208848, 52.418159576702173 ], [ 13.469972787310011, 52.418163718487392 ], [ 13.470003175933851, 52.418126758106979 ], [ 13.470236981962611, 52.418127909155267 ], [ 13.470240018609733, 52.417658676770593 ], [ 13.470165915253681, 52.417612327888158 ], [ 13.47019953833945, 52.417389593080564 ], [ 13.470309872158696, 52.41736098051657 ], [ 13.470826083964198, 52.416436035072905 ], [ 13.470764653026214, 52.416351479889563 ], [ 13.4710013177279, 52.415924025640891 ], [ 13.470924956049421, 52.415905951202994 ], [ 13.472074260349515, 52.413810870699592 ], [ 13.472233906605778, 52.413546869108075 ], [ 13.472137018442519, 52.413515288893336 ], [ 13.472372813426638, 52.413328674392545 ], [ 13.472453548068225, 52.41335573982218 ], [ 13.472630365564431, 52.413223865906261 ], [ 13.472945501644825, 52.413041848446575 ], [ 13.47212845037151, 52.412224786622083 ], [ 13.471010637421619, 52.414062102747259 ], [ 13.471009150782358, 52.414065029650082 ], [ 13.470980609080916, 52.414121527919292 ], [ 13.470915629184987, 52.414250411614248 ], [ 13.470850969448312, 52.414379380334474 ], [ 13.47078628055421, 52.414508330659217 ], [ 13.470721761965631, 52.41463702240798 ], [ 13.47065692159646, 52.414766078594766 ], [ 13.470592245624925, 52.414895046960837 ], [ 13.470527419804666, 52.415024085281239 ], [ 13.470524007209171, 52.41503091935121 ], [ 13.470457253721694, 52.415151607347887 ], [ 13.470457160941963, 52.415151790013084 ], [ 13.470455538624254, 52.415154725505111 ], [ 13.470323585428037, 52.41539470608469 ], [ 13.470193715745463, 52.415628818181581 ], [ 13.470127735078183, 52.415748247789189 ], [ 13.470049337120381, 52.41588994954914 ], [ 13.469970947127369, 52.416031831182451 ], [ 13.469892549777922, 52.416173910473049 ], [ 13.469819031284699, 52.416306720060042 ], [ 13.469747585742686, 52.416436130810069 ], [ 13.469695123058532, 52.416530654410586 ], [ 13.469580520424786, 52.416738021386649 ], [ 13.469535736866485, 52.416819117206877 ], [ 13.469518500078232, 52.416850243691663 ], [ 13.469514159037784, 52.416858098558528 ], [ 13.46944332771238, 52.416994987857159 ], [ 13.469401530518963, 52.417075874905791 ], [ 13.469362849006398, 52.417150521776001 ], [ 13.469282177226784, 52.417306428830791 ], [ 13.469260640779218, 52.417348082597499 ], [ 13.469193154665025, 52.417478560275377 ], [ 13.468893654212547, 52.418057292133398 ], [ 13.468860160917407, 52.41812202159673 ], [ 13.469366962542132, 52.418124150940301 ] ] ] } },
{ "type": "Feature", "properties": { "id": "te_kak_klimarelevante_bebauung_2022.1400830601000000", "schl5": "1400830601000000", "typklar": "Reihen- und Doppelhäuser mit Gärten", "art": "Klimarelevante Bebauung" }, "geometry": { "type": "Polygon", "coordinates": [ [ [ 13.47208231952677, 52.417809052199665 ], [ 13.472143081592765, 52.417666244585654 ], [ 13.47316283890763, 52.416051769712055 ], [ 13.472434486759839, 52.415870187311477 ], [ 13.471330029512702, 52.415650366015853 ], [ 13.470338600211415, 52.417549738133964 ], [ 13.470303165699384, 52.417692396949136 ], [ 13.470295378577688, 52.417949709720631 ], [ 13.470329137886242, 52.418126349438261 ], [ 13.470517432991585, 52.418130931877819 ], [ 13.470546315749013, 52.418162796103502 ], [ 13.472022274755554, 52.418167542975844 ], [ 13.47208231952677, 52.417809052199665 ] ] ] } },
{ "type": "Feature", "properties": { "id": "te_kak_klimarelevante_bebauung_2022.1400830611000100", "schl5": "1400830611000100", "typklar": "Reihen- und Doppelhäuser mit Gärten", "art": "Klimarelevante Bebauung" }, "geometry": { "type": "Polygon", "coordinates": [ [ [ 13.47228227035003, 52.413585576111537 ], [ 13.472128588662681, 52.413824421221534 ], [ 13.471186443889607, 52.415523464942751 ], [ 13.471663783689907, 52.415613058685651 ], [ 13.471691474022274, 52.415679597741743 ], [ 13.472506644970705, 52.415829843190927 ], [ 13.47313604813789, 52.414878973175789 ], [ 13.473333748329981, 52.414659056082556 ], [ 13.473213464123182, 52.414593296923478 ], [ 13.473354908648146, 52.414491033236416 ], [ 13.473508929253034, 52.414576605589453 ], [ 13.473184442148998, 52.414909589056847 ], [ 13.472584446406497, 52.415856904761185 ], [ 13.473191005133884, 52.41598260863698 ], [ 13.473767409315853, 52.415054131977776 ], [ 13.473683702171831, 52.415035152587443 ], [ 13.473849596635784, 52.414816729209257 ], [ 13.472469543960402, 52.413405187399029 ], [ 13.47228227035003, 52.413585576111537 ] ] ] } },
{ "type": "Feature", "properties": { "id": "te_kak_klimarelevante_bebauung_2022.1400830611000200", "schl5": "1400830611000200", "typklar": "Reihen- und Doppelhäuser mit Gärten", "art": "Klimarelevante Bebauung" }, "geometry": { "type": "Polygon", "coordinates": [ [ [ 13.473849596635784, 52.414816729209257 ], [ 13.473853490831491, 52.414811603287106 ], [ 13.473959267258314, 52.414823422791748 ], [ 13.474106740514339, 52.414677130017822 ], [ 13.474386627570942, 52.414489672654383 ], [ 13.472980632551117, 52.413082334404685 ], [ 13.472662568147982, 52.413260754532971 ], [ 13.472469543960402, 52.413405187399029 ], [ 13.473849596635784, 52.414816729209257 ] ] ] } },
{ "type": "Feature", "properties": { "id": "te_kak_klimarelevante_bebauung_2022.1400830621000100", "schl5": "1400830621000100", "typklar": "Freistehende Einfamilienhäuser mit Gärten", "art": "Klimarelevante Bebauung" }, "geometry": { "type": "Polygon", "coordinates": [ [ [ 13.473405885733831, 52.418862217368456 ], [ 13.474254296664133, 52.417489252322433 ], [ 13.474568703543982, 52.417098737432241 ], [ 13.474837002081234, 52.416865428440566 ], [ 13.475152267412703, 52.416651050390122 ], [ 13.475518892410848, 52.416458306544264 ], [ 13.473956961690869, 52.414905021762337 ], [ 13.473827602512836, 52.415073082873704 ], [ 13.473276235489079, 52.415986314112935 ], [ 13.473784302760583, 52.416118177672445 ], [ 13.473906569072192, 52.416037455749169 ], [ 13.474216104964125, 52.41620500625946 ], [ 13.474087929227654, 52.416294707195725 ], [ 13.473756270251304, 52.416149594928953 ], [ 13.473312754177631, 52.41605106426298 ], [ 13.473228914955678, 52.41606982854011 ], [ 13.472187033636477, 52.417706741345988 ], [ 13.472154345594561, 52.41780644956161 ], [ 13.472144625117737, 52.41806525331323 ], [ 13.472183956659544, 52.418165955224815 ], [ 13.472767617143983, 52.418122683387622 ], [ 13.472732155383754, 52.418176556883566 ], [ 13.472114720948657, 52.418210799227701 ], [ 13.471927744628431, 52.418299522994296 ], [ 13.471972620507586, 52.4189160676085 ], [ 13.473405885733831, 52.418862217368456 ] ] ] } },
{ "type": "Feature", "properties": { "id": "te_kak_klimarelevante_bebauung_2022.1400830621000200", "schl5": "1400830621000200", "typklar": "Freistehende Einfamilienhäuser mit Gärten", "art": "Klimarelevante Bebauung" }, "geometry": { "type": "Polygon", "coordinates": [ [ [ 13.475518892410848, 52.416458306544264 ], [ 13.47612669057667, 52.416225430502777 ], [ 13.474421770170741, 52.414527461874677 ], [ 13.474143327197948, 52.414722111089574 ], [ 13.473956961690869, 52.414905021762337 ], [ 13.475518892410848, 52.416458306544264 ] ] ] } },
{ "type": "Feature", "properties": { "id": "te_kak_klimarelevante_bebauung_2022.1400830631000000", "schl5": "1400830631000000", "typklar": "Freistehende Einfamilienhäuser mit Gärten", "art": "Klimarelevante Bebauung" }, "geometry": { "type": "Polygon", "coordinates": [ [ [ 13.4747495188067, 52.417089083473378 ], [ 13.474371643092958, 52.417557701240426 ], [ 13.473620902193987, 52.418739378618284 ], [ 13.47374397964859, 52.418851871460419 ], [ 13.474255546423688, 52.418831862887629 ], [ 13.474536368508321, 52.418806163168568 ], [ 13.475067290293994, 52.418714282982343 ], [ 13.475380598410323, 52.418645486828026 ], [ 13.47576314127226, 52.41853094643848 ], [ 13.476351768563854, 52.418324104861632 ], [ 13.475042252572795, 52.417015769097354 ], [ 13.474833537345951, 52.417019096143868 ], [ 13.4747495188067, 52.417089083473378 ] ] ] } },
{ "type": "Feature", "properties": { "id": "te_kak_klimarelevante_bebauung_2022.1400830641000100", "schl5": "1400830641000100", "typklar": "Freistehende Einfamilienhäuser mit Gärten", "art": "Klimarelevante Bebauung" }, "geometry": { "type": "Polygon", "coordinates": [ [ [ 13.476456265920097, 52.41828289928948 ], [ 13.477123111625643, 52.418048471915689 ], [ 13.475602265647124, 52.416529828985574 ], [ 13.475297661731613, 52.416682689937751 ], [ 13.475053100804574, 52.416853124579568 ], [ 13.476456265920097, 52.41828289928948 ] ] ] } },
{ "type": "Feature", "properties": { "id": "te_kak_klimarelevante_bebauung_2022.1400830641000200", "schl5": "1400830641000200", "typklar": "Freistehende Einfamilienhäuser mit Gärten", "art": "Klimarelevante Bebauung" }, "geometry": { "type": "Polygon", "coordinates": [ [ [ 13.477123111625643, 52.418048471915689 ], [ 13.477724738863165, 52.41783696817452 ], [ 13.476204326101728, 52.41630191538291 ], [ 13.475602265647124, 52.416529828985574 ], [ 13.477123111625643, 52.418048471915689 ] ] ] } },
{ "type": "Feature", "properties": { "id": "te_kak_klimarelevante_bebauung_2022.1400830651000000", "schl5": "1400830651000000", "typklar": "Freistehende Einfamilienhäuser mit Gärten", "art": "Klimarelevante Bebauung" }, "geometry": { "type": "Polygon", "coordinates": [ [ [ 13.474712885001669, 52.419620581605031 ], [ 13.474890800115823, 52.419602836608213 ], [ 13.475218706811459, 52.419564614700839 ], [ 13.475671695234595, 52.419484314159448 ], [ 13.475976216804344, 52.419406520784136 ], [ 13.476255781100862, 52.419319706034926 ], [ 13.4784190270852, 52.418549585183229 ], [ 13.477825780944674, 52.41794763191465 ], [ 13.475871509626085, 52.418647012873677 ], [ 13.475450740502152, 52.418764201265681 ], [ 13.475113865043292, 52.418848243779493 ], [ 13.474865316023331, 52.418891959563901 ], [ 13.474274205280018, 52.418961294555068 ], [ 13.473761141615347, 52.418989389393232 ], [ 13.473846971395711, 52.419671589053273 ], [ 13.474712885001669, 52.419620581605031 ] ] ] } },
{ "type": "Feature", "properties": { "id": "te_kak_klimarelevante_bebauung_2022.1400830671000000", "schl5": "1400830671000000", "typklar": "Freistehende Einfamilienhäuser mit Gärten", "art": "Klimarelevante Bebauung" }, "geometry": { "type": "Polygon", "coordinates": [ [ [ 13.479528292916871, 52.419123422459371 ], [ 13.479948694934244, 52.419557101045235 ], [ 13.480556832702339, 52.420115927097918 ], [ 13.480893974535972, 52.420396727730868 ], [ 13.481638113945898, 52.420975264255446 ], [ 13.482715207395369, 52.420378291844109 ], [ 13.482332499969694, 52.420092946442871 ], [ 13.481688928869538, 52.419575424848489 ], [ 13.481391413625056, 52.419312650177865 ], [ 13.480757077464999, 52.418676511469322 ], [ 13.479528292916871, 52.419123422459371 ] ] ] } },
{ "type": "Feature", "properties": { "id": "te_kak_klimarelevante_bebauung_2022.1400830681000000", "schl5": "1400830681000000", "typklar": "Freistehende Einfamilienhäuser mit Gärten", "art": "Klimarelevante Bebauung" }, "geometry": { "type": "Polygon", "coordinates": [ [ [ 13.481725293090873, 52.421036703512918 ], [ 13.483585941136315, 52.422471445072901 ], [ 13.484853429761349, 52.421860469375169 ], [ 13.482832544047502, 52.420455720518319 ], [ 13.481725293090873, 52.421036703512918 ] ] ] } },
{ "type": "Feature", "properties": { "id": "te_kak_klimarelevante_bebauung_2022.1400830691000000", "schl5": "1400830691000000", "typklar": "Freistehende Einfamilienhäuser mit Gärten", "art": "Klimarelevante Bebauung" }, "geometry": { "type": "Polygon", "coordinates": [ [ [ 13.483675524335082, 52.422538804662267 ], [ 13.484409948320128, 52.423102324555209 ], [ 13.485873481913375, 52.422378394315359 ], [ 13.484939624432844, 52.421922577822002 ], [ 13.483675524335082, 52.422538804662267 ] ] ] } },
{ "type": "Feature", "properties": { "id": "te_kak_klimarelevante_bebauung_2022.1400830701000000", "schl5": "1400830701000000", "typklar": "Freistehende Einfamilienhäuser mit Gärten", "art": "Klimarelevante Bebauung" }, "geometry": { "type": "Polygon", "coordinates": [ [ [ 13.485522733873353, 52.423840163333828 ], [ 13.486818634651854, 52.422831920263008 ], [ 13.486008510539817, 52.42244055914842 ], [ 13.485784694971391, 52.422558561168181 ], [ 13.485365115653609, 52.422760260794931 ], [ 13.484511089163862, 52.423189711902083 ], [ 13.485366786723556, 52.423841496750867 ], [ 13.485522733873353, 52.423840163333828 ] ] ] } },
{ "type": "Feature", "properties": { "id": "te_kak_klimarelevante_bebauung_2022.1400830721000000", "schl5": "1400830721000000", "typklar": "Freistehende Einfamilienhäuser mit Gärten", "art": "Klimarelevante Bebauung" }, "geometry": { "type": "Polygon", "coordinates": [ [ [ 13.488195923954972, 52.426014284517279 ], [ 13.488446599432782, 52.425900249258255 ], [ 13.488468799810214, 52.425852645562841 ], [ 13.488561555055734, 52.425806023881229 ], [ 13.488624756887191, 52.425809691015985 ], [ 13.489175390090036, 52.42554253154082 ], [ 13.488179659044423, 52.424767617855785 ], [ 13.488060479140684, 52.424334321013667 ], [ 13.486517230534636, 52.424717130454816 ], [ 13.488195923954972, 52.426014284517279 ] ] ] } },
{ "type": "Feature", "properties": { "id": "te_kak_klimarelevante_bebauung_2022.1400830731000000", "schl5": "1400830731000000", "typklar": "Freistehende Einfamilienhäuser mit Gärten", "art": "Klimarelevante Bebauung" }, "geometry": { "type": "Polygon", "coordinates": [ [ [ 13.490182068479236, 52.427543229927061 ], [ 13.490339451021773, 52.427516450114858 ], [ 13.490631769526885, 52.425683510527854 ], [ 13.489326603855467, 52.425607411414042 ], [ 13.488739182553921, 52.425886211469276 ], [ 13.488715464223477, 52.425949090582442 ], [ 13.488650693839308, 52.425977771428293 ], [ 13.488538949186411, 52.425983931401156 ], [ 13.488306620434461, 52.426101868016715 ], [ 13.490182068479236, 52.427543229927061 ] ] ] } },
{ "type": "Feature", "properties": { "id": "te_kak_klimarelevante_bebauung_2022.1400830741000000", "schl5": "1400830741000000", "typklar": "Freistehende Einfamilienhäuser mit Gärten", "art": "Klimarelevante Bebauung" }, "geometry": { "type": "Polygon", "coordinates": [ [ [ 13.49075256734827, 52.42798962576925 ], [ 13.491379770300773, 52.427685696007075 ], [ 13.491390291571616, 52.427610220502537 ], [ 13.491453616722648, 52.427574346623459 ], [ 13.491511027295656, 52.427549249498696 ], [ 13.4916256403143, 52.427567353408698 ], [ 13.493245997018882, 52.426821032640156 ], [ 13.49341252453852, 52.425823226735076 ], [ 13.49100666710561, 52.425672258660832 ], [ 13.490635274080319, 52.427887042384853 ], [ 13.49075256734827, 52.42798962576925 ] ] ] } },
{ "type": "Feature", "properties": { "id": "te_kak_klimarelevante_bebauung_2022.1400830751000000", "schl5": "1400830751000000", "typklar": "Freistehende Einfamilienhäuser mit Gärten", "art": "Klimarelevante Bebauung" }, "geometry": { "type": "Polygon", "coordinates": [ [ [ 13.491503538974627, 52.428555746175732 ], [ 13.491871751144222, 52.428815882459475 ], [ 13.492325222106972, 52.428597123165986 ], [ 13.492328392370252, 52.428521639272127 ], [ 13.492475601527683, 52.42845710273226 ], [ 13.492628511487528, 52.42845278373764 ], [ 13.494436332692686, 52.427620857816805 ], [ 13.494734675052117, 52.427651746750008 ], [ 13.494948472750579, 52.426947431181368 ], [ 13.493572894232681, 52.426805698375929 ], [ 13.491723888061625, 52.427649245281373 ], [ 13.491704537564708, 52.427728306216814 ], [ 13.491583820554439, 52.427782088372247 ], [ 13.491498602800963, 52.427766711554469 ], [ 13.490886091824477, 52.428073355076322 ], [ 13.491503538974627, 52.428555746175732 ] ] ] } },
{ "type": "Feature", "properties": { "id": "te_kak_klimarelevante_bebauung_2022.1400830761000100", "schl5": "1400830761000100", "typklar": "Freistehende Einfamilienhäuser mit Gärten", "art": "Klimarelevante Bebauung" }, "geometry": { "type": "Polygon", "coordinates": [ [ [ 13.493420928678486, 52.429116992422131 ], [ 13.493496296858996, 52.429286033223534 ], [ 13.493333855055427, 52.42923615763506 ], [ 13.493192964752756, 52.429229372989397 ], [ 13.493171005182594, 52.42932210780814 ], [ 13.493609508145347, 52.430050285566459 ], [ 13.494120728717034, 52.429424126024465 ], [ 13.494230094059684, 52.42923283256863 ], [ 13.49434431062288, 52.4288941639171 ], [ 13.494687304449068, 52.427761330418896 ], [ 13.494478636840041, 52.427731441243452 ], [ 13.492717915282567, 52.428542751093246 ], [ 13.493420928678486, 52.429116992422131 ] ] ] } },
{ "type": "Feature", "properties": { "id": "te_kak_klimarelevante_bebauung_2022.1400830761000200", "schl5": "1400830761000200", "typklar": "Reihen- und Doppelhäuser mit Gärten", "art": "Klimarelevante Bebauung" }, "geometry": { "type": "Polygon", "coordinates": [ [ [ 13.493554091977435, 52.430118159071078 ], [ 13.493609508145347, 52.430050285566459 ], [ 13.493171005182594, 52.42932210780814 ], [ 13.493192964752756, 52.429229372989397 ], [ 13.493333855055427, 52.42923615763506 ], [ 13.493496296858996, 52.429286033223534 ], [ 13.493420928678486, 52.429116992422131 ], [ 13.492717915282567, 52.428542751093246 ], [ 13.492688292452637, 52.428615507924121 ], [ 13.492548402815103, 52.428689939245857 ], [ 13.492430831283965, 52.428676325544416 ], [ 13.491974351589926, 52.428917548888762 ], [ 13.493554091977435, 52.430118159071078 ] ] ] } },
{ "type": "Feature", "properties": { "id": "te_kak_klimarelevante_bebauung_2022.1400830771000000", "schl5": "1400830771000000", "typklar": "Freistehende Einfamilienhäuser mit Gärten", "art": "Klimarelevante Bebauung" }, "geometry": { "type": "Polygon", "coordinates": [ [ [ 13.496721123550127, 52.428150681479302 ], [ 13.495252692291151, 52.426977425307825 ], [ 13.494637860525534, 52.429066421931196 ], [ 13.496721123550127, 52.428150681479302 ] ] ] } },
{ "type": "Feature", "properties": { "id": "te_kak_klimarelevante_bebauung_2022.1400830781000600", "schl5": "1400830781000600", "typklar": "Reihen- und Doppelhäuser mit Gärten", "art": "Klimarelevante Bebauung" }, "geometry": { "type": "Polygon", "coordinates": [ [ [ 13.497393961366152, 52.403968053991342 ], [ 13.499076050268728, 52.403919604034513 ], [ 13.500098830195107, 52.403875565752031 ], [ 13.500213093375717, 52.403817981660993 ], [ 13.500225002345696, 52.403702862049592 ], [ 13.499227795300632, 52.403543623842523 ], [ 13.497422209103503, 52.403475162503263 ], [ 13.497360087501335, 52.403511484594311 ], [ 13.497393961366152, 52.403968053991342 ] ] ] } },
{ "type": "Feature", "properties": { "id": "te_kak_klimarelevante_bebauung_2022.1400830821000000", "schl5": "1400830821000000", "typklar": "Freistehende Einfamilienhäuser mit Gärten", "art": "Klimarelevante Bebauung" }, "geometry": { "type": "Polygon", "coordinates": [ [ [ 13.497499986440554, 52.428639737957553 ], [ 13.497588058249468, 52.428686564261476 ], [ 13.497708541639014, 52.428706465823915 ], [ 13.497812942082181, 52.428707479438252 ], [ 13.498024855328243, 52.428626830576754 ], [ 13.498905209515184, 52.428213499359671 ], [ 13.499254033421485, 52.428070089795078 ], [ 13.499527940603537, 52.427916713993426 ], [ 13.500650307743985, 52.427229738425623 ], [ 13.499703884256936, 52.42664506552142 ], [ 13.498154081459241, 52.427674386010487 ], [ 13.497667403740062, 52.42792943461005 ], [ 13.49700720794282, 52.428229792559094 ], [ 13.497499986440554, 52.428639737957553 ] ] ] } },
{ "type": "Feature", "properties": { "id": "te_kak_klimarelevante_bebauung_2022.1400830831000000", "schl5": "1400830831000000", "typklar": "Freistehende Einfamilienhäuser mit Gärten", "art": "Klimarelevante Bebauung" }, "geometry": { "type": "Polygon", "coordinates": [ [ [ 13.49527506154929, 52.426870509159798 ], [ 13.496839019518399, 52.428100805332569 ], [ 13.497492332402842, 52.427809012078427 ], [ 13.497932638337584, 52.427576386876424 ], [ 13.498507197700247, 52.427206193977021 ], [ 13.497253386686598, 52.426498038041991 ], [ 13.496917573364755, 52.426224386102525 ], [ 13.496676147363235, 52.42592976224455 ], [ 13.496193021052212, 52.425974959975981 ], [ 13.495556386406099, 52.425962325486516 ], [ 13.49527506154929, 52.426870509159798 ] ] ] } },
{ "type": "Feature", "properties": { "id": "te_kak_klimarelevante_bebauung_2022.1400830841000000", "schl5": "1400830841000000", "typklar": "Freistehende Einfamilienhäuser mit Gärten", "art": "Klimarelevante Bebauung" }, "geometry": { "type": "Polygon", "coordinates": [ [ [ 13.495224943622093, 52.425927753508134 ], [ 13.493555239663149, 52.425834494018829 ], [ 13.49341508232477, 52.426695879728577 ], [ 13.494959025085556, 52.426859373638869 ], [ 13.495224943622093, 52.425927753508134 ] ] ] } },
{ "type": "Feature", "properties": { "id": "te_kak_klimarelevante_bebauung_2022.1400830851000000", "schl5": "1400830851000000", "typklar": "Freistehende Einfamilienhäuser mit Gärten", "art": "Klimarelevante Bebauung" }, "geometry": { "type": "Polygon", "coordinates": [ [ [ 13.495241352586708, 52.425847790528891 ], [ 13.495336474910575, 52.425497414145411 ], [ 13.49536789188666, 52.425314122231896 ], [ 13.495378641089635, 52.425159564470292 ], [ 13.495359138926872, 52.424797380462323 ], [ 13.491132861224997, 52.424789014288507 ], [ 13.491004001904344, 52.425582389136515 ], [ 13.495241352586708, 52.425847790528891 ] ] ] } },
{ "type": "Feature", "properties": { "id": "te_kak_klimarelevante_bebauung_2022.1400830861000000", "schl5": "1400830861000000", "typklar": "Freistehende Einfamilienhäuser mit Gärten", "art": "Klimarelevante Bebauung" }, "geometry": { "type": "Polygon", "coordinates": [ [ [ 13.488351840174422, 52.424706710006895 ], [ 13.489366657012733, 52.425490629732423 ], [ 13.490654171294334, 52.425569405404921 ], [ 13.490904471401922, 52.424006913006792 ], [ 13.488229751323392, 52.424260382191811 ], [ 13.488351840174422, 52.424706710006895 ] ] ] } },
{ "type": "Feature", "properties": { "id": "te_kak_klimarelevante_bebauung_2022.1400830871000000", "schl5": "1400830871000000", "typklar": "Freistehende Einfamilienhäuser mit Gärten", "art": "Klimarelevante Bebauung" }, "geometry": { "type": "Polygon", "coordinates": [ [ [ 13.490947840800994, 52.423766120135724 ], [ 13.490706175037122, 52.422978577352183 ], [ 13.487942688480247, 52.423237055535608 ], [ 13.488165800205595, 52.424038657391286 ], [ 13.490947840800994, 52.423766120135724 ] ] ] } },
{ "type": "Feature", "properties": { "id": "te_kak_klimarelevante_bebauung_2022.1400830881000000", "schl5": "1400830881000000", "typklar": "Freistehende Einfamilienhäuser mit Gärten", "art": "Klimarelevante Bebauung" }, "geometry": { "type": "Polygon", "coordinates": [ [ [ 13.48792950499988, 52.423152437923811 ], [ 13.490671378357399, 52.422896608056618 ], [ 13.48989922189093, 52.421424118133466 ], [ 13.488551427323541, 52.421993870398616 ], [ 13.487400662227346, 52.422896908722308 ], [ 13.48792950499988, 52.423152437923811 ] ] ] } },
{ "type": "Feature", "properties": { "id": "te_kak_klimarelevante_bebauung_2022.1400830901000000", "schl5": "1400830901000000", "typklar": "Freistehende Einfamilienhäuser mit Gärten", "art": "Klimarelevante Bebauung" }, "geometry": { "type": "Polygon", "coordinates": [ [ [ 13.486973815878216, 52.418859263805224 ], [ 13.486829427782274, 52.418969628527705 ], [ 13.485018726054788, 52.421853778189202 ], [ 13.485993858272213, 52.422323422300316 ], [ 13.486224175772007, 52.422107054947013 ], [ 13.487533479052317, 52.419900579782983 ], [ 13.488171995585226, 52.419334990612931 ], [ 13.487075231197016, 52.418861181199169 ], [ 13.486973815878216, 52.418859263805224 ] ] ] } },
{ "type": "Feature", "properties": { "id": "te_kak_klimarelevante_bebauung_2022.1400830911000000", "schl5": "1400830911000000", "typklar": "Freistehende Einfamilienhäuser mit Gärten", "art": "Klimarelevante Bebauung" }, "geometry": { "type": "Polygon", "coordinates": [ [ [ 13.485281292109857, 52.419097194343948 ], [ 13.484480153862528, 52.419578816666892 ], [ 13.482951785139559, 52.420400148102743 ], [ 13.484917565701268, 52.421773280890775 ], [ 13.486788781215791, 52.41880871931675 ], [ 13.486758177612815, 52.418726005816637 ], [ 13.486193085114138, 52.418478202115935 ], [ 13.485281292109857, 52.419097194343948 ] ] ] } },
{ "type": "Feature", "properties": { "id": "te_kak_klimarelevante_bebauung_2022.1400830921000000", "schl5": "1400830921000000", "typklar": "Freistehende Einfamilienhäuser mit Gärten", "art": "Klimarelevante Bebauung" }, "geometry": { "type": "Polygon", "coordinates": [ [ [ 13.484217724241393, 52.418458762305292 ], [ 13.48362447657489, 52.418741126108365 ], [ 13.482682518206484, 52.419132700129133 ], [ 13.481748054166387, 52.419474847943796 ], [ 13.482113031757732, 52.419783537898176 ], [ 13.482450258495348, 52.420040967232666 ], [ 13.482840340679529, 52.420318233968111 ], [ 13.484119808358219, 52.419651175083835 ], [ 13.485059310148763, 52.419108611670346 ], [ 13.486074180487549, 52.418431330079152 ], [ 13.485608984515048, 52.418200715252155 ], [ 13.485186522127275, 52.417939598007187 ], [ 13.484217724241393, 52.418458762305292 ] ] ] } },
{ "type": "Feature", "properties": { "id": "te_kak_klimarelevante_bebauung_2022.1400830931000000", "schl5": "1400830931000000", "typklar": "Freistehende Einfamilienhäuser mit Gärten", "art": "Klimarelevante Bebauung" }, "geometry": { "type": "Polygon", "coordinates": [ [ [ 13.481400718773736, 52.41916528023161 ], [ 13.481652757503625, 52.419401040527539 ], [ 13.482622499233774, 52.419057138945163 ], [ 13.483044907707226, 52.418883311075234 ], [ 13.483817654697559, 52.418546347589867 ], [ 13.484123858477567, 52.418395742995969 ], [ 13.485073546121029, 52.417877454864694 ], [ 13.4844270594576, 52.417352754603591 ], [ 13.4808806746308, 52.418636223587683 ], [ 13.481400718773736, 52.41916528023161 ] ] ] } },
{ "type": "Feature", "properties": { "id": "te_kak_klimarelevante_bebauung_2022.1400830941000100", "schl5": "1400830941000100", "typklar": "Freistehende Einfamilienhäuser mit Gärten", "art": "Klimarelevante Bebauung" }, "geometry": { "type": "Polygon", "coordinates": [ [ [ 13.479453553482266, 52.4190568286717 ], [ 13.483098415300981, 52.417739336112724 ], [ 13.482096500980497, 52.417468906391868 ], [ 13.483429370540765, 52.416987405406218 ], [ 13.48340987215725, 52.417021980587677 ], [ 13.483846774323828, 52.41746880604429 ], [ 13.484334657525032, 52.417292432659174 ], [ 13.483688292235469, 52.416735377014135 ], [ 13.481818042137007, 52.417405302364564 ], [ 13.481884131165048, 52.417420660048492 ], [ 13.478899807121802, 52.418504355563535 ], [ 13.479453553482266, 52.4190568286717 ] ] ] } },
{ "type": "Feature", "properties": { "id": "te_kak_klimarelevante_bebauung_2022.1400830951000100", "schl5": "1400830951000100", "typklar": "Reihen- und Doppelhäuser mit Gärten", "art": "Klimarelevante Bebauung" }, "geometry": { "type": "Polygon", "coordinates": [ [ [ 13.478808979657087, 52.41841437522973 ], [ 13.481669683325659, 52.41737444470418 ], [ 13.480436526541631, 52.417049007973013 ], [ 13.478249438023992, 52.417841222993147 ], [ 13.478808979657087, 52.41841437522973 ] ] ] } },
{ "type": "Feature", "properties": { "id": "te_kak_klimarelevante_bebauung_2022.1400830961000000", "schl5": "1400830961000000", "typklar": "Freistehende Einfamilienhäuser mit Gärten", "art": "Klimarelevante Bebauung" }, "geometry": { "type": "Polygon", "coordinates": [ [ [ 13.478122084572846, 52.41768739076705 ], [ 13.480004206590509, 52.417003158248193 ], [ 13.481322655757575, 52.416533886202949 ], [ 13.481017847732719, 52.416261213633675 ], [ 13.480620339270443, 52.416021676983632 ], [ 13.480401717789025, 52.415910872719486 ], [ 13.480147808194037, 52.415804514533363 ], [ 13.479641317268079, 52.415635835047766 ], [ 13.47944811756126, 52.415835098549287 ], [ 13.479232867446463, 52.41603703076278 ], [ 13.479056050550136, 52.416171610005961 ], [ 13.478870446036588, 52.416296291767708 ], [ 13.478388931117975, 52.416567985663882 ], [ 13.478131294597889, 52.416696171737911 ], [ 13.477399870070892, 52.416980128704161 ], [ 13.478122084572846, 52.41768739076705 ] ] ] } },
{ "type": "Feature", "properties": { "id": "te_kak_klimarelevante_bebauung_2022.1400830971000000", "schl5": "1400830971000000", "typklar": "Freistehende Einfamilienhäuser mit Gärten", "art": "Klimarelevante Bebauung" }, "geometry": { "type": "Polygon", "coordinates": [ [ [ 13.477953571464987, 52.416660898836547 ], [ 13.478561521683233, 52.416379481768352 ], [ 13.479028529477963, 52.416050255104274 ], [ 13.479212760547505, 52.415895915272245 ], [ 13.479391184773069, 52.415719998176932 ], [ 13.479645115970744, 52.415377022985638 ], [ 13.48017538445691, 52.414579666721934 ], [ 13.478831861296641, 52.414211337352789 ], [ 13.478407843222515, 52.414873121330501 ], [ 13.478164216107952, 52.415208918578756 ], [ 13.477797110163461, 52.415550847914865 ], [ 13.477511342797744, 52.415741006821385 ], [ 13.477212443632251, 52.415903286124589 ], [ 13.476588423103383, 52.416155921671411 ], [ 13.477331046429052, 52.416904552948637 ], [ 13.477953571464987, 52.416660898836547 ] ] ] } },
{ "type": "Feature", "properties": { "id": "te_kak_klimarelevante_bebauung_2022.1400830981000000", "schl5": "1400830981000000", "typklar": "Freistehende Einfamilienhäuser mit Gärten", "art": "Klimarelevante Bebauung" }, "geometry": { "type": "Polygon", "coordinates": [ [ [ 13.477020855628687, 52.414321388882051 ], [ 13.476871703104134, 52.414533286295885 ], [ 13.476702089941282, 52.414710108905517 ], [ 13.476513400075531, 52.414877919063876 ], [ 13.47635720765043, 52.414996344093971 ], [ 13.476076031580398, 52.415133483172703 ], [ 13.475706619791247, 52.415284887510417 ], [ 13.476509310726239, 52.416081231520373 ], [ 13.476997879455853, 52.415898521531837 ], [ 13.477309990328255, 52.415741649379491 ], [ 13.477583909410786, 52.415578438542212 ], [ 13.477747463270591, 52.415454628402621 ], [ 13.478039388774461, 52.415180004602966 ], [ 13.478176651834358, 52.415007631461677 ], [ 13.478283093149349, 52.414821741557567 ], [ 13.478714401526375, 52.414177040578956 ], [ 13.477351787247819, 52.413811366169831 ], [ 13.477020855628687, 52.414321388882051 ] ] ] } },
{ "type": "Feature", "properties": { "id": "te_kak_klimarelevante_bebauung_2022.1400830991000000", "schl5": "1400830991000000", "typklar": "Freistehende Einfamilienhäuser mit Gärten", "art": "Klimarelevante Bebauung" }, "geometry": { "type": "Polygon", "coordinates": [ [ [ 13.475633387358696, 52.415211103344888 ], [ 13.476113220468024, 52.415002326074635 ], [ 13.476393063423096, 52.414825642902663 ], [ 13.476581708040932, 52.414670415437627 ], [ 13.476742505435196, 52.414493580107681 ], [ 13.476896031569574, 52.414292473719698 ], [ 13.477232857829943, 52.413777965177601 ], [ 13.475883498300284, 52.413411391567045 ], [ 13.475641082028282, 52.413819076309771 ], [ 13.475523086324763, 52.413942942400148 ], [ 13.475375690610196, 52.41406856730076 ], [ 13.475100242771495, 52.414249744595644 ], [ 13.474801404948153, 52.414394047138089 ], [ 13.475633387358696, 52.415211103344888 ] ] ] } },
{ "type": "Feature", "properties": { "id": "te_kak_klimarelevante_bebauung_2022.1400831021000000", "schl5": "1400831021000000", "typklar": "Reihen- und Doppelhäuser mit Gärten", "art": "Klimarelevante Bebauung" }, "geometry": { "type": "Polygon", "coordinates": [ [ [ 13.473612925037521, 52.411707293385895 ], [ 13.474545303770219, 52.412369018728448 ], [ 13.474781690000698, 52.412433128619405 ], [ 13.475604516456356, 52.411188631222828 ], [ 13.473922255390175, 52.411075032599491 ], [ 13.473612925037521, 52.411707293385895 ] ] ] } },
{ "type": "Feature", "properties": { "id": "te_kak_klimarelevante_bebauung_2022.1400831031000000", "schl5": "1400831031000000", "typklar": "Reihen- und Doppelhäuser mit Gärten", "art": "Klimarelevante Bebauung" }, "geometry": { "type": "Polygon", "coordinates": [ [ [ 13.475244906600793, 52.412777013733503 ], [ 13.476029114666416, 52.412944269615224 ], [ 13.476989800369184, 52.411341368479832 ], [ 13.476334725408918, 52.411237190092073 ], [ 13.475736743258929, 52.411198683652799 ], [ 13.475403276284036, 52.411590975329936 ], [ 13.475134400733284, 52.412003118238189 ], [ 13.474810672315648, 52.412552688194424 ], [ 13.475244906600793, 52.412777013733503 ] ] ] } },
{ "type": "Feature", "properties": { "id": "te_kak_klimarelevante_bebauung_2022.1400831041000000", "schl5": "1400831041000000", "typklar": "Freistehende Einfamilienhäuser mit Gärten", "art": "Klimarelevante Bebauung" }, "geometry": { "type": "Polygon", "coordinates": [ [ [ 13.475976532595249, 52.413280304416723 ], [ 13.47731563890237, 52.413636079635843 ], [ 13.478237606145491, 52.412175108439669 ], [ 13.476898743589862, 52.411758234665569 ], [ 13.475976532595249, 52.413280304416723 ] ] ] } },
{ "type": "Feature", "properties": { "id": "te_kak_klimarelevante_bebauung_2022.1400831051000000", "schl5": "1400831051000000", "typklar": "Freistehende Einfamilienhäuser mit Gärten", "art": "Klimarelevante Bebauung" }, "geometry": { "type": "Polygon", "coordinates": [ [ [ 13.478786890777958, 52.41403514117399 ], [ 13.479705666730364, 52.412637959302792 ], [ 13.478368264276099, 52.412215712967246 ], [ 13.477430155502073, 52.413670374074435 ], [ 13.478786890777958, 52.41403514117399 ] ] ] } },
{ "type": "Feature", "properties": { "id": "te_kak_klimarelevante_bebauung_2022.1400831061000000", "schl5": "1400831061000000", "typklar": "Freistehende Einfamilienhäuser mit Gärten", "art": "Klimarelevante Bebauung" }, "geometry": { "type": "Polygon", "coordinates": [ [ [ 13.480253780738911, 52.414427887409325 ], [ 13.481132631301314, 52.413093551840952 ], [ 13.479830439069065, 52.412681250373872 ], [ 13.478916087563656, 52.414074844215854 ], [ 13.480253780738911, 52.414427887409325 ] ] ] } },
{ "type": "Feature", "properties": { "id": "te_kak_klimarelevante_bebauung_2022.1400831071000000", "schl5": "1400831071000000", "typklar": "Freistehende Einfamilienhäuser mit Gärten", "art": "Klimarelevante Bebauung" }, "geometry": { "type": "Polygon", "coordinates": [ [ [ 13.481143431540811, 52.414722850158711 ], [ 13.481637943923136, 52.414958010748975 ], [ 13.481893218249455, 52.414647383743606 ], [ 13.482565511135711, 52.413547337237958 ], [ 13.481235401896079, 52.413125131893906 ], [ 13.480385908868458, 52.414471187000387 ], [ 13.481143431540811, 52.414722850158711 ] ] ] } },
{ "type": "Feature", "properties": { "id": "te_kak_klimarelevante_bebauung_2022.1400831081000100", "schl5": "1400831081000100", "typklar": "Freistehende Einfamilienhäuser mit Gärten", "art": "Klimarelevante Bebauung" }, "geometry": { "type": "Polygon", "coordinates": [ [ [ 13.480296366239585, 52.41576875244062 ], [ 13.48074247339858, 52.415977793793715 ], [ 13.480997961792717, 52.416135834893865 ], [ 13.481646125240951, 52.415152131787224 ], [ 13.48107389235537, 52.414863854686878 ], [ 13.480300202718157, 52.414611272969054 ], [ 13.479660662700693, 52.415563965994764 ], [ 13.480296366239585, 52.41576875244062 ] ] ] } },
{ "type": "Feature", "properties": { "id": "te_kak_klimarelevante_bebauung_2022.1400831091000000", "schl5": "1400831091000000", "typklar": "Freistehende Einfamilienhäuser mit Gärten", "art": "Klimarelevante Bebauung" }, "geometry": { "type": "Polygon", "coordinates": [ [ [ 13.485240018718414, 52.417756333244682 ], [ 13.485691800140669, 52.418042649460112 ], [ 13.486569468194707, 52.417516173734199 ], [ 13.48774304003253, 52.416969363863274 ], [ 13.488280426108801, 52.416767883928557 ], [ 13.488581189262534, 52.41666668632908 ], [ 13.488625156774306, 52.416603291923742 ], [ 13.48833702287244, 52.416022693614075 ], [ 13.488239562961237, 52.415976559170758 ], [ 13.484641761589121, 52.417275449060305 ], [ 13.485240018718414, 52.417756333244682 ] ] ] } },
{ "type": "Feature", "properties": { "id": "te_kak_klimarelevante_bebauung_2022.1400831101000000", "schl5": "1400831101000000", "typklar": "Freistehende Einfamilienhäuser mit Gärten", "art": "Klimarelevante Bebauung" }, "geometry": { "type": "Polygon", "coordinates": [ [ [ 13.486089446841726, 52.41825251150528 ], [ 13.486391769099621, 52.41839576024929 ], [ 13.486913581180069, 52.418619068419709 ], [ 13.487054079086823, 52.418624446816132 ], [ 13.487281283654157, 52.418446958315812 ], [ 13.487618323063307, 52.418209478700447 ], [ 13.487800360443412, 52.418091517900869 ], [ 13.488169964915791, 52.417872946207225 ], [ 13.487722314857553, 52.417577297562261 ], [ 13.48845746084101, 52.417218153476078 ], [ 13.488178604581558, 52.416903292697569 ], [ 13.487596430422599, 52.41713319915231 ], [ 13.48712262384635, 52.417350574962818 ], [ 13.486679507346192, 52.417577413799961 ], [ 13.485847547070094, 52.418059009478462 ], [ 13.485856138831128, 52.41813001629599 ], [ 13.486089446841726, 52.41825251150528 ] ] ] } },
{ "type": "Feature", "properties": { "id": "te_kak_klimarelevante_bebauung_2022.1400831121000000", "schl5": "1400831121000000", "typklar": "Freistehende Einfamilienhäuser mit Gärten", "art": "Klimarelevante Bebauung" }, "geometry": { "type": "Polygon", "coordinates": [ [ [ 13.489440989347061, 52.419688811112771 ], [ 13.491072963571009, 52.418440764346578 ], [ 13.491121605739277, 52.41839588656088 ], [ 13.491192458998498, 52.418297114478165 ], [ 13.491247113490592, 52.418143353667162 ], [ 13.491258777675172, 52.418081970944584 ], [ 13.491243566139518, 52.417879832796743 ], [ 13.491158871551638, 52.417842800897397 ], [ 13.490658919857838, 52.417915557820869 ], [ 13.490383271730902, 52.417983539162911 ], [ 13.490233341537415, 52.418035128845162 ], [ 13.489977386018316, 52.418151031632718 ], [ 13.489717568203073, 52.418326599915567 ], [ 13.488959625101723, 52.419494704821069 ], [ 13.489440989347061, 52.419688811112771 ] ] ] } },
{ "type": "Feature", "properties": { "id": "te_kak_klimarelevante_bebauung_2022.1400831131000000", "schl5": "1400831131000000", "typklar": "Freistehende Einfamilienhäuser mit Gärten", "art": "Klimarelevante Bebauung" }, "geometry": { "type": "Polygon", "coordinates": [ [ [ 13.487683290802726, 52.4199376021107 ], [ 13.48895208246827, 52.4205565488109 ], [ 13.489037547800379, 52.420542404810895 ], [ 13.489590499430655, 52.420027913273373 ], [ 13.489575144408764, 52.419970922033606 ], [ 13.488316579142243, 52.419397346983729 ], [ 13.487683290802726, 52.4199376021107 ] ] ] } },
{ "type": "Feature", "properties": { "id": "te_kak_klimarelevante_bebauung_2022.1400831141000000", "schl5": "1400831141000000", "typklar": "Freistehende Einfamilienhäuser mit Gärten", "art": "Klimarelevante Bebauung" }, "geometry": { "type": "Polygon", "coordinates": [ [ [ 13.490614198165019, 52.421842590395322 ], [ 13.49100838335238, 52.421762163680071 ], [ 13.492055722671488, 52.421336052563603 ], [ 13.491448005566806, 52.420787324278535 ], [ 13.490313243612839, 52.421243732207579 ], [ 13.490614198165019, 52.421842590395322 ] ] ] } },
{ "type": "Feature", "properties": { "id": "te_kak_klimarelevante_bebauung_2022.1400831161000000", "schl5": "1400831161000000", "typklar": "Freistehende Einfamilienhäuser mit Gärten", "art": "Klimarelevante Bebauung" }, "geometry": { "type": "Polygon", "coordinates": [ [ [ 13.492749942806796, 52.422719864001337 ], [ 13.493187525333695, 52.42235522777694 ], [ 13.492156516440875, 52.421424281264848 ], [ 13.490907823320432, 52.421942482520585 ], [ 13.492749942806796, 52.422719864001337 ] ] ] } },
{ "type": "Feature", "properties": { "id": "te_kak_klimarelevante_bebauung_2022.1400831171000000", "schl5": "1400831171000000", "typklar": "Freistehende Einfamilienhäuser mit Gärten", "art": "Klimarelevante Bebauung" }, "geometry": { "type": "Polygon", "coordinates": [ [ [ 13.490751596939736, 52.422094375555794 ], [ 13.491140374514373, 52.422818248124223 ], [ 13.491384989239648, 52.423695800727806 ], [ 13.491600337681033, 52.423669127776378 ], [ 13.492646600022944, 52.422804277528982 ], [ 13.490908955587008, 52.422069393880079 ], [ 13.490751596939736, 52.422094375555794 ] ] ] } },
{ "type": "Feature", "properties": { "id": "te_kak_klimarelevante_bebauung_2022.1400831181000000", "schl5": "1400831181000000", "typklar": "Freistehende Einfamilienhäuser mit Gärten", "art": "Klimarelevante Bebauung" }, "geometry": { "type": "Polygon", "coordinates": [ [ [ 13.492101683847926, 52.423711573933439 ], [ 13.494963078411809, 52.423528023212199 ], [ 13.495064760412527, 52.423442762957976 ], [ 13.494864002236481, 52.422738883274469 ], [ 13.49494502037876, 52.422682358148649 ], [ 13.494582878209007, 52.4213860771927 ], [ 13.4918916017199, 52.42361562325285 ], [ 13.492101683847926, 52.423711573933439 ] ] ] } },
{ "type": "Feature", "properties": { "id": "te_kak_klimarelevante_bebauung_2022.1400831191000000", "schl5": "1400831191000000", "typklar": "Freistehende Einfamilienhäuser mit Gärten", "art": "Klimarelevante Bebauung" }, "geometry": { "type": "Polygon", "coordinates": [ [ [ 13.495365299318095, 52.424703028040234 ], [ 13.495112476857276, 52.423708821837145 ], [ 13.491261755248308, 52.423982160203444 ], [ 13.491162508640537, 52.424708168819137 ], [ 13.495365299318095, 52.424703028040234 ] ] ] } },
{ "type": "Feature", "properties": { "id": "te_kak_klimarelevante_bebauung_2022.1400831211000000", "schl5": "1400831211000000", "typklar": "Freistehende Einfamilienhäuser mit Gärten", "art": "Klimarelevante Bebauung" }, "geometry": { "type": "Polygon", "coordinates": [ [ [ 13.499323173577455, 52.426660581550586 ], [ 13.498177695540321, 52.426026841437483 ], [ 13.499901283545263, 52.42487153618805 ], [ 13.500114886479711, 52.424714498758874 ], [ 13.500327112751668, 52.424516122211649 ], [ 13.5004850075736, 52.424300610585192 ], [ 13.500609183212569, 52.424068887244601 ], [ 13.500672946504684, 52.423858665893121 ], [ 13.500652553700029, 52.423488260942122 ], [ 13.50061958442987, 52.423307718795236 ], [ 13.499420028918962, 52.423395755994129 ], [ 13.499452933527825, 52.423596768608952 ], [ 13.499464664252862, 52.423751236194342 ], [ 13.49945856870532, 52.423929258069094 ], [ 13.499415545330876, 52.424054127915127 ], [ 13.499334246754954, 52.424209509622237 ], [ 13.499236865946358, 52.424346899140069 ], [ 13.499121830195058, 52.424472588215721 ], [ 13.498844796232401, 52.424701448565621 ], [ 13.497803239057705, 52.42547856260456 ], [ 13.497591196874618, 52.425608637950241 ], [ 13.497378478289072, 52.425721762393415 ], [ 13.497124506939356, 52.425816922048526 ], [ 13.496817697221223, 52.425907052290256 ], [ 13.496981312879626, 52.426122960470131 ], [ 13.497065611817526, 52.426213519598519 ], [ 13.497179164128472, 52.426311070649263 ], [ 13.497343770431884, 52.426429748595403 ], [ 13.49859858902167, 52.427142649289223 ], [ 13.499323173577455, 52.426660581550586 ] ] ] } },
{ "type": "Feature", "properties": { "id": "te_kak_klimarelevante_bebauung_2022.1400831221000100", "schl5": "1400831221000100", "typklar": "Freistehende Einfamilienhäuser mit Gärten", "art": "Klimarelevante Bebauung" }, "geometry": { "type": "Polygon", "coordinates": [ [ [ 13.504436387855035, 52.423245237140712 ], [ 13.504085558745423, 52.423050761071138 ], [ 13.501352509756524, 52.423244846495166 ], [ 13.50141923453398, 52.423635357373193 ], [ 13.5013895666598, 52.423991569934678 ], [ 13.501302877770012, 52.42424260112832 ], [ 13.501178042540412, 52.424470232155464 ], [ 13.500976667139359, 52.424738660742541 ], [ 13.500650929444774, 52.425065358420682 ], [ 13.500268137394157, 52.425298552389108 ], [ 13.499320559676868, 52.425928262467387 ], [ 13.499915404742843, 52.426261306006168 ], [ 13.504436387855035, 52.423245237140712 ] ] ] } },
{ "type": "Feature", "properties": { "id": "te_kak_klimarelevante_bebauung_2022.1400831231000000", "schl5": "1400831231000000", "typklar": "Freistehende Einfamilienhäuser mit Gärten", "art": "Klimarelevante Bebauung" }, "geometry": { "type": "Polygon", "coordinates": [ [ [ 13.50087606348888, 52.42711450588088 ], [ 13.502625313802021, 52.42631857011159 ], [ 13.503784409137843, 52.425600797877991 ], [ 13.50239019905144, 52.42481127467444 ], [ 13.499884020649215, 52.42650112732553 ], [ 13.50087606348888, 52.42711450588088 ] ] ] } },
{ "type": "Feature", "properties": { "id": "te_kak_klimarelevante_bebauung_2022.1400831241000200", "schl5": "1400831241000200", "typklar": "Freistehende Einfamilienhäuser mit Gärten", "art": "Klimarelevante Bebauung" }, "geometry": { "type": "Polygon", "coordinates": [ [ [ 13.503083083650976, 52.426856505389736 ], [ 13.503356065843882, 52.427007911480352 ], [ 13.503628841581115, 52.426881545439414 ], [ 13.503686021127685, 52.42692687570387 ], [ 13.505048884323756, 52.426311292015001 ], [ 13.503886296791986, 52.425657344691295 ], [ 13.502710596932575, 52.426397754887823 ], [ 13.500973992815114, 52.427175217324688 ], [ 13.501562051352041, 52.427535961369053 ], [ 13.503083083650976, 52.426856505389736 ] ] ] } },
{ "type": "Feature", "properties": { "id": "te_kak_klimarelevante_bebauung_2022.1400831241000300", "schl5": "1400831241000300", "typklar": "Freistehende Einfamilienhäuser mit Gärten", "art": "Klimarelevante Bebauung" }, "geometry": { "type": "Polygon", "coordinates": [ [ [ 13.504057380626048, 52.42755852083944 ], [ 13.50572163451772, 52.42680527399726 ], [ 13.505726418010212, 52.426685757504593 ], [ 13.50512890592524, 52.426358841690394 ], [ 13.503752875262014, 52.426980299870195 ], [ 13.503805644503919, 52.427026703539859 ], [ 13.503547001557237, 52.427143383848296 ], [ 13.504057380626048, 52.42755852083944 ] ] ] } },
{ "type": "Feature", "properties": { "id": "te_kak_klimarelevante_bebauung_2022.1400831251000000", "schl5": "1400831251000000", "typklar": "Freistehende Einfamilienhäuser mit Gärten", "art": "Klimarelevante Bebauung" }, "geometry": { "type": "Polygon", "coordinates": [ [ [ 13.503875689198733, 52.425539996316466 ], [ 13.506109775535766, 52.424115067211424 ], [ 13.505614981856208, 52.42389798109641 ], [ 13.504684386831403, 52.423386581548201 ], [ 13.504556521133983, 52.42339094421839 ], [ 13.502493258644314, 52.424754766481342 ], [ 13.503875689198733, 52.425539996316466 ] ] ] } },
{ "type": "Feature", "properties": { "id": "te_kak_klimarelevante_bebauung_2022.1400831261000000", "schl5": "1400831261000000", "typklar": "Freistehende Einfamilienhäuser mit Gärten", "art": "Klimarelevante Bebauung" }, "geometry": { "type": "Polygon", "coordinates": [ [ [ 13.506146052963928, 52.426561047511782 ], [ 13.507647626674945, 52.424573148140013 ], [ 13.506255238208798, 52.424139479086961 ], [ 13.503980004861731, 52.425597287668047 ], [ 13.505906706852377, 52.426671386295325 ], [ 13.506146052963928, 52.426561047511782 ] ] ] } },
{ "type": "Feature", "properties": { "id": "te_kak_klimarelevante_bebauung_2022.1400831281000000", "schl5": "1400831281000000", "typklar": "Freistehende Einfamilienhäuser mit Gärten", "art": "Klimarelevante Bebauung" }, "geometry": { "type": "Polygon", "coordinates": [ [ [ 13.511745451420065, 52.424790186535766 ], [ 13.51109323220348, 52.424044554664391 ], [ 13.508899259888194, 52.424758733578422 ], [ 13.50955173322911, 52.425515054130798 ], [ 13.511745451420065, 52.424790186535766 ] ] ] } },
{ "type": "Feature", "properties": { "id": "te_kak_klimarelevante_bebauung_2022.1400831311000000", "schl5": "1400831311000000", "typklar": "Freistehende Einfamilienhäuser mit Gärten", "art": "Klimarelevante Bebauung" }, "geometry": { "type": "Polygon", "coordinates": [ [ [ 13.511180229667245, 52.423946687176766 ], [ 13.511875756347008, 52.424761661662338 ], [ 13.51364478076305, 52.42417193704582 ], [ 13.513791946955161, 52.424106475400777 ], [ 13.514070311102929, 52.423909933554178 ], [ 13.514023467475225, 52.423837995168171 ], [ 13.511446294976599, 52.423384381307258 ], [ 13.511180229667245, 52.423946687176766 ] ] ] } },
{ "type": "Feature", "properties": { "id": "te_kak_klimarelevante_bebauung_2022.1400831321000000", "schl5": "1400831321000000", "typklar": "Freistehende Einfamilienhäuser mit Gärten", "art": "Klimarelevante Bebauung" }, "geometry": { "type": "Polygon", "coordinates": [ [ [ 13.508121612504501, 52.424333680698595 ], [ 13.508664994340055, 52.42451485542302 ], [ 13.508835094767852, 52.424685772640274 ], [ 13.511103806844456, 52.423940321126963 ], [ 13.51134928818712, 52.42337979362361 ], [ 13.509152681477037, 52.423003785434553 ], [ 13.508121612504501, 52.424333680698595 ] ] ] } },
{ "type": "Feature", "properties": { "id": "te_kak_klimarelevante_bebauung_2022.1400831331000000", "schl5": "1400831331000000", "typklar": "Verdichtung im Einzelhausgebiet, Mischbebauung mit Garten und halbprivater Umgrünung (1870er bis heute)", "art": "Klimarelevante Bebauung" }, "geometry": { "type": "Polygon", "coordinates": [ [ [ 13.505710872296076, 52.423773165902531 ], [ 13.506171900783375, 52.423965052744009 ], [ 13.507746402302361, 52.424467204971073 ], [ 13.508940780524858, 52.422949984414501 ], [ 13.50645878372393, 52.42226686610428 ], [ 13.506125751116546, 52.422570274239369 ], [ 13.505919573925034, 52.422711155873159 ], [ 13.505703187170353, 52.422805294696381 ], [ 13.505472182443366, 52.422890431669117 ], [ 13.504843453055333, 52.423286995760385 ], [ 13.505710872296076, 52.423773165902531 ] ] ] } },
{ "type": "Feature", "properties": { "id": "te_kak_klimarelevante_bebauung_2022.1400831451000000", "schl5": "1400831451000000", "typklar": "Freistehende Einfamilienhäuser mit Gärten", "art": "Klimarelevante Bebauung" }, "geometry": { "type": "Polygon", "coordinates": [ [ [ 13.484486504205091, 52.417149403818314 ], [ 13.484620583120945, 52.417183939276519 ], [ 13.488138054331303, 52.415913982956063 ], [ 13.487566656512435, 52.415325114855264 ], [ 13.483882529927817, 52.416663718429128 ], [ 13.484486504205091, 52.417149403818314 ] ] ] } },
{ "type": "Feature", "properties": { "id": "te_kak_klimarelevante_bebauung_2022.1400831461000100", "schl5": "1400831461000100", "typklar": "Freistehende Einfamilienhäuser mit Gärten", "art": "Klimarelevante Bebauung" }, "geometry": { "type": "Polygon", "coordinates": [ [ [ 13.48407922530162, 52.415851230523558 ], [ 13.483757500396324, 52.416465290198602 ], [ 13.487553055527696, 52.415096620301938 ], [ 13.488101913202755, 52.414859863884317 ], [ 13.488384018263385, 52.41472054770248 ], [ 13.488696774434681, 52.414516097212278 ], [ 13.48903258296216, 52.414241849366348 ], [ 13.488614344492898, 52.414097058709729 ], [ 13.488831094788084, 52.413860756633234 ], [ 13.488871141337011, 52.413743575658621 ], [ 13.48876700374676, 52.413677850910943 ], [ 13.488637850609274, 52.413621083293812 ], [ 13.488198576794405, 52.413544735036922 ], [ 13.488062814099916, 52.413754226303119 ], [ 13.487852150035392, 52.414001159525839 ], [ 13.48748193243604, 52.414334169461107 ], [ 13.487324338916276, 52.414441824034135 ], [ 13.487180046502639, 52.414525230521271 ], [ 13.486976906927058, 52.41462743757188 ], [ 13.486788531847482, 52.41470809542799 ], [ 13.484195768933393, 52.415652959229817 ], [ 13.48407922530162, 52.415851230523558 ] ] ] } },
{ "type": "Feature", "properties": { "id": "te_kak_klimarelevante_bebauung_2022.1400831471000000", "schl5": "1400831471000000", "typklar": "Freistehende Einfamilienhäuser mit Gärten", "art": "Klimarelevante Bebauung" }, "geometry": { "type": "Polygon", "coordinates": [ [ [ 13.485109441068778, 52.41493076331875 ], [ 13.485289630643551, 52.415113410813532 ], [ 13.486671310750902, 52.414596522860705 ], [ 13.487138004151197, 52.414342752619618 ], [ 13.486604110482475, 52.414005118366219 ], [ 13.486548155430478, 52.414039202161142 ], [ 13.486313467443704, 52.413895136471048 ], [ 13.486491598873542, 52.413800088302452 ], [ 13.486735176687443, 52.413921697018132 ], [ 13.486671839225517, 52.413966555738895 ], [ 13.487224835566586, 52.41430421205996 ], [ 13.487771498642196, 52.413853722689112 ], [ 13.488105226891404, 52.413348164967516 ], [ 13.487291184235575, 52.413168643247246 ], [ 13.486277789155588, 52.412837078683168 ], [ 13.485109441068778, 52.41493076331875 ] ] ] } },
{ "type": "Feature", "properties": { "id": "te_kak_klimarelevante_bebauung_2022.1400831481000100", "schl5": "1400831481000100", "typklar": "Freistehende Einfamilienhäuser mit Gärten", "art": "Klimarelevante Bebauung" }, "geometry": { "type": "Polygon", "coordinates": [ [ [ 13.484577524554926, 52.414958876344983 ], [ 13.484273583962349, 52.415473104089493 ], [ 13.485164588431589, 52.415150106269579 ], [ 13.484960999905269, 52.414932384634227 ], [ 13.4851040306923, 52.414785173528585 ], [ 13.486204010466228, 52.412815600891449 ], [ 13.485291602447694, 52.412510291990124 ], [ 13.483879711996515, 52.414807067160858 ], [ 13.484577524554926, 52.414958876344983 ] ] ] } },
{ "type": "Feature", "properties": { "id": "te_kak_klimarelevante_bebauung_2022.1400831491000000", "schl5": "1400831491000000", "typklar": "Freistehende Einfamilienhäuser mit Gärten", "art": "Klimarelevante Bebauung" }, "geometry": { "type": "Polygon", "coordinates": [ [ [ 13.483844643363005, 52.414744118283018 ], [ 13.484284921050435, 52.414026613270543 ], [ 13.482673919021014, 52.413653512261263 ], [ 13.482224805902542, 52.414369203165862 ], [ 13.483844643363005, 52.414744118283018 ] ] ] } },
{ "type": "Feature", "properties": { "id": "te_kak_klimarelevante_bebauung_2022.1400831501000000", "schl5": "1400831501000000", "typklar": "Freistehende Einfamilienhäuser mit Gärten", "art": "Klimarelevante Bebauung" }, "geometry": { "type": "Polygon", "coordinates": [ [ [ 13.48429241941899, 52.413979891716018 ], [ 13.484748955049028, 52.413255934589202 ], [ 13.483133256812742, 52.412885590998847 ], [ 13.482683952837098, 52.413600440534964 ], [ 13.48429241941899, 52.413979891716018 ] ] ] } },
{ "type": "Feature", "properties": { "id": "te_kak_klimarelevante_bebauung_2022.1400831521000000", "schl5": "1400831521000000", "typklar": "Freistehende Einfamilienhäuser mit Gärten", "art": "Klimarelevante Bebauung" }, "geometry": { "type": "Polygon", "coordinates": [ [ [ 13.481298869960794, 52.413041633854732 ], [ 13.482618672120299, 52.413469217761872 ], [ 13.483584847830796, 52.41191569521169 ], [ 13.48234290549769, 52.411507987516785 ], [ 13.481298869960794, 52.413041633854732 ] ] ] } },
{ "type": "Feature", "properties": { "id": "te_kak_klimarelevante_bebauung_2022.1400831531000000", "schl5": "1400831531000000", "typklar": "Freistehende Einfamilienhäuser mit Gärten", "art": "Klimarelevante Bebauung" }, "geometry": { "type": "Polygon", "coordinates": [ [ [ 13.479877735976533, 52.412600429484861 ], [ 13.481162322543469, 52.41300282259229 ], [ 13.482222538812113, 52.411465602613767 ], [ 13.480889631318393, 52.411020923190605 ], [ 13.479877735976533, 52.412600429484861 ] ] ] } },
{ "type": "Feature", "properties": { "id": "te_kak_klimarelevante_bebauung_2022.1400831541000000", "schl5": "1400831541000000", "typklar": "Freistehende Einfamilienhäuser mit Gärten", "art": "Klimarelevante Bebauung" }, "geometry": { "type": "Polygon", "coordinates": [ [ [ 13.478425843320128, 52.412136701836275 ], [ 13.479735339768331, 52.412553521253507 ], [ 13.480758974293249, 52.410980322351207 ], [ 13.47943488050262, 52.410545522856879 ], [ 13.478425843320128, 52.412136701836275 ] ] ] } },
{ "type": "Feature", "properties": { "id": "te_kak_klimarelevante_bebauung_2022.1400831551000000", "schl5": "1400831551000000", "typklar": "Freistehende Einfamilienhäuser mit Gärten", "art": "Klimarelevante Bebauung" }, "geometry": { "type": "Polygon", "coordinates": [ [ [ 13.478299606635133, 52.412092509277315 ], [ 13.479311531200054, 52.410517510282922 ], [ 13.477930205810994, 52.410067345097922 ], [ 13.476953394668669, 52.411676525133494 ], [ 13.478299606635133, 52.412092509277315 ] ] ] } },
{ "type": "Feature", "properties": { "id": "te_kak_klimarelevante_bebauung_2022.1400831571000000", "schl5": "1400831571000000", "typklar": "Reihen- und Doppelhäuser mit Gärten", "art": "Klimarelevante Bebauung" }, "geometry": { "type": "Polygon", "coordinates": [ [ [ 13.474345496883961, 52.411071982068101 ], [ 13.475901474144868, 52.411157554863273 ], [ 13.476100546461776, 52.410526043654926 ], [ 13.475842200238702, 52.410440341499068 ], [ 13.475868787861227, 52.410399934653441 ], [ 13.474493372046119, 52.409952433392576 ], [ 13.474266196312794, 52.410203765597508 ], [ 13.473940929573056, 52.410774000279446 ], [ 13.473865268979292, 52.410980597516485 ], [ 13.474345496883961, 52.411071982068101 ] ] ] } },
{ "type": "Feature", "properties": { "id": "te_kak_klimarelevante_bebauung_2022.1400831591000000", "schl5": "1400831591000000", "typklar": "Reihen- und Doppelhäuser mit Gärten", "art": "Klimarelevante Bebauung" }, "geometry": { "type": "Polygon", "coordinates": [ [ [ 13.474488792587454, 52.408721251123119 ], [ 13.476613561773288, 52.406336592095336 ], [ 13.475902150341906, 52.406090763840453 ], [ 13.475819795751207, 52.406240016861567 ], [ 13.47581935056597, 52.406240666963818 ], [ 13.475729994035859, 52.406373885246516 ], [ 13.475635776620623, 52.406511088980047 ], [ 13.475538599431211, 52.406652678111726 ], [ 13.475437447918447, 52.406799934274282 ], [ 13.475333038390623, 52.406952120431527 ], [ 13.475224645087765, 52.407110243212635 ], [ 13.475110182598282, 52.407276793225492 ], [ 13.474990423614338, 52.407451528669036 ], [ 13.474893818683807, 52.407592217527309 ], [ 13.474690061417204, 52.407889763461483 ], [ 13.474581178015715, 52.408050048642394 ], [ 13.474496251082602, 52.408173866656554 ], [ 13.474406910321067, 52.408304155216733 ], [ 13.474300719265585, 52.408458763062079 ], [ 13.474185566922488, 52.408626474785805 ], [ 13.474181681039189, 52.408632149325889 ], [ 13.474488792587454, 52.408721251123119 ] ] ] } },
{ "type": "Feature", "properties": { "id": "te_kak_klimarelevante_bebauung_2022.1400831601000000", "schl5": "1400831601000000", "typklar": "Freistehende Einfamilienhäuser mit Gärten", "art": "Klimarelevante Bebauung" }, "geometry": { "type": "Polygon", "coordinates": [ [ [ 13.477171984611523, 52.409616155321984 ], [ 13.477765055343658, 52.408925827963465 ], [ 13.475191915223242, 52.408085897093962 ], [ 13.474607657169967, 52.408769033690184 ], [ 13.477171984611523, 52.409616155321984 ] ] ] } },
{ "type": "Feature", "properties": { "id": "te_kak_klimarelevante_bebauung_2022.1400831611000000", "schl5": "1400831611000000", "typklar": "Freistehende Einfamilienhäuser mit Gärten", "art": "Klimarelevante Bebauung" }, "geometry": { "type": "Polygon", "coordinates": [ [ [ 13.479419340487564, 52.41035768152922 ], [ 13.480022547451602, 52.409705099549157 ], [ 13.477879444440177, 52.408994271460678 ], [ 13.477283533755417, 52.409655837908169 ], [ 13.479419340487564, 52.41035768152922 ] ] ] } },
{ "type": "Feature", "properties": { "id": "te_kak_klimarelevante_bebauung_2022.1400831621000000", "schl5": "1400831621000000", "typklar": "Freistehende Einfamilienhäuser mit Gärten", "art": "Klimarelevante Bebauung" }, "geometry": { "type": "Polygon", "coordinates": [ [ [ 13.482315595425268, 52.411321030433648 ], [ 13.483036559552051, 52.410599379110245 ], [ 13.482141842258661, 52.410077060123221 ], [ 13.481860142153964, 52.409940118525562 ], [ 13.481540252810062, 52.409797736074289 ], [ 13.481094084510895, 52.40962644032696 ], [ 13.480496659919165, 52.409424402763847 ], [ 13.480073580467371, 52.409824683307299 ], [ 13.479545570406128, 52.410402771950025 ], [ 13.482315595425268, 52.411321030433648 ] ] ] } },
{ "type": "Feature", "properties": { "id": "te_kak_klimarelevante_bebauung_2022.1400831631000000", "schl5": "1400831631000000", "typklar": "Freistehende Einfamilienhäuser mit Gärten", "art": "Klimarelevante Bebauung" }, "geometry": { "type": "Polygon", "coordinates": [ [ [ 13.483721893994147, 52.411799932774287 ], [ 13.484717359900225, 52.410254522508183 ], [ 13.484205504238119, 52.409940271945437 ], [ 13.483573804393959, 52.410333125154601 ], [ 13.483411795236639, 52.410444362912671 ], [ 13.483179018330645, 52.410625613579086 ], [ 13.482975665619303, 52.410797011287677 ], [ 13.482837102508515, 52.410927149109781 ], [ 13.482425633768807, 52.411375983522298 ], [ 13.483721893994147, 52.411799932774287 ] ] ] } },
{ "type": "Feature", "properties": { "id": "te_kak_klimarelevante_bebauung_2022.1400831721000000", "schl5": "1400831721000000", "typklar": "Freistehende Einfamilienhäuser mit Gärten", "art": "Klimarelevante Bebauung" }, "geometry": { "type": "Polygon", "coordinates": [ [ [ 13.50411725160456, 52.420113051996914 ], [ 13.506359444403174, 52.419881704464046 ], [ 13.504725893397904, 52.419545726036709 ], [ 13.50411725160456, 52.420113051996914 ] ] ] } },
{ "type": "Feature", "properties": { "id": "te_kak_klimarelevante_bebauung_2022.1400831731000000", "schl5": "1400831731000000", "typklar": "Freistehende Einfamilienhäuser mit Gärten", "art": "Klimarelevante Bebauung" }, "geometry": { "type": "Polygon", "coordinates": [ [ [ 13.506441944320827, 52.419812591034081 ], [ 13.507443885099143, 52.418907750312506 ], [ 13.505733794686101, 52.41862203346448 ], [ 13.504815750767024, 52.419473924939155 ], [ 13.506441944320827, 52.419812591034081 ] ] ] } },
{ "type": "Feature", "properties": { "id": "te_kak_klimarelevante_bebauung_2022.1400831771000000", "schl5": "1400831771000000", "typklar": "Freistehende Einfamilienhäuser mit Gärten", "art": "Klimarelevante Bebauung" }, "geometry": { "type": "Polygon", "coordinates": [ [ [ 13.51075473027915, 52.423082652504391 ], [ 13.511326428649134, 52.421620038297618 ], [ 13.510116670035648, 52.421442114138941 ], [ 13.509554301360867, 52.422882864329779 ], [ 13.51075473027915, 52.423082652504391 ] ] ] } },
{ "type": "Feature", "properties": { "id": "te_kak_klimarelevante_bebauung_2022.1400831781000000", "schl5": "1400831781000000", "typklar": "Freistehende Einfamilienhäuser mit Gärten", "art": "Klimarelevante Bebauung" }, "geometry": { "type": "Polygon", "coordinates": [ [ [ 13.513872515771464, 52.421931779181612 ], [ 13.511473466205446, 52.421602208206238 ], [ 13.511190364559226, 52.422319211630636 ], [ 13.513598706572866, 52.42266393175462 ], [ 13.513872515771464, 52.421931779181612 ] ] ] } },
{ "type": "Feature", "properties": { "id": "te_kak_klimarelevante_bebauung_2022.1400831791000000", "schl5": "1400831791000000", "typklar": "Freistehende Einfamilienhäuser mit Gärten", "art": "Klimarelevante Bebauung" }, "geometry": { "type": "Polygon", "coordinates": [ [ [ 13.513252517837877, 52.423529015635879 ], [ 13.513426909713655, 52.423146349745416 ], [ 13.51356907490624, 52.422754668551285 ], [ 13.511159255239436, 52.422410845436787 ], [ 13.510886931962727, 52.423118728405733 ], [ 13.513252517837877, 52.423529015635879 ] ] ] } },
{ "type": "Feature", "properties": { "id": "te_kak_klimarelevante_bebauung_2022.1400831881000000", "schl5": "1400831881000000", "typklar": "Freistehende Einfamilienhäuser mit Gärten", "art": "Klimarelevante Bebauung" }, "geometry": { "type": "Polygon", "coordinates": [ [ [ 13.51085963476315, 52.419513250294756 ], [ 13.510734641997184, 52.419534696593026 ], [ 13.510615450854081, 52.419585803733781 ], [ 13.510316996350483, 52.420406403231766 ], [ 13.51435375971457, 52.420976012614766 ], [ 13.514503673855758, 52.420552926450561 ], [ 13.513732716527565, 52.420254731625562 ], [ 13.512963178762172, 52.420002368147273 ], [ 13.512102440519625, 52.419762493107818 ], [ 13.511226978795408, 52.419557645331466 ], [ 13.5110814082398, 52.419531826537515 ], [ 13.51085963476315, 52.419513250294756 ] ] ] } },
{ "type": "Feature", "properties": { "id": "te_kak_klimarelevante_bebauung_2022.1400831891000000", "schl5": "1400831891000000", "typklar": "Freistehende Einfamilienhäuser mit Gärten", "art": "Klimarelevante Bebauung" }, "geometry": { "type": "Polygon", "coordinates": [ [ [ 13.514149060502287, 52.421040707814747 ], [ 13.510279374665977, 52.420510606141491 ], [ 13.510056584686161, 52.421098100498249 ], [ 13.511527198854926, 52.421308022006066 ], [ 13.51145414876445, 52.42149434885814 ], [ 13.513863960366049, 52.421828424313361 ], [ 13.514149060502287, 52.421040707814747 ] ] ] } },
{ "type": "Feature", "properties": { "id": "te_kak_klimarelevante_bebauung_2022.1400831901000000", "schl5": "1400831901000000", "typklar": "Freistehende Einfamilienhäuser mit Gärten", "art": "Klimarelevante Bebauung" }, "geometry": { "type": "Polygon", "coordinates": [ [ [ 13.510205206970488, 52.41908753892767 ], [ 13.511077419950347, 52.418294871818802 ], [ 13.506887478603803, 52.417581653047513 ], [ 13.506051947257825, 52.418375225218391 ], [ 13.510205206970488, 52.41908753892767 ] ] ] } },
{ "type": "Feature", "properties": { "id": "te_kak_klimarelevante_bebauung_2022.1400831911000100", "schl5": "1400831911000100", "typklar": "Reihen- und Doppelhäuser mit Gärten", "art": "Klimarelevante Bebauung" }, "geometry": { "type": "Polygon", "coordinates": [ [ [ 13.5092465037811, 52.417369833189738 ], [ 13.508777061824187, 52.417807184397994 ], [ 13.511168725620047, 52.41822666264045 ], [ 13.51137262187731, 52.418048200914903 ], [ 13.5092465037811, 52.417369833189738 ] ] ] } },
{ "type": "Feature", "properties": { "id": "te_kak_klimarelevante_bebauung_2022.1400831921000000", "schl5": "1400831921000000", "typklar": "Freistehende Einfamilienhäuser mit Gärten", "art": "Klimarelevante Bebauung" }, "geometry": { "type": "Polygon", "coordinates": [ [ [ 13.508633025336003, 52.417787406826015 ], [ 13.509378543213186, 52.417074635526021 ], [ 13.511650341106527, 52.415023381002385 ], [ 13.510284968864987, 52.414475656152909 ], [ 13.506939123168465, 52.417507115450917 ], [ 13.508633025336003, 52.417787406826015 ] ] ] } },
{ "type": "Feature", "properties": { "id": "te_kak_klimarelevante_bebauung_2022.1400831961000000", "schl5": "1400831961000000", "typklar": "Freistehende Einfamilienhäuser mit Gärten", "art": "Klimarelevante Bebauung" }, "geometry": { "type": "Polygon", "coordinates": [ [ [ 13.502191755473239, 52.416461552568954 ], [ 13.506126024009021, 52.412773003857467 ], [ 13.505036772651207, 52.41233513424676 ], [ 13.500990491436362, 52.416115192285417 ], [ 13.502191755473239, 52.416461552568954 ] ] ] } },
{ "type": "Feature", "properties": { "id": "te_kak_klimarelevante_bebauung_2022.1400831971000000", "schl5": "1400831971000000", "typklar": "Freistehende Einfamilienhäuser mit Gärten", "art": "Klimarelevante Bebauung" }, "geometry": { "type": "Polygon", "coordinates": [ [ [ 13.498401733304775, 52.416293043166547 ], [ 13.498906772826805, 52.416494890491414 ], [ 13.499963892915448, 52.416881559197769 ], [ 13.502791708113863, 52.41425775131097 ], [ 13.501474912705188, 52.413729743257448 ], [ 13.497851543261751, 52.415963530613915 ], [ 13.497854263658709, 52.416054300763427 ], [ 13.498401733304775, 52.416293043166547 ] ] ] } },
{ "type": "Feature", "properties": { "id": "te_kak_klimarelevante_bebauung_2022.1400831981000000", "schl5": "1400831981000000", "typklar": "Freistehende Einfamilienhäuser mit Gärten", "art": "Klimarelevante Bebauung" }, "geometry": { "type": "Polygon", "coordinates": [ [ [ 13.499343368419787, 52.41443022160378 ], [ 13.499892290027436, 52.414158517082974 ], [ 13.500544393294927, 52.413797948803108 ], [ 13.500888927883596, 52.41358623147466 ], [ 13.500867181172856, 52.41348196272272 ], [ 13.499454955136372, 52.412920579295609 ], [ 13.499231809211437, 52.412842154715655 ], [ 13.498955746947709, 52.412760079052987 ], [ 13.498656153611128, 52.412695948655681 ], [ 13.498153801379773, 52.412615422382515 ], [ 13.497970664845214, 52.413423125711212 ], [ 13.497737389921706, 52.414789747108763 ], [ 13.497803057432479, 52.414950679103974 ], [ 13.497901511679924, 52.414971457034063 ], [ 13.499343368419787, 52.41443022160378 ] ] ] } },
{ "type": "Feature", "properties": { "id": "te_kak_klimarelevante_bebauung_2022.1400832001000000", "schl5": "1400832001000000", "typklar": "Freistehende Einfamilienhäuser mit Gärten", "art": "Klimarelevante Bebauung" }, "geometry": { "type": "Polygon", "coordinates": [ [ [ 13.494548584812657, 52.411717271665452 ], [ 13.495131012781469, 52.412546493680068 ], [ 13.496146913723395, 52.41241102252495 ], [ 13.496194134601655, 52.411847607770824 ], [ 13.496282266894829, 52.41136332361468 ], [ 13.49647386102191, 52.410678749281331 ], [ 13.496477195832806, 52.410543952785709 ], [ 13.496433504831986, 52.410410003036937 ], [ 13.495617701897579, 52.410480095201223 ], [ 13.494795869153, 52.410599601984565 ], [ 13.493951651505922, 52.410833211026087 ], [ 13.494548584812657, 52.411717271665452 ] ] ] } },
{ "type": "Feature", "properties": { "id": "te_kak_klimarelevante_bebauung_2022.1400832021000100", "schl5": "1400832021000100", "typklar": "Reihen- und Doppelhäuser mit Gärten", "art": "Klimarelevante Bebauung" }, "geometry": { "type": "Polygon", "coordinates": [ [ [ 13.485076551208566, 52.408101574432152 ], [ 13.485760836984074, 52.408370556242602 ], [ 13.485586072489278, 52.408744661963048 ], [ 13.486899405369241, 52.409427805701917 ], [ 13.486743059583, 52.409757239907428 ], [ 13.487397081147279, 52.410094091502188 ], [ 13.487632888092714, 52.409694530799108 ], [ 13.48794793625461, 52.409146702617278 ], [ 13.487117859003265, 52.408620902735805 ], [ 13.485413237869475, 52.407567576118552 ], [ 13.485076551208566, 52.408101574432152 ] ] ] } },
{ "type": "Feature", "properties": { "id": "te_kak_klimarelevante_bebauung_2022.1400832031000000", "schl5": "1400832031000000", "typklar": "Freistehende Einfamilienhäuser mit Gärten", "art": "Klimarelevante Bebauung" }, "geometry": { "type": "Polygon", "coordinates": [ [ [ 13.485234968596744, 52.409421987923579 ], [ 13.485250605840561, 52.409396933110536 ], [ 13.485048417090441, 52.409208869391719 ], [ 13.484879126571329, 52.409301227956021 ], [ 13.484826344338677, 52.409263421639338 ], [ 13.484080066026216, 52.409648952013029 ], [ 13.484776455386946, 52.410156639199478 ], [ 13.485234968596744, 52.409421987923579 ] ] ] } },
{ "type": "Feature", "properties": { "id": "te_kak_klimarelevante_bebauung_2022.1400832041000000", "schl5": "1400832041000000", "typklar": "Freistehende Einfamilienhäuser mit Gärten", "art": "Klimarelevante Bebauung" }, "geometry": { "type": "Polygon", "coordinates": [ [ [ 13.484040978626854, 52.408555224151854 ], [ 13.48399109651232, 52.408530000871735 ], [ 13.483113806427381, 52.408986362891341 ], [ 13.483974431679579, 52.409595802992982 ], [ 13.484741269215917, 52.409214789627569 ], [ 13.484697316716355, 52.409173399279851 ], [ 13.484891613964336, 52.409073880871333 ], [ 13.484205850449577, 52.408465556013823 ], [ 13.484040978626854, 52.408555224151854 ] ] ] } },
{ "type": "Feature", "properties": { "id": "te_kak_klimarelevante_bebauung_2022.1400832051000000", "schl5": "1400832051000000", "typklar": "Freistehende Einfamilienhäuser mit Gärten", "art": "Klimarelevante Bebauung" }, "geometry": { "type": "Polygon", "coordinates": [ [ [ 13.483040513754116, 52.408930555755504 ], [ 13.483913401638731, 52.4084714944224 ], [ 13.483872354960807, 52.408441788141623 ], [ 13.484060774536632, 52.408340466714485 ], [ 13.483361859219864, 52.407716844112116 ], [ 13.482528845872746, 52.408116637490409 ], [ 13.482216774065556, 52.408283409495539 ], [ 13.483040513754116, 52.408930555755504 ] ] ] } },
{ "type": "Feature", "properties": { "id": "te_kak_klimarelevante_bebauung_2022.1400832061000000", "schl5": "1400832061000000", "typklar": "Freistehende Einfamilienhäuser mit Gärten", "art": "Klimarelevante Bebauung" }, "geometry": { "type": "Polygon", "coordinates": [ [ [ 13.481131121230339, 52.409535721816148 ], [ 13.481521517315937, 52.409685379542147 ], [ 13.481939747166534, 52.409862928753952 ], [ 13.482285973264487, 52.410041289115775 ], [ 13.482529473657729, 52.410177286166849 ], [ 13.483092662280146, 52.410519465663278 ], [ 13.484145523665312, 52.40985662344675 ], [ 13.482817219774169, 52.408908716957775 ], [ 13.482099023514476, 52.408342577820278 ], [ 13.481359931189351, 52.408773032082436 ], [ 13.480588024703655, 52.409347230186135 ], [ 13.481131121230339, 52.409535721816148 ] ] ] } },
{ "type": "Feature", "properties": { "id": "te_kak_klimarelevante_bebauung_2022.1400832071000000", "schl5": "1400832071000000", "typklar": "Freistehende Einfamilienhäuser mit Gärten", "art": "Klimarelevante Bebauung" }, "geometry": { "type": "Polygon", "coordinates": [ [ [ 13.480612021101221, 52.409199878068264 ], [ 13.480936144912086, 52.408946854013593 ], [ 13.481098170942596, 52.408831123366824 ], [ 13.481432456988637, 52.408614956434775 ], [ 13.48178729389018, 52.408403305326118 ], [ 13.482059645467571, 52.408250865167361 ], [ 13.482729555723866, 52.407901042143187 ], [ 13.481793998691964, 52.407199128259492 ], [ 13.481018426827134, 52.407612431487372 ], [ 13.480679721324886, 52.407833984579014 ], [ 13.480318858460507, 52.408089659157696 ], [ 13.479999137543409, 52.408345384247703 ], [ 13.479691049426878, 52.408637068904611 ], [ 13.47907754186595, 52.409296826519906 ], [ 13.480094771643163, 52.409639586397496 ], [ 13.480612021101221, 52.409199878068264 ] ] ] } },
{ "type": "Feature", "properties": { "id": "te_kak_klimarelevante_bebauung_2022.1400832081000000", "schl5": "1400832081000000", "typklar": "Freistehende Einfamilienhäuser mit Gärten", "art": "Klimarelevante Bebauung" }, "geometry": { "type": "Polygon", "coordinates": [ [ [ 13.478955720122441, 52.409252640160794 ], [ 13.479266918619535, 52.408912431774397 ], [ 13.479578018647508, 52.408600082153271 ], [ 13.479894968069981, 52.408295827939924 ], [ 13.480216157907252, 52.408041002246001 ], [ 13.480572614974337, 52.407784425284618 ], [ 13.480951059257634, 52.407544048621915 ], [ 13.481704753649391, 52.40713608160015 ], [ 13.480776932872413, 52.406430383597979 ], [ 13.480302944871653, 52.406683222209104 ], [ 13.4799731450527, 52.40687872356655 ], [ 13.479551885588387, 52.407181051032723 ], [ 13.479289601139108, 52.407398202824261 ], [ 13.478842769602686, 52.407873939127569 ], [ 13.477935515278652, 52.408926043084435 ], [ 13.478955720122441, 52.409252640160794 ] ] ] } },
{ "type": "Feature", "properties": { "id": "te_kak_klimarelevante_bebauung_2022.1400832091000000", "schl5": "1400832091000000", "typklar": "Reihen- und Doppelhäuser mit Gärten", "art": "Klimarelevante Bebauung" }, "geometry": { "type": "Polygon", "coordinates": [ [ [ 13.478707666989605, 52.407847710416192 ], [ 13.478889152589989, 52.407625964203206 ], [ 13.479157466825017, 52.407363887507472 ], [ 13.479435989795554, 52.407123390798006 ], [ 13.479913183965417, 52.406793275735708 ], [ 13.480219420732466, 52.406613021779698 ], [ 13.480669876969095, 52.406366445475705 ], [ 13.479625953174148, 52.405676770452033 ], [ 13.479221114930994, 52.40590362859939 ], [ 13.478836762466804, 52.406154776038122 ], [ 13.478533382688601, 52.406359294344412 ], [ 13.478201854100215, 52.406631175283103 ], [ 13.477794996023162, 52.407016191882398 ], [ 13.477727103325179, 52.407105973480988 ], [ 13.477750575516058, 52.407116786402156 ], [ 13.477653226092055, 52.407226303600915 ], [ 13.477623873570343, 52.407215480567665 ], [ 13.476536607236593, 52.408479432624809 ], [ 13.477785764049489, 52.408885414216591 ], [ 13.478707666989605, 52.407847710416192 ] ] ] } },
{ "type": "Feature", "properties": { "id": "te_kak_klimarelevante_bebauung_2022.1400832101000000", "schl5": "1400832101000000", "typklar": "Reihen- und Doppelhäuser mit Gärten", "art": "Klimarelevante Bebauung" }, "geometry": { "type": "Polygon", "coordinates": [ [ [ 13.477782791069815, 52.405404861113311 ], [ 13.477074102510734, 52.405971927592574 ], [ 13.476673057511938, 52.4063758202578 ], [ 13.475212628941142, 52.408044584737624 ], [ 13.476485239638571, 52.408460495195108 ], [ 13.477573962030981, 52.407200140827662 ], [ 13.477535794786549, 52.407189308541909 ], [ 13.477627292469759, 52.407072596882266 ], [ 13.477663989460186, 52.407084326402881 ], [ 13.477739211749647, 52.406999944906381 ], [ 13.478156396765247, 52.406602361460543 ], [ 13.478483456850972, 52.406348447674276 ], [ 13.478803065683248, 52.406125977138025 ], [ 13.479191825362966, 52.405873936146371 ], [ 13.479592259232856, 52.405646174481163 ], [ 13.478483672769684, 52.404969888555662 ], [ 13.477782791069815, 52.405404861113311 ] ] ] } },
{ "type": "Feature", "properties": { "id": "te_kak_klimarelevante_bebauung_2022.1400832111000000", "schl5": "1400832111000000", "typklar": "Reihen- und Doppelhäuser mit Gärten", "art": "Klimarelevante Bebauung" }, "geometry": { "type": "Polygon", "coordinates": [ [ [ 13.476002562397227, 52.40608403476714 ], [ 13.476642306919313, 52.406305283143858 ], [ 13.476994851485973, 52.405943967248611 ], [ 13.477377965474854, 52.405626323866215 ], [ 13.477718244027216, 52.405374226021486 ], [ 13.478425043459492, 52.404926679480518 ], [ 13.477883949165935, 52.404599781095641 ], [ 13.477147778420123, 52.404216912944101 ], [ 13.476941414364171, 52.404106924079564 ], [ 13.476820979101598, 52.404308971376203 ], [ 13.47677938775972, 52.40444165277178 ], [ 13.476777725470566, 52.404444884521304 ], [ 13.476709130135495, 52.404578333537771 ], [ 13.476703557230648, 52.404589079154114 ], [ 13.476702474918374, 52.404591183338077 ], [ 13.476435214448793, 52.405019688900929 ], [ 13.476320324074669, 52.405233011104713 ], [ 13.476300950068175, 52.405268987518873 ], [ 13.47598272686437, 52.40594518229949 ], [ 13.475933332133314, 52.406034418581093 ], [ 13.475933290660373, 52.406034504933963 ], [ 13.476002562397227, 52.40608403476714 ] ] ] } },
{ "type": "Feature", "properties": { "id": "te_kak_klimarelevante_bebauung_2022.1400832171000000", "schl5": "1400832171000000", "typklar": "Freistehende Einfamilienhäuser mit Gärten", "art": "Klimarelevante Bebauung" }, "geometry": { "type": "Polygon", "coordinates": [ [ [ 13.485086276073487, 52.402894864435687 ], [ 13.484498107769449, 52.403948295775727 ], [ 13.484426654463771, 52.404235783973526 ], [ 13.48464781196763, 52.40445802297635 ], [ 13.485766831054546, 52.40511359233853 ], [ 13.486180296259032, 52.405395367463782 ], [ 13.486476368621938, 52.405629375048647 ], [ 13.487062807694407, 52.404648720572425 ], [ 13.486551842806289, 52.404533086404747 ], [ 13.486137188382576, 52.404165038992645 ], [ 13.486071334707006, 52.404081384486183 ], [ 13.485544145095785, 52.403066158813814 ], [ 13.485519651898574, 52.402915153471035 ], [ 13.485086276073487, 52.402894864435687 ] ] ] } },
{ "type": "Feature", "properties": { "id": "te_kak_klimarelevante_bebauung_2022.1400832191000000", "schl5": "1400832191000000", "typklar": "Freistehende Einfamilienhäuser mit Gärten", "art": "Klimarelevante Bebauung" }, "geometry": { "type": "Polygon", "coordinates": [ [ [ 13.488053127845275, 52.401376033399877 ], [ 13.486633033223173, 52.401631380438012 ], [ 13.487074100594802, 52.402469461622864 ], [ 13.487973968162592, 52.402254839864007 ], [ 13.488885490521449, 52.402070780907493 ], [ 13.488473596134344, 52.401291153427323 ], [ 13.488053127845275, 52.401376033399877 ] ] ] } },
{ "type": "Feature", "properties": { "id": "te_kak_klimarelevante_bebauung_2022.1400832201000000", "schl5": "1400832201000000", "typklar": "Freistehende Einfamilienhäuser mit Gärten", "art": "Klimarelevante Bebauung" }, "geometry": { "type": "Polygon", "coordinates": [ [ [ 13.488004561927099, 52.402338452299666 ], [ 13.487119383422554, 52.402553091471837 ], [ 13.488701212068818, 52.405565490673382 ], [ 13.489621856454789, 52.405302351214097 ], [ 13.490482105350544, 52.405086768809177 ], [ 13.488923420036024, 52.402157996124643 ], [ 13.488004561927099, 52.402338452299666 ] ] ] } },
{ "type": "Feature", "properties": { "id": "te_kak_klimarelevante_bebauung_2022.1400832221000000", "schl5": "1400832221000000", "typklar": "Freistehende Einfamilienhäuser mit Gärten", "art": "Klimarelevante Bebauung" }, "geometry": { "type": "Polygon", "coordinates": [ [ [ 13.486905812602103, 52.408296233344785 ], [ 13.487601931240851, 52.407959154003933 ], [ 13.488322668316897, 52.407668143997313 ], [ 13.486933628062529, 52.406280413984391 ], [ 13.485880666169315, 52.406740318972432 ], [ 13.485034146575956, 52.407147159652702 ], [ 13.486905812602103, 52.408296233344785 ] ] ] } },
{ "type": "Feature", "properties": { "id": "te_kak_klimarelevante_bebauung_2022.1400832231000000", "schl5": "1400832231000000", "typklar": "Freistehende Einfamilienhäuser mit Gärten", "art": "Klimarelevante Bebauung" }, "geometry": { "type": "Polygon", "coordinates": [ [ [ 13.48813038938966, 52.409071427547801 ], [ 13.489228277584273, 52.409960595810077 ], [ 13.490148251246474, 52.40946829284303 ], [ 13.488397408835485, 52.407740733916711 ], [ 13.487691401945874, 52.408011382703805 ], [ 13.487004058731014, 52.408361952793172 ], [ 13.48813038938966, 52.409071427547801 ] ] ] } },
{ "type": "Feature", "properties": { "id": "te_kak_klimarelevante_bebauung_2022.1400832241000000", "schl5": "1400832241000000", "typklar": "Freistehende Einfamilienhäuser mit Gärten", "art": "Klimarelevante Bebauung" }, "geometry": { "type": "Polygon", "coordinates": [ [ [ 13.490245424833335, 52.409408193797098 ], [ 13.491075530376703, 52.4089831808258 ], [ 13.489824397555191, 52.407276963105495 ], [ 13.488516100737529, 52.407696092074502 ], [ 13.490245424833335, 52.409408193797098 ] ] ] } },
{ "type": "Feature", "properties": { "id": "te_kak_klimarelevante_bebauung_2022.1400832251000000", "schl5": "1400832251000000", "typklar": "Freistehende Einfamilienhäuser mit Gärten", "art": "Klimarelevante Bebauung" }, "geometry": { "type": "Polygon", "coordinates": [ [ [ 13.489770278961435, 52.407196020458443 ], [ 13.488631777297986, 52.405684932155744 ], [ 13.487825720935264, 52.405950892956362 ], [ 13.487052189428956, 52.406236636891101 ], [ 13.488448327596593, 52.407625642199292 ], [ 13.489770278961435, 52.407196020458443 ] ] ] } },
{ "type": "Feature", "properties": { "id": "te_kak_klimarelevante_bebauung_2022.1400832261000100", "schl5": "1400832261000100", "typklar": "Freistehende Einfamilienhäuser mit Gärten", "art": "Klimarelevante Bebauung" }, "geometry": { "type": "Polygon", "coordinates": [ [ [ 13.491095490801259, 52.40878694622252 ], [ 13.491617528189359, 52.407981240587951 ], [ 13.491995532956574, 52.40790887462682 ], [ 13.491444880382986, 52.406895995729975 ], [ 13.489961147728582, 52.407246566798918 ], [ 13.491095490801259, 52.40878694622252 ] ] ] } },
{ "type": "Feature", "properties": { "id": "te_kak_klimarelevante_bebauung_2022.1400832271000000", "schl5": "1400832271000000", "typklar": "Freistehende Einfamilienhäuser mit Gärten", "art": "Klimarelevante Bebauung" }, "geometry": { "type": "Polygon", "coordinates": [ [ [ 13.49141135351551, 52.40680788815996 ], [ 13.490536209004983, 52.405172204743231 ], [ 13.489621561734232, 52.405397611207405 ], [ 13.488758257021473, 52.405649133540521 ], [ 13.489908523880022, 52.407157537808416 ], [ 13.49141135351551, 52.40680788815996 ] ] ] } },
{ "type": "Feature", "properties": { "id": "te_kak_klimarelevante_bebauung_2022.1400832311000100", "schl5": "1400832311000100", "typklar": "Reihen- und Doppelhäuser mit Gärten", "art": "Klimarelevante Bebauung" }, "geometry": { "type": "Polygon", "coordinates": [ [ [ 13.493940480923953, 52.408457257098078 ], [ 13.495230311507274, 52.406829272298793 ], [ 13.49544154662266, 52.406456560042642 ], [ 13.495580673920223, 52.406117914179028 ], [ 13.495810553571209, 52.405165026239317 ], [ 13.494796886264789, 52.405062442560229 ], [ 13.494501918242323, 52.406191303024194 ], [ 13.494364790917997, 52.406455944688339 ], [ 13.494266682909133, 52.406602635922219 ], [ 13.493448668293755, 52.407626518231275 ], [ 13.493186125021543, 52.40787662451276 ], [ 13.49304031256459, 52.407994159803351 ], [ 13.493940480923953, 52.408457257098078 ] ] ] } },
{ "type": "Feature", "properties": { "id": "te_kak_klimarelevante_bebauung_2022.1400832351000000", "schl5": "1400832351000000", "typklar": "Freistehende Einfamilienhäuser mit Gärten", "art": "Klimarelevante Bebauung" }, "geometry": { "type": "Polygon", "coordinates": [ [ [ 13.495847317677875, 52.410355434023515 ], [ 13.496638087806014, 52.410302388278538 ], [ 13.496942753234332, 52.40913984454513 ], [ 13.497942995918812, 52.408297985845209 ], [ 13.497879890026468, 52.408266463995055 ], [ 13.49809784712542, 52.40810673782125 ], [ 13.498161638059699, 52.407883040010205 ], [ 13.497765423003301, 52.407714558544015 ], [ 13.494937255406802, 52.410496413775682 ], [ 13.495847317677875, 52.410355434023515 ] ] ] } },
{ "type": "Feature", "properties": { "id": "te_kak_klimarelevante_bebauung_2022.1400832361000000", "schl5": "1400832361000000", "typklar": "Freistehende Einfamilienhäuser mit Gärten", "art": "Klimarelevante Bebauung" }, "geometry": { "type": "Polygon", "coordinates": [ [ [ 13.498361657707655, 52.407831133556655 ], [ 13.498228326234933, 52.408203038781004 ], [ 13.49709402242325, 52.409170563715065 ], [ 13.496799747382019, 52.410298971190009 ], [ 13.497562366274385, 52.410323172622121 ], [ 13.498462942288517, 52.410409526583344 ], [ 13.49938906390604, 52.407662582383225 ], [ 13.49981022271529, 52.406413701841835 ], [ 13.499240283378285, 52.406339397082647 ], [ 13.498409464696532, 52.407557091778003 ], [ 13.498172375005916, 52.407743758302644 ], [ 13.498361657707655, 52.407831133556655 ] ] ] } },
{ "type": "Feature", "properties": { "id": "te_kak_klimarelevante_bebauung_2022.1400832371000000", "schl5": "1400832371000000", "typklar": "Freistehende Einfamilienhäuser mit Gärten", "art": "Klimarelevante Bebauung" }, "geometry": { "type": "Polygon", "coordinates": [ [ [ 13.498428863622815, 52.410505647510561 ], [ 13.497944080775163, 52.410448502683799 ], [ 13.497556180542844, 52.41041662590608 ], [ 13.497156544149583, 52.410400912140027 ], [ 13.49676418072819, 52.410400481798391 ], [ 13.496539124721179, 52.41097268531545 ], [ 13.496339597181867, 52.411855857110886 ], [ 13.49629093981522, 52.412409384090722 ], [ 13.497027123251279, 52.412439849297151 ], [ 13.497927795758688, 52.412507336863698 ], [ 13.498428863622815, 52.410505647510561 ] ] ] } },
{ "type": "Feature", "properties": { "id": "te_kak_klimarelevante_bebauung_2022.1400832381000000", "schl5": "1400832381000000", "typklar": "Freistehende Einfamilienhäuser mit Gärten", "art": "Klimarelevante Bebauung" }, "geometry": { "type": "Polygon", "coordinates": [ [ [ 13.4983784214972, 52.411682848377183 ], [ 13.499301053134063, 52.411762929512307 ], [ 13.500002554690766, 52.411080694960461 ], [ 13.500103687235699, 52.410664720336875 ], [ 13.498668356689818, 52.410520285248005 ], [ 13.4983784214972, 52.411682848377183 ] ] ] } },
{ "type": "Feature", "properties": { "id": "te_kak_klimarelevante_bebauung_2022.1400832391000000", "schl5": "1400832391000000", "typklar": "Freistehende Einfamilienhäuser mit Gärten", "art": "Klimarelevante Bebauung" }, "geometry": { "type": "Polygon", "coordinates": [ [ [ 13.50015382760111, 52.41111680397794 ], [ 13.499394843531981, 52.411866377869771 ], [ 13.498366395511704, 52.411775398505149 ], [ 13.498173128300705, 52.412539057332317 ], [ 13.498981023632423, 52.412674732675512 ], [ 13.499734210527734, 52.412927171658914 ], [ 13.501694216963129, 52.411015096418893 ], [ 13.501114182561251, 52.4108437345308 ], [ 13.500770553530359, 52.410765183165061 ], [ 13.500526708582143, 52.410721788566782 ], [ 13.50025058275437, 52.410685546349221 ], [ 13.50015382760111, 52.41111680397794 ] ] ] } },
{ "type": "Feature", "properties": { "id": "te_kak_klimarelevante_bebauung_2022.1400832401000000", "schl5": "1400832401000000", "typklar": "Freistehende Einfamilienhäuser mit Gärten", "art": "Klimarelevante Bebauung" }, "geometry": { "type": "Polygon", "coordinates": [ [ [ 13.501176791581976, 52.413458286805465 ], [ 13.503126487888977, 52.411569221244946 ], [ 13.501821947213541, 52.411058367519772 ], [ 13.499857514770838, 52.41297852833533 ], [ 13.501111702682747, 52.413491336444977 ], [ 13.501176791581976, 52.413458286805465 ] ] ] } },
{ "type": "Feature", "properties": { "id": "te_kak_klimarelevante_bebauung_2022.1400832411000000", "schl5": "1400832411000000", "typklar": "Freistehende Einfamilienhäuser mit Gärten", "art": "Klimarelevante Bebauung" }, "geometry": { "type": "Polygon", "coordinates": [ [ [ 13.502872769079808, 52.414176056138992 ], [ 13.504919369728581, 52.412274802680926 ], [ 13.503628996737433, 52.411770211063441 ], [ 13.502077269026085, 52.413262172958078 ], [ 13.501576502296871, 52.41366424683028 ], [ 13.502872769079808, 52.414176056138992 ] ] ] } },
{ "type": "Feature", "properties": { "id": "te_kak_klimarelevante_bebauung_2022.1400832431000000", "schl5": "1400832431000000", "typklar": "Freistehende Einfamilienhäuser mit Gärten", "art": "Klimarelevante Bebauung" }, "geometry": { "type": "Polygon", "coordinates": [ [ [ 13.49973375529485, 52.410527725316733 ], [ 13.500274350552559, 52.410584021713724 ], [ 13.500574054577926, 52.410625679799757 ], [ 13.500826677460365, 52.410675377804274 ], [ 13.502757086761395, 52.408784820096812 ], [ 13.501870502581996, 52.408435203967827 ], [ 13.49973375529485, 52.410527725316733 ] ] ] } },
{ "type": "Feature", "properties": { "id": "te_kak_klimarelevante_bebauung_2022.1400832441000000", "schl5": "1400832441000000", "typklar": "Freistehende Einfamilienhäuser mit Gärten", "art": "Klimarelevante Bebauung" }, "geometry": { "type": "Polygon", "coordinates": [ [ [ 13.502839594714334, 52.408706722621687 ], [ 13.505693651195855, 52.405913311368934 ], [ 13.504795460162301, 52.405564284014638 ], [ 13.501948628060076, 52.408349014406163 ], [ 13.502839594714334, 52.408706722621687 ] ] ] } },
{ "type": "Feature", "properties": { "id": "te_kak_klimarelevante_bebauung_2022.1400832461000000", "schl5": "1400832461000000", "typklar": "Freistehende Einfamilienhäuser mit Gärten", "art": "Klimarelevante Bebauung" }, "geometry": { "type": "Polygon", "coordinates": [ [ [ 13.500964717980413, 52.410708775290175 ], [ 13.501778207753949, 52.41093520407054 ], [ 13.503615783457755, 52.40912721175085 ], [ 13.502877437356025, 52.40883706956275 ], [ 13.500964717980413, 52.410708775290175 ] ] ] } },
{ "type": "Feature", "properties": { "id": "te_kak_klimarelevante_bebauung_2022.1400832471000000", "schl5": "1400832471000000", "typklar": "Freistehende Einfamilienhäuser mit Gärten", "art": "Klimarelevante Bebauung" }, "geometry": { "type": "Polygon", "coordinates": [ [ [ 13.50507599985438, 52.409686747031792 ], [ 13.503753766733332, 52.409180377629646 ], [ 13.501905926757381, 52.410982967799029 ], [ 13.503218752907925, 52.411499767044454 ], [ 13.50507599985438, 52.409686747031792 ] ] ] } },
{ "type": "Feature", "properties": { "id": "te_kak_klimarelevante_bebauung_2022.1400832491000000", "schl5": "1400832491000000", "typklar": "Freistehende Einfamilienhäuser mit Gärten", "art": "Klimarelevante Bebauung" }, "geometry": { "type": "Polygon", "coordinates": [ [ [ 13.507095476126796, 52.410240640941055 ], [ 13.50943340419842, 52.408062813361475 ], [ 13.507831573600077, 52.407559756296436 ], [ 13.505624194772258, 52.409805085416295 ], [ 13.507095476126796, 52.410240640941055 ] ] ] } },
{ "type": "Feature", "properties": { "id": "te_kak_klimarelevante_bebauung_2022.1400832501000000", "schl5": "1400832501000000", "typklar": "Freistehende Einfamilienhäuser mit Gärten", "art": "Klimarelevante Bebauung" }, "geometry": { "type": "Polygon", "coordinates": [ [ [ 13.504993040223779, 52.412205681072571 ], [ 13.507004152935, 52.410318732510405 ], [ 13.505546126571931, 52.409872405748033 ], [ 13.50371883529016, 52.41170110697955 ], [ 13.504993040223779, 52.412205681072571 ] ] ] } },
{ "type": "Feature", "properties": { "id": "te_kak_klimarelevante_bebauung_2022.1400832511000000", "schl5": "1400832511000000", "typklar": "Freistehende Einfamilienhäuser mit Gärten", "art": "Klimarelevante Bebauung" }, "geometry": { "type": "Polygon", "coordinates": [ [ [ 13.50621586905039, 52.412700302439482 ], [ 13.508343300906089, 52.410718191754384 ], [ 13.507152456736295, 52.410362917624866 ], [ 13.505114863226172, 52.412261523453388 ], [ 13.50621586905039, 52.412700302439482 ] ] ] } },
{ "type": "Feature", "properties": { "id": "te_kak_klimarelevante_bebauung_2022.1400832541000000", "schl5": "1400832541000000", "typklar": "Freistehende Einfamilienhäuser mit Gärten", "art": "Klimarelevante Bebauung" }, "geometry": { "type": "Polygon", "coordinates": [ [ [ 13.511725477019766, 52.414953358414209 ], [ 13.514160468970191, 52.412757558307327 ], [ 13.512820095905889, 52.412218871857569 ], [ 13.512734748296506, 52.412243952331245 ], [ 13.511545994376931, 52.413317606803894 ], [ 13.511503234431505, 52.413271554560204 ], [ 13.510299933506085, 52.41437412033612 ], [ 13.511725477019766, 52.414953358414209 ] ] ] } },
{ "type": "Feature", "properties": { "id": "te_kak_klimarelevante_bebauung_2022.1400832571000100", "schl5": "1400832571000100", "typklar": "Freistehende Einfamilienhäuser mit Gärten", "art": "Klimarelevante Bebauung" }, "geometry": { "type": "Polygon", "coordinates": [ [ [ 13.519741475603121, 52.415110456776816 ], [ 13.519266414541676, 52.41501399316514 ], [ 13.519167148532723, 52.415044229362906 ], [ 13.518361708667658, 52.416507126763541 ], [ 13.51839981492415, 52.416560184223307 ], [ 13.518887521908677, 52.416662180036163 ], [ 13.519741475603121, 52.415110456776816 ] ] ] } },
{ "type": "Feature", "properties": { "id": "te_kak_klimarelevante_bebauung_2022.1400832621000100", "schl5": "1400832621000100", "typklar": "Freistehende Einfamilienhäuser mit Gärten", "art": "Klimarelevante Bebauung" }, "geometry": { "type": "Polygon", "coordinates": [ [ [ 13.509524426876162, 52.406272424851309 ], [ 13.509753053503582, 52.40647955485332 ], [ 13.509997876853554, 52.406753442553168 ], [ 13.509751729620604, 52.406980126331064 ], [ 13.509751552909302, 52.407046868709109 ], [ 13.509974570198164, 52.407314061852546 ], [ 13.510180878126519, 52.407387342206562 ], [ 13.511396918120949, 52.406253029254628 ], [ 13.510686431359634, 52.405967453954055 ], [ 13.510654030689496, 52.405999775169327 ], [ 13.510386899049404, 52.405890772588023 ], [ 13.510422236071383, 52.405854860533225 ], [ 13.509725004585789, 52.405597155213925 ], [ 13.509326095393247, 52.406016289154145 ], [ 13.509524426876162, 52.406272424851309 ] ] ] } },
{ "type": "Feature", "properties": { "id": "te_kak_klimarelevante_bebauung_2022.1400832631000100", "schl5": "1400832631000100", "typklar": "Freistehende Einfamilienhäuser mit Gärten", "art": "Klimarelevante Bebauung" }, "geometry": { "type": "Polygon", "coordinates": [ [ [ 13.512344479681893, 52.404041425255791 ], [ 13.512393098283455, 52.40399564209492 ], [ 13.512661722581187, 52.404101944573135 ], [ 13.512629329393461, 52.404132467294211 ], [ 13.513355919571415, 52.40442164034571 ], [ 13.515457587032008, 52.402467234282589 ], [ 13.515096696643674, 52.402230544441402 ], [ 13.514926740364928, 52.40238109273637 ], [ 13.514850769943902, 52.402708871244471 ], [ 13.514253818009308, 52.403030026918437 ], [ 13.513836842485341, 52.403492296782915 ], [ 13.512949446730211, 52.403761080035203 ], [ 13.512449155505115, 52.403500155064137 ], [ 13.512000676404517, 52.403344213057693 ], [ 13.511597427168438, 52.403737850620743 ], [ 13.512344479681893, 52.404041425255791 ] ] ] } },
{ "type": "Feature", "properties": { "id": "te_kak_klimarelevante_bebauung_2022.1400832631000200", "schl5": "1400832631000200", "typklar": "Freistehende Einfamilienhäuser mit Gärten", "art": "Klimarelevante Bebauung" }, "geometry": { "type": "Polygon", "coordinates": [ [ [ 13.513238023904531, 52.402581709012779 ], [ 13.513463688316266, 52.402490004755485 ], [ 13.514581172261545, 52.402347061055387 ], [ 13.514853992175501, 52.402109405104113 ], [ 13.514790029336531, 52.402077480499017 ], [ 13.515308103858448, 52.401612040081041 ], [ 13.515142528991497, 52.401566335496625 ], [ 13.515124427456454, 52.401561679855469 ], [ 13.514879529168097, 52.40149476625286 ], [ 13.514639900859121, 52.401433340003436 ], [ 13.514105190461711, 52.40127999296606 ], [ 13.514104468240959, 52.401279793607308 ], [ 13.512901180242929, 52.402465139442143 ], [ 13.513238023904531, 52.402581709012779 ] ] ] } },
{ "type": "Feature", "properties": { "id": "te_kak_klimarelevante_bebauung_2022.1400832651000000", "schl5": "1400832651000000", "typklar": "Freistehende Einfamilienhäuser mit Gärten", "art": "Klimarelevante Bebauung" }, "geometry": { "type": "Polygon", "coordinates": [ [ [ 13.498420203871383, 52.39930552336164 ], [ 13.498593534612858, 52.399320090698211 ], [ 13.49855630096925, 52.399494392769405 ], [ 13.500669297848136, 52.399697422653418 ], [ 13.500709280917224, 52.399328831336 ], [ 13.500706272368106, 52.399328341711893 ], [ 13.500694145008667, 52.399326371783403 ], [ 13.500688715757997, 52.399325484474325 ], [ 13.498493526171499, 52.398968229963778 ], [ 13.498420203871383, 52.39930552336164 ] ] ] } },
{ "type": "Feature", "properties": { "id": "te_kak_klimarelevante_bebauung_2022.1400832661000000", "schl5": "1400832661000000", "typklar": "Freistehende Einfamilienhäuser mit Gärten", "art": "Klimarelevante Bebauung" }, "geometry": { "type": "Polygon", "coordinates": [ [ [ 13.498645803080189, 52.401049187246393 ], [ 13.499336275472199, 52.401080488959245 ], [ 13.499496167964077, 52.399635600500453 ], [ 13.498363755415973, 52.399523840125532 ], [ 13.497965735100122, 52.400993630657453 ], [ 13.498645803080189, 52.401049187246393 ] ] ] } },
{ "type": "Feature", "properties": { "id": "te_kak_klimarelevante_bebauung_2022.1400832671000100", "schl5": "1400832671000100", "typklar": "Freistehende Einfamilienhäuser mit Gärten", "art": "Klimarelevante Bebauung" }, "geometry": { "type": "Polygon", "coordinates": [ [ [ 13.499375018585592, 52.403105230783993 ], [ 13.499470099455394, 52.402734757237553 ], [ 13.499586897621187, 52.402076791937198 ], [ 13.499823430706936, 52.399669092595552 ], [ 13.499562252230277, 52.399645557305853 ], [ 13.499275350782916, 52.402337661556288 ], [ 13.499211295324919, 52.402637747153506 ], [ 13.499090161132052, 52.403079153366022 ], [ 13.498960020863244, 52.403467282340003 ], [ 13.499236019107515, 52.403487130916936 ], [ 13.499375018585592, 52.403105230783993 ] ] ] } },
{ "type": "Feature", "properties": { "id": "te_kak_klimarelevante_bebauung_2022.1400832681000000", "schl5": "1400832681000000", "typklar": "Freistehende Einfamilienhäuser mit Gärten", "art": "Klimarelevante Bebauung" }, "geometry": { "type": "Polygon", "coordinates": [ [ [ 13.498895324770947, 52.403462907472218 ], [ 13.499035505744219, 52.403063434283069 ], [ 13.499140735050936, 52.402645760557476 ], [ 13.499206197440532, 52.402355560625459 ], [ 13.499336161070769, 52.40112003049606 ], [ 13.49863983087095, 52.40108962092463 ], [ 13.497956804490705, 52.401033162664618 ], [ 13.497360356454275, 52.403419604079509 ], [ 13.498895324770947, 52.403462907472218 ] ] ] } },
{ "type": "Feature", "properties": { "id": "te_kak_klimarelevante_bebauung_2022.1400832701000000", "schl5": "1400832701000000", "typklar": "Freistehende Einfamilienhäuser mit Gärten", "art": "Klimarelevante Bebauung" }, "geometry": { "type": "Polygon", "coordinates": [ [ [ 13.497332772642109, 52.404022541009788 ], [ 13.497294558266892, 52.403445373261292 ], [ 13.49840792057811, 52.398952600874054 ], [ 13.49757511258116, 52.398816350932968 ], [ 13.497544739333176, 52.398811389447474 ], [ 13.496209812383951, 52.40404807911009 ], [ 13.497332772642109, 52.404022541009788 ] ] ] } },
{ "type": "Feature", "properties": { "id": "te_kak_klimarelevante_bebauung_2022.1400832771000000", "schl5": "1400832771000000", "typklar": "Freistehende Einfamilienhäuser mit Gärten", "art": "Klimarelevante Bebauung" }, "geometry": { "type": "Polygon", "coordinates": [ [ [ 13.510472378870213, 52.405798296339483 ], [ 13.510531248438989, 52.405762407456251 ], [ 13.510796899315938, 52.405866912590092 ], [ 13.510761571930438, 52.405899230228101 ], [ 13.51147352705577, 52.406176717190306 ], [ 13.512282206935334, 52.405411837146318 ], [ 13.510663186483132, 52.404764114405239 ], [ 13.510555895031152, 52.404774794437373 ], [ 13.509785424636176, 52.405530713772301 ], [ 13.510472378870213, 52.405798296339483 ] ] ] } },
{ "type": "Feature", "properties": { "id": "te_kak_klimarelevante_bebauung_2022.1400832781000000", "schl5": "1400832781000000", "typklar": "Freistehende Einfamilienhäuser mit Gärten", "art": "Klimarelevante Bebauung" }, "geometry": { "type": "Polygon", "coordinates": [ [ [ 13.512395762010732, 52.405251983739944 ], [ 13.51247661207071, 52.405238582150993 ], [ 13.513271975876037, 52.404496148558131 ], [ 13.51255124722335, 52.404208778650577 ], [ 13.512511513624599, 52.404236599752174 ], [ 13.512256084078237, 52.404133005696814 ], [ 13.512303273679079, 52.404084522536046 ], [ 13.511557648368578, 52.403779150314868 ], [ 13.510741528056803, 52.404586255630662 ], [ 13.512395762010732, 52.405251983739944 ] ] ] } },
{ "type": "Feature", "properties": { "id": "te_kak_klimarelevante_bebauung_2022.1400836001000100", "schl5": "1400836001000100", "typklar": "Freistehende Einfamilienhäuser mit Gärten", "art": "Klimarelevante Bebauung" }, "geometry": { "type": "Polygon", "coordinates": [ [ [ 13.490005991549628, 52.418026059964028 ], [ 13.490157139025451, 52.417961529918891 ], [ 13.490319723999043, 52.41790573045877 ], [ 13.490620959732054, 52.417833196480778 ], [ 13.491138113633502, 52.417758211896285 ], [ 13.491196629957622, 52.417704359300124 ], [ 13.49106410512108, 52.417256850608915 ], [ 13.490949809518712, 52.416917224153337 ], [ 13.490827658036824, 52.416623098417382 ], [ 13.489866284212205, 52.41809851057419 ], [ 13.490005991549628, 52.418026059964028 ] ] ] } },
{ "type": "Feature", "properties": { "id": "te_kak_klimarelevante_bebauung_2022.1400836001000300", "schl5": "1400836001000300", "typklar": "Wochenendhaus- und kleingartenähnliches Gebiet", "art": "Klimarelevante Bebauung" }, "geometry": { "type": "Polygon", "coordinates": [ [ [ 13.488240214931707, 52.419188227979845 ], [ 13.490370129254146, 52.415669004028437 ], [ 13.49026999550952, 52.415541097965836 ], [ 13.490013759366509, 52.415609819917563 ], [ 13.489054989336045, 52.41719144139492 ], [ 13.489091413107239, 52.417199751668413 ], [ 13.488988158177904, 52.417366333882562 ], [ 13.488953788380265, 52.41735910448984 ], [ 13.488461521710898, 52.41817083584592 ], [ 13.48847679639859, 52.418174178930677 ], [ 13.488394504950463, 52.418309422185494 ], [ 13.488379819193563, 52.418305540856309 ], [ 13.487926388581446, 52.41905332991066 ], [ 13.488240214931707, 52.419188227979845 ] ] ] } },
{ "type": "Feature", "properties": { "id": "te_kak_klimarelevante_bebauung_2022.1400836031000100", "schl5": "1400836031000100", "typklar": "Freistehende Einfamilienhäuser mit Gärten", "art": "Klimarelevante Bebauung" }, "geometry": { "type": "Polygon", "coordinates": [ [ [ 13.518886347304871, 52.420902013378722 ], [ 13.519019958253898, 52.420877871995671 ], [ 13.519139745885779, 52.42063455167068 ], [ 13.519193511601362, 52.420425281583576 ], [ 13.519237250884624, 52.420167937351337 ], [ 13.519151049297209, 52.420158555266973 ], [ 13.519176732788253, 52.420025235333441 ], [ 13.519288298426572, 52.420033089213767 ], [ 13.519289673837717, 52.419886746912873 ], [ 13.517974601679562, 52.419590434659867 ], [ 13.517270275589128, 52.420211644398947 ], [ 13.518886347304871, 52.420902013378722 ] ] ] } },
{ "type": "Feature", "properties": { "id": "te_kak_klimarelevante_bebauung_2022.1400836031000200", "schl5": "1400836031000200", "typklar": "Freistehende Einfamilienhäuser mit Gärten", "art": "Klimarelevante Bebauung" }, "geometry": { "type": "Polygon", "coordinates": [ [ [ 13.519913375199122, 52.421346719890508 ], [ 13.519930940794888, 52.421325775593864 ], [ 13.520166147647824, 52.421036533277714 ], [ 13.520180950442827, 52.421027638599206 ], [ 13.520181107932515, 52.421027450734464 ], [ 13.520192782812389, 52.421020528784929 ], [ 13.520498948295874, 52.420836560585286 ], [ 13.520580904581456, 52.420490880328252 ], [ 13.520647261127618, 52.420194364778489 ], [ 13.519289673837717, 52.419886746912873 ], [ 13.519288298426572, 52.420033089213767 ], [ 13.519397320587926, 52.420044041827794 ], [ 13.519358734924356, 52.420268830122893 ], [ 13.519284394401625, 52.420595920661022 ], [ 13.519235889764238, 52.420727669045178 ], [ 13.519197626632728, 52.420819114597151 ], [ 13.519062391651037, 52.421027147487628 ], [ 13.519101030142863, 52.421042299537433 ], [ 13.519913375199122, 52.421346719890508 ] ] ] } },
{ "type": "Feature", "properties": { "id": "te_kak_klimarelevante_bebauung_2022.1400836051000000", "schl5": "1400836051000000", "typklar": "Freistehende Einfamilienhäuser mit Gärten", "art": "Klimarelevante Bebauung" }, "geometry": { "type": "Polygon", "coordinates": [ [ [ 13.483813870017203, 52.406321607680376 ], [ 13.483815113353547, 52.406386439844489 ], [ 13.484865076184411, 52.407042335504798 ], [ 13.485285785400693, 52.406881338178273 ], [ 13.486860794742649, 52.406206362173108 ], [ 13.486257533648418, 52.405596762740082 ], [ 13.485704835964931, 52.405202488349602 ], [ 13.483813870017203, 52.406321607680376 ] ] ] } },
{ "type": "Feature", "properties": { "id": "te_kak_klimarelevante_bebauung_2022.1400836081000200", "schl5": "1400836081000200", "typklar": "Freistehende Einfamilienhäuser mit Gärten", "art": "Klimarelevante Bebauung" }, "geometry": { "type": "Polygon", "coordinates": [ [ [ 13.511459633082868, 52.407824396593824 ], [ 13.513522585675396, 52.405897414146771 ], [ 13.512426102626241, 52.405451517746691 ], [ 13.510353529206677, 52.407396206539325 ], [ 13.511459633082868, 52.407824396593824 ] ] ] } },
{ "type": "Feature", "properties": { "id": "te_kak_klimarelevante_bebauung_2022.1400836101000000", "schl5": "1400836101000000", "typklar": "Freistehende Einfamilienhäuser mit Gärten", "art": "Klimarelevante Bebauung" }, "geometry": { "type": "Polygon", "coordinates": [ [ [ 13.513355058322141, 52.406991168652944 ], [ 13.514747115735442, 52.405689190496226 ], [ 13.514154052901084, 52.405465757368724 ], [ 13.511345079711269, 52.408099742569952 ], [ 13.511358140528104, 52.408153675664202 ], [ 13.511899862989859, 52.408359099213598 ], [ 13.511972061200721, 52.408284579885958 ], [ 13.513355058322141, 52.406991168652944 ] ] ] } },
{ "type": "Feature", "properties": { "id": "te_kak_klimarelevante_bebauung_2022.1400836111000000", "schl5": "1400836111000000", "typklar": "Freistehende Einfamilienhäuser mit Gärten", "art": "Klimarelevante Bebauung" }, "geometry": { "type": "Polygon", "coordinates": [ [ [ 13.513536325540164, 52.405696124973367 ], [ 13.515729372823548, 52.403636657630294 ], [ 13.515792749293833, 52.40356302681802 ], [ 13.5158783755186, 52.403405839537804 ], [ 13.515899127422886, 52.403324079593283 ], [ 13.515906683344229, 52.403240509496058 ], [ 13.515876275033975, 52.403076026474565 ], [ 13.515839743557118, 52.402996009959793 ], [ 13.515636188557982, 52.402712738025137 ], [ 13.515467449096874, 52.402635295004252 ], [ 13.512570455994664, 52.405314160893845 ], [ 13.513536325540164, 52.405696124973367 ] ] ] } },
{ "type": "Feature", "properties": { "id": "te_kak_klimarelevante_bebauung_2022.1400836121000000", "schl5": "1400836121000000", "typklar": "Freistehende Einfamilienhäuser mit Gärten", "art": "Klimarelevante Bebauung" }, "geometry": { "type": "Polygon", "coordinates": [ [ [ 13.517039520073963, 52.403563538045063 ], [ 13.516651705101957, 52.403333942389743 ], [ 13.516651759142789, 52.403333862056833 ], [ 13.516648453441844, 52.403331969393982 ], [ 13.51686490234014, 52.403013416216133 ], [ 13.516979565333386, 52.402838627172621 ], [ 13.516925441090738, 52.402803080582011 ], [ 13.516719931423085, 52.40266817977183 ], [ 13.51666652751692, 52.402633082663037 ], [ 13.516445760987548, 52.402488099684618 ], [ 13.516407328087086, 52.402462900752035 ], [ 13.516171460539651, 52.40230801731272 ], [ 13.515984868976318, 52.402185535626437 ], [ 13.515991547749714, 52.40204696756053 ], [ 13.516001177674797, 52.401835788365943 ], [ 13.516003202489463, 52.401787715097406 ], [ 13.516002197639652, 52.40178745310341 ], [ 13.515856820837419, 52.401750097844847 ], [ 13.515612345988488, 52.401687147179693 ], [ 13.515405862911129, 52.401634060307167 ], [ 13.515118172269847, 52.401885473718806 ], [ 13.515228245216235, 52.401933207401115 ], [ 13.515067637653317, 52.402101106591047 ], [ 13.515276057149885, 52.40220554992532 ], [ 13.515435900816113, 52.402318034058951 ], [ 13.515559025405965, 52.402425990164076 ], [ 13.515778820899369, 52.402663445179748 ], [ 13.515957419594878, 52.402943099313987 ], [ 13.51600271060356, 52.403032108979637 ], [ 13.516033358568322, 52.403123802055198 ], [ 13.516046325727851, 52.403217276375912 ], [ 13.516043150984606, 52.403316127030351 ], [ 13.516025312721055, 52.403403281375581 ], [ 13.515989787427852, 52.403494014210295 ], [ 13.515939633552257, 52.403582035069206 ], [ 13.515874794282748, 52.403666450409013 ], [ 13.514132433721823, 52.405295888145368 ], [ 13.514157249892353, 52.405355222211334 ], [ 13.514535984984656, 52.405502965146063 ], [ 13.514619916785628, 52.40542845499904 ], [ 13.514898830345492, 52.405543749518657 ], [ 13.517039520073963, 52.403563538045063 ] ] ] } },
{ "type": "Feature", "properties": { "id": "te_kak_klimarelevante_bebauung_2022.1400836141000000", "schl5": "1400836141000000", "typklar": "Freistehende Einfamilienhäuser mit Gärten", "art": "Klimarelevante Bebauung" }, "geometry": { "type": "Polygon", "coordinates": [ [ [ 13.496096502561658, 52.42589333387496 ], [ 13.496405538532397, 52.425875780279775 ], [ 13.496688630664403, 52.425832349588823 ], [ 13.496971776493732, 52.425771023928036 ], [ 13.497271298841207, 52.42566995021069 ], [ 13.497469989239974, 52.425570752907483 ], [ 13.497696043341188, 52.425434411910203 ], [ 13.498837806879994, 52.424576527439875 ], [ 13.499001423740571, 52.424430221150594 ], [ 13.499150313741008, 52.424273115496327 ], [ 13.499247810262506, 52.424115954295353 ], [ 13.499307099100879, 52.423946170956015 ], [ 13.499324589323582, 52.423769693633723 ], [ 13.49931897967779, 52.423604067558671 ], [ 13.499276926903407, 52.423408628347516 ], [ 13.498741101663558, 52.423441545505888 ], [ 13.498646702613202, 52.423454469983866 ], [ 13.49854005317777, 52.423493432579797 ], [ 13.498477753993956, 52.423532784823919 ], [ 13.497577186736917, 52.424350490325125 ], [ 13.497267858271885, 52.424579312447911 ], [ 13.497080923156538, 52.424662683456724 ], [ 13.496941116553343, 52.424715550434215 ], [ 13.496692577565652, 52.42475212388387 ], [ 13.496499951760622, 52.424769884603201 ], [ 13.495689939822149, 52.424781572212687 ], [ 13.495696075221744, 52.425191370172207 ], [ 13.495683812462035, 52.425360306141975 ], [ 13.495658329975374, 52.425526531214238 ], [ 13.495572903142937, 52.425876847796381 ], [ 13.496096502561658, 52.42589333387496 ] ] ] } },
{ "type": "Feature", "properties": { "id": "te_kak_klimarelevante_bebauung_2022.1400836221000100", "schl5": "1400836221000100", "typklar": "Freistehende Einfamilienhäuser mit Gärten", "art": "Klimarelevante Bebauung" }, "geometry": { "type": "Polygon", "coordinates": [ [ [ 13.488010775691507, 52.412281492499986 ], [ 13.488237614057324, 52.412206279629252 ], [ 13.489007505546033, 52.411866551507174 ], [ 13.488769451424735, 52.411649618585137 ], [ 13.487834403636986, 52.412022539868559 ], [ 13.488010775691507, 52.412281492499986 ] ] ] } },
{ "type": "Feature", "properties": { "id": "te_kak_klimarelevante_bebauung_2022.1400836231000000", "schl5": "1400836231000000", "typklar": "Freistehende Einfamilienhäuser mit Gärten", "art": "Klimarelevante Bebauung" }, "geometry": { "type": "Polygon", "coordinates": [ [ [ 13.487394974096993, 52.41024255843346 ], [ 13.487404093931252, 52.410291378275979 ], [ 13.489047248558466, 52.411799648536032 ], [ 13.489420822711772, 52.411222645802347 ], [ 13.487666319833782, 52.409796262472184 ], [ 13.487394974096993, 52.41024255843346 ] ] ] } },
{ "type": "Feature", "properties": { "id": "te_kak_klimarelevante_bebauung_2022.1400836241000000", "schl5": "1400836241000000", "typklar": "Freistehende Einfamilienhäuser mit Gärten", "art": "Klimarelevante Bebauung" }, "geometry": { "type": "Polygon", "coordinates": [ [ [ 13.488956999804392, 52.410751601552995 ], [ 13.489569109109802, 52.410477077739799 ], [ 13.48794793625461, 52.409146702617278 ], [ 13.487632888092714, 52.409694530799108 ], [ 13.488956999804392, 52.410751601552995 ] ] ] } },
{ "type": "Feature", "properties": { "id": "te_kak_klimarelevante_bebauung_2022.1400836261000100", "schl5": "1400836261000100", "typklar": "Freistehende Einfamilienhäuser mit Gärten", "art": "Klimarelevante Bebauung" }, "geometry": { "type": "Polygon", "coordinates": [ [ [ 13.477992042074119, 52.442087112556685 ], [ 13.479430328429887, 52.441389596742987 ], [ 13.478546251357653, 52.440519246059516 ], [ 13.477015857446283, 52.441175894321908 ], [ 13.477992042074119, 52.442087112556685 ] ] ] } },
{ "type": "Feature", "properties": { "id": "te_kak_klimarelevante_bebauung_2022.1400836261000300", "schl5": "1400836261000300", "typklar": "Freistehende Einfamilienhäuser mit Gärten", "art": "Klimarelevante Bebauung" }, "geometry": { "type": "Polygon", "coordinates": [ [ [ 13.475219362329543, 52.439338376786104 ], [ 13.475894546638829, 52.439173155061667 ], [ 13.476666850743904, 52.438972635523712 ], [ 13.475838076354325, 52.438342135882991 ], [ 13.474692144599965, 52.438896042609741 ], [ 13.475219362329543, 52.439338376786104 ] ] ] } },
{ "type": "Feature", "properties": { "id": "te_kak_klimarelevante_bebauung_2022.1400836271000000", "schl5": "1400836271000000", "typklar": "Freistehende Einfamilienhäuser mit Gärten", "art": "Klimarelevante Bebauung" }, "geometry": { "type": "Polygon", "coordinates": [ [ [ 13.514687699558651, 52.415781177147849 ], [ 13.515680735641174, 52.415995996858264 ], [ 13.515770467279022, 52.415964626973867 ], [ 13.516614266454196, 52.414516223594639 ], [ 13.51656894827514, 52.414458056197397 ], [ 13.515920055244617, 52.41433548489438 ], [ 13.514457418613485, 52.415603022056857 ], [ 13.514448426798991, 52.415684793642399 ], [ 13.514687699558651, 52.415781177147849 ] ] ] } },
{ "type": "Feature", "properties": { "id": "te_kak_klimarelevante_bebauung_2022.1400836281000000", "schl5": "1400836281000000", "typklar": "Freistehende Einfamilienhäuser mit Gärten", "art": "Klimarelevante Bebauung" }, "geometry": { "type": "Polygon", "coordinates": [ [ [ 13.516741034140724, 52.414544738933131 ], [ 13.515943778667976, 52.415992646762746 ], [ 13.515977455112612, 52.41606187743205 ], [ 13.516886749771819, 52.416249647842442 ], [ 13.517002923489407, 52.416214706618938 ], [ 13.517814838173942, 52.41476950214539 ], [ 13.517766891604742, 52.414706830994064 ], [ 13.516845711486711, 52.414516439210871 ], [ 13.516741034140724, 52.414544738933131 ] ] ] } },
{ "type": "Feature", "properties": { "id": "te_kak_klimarelevante_bebauung_2022.1400836291000000", "schl5": "1400836291000000", "typklar": "Freistehende Einfamilienhäuser mit Gärten", "art": "Klimarelevante Bebauung" }, "geometry": { "type": "Polygon", "coordinates": [ [ [ 13.517933820171429, 52.414803759192395 ], [ 13.517142470913466, 52.416245389518181 ], [ 13.517173202012636, 52.416308326890558 ], [ 13.51812217088826, 52.41650421250587 ], [ 13.518241302729331, 52.416465678343187 ], [ 13.519032547818158, 52.415030331532087 ], [ 13.51899790456906, 52.414958150443397 ], [ 13.518043668674935, 52.414760156565954 ], [ 13.517933820171429, 52.414803759192395 ] ] ] } },
{ "type": "Feature", "properties": { "id": "te_kak_klimarelevante_bebauung_2022.1400836311000100", "schl5": "1400836311000100", "typklar": "Reihen- und Doppelhäuser mit Gärten", "art": "Klimarelevante Bebauung" }, "geometry": { "type": "Polygon", "coordinates": [ [ [ 13.482989437568014, 52.404927794477878 ], [ 13.483521108775536, 52.404008477811161 ], [ 13.484239395637312, 52.404153991083348 ], [ 13.484231597914105, 52.404123216017332 ], [ 13.484346981836172, 52.40388161377129 ], [ 13.485421015830354, 52.402055906318274 ], [ 13.48551402725159, 52.4019149265403 ], [ 13.485704052866049, 52.401761479894141 ], [ 13.485896756818434, 52.401688019193628 ], [ 13.486340790016353, 52.401587896650675 ], [ 13.486396835377082, 52.40152056397983 ], [ 13.486063634749643, 52.400958498839763 ], [ 13.48545206159012, 52.40107549535621 ], [ 13.485241778071623, 52.401132758176132 ], [ 13.484822599138951, 52.40127244872874 ], [ 13.484469413416656, 52.401449061826192 ], [ 13.484273578661403, 52.401580930596047 ], [ 13.48405841104249, 52.401785568179754 ], [ 13.483959571726446, 52.401909466240447 ], [ 13.482478948496045, 52.404492242136271 ], [ 13.482380875854993, 52.404691105175466 ], [ 13.482316301668138, 52.404900615773506 ], [ 13.482316375874028, 52.405100436761209 ], [ 13.482350792842142, 52.40523280476765 ], [ 13.482394042144804, 52.40532877223707 ], [ 13.482460486616045, 52.4054363123619 ], [ 13.482531366199416, 52.405519879660986 ], [ 13.482664569727735, 52.405639046256752 ], [ 13.482803607962644, 52.405750227028051 ], [ 13.482938355806183, 52.405841864271267 ], [ 13.482989437568014, 52.404927794477878 ] ] ] } },
{ "type": "Feature", "properties": { "id": "te_kak_klimarelevante_bebauung_2022.1400836311000200", "schl5": "1400836311000200", "typklar": "Freistehende Einfamilienhäuser mit Gärten", "art": "Klimarelevante Bebauung" }, "geometry": { "type": "Polygon", "coordinates": [ [ [ 13.48359917107917, 52.406255628842466 ], [ 13.483709522910603, 52.406258426367231 ], [ 13.485579835329588, 52.40513695095585 ], [ 13.484465568941184, 52.404472181669931 ], [ 13.484351222622605, 52.404390266419078 ], [ 13.484270771311824, 52.404277836387585 ], [ 13.484239395637312, 52.404153991083348 ], [ 13.483521108775536, 52.404008477811161 ], [ 13.482989437568014, 52.404927794477878 ], [ 13.482938355806183, 52.405841864271267 ], [ 13.48359917107917, 52.406255628842466 ] ] ] } },
{ "type": "Feature", "properties": { "id": "te_kak_klimarelevante_bebauung_2022.1400836321000000", "schl5": "1400836321000000", "typklar": "Reihen- und Doppelhäuser mit Gärten", "art": "Klimarelevante Bebauung" }, "geometry": { "type": "Polygon", "coordinates": [ [ [ 13.486412479025367, 52.401683241437148 ], [ 13.486052317127433, 52.401744820849999 ], [ 13.485883185493762, 52.401797639790175 ], [ 13.485734543757577, 52.401874748914715 ], [ 13.48562992754832, 52.401968984491219 ], [ 13.485556120494135, 52.402076737288908 ], [ 13.485186727172497, 52.402726034900212 ], [ 13.485239394837699, 52.402796194287845 ], [ 13.485386274014049, 52.402811646778034 ], [ 13.48557142289728, 52.402806474606137 ], [ 13.485747790376179, 52.402789611763524 ], [ 13.485933012940757, 52.402761074690901 ], [ 13.48693586654556, 52.40250794106128 ], [ 13.486507893252844, 52.401711213635643 ], [ 13.486412479025367, 52.401683241437148 ] ] ] } },
{ "type": "Feature", "properties": { "id": "te_kak_klimarelevante_bebauung_2022.1400836331000000", "schl5": "1400836331000000", "typklar": "Freistehende Einfamilienhäuser mit Gärten", "art": "Klimarelevante Bebauung" }, "geometry": { "type": "Polygon", "coordinates": [ [ [ 13.487569801090585, 52.401358391718681 ], [ 13.487683217025939, 52.401267758296605 ], [ 13.487975759042914, 52.401215978753562 ], [ 13.488040051310907, 52.40132838841425 ], [ 13.488453139292416, 52.401255182614037 ], [ 13.488121300154146, 52.400625887047518 ], [ 13.488015394443973, 52.400571312908156 ], [ 13.486281213307706, 52.40091652032477 ], [ 13.486598061157277, 52.401539674378355 ], [ 13.487569801090585, 52.401358391718681 ] ] ] } },
{ "type": "Feature", "properties": { "id": "te_kak_klimarelevante_bebauung_2022.1400836381000200", "schl5": "1400836381000200", "typklar": "Freistehende Einfamilienhäuser mit Gärten", "art": "Klimarelevante Bebauung" }, "geometry": { "type": "Polygon", "coordinates": [ [ [ 13.491920709602693, 52.417297277387931 ], [ 13.492239331624056, 52.417257109731182 ], [ 13.492187985353146, 52.417080463682161 ], [ 13.491842901397282, 52.417123655395528 ], [ 13.491712244580526, 52.416833048226096 ], [ 13.491429810583304, 52.416203691570324 ], [ 13.491140560564716, 52.415561314322098 ], [ 13.490999783335329, 52.415228919423264 ], [ 13.490996923424948, 52.415225127329002 ], [ 13.490512650263007, 52.415307720321209 ], [ 13.490414280363543, 52.415371775696471 ], [ 13.490799108876079, 52.416204563416187 ], [ 13.491031109035454, 52.416753916902998 ], [ 13.491241456225325, 52.417176532582346 ], [ 13.491323260758628, 52.417636483066921 ], [ 13.492051834926849, 52.417556949149002 ], [ 13.491920709602693, 52.417297277387931 ] ] ] } },
{ "type": "Feature", "properties": { "id": "te_kak_klimarelevante_bebauung_2022.1400836411000400", "schl5": "1400836411000400", "typklar": "Reihen- und Doppelhäuser mit Gärten", "art": "Klimarelevante Bebauung" }, "geometry": { "type": "Polygon", "coordinates": [ [ [ 13.501022090532578, 52.420069871246334 ], [ 13.501024091835202, 52.420068271926894 ], [ 13.50190514055093, 52.41928252974369 ], [ 13.501214097250934, 52.418992877157322 ], [ 13.500506125744097, 52.419131677260523 ], [ 13.499944047578742, 52.419633380113062 ], [ 13.501022090532578, 52.420069871246334 ] ] ] } },
{ "type": "Feature", "properties": { "id": "te_kak_klimarelevante_bebauung_2022.1400836431000100", "schl5": "1400836431000100", "typklar": "Freistehende Einfamilienhäuser mit Gärten", "art": "Klimarelevante Bebauung" }, "geometry": { "type": "Polygon", "coordinates": [ [ [ 13.508419657507817, 52.411590107447175 ], [ 13.509104881526481, 52.410948892356259 ], [ 13.508498943686401, 52.410766875209518 ], [ 13.506358276011969, 52.412753468926091 ], [ 13.506926627799663, 52.412987167890634 ], [ 13.508419657507817, 52.411590107447175 ] ] ] } },
{ "type": "Feature", "properties": { "id": "te_kak_klimarelevante_bebauung_2022.1400836431000200", "schl5": "1400836431000200", "typklar": "Reihen- und Doppelhäuser mit Gärten", "art": "Klimarelevante Bebauung" }, "geometry": { "type": "Polygon", "coordinates": [ [ [ 13.511518914502192, 52.413176490397191 ], [ 13.512604154997472, 52.41217462694393 ], [ 13.512594021343851, 52.41212429403754 ], [ 13.511281517127506, 52.411602689167111 ], [ 13.510582952452625, 52.412251883767794 ], [ 13.510051019225672, 52.412746207025528 ], [ 13.511518914502192, 52.413176490397191 ] ] ] } },
{ "type": "Feature", "properties": { "id": "te_kak_klimarelevante_bebauung_2022.1400836441000000", "schl5": "1400836441000000", "typklar": "Freistehende Einfamilienhäuser mit Gärten", "art": "Klimarelevante Bebauung" }, "geometry": { "type": "Polygon", "coordinates": [ [ [ 13.49643362062886, 52.414360549982305 ], [ 13.496333605247305, 52.414386500255816 ], [ 13.496333115028747, 52.414552753198812 ], [ 13.496248821259877, 52.414729699629127 ], [ 13.495808161867986, 52.415142600123737 ], [ 13.495829876493126, 52.415254957833724 ], [ 13.496336275835287, 52.415473892439557 ], [ 13.496509686605853, 52.415479476874928 ], [ 13.49755271811769, 52.415098007141609 ], [ 13.497591260580547, 52.415021444056649 ], [ 13.497510808826293, 52.41488296006375 ], [ 13.49749504691556, 52.414751736760287 ], [ 13.497918709126074, 52.412599890123147 ], [ 13.496926952669746, 52.412520619613332 ], [ 13.496419991301128, 52.412502088513605 ], [ 13.496080479737634, 52.412512497171384 ], [ 13.495196885313138, 52.412633739559226 ], [ 13.49643362062886, 52.414360549982305 ] ] ] } },
{ "type": "Feature", "properties": { "id": "te_kak_klimarelevante_bebauung_2022.1400836451000000", "schl5": "1400836451000000", "typklar": "Freistehende Einfamilienhäuser mit Gärten", "art": "Klimarelevante Bebauung" }, "geometry": { "type": "Polygon", "coordinates": [ [ [ 13.495490797312995, 52.415112592509452 ], [ 13.496041803054464, 52.414659374709196 ], [ 13.496118693304721, 52.414501292896844 ], [ 13.496136760071336, 52.414354830013238 ], [ 13.496074021997206, 52.414201089439572 ], [ 13.494992486372368, 52.412674848702238 ], [ 13.494471781779509, 52.412828838377145 ], [ 13.494173073409014, 52.412953417937501 ], [ 13.49383016905122, 52.413113896239373 ], [ 13.493512111174544, 52.413319331992305 ], [ 13.492847149432517, 52.413941725076903 ], [ 13.495490797312995, 52.415112592509452 ] ] ] } },
{ "type": "Feature", "properties": { "id": "te_kak_klimarelevante_bebauung_2022.1400836471000000", "schl5": "1400836471000000", "typklar": "Reihen- und Doppelhäuser mit Gärten", "art": "Klimarelevante Bebauung" }, "geometry": { "type": "Polygon", "coordinates": [ [ [ 13.502160894935603, 52.40345250701877 ], [ 13.502924190237771, 52.403736109279969 ], [ 13.504174245408597, 52.402468219351832 ], [ 13.504236960572216, 52.402459900473936 ], [ 13.504368135028393, 52.402328494397935 ], [ 13.504356544178366, 52.402301502941825 ], [ 13.50362129646437, 52.402035683359848 ], [ 13.502160894935603, 52.40345250701877 ] ] ] } },
{ "type": "Feature", "properties": { "id": "te_kak_klimarelevante_bebauung_2022.1400836481000000", "schl5": "1400836481000000", "typklar": "Freistehende Einfamilienhäuser mit Gärten", "art": "Klimarelevante Bebauung" }, "geometry": { "type": "Polygon", "coordinates": [ [ [ 13.485692516603798, 52.403075322752898 ], [ 13.486256338409683, 52.404122044385595 ], [ 13.486735672785015, 52.404482080247902 ], [ 13.487227558845641, 52.404591401335772 ], [ 13.486567147832103, 52.405731032194879 ], [ 13.486976834840275, 52.406162581653383 ], [ 13.488574704649182, 52.405610276410108 ], [ 13.486982624735951, 52.402589775438017 ], [ 13.485887108386748, 52.402872454267758 ], [ 13.485741585009862, 52.402892951070399 ], [ 13.485660590613762, 52.402950369354315 ], [ 13.485692516603798, 52.403075322752898 ] ] ] } },
{ "type": "Feature", "properties": { "id": "te_kak_klimarelevante_bebauung_2022.1400836491000500", "schl5": "1400836491000500", "typklar": "Freistehende Einfamilienhäuser mit Gärten", "art": "Klimarelevante Bebauung" }, "geometry": { "type": "Polygon", "coordinates": [ [ [ 13.505163350995165, 52.40959252700474 ], [ 13.507851956788041, 52.406818234283421 ], [ 13.507389408917669, 52.406554111388502 ], [ 13.507101551856111, 52.406846449324057 ], [ 13.506776304610725, 52.4067684441236 ], [ 13.506617826524529, 52.407013486422279 ], [ 13.506747275572497, 52.407178433628609 ], [ 13.50579165220184, 52.408110547130462 ], [ 13.504808138612963, 52.409070933304861 ], [ 13.503722893120507, 52.408656330898197 ], [ 13.504714225905516, 52.407690300917338 ], [ 13.50630477684294, 52.406137428971149 ], [ 13.505823027529958, 52.405958190472766 ], [ 13.502968783177753, 52.408751791236448 ], [ 13.505163350995165, 52.40959252700474 ] ], [ [ 13.506942330479593, 52.40701620366665 ], [ 13.506995968395367, 52.406995625252172 ], [ 13.507049553319877, 52.406994465150518 ], [ 13.507124955194001, 52.406998183103404 ], [ 13.507192358700017, 52.407023738319779 ], [ 13.50731912884569, 52.407112465764456 ], [ 13.50737850111914, 52.407173209575276 ], [ 13.507394222558172, 52.407230268782811 ], [ 13.507376210745315, 52.407286080251858 ], [ 13.507336390159862, 52.407334587082346 ], [ 13.507294675128293, 52.407349108746274 ], [ 13.507193451418834, 52.407353861716302 ], [ 13.507124046047162, 52.407334372699118 ], [ 13.507046738391756, 52.40730152464748 ], [ 13.506987349686455, 52.407246848564569 ], [ 13.506937931823266, 52.407175191005088 ], [ 13.506916436929082, 52.407051373522364 ], [ 13.506942330479593, 52.40701620366665 ] ] ] } },
{ "type": "Feature", "properties": { "id": "te_kak_klimarelevante_bebauung_2022.1400836501000000", "schl5": "1400836501000000", "typklar": "Reihen- und Doppelhäuser mit Gärten", "art": "Klimarelevante Bebauung" }, "geometry": { "type": "Polygon", "coordinates": [ [ [ 13.501272868539077, 52.403106812564616 ], [ 13.502024876814575, 52.403392204398841 ], [ 13.503473926507203, 52.401977684261858 ], [ 13.502721932566091, 52.401692301691114 ], [ 13.501272868539077, 52.403106812564616 ] ] ] } },
{ "type": "Feature", "properties": { "id": "te_kak_klimarelevante_bebauung_2022.1400836511000300", "schl5": "1400836511000300", "typklar": "Freistehende Einfamilienhäuser mit Gärten", "art": "Klimarelevante Bebauung" }, "geometry": { "type": "Polygon", "coordinates": [ [ [ 13.498174965108031, 52.42883641544767 ], [ 13.498298765432416, 52.428988440358751 ], [ 13.500591402869247, 52.427970991020644 ], [ 13.500684154481998, 52.428054682985412 ], [ 13.501592340471529, 52.427805220171102 ], [ 13.500754487317501, 52.42729428489455 ], [ 13.499601207082344, 52.428000367229309 ], [ 13.499342028620047, 52.428143874509566 ], [ 13.498963775658106, 52.428296239869574 ], [ 13.498567757142675, 52.428494417307078 ], [ 13.498086218015722, 52.428709829125239 ], [ 13.498174965108031, 52.42883641544767 ] ] ] } },
{ "type": "Feature", "properties": { "id": "te_kak_klimarelevante_bebauung_2022.1400836521000100", "schl5": "1400836521000100", "typklar": "Verdichtung im Einzelhausgebiet, Mischbebauung mit Garten und halbprivater Umgrünung (1870er bis heute)", "art": "Klimarelevante Bebauung" }, "geometry": { "type": "Polygon", "coordinates": [ [ [ 13.507275934330227, 52.422311728353748 ], [ 13.5086713277882, 52.422703150254257 ], [ 13.509292872519355, 52.422799028792973 ], [ 13.509822751876131, 52.421417859724052 ], [ 13.509773898442091, 52.421363890810653 ], [ 13.508959517018116, 52.421246997297516 ], [ 13.507235341650841, 52.420956569368691 ], [ 13.506092018099741, 52.420615072858141 ], [ 13.505707892465498, 52.421604175662665 ], [ 13.505546236408218, 52.421851330346726 ], [ 13.507275934330227, 52.422311728353748 ] ] ] } },
{ "type": "Feature", "properties": { "id": "te_kak_klimarelevante_bebauung_2022.1400836521000200", "schl5": "1400836521000200", "typklar": "Freistehende Einfamilienhäuser mit Gärten", "art": "Klimarelevante Bebauung" }, "geometry": { "type": "Polygon", "coordinates": [ [ [ 13.508959517018116, 52.421246997297516 ], [ 13.508998953838789, 52.421143897523038 ], [ 13.509624310411096, 52.421231081388122 ], [ 13.509711761434755, 52.42119740176387 ], [ 13.510318566448545, 52.419576525540442 ], [ 13.509839266162141, 52.419612896928122 ], [ 13.507659926309717, 52.419815718151028 ], [ 13.507235341650841, 52.420956569368691 ], [ 13.508959517018116, 52.421246997297516 ] ] ] } },
{ "type": "Feature", "properties": { "id": "te_kak_klimarelevante_bebauung_2022.1400836551000000", "schl5": "1400836551000000", "typklar": "Reihen- und Doppelhäuser mit Gärten", "art": "Klimarelevante Bebauung" }, "geometry": { "type": "Polygon", "coordinates": [ [ [ 13.468784636998384, 52.419103447389972 ], [ 13.469327447100582, 52.419086147639391 ], [ 13.469300285853166, 52.418253522447465 ], [ 13.468795016920817, 52.418247787007878 ], [ 13.468781108552662, 52.418274685017117 ], [ 13.46865599550971, 52.418571345417533 ], [ 13.468602767920121, 52.418697637755095 ], [ 13.468588111090549, 52.418732306529783 ], [ 13.468533554966069, 52.418861278966268 ], [ 13.468487015538715, 52.418971932392481 ], [ 13.468474649759235, 52.419001341187759 ], [ 13.468458845225641, 52.419038946127706 ], [ 13.468784636998384, 52.419103447389972 ] ] ] } },
{ "type": "Feature", "properties": { "id": "te_kak_klimarelevante_bebauung_2022.1400836561000000", "schl5": "1400836561000000", "typklar": "Reihen- und Doppelhäuser mit Gärten", "art": "Klimarelevante Bebauung" }, "geometry": { "type": "Polygon", "coordinates": [ [ [ 13.471210825813584, 52.41903638787138 ], [ 13.471197925878025, 52.41894380838027 ], [ 13.471825616268724, 52.418922165954463 ], [ 13.471769142858404, 52.418260672130046 ], [ 13.469378614414069, 52.418253626714872 ], [ 13.469408804549436, 52.419082571462219 ], [ 13.471210825813584, 52.41903638787138 ] ] ] } },
{ "type": "Feature", "properties": { "id": "te_kak_klimarelevante_bebauung_2022.1400836591000000", "schl5": "1400836591000000", "typklar": "Freistehende Einfamilienhäuser mit Gärten", "art": "Klimarelevante Bebauung" }, "geometry": { "type": "Polygon", "coordinates": [ [ [ 13.517349918042184, 52.414521961036591 ], [ 13.520093537506421, 52.412120574506766 ], [ 13.520070926559121, 52.412058794170541 ], [ 13.519039422925683, 52.411624389932435 ], [ 13.51893356531968, 52.411644061519823 ], [ 13.515961956268297, 52.414237624069479 ], [ 13.517349918042184, 52.414521961036591 ] ] ] } },
{ "type": "Feature", "properties": { "id": "te_kak_klimarelevante_bebauung_2022.1400836601000000", "schl5": "1400836601000000", "typklar": "Freistehende Einfamilienhäuser mit Gärten", "art": "Klimarelevante Bebauung" }, "geometry": { "type": "Polygon", "coordinates": [ [ [ 13.520516685861526, 52.412486476782924 ], [ 13.520699833098229, 52.412326851812175 ], [ 13.52025282499155, 52.412132895665884 ], [ 13.51750276148524, 52.41455242817829 ], [ 13.518027379114146, 52.414661580839564 ], [ 13.520516685861526, 52.412486476782924 ] ] ] } },
{ "type": "Feature", "properties": { "id": "te_kak_klimarelevante_bebauung_2022.1400836611000000", "schl5": "1400836611000000", "typklar": "Freistehende Einfamilienhäuser mit Gärten", "art": "Klimarelevante Bebauung" }, "geometry": { "type": "Polygon", "coordinates": [ [ [ 13.514842552727648, 52.418066883945627 ], [ 13.514978534679267, 52.41807474835278 ], [ 13.515045091382964, 52.418020663216744 ], [ 13.515610636013738, 52.417002066668083 ], [ 13.515617039298181, 52.416971131403834 ], [ 13.515601342496581, 52.4169247048264 ], [ 13.515535887355924, 52.416899918081732 ], [ 13.513451820819627, 52.416475951836148 ], [ 13.512240926419448, 52.417532592350163 ], [ 13.514842552727648, 52.418066883945627 ] ] ] } },
{ "type": "Feature", "properties": { "id": "te_kak_klimarelevante_bebauung_2022.1400836621000100", "schl5": "1400836621000100", "typklar": "Freistehende Einfamilienhäuser mit Gärten", "art": "Klimarelevante Bebauung" }, "geometry": { "type": "Polygon", "coordinates": [ [ [ 13.511318797132072, 52.419289931990257 ], [ 13.512157530427617, 52.419485757374261 ], [ 13.512963936935472, 52.419707607548425 ], [ 13.513743257425787, 52.419963523247148 ], [ 13.514074676414001, 52.419582565938327 ], [ 13.51485308232715, 52.4198782034101 ], [ 13.515260555947403, 52.419456275481735 ], [ 13.514961370842824, 52.419337702387331 ], [ 13.514454028585224, 52.419172766915821 ], [ 13.514421485726807, 52.419144711292432 ], [ 13.512897234472495, 52.418654794876723 ], [ 13.512415871429289, 52.418522096623441 ], [ 13.512277954080442, 52.418633160648113 ], [ 13.512159524937921, 52.418810360985475 ], [ 13.511055374963062, 52.41859134158166 ], [ 13.510916102473002, 52.418713492763501 ], [ 13.510870345853698, 52.418778152183869 ], [ 13.510740087876828, 52.419122214358921 ], [ 13.51078699419814, 52.419188761189076 ], [ 13.511318797132072, 52.419289931990257 ] ] ] } },
{ "type": "Feature", "properties": { "id": "te_kak_klimarelevante_bebauung_2022.1400836621000200", "schl5": "1400836621000200", "typklar": "Freistehende Einfamilienhäuser mit Gärten", "art": "Klimarelevante Bebauung" }, "geometry": { "type": "Polygon", "coordinates": [ [ [ 13.514218082193411, 52.420132977470082 ], [ 13.515065357058967, 52.420459096493843 ], [ 13.515571988687745, 52.420666267602392 ], [ 13.515686897813968, 52.420654162591788 ], [ 13.516417492313932, 52.419958067920149 ], [ 13.515260555947403, 52.419456275481735 ], [ 13.51485308232715, 52.4198782034101 ], [ 13.514074676414001, 52.419582565938327 ], [ 13.513743257425787, 52.419963523247148 ], [ 13.514218082193411, 52.420132977470082 ] ] ] } },
{ "type": "Feature", "properties": { "id": "te_kak_klimarelevante_bebauung_2022.1400836621000300", "schl5": "1400836621000300", "typklar": "Freistehende Einfamilienhäuser mit Gärten", "art": "Klimarelevante Bebauung" }, "geometry": { "type": "Polygon", "coordinates": [ [ [ 13.512159524937921, 52.418810360985475 ], [ 13.512277954080442, 52.418633160648113 ], [ 13.512415871429289, 52.418522096623441 ], [ 13.512897234472495, 52.418654794876723 ], [ 13.514421485726807, 52.419144711292432 ], [ 13.514359932631413, 52.419086449676882 ], [ 13.514423599868532, 52.419006748933434 ], [ 13.514537362226902, 52.418984761128996 ], [ 13.514634250225592, 52.419012337668526 ], [ 13.514761712654749, 52.419149345749368 ], [ 13.51534030649864, 52.419360746031153 ], [ 13.517627084875151, 52.416488216054823 ], [ 13.514248262031447, 52.415796037964377 ], [ 13.513517665538421, 52.416427104893891 ], [ 13.51389517822807, 52.416509243764764 ], [ 13.515563924888145, 52.416846024199671 ], [ 13.515684322495376, 52.416890173472787 ], [ 13.515718325116925, 52.416940285153757 ], [ 13.515699197528868, 52.417000216067265 ], [ 13.515162208915649, 52.417984030921751 ], [ 13.515070130484016, 52.418125114311891 ], [ 13.514972027939034, 52.418146293229697 ], [ 13.514832927929364, 52.418121022457051 ], [ 13.512190201047691, 52.417578954912457 ], [ 13.511055374963062, 52.41859134158166 ], [ 13.512159524937921, 52.418810360985475 ] ] ] } },
{ "type": "Feature", "properties": { "id": "te_kak_klimarelevante_bebauung_2022.1400836631000000", "schl5": "1400836631000000", "typklar": "Freistehende Einfamilienhäuser mit Gärten", "art": "Klimarelevante Bebauung" }, "geometry": { "type": "Polygon", "coordinates": [ [ [ 13.500075906962707, 52.407537322022101 ], [ 13.500298830768083, 52.407161916530804 ], [ 13.502765282745218, 52.404811813737922 ], [ 13.502734632280005, 52.404738990341635 ], [ 13.502002246937046, 52.404447051021627 ], [ 13.500956914488816, 52.405483629429717 ], [ 13.500906271724638, 52.405808463979405 ], [ 13.50071526658704, 52.405800258411205 ], [ 13.500598687887585, 52.406304271327691 ], [ 13.500504215974356, 52.406396996001689 ], [ 13.500665988620408, 52.40564496361376 ], [ 13.500234236529998, 52.405612543665157 ], [ 13.500042610250288, 52.406336664079532 ], [ 13.499670497361736, 52.407482966963869 ], [ 13.499730556675487, 52.407547735217534 ], [ 13.499986138793918, 52.407574969726944 ], [ 13.500075906962707, 52.407537322022101 ] ] ] } },
{ "type": "Feature", "properties": { "id": "te_kak_klimarelevante_bebauung_2022.1400836641000000", "schl5": "1400836641000000", "typklar": "Freistehende Einfamilienhäuser mit Gärten", "art": "Klimarelevante Bebauung" }, "geometry": { "type": "Polygon", "coordinates": [ [ [ 13.500687111126931, 52.405579367969963 ], [ 13.500845306088712, 52.404126795988688 ], [ 13.500940866623006, 52.404041426097265 ], [ 13.500713014391206, 52.403947218824904 ], [ 13.500438623720502, 52.403847267010853 ], [ 13.500387781077766, 52.404388606956914 ], [ 13.50023710210905, 52.405550079138564 ], [ 13.500687111126931, 52.405579367969963 ] ] ] } },
{ "type": "Feature", "properties": { "id": "te_kak_klimarelevante_bebauung_2022.1400836651000000", "schl5": "1400836651000000", "typklar": "Freistehende Einfamilienhäuser mit Gärten", "art": "Klimarelevante Bebauung" }, "geometry": { "type": "Polygon", "coordinates": [ [ [ 13.500934874356192, 52.404135878277778 ], [ 13.500788662454967, 52.405446881588141 ], [ 13.500909079353297, 52.405455996382621 ], [ 13.501939116109661, 52.404429011379598 ], [ 13.50101991290672, 52.404075679498746 ], [ 13.500934874356192, 52.404135878277778 ] ] ] } },
{ "type": "Feature", "properties": { "id": "te_kak_klimarelevante_bebauung_2022.1400836661000100", "schl5": "1400836661000100", "typklar": "Freistehende Einfamilienhäuser mit Gärten", "art": "Klimarelevante Bebauung" }, "geometry": { "type": "Polygon", "coordinates": [ [ [ 13.493340712636307, 52.407669600719103 ], [ 13.493480650220416, 52.4075014888314 ], [ 13.494187174623038, 52.406618745812693 ], [ 13.494131155053717, 52.406530602460251 ], [ 13.493564509754579, 52.406377059054932 ], [ 13.493617735875183, 52.406293087687118 ], [ 13.494191001529684, 52.406446637857464 ], [ 13.494322339218892, 52.40640919586351 ], [ 13.494420116673005, 52.40622314890598 ], [ 13.494480328652848, 52.406040301696059 ], [ 13.494694332628551, 52.405207630874912 ], [ 13.493898398930149, 52.405138355811488 ], [ 13.493643559290501, 52.406121501906902 ], [ 13.49349572350722, 52.406360543251552 ], [ 13.492801984270727, 52.407231167854981 ], [ 13.492867492427335, 52.407343103755863 ], [ 13.492772028708032, 52.407459331369516 ], [ 13.492815655572189, 52.407548871019046 ], [ 13.493284784989264, 52.407720701027763 ], [ 13.493340712636307, 52.407669600719103 ] ] ] } },
{ "type": "Feature", "properties": { "id": "te_kak_klimarelevante_bebauung_2022.1400836681000000", "schl5": "1400836681000000", "typklar": "Reihen- und Doppelhäuser mit Gärten", "art": "Klimarelevante Bebauung" }, "geometry": { "type": "Polygon", "coordinates": [ [ [ 13.47622029965955, 52.411177731311426 ], [ 13.476956149521101, 52.411297289242341 ], [ 13.477051774725956, 52.411266858947286 ], [ 13.477803949971758, 52.410030341035473 ], [ 13.474104065121351, 52.408810435380119 ], [ 13.473173805276579, 52.410566936713408 ], [ 13.473173786011996, 52.410566969018682 ], [ 13.473124091009341, 52.410661137665826 ], [ 13.473094092484043, 52.410709805863632 ], [ 13.473006907297325, 52.410851054435085 ], [ 13.472932617706652, 52.41097139032378 ], [ 13.472932568004596, 52.410971473670429 ], [ 13.472932525773453, 52.410971539835323 ], [ 13.472919700640093, 52.410992482487494 ], [ 13.472846691202458, 52.411110653977552 ], [ 13.472779016262539, 52.411220379728476 ], [ 13.472711470973342, 52.411329747469871 ], [ 13.472694321122122, 52.411357587250571 ], [ 13.472641137985566, 52.411438935295678 ], [ 13.472604048543788, 52.411495774610344 ], [ 13.472332071474941, 52.41191229088659 ], [ 13.472331476444994, 52.411913223139138 ], [ 13.47472085439132, 52.414312165852721 ], [ 13.474863619319134, 52.414251237979521 ], [ 13.47500643260026, 52.414177731065791 ], [ 13.475218511518854, 52.414046796408932 ], [ 13.475376247438041, 52.413905907738943 ], [ 13.475519300343853, 52.41376050747553 ], [ 13.475597555185818, 52.413654564350637 ], [ 13.475962682459206, 52.413032255500639 ], [ 13.475930535294125, 52.412977394315618 ], [ 13.475212480221169, 52.412804829456128 ], [ 13.474439297613189, 52.412425498836669 ], [ 13.474498184950175, 52.41239591817633 ], [ 13.473754928658643, 52.411864744664193 ], [ 13.47370195045154, 52.411886242688837 ], [ 13.473521626846056, 52.41176019619791 ], [ 13.473816197784105, 52.411145889220435 ], [ 13.473694311288003, 52.411121467234025 ], [ 13.473979787179594, 52.410585330071399 ], [ 13.474263633027983, 52.410095025095558 ], [ 13.474053739439622, 52.410022860137623 ], [ 13.474213114723531, 52.409829854509269 ], [ 13.476191837533001, 52.410473139674039 ], [ 13.475997081552272, 52.411132515379194 ], [ 13.47622029965955, 52.411177731311426 ] ] ] } },
{ "type": "Feature", "properties": { "id": "te_kak_klimarelevante_bebauung_2022.1400836701000100", "schl5": "1400836701000100", "typklar": "Freistehende Einfamilienhäuser mit Gärten", "art": "Klimarelevante Bebauung" }, "geometry": { "type": "Polygon", "coordinates": [ [ [ 13.49104921419698, 52.435782514908084 ], [ 13.491020708723097, 52.435794909478759 ], [ 13.491144356569546, 52.43589473933109 ], [ 13.491374644943059, 52.43607833125926 ], [ 13.493953373894593, 52.434829925125584 ], [ 13.493750967046193, 52.434660822892617 ], [ 13.493444866388318, 52.434793573193822 ], [ 13.49309318926147, 52.434498131107517 ], [ 13.490822027438458, 52.43560329651482 ], [ 13.49104921419698, 52.435782514908084 ] ] ] } },
{ "type": "Feature", "properties": { "id": "te_kak_klimarelevante_bebauung_2022.1400836701000200", "schl5": "1400836701000200", "typklar": "Freistehende Einfamilienhäuser mit Gärten", "art": "Klimarelevante Bebauung" }, "geometry": { "type": "Polygon", "coordinates": [ [ [ 13.492623549746042, 52.43461537842478 ], [ 13.493090220060738, 52.434388584506792 ], [ 13.493162666719986, 52.434464440425593 ], [ 13.49309318926147, 52.434498131107517 ], [ 13.493444866388318, 52.434793573193822 ], [ 13.493750967046193, 52.434660822892617 ], [ 13.49212741827259, 52.433284845512034 ], [ 13.492037890445546, 52.433203743256207 ], [ 13.491322991692552, 52.433524314185689 ], [ 13.492623549746042, 52.43461537842478 ] ] ] } },
{ "type": "Feature", "properties": { "id": "te_kak_klimarelevante_bebauung_2022.1400836771000000", "schl5": "1400836771000000", "typklar": "Freistehende Einfamilienhäuser mit Gärten", "art": "Klimarelevante Bebauung" }, "geometry": { "type": "Polygon", "coordinates": [ [ [ 13.500869180790154, 52.408120506808949 ], [ 13.499416336091327, 52.409505595415759 ], [ 13.499323588807089, 52.40956031490694 ], [ 13.499225080802637, 52.409581775875488 ], [ 13.498970870848487, 52.409576111618485 ], [ 13.4986892217342, 52.410419657324766 ], [ 13.499591265700884, 52.410507801544398 ], [ 13.501754552734532, 52.408385654424656 ], [ 13.501353879972189, 52.408211786974896 ], [ 13.501039699971642, 52.408107208087607 ], [ 13.500950087440939, 52.408102619126439 ], [ 13.500869180790154, 52.408120506808949 ] ] ] } },
{ "type": "Feature", "properties": { "id": "te_kak_klimarelevante_bebauung_2022.1400836781000000", "schl5": "1400836781000000", "typklar": "Freistehende Einfamilienhäuser mit Gärten", "art": "Klimarelevante Bebauung" }, "geometry": { "type": "Polygon", "coordinates": [ [ [ 13.499033125763004, 52.409391053008704 ], [ 13.499076945944209, 52.409474675642905 ], [ 13.499192992996614, 52.409481990570235 ], [ 13.499348959694984, 52.409421048991248 ], [ 13.500793077665019, 52.408024268158002 ], [ 13.500647870911173, 52.407929751407544 ], [ 13.50040869569863, 52.407804582128485 ], [ 13.500176750667677, 52.407720757145718 ], [ 13.499944692461924, 52.407676475007612 ], [ 13.499719920955233, 52.407653766473445 ], [ 13.499600816779489, 52.407696775194765 ], [ 13.499033125763004, 52.409391053008704 ] ] ] } },
{ "type": "Feature", "properties": { "id": "te_kak_klimarelevante_bebauung_2022.1400836791000100", "schl5": "1400836791000100", "typklar": "Freistehende Einfamilienhäuser mit Gärten", "art": "Klimarelevante Bebauung" }, "geometry": { "type": "Polygon", "coordinates": [ [ [ 13.500285682858246, 52.407661563354999 ], [ 13.500499745225728, 52.407729894362333 ], [ 13.503349696672215, 52.404991846896344 ], [ 13.502899378491687, 52.404819939920706 ], [ 13.500410274344947, 52.407251902777254 ], [ 13.500241721268557, 52.407602202786009 ], [ 13.500285682858246, 52.407661563354999 ] ] ] } },
{ "type": "Feature", "properties": { "id": "te_kak_klimarelevante_bebauung_2022.1400836791000200", "schl5": "1400836791000200", "typklar": "Freistehende Einfamilienhäuser mit Gärten", "art": "Klimarelevante Bebauung" }, "geometry": { "type": "Polygon", "coordinates": [ [ [ 13.501440845157401, 52.40811751980182 ], [ 13.504282041053301, 52.405369270040744 ], [ 13.503349696672215, 52.404991846896344 ], [ 13.500499745225728, 52.407729894362333 ], [ 13.501440845157401, 52.40811751980182 ] ] ] } },
{ "type": "Feature", "properties": { "id": "te_kak_klimarelevante_bebauung_2022.1400836791000300", "schl5": "1400836791000300", "typklar": "Wochenendhaus- und kleingartenähnliches Gebiet", "art": "Klimarelevante Bebauung" }, "geometry": { "type": "Polygon", "coordinates": [ [ [ 13.501841486171356, 52.408303068714758 ], [ 13.504691973143704, 52.405519921883077 ], [ 13.504282041053301, 52.405369270040744 ], [ 13.501440845157401, 52.40811751980182 ], [ 13.501841486171356, 52.408303068714758 ] ] ] } },
{ "type": "Feature", "properties": { "id": "te_kak_klimarelevante_bebauung_2022.1400836861000000", "schl5": "1400836861000000", "typklar": "Reihen- und Doppelhäuser mit Gärten", "art": "Klimarelevante Bebauung" }, "geometry": { "type": "Polygon", "coordinates": [ [ [ 13.505854242826238, 52.401361483476627 ], [ 13.50585503839741, 52.401397323156296 ], [ 13.505834409966631, 52.401440276430009 ], [ 13.50637517275222, 52.401633343960263 ], [ 13.506889293838634, 52.401122473183776 ], [ 13.506384223895104, 52.401172737079044 ], [ 13.505825187289203, 52.401256947746539 ], [ 13.505854242826238, 52.401361483476627 ] ] ] } },
{ "type": "Feature", "properties": { "id": "te_kak_klimarelevante_bebauung_2022.1400836921000000", "schl5": "1400836921000000", "typklar": "Reihen- und Doppelhäuser mit Gärten", "art": "Klimarelevante Bebauung" }, "geometry": { "type": "Polygon", "coordinates": [ [ [ 13.50112928037248, 52.403048815349187 ], [ 13.502570781341257, 52.401634298510608 ], [ 13.500898257090094, 52.400981167864153 ], [ 13.500809104908845, 52.40101537138186 ], [ 13.500607786860222, 52.402853902094442 ], [ 13.50112928037248, 52.403048815349187 ] ] ] } },
{ "type": "Feature", "properties": { "id": "te_kak_klimarelevante_bebauung_2022.1400836931000100", "schl5": "1400836931000100", "typklar": "Wochenendhaus- und kleingartenähnliches Gebiet", "art": "Klimarelevante Bebauung" }, "geometry": { "type": "Polygon", "coordinates": [ [ [ 13.522357983747192, 52.414571808974266 ], [ 13.522340395399443, 52.414546219581396 ], [ 13.522260860861302, 52.414430130510532 ], [ 13.52226148112957, 52.414429924761251 ], [ 13.522261140336756, 52.414429423706238 ], [ 13.52236306210143, 52.414396435845731 ], [ 13.522514296299576, 52.41434659719885 ], [ 13.522569290384665, 52.414328304795838 ], [ 13.522622147143771, 52.414158245748048 ], [ 13.522625964075065, 52.414156749644583 ], [ 13.522626736686586, 52.414153480283758 ], [ 13.522676153695141, 52.414134200572398 ], [ 13.522915792857814, 52.414040594812562 ], [ 13.523155119358085, 52.413947074575418 ], [ 13.523187046079297, 52.413934607178739 ], [ 13.523451085298408, 52.413831495881162 ], [ 13.52348888286172, 52.413816701111671 ], [ 13.523526839371554, 52.413801989235154 ], [ 13.523712263119331, 52.413729463254121 ], [ 13.521693514945836, 52.41422544545356 ], [ 13.52167646819465, 52.414183608043004 ], [ 13.521050733142692, 52.413646920210162 ], [ 13.520516685861526, 52.412486476782924 ], [ 13.518027379114146, 52.414661580839564 ], [ 13.519791274696235, 52.415027104464933 ], [ 13.522799275578524, 52.415701190473371 ], [ 13.522889293107781, 52.415566499247177 ], [ 13.522920112833612, 52.415516481500454 ], [ 13.52296083247295, 52.415450375323147 ], [ 13.522926551304781, 52.415400379153965 ], [ 13.522880039805361, 52.415332620046925 ], [ 13.52280040197139, 52.415222280050692 ], [ 13.522357983747192, 52.414571808974266 ] ] ] } },
{ "type": "Feature", "properties": { "id": "te_kak_klimarelevante_bebauung_2022.1400836931000200", "schl5": "1400836931000200", "typklar": "Wochenendhaus- und kleingartenähnliches Gebiet", "art": "Klimarelevante Bebauung" }, "geometry": { "type": "Polygon", "coordinates": [ [ [ 13.521050733142692, 52.413646920210162 ], [ 13.52167646819465, 52.414183608043004 ], [ 13.522240507538603, 52.414040152931847 ], [ 13.521745045214184, 52.41362145806076 ], [ 13.521208602384181, 52.412457414832268 ], [ 13.520952827622098, 52.412499584914919 ], [ 13.520699833098229, 52.412326851812175 ], [ 13.520516685861526, 52.412486476782924 ], [ 13.521050733142692, 52.413646920210162 ] ] ] } },
{ "type": "Feature", "properties": { "id": "te_kak_klimarelevante_bebauung_2022.1400836941000000", "schl5": "1400836941000000", "typklar": "Freistehende Einfamilienhäuser mit Gärten", "art": "Klimarelevante Bebauung" }, "geometry": { "type": "Polygon", "coordinates": [ [ [ 13.521816794879468, 52.413604656293515 ], [ 13.522265474506343, 52.413979460503228 ], [ 13.522889136186107, 52.413836655890321 ], [ 13.52213867808741, 52.412225049250658 ], [ 13.521252117278518, 52.412381931409669 ], [ 13.521816794879468, 52.413604656293515 ] ] ] } },
{ "type": "Feature", "properties": { "id": "te_kak_klimarelevante_bebauung_2022.1400836951000100", "schl5": "1400836951000100", "typklar": "Freistehende Einfamilienhäuser mit Gärten", "art": "Klimarelevante Bebauung" }, "geometry": { "type": "Polygon", "coordinates": [ [ [ 13.522315848312401, 52.412437198761936 ], [ 13.522740683620002, 52.412369999810252 ], [ 13.522751446610867, 52.412400483731155 ], [ 13.522330930019519, 52.412472985702692 ], [ 13.522977343879802, 52.413858657789731 ], [ 13.524056004634829, 52.413595230485718 ], [ 13.524063305474222, 52.413592353754581 ], [ 13.523787214803797, 52.413344043170341 ], [ 13.523776048663258, 52.413333999784911 ], [ 13.523600668142905, 52.413177096621446 ], [ 13.523599015628461, 52.413174767416614 ], [ 13.523597532201949, 52.413173433148593 ], [ 13.52342537265301, 52.412932542568072 ], [ 13.52325490206386, 52.412693965543987 ], [ 13.523226628945915, 52.412654312306032 ], [ 13.523254175797714, 52.412625039781815 ], [ 13.523443331323477, 52.412424401785756 ], [ 13.523445997552882, 52.412421568579013 ], [ 13.523409449943891, 52.412397526803204 ], [ 13.523013016534732, 52.412136745537609 ], [ 13.523014120363451, 52.41213567493741 ], [ 13.52301358320554, 52.41213531943913 ], [ 13.523156447358168, 52.411993080366109 ], [ 13.522175759887412, 52.412120409680576 ], [ 13.522315848312401, 52.412437198761936 ] ] ] } },
{ "type": "Feature", "properties": { "id": "te_kak_klimarelevante_bebauung_2022.1400836951000200", "schl5": "1400836951000200", "typklar": "Wochenendhaus- und kleingartenähnliches Gebiet", "art": "Klimarelevante Bebauung" }, "geometry": { "type": "Polygon", "coordinates": [ [ [ 13.520912973848423, 52.412324575498936 ], [ 13.522175759887412, 52.412120409680576 ], [ 13.523156447358168, 52.411993080366109 ], [ 13.523183118513591, 52.411966525906131 ], [ 13.523256335307645, 52.411893165174362 ], [ 13.523306867762223, 52.411842610150764 ], [ 13.523374547123124, 52.411775231177273 ], [ 13.52347498940431, 52.411675236435592 ], [ 13.522933644555046, 52.411054520426099 ], [ 13.522940780688311, 52.411048492611179 ], [ 13.522933848556018, 52.411040494174699 ], [ 13.523083889339468, 52.410916430625171 ], [ 13.523184761220989, 52.410832041714897 ], [ 13.523207283354234, 52.410813190037345 ], [ 13.523121575264502, 52.410590677705258 ], [ 13.52309312592666, 52.410516812623882 ], [ 13.523014743159885, 52.410326672718917 ], [ 13.520779363754711, 52.412255029958125 ], [ 13.520912973848423, 52.412324575498936 ] ] ] } },
{ "type": "Feature", "properties": { "id": "te_kak_klimarelevante_bebauung_2022.1400836961000000", "schl5": "1400836961000000", "typklar": "Reihen- und Doppelhäuser mit Gärten", "art": "Klimarelevante Bebauung" }, "geometry": { "type": "Polygon", "coordinates": [ [ [ 13.477147778420123, 52.404216912944101 ], [ 13.47722866613738, 52.4041514160185 ], [ 13.477388570412915, 52.404226208888105 ], [ 13.477347313500365, 52.404261204161834 ], [ 13.47809540006981, 52.404640487759131 ], [ 13.478544119147607, 52.404908855166966 ], [ 13.479651205380433, 52.405594123174218 ], [ 13.48075232327229, 52.406318018801322 ], [ 13.481110071825508, 52.406554425823224 ], [ 13.482839185516973, 52.40785430890913 ], [ 13.483278326758111, 52.40764664668103 ], [ 13.483063986566089, 52.407443901032487 ], [ 13.48155963669031, 52.406313735582621 ], [ 13.481002884062262, 52.40591422067741 ], [ 13.479524280735898, 52.404944573461904 ], [ 13.478593211046057, 52.404372791133078 ], [ 13.477322873753417, 52.403709655509303 ], [ 13.477034223379144, 52.40399237143729 ], [ 13.476941414364171, 52.404106924079564 ], [ 13.477147778420123, 52.404216912944101 ] ] ] } },
{ "type": "Feature", "properties": { "id": "te_kak_klimarelevante_bebauung_2022.1400836971000000", "schl5": "1400836971000000", "typklar": "Freistehende Einfamilienhäuser mit Gärten", "art": "Klimarelevante Bebauung" }, "geometry": { "type": "Polygon", "coordinates": [ [ [ 13.483933570586181, 52.437715035013646 ], [ 13.486570410957542, 52.436685623494327 ], [ 13.486967960483572, 52.436515347255828 ], [ 13.487244874390713, 52.436364697671358 ], [ 13.488376197076096, 52.435708204367955 ], [ 13.488439578486911, 52.435658851551693 ], [ 13.488478043714203, 52.435584307226534 ], [ 13.488495931312725, 52.435506144361973 ], [ 13.488472606903475, 52.435442313341305 ], [ 13.488412563477004, 52.435364956930513 ], [ 13.487993523694715, 52.434996968547829 ], [ 13.485762401006447, 52.435999880152067 ], [ 13.483211010352267, 52.437113659732113 ], [ 13.483933570586181, 52.437715035013646 ] ] ] } },
{ "type": "Feature", "properties": { "id": "te_kak_klimarelevante_bebauung_2022.1400836991000000", "schl5": "1400836991000000", "typklar": "Reihen- und Doppelhäuser mit Gärten", "art": "Klimarelevante Bebauung" }, "geometry": { "type": "Polygon", "coordinates": [ [ [ 13.493416756392618, 52.412092989597348 ], [ 13.493167216196497, 52.412336876920705 ], [ 13.493159532202363, 52.412399594535401 ], [ 13.493236067728487, 52.412507162511389 ], [ 13.493303584222684, 52.412533771833083 ], [ 13.493356081875529, 52.412533014941928 ], [ 13.4946478331596, 52.41219511341334 ], [ 13.494391108862473, 52.41183426265497 ], [ 13.493416756392618, 52.412092989597348 ] ] ] } },
{ "type": "Feature", "properties": { "id": "te_kak_klimarelevante_bebauung_2022.1400837011000200", "schl5": "1400837011000200", "typklar": "Freistehende Einfamilienhäuser mit Gärten", "art": "Klimarelevante Bebauung" }, "geometry": { "type": "Polygon", "coordinates": [ [ [ 13.470976171684825, 52.419882047808386 ], [ 13.471020612803516, 52.419880812667792 ], [ 13.471008135510115, 52.419818696994511 ], [ 13.473640594965426, 52.41967896058889 ], [ 13.473559127257756, 52.419053295775065 ], [ 13.47347927566468, 52.419002433171933 ], [ 13.472557449224292, 52.41904624001171 ], [ 13.472560882887169, 52.419073302728854 ], [ 13.472167034973685, 52.419092289893065 ], [ 13.47088919099302, 52.419130593842745 ], [ 13.470976171684825, 52.419882047808386 ] ] ] } },
{ "type": "Feature", "properties": { "id": "te_kak_klimarelevante_bebauung_2022.1400837041000100", "schl5": "1400837041000100", "typklar": "Wochenendhaus- und kleingartenähnliches Gebiet", "art": "Klimarelevante Bebauung" }, "geometry": { "type": "Polygon", "coordinates": [ [ [ 13.487867234514269, 52.419027917858379 ], [ 13.488316085682998, 52.418287852281907 ], [ 13.488300517274439, 52.418284239278186 ], [ 13.488381330225781, 52.418151600794516 ], [ 13.488396457587303, 52.418155123628651 ], [ 13.488888430407021, 52.417343930943368 ], [ 13.488850391209843, 52.417335169286524 ], [ 13.488948659074223, 52.417165435896102 ], [ 13.488990665931253, 52.41717483086169 ], [ 13.489973958932014, 52.415552707949779 ], [ 13.490232517953233, 52.415493245136126 ], [ 13.4898869301266, 52.415037400463696 ], [ 13.48960551201213, 52.415502225488019 ], [ 13.488876294032281, 52.416706602276086 ], [ 13.488832557692961, 52.416691162905451 ], [ 13.488687668496794, 52.416729447966205 ], [ 13.488178604581558, 52.416903292697569 ], [ 13.48845746084101, 52.417218153476078 ], [ 13.487722314857553, 52.417577297562261 ], [ 13.488169964915791, 52.417872946207225 ], [ 13.488006854346191, 52.418142355057341 ], [ 13.487917167842797, 52.418198596463711 ], [ 13.48785092928528, 52.418182701693482 ], [ 13.487505822032205, 52.418415770200127 ], [ 13.487168422078474, 52.418673469504633 ], [ 13.487184542750672, 52.4187352271842 ], [ 13.487867234514269, 52.419027917858379 ] ] ] } },
{ "type": "Feature", "properties": { "id": "te_kak_klimarelevante_bebauung_2022.1501266251000400", "schl5": "1501266251000400", "typklar": "Freistehende Einfamilienhäuser mit Gärten", "art": "Klimarelevante Bebauung" }, "geometry": { "type": "MultiPolygon", "coordinates": [ [ [ [ 13.52058175561306, 52.406399128244104 ], [ 13.520999960434729, 52.406700724812644 ], [ 13.520975513885373, 52.406679045695618 ], [ 13.520621266940497, 52.406423419478983 ], [ 13.520595298433872, 52.40640470767989 ], [ 13.520706654444131, 52.406293280960575 ], [ 13.520682150786214, 52.406275774000335 ], [ 13.52058175561306, 52.406399128244104 ] ] ], [ [ [ 13.521651401902234, 52.407289482362479 ], [ 13.521641165652378, 52.407270108712851 ], [ 13.521284149975182, 52.406953071391285 ], [ 13.521651401902234, 52.407289482362479 ] ] ] ] } }
]
}
