{
"type": "FeatureCollection",
"name": "versorggruen_2020_neukoelln",
"crs": { "type": "name", "properties": { "name": "urn:ogc:def:crs:OGC:1.3:CRS84" } },
"features": [
{ "type": "Feature", "properties": { "id": "versorggruen_2020.0600162031000000", "styp_id": "0600162031000000", "sst_name": "Blockbebauung der Gründerzeit mit Seitenflügeln und Hinterhäusern", "voeff_name": "versorgter Bereich", "vpriv_name": "gering: Blockrandbebauung", "versorg_sst": 3, "esst_name": "Wilhelminian-period block development with wings and rear buildings (until 1918)", "evoeff_name": "good availability", "evpriv_name": "low: Wilhelminian-period block-edge development" }, "geometry": { "type": "Polygon", "coordinates": [ [ [ 13.424881438928432, 52.487715590866941 ], [ 13.424923466382108, 52.487766309334766 ], [ 13.424938348739756, 52.487784264886336 ], [ 13.42494088402278, 52.487785879191613 ], [ 13.424881438928432, 52.487715590866941 ] ] ] } },
{ "type": "Feature", "properties": { "id": "versorggruen_2020.1300691491000000", "styp_id": "1300691491000000", "sst_name": "geringe Bebauung mit überwiegender Nutzung durch Gewerbe und Industrie", "voeff_name": "versorgter Bereich", "vpriv_name": "gering: Blockrandbebauung", "versorg_sst": 3, "esst_name": "Sparse development with predominantly commercial and industrial use", "evoeff_name": "good availability", "evpriv_name": "low: Wilhelminian-period block-edge development" }, "geometry": { "type": "Polygon", "coordinates": [ [ [ 13.419623605257582, 52.465652633566123 ], [ 13.419595182057424, 52.465649864521438 ], [ 13.419350703439363, 52.465626142566776 ], [ 13.418999983621903, 52.465592116716905 ], [ 13.418602599359616, 52.465553132155101 ], [ 13.418168611353215, 52.465513931436767 ], [ 13.419623605257582, 52.465652633566123 ] ] ] } },
{ "type": "Feature", "properties": { "id": "versorggruen_2020.1300691641000200", "styp_id": "1300691641000200", "sst_name": "nicht oder gering bebaute Grün- und Freiflächen", "voeff_name": "versorgter Bereich", "vpriv_name": "hoch: aufgelockerte Siedlungsbebauung", "versorg_sst": 1, "esst_name": "Public green and open spaces with sparse or no development", "evoeff_name": "good availability", "evpriv_name": "high: loose settlement development" }, "geometry": { "type": "Polygon", "coordinates": [ [ [ 13.42214689, 52.46243642 ], [ 13.42205214, 52.46161219 ], [ 13.42199038822522, 52.461512687444838 ], [ 13.421971951113379, 52.461516201658618 ], [ 13.422030817741735, 52.461607518765582 ], [ 13.422045716128023, 52.461822326752291 ], [ 13.422050268013841, 52.461886853862858 ], [ 13.422099868520188, 52.462231129512517 ], [ 13.422121962192735, 52.462385109596674 ], [ 13.422128079291307, 52.462427135143798 ], [ 13.42214689, 52.46243642 ] ] ] } },
{ "type": "Feature", "properties": { "id": "versorggruen_2020.1300691641000300", "styp_id": "1300691641000300", "sst_name": "Zeilenbebauung seit den 50er Jahren", "voeff_name": "versorgter Bereich", "vpriv_name": "mittel: Zeilen oder kompakte Siedlung", "versorg_sst": 2, "esst_name": "Row development since the 1950s", "evoeff_name": "good availability", "evpriv_name": "medium: row development or compact settlement" }, "geometry": { "type": "MultiPolygon", "coordinates": [ [ [ [ 13.42144772, 52.46064865 ], [ 13.421449856621457, 52.460651972698365 ], [ 13.422806161007598, 52.460463337692843 ], [ 13.4228091264496, 52.46046292535592 ], [ 13.42144772, 52.46064865 ] ] ], [ [ [ 13.42303334, 52.46132002 ], [ 13.42324942, 52.46040286 ], [ 13.423232360936618, 52.460405187217177 ], [ 13.423165315816952, 52.460679993822367 ], [ 13.423108028978339, 52.460913907398506 ], [ 13.423020761325231, 52.461271687530385 ], [ 13.423009211570104, 52.46131849417479 ], [ 13.422035927210972, 52.461504007466509 ], [ 13.42303334, 52.46132002 ] ] ] ] } },
{ "type": "Feature", "properties": { "id": "versorggruen_2020.1300700881000100", "styp_id": "1300700881000100", "sst_name": "niedrige Bebauung mit Hausgärten", "voeff_name": "versorgter Bereich", "vpriv_name": "hoch: aufgelockerte Siedlungsbebauung", "versorg_sst": 1, "esst_name": "Low buildings with yards", "evoeff_name": "good availability", "evpriv_name": "high: loose settlement development" }, "geometry": { "type": "MultiPolygon", "coordinates": [ [ [ [ 13.41013408, 52.43571843 ], [ 13.410080518328794, 52.43563452762784 ], [ 13.410131294266018, 52.435717575136657 ], [ 13.410150983812217, 52.435749695630406 ], [ 13.410161411001157, 52.435766734072146 ], [ 13.41013408, 52.43571843 ] ] ], [ [ [ 13.4111741, 52.43888296 ], [ 13.41078037, 52.43796178 ], [ 13.41058287, 52.43745547 ], [ 13.41044392, 52.43700229 ], [ 13.41038044, 52.43615384 ], [ 13.410380218477252, 52.436153448486692 ], [ 13.410380835387611, 52.436162424061322 ], [ 13.410385686267807, 52.43622506786177 ], [ 13.410392564536386, 52.436319261979861 ], [ 13.410396441619266, 52.436370132228596 ], [ 13.410404160525085, 52.43647367048537 ], [ 13.410409100619953, 52.436547734273447 ], [ 13.410415142226471, 52.436633294599794 ], [ 13.410420099973498, 52.436701963917656 ], [ 13.410426471860795, 52.436783662476202 ], [ 13.410431118502057, 52.436854845138257 ], [ 13.410437818460863, 52.436956859168106 ], [ 13.410441683293783, 52.437009707303389 ], [ 13.410442090960563, 52.437015548056266 ], [ 13.410484028910981, 52.437161202433714 ], [ 13.410523212152889, 52.437297154247709 ], [ 13.410527397064758, 52.437311272701784 ], [ 13.410561552379821, 52.437429965783643 ], [ 13.410562388361782, 52.437432899152959 ], [ 13.410568183210339, 52.437452973421699 ], [ 13.410571366950984, 52.437460982399479 ], [ 13.410631523524465, 52.437609372168744 ], [ 13.410632097934888, 52.437610989310066 ], [ 13.410639514607146, 52.437629332096265 ], [ 13.410691675792114, 52.437758301314219 ], [ 13.410706780696209, 52.437795619909458 ], [ 13.410751960798935, 52.43790723220755 ], [ 13.410774056981351, 52.437961638079109 ], [ 13.410818367125644, 52.43807126958729 ], [ 13.41083187870521, 52.438104628614944 ], [ 13.410840744935308, 52.438126848081708 ], [ 13.410859437482108, 52.438169546637852 ], [ 13.410889603875356, 52.438238455814961 ], [ 13.410907629652087, 52.438279652866377 ], [ 13.410934542663128, 52.438341262429745 ], [ 13.410974526292632, 52.438432547678943 ], [ 13.411171413348598, 52.438883073696765 ], [ 13.4111741, 52.43888296 ] ] ] ] } },
{ "type": "Feature", "properties": { "id": "versorggruen_2020.1300706041000200", "styp_id": "1300706041000200", "sst_name": "niedrige Bebauung mit Hausgärten", "voeff_name": "versorgter Bereich", "vpriv_name": "hoch: aufgelockerte Siedlungsbebauung", "versorg_sst": 1, "esst_name": "Low buildings with yards", "evoeff_name": "good availability", "evpriv_name": "high: loose settlement development" }, "geometry": { "type": "Polygon", "coordinates": [ [ [ 13.41458632, 52.44674034 ], [ 13.41454844, 52.44668296 ], [ 13.414533154683479, 52.446675323592217 ], [ 13.414578923949401, 52.446736257792828 ], [ 13.414581957541232, 52.446740681623069 ], [ 13.41458632, 52.44674034 ] ] ] } },
{ "type": "Feature", "properties": { "id": "versorggruen_2020.1300706161000000", "styp_id": "1300706161000000", "sst_name": "niedrige Bebauung mit Hausgärten", "voeff_name": "versorgter Bereich", "vpriv_name": "hoch: aufgelockerte Siedlungsbebauung", "versorg_sst": 1, "esst_name": "Low buildings with yards", "evoeff_name": "good availability", "evpriv_name": "high: loose settlement development" }, "geometry": { "type": "MultiPolygon", "coordinates": [ [ [ [ 13.40339829, 52.42320186 ], [ 13.403382907565295, 52.423182670473658 ], [ 13.403400768299072, 52.423205952370509 ], [ 13.403408020039349, 52.423215319106532 ], [ 13.40339829, 52.42320186 ] ] ], [ [ [ 13.40540328, 52.4258531 ], [ 13.405238461606293, 52.425640762643397 ], [ 13.405268726264451, 52.425684305027268 ], [ 13.405373093708512, 52.425833851736684 ], [ 13.405391316934331, 52.425862374842552 ], [ 13.405409265304092, 52.425890363757574 ], [ 13.405519959008963, 52.426062818171019 ], [ 13.40540328, 52.4258531 ] ] ], [ [ [ 13.40609097, 52.42708915 ], [ 13.405984888268144, 52.426898479313124 ], [ 13.406001784848982, 52.426931676042031 ], [ 13.406029587741786, 52.426986186871247 ], [ 13.406039198960398, 52.427005161994572 ], [ 13.406094965197855, 52.427114635348531 ], [ 13.406106835831052, 52.427148670166922 ], [ 13.40609097, 52.42708915 ] ] ] ] } },
{ "type": "Feature", "properties": { "id": "versorggruen_2020.1300706211000000", "styp_id": "1300706211000000", "sst_name": "niedrige Bebauung mit Hausgärten", "voeff_name": "versorgter Bereich", "vpriv_name": "hoch: aufgelockerte Siedlungsbebauung", "versorg_sst": 1, "esst_name": "Low buildings with yards", "evoeff_name": "good availability", "evpriv_name": "high: loose settlement development" }, "geometry": { "type": "MultiPolygon", "coordinates": [ [ [ [ 13.4134344, 52.44461465 ], [ 13.413432935358228, 52.444614737871063 ], [ 13.413455825003979, 52.444672522953226 ], [ 13.413481696629532, 52.444734767830383 ], [ 13.4134344, 52.44461465 ] ] ], [ [ [ 13.41454844, 52.44668296 ], [ 13.41406769, 52.44603326 ], [ 13.413949480371686, 52.445858937954384 ], [ 13.413951739326045, 52.445864417287424 ], [ 13.413977603886172, 52.445927189814881 ], [ 13.413985173579974, 52.445945444492793 ], [ 13.414033539395247, 52.446009786558939 ], [ 13.414168855361307, 52.446190030892026 ], [ 13.414443742067116, 52.446556285495525 ], [ 13.414533154683479, 52.446675323592217 ], [ 13.41454844, 52.44668296 ] ] ] ] } },
{ "type": "Feature", "properties": { "id": "versorggruen_2020.1300706231000100", "styp_id": "1300706231000100", "sst_name": "Zeilenbebauung seit den 50er Jahren", "voeff_name": "versorgter Bereich", "vpriv_name": "mittel: Zeilen oder kompakte Siedlung", "versorg_sst": 2, "esst_name": "Row development since the 1950s", "evoeff_name": "good availability", "evpriv_name": "medium: row development or compact settlement" }, "geometry": { "type": "Polygon", "coordinates": [ [ [ 13.4121792, 52.44150867 ], [ 13.412034577713934, 52.44114241475603 ], [ 13.412093319037787, 52.441295125992163 ], [ 13.412103491482968, 52.441321561762393 ], [ 13.412150542065367, 52.441443951978925 ], [ 13.412170003108793, 52.441494402005084 ], [ 13.412199755248482, 52.441577403373941 ], [ 13.412228220242296, 52.441650784884438 ], [ 13.412258133180204, 52.441727683392926 ], [ 13.412299379737112, 52.441834332991817 ], [ 13.412345865893512, 52.441954036168696 ], [ 13.412375677479162, 52.442030955690953 ], [ 13.4121792, 52.44150867 ] ] ] } },
{ "type": "Feature", "properties": { "id": "versorggruen_2020.1300740141000000", "styp_id": "1300740141000000", "sst_name": "Bebauung mit Gärten und halbprivater Umgrünung", "voeff_name": "nicht versorgter Bereich", "vpriv_name": "hoch: aufgelockerte Siedlungsbebauung", "versorg_sst": 10, "esst_name": "Development with yards and semi-private greening", "evoeff_name": "no availability", "evpriv_name": "high: loose settlement development" }, "geometry": { "type": "Polygon", "coordinates": [ [ [ 13.40250679, 52.41271373 ], [ 13.40503898, 52.41309282 ], [ 13.405039880749939, 52.413091250756054 ], [ 13.404713344025931, 52.41304223480352 ], [ 13.404648587651746, 52.413032495544009 ], [ 13.404582646727928, 52.413022578419842 ], [ 13.404408189442591, 52.412996459969996 ], [ 13.404213306488142, 52.412967152373028 ], [ 13.404156329936603, 52.412958596811755 ], [ 13.403912265153014, 52.41292191730507 ], [ 13.403753224111274, 52.412898074013185 ], [ 13.403668929116614, 52.412885426957267 ], [ 13.40341018491341, 52.412846471204155 ], [ 13.403152313223833, 52.412807796404621 ], [ 13.402772699316868, 52.412750725518087 ], [ 13.402508304146476, 52.412711022630162 ], [ 13.40250679, 52.41271373 ] ] ] } },
{ "type": "Feature", "properties": { "id": "versorggruen_2020.1300740151000000", "styp_id": "1300740151000000", "sst_name": "niedrige Bebauung mit Hausgärten", "voeff_name": "nicht versorgter Bereich", "vpriv_name": "hoch: aufgelockerte Siedlungsbebauung", "versorg_sst": 10, "esst_name": "Low buildings with yards", "evoeff_name": "no availability", "evpriv_name": "high: loose settlement development" }, "geometry": { "type": "MultiPolygon", "coordinates": [ [ [ [ 13.4051795, 52.41311219 ], [ 13.406066, 52.41324691 ], [ 13.40709126, 52.41335845 ], [ 13.40755602, 52.41340132 ], [ 13.40841827, 52.41344113 ], [ 13.408457607704324, 52.413439784854461 ], [ 13.408373273675089, 52.413437272844483 ], [ 13.408313621514015, 52.41343356549811 ], [ 13.408078525060498, 52.413424510509778 ], [ 13.408037689475794, 52.41342173975206 ], [ 13.407782603812102, 52.413411650723567 ], [ 13.407761886955369, 52.413409996026338 ], [ 13.40756088539462, 52.413401444196076 ], [ 13.407485828504438, 52.413393932426878 ], [ 13.407328798907461, 52.413377826534635 ], [ 13.407241698372886, 52.413369127346201 ], [ 13.407121536690434, 52.413356952566211 ], [ 13.407019600690729, 52.413346605722126 ], [ 13.406939546124951, 52.413337830426421 ], [ 13.406916185968294, 52.413335267810851 ], [ 13.406712455408295, 52.413312696422068 ], [ 13.406669280072959, 52.413307942561481 ], [ 13.406510208891332, 52.413290567272789 ], [ 13.406399307151974, 52.413278498597393 ], [ 13.40630015037708, 52.413268970832746 ], [ 13.40612713032367, 52.41324861070278 ], [ 13.40607321234377, 52.413244107390618 ], [ 13.406004780140456, 52.413235164487951 ], [ 13.405856161324117, 52.413212966108468 ], [ 13.405828550311375, 52.413210040250611 ], [ 13.405571122089466, 52.413170369719339 ], [ 13.405179672583085, 52.41311188063284 ], [ 13.4051795, 52.41311219 ] ] ], [ [ [ 13.41068476, 52.41331207 ], [ 13.410684188035331, 52.413302201015505 ], [ 13.410680101577183, 52.413302934698386 ], [ 13.410583906375988, 52.413320199194565 ], [ 13.410236776027228, 52.413359079335841 ], [ 13.41068476, 52.41331207 ] ] ] ] } },
{ "type": "Feature", "properties": { "id": "versorggruen_2020.1300740311000000", "styp_id": "1300740311000000", "sst_name": "niedrige Bebauung mit Hausgärten", "voeff_name": "unterversorgter Bereich", "vpriv_name": "hoch: aufgelockerte Siedlungsbebauung", "versorg_sst": 4, "esst_name": "Low buildings with yards", "evoeff_name": "reduced availability", "evpriv_name": "high: loose settlement development" }, "geometry": { "type": "Polygon", "coordinates": [ [ [ 13.417654765245347, 52.410991963045703 ], [ 13.417475606225651, 52.411060760170081 ], [ 13.417401250832086, 52.411088752354843 ], [ 13.417149503232773, 52.411184914285968 ], [ 13.417137128466225, 52.411190107341689 ], [ 13.416896273247678, 52.41128179311135 ], [ 13.416749351240979, 52.411337872599361 ], [ 13.416642459777933, 52.411379742527636 ], [ 13.416602413287722, 52.411396028660739 ], [ 13.416392170318558, 52.411477792560468 ], [ 13.416140834605372, 52.41157628660067 ], [ 13.416021275281112, 52.41162451385231 ], [ 13.415982417824447, 52.411638379093496 ], [ 13.415804991499407, 52.411707796205263 ], [ 13.415588850364561, 52.411793228975526 ], [ 13.415422733242622, 52.411858853230285 ], [ 13.417654765245347, 52.410991963045703 ] ] ] } },
{ "type": "Feature", "properties": { "id": "versorggruen_2020.1300746301000000", "styp_id": "1300746301000000", "sst_name": "Bebauung mit Gärten und halbprivater Umgrünung", "voeff_name": "versorgter Bereich", "vpriv_name": "hoch: aufgelockerte Siedlungsbebauung", "versorg_sst": 1, "esst_name": "Development with yards and semi-private greening", "evoeff_name": "good availability", "evpriv_name": "high: loose settlement development" }, "geometry": { "type": "Polygon", "coordinates": [ [ [ 13.41967704, 52.4104906 ], [ 13.419677028362877, 52.410490561850153 ], [ 13.419597507268646, 52.41050617049946 ], [ 13.41967704, 52.4104906 ] ] ] } },
{ "type": "Feature", "properties": { "id": "versorggruen_2020.1400750011000000", "styp_id": "1400750011000000", "sst_name": "Blockbebauung der Gründerzeit mit Seitenflügeln und Hinterhäusern", "voeff_name": "nicht versorgter Bereich", "vpriv_name": "gering: Blockrandbebauung", "versorg_sst": 12, "esst_name": "Wilhelminian-period block development with wings and rear buildings (until 1918)", "evoeff_name": "no availability", "evpriv_name": "low: Wilhelminian-period block-edge development" }, "geometry": { "type": "Polygon", "coordinates": [ [ [ 13.42086759, 52.49551911 ], [ 13.42230962, 52.4952719 ], [ 13.42470054, 52.49448633 ], [ 13.42159609, 52.49419947 ], [ 13.42079233, 52.49547291 ], [ 13.42086759, 52.49551911 ] ] ] } },
{ "type": "Feature", "properties": { "id": "versorggruen_2020.1400750021000000", "styp_id": "1400750021000000", "sst_name": "Blockbebauung der Gründerzeit mit Seitenflügeln und Hinterhäusern", "voeff_name": "nicht versorgter Bereich", "vpriv_name": "gering: Blockrandbebauung", "versorg_sst": 12, "esst_name": "Wilhelminian-period block development with wings and rear buildings (until 1918)", "evoeff_name": "no availability", "evpriv_name": "low: Wilhelminian-period block-edge development" }, "geometry": { "type": "Polygon", "coordinates": [ [ [ 13.42171612, 52.49403432 ], [ 13.4229966, 52.49416011 ], [ 13.42317377, 52.49315867 ], [ 13.422299355055861, 52.493080339942381 ], [ 13.422297535680793, 52.493083251204929 ], [ 13.422162238632797, 52.493301296694227 ], [ 13.422151258630484, 52.493318532667381 ], [ 13.42171612, 52.49403432 ] ] ] } },
{ "type": "Feature", "properties": { "id": "versorggruen_2020.1400750031000000", "styp_id": "1400750031000000", "sst_name": "Blockbebauung der Gründerzeit mit Seitenflügeln und Hinterhäusern", "voeff_name": "nicht versorgter Bereich", "vpriv_name": "gering: Blockrandbebauung", "versorg_sst": 12, "esst_name": "Wilhelminian-period block development with wings and rear buildings (until 1918)", "evoeff_name": "no availability", "evpriv_name": "low: Wilhelminian-period block-edge development" }, "geometry": { "type": "Polygon", "coordinates": [ [ [ 13.42506233, 52.49434734 ], [ 13.42533976, 52.49334852 ], [ 13.42345595, 52.49317641 ], [ 13.42327739, 52.49418263 ], [ 13.42506233, 52.49434734 ] ] ] } },
{ "type": "Feature", "properties": { "id": "versorggruen_2020.1400750041000000", "styp_id": "1400750041000000", "sst_name": "Blockbebauung der Gründerzeit mit Seitenflügeln und Hinterhäusern", "voeff_name": "nicht versorgter Bereich", "vpriv_name": "gering: Blockrandbebauung", "versorg_sst": 12, "esst_name": "Wilhelminian-period block development with wings and rear buildings (until 1918)", "evoeff_name": "no availability", "evpriv_name": "low: Wilhelminian-period block-edge development" }, "geometry": { "type": "Polygon", "coordinates": [ [ [ 13.42758195, 52.4935507 ], [ 13.42560449, 52.49337346 ], [ 13.42537567, 52.49427195 ], [ 13.42758195, 52.4935507 ] ] ] } },
{ "type": "Feature", "properties": { "id": "versorggruen_2020.1400750051000000", "styp_id": "1400750051000000", "sst_name": "Blockbebauung der Gründerzeit mit Seitenflügeln und Hinterhäusern", "voeff_name": "nicht versorgter Bereich", "vpriv_name": "gering: Blockrandbebauung", "versorg_sst": 12, "esst_name": "Wilhelminian-period block development with wings and rear buildings (until 1918)", "evoeff_name": "no availability", "evpriv_name": "low: Wilhelminian-period block-edge development" }, "geometry": { "type": "Polygon", "coordinates": [ [ [ 13.42582894, 52.49254845 ], [ 13.4256534, 52.493207 ], [ 13.4279237, 52.49340432 ], [ 13.42785051, 52.49272576 ], [ 13.42582894, 52.49254845 ] ] ] } },
{ "type": "Feature", "properties": { "id": "versorggruen_2020.1400750061000000", "styp_id": "1400750061000000", "sst_name": "Blockbebauung der Gründerzeit mit Seitenflügeln und Hinterhäusern", "voeff_name": "nicht versorgter Bereich", "vpriv_name": "gering: Blockrandbebauung", "versorg_sst": 12, "esst_name": "Wilhelminian-period block development with wings and rear buildings (until 1918)", "evoeff_name": "no availability", "evpriv_name": "low: Wilhelminian-period block-edge development" }, "geometry": { "type": "Polygon", "coordinates": [ [ [ 13.42240591, 52.49292208 ], [ 13.42538065, 52.49318204 ], [ 13.42555112, 52.49251319 ], [ 13.422809807069429, 52.492263329265143 ], [ 13.4228042169646, 52.492272277486663 ], [ 13.422777966924853, 52.492314293494651 ], [ 13.422726584638427, 52.492396513059518 ], [ 13.42240591, 52.49292208 ] ] ] } },
{ "type": "Feature", "properties": { "id": "versorggruen_2020.1400750071000000", "styp_id": "1400750071000000", "sst_name": "Blockbebauung der Gründerzeit mit Seitenflügeln und Hinterhäusern", "voeff_name": "nicht versorgter Bereich", "vpriv_name": "gering: Blockrandbebauung", "versorg_sst": 12, "esst_name": "Wilhelminian-period block development with wings and rear buildings (until 1918)", "evoeff_name": "no availability", "evpriv_name": "low: Wilhelminian-period block-edge development" }, "geometry": { "type": "Polygon", "coordinates": [ [ [ 13.42560649, 52.49231648 ], [ 13.42586539, 52.4913949 ], [ 13.423486008688828, 52.491177632941522 ], [ 13.423483998407162, 52.491180856964 ], [ 13.423376445762948, 52.491356179315453 ], [ 13.423241034278409, 52.491570726983475 ], [ 13.423109323089095, 52.491782680441808 ], [ 13.422948247112686, 52.492041751176551 ], [ 13.422931341037447, 52.492068796180476 ], [ 13.42560649, 52.49231648 ] ] ] } },
{ "type": "Feature", "properties": { "id": "versorggruen_2020.1400750081000000", "styp_id": "1400750081000000", "sst_name": "Blockbebauung der Gründerzeit mit Seitenflügeln und Hinterhäusern", "voeff_name": "schlecht versorgter Bereich", "vpriv_name": "gering: Blockrandbebauung", "versorg_sst": 9, "esst_name": "Wilhelminian-period block development with wings and rear buildings (until 1918)", "evoeff_name": "poor availability", "evpriv_name": "low: Wilhelminian-period block-edge development" }, "geometry": { "type": "Polygon", "coordinates": [ [ [ 13.42588613, 52.49233763 ], [ 13.42784488, 52.49252336 ], [ 13.42770786, 52.49156786 ], [ 13.42615234, 52.49142504 ], [ 13.42588613, 52.49233763 ] ] ] } },
{ "type": "Feature", "properties": { "id": "versorggruen_2020.1400750091000000", "styp_id": "1400750091000000", "sst_name": "Blockbebauung der Gründerzeit mit Seitenflügeln und Hinterhäusern", "voeff_name": "schlecht versorgter Bereich", "vpriv_name": "gering: Blockrandbebauung", "versorg_sst": 9, "esst_name": "Wilhelminian-period block development with wings and rear buildings (until 1918)", "evoeff_name": "poor availability", "evpriv_name": "low: Wilhelminian-period block-edge development" }, "geometry": { "type": "Polygon", "coordinates": [ [ [ 13.42829198, 52.49328348 ], [ 13.43028682, 52.49265235 ], [ 13.43032427, 52.49250683 ], [ 13.42921475, 52.49172136 ], [ 13.42902155, 52.49146851 ], [ 13.42810235, 52.4915838 ], [ 13.42829198, 52.49328348 ] ] ] } },
{ "type": "Feature", "properties": { "id": "versorggruen_2020.1400750101000000", "styp_id": "1400750101000000", "sst_name": "dichte Bebauung mit überwiegender Nutzung durch Gewerbe und Industrie", "voeff_name": "schlecht versorgter Bereich", "vpriv_name": "kein: alle anderen Strukturtypen", "versorg_sst": 9, "esst_name": "Dense development with predominantly commercial and industrial use", "evoeff_name": "poor availability", "evpriv_name": "none: all other structure types" }, "geometry": { "type": "Polygon", "coordinates": [ [ [ 13.43277111, 52.49185934 ], [ 13.43231524, 52.49140388 ], [ 13.43014944, 52.49209496 ], [ 13.43071, 52.49251017 ], [ 13.43277111, 52.49185934 ] ] ] } },
{ "type": "Feature", "properties": { "id": "versorggruen_2020.1400750111000000", "styp_id": "1400750111000000", "sst_name": "Blockbebauung der Gründerzeit mit Seitenflügeln und Hinterhäusern", "voeff_name": "schlecht versorgter Bereich", "vpriv_name": "gering: Blockrandbebauung", "versorg_sst": 9, "esst_name": "Wilhelminian-period block development with wings and rear buildings (until 1918)", "evoeff_name": "poor availability", "evpriv_name": "low: Wilhelminian-period block-edge development" }, "geometry": { "type": "Polygon", "coordinates": [ [ [ 13.42946254, 52.49161932 ], [ 13.42994392, 52.49195982 ], [ 13.43218343, 52.49124729 ], [ 13.43167041, 52.49073601 ], [ 13.43047153, 52.49117797 ], [ 13.4292927, 52.49141055 ], [ 13.42946254, 52.49161932 ] ] ] } },
{ "type": "Feature", "properties": { "id": "versorggruen_2020.1400750121000000", "styp_id": "1400750121000000", "sst_name": "Blockbebauung der Gründerzeit mit Seitenflügeln und Hinterhäusern", "voeff_name": "schlecht versorgter Bereich", "vpriv_name": "gering: Blockrandbebauung", "versorg_sst": 9, "esst_name": "Wilhelminian-period block development with wings and rear buildings (until 1918)", "evoeff_name": "poor availability", "evpriv_name": "low: Wilhelminian-period block-edge development" }, "geometry": { "type": "Polygon", "coordinates": [ [ [ 13.427993, 52.49134637 ], [ 13.42889008, 52.49123824 ], [ 13.42885592, 52.49031975 ], [ 13.42776793, 52.49032781 ], [ 13.427993, 52.49134637 ] ] ] } },
{ "type": "Feature", "properties": { "id": "versorggruen_2020.1400750131000000", "styp_id": "1400750131000000", "sst_name": "Blockrandbebauung der Gründerzeit mit massiven Veränderungen", "voeff_name": "schlecht versorgter Bereich", "vpriv_name": "gering: Blockrandbebauung", "versorg_sst": 9, "esst_name": "Wilhelminian-period block-edge development with major changes", "evoeff_name": "poor availability", "evpriv_name": "low: Wilhelminian-period block-edge development" }, "geometry": { "type": "Polygon", "coordinates": [ [ [ 13.42762326, 52.49139158 ], [ 13.42770603, 52.49131983 ], [ 13.42746612, 52.4903282 ], [ 13.4264669, 52.49023935 ], [ 13.42619143, 52.49124807 ], [ 13.42762326, 52.49139158 ] ] ] } },
{ "type": "Feature", "properties": { "id": "versorggruen_2020.1400750141000000", "styp_id": "1400750141000000", "sst_name": "Blockbebauung der Gründerzeit mit Seitenflügeln und Hinterhäusern", "voeff_name": "nicht versorgter Bereich", "vpriv_name": "gering: Blockrandbebauung", "versorg_sst": 12, "esst_name": "Wilhelminian-period block development with wings and rear buildings (until 1918)", "evoeff_name": "no availability", "evpriv_name": "low: Wilhelminian-period block-edge development" }, "geometry": { "type": "Polygon", "coordinates": [ [ [ 13.42591477, 52.49122154 ], [ 13.42619468, 52.49020923 ], [ 13.424202634332142, 52.490031927401546 ], [ 13.424197528675879, 52.490040161396948 ], [ 13.424047726230718, 52.490279666353373 ], [ 13.42398025515277, 52.490387478687119 ], [ 13.423829423675695, 52.490628507132946 ], [ 13.423759110041596, 52.490740812973186 ], [ 13.42369505081095, 52.490842970257468 ], [ 13.423592693803705, 52.491006571082771 ], [ 13.42591477, 52.49122154 ] ] ] } },
{ "type": "Feature", "properties": { "id": "versorggruen_2020.1400750151000000", "styp_id": "1400750151000000", "sst_name": "Blockbebauung der Gründerzeit mit Seitenflügeln und Hinterhäusern", "voeff_name": "nicht versorgter Bereich", "vpriv_name": "gering: Blockrandbebauung", "versorg_sst": 12, "esst_name": "Wilhelminian-period block development with wings and rear buildings (until 1918)", "evoeff_name": "no availability", "evpriv_name": "low: Wilhelminian-period block-edge development" }, "geometry": { "type": "Polygon", "coordinates": [ [ [ 13.424876518473544, 52.488940025981591 ], [ 13.424876528806083, 52.488940198906683 ], [ 13.424780568268051, 52.489096040356387 ], [ 13.424692459664028, 52.489239048118378 ], [ 13.424672299768149, 52.489271902811858 ], [ 13.424578554530981, 52.489424240101691 ], [ 13.424426384264027, 52.489669944826339 ], [ 13.424310254286445, 52.489858263455659 ], [ 13.42623228, 52.49003495 ], [ 13.42669927, 52.48834537 ], [ 13.42529517, 52.48827379 ], [ 13.425006500522089, 52.488733174430294 ], [ 13.424978851268676, 52.488777357108269 ], [ 13.424977223219724, 52.488780050739727 ], [ 13.424977052867051, 52.488780037002435 ], [ 13.424935539088125, 52.488846101429537 ], [ 13.424901297150363, 52.488900788100743 ], [ 13.424901180607854, 52.488900779017897 ], [ 13.424876518473544, 52.488940025981591 ] ] ] } },
{ "type": "Feature", "properties": { "id": "versorggruen_2020.1400750161000000", "styp_id": "1400750161000000", "sst_name": "Blockbebauung der Gründerzeit mit Seitenflügeln und Hinterhäusern", "voeff_name": "schlecht versorgter Bereich", "vpriv_name": "gering: Blockrandbebauung", "versorg_sst": 9, "esst_name": "Wilhelminian-period block development with wings and rear buildings (until 1918)", "evoeff_name": "poor availability", "evpriv_name": "low: Wilhelminian-period block-edge development" }, "geometry": { "type": "Polygon", "coordinates": [ [ [ 13.42651188, 52.49006059 ], [ 13.427439, 52.49014034 ], [ 13.42777957, 52.48840111 ], [ 13.42697447, 52.48836381 ], [ 13.42651188, 52.49006059 ] ] ] } },
{ "type": "Feature", "properties": { "id": "versorggruen_2020.1400750171000000", "styp_id": "1400750171000000", "sst_name": "Blockbebauung der Gründerzeit mit Seitenflügeln und Hinterhäusern", "voeff_name": "schlecht versorgter Bereich", "vpriv_name": "gering: Blockrandbebauung", "versorg_sst": 9, "esst_name": "Wilhelminian-period block development with wings and rear buildings (until 1918)", "evoeff_name": "poor availability", "evpriv_name": "low: Wilhelminian-period block-edge development" }, "geometry": { "type": "Polygon", "coordinates": [ [ [ 13.42886552, 52.49015082 ], [ 13.42880118, 52.48841181 ], [ 13.42805183, 52.48841864 ], [ 13.42771422, 52.49015878 ], [ 13.42886552, 52.49015082 ] ] ] } },
{ "type": "Feature", "properties": { "id": "versorggruen_2020.1400750181000000", "styp_id": "1400750181000000", "sst_name": "Blockbebauung der Gründerzeit mit Seitenflügeln und Hinterhäusern", "voeff_name": "schlecht versorgter Bereich", "vpriv_name": "gering: Blockrandbebauung", "versorg_sst": 9, "esst_name": "Wilhelminian-period block development with wings and rear buildings (until 1918)", "evoeff_name": "poor availability", "evpriv_name": "low: Wilhelminian-period block-edge development" }, "geometry": { "type": "Polygon", "coordinates": [ [ [ 13.42922881, 52.48989891 ], [ 13.42923011, 52.49125049 ], [ 13.4303692, 52.49101514 ], [ 13.43158723, 52.49056962 ], [ 13.4304778, 52.48943997 ], [ 13.42922881, 52.48989891 ] ] ] } },
{ "type": "Feature", "properties": { "id": "versorggruen_2020.1400750191000000", "styp_id": "1400750191000000", "sst_name": "Blockbebauung der Gründerzeit mit Seitenflügeln und Hinterhäusern", "voeff_name": "schlecht versorgter Bereich", "vpriv_name": "gering: Blockrandbebauung", "versorg_sst": 9, "esst_name": "Wilhelminian-period block development with wings and rear buildings (until 1918)", "evoeff_name": "poor availability", "evpriv_name": "low: Wilhelminian-period block-edge development" }, "geometry": { "type": "Polygon", "coordinates": [ [ [ 13.43202404, 52.4906683 ], [ 13.43250039, 52.49115076 ], [ 13.4343477, 52.49055437 ], [ 13.43382447, 52.49001612 ], [ 13.43202404, 52.4906683 ] ] ] } },
{ "type": "Feature", "properties": { "id": "versorggruen_2020.1400750201000000", "styp_id": "1400750201000000", "sst_name": "Blockbebauung der Gründerzeit mit Seitenflügeln und Hinterhäusern", "voeff_name": "schlecht versorgter Bereich", "vpriv_name": "gering: Blockrandbebauung", "versorg_sst": 9, "esst_name": "Wilhelminian-period block development with wings and rear buildings (until 1918)", "evoeff_name": "poor availability", "evpriv_name": "low: Wilhelminian-period block-edge development" }, "geometry": { "type": "Polygon", "coordinates": [ [ [ 13.43309392, 52.49177091 ], [ 13.43493245, 52.49116551 ], [ 13.43448543, 52.49070467 ], [ 13.43264696, 52.49130018 ], [ 13.43309392, 52.49177091 ] ] ] } },
{ "type": "Feature", "properties": { "id": "versorggruen_2020.1400750221000000", "styp_id": "1400750221000000", "sst_name": "Blockbebauung der Gründerzeit mit Seitenflügeln und Hinterhäusern", "voeff_name": "schlecht versorgter Bereich", "vpriv_name": "gering: Blockrandbebauung", "versorg_sst": 9, "esst_name": "Wilhelminian-period block development with wings and rear buildings (until 1918)", "evoeff_name": "poor availability", "evpriv_name": "low: Wilhelminian-period block-edge development" }, "geometry": { "type": "Polygon", "coordinates": [ [ [ 13.43103181, 52.48966466 ], [ 13.43183493, 52.49048646 ], [ 13.43364125, 52.4898343 ], [ 13.4328411, 52.48899993 ], [ 13.43103181, 52.48966466 ] ] ] } },
{ "type": "Feature", "properties": { "id": "versorggruen_2020.1400750241000100", "styp_id": "1400750241000100", "sst_name": "Bebauung mit überwiegender Nutzung durch Gemeinbedarf und Sondernutzung, Verkehrsflächen ohne Straßen", "voeff_name": "schlecht versorgter Bereich", "vpriv_name": "mittel: Zeilen oder kompakte Siedlung", "versorg_sst": 8, "esst_name": "Development with predominantly public and special use or non-street traffic area", "evoeff_name": "poor availability", "evpriv_name": "medium: row development or compact settlement" }, "geometry": { "type": "Polygon", "coordinates": [ [ [ 13.43088084, 52.48951343 ], [ 13.43181086, 52.48917572 ], [ 13.43094802, 52.4883084 ], [ 13.43001804, 52.48864398 ], [ 13.43088084, 52.48951343 ] ] ] } },
{ "type": "Feature", "properties": { "id": "versorggruen_2020.1400750241000200", "styp_id": "1400750241000200", "sst_name": "Blockbebauung der Gründerzeit mit Seitenflügeln und Hinterhäusern", "voeff_name": "schlecht versorgter Bereich", "vpriv_name": "gering: Blockrandbebauung", "versorg_sst": 9, "esst_name": "Wilhelminian-period block development with wings and rear buildings (until 1918)", "evoeff_name": "poor availability", "evpriv_name": "low: Wilhelminian-period block-edge development" }, "geometry": { "type": "Polygon", "coordinates": [ [ [ 13.43094802, 52.4883084 ], [ 13.43185695, 52.48797877 ], [ 13.43146653, 52.4875733 ], [ 13.42959993, 52.48822263 ], [ 13.43001804, 52.48864398 ], [ 13.43094802, 52.4883084 ] ] ] } },
{ "type": "Feature", "properties": { "id": "versorggruen_2020.1400750251000200", "styp_id": "1400750251000200", "sst_name": "Blockrandbebauung der Gründerzeit mit massiven Veränderungen", "voeff_name": "schlecht versorgter Bereich", "vpriv_name": "gering: Blockrandbebauung", "versorg_sst": 9, "esst_name": "Wilhelminian-period block-edge development with major changes", "evoeff_name": "poor availability", "evpriv_name": "low: Wilhelminian-period block-edge development" }, "geometry": { "type": "Polygon", "coordinates": [ [ [ 13.43399505, 52.48972434 ], [ 13.43484652, 52.48937049 ], [ 13.43364413, 52.48808791 ], [ 13.43344236, 52.48814663 ], [ 13.43330628, 52.48800067 ], [ 13.43253343, 52.48720291 ], [ 13.4318027, 52.48745523 ], [ 13.43399505, 52.48972434 ] ] ] } },
{ "type": "Feature", "properties": { "id": "versorggruen_2020.1400750281000000", "styp_id": "1400750281000000", "sst_name": "Blockbebauung der Gründerzeit mit Seitenflügeln und Hinterhäusern", "voeff_name": "versorgter Bereich", "vpriv_name": "gering: Blockrandbebauung", "versorg_sst": 3, "esst_name": "Wilhelminian-period block development with wings and rear buildings (until 1918)", "evoeff_name": "good availability", "evpriv_name": "low: Wilhelminian-period block-edge development" }, "geometry": { "type": "Polygon", "coordinates": [ [ [ 13.44045243, 52.48928805 ], [ 13.44194699, 52.48851125 ], [ 13.44079939, 52.48765304 ], [ 13.44070363, 52.48767176 ], [ 13.44061608, 52.48783607 ], [ 13.4400994, 52.4892183 ], [ 13.44045243, 52.48928805 ] ] ] } },
{ "type": "Feature", "properties": { "id": "versorggruen_2020.1400750291000000", "styp_id": "1400750291000000", "sst_name": "hohe Bebauung der Nachkriegszeit", "voeff_name": "versorgter Bereich", "vpriv_name": "mittel: Zeilen oder kompakte Siedlung", "versorg_sst": 2, "esst_name": "Postwar high-rise development", "evoeff_name": "good availability", "evpriv_name": "medium: row development or compact settlement" }, "geometry": { "type": "Polygon", "coordinates": [ [ [ 13.44401678, 52.48745675 ], [ 13.44253756, 52.48634012 ], [ 13.44175123, 52.48674778 ], [ 13.44122427, 52.48708755 ], [ 13.44086801, 52.48743837 ], [ 13.44216682, 52.48839567 ], [ 13.44401678, 52.48745675 ] ] ] } },
{ "type": "Feature", "properties": { "id": "versorggruen_2020.1400750301000000", "styp_id": "1400750301000000", "sst_name": "Blockrand- und Zeilenbebauung der 20er und 30er Jahre", "voeff_name": "schlecht versorgter Bereich", "vpriv_name": "mittel: Zeilen oder kompakte Siedlung", "versorg_sst": 8, "esst_name": "Block-edge and row development of the 1920s and 1930s", "evoeff_name": "poor availability", "evpriv_name": "medium: row development or compact settlement" }, "geometry": { "type": "Polygon", "coordinates": [ [ [ 13.44716244, 52.48837241 ], [ 13.44604613, 52.48762252 ], [ 13.44526095, 52.48703989 ], [ 13.444447218277277, 52.48745943957212 ], [ 13.444736298164884, 52.487646171689079 ], [ 13.445233864210905, 52.487967489445118 ], [ 13.446475894201521, 52.488769630840331 ], [ 13.446764425885437, 52.488954904900893 ], [ 13.447013429774843, 52.488827105595142 ], [ 13.447423964768715, 52.48861642117226 ], [ 13.447466043799123, 52.488594829644448 ], [ 13.44716244, 52.48837241 ] ] ] } },
{ "type": "Feature", "properties": { "id": "versorggruen_2020.1400750311000000", "styp_id": "1400750311000000", "sst_name": "Blockrand- und Zeilenbebauung der 20er und 30er Jahre", "voeff_name": "schlecht versorgter Bereich", "vpriv_name": "mittel: Zeilen oder kompakte Siedlung", "versorg_sst": 8, "esst_name": "Block-edge and row development of the 1920s and 1930s", "evoeff_name": "poor availability", "evpriv_name": "medium: row development or compact settlement" }, "geometry": { "type": "Polygon", "coordinates": [ [ [ 13.44854262, 52.48804059 ], [ 13.44629359, 52.48650766 ], [ 13.44549403, 52.48692162 ], [ 13.44639873, 52.48758154 ], [ 13.447705506945894, 52.488471955816259 ], [ 13.448419735193053, 52.488105466638928 ], [ 13.44854262, 52.48804059 ] ] ] } },
{ "type": "Feature", "properties": { "id": "versorggruen_2020.1400750331000000", "styp_id": "1400750331000000", "sst_name": "Blockrand- und Zeilenbebauung der 20er und 30er Jahre", "voeff_name": "schlecht versorgter Bereich", "vpriv_name": "mittel: Zeilen oder kompakte Siedlung", "versorg_sst": 8, "esst_name": "Block-edge and row development of the 1920s and 1930s", "evoeff_name": "poor availability", "evpriv_name": "medium: row development or compact settlement" }, "geometry": { "type": "Polygon", "coordinates": [ [ [ 13.44513353, 52.48688063 ], [ 13.44476812, 52.48660508 ], [ 13.44393029, 52.48701358 ], [ 13.44432071, 52.48729276 ], [ 13.44513353, 52.48688063 ] ] ] } },
{ "type": "Feature", "properties": { "id": "versorggruen_2020.1400750341000000", "styp_id": "1400750341000000", "sst_name": "Blockbebauung der Gründerzeit mit Seitenflügeln und Hinterhäusern", "voeff_name": "schlecht versorgter Bereich", "vpriv_name": "gering: Blockrandbebauung", "versorg_sst": 9, "esst_name": "Wilhelminian-period block development with wings and rear buildings (until 1918)", "evoeff_name": "poor availability", "evpriv_name": "low: Wilhelminian-period block-edge development" }, "geometry": { "type": "Polygon", "coordinates": [ [ [ 13.44284001, 52.48617704 ], [ 13.44378509, 52.48688215 ], [ 13.44481768, 52.48636791 ], [ 13.44537251, 52.48675878 ], [ 13.44613813, 52.48636634 ], [ 13.44466332, 52.48524705 ], [ 13.44284001, 52.48617704 ] ] ] } },
{ "type": "Feature", "properties": { "id": "versorggruen_2020.1400750361000000", "styp_id": "1400750361000000", "sst_name": "Blockbebauung der Gründerzeit mit Seitenflügeln und Hinterhäusern", "voeff_name": "schlecht versorgter Bereich", "vpriv_name": "gering: Blockrandbebauung", "versorg_sst": 9, "esst_name": "Wilhelminian-period block development with wings and rear buildings (until 1918)", "evoeff_name": "poor availability", "evpriv_name": "low: Wilhelminian-period block-edge development" }, "geometry": { "type": "Polygon", "coordinates": [ [ [ 13.43791008, 52.4878929 ], [ 13.43982943, 52.48692 ], [ 13.43896811, 52.48626262 ], [ 13.43853459, 52.48643357 ], [ 13.4369651, 52.48717965 ], [ 13.43791008, 52.4878929 ] ] ] } },
{ "type": "Feature", "properties": { "id": "versorggruen_2020.1400750371000000", "styp_id": "1400750371000000", "sst_name": "Blockbebauung der Gründerzeit mit Seitenflügeln und Hinterhäusern", "voeff_name": "schlecht versorgter Bereich", "vpriv_name": "gering: Blockrandbebauung", "versorg_sst": 9, "esst_name": "Wilhelminian-period block development with wings and rear buildings (until 1918)", "evoeff_name": "poor availability", "evpriv_name": "low: Wilhelminian-period block-edge development" }, "geometry": { "type": "Polygon", "coordinates": [ [ [ 13.43681109, 52.48705 ], [ 13.43771249, 52.48659492 ], [ 13.43830692, 52.48631729 ], [ 13.43879791, 52.48613204 ], [ 13.43751552, 52.48515585 ], [ 13.43558443, 52.4861242 ], [ 13.43681109, 52.48705 ] ] ] } },
{ "type": "Feature", "properties": { "id": "versorggruen_2020.1400750391000000", "styp_id": "1400750391000000", "sst_name": "Blockbebauung der Gründerzeit mit Seitenflügeln und Hinterhäusern", "voeff_name": "schlecht versorgter Bereich", "vpriv_name": "gering: Blockrandbebauung", "versorg_sst": 9, "esst_name": "Wilhelminian-period block development with wings and rear buildings (until 1918)", "evoeff_name": "poor availability", "evpriv_name": "low: Wilhelminian-period block-edge development" }, "geometry": { "type": "Polygon", "coordinates": [ [ [ 13.43433201, 52.48638997 ], [ 13.43517092, 52.48609118 ], [ 13.43377123, 52.48502579 ], [ 13.43319626, 52.48522705 ], [ 13.43433201, 52.48638997 ] ] ] } },
{ "type": "Feature", "properties": { "id": "versorggruen_2020.1400750401000000", "styp_id": "1400750401000000", "sst_name": "Blockbebauung der Gründerzeit mit Seitenflügeln und Hinterhäusern", "voeff_name": "schlecht versorgter Bereich", "vpriv_name": "gering: Blockrandbebauung", "versorg_sst": 9, "esst_name": "Wilhelminian-period block development with wings and rear buildings (until 1918)", "evoeff_name": "poor availability", "evpriv_name": "low: Wilhelminian-period block-edge development" }, "geometry": { "type": "Polygon", "coordinates": [ [ [ 13.4328091, 52.48690421 ], [ 13.43407405, 52.48646953 ], [ 13.4329456, 52.485321 ], [ 13.43169978, 52.48576109 ], [ 13.4328091, 52.48690421 ] ] ] } },
{ "type": "Feature", "properties": { "id": "versorggruen_2020.1400750411000000", "styp_id": "1400750411000000", "sst_name": "Blockbebauung der Gründerzeit mit Seitenflügeln und Hinterhäusern", "voeff_name": "schlecht versorgter Bereich", "vpriv_name": "gering: Blockrandbebauung", "versorg_sst": 9, "esst_name": "Wilhelminian-period block development with wings and rear buildings (until 1918)", "evoeff_name": "poor availability", "evpriv_name": "low: Wilhelminian-period block-edge development" }, "geometry": { "type": "Polygon", "coordinates": [ [ [ 13.43166791, 52.48730853 ], [ 13.43256879, 52.4869847 ], [ 13.43145357, 52.48584606 ], [ 13.43055569, 52.48616 ], [ 13.43166791, 52.48730853 ] ] ] } },
{ "type": "Feature", "properties": { "id": "versorggruen_2020.1400750421000000", "styp_id": "1400750421000000", "sst_name": "Blockbebauung der Gründerzeit mit Seitenflügeln und Hinterhäusern", "voeff_name": "schlecht versorgter Bereich", "vpriv_name": "gering: Blockrandbebauung", "versorg_sst": 9, "esst_name": "Wilhelminian-period block development with wings and rear buildings (until 1918)", "evoeff_name": "poor availability", "evpriv_name": "low: Wilhelminian-period block-edge development" }, "geometry": { "type": "Polygon", "coordinates": [ [ [ 13.42918368, 52.48781305 ], [ 13.42945779, 52.48807681 ], [ 13.43131999, 52.48742119 ], [ 13.4302092, 52.48628434 ], [ 13.42914623, 52.48664383 ], [ 13.42918368, 52.48781305 ] ] ] } },
{ "type": "Feature", "properties": { "id": "versorggruen_2020.1400750431000000", "styp_id": "1400750431000000", "sst_name": "Blockbebauung der Gründerzeit mit Seitenflügeln und Hinterhäusern", "voeff_name": "schlecht versorgter Bereich", "vpriv_name": "gering: Blockrandbebauung", "versorg_sst": 9, "esst_name": "Wilhelminian-period block development with wings and rear buildings (until 1918)", "evoeff_name": "poor availability", "evpriv_name": "low: Wilhelminian-period block-edge development" }, "geometry": { "type": "Polygon", "coordinates": [ [ [ 13.42807912, 52.48824435 ], [ 13.42880048, 52.48824107 ], [ 13.4287541, 52.48676719 ], [ 13.42810083, 52.48701952 ], [ 13.42807912, 52.48824435 ] ] ] } },
{ "type": "Feature", "properties": { "id": "versorggruen_2020.1400750441000000", "styp_id": "1400750441000000", "sst_name": "Blockbebauung der Gründerzeit mit Seitenflügeln und Hinterhäusern", "voeff_name": "schlecht versorgter Bereich", "vpriv_name": "gering: Blockrandbebauung", "versorg_sst": 9, "esst_name": "Wilhelminian-period block development with wings and rear buildings (until 1918)", "evoeff_name": "poor availability", "evpriv_name": "low: Wilhelminian-period block-edge development" }, "geometry": { "type": "Polygon", "coordinates": [ [ [ 13.42780243, 52.48822861 ], [ 13.4278207, 52.4871143 ], [ 13.42711445, 52.48736114 ], [ 13.42702825, 52.48819136 ], [ 13.42780243, 52.48822861 ] ] ] } },
{ "type": "Feature", "properties": { "id": "versorggruen_2020.1400750451000000", "styp_id": "1400750451000000", "sst_name": "Blockbebauung der Gründerzeit mit Seitenflügeln und Hinterhäusern", "voeff_name": "nicht versorgter Bereich", "vpriv_name": "gering: Blockrandbebauung", "versorg_sst": 12, "esst_name": "Wilhelminian-period block development with wings and rear buildings (until 1918)", "evoeff_name": "no availability", "evpriv_name": "low: Wilhelminian-period block-edge development" }, "geometry": { "type": "Polygon", "coordinates": [ [ [ 13.42544346, 52.48812529 ], [ 13.426741, 52.48818972 ], [ 13.42680777, 52.48746667 ], [ 13.42551162, 52.48794076 ], [ 13.42541169, 52.48808716 ], [ 13.42544346, 52.48812529 ] ] ] } },
{ "type": "Feature", "properties": { "id": "versorggruen_2020.1400750481000000", "styp_id": "1400750481000000", "sst_name": "Blockbebauung der Gründerzeit mit Seitenflügeln und Hinterhäusern", "voeff_name": "nicht versorgter Bereich", "vpriv_name": "gering: Blockrandbebauung", "versorg_sst": 12, "esst_name": "Wilhelminian-period block development with wings and rear buildings (until 1918)", "evoeff_name": "no availability", "evpriv_name": "low: Wilhelminian-period block-edge development" }, "geometry": { "type": "Polygon", "coordinates": [ [ [ 13.42910469, 52.48624528 ], [ 13.42920675, 52.48628409 ], [ 13.43001176, 52.48599464 ], [ 13.42949158, 52.48545908 ], [ 13.42906316, 52.48547184 ], [ 13.42910469, 52.48624528 ] ] ] } },
{ "type": "Feature", "properties": { "id": "versorggruen_2020.1400750491000000", "styp_id": "1400750491000000", "sst_name": "Blockbebauung der Gründerzeit mit Seitenflügeln und Hinterhäusern", "voeff_name": "nicht versorgter Bereich", "vpriv_name": "gering: Blockrandbebauung", "versorg_sst": 12, "esst_name": "Wilhelminian-period block development with wings and rear buildings (until 1918)", "evoeff_name": "no availability", "evpriv_name": "low: Wilhelminian-period block-edge development" }, "geometry": { "type": "Polygon", "coordinates": [ [ [ 13.43024912, 52.48591596 ], [ 13.43347204, 52.48477548 ], [ 13.43244796, 52.48400634 ], [ 13.42979495, 52.48543083 ], [ 13.43024912, 52.48591596 ] ] ] } },
{ "type": "Feature", "properties": { "id": "versorggruen_2020.1400750501000000", "styp_id": "1400750501000000", "sst_name": "Blockbebauung der Gründerzeit mit Seitenflügeln und Hinterhäusern", "voeff_name": "schlecht versorgter Bereich", "vpriv_name": "gering: Blockrandbebauung", "versorg_sst": 9, "esst_name": "Wilhelminian-period block development with wings and rear buildings (until 1918)", "evoeff_name": "poor availability", "evpriv_name": "low: Wilhelminian-period block-edge development" }, "geometry": { "type": "Polygon", "coordinates": [ [ [ 13.43538043, 52.48598008 ], [ 13.43732919, 52.48501177 ], [ 13.4359148, 52.4839383 ], [ 13.43397781, 52.484912 ], [ 13.43538043, 52.48598008 ] ] ] } },
{ "type": "Feature", "properties": { "id": "versorggruen_2020.1400750521000000", "styp_id": "1400750521000000", "sst_name": "Blockbebauung der Gründerzeit mit Seitenflügeln und Hinterhäusern", "voeff_name": "schlecht versorgter Bereich", "vpriv_name": "gering: Blockrandbebauung", "versorg_sst": 9, "esst_name": "Wilhelminian-period block development with wings and rear buildings (until 1918)", "evoeff_name": "poor availability", "evpriv_name": "low: Wilhelminian-period block-edge development" }, "geometry": { "type": "Polygon", "coordinates": [ [ [ 13.44402496, 52.48477157 ], [ 13.44295522, 52.48396562 ], [ 13.44110851, 52.48486229 ], [ 13.44221638, 52.48569888 ], [ 13.44402496, 52.48477157 ] ] ] } },
{ "type": "Feature", "properties": { "id": "versorggruen_2020.1400750601000000", "styp_id": "1400750601000000", "sst_name": "Blockbebauung der Gründerzeit mit Seitenflügeln und Hinterhäusern", "voeff_name": "schlecht versorgter Bereich", "vpriv_name": "gering: Blockrandbebauung", "versorg_sst": 9, "esst_name": "Wilhelminian-period block development with wings and rear buildings (until 1918)", "evoeff_name": "poor availability", "evpriv_name": "low: Wilhelminian-period block-edge development" }, "geometry": { "type": "Polygon", "coordinates": [ [ [ 13.4399185, 52.48396625 ], [ 13.44093242, 52.48472991 ], [ 13.44278648, 52.48383595 ], [ 13.44175933, 52.4830615 ], [ 13.4399185, 52.48396625 ] ] ] } },
{ "type": "Feature", "properties": { "id": "versorggruen_2020.1400750611000000", "styp_id": "1400750611000000", "sst_name": "Blockbebauung der Gründerzeit mit Seitenflügeln und Hinterhäusern", "voeff_name": "schlecht versorgter Bereich", "vpriv_name": "gering: Blockrandbebauung", "versorg_sst": 9, "esst_name": "Wilhelminian-period block development with wings and rear buildings (until 1918)", "evoeff_name": "poor availability", "evpriv_name": "low: Wilhelminian-period block-edge development" }, "geometry": { "type": "Polygon", "coordinates": [ [ [ 13.437546, 52.48491237 ], [ 13.43944148, 52.48398797 ], [ 13.43802119, 52.48291361 ], [ 13.43613894, 52.4838452 ], [ 13.437546, 52.48491237 ] ] ] } },
{ "type": "Feature", "properties": { "id": "versorggruen_2020.1400750621000000", "styp_id": "1400750621000000", "sst_name": "Blockbebauung der Gründerzeit mit Seitenflügeln und Hinterhäusern", "voeff_name": "nicht versorgter Bereich", "vpriv_name": "gering: Blockrandbebauung", "versorg_sst": 12, "esst_name": "Wilhelminian-period block development with wings and rear buildings (until 1918)", "evoeff_name": "no availability", "evpriv_name": "low: Wilhelminian-period block-edge development" }, "geometry": { "type": "Polygon", "coordinates": [ [ [ 13.43367417, 52.48466976 ], [ 13.43560811, 52.48371763 ], [ 13.43466479, 52.48298999 ], [ 13.43267074, 52.48389078 ], [ 13.43367417, 52.48466976 ] ] ] } },
{ "type": "Feature", "properties": { "id": "versorggruen_2020.1400750801000000", "styp_id": "1400750801000000", "sst_name": "Blockbebauung der Gründerzeit mit Seitenflügeln und Hinterhäusern", "voeff_name": "nicht versorgter Bereich", "vpriv_name": "gering: Blockrandbebauung", "versorg_sst": 12, "esst_name": "Wilhelminian-period block development with wings and rear buildings (until 1918)", "evoeff_name": "no availability", "evpriv_name": "low: Wilhelminian-period block-edge development" }, "geometry": { "type": "Polygon", "coordinates": [ [ [ 13.43582348, 52.48361014 ], [ 13.43719825, 52.48293836 ], [ 13.4359926, 52.48228669 ], [ 13.43487136, 52.48287709 ], [ 13.43582348, 52.48361014 ] ] ] } },
{ "type": "Feature", "properties": { "id": "versorggruen_2020.1400750811000000", "styp_id": "1400750811000000", "sst_name": "Blockbebauung der Gründerzeit mit Seitenflügeln und Hinterhäusern", "voeff_name": "nicht versorgter Bereich", "vpriv_name": "gering: Blockrandbebauung", "versorg_sst": 12, "esst_name": "Wilhelminian-period block development with wings and rear buildings (until 1918)", "evoeff_name": "no availability", "evpriv_name": "low: Wilhelminian-period block-edge development" }, "geometry": { "type": "Polygon", "coordinates": [ [ [ 13.43740777, 52.48282366 ], [ 13.43984149, 52.4816431 ], [ 13.43788955, 52.48134165 ], [ 13.43621383, 52.4821828 ], [ 13.43740777, 52.48282366 ] ] ] } },
{ "type": "Feature", "properties": { "id": "versorggruen_2020.1400750821000000", "styp_id": "1400750821000000", "sst_name": "Blockbebauung der Gründerzeit mit Seitenflügeln und Hinterhäusern", "voeff_name": "nicht versorgter Bereich", "vpriv_name": "gering: Blockrandbebauung", "versorg_sst": 12, "esst_name": "Wilhelminian-period block development with wings and rear buildings (until 1918)", "evoeff_name": "no availability", "evpriv_name": "low: Wilhelminian-period block-edge development" }, "geometry": { "type": "Polygon", "coordinates": [ [ [ 13.43893535, 52.48323948 ], [ 13.44077327, 52.48232845 ], [ 13.44014087, 52.48185386 ], [ 13.43832062, 52.48276671 ], [ 13.43893535, 52.48323948 ] ] ] } },
{ "type": "Feature", "properties": { "id": "versorggruen_2020.1400750831000000", "styp_id": "1400750831000000", "sst_name": "Blockbebauung der Gründerzeit mit Seitenflügeln und Hinterhäusern", "voeff_name": "schlecht versorgter Bereich", "vpriv_name": "gering: Blockrandbebauung", "versorg_sst": 9, "esst_name": "Wilhelminian-period block development with wings and rear buildings (until 1918)", "evoeff_name": "poor availability", "evpriv_name": "low: Wilhelminian-period block-edge development" }, "geometry": { "type": "Polygon", "coordinates": [ [ [ 13.43911144, 52.48336827 ], [ 13.43973797, 52.48384195 ], [ 13.44157444, 52.48292551 ], [ 13.44095228, 52.48246173 ], [ 13.43911144, 52.48336827 ] ] ] } },
{ "type": "Feature", "properties": { "id": "versorggruen_2020.1400756071000100", "styp_id": "1400756071000100", "sst_name": "Blockbebauung der Gründerzeit mit Seitenflügeln und Hinterhäusern", "voeff_name": "schlecht versorgter Bereich", "vpriv_name": "gering: Blockrandbebauung", "versorg_sst": 9, "esst_name": "Wilhelminian-period block development with wings and rear buildings (until 1918)", "evoeff_name": "poor availability", "evpriv_name": "low: Wilhelminian-period block-edge development" }, "geometry": { "type": "Polygon", "coordinates": [ [ [ 13.43528185, 52.49105464 ], [ 13.43665346, 52.49061933 ], [ 13.43543386, 52.48938132 ], [ 13.43415913, 52.48990793 ], [ 13.43528185, 52.49105464 ] ] ] } },
{ "type": "Feature", "properties": { "id": "versorggruen_2020.1400756071000200", "styp_id": "1400756071000200", "sst_name": "nicht oder gering bebaute Grün- und Freiflächen", "voeff_name": "schlecht versorgter Bereich", "vpriv_name": "hoch: aufgelockerte Siedlungsbebauung", "versorg_sst": 7, "esst_name": "Public green and open spaces with sparse or no development", "evoeff_name": "poor availability", "evpriv_name": "high: loose settlement development" }, "geometry": { "type": "Polygon", "coordinates": [ [ [ 13.43665346, 52.49061933 ], [ 13.43819198, 52.490131 ], [ 13.43900307, 52.48946279 ], [ 13.43913861, 52.48909366 ], [ 13.43792356, 52.48818139 ], [ 13.43612655, 52.48909514 ], [ 13.43543386, 52.48938132 ], [ 13.43665346, 52.49061933 ] ] ] } },
{ "type": "Feature", "properties": { "id": "versorggruen_2020.1400756121000000", "styp_id": "1400756121000000", "sst_name": "Blockrandbebauung der Gründerzeit mit massiven Veränderungen", "voeff_name": "schlecht versorgter Bereich", "vpriv_name": "gering: Blockrandbebauung", "versorg_sst": 9, "esst_name": "Wilhelminian-period block-edge development with major changes", "evoeff_name": "poor availability", "evpriv_name": "low: Wilhelminian-period block-edge development" }, "geometry": { "type": "Polygon", "coordinates": [ [ [ 13.43906765, 52.48604979 ], [ 13.4395056, 52.48587255 ], [ 13.4400263, 52.48562265 ], [ 13.44022007, 52.48574877 ], [ 13.43967576, 52.48601301 ], [ 13.43923929, 52.48618846 ], [ 13.44004484, 52.48680621 ], [ 13.44191544, 52.48585208 ], [ 13.43960433, 52.48411494 ], [ 13.43772205, 52.48505014 ], [ 13.43906765, 52.48604979 ] ] ] } },
{ "type": "Feature", "properties": { "id": "versorggruen_2020.1400756431000100", "styp_id": "1400756431000100", "sst_name": "Blockbebauung der Gründerzeit mit Seitenflügeln und Hinterhäusern", "voeff_name": "schlecht versorgter Bereich", "vpriv_name": "gering: Blockrandbebauung", "versorg_sst": 9, "esst_name": "Wilhelminian-period block development with wings and rear buildings (until 1918)", "evoeff_name": "poor availability", "evpriv_name": "low: Wilhelminian-period block-edge development" }, "geometry": { "type": "Polygon", "coordinates": [ [ [ 13.43624349, 52.48783395 ], [ 13.43647313, 52.48772272 ], [ 13.43719506, 52.48826981 ], [ 13.43771375, 52.4880184 ], [ 13.43676147, 52.48729165 ], [ 13.43599301, 52.4876364 ], [ 13.43598743, 52.48763264 ], [ 13.43624349, 52.48783395 ] ] ] } },
{ "type": "Feature", "properties": { "id": "versorggruen_2020.1400756431000400", "styp_id": "1400756431000400", "sst_name": "Blockbebauung der Gründerzeit mit Seitenflügeln und Hinterhäusern", "voeff_name": "schlecht versorgter Bereich", "vpriv_name": "gering: Blockrandbebauung", "versorg_sst": 9, "esst_name": "Wilhelminian-period block development with wings and rear buildings (until 1918)", "evoeff_name": "poor availability", "evpriv_name": "low: Wilhelminian-period block-edge development" }, "geometry": { "type": "Polygon", "coordinates": [ [ [ 13.4349947, 52.48688524 ], [ 13.43581746, 52.48751564 ], [ 13.43658242, 52.48716286 ], [ 13.4353631, 52.48624336 ], [ 13.43463823, 52.48648544 ], [ 13.4349947, 52.48688524 ] ] ] } },
{ "type": "Feature", "properties": { "id": "versorggruen_2020.1400760321000000", "styp_id": "1400760321000000", "sst_name": "Zeilenbebauung seit den 50er Jahren", "voeff_name": "schlecht versorgter Bereich", "vpriv_name": "mittel: Zeilen oder kompakte Siedlung", "versorg_sst": 8, "esst_name": "Row development since the 1950s", "evoeff_name": "poor availability", "evpriv_name": "medium: row development or compact settlement" }, "geometry": { "type": "Polygon", "coordinates": [ [ [ 13.44884851, 52.48519769 ], [ 13.44653554, 52.48637863 ], [ 13.448844443264905, 52.487958340428335 ], [ 13.449415658289633, 52.487622184913704 ], [ 13.450326976237841, 52.48708605869966 ], [ 13.450350711643647, 52.487098766719271 ], [ 13.4504577, 52.48714213 ], [ 13.450484824075742, 52.487128233073506 ], [ 13.451025461251565, 52.486848141067945 ], [ 13.44884851, 52.48519769 ] ] ] } },
{ "type": "Feature", "properties": { "id": "versorggruen_2020.1400760531000000", "styp_id": "1400760531000000", "sst_name": "Blockrandbebauung der Gründerzeit mit massiven Veränderungen", "voeff_name": "schlecht versorgter Bereich", "vpriv_name": "gering: Blockrandbebauung", "versorg_sst": 9, "esst_name": "Wilhelminian-period block-edge development with major changes", "evoeff_name": "poor availability", "evpriv_name": "low: Wilhelminian-period block-edge development" }, "geometry": { "type": "Polygon", "coordinates": [ [ [ 13.44559777, 52.48567804 ], [ 13.44637667, 52.48527034 ], [ 13.44630473, 52.4852235 ], [ 13.44785064, 52.48443143 ], [ 13.44720198, 52.48394787 ], [ 13.44488754, 52.48513326 ], [ 13.44559777, 52.48567804 ] ] ] } },
{ "type": "Feature", "properties": { "id": "versorggruen_2020.1400760541000000", "styp_id": "1400760541000000", "sst_name": "Blockrandbebauung der Gründerzeit mit massiven Veränderungen", "voeff_name": "schlecht versorgter Bereich", "vpriv_name": "gering: Blockrandbebauung", "versorg_sst": 9, "esst_name": "Wilhelminian-period block-edge development with major changes", "evoeff_name": "poor availability", "evpriv_name": "low: Wilhelminian-period block-edge development" }, "geometry": { "type": "Polygon", "coordinates": [ [ [ 13.44635205, 52.48625343 ], [ 13.4486798, 52.48505635 ], [ 13.44799445, 52.48454129 ], [ 13.44675096, 52.48517565 ], [ 13.44681554, 52.48522068 ], [ 13.44573421, 52.48578968 ], [ 13.44635205, 52.48625343 ] ] ] } },
{ "type": "Feature", "properties": { "id": "versorggruen_2020.1400760551000100", "styp_id": "1400760551000100", "sst_name": "Blockbebauung der Gründerzeit mit Seitenflügeln und Hinterhäusern", "voeff_name": "schlecht versorgter Bereich", "vpriv_name": "gering: Blockrandbebauung", "versorg_sst": 9, "esst_name": "Wilhelminian-period block development with wings and rear buildings (until 1918)", "evoeff_name": "poor availability", "evpriv_name": "low: Wilhelminian-period block-edge development" }, "geometry": { "type": "Polygon", "coordinates": [ [ [ 13.45298566, 52.48518399 ], [ 13.45221665, 52.4855851 ], [ 13.45214844, 52.48554326 ], [ 13.45156601, 52.48584653 ], [ 13.4498988, 52.48466164 ], [ 13.44906828, 52.48508929 ], [ 13.451254151385202, 52.486732202500974 ], [ 13.451517937758874, 52.486595808434473 ], [ 13.451620611591705, 52.486542855391825 ], [ 13.451720770334793, 52.486491056162343 ], [ 13.45192743287779, 52.486384159848839 ], [ 13.451974849190297, 52.486359641358341 ], [ 13.451997498965408, 52.486347952674855 ], [ 13.452000874680069, 52.48634618964671 ], [ 13.452134389476747, 52.486277249043297 ], [ 13.452432053315308, 52.486123386452867 ], [ 13.452728833285276, 52.485969889184133 ], [ 13.452858357449983, 52.485902963517788 ], [ 13.452863952192466, 52.485900078631978 ], [ 13.452885807400436, 52.485888774994649 ], [ 13.452942282610115, 52.485859573372011 ], [ 13.45300066422212, 52.485829344700065 ], [ 13.45300408402043, 52.485827582220061 ], [ 13.453026179109211, 52.485816155819307 ], [ 13.453156016560602, 52.485749090070179 ], [ 13.453475467097842, 52.48558398323015 ], [ 13.453495739123872, 52.485573517080013 ], [ 13.45298566, 52.48518399 ] ] ] } },
{ "type": "Feature", "properties": { "id": "versorggruen_2020.1400760561000200", "styp_id": "1400760561000200", "sst_name": "Zeilenbebauung seit den 50er Jahren", "voeff_name": "schlecht versorgter Bereich", "vpriv_name": "mittel: Zeilen oder kompakte Siedlung", "versorg_sst": 8, "esst_name": "Row development since the 1950s", "evoeff_name": "poor availability", "evpriv_name": "medium: row development or compact settlement" }, "geometry": { "type": "Polygon", "coordinates": [ [ [ 13.4539968, 52.48389805 ], [ 13.45343584, 52.48420337 ], [ 13.45378474, 52.48444594 ], [ 13.45291245, 52.48485852 ], [ 13.45371108, 52.48546102 ], [ 13.45606071, 52.48425574 ], [ 13.45390032, 52.48262334 ], [ 13.4529212, 52.48312048 ], [ 13.4539968, 52.48389805 ] ] ] } },
{ "type": "Feature", "properties": { "id": "versorggruen_2020.1400760841000000", "styp_id": "1400760841000000", "sst_name": "Blockrand- und Zeilenbebauung der 20er und 30er Jahre", "voeff_name": "schlecht versorgter Bereich", "vpriv_name": "mittel: Zeilen oder kompakte Siedlung", "versorg_sst": 8, "esst_name": "Block-edge and row development of the 1920s and 1930s", "evoeff_name": "poor availability", "evpriv_name": "medium: row development or compact settlement" }, "geometry": { "type": "Polygon", "coordinates": [ [ [ 13.44344061, 52.48405264 ], [ 13.44451891, 52.48350253 ], [ 13.44304407, 52.48242456 ], [ 13.44198059, 52.48295041 ], [ 13.44344061, 52.48405264 ] ] ] } },
{ "type": "Feature", "properties": { "id": "versorggruen_2020.1400760851000000", "styp_id": "1400760851000000", "sst_name": "Blockbebauung der Gründerzeit mit Seitenflügeln und Hinterhäusern", "voeff_name": "schlecht versorgter Bereich", "vpriv_name": "gering: Blockrandbebauung", "versorg_sst": 9, "esst_name": "Wilhelminian-period block development with wings and rear buildings (until 1918)", "evoeff_name": "poor availability", "evpriv_name": "low: Wilhelminian-period block-edge development" }, "geometry": { "type": "Polygon", "coordinates": [ [ [ 13.44180303, 52.48282073 ], [ 13.44285478, 52.48228317 ], [ 13.44145201, 52.48123495 ], [ 13.44038264, 52.48176437 ], [ 13.44180303, 52.48282073 ] ] ] } },
{ "type": "Feature", "properties": { "id": "versorggruen_2020.1400760861000000", "styp_id": "1400760861000000", "sst_name": "nicht oder gering bebaute Grün- und Freiflächen", "voeff_name": "schlecht versorgter Bereich", "vpriv_name": "hoch: aufgelockerte Siedlungsbebauung", "versorg_sst": 7, "esst_name": "Public green and open spaces with sparse or no development", "evoeff_name": "poor availability", "evpriv_name": "high: loose settlement development" }, "geometry": { "type": "Polygon", "coordinates": [ [ [ 13.44309957, 52.48217392 ], [ 13.44418626, 52.481643 ], [ 13.44276774, 52.48057584 ], [ 13.44165878, 52.48112708 ], [ 13.44309957, 52.48217392 ] ] ] } },
{ "type": "Feature", "properties": { "id": "versorggruen_2020.1400760871000000", "styp_id": "1400760871000000", "sst_name": "Blockrand- und Zeilenbebauung der 20er und 30er Jahre", "voeff_name": "schlecht versorgter Bereich", "vpriv_name": "mittel: Zeilen oder kompakte Siedlung", "versorg_sst": 8, "esst_name": "Block-edge and row development of the 1920s and 1930s", "evoeff_name": "poor availability", "evpriv_name": "medium: row development or compact settlement" }, "geometry": { "type": "Polygon", "coordinates": [ [ [ 13.4432712, 52.48231617 ], [ 13.44392424, 52.48278988 ], [ 13.44498914, 52.4822694 ], [ 13.44434491, 52.48179661 ], [ 13.4432712, 52.48231617 ] ] ] } },
{ "type": "Feature", "properties": { "id": "versorggruen_2020.1400760881000000", "styp_id": "1400760881000000", "sst_name": "Blockrand- und Zeilenbebauung der 20er und 30er Jahre", "voeff_name": "schlecht versorgter Bereich", "vpriv_name": "mittel: Zeilen oder kompakte Siedlung", "versorg_sst": 8, "esst_name": "Block-edge and row development of the 1920s and 1930s", "evoeff_name": "poor availability", "evpriv_name": "medium: row development or compact settlement" }, "geometry": { "type": "Polygon", "coordinates": [ [ [ 13.44577861, 52.48286102 ], [ 13.44513582, 52.48237067 ], [ 13.4440671, 52.48289802 ], [ 13.44474457, 52.48339414 ], [ 13.44577861, 52.48286102 ] ] ] } },
{ "type": "Feature", "properties": { "id": "versorggruen_2020.1400760891000000", "styp_id": "1400760891000000", "sst_name": "Blockrand- und Zeilenbebauung der 20er und 30er Jahre", "voeff_name": "schlecht versorgter Bereich", "vpriv_name": "mittel: Zeilen oder kompakte Siedlung", "versorg_sst": 8, "esst_name": "Block-edge and row development of the 1920s and 1930s", "evoeff_name": "poor availability", "evpriv_name": "medium: row development or compact settlement" }, "geometry": { "type": "Polygon", "coordinates": [ [ [ 13.44679815, 52.48334965 ], [ 13.44782475, 52.48283178 ], [ 13.44687074, 52.48215455 ], [ 13.44588098, 52.48266437 ], [ 13.44679815, 52.48334965 ] ] ] } },
{ "type": "Feature", "properties": { "id": "versorggruen_2020.1400760901000000", "styp_id": "1400760901000000", "sst_name": "Blockrand- und Zeilenbebauung der 20er und 30er Jahre", "voeff_name": "schlecht versorgter Bereich", "vpriv_name": "mittel: Zeilen oder kompakte Siedlung", "versorg_sst": 8, "esst_name": "Block-edge and row development of the 1920s and 1930s", "evoeff_name": "poor availability", "evpriv_name": "medium: row development or compact settlement" }, "geometry": { "type": "Polygon", "coordinates": [ [ [ 13.44572843, 52.48253653 ], [ 13.44795351, 52.48138072 ], [ 13.44685324, 52.48053866 ], [ 13.44459417, 52.48167567 ], [ 13.44572843, 52.48253653 ] ] ] } },
{ "type": "Feature", "properties": { "id": "versorggruen_2020.1400760921000000", "styp_id": "1400760921000000", "sst_name": "Blockrandbebauung der Gründerzeit mit massiven Veränderungen", "voeff_name": "schlecht versorgter Bereich", "vpriv_name": "gering: Blockrandbebauung", "versorg_sst": 9, "esst_name": "Wilhelminian-period block-edge development with major changes", "evoeff_name": "poor availability", "evpriv_name": "low: Wilhelminian-period block-edge development" }, "geometry": { "type": "Polygon", "coordinates": [ [ [ 13.45050302, 52.48145877 ], [ 13.44959034, 52.48076763 ], [ 13.44836485, 52.48140104 ], [ 13.44927903, 52.48210247 ], [ 13.45050302, 52.48145877 ] ] ] } },
{ "type": "Feature", "properties": { "id": "versorggruen_2020.1400760931000100", "styp_id": "1400760931000100", "sst_name": "geringe Bebauung mit überwiegender Nutzung durch Gewerbe und Industrie", "voeff_name": "schlecht versorgter Bereich", "vpriv_name": "gering: Blockrandbebauung", "versorg_sst": 9, "esst_name": "Sparse development with predominantly commercial and industrial use", "evoeff_name": "poor availability", "evpriv_name": "low: Wilhelminian-period block-edge development" }, "geometry": { "type": "Polygon", "coordinates": [ [ [ 13.45234105, 52.48318526 ], [ 13.4537272, 52.48247661 ], [ 13.45221546, 52.48137443 ], [ 13.45082098, 52.48209051 ], [ 13.45234105, 52.48318526 ] ] ] } },
{ "type": "Feature", "properties": { "id": "versorggruen_2020.1400761021000000", "styp_id": "1400761021000000", "sst_name": "Blockrand- und Zeilenbebauung der 20er und 30er Jahre", "voeff_name": "schlecht versorgter Bereich", "vpriv_name": "mittel: Zeilen oder kompakte Siedlung", "versorg_sst": 8, "esst_name": "Block-edge and row development of the 1920s and 1930s", "evoeff_name": "poor availability", "evpriv_name": "medium: row development or compact settlement" }, "geometry": { "type": "Polygon", "coordinates": [ [ [ 13.4498162, 52.48065553 ], [ 13.45072308, 52.48134346 ], [ 13.45161095, 52.48089455 ], [ 13.45070852, 52.48019765 ], [ 13.4498162, 52.48065553 ] ] ] } },
{ "type": "Feature", "properties": { "id": "versorggruen_2020.1400761051000000", "styp_id": "1400761051000000", "sst_name": "Blockbebauung der Gründerzeit mit Seitenflügeln und Hinterhäusern", "voeff_name": "schlecht versorgter Bereich", "vpriv_name": "gering: Blockrandbebauung", "versorg_sst": 9, "esst_name": "Wilhelminian-period block development with wings and rear buildings (until 1918)", "evoeff_name": "poor availability", "evpriv_name": "low: Wilhelminian-period block-edge development" }, "geometry": { "type": "Polygon", "coordinates": [ [ [ 13.44439708, 52.48153823 ], [ 13.44667769, 52.48040904 ], [ 13.44609425, 52.47996909 ], [ 13.4438175, 52.4810936 ], [ 13.44439708, 52.48153823 ] ] ] } },
{ "type": "Feature", "properties": { "id": "versorggruen_2020.1400761061000000", "styp_id": "1400761061000000", "sst_name": "Blockbebauung der Gründerzeit mit Seitenflügeln und Hinterhäusern", "voeff_name": "schlecht versorgter Bereich", "vpriv_name": "gering: Blockrandbebauung", "versorg_sst": 9, "esst_name": "Wilhelminian-period block development with wings and rear buildings (until 1918)", "evoeff_name": "poor availability", "evpriv_name": "low: Wilhelminian-period block-edge development" }, "geometry": { "type": "Polygon", "coordinates": [ [ [ 13.44363443, 52.48096253 ], [ 13.44591883, 52.47983803 ], [ 13.44528085, 52.47934202 ], [ 13.44298623, 52.48046642 ], [ 13.44363443, 52.48096253 ] ] ] } },
{ "type": "Feature", "properties": { "id": "versorggruen_2020.1400761071000000", "styp_id": "1400761071000000", "sst_name": "Blockrandbebauung der Gründerzeit mit massiven Veränderungen", "voeff_name": "nicht versorgter Bereich", "vpriv_name": "gering: Blockrandbebauung", "versorg_sst": 12, "esst_name": "Wilhelminian-period block-edge development with major changes", "evoeff_name": "no availability", "evpriv_name": "low: Wilhelminian-period block-edge development" }, "geometry": { "type": "Polygon", "coordinates": [ [ [ 13.44161445, 52.48075334 ], [ 13.44244242, 52.48033659 ], [ 13.44136373, 52.47947523 ], [ 13.44117117, 52.47941652 ], [ 13.44101361, 52.47944617 ], [ 13.44097231, 52.47945395 ], [ 13.44060791, 52.47965558 ], [ 13.43999019, 52.47955036 ], [ 13.43965012, 52.48025976 ], [ 13.43945085, 52.48039335 ], [ 13.44161445, 52.48075334 ] ] ] } },
{ "type": "Feature", "properties": { "id": "versorggruen_2020.1400761081000000", "styp_id": "1400761081000000", "sst_name": "Blockbebauung der Gründerzeit mit Seitenflügeln und Hinterhäusern", "voeff_name": "nicht versorgter Bereich", "vpriv_name": "gering: Blockrandbebauung", "versorg_sst": 12, "esst_name": "Wilhelminian-period block development with wings and rear buildings (until 1918)", "evoeff_name": "no availability", "evpriv_name": "low: Wilhelminian-period block-edge development" }, "geometry": { "type": "Polygon", "coordinates": [ [ [ 13.440138, 52.4814899 ], [ 13.44137104, 52.48088704 ], [ 13.43919123, 52.48052863 ], [ 13.43821121, 52.48115704 ], [ 13.43822426, 52.48120379 ], [ 13.440138, 52.4814899 ] ] ] } },
{ "type": "Feature", "properties": { "id": "versorggruen_2020.1400761341000000", "styp_id": "1400761341000000", "sst_name": "Blockbebauung der Gründerzeit mit Seitenflügeln und Hinterhäusern", "voeff_name": "nicht versorgter Bereich", "vpriv_name": "gering: Blockrandbebauung", "versorg_sst": 12, "esst_name": "Wilhelminian-period block development with wings and rear buildings (until 1918)", "evoeff_name": "no availability", "evpriv_name": "low: Wilhelminian-period block-edge development" }, "geometry": { "type": "Polygon", "coordinates": [ [ [ 13.44266593, 52.48022537 ], [ 13.4436931, 52.47972952 ], [ 13.44297673, 52.47915513 ], [ 13.44217212, 52.47868837 ], [ 13.44134431, 52.47919482 ], [ 13.44266593, 52.48022537 ] ] ] } },
{ "type": "Feature", "properties": { "id": "versorggruen_2020.1400761351000000", "styp_id": "1400761351000000", "sst_name": "Blockbebauung der Gründerzeit mit Seitenflügeln und Hinterhäusern", "voeff_name": "nicht versorgter Bereich", "vpriv_name": "gering: Blockrandbebauung", "versorg_sst": 12, "esst_name": "Wilhelminian-period block development with wings and rear buildings (until 1918)", "evoeff_name": "no availability", "evpriv_name": "low: Wilhelminian-period block-edge development" }, "geometry": { "type": "Polygon", "coordinates": [ [ [ 13.44493268, 52.47910637 ], [ 13.44328329, 52.47799364 ], [ 13.44238457, 52.47856649 ], [ 13.44320375, 52.47906921 ], [ 13.44393002, 52.47962032 ], [ 13.44493268, 52.47910637 ] ] ] } },
{ "type": "Feature", "properties": { "id": "versorggruen_2020.1400761361000000", "styp_id": "1400761361000000", "sst_name": "Blockbebauung der Gründerzeit mit Seitenflügeln und Hinterhäusern", "voeff_name": "schlecht versorgter Bereich", "vpriv_name": "gering: Blockrandbebauung", "versorg_sst": 9, "esst_name": "Wilhelminian-period block development with wings and rear buildings (until 1918)", "evoeff_name": "poor availability", "evpriv_name": "low: Wilhelminian-period block-edge development" }, "geometry": { "type": "Polygon", "coordinates": [ [ [ 13.44606783, 52.47967657 ], [ 13.44846039, 52.47848878 ], [ 13.4478705, 52.4780472 ], [ 13.44547797, 52.47922985 ], [ 13.44606783, 52.47967657 ] ] ] } },
{ "type": "Feature", "properties": { "id": "versorggruen_2020.1400761371000000", "styp_id": "1400761371000000", "sst_name": "Blockbebauung der Gründerzeit mit Seitenflügeln und Hinterhäusern", "voeff_name": "schlecht versorgter Bereich", "vpriv_name": "gering: Blockrandbebauung", "versorg_sst": 9, "esst_name": "Wilhelminian-period block development with wings and rear buildings (until 1918)", "evoeff_name": "poor availability", "evpriv_name": "low: Wilhelminian-period block-edge development" }, "geometry": { "type": "Polygon", "coordinates": [ [ [ 13.44689618, 52.48030044 ], [ 13.44927611, 52.47912543 ], [ 13.4486403, 52.47861972 ], [ 13.44623935, 52.4798075 ], [ 13.44689618, 52.48030044 ] ] ] } },
{ "type": "Feature", "properties": { "id": "versorggruen_2020.1400761421000000", "styp_id": "1400761421000000", "sst_name": "Bebauung mit überwiegender Nutzung durch Gemeinbedarf und Sondernutzung, Verkehrsflächen ohne Straßen", "voeff_name": "schlecht versorgter Bereich", "vpriv_name": "mittel: Zeilen oder kompakte Siedlung", "versorg_sst": 8, "esst_name": "Development with predominantly public and special use or non-street traffic area", "evoeff_name": "poor availability", "evpriv_name": "medium: row development or compact settlement" }, "geometry": { "type": "Polygon", "coordinates": [ [ [ 13.4495196, 52.47901144 ], [ 13.45159158, 52.47798646 ], [ 13.45093568, 52.47748853 ], [ 13.44887985, 52.47852341 ], [ 13.4495196, 52.47901144 ] ] ] } },
{ "type": "Feature", "properties": { "id": "versorggruen_2020.1400761441000000", "styp_id": "1400761441000000", "sst_name": "Blockbebauung der Gründerzeit mit Seitenflügeln und Hinterhäusern", "voeff_name": "schlecht versorgter Bereich", "vpriv_name": "gering: Blockrandbebauung", "versorg_sst": 9, "esst_name": "Wilhelminian-period block development with wings and rear buildings (until 1918)", "evoeff_name": "poor availability", "evpriv_name": "low: Wilhelminian-period block-edge development" }, "geometry": { "type": "Polygon", "coordinates": [ [ [ 13.44811813, 52.47748562 ], [ 13.44819083, 52.47749381 ], [ 13.4499323, 52.47666207 ], [ 13.44962319, 52.47630394 ], [ 13.4494575, 52.47615092 ], [ 13.44928592, 52.47599969 ], [ 13.44892042, 52.47576189 ], [ 13.44883802, 52.47575817 ], [ 13.44806087, 52.47611276 ], [ 13.44770356, 52.47617279 ], [ 13.44811813, 52.47748562 ] ] ] } },
{ "type": "Feature", "properties": { "id": "versorggruen_2020.1400761451000000", "styp_id": "1400761451000000", "sst_name": "Blockbebauung der Gründerzeit mit Seitenflügeln und Hinterhäusern", "voeff_name": "schlecht versorgter Bereich", "vpriv_name": "gering: Blockrandbebauung", "versorg_sst": 9, "esst_name": "Wilhelminian-period block development with wings and rear buildings (until 1918)", "evoeff_name": "poor availability", "evpriv_name": "low: Wilhelminian-period block-edge development" }, "geometry": { "type": "Polygon", "coordinates": [ [ [ 13.44787279, 52.47765079 ], [ 13.44743556, 52.47622285 ], [ 13.44631069, 52.47641292 ], [ 13.44644837, 52.4766998 ], [ 13.44658012, 52.47682315 ], [ 13.44777671, 52.47770111 ], [ 13.44787279, 52.47765079 ] ] ] } },
{ "type": "Feature", "properties": { "id": "versorggruen_2020.1400761461000000", "styp_id": "1400761461000000", "sst_name": "Blockbebauung der Gründerzeit mit Seitenflügeln und Hinterhäusern", "voeff_name": "schlecht versorgter Bereich", "vpriv_name": "gering: Blockrandbebauung", "versorg_sst": 9, "esst_name": "Wilhelminian-period block development with wings and rear buildings (until 1918)", "evoeff_name": "poor availability", "evpriv_name": "low: Wilhelminian-period block-edge development" }, "geometry": { "type": "Polygon", "coordinates": [ [ [ 13.44515571, 52.47900082 ], [ 13.44755805, 52.4778098 ], [ 13.44668122, 52.47716246 ], [ 13.44423425, 52.47837515 ], [ 13.44515571, 52.47900082 ] ] ] } },
{ "type": "Feature", "properties": { "id": "versorggruen_2020.1400761481000000", "styp_id": "1400761481000000", "sst_name": "Blockrand- und Zeilenbebauung der 20er und 30er Jahre", "voeff_name": "schlecht versorgter Bereich", "vpriv_name": "mittel: Zeilen oder kompakte Siedlung", "versorg_sst": 8, "esst_name": "Block-edge and row development of the 1920s and 1930s", "evoeff_name": "poor availability", "evpriv_name": "medium: row development or compact settlement" }, "geometry": { "type": "Polygon", "coordinates": [ [ [ 13.44558129, 52.47750472 ], [ 13.44473708, 52.47700647 ], [ 13.4435818, 52.47770204 ], [ 13.44345473, 52.47782137 ], [ 13.44404323, 52.47825 ], [ 13.44558129, 52.47750472 ] ] ] } },
{ "type": "Feature", "properties": { "id": "versorggruen_2020.1400761861000000", "styp_id": "1400761861000000", "sst_name": "Bebauung mit überwiegender Nutzung durch Gemeinbedarf und Sondernutzung, Verkehrsflächen ohne Straßen", "voeff_name": "schlecht versorgter Bereich", "vpriv_name": "mittel: Zeilen oder kompakte Siedlung", "versorg_sst": 8, "esst_name": "Development with predominantly public and special use or non-street traffic area", "evoeff_name": "poor availability", "evpriv_name": "medium: row development or compact settlement" }, "geometry": { "type": "Polygon", "coordinates": [ [ [ 13.44382629, 52.47659527 ], [ 13.4445557, 52.47692191 ], [ 13.44547852, 52.47636866 ], [ 13.44509047, 52.47589177 ], [ 13.44510553, 52.47580912 ], [ 13.44498387, 52.47558802 ], [ 13.4433324, 52.47659135 ], [ 13.44382629, 52.47659527 ] ] ] } },
{ "type": "Feature", "properties": { "id": "versorggruen_2020.1400761871000000", "styp_id": "1400761871000000", "sst_name": "hohe Bebauung der Nachkriegszeit", "voeff_name": "schlecht versorgter Bereich", "vpriv_name": "mittel: Zeilen oder kompakte Siedlung", "versorg_sst": 8, "esst_name": "Postwar high-rise development", "evoeff_name": "poor availability", "evpriv_name": "medium: row development or compact settlement" }, "geometry": { "type": "Polygon", "coordinates": [ [ [ 13.44517893, 52.47514063 ], [ 13.44533246, 52.47502494 ], [ 13.44567476, 52.47517104 ], [ 13.44565069, 52.47529862 ], [ 13.44536413, 52.47535699 ], [ 13.44502733, 52.47556162 ], [ 13.44522182, 52.47580211 ], [ 13.44516904, 52.4758877 ], [ 13.44555844, 52.47639146 ], [ 13.44631203, 52.47624592 ], [ 13.44738036, 52.47605155 ], [ 13.44702164, 52.47474264 ], [ 13.44521627, 52.47429235 ], [ 13.44472653, 52.47492515 ], [ 13.44517893, 52.47514063 ] ] ] } },
{ "type": "Feature", "properties": { "id": "versorggruen_2020.1400761891000000", "styp_id": "1400761891000000", "sst_name": "Blockbebauung der Gründerzeit mit Seitenflügeln und Hinterhäusern", "voeff_name": "schlecht versorgter Bereich", "vpriv_name": "gering: Blockrandbebauung", "versorg_sst": 9, "esst_name": "Wilhelminian-period block development with wings and rear buildings (until 1918)", "evoeff_name": "poor availability", "evpriv_name": "low: Wilhelminian-period block-edge development" }, "geometry": { "type": "Polygon", "coordinates": [ [ [ 13.44756604, 52.47457701 ], [ 13.44737246, 52.47496784 ], [ 13.44765979, 52.47600183 ], [ 13.44792552, 52.47595877 ], [ 13.44864277, 52.47563746 ], [ 13.44921453, 52.47503964 ], [ 13.4493451, 52.47445768 ], [ 13.44924617, 52.47417445 ], [ 13.44761137, 52.47443271 ], [ 13.44756604, 52.47457701 ] ] ] } },
{ "type": "Feature", "properties": { "id": "versorggruen_2020.1400761991000000", "styp_id": "1400761991000000", "sst_name": "Blockbebauung der Gründerzeit mit Seitenflügeln und Hinterhäusern", "voeff_name": "nicht versorgter Bereich", "vpriv_name": "gering: Blockrandbebauung", "versorg_sst": 12, "esst_name": "Wilhelminian-period block development with wings and rear buildings (until 1918)", "evoeff_name": "no availability", "evpriv_name": "low: Wilhelminian-period block-edge development" }, "geometry": { "type": "Polygon", "coordinates": [ [ [ 13.45462012, 52.47432168 ], [ 13.45568766, 52.47379122 ], [ 13.45531012, 52.4732389 ], [ 13.45491131, 52.47323922 ], [ 13.45388785, 52.47378771 ], [ 13.45462012, 52.47432168 ] ] ] } },
{ "type": "Feature", "properties": { "id": "versorggruen_2020.1400762001000000", "styp_id": "1400762001000000", "sst_name": "Blockbebauung der Gründerzeit mit Seitenflügeln und Hinterhäusern", "voeff_name": "nicht versorgter Bereich", "vpriv_name": "gering: Blockrandbebauung", "versorg_sst": 12, "esst_name": "Wilhelminian-period block development with wings and rear buildings (until 1918)", "evoeff_name": "no availability", "evpriv_name": "low: Wilhelminian-period block-edge development" }, "geometry": { "type": "Polygon", "coordinates": [ [ [ 13.4530099, 52.47512363 ], [ 13.45440779, 52.47442652 ], [ 13.45367553, 52.47388895 ], [ 13.45231582, 52.47460858 ], [ 13.4530099, 52.47512363 ] ] ] } },
{ "type": "Feature", "properties": { "id": "versorggruen_2020.1400762011000000", "styp_id": "1400762011000000", "sst_name": "Blockbebauung der Gründerzeit mit Seitenflügeln und Hinterhäusern", "voeff_name": "nicht versorgter Bereich", "vpriv_name": "gering: Blockrandbebauung", "versorg_sst": 12, "esst_name": "Wilhelminian-period block development with wings and rear buildings (until 1918)", "evoeff_name": "no availability", "evpriv_name": "low: Wilhelminian-period block-edge development" }, "geometry": { "type": "Polygon", "coordinates": [ [ [ 13.45213534, 52.47447351 ], [ 13.45349948, 52.4737485 ], [ 13.45249582, 52.47300384 ], [ 13.45111412, 52.47370275 ], [ 13.45213534, 52.47447351 ] ] ] } },
{ "type": "Feature", "properties": { "id": "versorggruen_2020.1400762021000000", "styp_id": "1400762021000000", "sst_name": "Blockrand- und Zeilenbebauung der 20er und 30er Jahre", "voeff_name": "nicht versorgter Bereich", "vpriv_name": "mittel: Zeilen oder kompakte Siedlung", "versorg_sst": 11, "esst_name": "Block-edge and row development of the 1920s and 1930s", "evoeff_name": "no availability", "evpriv_name": "medium: row development or compact settlement" }, "geometry": { "type": "Polygon", "coordinates": [ [ [ 13.45370448, 52.47363827 ], [ 13.45471911, 52.47308887 ], [ 13.45461076, 52.47294762 ], [ 13.45315088, 52.47295447 ], [ 13.45292973, 52.47305929 ], [ 13.45370448, 52.47363827 ] ] ] } },
{ "type": "Feature", "properties": { "id": "versorggruen_2020.1400762031000000", "styp_id": "1400762031000000", "sst_name": "Blockrand- und Zeilenbebauung der 20er und 30er Jahre", "voeff_name": "nicht versorgter Bereich", "vpriv_name": "mittel: Zeilen oder kompakte Siedlung", "versorg_sst": 11, "esst_name": "Block-edge and row development of the 1920s and 1930s", "evoeff_name": "no availability", "evpriv_name": "medium: row development or compact settlement" }, "geometry": { "type": "Polygon", "coordinates": [ [ [ 13.45316045, 52.47276667 ], [ 13.45458054, 52.47277323 ], [ 13.45476811, 52.47260007 ], [ 13.45406375, 52.47208411 ], [ 13.45304312, 52.47266674 ], [ 13.45316045, 52.47276667 ] ] ] } },
{ "type": "Feature", "properties": { "id": "versorggruen_2020.1400762041000000", "styp_id": "1400762041000000", "sst_name": "Blockbebauung der Gründerzeit mit Seitenflügeln und Hinterhäusern", "voeff_name": "nicht versorgter Bereich", "vpriv_name": "gering: Blockrandbebauung", "versorg_sst": 12, "esst_name": "Wilhelminian-period block development with wings and rear buildings (until 1918)", "evoeff_name": "no availability", "evpriv_name": "low: Wilhelminian-period block-edge development" }, "geometry": { "type": "Polygon", "coordinates": [ [ [ 13.44970055, 52.47389835 ], [ 13.45087022, 52.47360443 ], [ 13.45233891, 52.47286341 ], [ 13.45130735, 52.47210971 ], [ 13.44962069, 52.47362953 ], [ 13.44970055, 52.47389835 ] ] ] } },
{ "type": "Feature", "properties": { "id": "versorggruen_2020.1400762051000000", "styp_id": "1400762051000000", "sst_name": "Blockbebauung der Gründerzeit mit Seitenflügeln und Hinterhäusern", "voeff_name": "schlecht versorgter Bereich", "vpriv_name": "gering: Blockrandbebauung", "versorg_sst": 9, "esst_name": "Wilhelminian-period block development with wings and rear buildings (until 1918)", "evoeff_name": "poor availability", "evpriv_name": "low: Wilhelminian-period block-edge development" }, "geometry": { "type": "Polygon", "coordinates": [ [ [ 13.44744509, 52.47411692 ], [ 13.44757691, 52.47427079 ], [ 13.44918936, 52.47402878 ], [ 13.44905264, 52.47362778 ], [ 13.44859499, 52.47325414 ], [ 13.44843901, 52.47325122 ], [ 13.44719945, 52.47402793 ], [ 13.44744509, 52.47411692 ] ] ] } },
{ "type": "Feature", "properties": { "id": "versorggruen_2020.1400762071000000", "styp_id": "1400762071000000", "sst_name": "Blockbebauung der Gründerzeit mit Seitenflügeln und Hinterhäusern", "voeff_name": "schlecht versorgter Bereich", "vpriv_name": "gering: Blockrandbebauung", "versorg_sst": 9, "esst_name": "Wilhelminian-period block development with wings and rear buildings (until 1918)", "evoeff_name": "poor availability", "evpriv_name": "low: Wilhelminian-period block-edge development" }, "geometry": { "type": "Polygon", "coordinates": [ [ [ 13.44631556, 52.47394356 ], [ 13.44687824, 52.47398259 ], [ 13.44835124, 52.4730484 ], [ 13.44813006, 52.47286522 ], [ 13.44713189, 52.4726067 ], [ 13.44594794, 52.47243916 ], [ 13.44546906, 52.47389913 ], [ 13.44631556, 52.47394356 ] ] ] } },
{ "type": "Feature", "properties": { "id": "versorggruen_2020.1400762081000100", "styp_id": "1400762081000100", "sst_name": "Blockbebauung der Gründerzeit mit Seitenflügeln und Hinterhäusern", "voeff_name": "schlecht versorgter Bereich", "vpriv_name": "gering: Blockrandbebauung", "versorg_sst": 9, "esst_name": "Wilhelminian-period block development with wings and rear buildings (until 1918)", "evoeff_name": "poor availability", "evpriv_name": "low: Wilhelminian-period block-edge development" }, "geometry": { "type": "Polygon", "coordinates": [ [ [ 13.4428509, 52.47226851 ], [ 13.44265926, 52.4723482 ], [ 13.4436363, 52.47326104 ], [ 13.44378054, 52.47371555 ], [ 13.44407423, 52.4737646 ], [ 13.44410706, 52.47368972 ], [ 13.44521373, 52.47383474 ], [ 13.44524852, 52.47382132 ], [ 13.44542085, 52.47331619 ], [ 13.44498417, 52.47326087 ], [ 13.44488598, 52.47348314 ], [ 13.44485846, 52.47347754 ], [ 13.44473203, 52.47368184 ], [ 13.44415291, 52.47358137 ], [ 13.44427666, 52.47327947 ], [ 13.44436528, 52.47302853 ], [ 13.44398095, 52.47297499 ], [ 13.44423307, 52.47229439 ], [ 13.4457085, 52.47243504 ], [ 13.44582371, 52.47208187 ], [ 13.44301491, 52.47175563 ], [ 13.4428509, 52.47226851 ] ] ] } },
{ "type": "Feature", "properties": { "id": "versorggruen_2020.1400762351000000", "styp_id": "1400762351000000", "sst_name": "Blockbebauung der Gründerzeit mit Seitenflügeln und Hinterhäusern", "voeff_name": "nicht versorgter Bereich", "vpriv_name": "gering: Blockrandbebauung", "versorg_sst": 12, "esst_name": "Wilhelminian-period block development with wings and rear buildings (until 1918)", "evoeff_name": "no availability", "evpriv_name": "low: Wilhelminian-period block-edge development" }, "geometry": { "type": "Polygon", "coordinates": [ [ [ 13.44589698, 52.4719425 ], [ 13.44618915, 52.47102991 ], [ 13.44322254, 52.47066319 ], [ 13.44304055, 52.47160739 ], [ 13.44589698, 52.4719425 ] ] ] } },
{ "type": "Feature", "properties": { "id": "versorggruen_2020.1400762361000000", "styp_id": "1400762361000000", "sst_name": "Blockbebauung der Gründerzeit mit Seitenflügeln und Hinterhäusern", "voeff_name": "nicht versorgter Bereich", "vpriv_name": "gering: Blockrandbebauung", "versorg_sst": 12, "esst_name": "Wilhelminian-period block development with wings and rear buildings (until 1918)", "evoeff_name": "no availability", "evpriv_name": "low: Wilhelminian-period block-edge development" }, "geometry": { "type": "Polygon", "coordinates": [ [ [ 13.44635837, 52.47199681 ], [ 13.44780272, 52.4712094 ], [ 13.44640834, 52.47104822 ], [ 13.44611173, 52.47196799 ], [ 13.44635837, 52.47199681 ] ] ] } },
{ "type": "Feature", "properties": { "id": "versorggruen_2020.1400762391000000", "styp_id": "1400762391000000", "sst_name": "geringe Bebauung mit überwiegender Nutzung durch Gewerbe und Industrie", "voeff_name": "nicht versorgter Bereich", "vpriv_name": "gering: Blockrandbebauung", "versorg_sst": 12, "esst_name": "Sparse development with predominantly commercial and industrial use", "evoeff_name": "no availability", "evpriv_name": "low: Wilhelminian-period block-edge development" }, "geometry": { "type": "Polygon", "coordinates": [ [ [ 13.45150359, 52.47198149 ], [ 13.4525116, 52.47273426 ], [ 13.45389652, 52.47194907 ], [ 13.45330045, 52.47159412 ], [ 13.4523339, 52.47115326 ], [ 13.45150359, 52.47198149 ] ] ] } },
{ "type": "Feature", "properties": { "id": "versorggruen_2020.1400762401000000", "styp_id": "1400762401000000", "sst_name": "Blockbebauung der Gründerzeit mit Seitenflügeln und Hinterhäusern", "voeff_name": "nicht versorgter Bereich", "vpriv_name": "gering: Blockrandbebauung", "versorg_sst": 12, "esst_name": "Wilhelminian-period block development with wings and rear buildings (until 1918)", "evoeff_name": "no availability", "evpriv_name": "low: Wilhelminian-period block-edge development" }, "geometry": { "type": "Polygon", "coordinates": [ [ [ 13.44991366, 52.4713977 ], [ 13.45025051, 52.47143415 ], [ 13.45110154, 52.47168704 ], [ 13.45142994, 52.47162731 ], [ 13.45194407, 52.47111763 ], [ 13.45047503, 52.47085484 ], [ 13.44991366, 52.4713977 ] ] ] } },
{ "type": "Feature", "properties": { "id": "versorggruen_2020.1400762411000000", "styp_id": "1400762411000000", "sst_name": "Zeilenbebauung seit den 50er Jahren", "voeff_name": "nicht versorgter Bereich", "vpriv_name": "mittel: Zeilen oder kompakte Siedlung", "versorg_sst": 11, "esst_name": "Row development since the 1950s", "evoeff_name": "no availability", "evpriv_name": "medium: row development or compact settlement" }, "geometry": { "type": "Polygon", "coordinates": [ [ [ 13.44805924, 52.47109566 ], [ 13.44882807, 52.47129272 ], [ 13.44962979, 52.47136222 ], [ 13.45018681, 52.47080499 ], [ 13.44822771, 52.47055582 ], [ 13.44805924, 52.47109566 ] ] ] } },
{ "type": "Feature", "properties": { "id": "versorggruen_2020.1400762421000000", "styp_id": "1400762421000000", "sst_name": "Blockbebauung der Gründerzeit mit Seitenflügeln und Hinterhäusern", "voeff_name": "nicht versorgter Bereich", "vpriv_name": "gering: Blockrandbebauung", "versorg_sst": 12, "esst_name": "Wilhelminian-period block development with wings and rear buildings (until 1918)", "evoeff_name": "no availability", "evpriv_name": "low: Wilhelminian-period block-edge development" }, "geometry": { "type": "Polygon", "coordinates": [ [ [ 13.44581038, 52.47081186 ], [ 13.44780191, 52.47104674 ], [ 13.44795266, 52.47052395 ], [ 13.44579496, 52.47026725 ], [ 13.44581038, 52.47081186 ] ] ] } },
{ "type": "Feature", "properties": { "id": "versorggruen_2020.1400762431000000", "styp_id": "1400762431000000", "sst_name": "Blockbebauung der Gründerzeit mit Seitenflügeln und Hinterhäusern", "voeff_name": "nicht versorgter Bereich", "vpriv_name": "gering: Blockrandbebauung", "versorg_sst": 12, "esst_name": "Wilhelminian-period block development with wings and rear buildings (until 1918)", "evoeff_name": "no availability", "evpriv_name": "low: Wilhelminian-period block-edge development" }, "geometry": { "type": "Polygon", "coordinates": [ [ [ 13.4455368, 52.47078088 ], [ 13.44553312, 52.47024438 ], [ 13.44339312, 52.46998406 ], [ 13.44322172, 52.47050682 ], [ 13.4455368, 52.47078088 ] ] ] } },
{ "type": "Feature", "properties": { "id": "versorggruen_2020.1400766131000000", "styp_id": "1400766131000000", "sst_name": "Zeilenbebauung seit den 50er Jahren", "voeff_name": "schlecht versorgter Bereich", "vpriv_name": "mittel: Zeilen oder kompakte Siedlung", "versorg_sst": 8, "esst_name": "Row development since the 1950s", "evoeff_name": "poor availability", "evpriv_name": "medium: row development or compact settlement" }, "geometry": { "type": "Polygon", "coordinates": [ [ [ 13.44706767, 52.48043906 ], [ 13.44817106, 52.48127673 ], [ 13.4505295, 52.48005809 ], [ 13.44947006, 52.47925221 ], [ 13.44706767, 52.48043906 ] ] ] } },
{ "type": "Feature", "properties": { "id": "versorggruen_2020.1400766221000200", "styp_id": "1400766221000200", "sst_name": "Blockbebauung der Gründerzeit mit Seitenflügeln und Hinterhäusern", "voeff_name": "schlecht versorgter Bereich", "vpriv_name": "gering: Blockrandbebauung", "versorg_sst": 9, "esst_name": "Wilhelminian-period block development with wings and rear buildings (until 1918)", "evoeff_name": "poor availability", "evpriv_name": "low: Wilhelminian-period block-edge development" }, "geometry": { "type": "Polygon", "coordinates": [ [ [ 13.45342639, 52.47610359 ], [ 13.45379521, 52.47560969 ], [ 13.45467906, 52.47554727 ], [ 13.45454448, 52.4747396 ], [ 13.45238216, 52.47581233 ], [ 13.45342639, 52.47610359 ] ] ] } },
{ "type": "Feature", "properties": { "id": "versorggruen_2020.1400766231000000", "styp_id": "1400766231000000", "sst_name": "Bebauung mit überwiegender Nutzung durch Gemeinbedarf und Sondernutzung, Verkehrsflächen ohne Straßen", "voeff_name": "schlecht versorgter Bereich", "vpriv_name": "mittel: Zeilen oder kompakte Siedlung", "versorg_sst": 8, "esst_name": "Development with predominantly public and special use or non-street traffic area", "evoeff_name": "poor availability", "evpriv_name": "medium: row development or compact settlement" }, "geometry": { "type": "Polygon", "coordinates": [ [ [ 13.4496041, 52.47446256 ], [ 13.44948804, 52.47510023 ], [ 13.44899877, 52.47559095 ], [ 13.44925165, 52.47573723 ], [ 13.44963905, 52.47602089 ], [ 13.44980767, 52.4761766 ], [ 13.45014908, 52.47655186 ], [ 13.45277986, 52.47523742 ], [ 13.45132572, 52.47415239 ], [ 13.45110192, 52.47417902 ], [ 13.45078887, 52.47481301 ], [ 13.45050351, 52.47477574 ], [ 13.45091293, 52.47396486 ], [ 13.45071777, 52.47382258 ], [ 13.44950101, 52.47411462 ], [ 13.4496041, 52.47446256 ] ] ] } },
{ "type": "Feature", "properties": { "id": "versorggruen_2020.1400766241000100", "styp_id": "1400766241000100", "sst_name": "Bebauung mit überwiegender Nutzung durch Gemeinbedarf und Sondernutzung, Verkehrsflächen ohne Straßen", "voeff_name": "nicht versorgter Bereich", "vpriv_name": "mittel: Zeilen oder kompakte Siedlung", "versorg_sst": 11, "esst_name": "Development with predominantly public and special use or non-street traffic area", "evoeff_name": "no availability", "evpriv_name": "medium: row development or compact settlement" }, "geometry": { "type": "Polygon", "coordinates": [ [ [ 13.44740469, 52.47246872 ], [ 13.44819704, 52.4726802 ], [ 13.44846435, 52.47244426 ], [ 13.44849953, 52.47241162 ], [ 13.44784077, 52.47221585 ], [ 13.44799363, 52.47203365 ], [ 13.44784989, 52.47194072 ], [ 13.44796351, 52.47173879 ], [ 13.44763802, 52.4715292 ], [ 13.44621939, 52.47229939 ], [ 13.44740469, 52.47246872 ] ] ] } },
{ "type": "Feature", "properties": { "id": "versorggruen_2020.1400766241000200", "styp_id": "1400766241000200", "sst_name": "Blockbebauung der Gründerzeit mit Seitenflügeln und Hinterhäusern", "voeff_name": "nicht versorgter Bereich", "vpriv_name": "gering: Blockrandbebauung", "versorg_sst": 12, "esst_name": "Wilhelminian-period block development with wings and rear buildings (until 1918)", "evoeff_name": "no availability", "evpriv_name": "low: Wilhelminian-period block-edge development" }, "geometry": { "type": "Polygon", "coordinates": [ [ [ 13.44796351, 52.47173879 ], [ 13.44944117, 52.47185181 ], [ 13.44968746, 52.47164688 ], [ 13.45011414, 52.47169966 ], [ 13.45034866, 52.47176518 ], [ 13.44924005, 52.47276719 ], [ 13.44865664, 52.47256676 ], [ 13.44842612, 52.47280097 ], [ 13.44919896, 52.47347163 ], [ 13.44946977, 52.47346575 ], [ 13.4511284, 52.47196296 ], [ 13.45090535, 52.47180447 ], [ 13.45018509, 52.4716012 ], [ 13.44947176, 52.47150577 ], [ 13.44812419, 52.47140849 ], [ 13.4477133, 52.47148695 ], [ 13.44763802, 52.4715292 ], [ 13.44796351, 52.47173879 ] ] ] } },
{ "type": "Feature", "properties": { "id": "versorggruen_2020.1400766441000000", "styp_id": "1400766441000000", "sst_name": "geringe Bebauung mit überwiegender Nutzung durch Gewerbe und Industrie", "voeff_name": "schlecht versorgter Bereich", "vpriv_name": "gering: Blockrandbebauung", "versorg_sst": 9, "esst_name": "Sparse development with predominantly commercial and industrial use", "evoeff_name": "poor availability", "evpriv_name": "low: Wilhelminian-period block-edge development" }, "geometry": { "type": "Polygon", "coordinates": [ [ [ 13.45114758, 52.48378125 ], [ 13.44965797, 52.48267188 ], [ 13.44741154, 52.48381519 ], [ 13.44890257, 52.48493447 ], [ 13.45114758, 52.48378125 ] ] ] } },
{ "type": "Feature", "properties": { "id": "versorggruen_2020.1400766491000100", "styp_id": "1400766491000100", "sst_name": "Blockbebauung der Gründerzeit mit Seitenflügeln und Hinterhäusern", "voeff_name": "schlecht versorgter Bereich", "vpriv_name": "gering: Blockrandbebauung", "versorg_sst": 9, "esst_name": "Wilhelminian-period block development with wings and rear buildings (until 1918)", "evoeff_name": "poor availability", "evpriv_name": "low: Wilhelminian-period block-edge development" }, "geometry": { "type": "Polygon", "coordinates": [ [ [ 13.44093132, 52.47835303 ], [ 13.4413156, 52.4779708 ], [ 13.44158322, 52.47802784 ], [ 13.44245791, 52.47725268 ], [ 13.44295182, 52.47689517 ], [ 13.44272069, 52.47687716 ], [ 13.44225945, 52.4765963 ], [ 13.44227659, 52.47658478 ], [ 13.44210982, 52.47669325 ], [ 13.4417766, 52.47683742 ], [ 13.43950923, 52.47808389 ], [ 13.44093132, 52.47835303 ] ] ] } },
{ "type": "Feature", "properties": { "id": "versorggruen_2020.1400766491000200", "styp_id": "1400766491000200", "sst_name": "Bebauung mit überwiegender Nutzung durch Gemeinbedarf und Sondernutzung, Verkehrsflächen ohne Straßen", "voeff_name": "schlecht versorgter Bereich", "vpriv_name": "mittel: Zeilen oder kompakte Siedlung", "versorg_sst": 8, "esst_name": "Development with predominantly public and special use or non-street traffic area", "evoeff_name": "poor availability", "evpriv_name": "medium: row development or compact settlement" }, "geometry": { "type": "Polygon", "coordinates": [ [ [ 13.44116951, 52.47841002 ], [ 13.4419475, 52.47855412 ], [ 13.44448693, 52.4769549 ], [ 13.44380902, 52.47664944 ], [ 13.4433647, 52.47664434 ], [ 13.44295182, 52.47689517 ], [ 13.44245791, 52.47725268 ], [ 13.44158322, 52.47802784 ], [ 13.44116951, 52.47841002 ] ] ] } },
{ "type": "Feature", "properties": { "id": "versorggruen_2020.1400766501000000", "styp_id": "1400766501000000", "sst_name": "dörfliche Bebauung", "voeff_name": "schlecht versorgter Bereich", "vpriv_name": "hoch: aufgelockerte Siedlungsbebauung", "versorg_sst": 7, "esst_name": "Village-like development", "evoeff_name": "poor availability", "evpriv_name": "high: loose settlement development" }, "geometry": { "type": "Polygon", "coordinates": [ [ [ 13.44287278, 52.47678916 ], [ 13.44524865, 52.4753627 ], [ 13.44469932, 52.47510125 ], [ 13.44242999, 52.47650324 ], [ 13.44287278, 52.47678916 ] ] ] } },
{ "type": "Feature", "properties": { "id": "versorggruen_2020.1400770941000000", "styp_id": "1400770941000000", "sst_name": "Blockrand- und Zeilenbebauung der 20er und 30er Jahre", "voeff_name": "schlecht versorgter Bereich", "vpriv_name": "mittel: Zeilen oder kompakte Siedlung", "versorg_sst": 8, "esst_name": "Block-edge and row development of the 1920s and 1930s", "evoeff_name": "poor availability", "evpriv_name": "medium: row development or compact settlement" }, "geometry": { "type": "Polygon", "coordinates": [ [ [ 13.45328216, 52.48186037 ], [ 13.45373639, 52.48163458 ], [ 13.45427448, 52.48142148 ], [ 13.45390934, 52.48107137 ], [ 13.45345873, 52.48075079 ], [ 13.45246906, 52.48126517 ], [ 13.45328216, 52.48186037 ] ] ] } },
{ "type": "Feature", "properties": { "id": "versorggruen_2020.1400770981000200", "styp_id": "1400770981000200", "sst_name": "Zeilenbebauung seit den 50er Jahren", "voeff_name": "schlecht versorgter Bereich", "vpriv_name": "mittel: Zeilen oder kompakte Siedlung", "versorg_sst": 8, "esst_name": "Row development since the 1950s", "evoeff_name": "poor availability", "evpriv_name": "medium: row development or compact settlement" }, "geometry": { "type": "Polygon", "coordinates": [ [ [ 13.45581427, 52.48085774 ], [ 13.45749169, 52.48076433 ], [ 13.4571554, 52.47897658 ], [ 13.45706028, 52.47887692 ], [ 13.45560468, 52.47962789 ], [ 13.45581427, 52.48085774 ] ] ] } },
{ "type": "Feature", "properties": { "id": "versorggruen_2020.1400771001000100", "styp_id": "1400771001000100", "sst_name": "nicht oder gering bebaute Grün- und Freiflächen", "voeff_name": "nicht versorgter Bereich", "vpriv_name": "hoch: aufgelockerte Siedlungsbebauung", "versorg_sst": 10, "esst_name": "Public green and open spaces with sparse or no development", "evoeff_name": "no availability", "evpriv_name": "high: loose settlement development" }, "geometry": { "type": "MultiPolygon", "coordinates": [ [ [ [ 13.46224075, 52.48070761 ], [ 13.46213877, 52.48077976 ], [ 13.46280235, 52.48112087 ], [ 13.46272567, 52.48115941 ], [ 13.46200868, 52.48078926 ], [ 13.46412202, 52.47929483 ], [ 13.4619738, 52.47816952 ], [ 13.46145074, 52.4787664 ], [ 13.4609081, 52.47942562 ], [ 13.46068705, 52.47980347 ], [ 13.4605428, 52.48021405 ], [ 13.46044939, 52.48065702 ], [ 13.46038416, 52.48103691 ], [ 13.46039352, 52.48151294 ], [ 13.46037968, 52.48190936 ], [ 13.46044209, 52.48235436 ], [ 13.46060881, 52.48318563 ], [ 13.46119492, 52.48350727 ], [ 13.46370155729776, 52.481744521220975 ], [ 13.463725498892254, 52.481727531880871 ], [ 13.463763269708819, 52.481700977333801 ], [ 13.463908893555647, 52.481598670532776 ], [ 13.46224075, 52.48070761 ] ] ], [ [ [ 13.4655112, 52.47734394 ], [ 13.46539041, 52.47737253 ], [ 13.46528146, 52.47738496 ], [ 13.4647228, 52.47743101 ], [ 13.46340437, 52.47753965 ], [ 13.46308928, 52.47757516 ], [ 13.46276082, 52.47764301 ], [ 13.46149025, 52.47775537 ], [ 13.46161193, 52.47788315 ], [ 13.46428967, 52.47925776 ], [ 13.46347211, 52.47983626 ], [ 13.465159256238719, 52.480719967078358 ], [ 13.46515929225813, 52.480719941766523 ], [ 13.465346849243222, 52.480588155676891 ], [ 13.46601692280445, 52.480117139676722 ], [ 13.466956185783221, 52.47945527541971 ], [ 13.467557644798177, 52.479031471549455 ], [ 13.468049240207487, 52.478686317505975 ], [ 13.4655112, 52.47734394 ] ] ] ] } },
{ "type": "Feature", "properties": { "id": "versorggruen_2020.1400771971000200", "styp_id": "1400771971000200", "sst_name": "Blockrand- und Zeilenbebauung der 20er und 30er Jahre", "voeff_name": "versorgter Bereich", "vpriv_name": "mittel: Zeilen oder kompakte Siedlung", "versorg_sst": 2, "esst_name": "Block-edge and row development of the 1920s and 1930s", "evoeff_name": "good availability", "evpriv_name": "medium: row development or compact settlement" }, "geometry": { "type": "Polygon", "coordinates": [ [ [ 13.46303464, 52.47187108 ], [ 13.4634929, 52.47184004 ], [ 13.46358504, 52.47263728 ], [ 13.46358314, 52.47278113 ], [ 13.46366036, 52.47406081 ], [ 13.46376178, 52.47512608 ], [ 13.46420084, 52.47728783 ], [ 13.4646697, 52.47724843 ], [ 13.46430165, 52.47567977 ], [ 13.46415224, 52.47468924 ], [ 13.46406956, 52.4731632 ], [ 13.46397577, 52.47225902 ], [ 13.46390223, 52.47185183 ], [ 13.46378237, 52.47123248 ], [ 13.46340494, 52.47102617 ], [ 13.46256156, 52.47123165 ], [ 13.46303464, 52.47187108 ] ] ] } },
{ "type": "Feature", "properties": { "id": "versorggruen_2020.1400772671000000", "styp_id": "1400772671000000", "sst_name": "geringe Bebauung mit überwiegender Nutzung durch Gewerbe und Industrie", "voeff_name": "nicht versorgter Bereich", "vpriv_name": "gering: Blockrandbebauung", "versorg_sst": 12, "esst_name": "Sparse development with predominantly commercial and industrial use", "evoeff_name": "no availability", "evpriv_name": "low: Wilhelminian-period block-edge development" }, "geometry": { "type": "Polygon", "coordinates": [ [ [ 13.44811912, 52.46965385 ], [ 13.44798466, 52.46948263 ], [ 13.44790436, 52.46925851 ], [ 13.44812892, 52.46844964 ], [ 13.44218728, 52.46782556 ], [ 13.44198014, 52.4689204 ], [ 13.44811912, 52.46965385 ] ] ] } },
{ "type": "Feature", "properties": { "id": "versorggruen_2020.1400772681000000", "styp_id": "1400772681000000", "sst_name": "geringe Bebauung mit überwiegender Nutzung durch Gewerbe und Industrie", "voeff_name": "nicht versorgter Bereich", "vpriv_name": "gering: Blockrandbebauung", "versorg_sst": 12, "esst_name": "Sparse development with predominantly commercial and industrial use", "evoeff_name": "no availability", "evpriv_name": "low: Wilhelminian-period block-edge development" }, "geometry": { "type": "Polygon", "coordinates": [ [ [ 13.44818994, 52.46925647 ], [ 13.44825151, 52.46942848 ], [ 13.44848783, 52.46972599 ], [ 13.44937682, 52.46996328 ], [ 13.4499741, 52.46867393 ], [ 13.44840491, 52.46847651 ], [ 13.44818994, 52.46925647 ] ] ] } },
{ "type": "Feature", "properties": { "id": "versorggruen_2020.1400772701000000", "styp_id": "1400772701000000", "sst_name": "geringe Bebauung mit überwiegender Nutzung durch Gewerbe und Industrie", "voeff_name": "nicht versorgter Bereich", "vpriv_name": "gering: Blockrandbebauung", "versorg_sst": 12, "esst_name": "Sparse development with predominantly commercial and industrial use", "evoeff_name": "no availability", "evpriv_name": "low: Wilhelminian-period block-edge development" }, "geometry": { "type": "Polygon", "coordinates": [ [ [ 13.4532355, 52.47064025 ], [ 13.4537182, 52.47066236 ], [ 13.45409976, 52.47066291 ], [ 13.45452034, 52.47063975 ], [ 13.45517474, 52.47056461 ], [ 13.45573981, 52.4704299 ], [ 13.45664406, 52.47017917 ], [ 13.45669833, 52.47024106 ], [ 13.45675292, 52.47021974 ], [ 13.45593498, 52.46920931 ], [ 13.45427349, 52.46925274 ], [ 13.45401552, 52.46936739 ], [ 13.45281908, 52.47059446 ], [ 13.4532355, 52.47064025 ] ] ] } },
{ "type": "Feature", "properties": { "id": "versorggruen_2020.1400772731000000", "styp_id": "1400772731000000", "sst_name": "geringe Bebauung mit überwiegender Nutzung durch Gewerbe und Industrie", "voeff_name": "versorgter Bereich", "vpriv_name": "gering: Blockrandbebauung", "versorg_sst": 3, "esst_name": "Sparse development with predominantly commercial and industrial use", "evoeff_name": "good availability", "evpriv_name": "low: Wilhelminian-period block-edge development" }, "geometry": { "type": "Polygon", "coordinates": [ [ [ 13.46614853, 52.47086188 ], [ 13.46674328, 52.47038819 ], [ 13.46712931, 52.46984592 ], [ 13.46595707, 52.46969246 ], [ 13.46509401, 52.47030058 ], [ 13.46614853, 52.47086188 ] ] ] } },
{ "type": "Feature", "properties": { "id": "versorggruen_2020.1400772741000000", "styp_id": "1400772741000000", "sst_name": "niedrige Bebauung mit Hausgärten", "voeff_name": "versorgter Bereich", "vpriv_name": "hoch: aufgelockerte Siedlungsbebauung", "versorg_sst": 1, "esst_name": "Low buildings with yards", "evoeff_name": "good availability", "evpriv_name": "high: loose settlement development" }, "geometry": { "type": "Polygon", "coordinates": [ [ [ 13.4671752, 52.47139797 ], [ 13.46787176, 52.47084893 ], [ 13.46779385, 52.47082725 ], [ 13.46809391, 52.47045651 ], [ 13.46837507, 52.47001834 ], [ 13.46732346, 52.46987224 ], [ 13.46692711, 52.47041989 ], [ 13.46631159, 52.47093759 ], [ 13.4671752, 52.47139797 ] ] ] } },
{ "type": "Feature", "properties": { "id": "versorggruen_2020.1400772751000000", "styp_id": "1400772751000000", "sst_name": "Zeilenbebauung seit den 50er Jahren", "voeff_name": "versorgter Bereich", "vpriv_name": "mittel: Zeilen oder kompakte Siedlung", "versorg_sst": 2, "esst_name": "Row development since the 1950s", "evoeff_name": "good availability", "evpriv_name": "medium: row development or compact settlement" }, "geometry": { "type": "Polygon", "coordinates": [ [ [ 13.46835762, 52.47201155 ], [ 13.46907472, 52.471476 ], [ 13.46965949, 52.47090883 ], [ 13.47013862, 52.47024805 ], [ 13.46858984, 52.4700384 ], [ 13.46821104, 52.47062022 ], [ 13.46855063, 52.47071504 ], [ 13.46833177, 52.4710122 ], [ 13.46805548, 52.47091208 ], [ 13.46734411, 52.47148716 ], [ 13.46835762, 52.47201155 ] ] ] } },
{ "type": "Feature", "properties": { "id": "versorggruen_2020.1400772761000100", "styp_id": "1400772761000100", "sst_name": "Zeilenbebauung seit den 50er Jahren", "voeff_name": "versorgter Bereich", "vpriv_name": "mittel: Zeilen oder kompakte Siedlung", "versorg_sst": 2, "esst_name": "Row development since the 1950s", "evoeff_name": "good availability", "evpriv_name": "medium: row development or compact settlement" }, "geometry": { "type": "Polygon", "coordinates": [ [ [ 13.46901164, 52.47236415 ], [ 13.47057208, 52.47117846 ], [ 13.47047744, 52.47112569 ], [ 13.47094501, 52.47054195 ], [ 13.47101713, 52.47036702 ], [ 13.4703122, 52.47026446 ], [ 13.47013016, 52.47055808 ], [ 13.46993356, 52.47080585 ], [ 13.46937522, 52.47139283 ], [ 13.46896782, 52.47174186 ], [ 13.46850005, 52.47209981 ], [ 13.46901164, 52.47236415 ] ] ] } },
{ "type": "Feature", "properties": { "id": "versorggruen_2020.1400772771000000", "styp_id": "1400772771000000", "sst_name": "niedrige Bebauung mit Hausgärten", "voeff_name": "versorgter Bereich", "vpriv_name": "hoch: aufgelockerte Siedlungsbebauung", "versorg_sst": 1, "esst_name": "Low buildings with yards", "evoeff_name": "good availability", "evpriv_name": "high: loose settlement development" }, "geometry": { "type": "Polygon", "coordinates": [ [ [ 13.47108215, 52.46975054 ], [ 13.47290149, 52.46999031 ], [ 13.47343027, 52.46945076 ], [ 13.47231782, 52.46902694 ], [ 13.47198606, 52.46921882 ], [ 13.47105505, 52.46908909 ], [ 13.47060426, 52.46882159 ], [ 13.46974435, 52.4693902 ], [ 13.46974413, 52.46945491 ], [ 13.47108215, 52.46975054 ] ] ] } },
{ "type": "Feature", "properties": { "id": "versorggruen_2020.1400772781000000", "styp_id": "1400772781000000", "sst_name": "Zeilenbebauung seit den 50er Jahren", "voeff_name": "versorgter Bereich", "vpriv_name": "mittel: Zeilen oder kompakte Siedlung", "versorg_sst": 2, "esst_name": "Row development since the 1950s", "evoeff_name": "good availability", "evpriv_name": "medium: row development or compact settlement" }, "geometry": { "type": "Polygon", "coordinates": [ [ [ 13.47267965, 52.46907144 ], [ 13.47367492, 52.46944283 ], [ 13.47497311, 52.46818844 ], [ 13.47387317, 52.46775825 ], [ 13.4729463, 52.46855955 ], [ 13.47241534, 52.46891204 ], [ 13.47267965, 52.46907144 ] ] ] } },
{ "type": "Feature", "properties": { "id": "versorggruen_2020.1400772791000000", "styp_id": "1400772791000000", "sst_name": "Blockrand- und Zeilenbebauung der 20er und 30er Jahre", "voeff_name": "versorgter Bereich", "vpriv_name": "mittel: Zeilen oder kompakte Siedlung", "versorg_sst": 2, "esst_name": "Block-edge and row development of the 1920s and 1930s", "evoeff_name": "good availability", "evpriv_name": "medium: row development or compact settlement" }, "geometry": { "type": "Polygon", "coordinates": [ [ [ 13.47071039, 52.46876961 ], [ 13.47114654, 52.46901821 ], [ 13.47189514, 52.46912883 ], [ 13.47277122, 52.46855304 ], [ 13.47377178, 52.46771589 ], [ 13.47299344, 52.46727723 ], [ 13.47071039, 52.46876961 ] ] ] } },
{ "type": "Feature", "properties": { "id": "versorggruen_2020.1400772801000100", "styp_id": "1400772801000100", "sst_name": "Blockrand- und Zeilenbebauung der 20er und 30er Jahre", "voeff_name": "versorgter Bereich", "vpriv_name": "mittel: Zeilen oder kompakte Siedlung", "versorg_sst": 2, "esst_name": "Block-edge and row development of the 1920s and 1930s", "evoeff_name": "good availability", "evpriv_name": "medium: row development or compact settlement" }, "geometry": { "type": "Polygon", "coordinates": [ [ [ 13.46884108, 52.4693252 ], [ 13.46950303, 52.46938989 ], [ 13.46975975, 52.46919791 ], [ 13.47062806, 52.46863417 ], [ 13.47004381, 52.46823183 ], [ 13.46915224, 52.46881226 ], [ 13.46821769, 52.46829261 ], [ 13.46765054, 52.4686729 ], [ 13.46884108, 52.4693252 ] ] ] } },
{ "type": "Feature", "properties": { "id": "versorggruen_2020.1400772831000000", "styp_id": "1400772831000000", "sst_name": "Bebauung mit überwiegender Nutzung durch Gemeinbedarf und Sondernutzung, Verkehrsflächen ohne Straßen", "voeff_name": "nicht versorgter Bereich", "vpriv_name": "mittel: Zeilen oder kompakte Siedlung", "versorg_sst": 11, "esst_name": "Development with predominantly public and special use or non-street traffic area", "evoeff_name": "no availability", "evpriv_name": "medium: row development or compact settlement" }, "geometry": { "type": "Polygon", "coordinates": [ [ [ 13.46380669, 52.46752024 ], [ 13.46563556, 52.46864212 ], [ 13.46639079, 52.46817701 ], [ 13.46521166, 52.4675041 ], [ 13.46455987, 52.46708983 ], [ 13.46380669, 52.46752024 ] ] ] } },
{ "type": "Feature", "properties": { "id": "versorggruen_2020.1400772901000100", "styp_id": "1400772901000100", "sst_name": "Blockbebauung der Gründerzeit mit Seitenflügeln und Hinterhäusern", "voeff_name": "nicht versorgter Bereich", "vpriv_name": "gering: Blockrandbebauung", "versorg_sst": 12, "esst_name": "Wilhelminian-period block development with wings and rear buildings (until 1918)", "evoeff_name": "no availability", "evpriv_name": "low: Wilhelminian-period block-edge development" }, "geometry": { "type": "Polygon", "coordinates": [ [ [ 13.4446339, 52.4679087 ], [ 13.44494569, 52.46758858 ], [ 13.44458182, 52.46745231 ], [ 13.44420455, 52.46738933 ], [ 13.44226425, 52.46719549 ], [ 13.44217717, 52.46765362 ], [ 13.4446339, 52.4679087 ] ] ] } },
{ "type": "Feature", "properties": { "id": "versorggruen_2020.1400773201000100", "styp_id": "1400773201000100", "sst_name": "Blockrand- und Zeilenbebauung der 20er und 30er Jahre", "voeff_name": "unterversorgter Bereich", "vpriv_name": "mittel: Zeilen oder kompakte Siedlung", "versorg_sst": 5, "esst_name": "Block-edge and row development of the 1920s and 1930s", "evoeff_name": "reduced availability", "evpriv_name": "medium: row development or compact settlement" }, "geometry": { "type": "Polygon", "coordinates": [ [ [ 13.46542855, 52.46734444 ], [ 13.46720864, 52.4683759 ], [ 13.47077894, 52.46602609 ], [ 13.46926353, 52.46516766 ], [ 13.46786776, 52.46424457 ], [ 13.46685961, 52.46482031 ], [ 13.46680236, 52.46478519 ], [ 13.46497763, 52.46583643 ], [ 13.46503103, 52.46587856 ], [ 13.46400754, 52.46644491 ], [ 13.46542855, 52.46734444 ] ], [ [ 13.46575472, 52.46572214 ], [ 13.46603277, 52.46589891 ], [ 13.46680163, 52.46546534 ], [ 13.46650526, 52.46528732 ], [ 13.46778873, 52.46455966 ], [ 13.4678445, 52.46453706 ], [ 13.46790632, 52.46455226 ], [ 13.46980176, 52.46571879 ], [ 13.46838754, 52.46666927 ], [ 13.46672197, 52.46777579 ], [ 13.46577641, 52.46724998 ], [ 13.46449795, 52.46643646 ], [ 13.46575472, 52.46572214 ] ] ] } },
{ "type": "Feature", "properties": { "id": "versorggruen_2020.1400776171000000", "styp_id": "1400776171000000", "sst_name": "geringe Bebauung mit überwiegender Nutzung durch Gewerbe und Industrie", "voeff_name": "nicht versorgter Bereich", "vpriv_name": "gering: Blockrandbebauung", "versorg_sst": 12, "esst_name": "Sparse development with predominantly commercial and industrial use", "evoeff_name": "no availability", "evpriv_name": "low: Wilhelminian-period block-edge development" }, "geometry": { "type": "Polygon", "coordinates": [ [ [ 13.46585341, 52.46485633 ], [ 13.46599117, 52.4648425 ], [ 13.46704149, 52.46424346 ], [ 13.46766283, 52.4639038 ], [ 13.47235241, 52.46124369 ], [ 13.47237486, 52.46113408 ], [ 13.47214015, 52.46093697 ], [ 13.47204193, 52.46083799 ], [ 13.47197978, 52.46052068 ], [ 13.46951086, 52.46058662 ], [ 13.46953783, 52.46127503 ], [ 13.46949606, 52.46143673 ], [ 13.46942638, 52.46158582 ], [ 13.46932736, 52.4617115 ], [ 13.46918565, 52.46184251 ], [ 13.4689453, 52.46199317 ], [ 13.46496168, 52.46425241 ], [ 13.46585341, 52.46485633 ] ] ] } },
{ "type": "Feature", "properties": { "id": "versorggruen_2020.1400776211000000", "styp_id": "1400776211000000", "sst_name": "hohe Bebauung der Nachkriegszeit", "voeff_name": "schlecht versorgter Bereich", "vpriv_name": "mittel: Zeilen oder kompakte Siedlung", "versorg_sst": 8, "esst_name": "Postwar high-rise development", "evoeff_name": "poor availability", "evpriv_name": "medium: row development or compact settlement" }, "geometry": { "type": "Polygon", "coordinates": [ [ [ 13.45403506, 52.48241954 ], [ 13.45582247, 52.48229812 ], [ 13.45538583, 52.47988999 ], [ 13.45520055, 52.47984568 ], [ 13.4536505, 52.48064413 ], [ 13.45421835, 52.48109339 ], [ 13.4545656, 52.48150189 ], [ 13.45401735, 52.48168082 ], [ 13.45340985, 52.48195222 ], [ 13.45403506, 52.48241954 ] ] ] } },
{ "type": "Feature", "properties": { "id": "versorggruen_2020.1400776271000100", "styp_id": "1400776271000100", "sst_name": "Zeilenbebauung seit den 50er Jahren", "voeff_name": "unterversorgter Bereich", "vpriv_name": "mittel: Zeilen oder kompakte Siedlung", "versorg_sst": 5, "esst_name": "Row development since the 1950s", "evoeff_name": "reduced availability", "evpriv_name": "medium: row development or compact settlement" }, "geometry": { "type": "Polygon", "coordinates": [ [ [ 13.46950528, 52.46504397 ], [ 13.47097665, 52.46587268 ], [ 13.47198241, 52.46522607 ], [ 13.47200324, 52.46515869 ], [ 13.47139506, 52.46483609 ], [ 13.4707093, 52.46530482 ], [ 13.46989609, 52.46483143 ], [ 13.46921586, 52.46438361 ], [ 13.46909082, 52.46446978 ], [ 13.46825724, 52.46393317 ], [ 13.46808244, 52.46411402 ], [ 13.46950528, 52.46504397 ] ] ] } },
{ "type": "Feature", "properties": { "id": "versorggruen_2020.1400776271000200", "styp_id": "1400776271000200", "sst_name": "hohe Bebauung der Nachkriegszeit", "voeff_name": "unterversorgter Bereich", "vpriv_name": "mittel: Zeilen oder kompakte Siedlung", "versorg_sst": 5, "esst_name": "Postwar high-rise development", "evoeff_name": "reduced availability", "evpriv_name": "medium: row development or compact settlement" }, "geometry": { "type": "Polygon", "coordinates": [ [ [ 13.46993112, 52.46433377 ], [ 13.47020602, 52.46419194 ], [ 13.4709372, 52.46457004 ], [ 13.47089018, 52.46452727 ], [ 13.4708156, 52.46439597 ], [ 13.4707997, 52.46431417 ], [ 13.47081924, 52.46419917 ], [ 13.47077076, 52.46417664 ], [ 13.47076788, 52.46291132 ], [ 13.47074304, 52.46286366 ], [ 13.47070053, 52.46281957 ], [ 13.47056408, 52.46271065 ], [ 13.47042089, 52.46269892 ], [ 13.46869605, 52.46367793 ], [ 13.46993112, 52.46433377 ] ] ] } },
{ "type": "Feature", "properties": { "id": "versorggruen_2020.1400776281000100", "styp_id": "1400776281000100", "sst_name": "Zeilenbebauung seit den 50er Jahren", "voeff_name": "versorgter Bereich", "vpriv_name": "mittel: Zeilen oder kompakte Siedlung", "versorg_sst": 2, "esst_name": "Row development since the 1950s", "evoeff_name": "good availability", "evpriv_name": "medium: row development or compact settlement" }, "geometry": { "type": "Polygon", "coordinates": [ [ [ 13.47219749, 52.46657346 ], [ 13.47305024, 52.46600088 ], [ 13.47281491, 52.46583754 ], [ 13.47312603, 52.4656294 ], [ 13.4737141, 52.46564837 ], [ 13.47369977, 52.46557069 ], [ 13.47367915, 52.46466995 ], [ 13.4735789, 52.46465962 ], [ 13.47186996, 52.46582263 ], [ 13.47142449, 52.46613748 ], [ 13.47219749, 52.46657346 ] ] ] } },
{ "type": "Feature", "properties": { "id": "versorggruen_2020.1400776281000500", "styp_id": "1400776281000500", "sst_name": "Zeilenbebauung seit den 50er Jahren", "voeff_name": "versorgter Bereich", "vpriv_name": "mittel: Zeilen oder kompakte Siedlung", "versorg_sst": 2, "esst_name": "Row development since the 1950s", "evoeff_name": "good availability", "evpriv_name": "medium: row development or compact settlement" }, "geometry": { "type": "Polygon", "coordinates": [ [ [ 13.47685258, 52.4626397 ], [ 13.47696995, 52.46273781 ], [ 13.47704296, 52.46289966 ], [ 13.47704332, 52.46583199 ], [ 13.47700618, 52.46593708 ], [ 13.47698516, 52.46595316 ], [ 13.47719161, 52.46601411 ], [ 13.47727217, 52.46599209 ], [ 13.47737298, 52.46593322 ], [ 13.47746176, 52.46586205 ], [ 13.4775386, 52.46575154 ], [ 13.47765204, 52.46552801 ], [ 13.47771311, 52.46531915 ], [ 13.478034, 52.46500894 ], [ 13.47807258, 52.46495272 ], [ 13.47810654, 52.46398682 ], [ 13.47703386, 52.46242297 ], [ 13.47669231, 52.46261074 ], [ 13.47685258, 52.4626397 ] ] ] } },
{ "type": "Feature", "properties": { "id": "versorggruen_2020.1400776291000000", "styp_id": "1400776291000000", "sst_name": "hohe Bebauung der Nachkriegszeit", "voeff_name": "versorgter Bereich", "vpriv_name": "mittel: Zeilen oder kompakte Siedlung", "versorg_sst": 2, "esst_name": "Postwar high-rise development", "evoeff_name": "good availability", "evpriv_name": "medium: row development or compact settlement" }, "geometry": { "type": "Polygon", "coordinates": [ [ [ 13.47384116, 52.46454425 ], [ 13.4738386, 52.46457066 ], [ 13.47388844, 52.46462195 ], [ 13.47393653, 52.46475771 ], [ 13.47392485, 52.46557997 ], [ 13.47398324, 52.46571574 ], [ 13.47410933, 52.46584441 ], [ 13.47435181, 52.4659319 ], [ 13.474568, 52.46596093 ], [ 13.47518898, 52.46594645 ], [ 13.47519088, 52.46582244 ], [ 13.4751104, 52.46569023 ], [ 13.47511823, 52.4638408 ], [ 13.47508092, 52.46370872 ], [ 13.47501409, 52.46370183 ], [ 13.47389162, 52.46445244 ], [ 13.47384116, 52.46454425 ] ] ] } },
{ "type": "Feature", "properties": { "id": "versorggruen_2020.1400776301000000", "styp_id": "1400776301000000", "sst_name": "hohe Bebauung der Nachkriegszeit", "voeff_name": "versorgter Bereich", "vpriv_name": "mittel: Zeilen oder kompakte Siedlung", "versorg_sst": 2, "esst_name": "Postwar high-rise development", "evoeff_name": "good availability", "evpriv_name": "medium: row development or compact settlement" }, "geometry": { "type": "Polygon", "coordinates": [ [ [ 13.47537687, 52.46350323 ], [ 13.47550286, 52.46365976 ], [ 13.47556553, 52.46383508 ], [ 13.47555922, 52.46567733 ], [ 13.47549102, 52.46582821 ], [ 13.47549066, 52.46593426 ], [ 13.47663401, 52.46590875 ], [ 13.47660464, 52.46291097 ], [ 13.47657691, 52.4628735 ], [ 13.47651577, 52.46282918 ], [ 13.47642663, 52.46282907 ], [ 13.47540496, 52.46344711 ], [ 13.47537687, 52.46350323 ] ] ] } },
{ "type": "Feature", "properties": { "id": "versorggruen_2020.1400776311000000", "styp_id": "1400776311000000", "sst_name": "hohe Bebauung der Nachkriegszeit", "voeff_name": "versorgter Bereich", "vpriv_name": "mittel: Zeilen oder kompakte Siedlung", "versorg_sst": 2, "esst_name": "Postwar high-rise development", "evoeff_name": "good availability", "evpriv_name": "medium: row development or compact settlement" }, "geometry": { "type": "Polygon", "coordinates": [ [ [ 13.47069666, 52.46259882 ], [ 13.47096237, 52.4628316 ], [ 13.47102086, 52.46293592 ], [ 13.47103883, 52.46368093 ], [ 13.47109459, 52.46372324 ], [ 13.47207302, 52.46372003 ], [ 13.47213779, 52.46371113 ], [ 13.47214675, 52.4636743 ], [ 13.47213742, 52.4618881 ], [ 13.47204963, 52.46183425 ], [ 13.47194253, 52.46183411 ], [ 13.47071219, 52.46253342 ], [ 13.47069666, 52.46259882 ] ] ] } },
{ "type": "Feature", "properties": { "id": "versorggruen_2020.1400776321000000", "styp_id": "1400776321000000", "sst_name": "hohe Bebauung der Nachkriegszeit", "voeff_name": "versorgter Bereich", "vpriv_name": "mittel: Zeilen oder kompakte Siedlung", "versorg_sst": 2, "esst_name": "Postwar high-rise development", "evoeff_name": "good availability", "evpriv_name": "medium: row development or compact settlement" }, "geometry": { "type": "Polygon", "coordinates": [ [ [ 13.47372268, 52.46405558 ], [ 13.47376854, 52.46398195 ], [ 13.47370697, 52.46391717 ], [ 13.47364852, 52.46380206 ], [ 13.47364313, 52.4619616 ], [ 13.47358439, 52.46193007 ], [ 13.47261926, 52.46192792 ], [ 13.47257203, 52.46197009 ], [ 13.47255684, 52.46379076 ], [ 13.47252731, 52.46382038 ], [ 13.47246254, 52.46383018 ], [ 13.47107655, 52.46383285 ], [ 13.47103374, 52.46387324 ], [ 13.47103938, 52.46435672 ], [ 13.47107145, 52.46444304 ], [ 13.47112424, 52.46449253 ], [ 13.47126663, 52.46458708 ], [ 13.4721493, 52.46504566 ], [ 13.47226116, 52.46503502 ], [ 13.47372268, 52.46405558 ] ] ] } },
{ "type": "Feature", "properties": { "id": "versorggruen_2020.1400776331000000", "styp_id": "1400776331000000", "sst_name": "hohe Bebauung der Nachkriegszeit", "voeff_name": "versorgter Bereich", "vpriv_name": "mittel: Zeilen oder kompakte Siedlung", "versorg_sst": 2, "esst_name": "Postwar high-rise development", "evoeff_name": "good availability", "evpriv_name": "medium: row development or compact settlement" }, "geometry": { "type": "Polygon", "coordinates": [ [ [ 13.47505728, 52.46316762 ], [ 13.47641153, 52.46235604 ], [ 13.47631974, 52.46227687 ], [ 13.4763465, 52.46219692 ], [ 13.47609556, 52.46200609 ], [ 13.47600449, 52.46196553 ], [ 13.47589572, 52.46193484 ], [ 13.47574277, 52.46191757 ], [ 13.47563242, 52.46191743 ], [ 13.47557639, 52.4619524 ], [ 13.47557368, 52.46274591 ], [ 13.47555874, 52.4628115 ], [ 13.47549682, 52.46284916 ], [ 13.47542905, 52.46287514 ], [ 13.47529221, 52.46287676 ], [ 13.47521724, 52.46285959 ], [ 13.47518056, 52.46282809 ], [ 13.47514833, 52.46278761 ], [ 13.47514113, 52.46274356 ], [ 13.47514235, 52.46195814 ], [ 13.4750895, 52.46192392 ], [ 13.47412729, 52.46192987 ], [ 13.47406684, 52.46196394 ], [ 13.47402796, 52.46369716 ], [ 13.4741336, 52.46375855 ], [ 13.47505728, 52.46316762 ] ] ] } },
{ "type": "Feature", "properties": { "id": "versorggruen_2020.1400776341000100", "styp_id": "1400776341000100", "sst_name": "Siedlungsbebauung der 90er Jahre", "voeff_name": "versorgter Bereich", "vpriv_name": "mittel: Zeilen oder kompakte Siedlung", "versorg_sst": 2, "esst_name": "Residential development of the 1990s", "evoeff_name": "good availability", "evpriv_name": "medium: row development or compact settlement" }, "geometry": { "type": "Polygon", "coordinates": [ [ [ 13.47243291, 52.46161279 ], [ 13.47261842, 52.46174459 ], [ 13.47563006, 52.46174847 ], [ 13.47577715, 52.46175855 ], [ 13.47595803, 52.46178304 ], [ 13.47614767, 52.46182732 ], [ 13.47629161, 52.4618976 ], [ 13.47639584, 52.46196603 ], [ 13.47667754, 52.46219644 ], [ 13.47689922, 52.46208298 ], [ 13.4760776, 52.46146204 ], [ 13.47598297, 52.46145807 ], [ 13.4754039, 52.46104108 ], [ 13.47478585, 52.46035417 ], [ 13.47425353, 52.46054273 ], [ 13.47246377, 52.46153807 ], [ 13.47243291, 52.46161279 ] ] ] } },
{ "type": "Feature", "properties": { "id": "versorggruen_2020.1400776361000000", "styp_id": "1400776361000000", "sst_name": "hohe Bebauung der Nachkriegszeit", "voeff_name": "versorgter Bereich", "vpriv_name": "mittel: Zeilen oder kompakte Siedlung", "versorg_sst": 2, "esst_name": "Postwar high-rise development", "evoeff_name": "good availability", "evpriv_name": "medium: row development or compact settlement" }, "geometry": { "type": "Polygon", "coordinates": [ [ [ 13.46378237, 52.47123248 ], [ 13.46390223, 52.47185183 ], [ 13.46414954, 52.471827 ], [ 13.4643126, 52.47310512 ], [ 13.46440228, 52.47312861 ], [ 13.46451906, 52.47298588 ], [ 13.46478032, 52.47277416 ], [ 13.46657601, 52.47147175 ], [ 13.46466792, 52.47052196 ], [ 13.46427725, 52.47071464 ], [ 13.46340494, 52.47102617 ], [ 13.46378237, 52.47123248 ] ] ] } },
{ "type": "Feature", "properties": { "id": "versorggruen_2020.1400776461000100", "styp_id": "1400776461000100", "sst_name": "Blockrand- und Zeilenbebauung der 20er und 30er Jahre", "voeff_name": "nicht versorgter Bereich", "vpriv_name": "mittel: Zeilen oder kompakte Siedlung", "versorg_sst": 11, "esst_name": "Block-edge and row development of the 1920s and 1930s", "evoeff_name": "no availability", "evpriv_name": "medium: row development or compact settlement" }, "geometry": { "type": "Polygon", "coordinates": [ [ [ 13.46167429, 52.46798549 ], [ 13.46271695, 52.46740002 ], [ 13.4642978, 52.46842407 ], [ 13.46442457, 52.46836021 ], [ 13.46504814, 52.46871667 ], [ 13.46529462, 52.4685604 ], [ 13.46370007, 52.46758201 ], [ 13.46337474, 52.4677702 ], [ 13.46321789, 52.46767511 ], [ 13.4644278, 52.46699349 ], [ 13.46367906, 52.46653594 ], [ 13.46140335, 52.46784286 ], [ 13.46167429, 52.46798549 ] ] ] } },
{ "type": "Feature", "properties": { "id": "versorggruen_2020.1400776471000000", "styp_id": "1400776471000000", "sst_name": "dichte Bebauung mit überwiegender Nutzung durch Gewerbe und Industrie", "voeff_name": "schlecht versorgter Bereich", "vpriv_name": "kein: alle anderen Strukturtypen", "versorg_sst": 9, "esst_name": "Dense development with predominantly commercial and industrial use", "evoeff_name": "poor availability", "evpriv_name": "none: all other structure types" }, "geometry": { "type": "Polygon", "coordinates": [ [ [ 13.45073892, 52.47995416 ], [ 13.45134071, 52.47963423 ], [ 13.45144492, 52.47970808 ], [ 13.45174583, 52.47954317 ], [ 13.45182068, 52.4795981 ], [ 13.45091801, 52.48007395 ], [ 13.45183222, 52.48077176 ], [ 13.45387784, 52.47972064 ], [ 13.45175151, 52.47811341 ], [ 13.4496913, 52.47913662 ], [ 13.45073892, 52.47995416 ] ] ] } },
{ "type": "Feature", "properties": { "id": "versorggruen_2020.1400776511000000", "styp_id": "1400776511000000", "sst_name": "hohe Bebauung der Nachkriegszeit", "voeff_name": "versorgter Bereich", "vpriv_name": "mittel: Zeilen oder kompakte Siedlung", "versorg_sst": 2, "esst_name": "Postwar high-rise development", "evoeff_name": "good availability", "evpriv_name": "medium: row development or compact settlement" }, "geometry": { "type": "Polygon", "coordinates": [ [ [ 13.4652459, 52.47262472 ], [ 13.46595522, 52.47302828 ], [ 13.46659314, 52.47364473 ], [ 13.46689755, 52.47370355 ], [ 13.46707956, 52.4738359 ], [ 13.46721838, 52.47410838 ], [ 13.46711829, 52.47411454 ], [ 13.46700291, 52.47386905 ], [ 13.46684293, 52.47375201 ], [ 13.46655618, 52.47369051 ], [ 13.4658947, 52.47307673 ], [ 13.46518539, 52.47267137 ], [ 13.4649154, 52.47285971 ], [ 13.46474414, 52.47300866 ], [ 13.46458448, 52.47320435 ], [ 13.46446734, 52.47344503 ], [ 13.46440434, 52.47377026 ], [ 13.4645209, 52.47488835 ], [ 13.46462246, 52.4756856 ], [ 13.46493639, 52.47716702 ], [ 13.46503336, 52.47721029 ], [ 13.46524098, 52.47718451 ], [ 13.46547225, 52.47712911 ], [ 13.4657375, 52.47703781 ], [ 13.46603235, 52.47690161 ], [ 13.4663007, 52.47676448 ], [ 13.46708401, 52.47626499 ], [ 13.46700056, 52.47614535 ], [ 13.46741627, 52.47514031 ], [ 13.46738548, 52.47470083 ], [ 13.4671402, 52.47415861 ], [ 13.46723883, 52.47415065 ], [ 13.46752376, 52.47471719 ], [ 13.4675501, 52.47516655 ], [ 13.46721175, 52.47594164 ], [ 13.46717448, 52.4760728 ], [ 13.46721678, 52.47617979 ], [ 13.46816359, 52.47563468 ], [ 13.46760571, 52.4752529 ], [ 13.46752063, 52.47361448 ], [ 13.46545396, 52.47247133 ], [ 13.4652459, 52.47262472 ] ] ] } },
{ "type": "Feature", "properties": { "id": "versorggruen_2020.1400779041000100", "styp_id": "1400779041000100", "sst_name": "geringe Bebauung mit überwiegender Nutzung durch Gewerbe und Industrie", "voeff_name": "nicht versorgter Bereich", "vpriv_name": "gering: Blockrandbebauung", "versorg_sst": 12, "esst_name": "Sparse development with predominantly commercial and industrial use", "evoeff_name": "no availability", "evpriv_name": "low: Wilhelminian-period block-edge development" }, "geometry": { "type": "Polygon", "coordinates": [ [ [ 13.44557634, 52.47010964 ], [ 13.44915638, 52.47052486 ], [ 13.44999048, 52.47061556 ], [ 13.44596538, 52.46997314 ], [ 13.44469162, 52.46974221 ], [ 13.44236987, 52.46941285 ], [ 13.44222969, 52.46955573 ], [ 13.4418782, 52.46953066 ], [ 13.44185781, 52.46965202 ], [ 13.44557634, 52.47010964 ] ] ] } },
{ "type": "Feature", "properties": { "id": "versorggruen_2020.1400779111000100", "styp_id": "1400779111000100", "sst_name": "Bebauung mit überwiegender Nutzung durch Gemeinbedarf und Sondernutzung, Verkehrsflächen ohne Straßen", "voeff_name": "versorgter Bereich", "vpriv_name": "mittel: Zeilen oder kompakte Siedlung", "versorg_sst": 2, "esst_name": "Development with predominantly public and special use or non-street traffic area", "evoeff_name": "good availability", "evpriv_name": "medium: row development or compact settlement" }, "geometry": { "type": "Polygon", "coordinates": [ [ [ 13.46702812, 52.46933659 ], [ 13.46695324, 52.46952883 ], [ 13.46861576, 52.46976684 ], [ 13.469709, 52.46990544 ], [ 13.46973413, 52.46985468 ], [ 13.46867431, 52.46967549 ], [ 13.46874903, 52.46951918 ], [ 13.46856547, 52.4694965 ], [ 13.46791178, 52.46914049 ], [ 13.46717139, 52.46906473 ], [ 13.46693822, 52.46922142 ], [ 13.46657104, 52.46919476 ], [ 13.46651041, 52.46926654 ], [ 13.46702812, 52.46933659 ] ] ] } },
{ "type": "Feature", "properties": { "id": "versorggruen_2020.1400780461000000", "styp_id": "1400780461000000", "sst_name": "Blockbebauung der Gründerzeit mit Seitenflügeln und Hinterhäusern", "voeff_name": "versorgter Bereich", "vpriv_name": "gering: Blockrandbebauung", "versorg_sst": 3, "esst_name": "Wilhelminian-period block development with wings and rear buildings (until 1918)", "evoeff_name": "good availability", "evpriv_name": "low: Wilhelminian-period block-edge development" }, "geometry": { "type": "Polygon", "coordinates": [ [ [ 13.42560581, 52.48755808 ], [ 13.42680639, 52.48712338 ], [ 13.42659738, 52.48549466 ], [ 13.42462958, 52.48638727 ], [ 13.42560581, 52.48755808 ] ] ] } },
{ "type": "Feature", "properties": { "id": "versorggruen_2020.1400780471000000", "styp_id": "1400780471000000", "sst_name": "Blockbebauung der Gründerzeit mit Seitenflügeln und Hinterhäusern", "voeff_name": "nicht versorgter Bereich", "vpriv_name": "gering: Blockrandbebauung", "versorg_sst": 12, "esst_name": "Wilhelminian-period block development with wings and rear buildings (until 1918)", "evoeff_name": "no availability", "evpriv_name": "low: Wilhelminian-period block-edge development" }, "geometry": { "type": "Polygon", "coordinates": [ [ [ 13.42704817, 52.48704381 ], [ 13.42880426, 52.4864159 ], [ 13.42872231, 52.48466697 ], [ 13.42860497, 52.48457511 ], [ 13.42684077, 52.48538453 ], [ 13.42704817, 52.48704381 ] ] ] } },
{ "type": "Feature", "properties": { "id": "versorggruen_2020.1400780631000000", "styp_id": "1400780631000000", "sst_name": "Blockbebauung der Gründerzeit mit Seitenflügeln und Hinterhäusern", "voeff_name": "nicht versorgter Bereich", "vpriv_name": "gering: Blockrandbebauung", "versorg_sst": 12, "esst_name": "Wilhelminian-period block development with wings and rear buildings (until 1918)", "evoeff_name": "no availability", "evpriv_name": "low: Wilhelminian-period block-edge development" }, "geometry": { "type": "Polygon", "coordinates": [ [ [ 13.42905217, 52.48529479 ], [ 13.42961452, 52.48528853 ], [ 13.43226751, 52.48386676 ], [ 13.4314959, 52.48326788 ], [ 13.42901206, 52.48439337 ], [ 13.42905217, 52.48529479 ] ] ] } },
{ "type": "Feature", "properties": { "id": "versorggruen_2020.1400780641000000", "styp_id": "1400780641000000", "sst_name": "Blockbebauung der Gründerzeit mit Seitenflügeln und Hinterhäusern", "voeff_name": "nicht versorgter Bereich", "vpriv_name": "gering: Blockrandbebauung", "versorg_sst": 12, "esst_name": "Wilhelminian-period block development with wings and rear buildings (until 1918)", "evoeff_name": "no availability", "evpriv_name": "low: Wilhelminian-period block-edge development" }, "geometry": { "type": "Polygon", "coordinates": [ [ [ 13.42762128, 52.48465883 ], [ 13.42873481, 52.48417812 ], [ 13.42888233, 52.48246642 ], [ 13.42758635, 52.48228901 ], [ 13.42762128, 52.48465883 ] ] ] } },
{ "type": "Feature", "properties": { "id": "versorggruen_2020.1400780751000000", "styp_id": "1400780751000000", "sst_name": "Blockbebauung der Gründerzeit mit Seitenflügeln und Hinterhäusern", "voeff_name": "nicht versorgter Bereich", "vpriv_name": "gering: Blockrandbebauung", "versorg_sst": 12, "esst_name": "Wilhelminian-period block development with wings and rear buildings (until 1918)", "evoeff_name": "no availability", "evpriv_name": "low: Wilhelminian-period block-edge development" }, "geometry": { "type": "Polygon", "coordinates": [ [ [ 13.42888233, 52.48246642 ], [ 13.42925359, 52.48140663 ], [ 13.42789137, 52.4812363 ], [ 13.42761249, 52.48204103 ], [ 13.42758635, 52.48228901 ], [ 13.42888233, 52.48246642 ] ] ] } },
{ "type": "Feature", "properties": { "id": "versorggruen_2020.1400780761000000", "styp_id": "1400780761000000", "sst_name": "Blockbebauung der Gründerzeit mit Seitenflügeln und Hinterhäusern", "voeff_name": "nicht versorgter Bereich", "vpriv_name": "gering: Blockrandbebauung", "versorg_sst": 12, "esst_name": "Wilhelminian-period block development with wings and rear buildings (until 1918)", "evoeff_name": "no availability", "evpriv_name": "low: Wilhelminian-period block-edge development" }, "geometry": { "type": "Polygon", "coordinates": [ [ [ 13.42939714, 52.48222015 ], [ 13.43127203, 52.48163734 ], [ 13.42951547, 52.48143402 ], [ 13.42925177, 52.48214263 ], [ 13.42939714, 52.48222015 ] ] ] } },
{ "type": "Feature", "properties": { "id": "versorggruen_2020.1400780771000000", "styp_id": "1400780771000000", "sst_name": "Blockbebauung der Gründerzeit mit Seitenflügeln und Hinterhäusern", "voeff_name": "nicht versorgter Bereich", "vpriv_name": "gering: Blockrandbebauung", "versorg_sst": 12, "esst_name": "Wilhelminian-period block development with wings and rear buildings (until 1918)", "evoeff_name": "no availability", "evpriv_name": "low: Wilhelminian-period block-edge development" }, "geometry": { "type": "Polygon", "coordinates": [ [ [ 13.43325851, 52.48210881 ], [ 13.43348148, 52.48194921 ], [ 13.43345083, 52.48188895 ], [ 13.43169864, 52.48169286 ], [ 13.42915749, 52.48248845 ], [ 13.42898743, 52.48397635 ], [ 13.42907704, 52.48401604 ], [ 13.43325851, 52.48210881 ] ] ] } },
{ "type": "Feature", "properties": { "id": "versorggruen_2020.1400780781000000", "styp_id": "1400780781000000", "sst_name": "Blockbebauung der Gründerzeit mit Seitenflügeln und Hinterhäusern", "voeff_name": "nicht versorgter Bereich", "vpriv_name": "gering: Blockrandbebauung", "versorg_sst": 12, "esst_name": "Wilhelminian-period block development with wings and rear buildings (until 1918)", "evoeff_name": "no availability", "evpriv_name": "low: Wilhelminian-period block-edge development" }, "geometry": { "type": "Polygon", "coordinates": [ [ [ 13.43248732, 52.48375928 ], [ 13.43448287, 52.4828522 ], [ 13.43367446, 52.48224878 ], [ 13.43172008, 52.48316939 ], [ 13.43248732, 52.48375928 ] ] ] } },
{ "type": "Feature", "properties": { "id": "versorggruen_2020.1400780791000000", "styp_id": "1400780791000000", "sst_name": "Bebauung mit überwiegender Nutzung durch Gemeinbedarf und Sondernutzung, Verkehrsflächen ohne Straßen", "voeff_name": "nicht versorgter Bereich", "vpriv_name": "mittel: Zeilen oder kompakte Siedlung", "versorg_sst": 11, "esst_name": "Development with predominantly public and special use or non-street traffic area", "evoeff_name": "no availability", "evpriv_name": "medium: row development or compact settlement" }, "geometry": { "type": "Polygon", "coordinates": [ [ [ 13.43468357, 52.482733 ], [ 13.435787, 52.48217672 ], [ 13.43472234, 52.48160435 ], [ 13.4345057, 52.48161209 ], [ 13.43382819, 52.48209985 ], [ 13.43468357, 52.482733 ] ] ] } },
{ "type": "Feature", "properties": { "id": "versorggruen_2020.1400781091000000", "styp_id": "1400781091000000", "sst_name": "Bebauung mit überwiegender Nutzung durch Handel und Dienstleistung", "voeff_name": "nicht versorgter Bereich", "vpriv_name": "gering: Blockrandbebauung", "versorg_sst": 12, "esst_name": "Development with predominantly retail and service use", "evoeff_name": "no availability", "evpriv_name": "low: Wilhelminian-period block-edge development" }, "geometry": { "type": "Polygon", "coordinates": [ [ [ 13.43906566, 52.48033913 ], [ 13.43928648, 52.48020099 ], [ 13.43965308, 52.47944185 ], [ 13.43796285, 52.47912171 ], [ 13.43726287, 52.47962359 ], [ 13.43685184, 52.47997852 ], [ 13.43906566, 52.48033913 ] ] ] } },
{ "type": "Feature", "properties": { "id": "versorggruen_2020.1400781101000000", "styp_id": "1400781101000000", "sst_name": "Blockbebauung der Gründerzeit mit Seitenflügeln und Hinterhäusern", "voeff_name": "nicht versorgter Bereich", "vpriv_name": "gering: Blockrandbebauung", "versorg_sst": 12, "esst_name": "Wilhelminian-period block development with wings and rear buildings (until 1918)", "evoeff_name": "no availability", "evpriv_name": "low: Wilhelminian-period block-edge development" }, "geometry": { "type": "Polygon", "coordinates": [ [ [ 13.43782853, 52.48115463 ], [ 13.43886616, 52.48047869 ], [ 13.43662013, 52.48012373 ], [ 13.43565443, 52.4808393 ], [ 13.43782853, 52.48115463 ] ] ] } },
{ "type": "Feature", "properties": { "id": "versorggruen_2020.1400781121000000", "styp_id": "1400781121000000", "sst_name": "Blockbebauung der Gründerzeit mit Seitenflügeln und Hinterhäusern", "voeff_name": "nicht versorgter Bereich", "vpriv_name": "gering: Blockrandbebauung", "versorg_sst": 12, "esst_name": "Wilhelminian-period block development with wings and rear buildings (until 1918)", "evoeff_name": "no availability", "evpriv_name": "low: Wilhelminian-period block-edge development" }, "geometry": { "type": "Polygon", "coordinates": [ [ [ 13.43515437, 52.48075581 ], [ 13.43554565, 52.48046708 ], [ 13.43301662, 52.48021134 ], [ 13.43228755, 52.48011851 ], [ 13.43213134, 52.48059721 ], [ 13.43467952, 52.48095994 ], [ 13.43492527, 52.48092486 ], [ 13.43515437, 52.48075581 ] ] ] } },
{ "type": "Feature", "properties": { "id": "versorggruen_2020.1400781131000000", "styp_id": "1400781131000000", "sst_name": "Blockbebauung der Gründerzeit mit Seitenflügeln und Hinterhäusern", "voeff_name": "nicht versorgter Bereich", "vpriv_name": "gering: Blockrandbebauung", "versorg_sst": 12, "esst_name": "Wilhelminian-period block development with wings and rear buildings (until 1918)", "evoeff_name": "no availability", "evpriv_name": "low: Wilhelminian-period block-edge development" }, "geometry": { "type": "Polygon", "coordinates": [ [ [ 13.43375757, 52.48175555 ], [ 13.43458141, 52.48117995 ], [ 13.43454786, 52.4811107 ], [ 13.43208838, 52.48076519 ], [ 13.43183917, 52.48153403 ], [ 13.43375757, 52.48175555 ] ] ] } },
{ "type": "Feature", "properties": { "id": "versorggruen_2020.1400781141000200", "styp_id": "1400781141000200", "sst_name": "Bebauung mit überwiegender Nutzung durch Gemeinbedarf und Sondernutzung, Verkehrsflächen ohne Straßen", "voeff_name": "nicht versorgter Bereich", "vpriv_name": "mittel: Zeilen oder kompakte Siedlung", "versorg_sst": 11, "esst_name": "Development with predominantly public and special use or non-street traffic area", "evoeff_name": "no availability", "evpriv_name": "medium: row development or compact settlement" }, "geometry": { "type": "Polygon", "coordinates": [ [ [ 13.4292621, 52.47983498 ], [ 13.42914458, 52.48017852 ], [ 13.43185833, 52.48055874 ], [ 13.43204902, 52.47996101 ], [ 13.4313184, 52.47986809 ], [ 13.42845465, 52.47950382 ], [ 13.42838095, 52.47972494 ], [ 13.4292621, 52.47983498 ] ] ] } },
{ "type": "Feature", "properties": { "id": "versorggruen_2020.1400781141000300", "styp_id": "1400781141000300", "sst_name": "dichte Bebauung mit überwiegender Nutzung durch Gewerbe und Industrie", "voeff_name": "nicht versorgter Bereich", "vpriv_name": "kein: alle anderen Strukturtypen", "versorg_sst": 12, "esst_name": "Dense development with predominantly commercial and industrial use", "evoeff_name": "no availability", "evpriv_name": "none: all other structure types" }, "geometry": { "type": "Polygon", "coordinates": [ [ [ 13.43204902, 52.47996101 ], [ 13.43225231, 52.4799395 ], [ 13.43302324, 52.4800451 ], [ 13.43576705, 52.48032545 ], [ 13.43676664, 52.47961222 ], [ 13.431623, 52.47897629 ], [ 13.4313184, 52.47986809 ], [ 13.43204902, 52.47996101 ] ] ] } },
{ "type": "Feature", "properties": { "id": "versorggruen_2020.1400781141000400", "styp_id": "1400781141000400", "sst_name": "Siedlungsbebauung der 90er Jahre", "voeff_name": "nicht versorgter Bereich", "vpriv_name": "mittel: Zeilen oder kompakte Siedlung", "versorg_sst": 11, "esst_name": "Residential development of the 1990s", "evoeff_name": "no availability", "evpriv_name": "medium: row development or compact settlement" }, "geometry": { "type": "Polygon", "coordinates": [ [ [ 13.42863724, 52.47896214 ], [ 13.43057098, 52.47921573 ], [ 13.43055159, 52.47927285 ], [ 13.42861472, 52.47902906 ], [ 13.42845465, 52.47950382 ], [ 13.4313184, 52.47986809 ], [ 13.431623, 52.47897629 ], [ 13.43132755, 52.47893976 ], [ 13.43086343, 52.47888191 ], [ 13.42875449, 52.47861447 ], [ 13.42863724, 52.47896214 ] ] ] } },
{ "type": "Feature", "properties": { "id": "versorggruen_2020.1400781151000000", "styp_id": "1400781151000000", "sst_name": "Blockbebauung der Gründerzeit mit Seitenflügeln und Hinterhäusern", "voeff_name": "nicht versorgter Bereich", "vpriv_name": "gering: Blockrandbebauung", "versorg_sst": 12, "esst_name": "Wilhelminian-period block development with wings and rear buildings (until 1918)", "evoeff_name": "no availability", "evpriv_name": "low: Wilhelminian-period block-edge development" }, "geometry": { "type": "Polygon", "coordinates": [ [ [ 13.43157732, 52.48149945 ], [ 13.43181033, 52.48073328 ], [ 13.42987309, 52.48045598 ], [ 13.42955746, 52.48126065 ], [ 13.43157732, 52.48149945 ] ] ] } },
{ "type": "Feature", "properties": { "id": "versorggruen_2020.1400781161000000", "styp_id": "1400781161000000", "sst_name": "Blockbebauung der Gründerzeit mit Seitenflügeln und Hinterhäusern", "voeff_name": "nicht versorgter Bereich", "vpriv_name": "gering: Blockrandbebauung", "versorg_sst": 12, "esst_name": "Wilhelminian-period block development with wings and rear buildings (until 1918)", "evoeff_name": "no availability", "evpriv_name": "low: Wilhelminian-period block-edge development" }, "geometry": { "type": "Polygon", "coordinates": [ [ [ 13.42929858, 52.48121978 ], [ 13.42960098, 52.48041509 ], [ 13.42822564, 52.48022317 ], [ 13.42792453, 52.48106381 ], [ 13.42929858, 52.48121978 ] ] ] } },
{ "type": "Feature", "properties": { "id": "versorggruen_2020.1400781171000000", "styp_id": "1400781171000000", "sst_name": "hohe Bebauung der Nachkriegszeit", "voeff_name": "nicht versorgter Bereich", "vpriv_name": "mittel: Zeilen oder kompakte Siedlung", "versorg_sst": 11, "esst_name": "Postwar high-rise development", "evoeff_name": "no availability", "evpriv_name": "medium: row development or compact settlement" }, "geometry": { "type": "Polygon", "coordinates": [ [ [ 13.42802805, 52.47997661 ], [ 13.42848059, 52.47858095 ], [ 13.42610027, 52.47828028 ], [ 13.42564788, 52.47969131 ], [ 13.42802805, 52.47997661 ] ] ] } },
{ "type": "Feature", "properties": { "id": "versorggruen_2020.1400781301000000", "styp_id": "1400781301000000", "sst_name": "geringe Bebauung mit überwiegender Nutzung durch Gewerbe und Industrie", "voeff_name": "nicht versorgter Bereich", "vpriv_name": "gering: Blockrandbebauung", "versorg_sst": 12, "esst_name": "Sparse development with predominantly commercial and industrial use", "evoeff_name": "no availability", "evpriv_name": "low: Wilhelminian-period block-edge development" }, "geometry": { "type": "Polygon", "coordinates": [ [ [ 13.42845847, 52.47842229 ], [ 13.42854591, 52.4783874 ], [ 13.42865954, 52.47806137 ], [ 13.42860267, 52.47800844 ], [ 13.42630133, 52.47771996 ], [ 13.42615603, 52.47813614 ], [ 13.42845847, 52.47842229 ] ] ] } },
{ "type": "Feature", "properties": { "id": "versorggruen_2020.1400781331000000", "styp_id": "1400781331000000", "sst_name": "Blockbebauung der Gründerzeit mit Seitenflügeln und Hinterhäusern", "voeff_name": "nicht versorgter Bereich", "vpriv_name": "gering: Blockrandbebauung", "versorg_sst": 12, "esst_name": "Wilhelminian-period block development with wings and rear buildings (until 1918)", "evoeff_name": "no availability", "evpriv_name": "low: Wilhelminian-period block-edge development" }, "geometry": { "type": "Polygon", "coordinates": [ [ [ 13.44059865, 52.47941113 ], [ 13.44172172, 52.47869576 ], [ 13.43924929, 52.47821243 ], [ 13.43816382, 52.4789662 ], [ 13.44059865, 52.47941113 ] ] ] } },
{ "type": "Feature", "properties": { "id": "versorggruen_2020.1400781511000000", "styp_id": "1400781511000000", "sst_name": "Blockbebauung der Gründerzeit mit Seitenflügeln und Hinterhäusern", "voeff_name": "versorgter Bereich", "vpriv_name": "gering: Blockrandbebauung", "versorg_sst": 3, "esst_name": "Wilhelminian-period block development with wings and rear buildings (until 1918)", "evoeff_name": "good availability", "evpriv_name": "low: Wilhelminian-period block-edge development" }, "geometry": { "type": "Polygon", "coordinates": [ [ [ 13.43791871, 52.47886915 ], [ 13.43888122, 52.47816056 ], [ 13.43960814, 52.47777115 ], [ 13.44226427, 52.47630734 ], [ 13.43968696, 52.47594469 ], [ 13.43935423, 52.47670557 ], [ 13.43781228, 52.47882558 ], [ 13.43791871, 52.47886915 ] ] ] } },
{ "type": "Feature", "properties": { "id": "versorggruen_2020.1400781521000000", "styp_id": "1400781521000000", "sst_name": "Blockbebauung der Gründerzeit mit Seitenflügeln und Hinterhäusern", "voeff_name": "versorgter Bereich", "vpriv_name": "gering: Blockrandbebauung", "versorg_sst": 3, "esst_name": "Wilhelminian-period block development with wings and rear buildings (until 1918)", "evoeff_name": "good availability", "evpriv_name": "low: Wilhelminian-period block-edge development" }, "geometry": { "type": "Polygon", "coordinates": [ [ [ 13.43872769, 52.47704188 ], [ 13.43887745, 52.47677188 ], [ 13.43705228, 52.47649294 ], [ 13.43673935, 52.47729517 ], [ 13.43838326, 52.4775108 ], [ 13.43872769, 52.47704188 ] ] ] } },
{ "type": "Feature", "properties": { "id": "versorggruen_2020.1400781531000000", "styp_id": "1400781531000000", "sst_name": "Blockbebauung der Gründerzeit mit Seitenflügeln und Hinterhäusern", "voeff_name": "versorgter Bereich", "vpriv_name": "gering: Blockrandbebauung", "versorg_sst": 3, "esst_name": "Wilhelminian-period block development with wings and rear buildings (until 1918)", "evoeff_name": "good availability", "evpriv_name": "low: Wilhelminian-period block-edge development" }, "geometry": { "type": "Polygon", "coordinates": [ [ [ 13.43829226, 52.4776369 ], [ 13.43666409, 52.4774205 ], [ 13.43644149, 52.47802588 ], [ 13.437899, 52.47819056 ], [ 13.43829226, 52.4776369 ] ] ] } },
{ "type": "Feature", "properties": { "id": "versorggruen_2020.1400781541000000", "styp_id": "1400781541000000", "sst_name": "Blockrandbebauung der Gründerzeit mit massiven Veränderungen", "voeff_name": "versorgter Bereich", "vpriv_name": "gering: Blockrandbebauung", "versorg_sst": 3, "esst_name": "Wilhelminian-period block-edge development with major changes", "evoeff_name": "good availability", "evpriv_name": "low: Wilhelminian-period block-edge development" }, "geometry": { "type": "Polygon", "coordinates": [ [ [ 13.43739518, 52.47890579 ], [ 13.43779497, 52.47834031 ], [ 13.43304205, 52.47777332 ], [ 13.43285383, 52.47829474 ], [ 13.43739518, 52.47890579 ] ] ] } },
{ "type": "Feature", "properties": { "id": "versorggruen_2020.1400781551000000", "styp_id": "1400781551000000", "sst_name": "Blockrandbebauung der Gründerzeit mit massiven Veränderungen", "voeff_name": "versorgter Bereich", "vpriv_name": "gering: Blockrandbebauung", "versorg_sst": 3, "esst_name": "Wilhelminian-period block-edge development with major changes", "evoeff_name": "good availability", "evpriv_name": "low: Wilhelminian-period block-edge development" }, "geometry": { "type": "Polygon", "coordinates": [ [ [ 13.43619462, 52.47800267 ], [ 13.43642349, 52.47738717 ], [ 13.43331341, 52.47697486 ], [ 13.43308085, 52.47765207 ], [ 13.43619462, 52.47800267 ] ] ] } },
{ "type": "Feature", "properties": { "id": "versorggruen_2020.1400781601000000", "styp_id": "1400781601000000", "sst_name": "Blockrandbebauung der Gründerzeit mit massiven Veränderungen", "voeff_name": "nicht versorgter Bereich", "vpriv_name": "gering: Blockrandbebauung", "versorg_sst": 12, "esst_name": "Wilhelminian-period block-edge development with major changes", "evoeff_name": "no availability", "evpriv_name": "low: Wilhelminian-period block-edge development" }, "geometry": { "type": "Polygon", "coordinates": [ [ [ 13.42875817, 52.47778053 ], [ 13.4289229, 52.47729044 ], [ 13.42660093, 52.47701216 ], [ 13.42640122, 52.47747884 ], [ 13.42875817, 52.47778053 ] ] ] } },
{ "type": "Feature", "properties": { "id": "versorggruen_2020.1400781751000000", "styp_id": "1400781751000000", "sst_name": "Blockbebauung der Gründerzeit mit Seitenflügeln und Hinterhäusern", "voeff_name": "versorgter Bereich", "vpriv_name": "gering: Blockrandbebauung", "versorg_sst": 3, "esst_name": "Wilhelminian-period block development with wings and rear buildings (until 1918)", "evoeff_name": "good availability", "evpriv_name": "low: Wilhelminian-period block-edge development" }, "geometry": { "type": "Polygon", "coordinates": [ [ [ 13.42893775, 52.47568973 ], [ 13.43055674, 52.47533566 ], [ 13.43059091, 52.47526292 ], [ 13.42758743, 52.47487957 ], [ 13.42728007, 52.47548115 ], [ 13.42893775, 52.47568973 ] ] ] } },
{ "type": "Feature", "properties": { "id": "versorggruen_2020.1400781761000000", "styp_id": "1400781761000000", "sst_name": "hohe Bebauung der Nachkriegszeit", "voeff_name": "versorgter Bereich", "vpriv_name": "mittel: Zeilen oder kompakte Siedlung", "versorg_sst": 2, "esst_name": "Postwar high-rise development", "evoeff_name": "good availability", "evpriv_name": "medium: row development or compact settlement" }, "geometry": { "type": "Polygon", "coordinates": [ [ [ 13.43104892, 52.47595484 ], [ 13.43124372, 52.47535146 ], [ 13.43098154, 52.47531748 ], [ 13.42973734, 52.47558952 ], [ 13.42966879, 52.47577902 ], [ 13.43104892, 52.47595484 ] ] ] } },
{ "type": "Feature", "properties": { "id": "versorggruen_2020.1400781771000000", "styp_id": "1400781771000000", "sst_name": "Bebauung mit überwiegender Nutzung durch Gemeinbedarf und Sondernutzung, Verkehrsflächen ohne Straßen", "voeff_name": "versorgter Bereich", "vpriv_name": "mittel: Zeilen oder kompakte Siedlung", "versorg_sst": 2, "esst_name": "Development with predominantly public and special use or non-street traffic area", "evoeff_name": "good availability", "evpriv_name": "medium: row development or compact settlement" }, "geometry": { "type": "Polygon", "coordinates": [ [ [ 13.43136622, 52.47599122 ], [ 13.43331374, 52.47622987 ], [ 13.43375561, 52.47485208 ], [ 13.43347957, 52.47481986 ], [ 13.4315965, 52.47522983 ], [ 13.43136622, 52.47599122 ] ] ] } },
{ "type": "Feature", "properties": { "id": "versorggruen_2020.1400781821000000", "styp_id": "1400781821000000", "sst_name": "Blockbebauung der Gründerzeit mit Seitenflügeln und Hinterhäusern", "voeff_name": "versorgter Bereich", "vpriv_name": "gering: Blockrandbebauung", "versorg_sst": 3, "esst_name": "Wilhelminian-period block development with wings and rear buildings (until 1918)", "evoeff_name": "good availability", "evpriv_name": "low: Wilhelminian-period block-edge development" }, "geometry": { "type": "Polygon", "coordinates": [ [ [ 13.43721526, 52.47637055 ], [ 13.43894756, 52.47661813 ], [ 13.4394295, 52.47571547 ], [ 13.4397364, 52.4749506 ], [ 13.43982111, 52.4747811 ], [ 13.44033539, 52.4738627 ], [ 13.44013956, 52.47381356 ], [ 13.43785143, 52.47448829 ], [ 13.43721526, 52.47637055 ] ] ] } },
{ "type": "Feature", "properties": { "id": "versorggruen_2020.1400781831000000", "styp_id": "1400781831000000", "sst_name": "Blockbebauung der Gründerzeit mit Seitenflügeln und Hinterhäusern", "voeff_name": "schlecht versorgter Bereich", "vpriv_name": "gering: Blockrandbebauung", "versorg_sst": 9, "esst_name": "Wilhelminian-period block development with wings and rear buildings (until 1918)", "evoeff_name": "poor availability", "evpriv_name": "low: Wilhelminian-period block-edge development" }, "geometry": { "type": "Polygon", "coordinates": [ [ [ 13.442532, 52.4762107 ], [ 13.44319483, 52.47579482 ], [ 13.43998663, 52.47536129 ], [ 13.43981668, 52.47582654 ], [ 13.442532, 52.4762107 ] ] ] } },
{ "type": "Feature", "properties": { "id": "versorggruen_2020.1400781881000100", "styp_id": "1400781881000100", "sst_name": "Blockbebauung der Gründerzeit mit Seitenflügeln und Hinterhäusern", "voeff_name": "schlecht versorgter Bereich", "vpriv_name": "gering: Blockrandbebauung", "versorg_sst": 9, "esst_name": "Wilhelminian-period block development with wings and rear buildings (until 1918)", "evoeff_name": "poor availability", "evpriv_name": "low: Wilhelminian-period block-edge development" }, "geometry": { "type": "Polygon", "coordinates": [ [ [ 13.44331095, 52.4757279 ], [ 13.44417984, 52.4751966 ], [ 13.44421293, 52.47520321 ], [ 13.44426796, 52.47509933 ], [ 13.44493904, 52.47424358 ], [ 13.44444459, 52.47420183 ], [ 13.44384783, 52.47416703 ], [ 13.44382854, 52.47427933 ], [ 13.44356246, 52.47488121 ], [ 13.44360805, 52.47488584 ], [ 13.44351772, 52.47509546 ], [ 13.44412647, 52.47518582 ], [ 13.44388363, 52.47533909 ], [ 13.44220254, 52.47511257 ], [ 13.4421247, 52.47532201 ], [ 13.44086699, 52.4751431 ], [ 13.44094864, 52.47493986 ], [ 13.44081671, 52.47492077 ], [ 13.44088709, 52.47473837 ], [ 13.4410005, 52.47455305 ], [ 13.44241737, 52.47473637 ], [ 13.44270727, 52.47406795 ], [ 13.44232026, 52.47402304 ], [ 13.44075553, 52.47381207 ], [ 13.44070652, 52.47389464 ], [ 13.44033929, 52.47446631 ], [ 13.44013097, 52.47484076 ], [ 13.43994832, 52.47525471 ], [ 13.44331095, 52.4757279 ] ] ] } },
{ "type": "Feature", "properties": { "id": "versorggruen_2020.1400782091000100", "styp_id": "1400782091000100", "sst_name": "Blockbebauung der Gründerzeit mit Seitenflügeln und Hinterhäusern", "voeff_name": "schlecht versorgter Bereich", "vpriv_name": "gering: Blockrandbebauung", "versorg_sst": 9, "esst_name": "Wilhelminian-period block development with wings and rear buildings (until 1918)", "evoeff_name": "poor availability", "evpriv_name": "low: Wilhelminian-period block-edge development" }, "geometry": { "type": "Polygon", "coordinates": [ [ [ 13.44248718, 52.47389381 ], [ 13.44353082, 52.47403094 ], [ 13.44353806, 52.47370384 ], [ 13.44337392, 52.47332924 ], [ 13.44258517, 52.4725711 ], [ 13.44201273, 52.47355871 ], [ 13.44144301, 52.47337202 ], [ 13.44217427, 52.47219183 ], [ 13.44170514, 52.47177607 ], [ 13.44148899, 52.47179264 ], [ 13.44132654, 52.4726029 ], [ 13.44126515, 52.472797 ], [ 13.4411153, 52.47314077 ], [ 13.4409962, 52.47337177 ], [ 13.44248718, 52.47389381 ] ] ] } },
{ "type": "Feature", "properties": { "id": "versorggruen_2020.1400782101000000", "styp_id": "1400782101000000", "sst_name": "Blockbebauung der Gründerzeit mit Seitenflügeln und Hinterhäusern", "voeff_name": "unterversorgter Bereich", "vpriv_name": "gering: Blockrandbebauung", "versorg_sst": 6, "esst_name": "Wilhelminian-period block development with wings and rear buildings (until 1918)", "evoeff_name": "reduced availability", "evpriv_name": "low: Wilhelminian-period block-edge development" }, "geometry": { "type": "Polygon", "coordinates": [ [ [ 13.43898111, 52.47352954 ], [ 13.43955767, 52.47360595 ], [ 13.44043158, 52.47367605 ], [ 13.44088643, 52.47282785 ], [ 13.44096075, 52.47244142 ], [ 13.4398223, 52.47227904 ], [ 13.43842053, 52.47212225 ], [ 13.43805376, 52.47323511 ], [ 13.43898111, 52.47352954 ] ] ] } },
{ "type": "Feature", "properties": { "id": "versorggruen_2020.1400782121000100", "styp_id": "1400782121000100", "sst_name": "Blockbebauung der Gründerzeit mit Seitenflügeln und Hinterhäusern", "voeff_name": "versorgter Bereich", "vpriv_name": "gering: Blockrandbebauung", "versorg_sst": 3, "esst_name": "Wilhelminian-period block development with wings and rear buildings (until 1918)", "evoeff_name": "good availability", "evpriv_name": "low: Wilhelminian-period block-edge development" }, "geometry": { "type": "Polygon", "coordinates": [ [ [ 13.43130509, 52.47517334 ], [ 13.43205613, 52.47500945 ], [ 13.42779332, 52.47447767 ], [ 13.42767208, 52.47470987 ], [ 13.43130509, 52.47517334 ] ] ] } },
{ "type": "Feature", "properties": { "id": "versorggruen_2020.1400782251000000", "styp_id": "1400782251000000", "sst_name": "Blockbebauung der Gründerzeit mit Seitenflügeln und Hinterhäusern", "voeff_name": "unterversorgter Bereich", "vpriv_name": "gering: Blockrandbebauung", "versorg_sst": 6, "esst_name": "Wilhelminian-period block development with wings and rear buildings (until 1918)", "evoeff_name": "reduced availability", "evpriv_name": "low: Wilhelminian-period block-edge development" }, "geometry": { "type": "Polygon", "coordinates": [ [ [ 13.43169665, 52.47215539 ], [ 13.43194623, 52.47129039 ], [ 13.42960323, 52.47101961 ], [ 13.42918014, 52.47184477 ], [ 13.43169665, 52.47215539 ] ] ] } },
{ "type": "Feature", "properties": { "id": "versorggruen_2020.1400782261000000", "styp_id": "1400782261000000", "sst_name": "Blockbebauung der Gründerzeit mit Seitenflügeln und Hinterhäusern", "voeff_name": "unterversorgter Bereich", "vpriv_name": "gering: Blockrandbebauung", "versorg_sst": 6, "esst_name": "Wilhelminian-period block development with wings and rear buildings (until 1918)", "evoeff_name": "reduced availability", "evpriv_name": "low: Wilhelminian-period block-edge development" }, "geometry": { "type": "Polygon", "coordinates": [ [ [ 13.43443381, 52.47249777 ], [ 13.43473495, 52.47160679 ], [ 13.43221244, 52.47132318 ], [ 13.4319629, 52.47218189 ], [ 13.43443381, 52.47249777 ] ] ] } },
{ "type": "Feature", "properties": { "id": "versorggruen_2020.1400782271000000", "styp_id": "1400782271000000", "sst_name": "Blockrand- und Zeilenbebauung der 20er und 30er Jahre", "voeff_name": "unterversorgter Bereich", "vpriv_name": "mittel: Zeilen oder kompakte Siedlung", "versorg_sst": 5, "esst_name": "Block-edge and row development of the 1920s and 1930s", "evoeff_name": "reduced availability", "evpriv_name": "medium: row development or compact settlement" }, "geometry": { "type": "Polygon", "coordinates": [ [ [ 13.43614147, 52.47270183 ], [ 13.43642936, 52.47180543 ], [ 13.43501145, 52.47164408 ], [ 13.43471332, 52.47251889 ], [ 13.43614147, 52.47270183 ] ] ] } },
{ "type": "Feature", "properties": { "id": "versorggruen_2020.1400782281000000", "styp_id": "1400782281000000", "sst_name": "geringe Bebauung mit überwiegender Nutzung durch Gewerbe und Industrie", "voeff_name": "unterversorgter Bereich", "vpriv_name": "gering: Blockrandbebauung", "versorg_sst": 6, "esst_name": "Sparse development with predominantly commercial and industrial use", "evoeff_name": "reduced availability", "evpriv_name": "low: Wilhelminian-period block-edge development" }, "geometry": { "type": "Polygon", "coordinates": [ [ [ 13.43700759, 52.4728551 ], [ 13.43781549, 52.47314305 ], [ 13.43816071, 52.47210589 ], [ 13.43672329, 52.47189397 ], [ 13.4364444, 52.47275175 ], [ 13.43700759, 52.4728551 ] ] ] } },
{ "type": "Feature", "properties": { "id": "versorggruen_2020.1400782291000000", "styp_id": "1400782291000000", "sst_name": "Blockbebauung der Gründerzeit mit Seitenflügeln und Hinterhäusern", "voeff_name": "unterversorgter Bereich", "vpriv_name": "gering: Blockrandbebauung", "versorg_sst": 6, "esst_name": "Wilhelminian-period block development with wings and rear buildings (until 1918)", "evoeff_name": "reduced availability", "evpriv_name": "low: Wilhelminian-period block-edge development" }, "geometry": { "type": "Polygon", "coordinates": [ [ [ 13.43199113, 52.47112062 ], [ 13.43225861, 52.47019634 ], [ 13.43014805, 52.46995291 ], [ 13.4296864, 52.470849 ], [ 13.43199113, 52.47112062 ] ] ] } },
{ "type": "Feature", "properties": { "id": "versorggruen_2020.1400782301000000", "styp_id": "1400782301000000", "sst_name": "Blockbebauung der Gründerzeit mit Seitenflügeln und Hinterhäusern", "voeff_name": "unterversorgter Bereich", "vpriv_name": "gering: Blockrandbebauung", "versorg_sst": 6, "esst_name": "Wilhelminian-period block development with wings and rear buildings (until 1918)", "evoeff_name": "reduced availability", "evpriv_name": "low: Wilhelminian-period block-edge development" }, "geometry": { "type": "Polygon", "coordinates": [ [ [ 13.43478571, 52.47143972 ], [ 13.43489477, 52.47106426 ], [ 13.43313569, 52.47085559 ], [ 13.43318497, 52.47069302 ], [ 13.43494555, 52.47089269 ], [ 13.43505723, 52.47059093 ], [ 13.43497068, 52.47052878 ], [ 13.43254388, 52.47024354 ], [ 13.43227062, 52.47114534 ], [ 13.43478571, 52.47143972 ] ] ] } },
{ "type": "Feature", "properties": { "id": "versorggruen_2020.1400782311000000", "styp_id": "1400782311000000", "sst_name": "Blockrand- und Zeilenbebauung der 20er und 30er Jahre", "voeff_name": "unterversorgter Bereich", "vpriv_name": "mittel: Zeilen oder kompakte Siedlung", "versorg_sst": 5, "esst_name": "Block-edge and row development of the 1920s and 1930s", "evoeff_name": "reduced availability", "evpriv_name": "medium: row development or compact settlement" }, "geometry": { "type": "Polygon", "coordinates": [ [ [ 13.43605505, 52.47158646 ], [ 13.43633406, 52.47069903 ], [ 13.43535019, 52.47056085 ], [ 13.4350549, 52.47146622 ], [ 13.43605505, 52.47158646 ] ] ] } },
{ "type": "Feature", "properties": { "id": "versorggruen_2020.1400782331000000", "styp_id": "1400782331000000", "sst_name": "Blockbebauung der Gründerzeit mit Seitenflügeln und Hinterhäusern", "voeff_name": "unterversorgter Bereich", "vpriv_name": "gering: Blockrandbebauung", "versorg_sst": 6, "esst_name": "Wilhelminian-period block development with wings and rear buildings (until 1918)", "evoeff_name": "reduced availability", "evpriv_name": "low: Wilhelminian-period block-edge development" }, "geometry": { "type": "Polygon", "coordinates": [ [ [ 13.43928717, 52.47204187 ], [ 13.44100696, 52.47227462 ], [ 13.44116862, 52.47127556 ], [ 13.43961392, 52.47109877 ], [ 13.43928717, 52.47204187 ] ] ] } },
{ "type": "Feature", "properties": { "id": "versorggruen_2020.1400782341000000", "styp_id": "1400782341000000", "sst_name": "nicht oder gering bebaute Grün- und Freiflächen", "voeff_name": "nicht versorgter Bereich", "vpriv_name": "hoch: aufgelockerte Siedlungsbebauung", "versorg_sst": 10, "esst_name": "Public green and open spaces with sparse or no development", "evoeff_name": "no availability", "evpriv_name": "high: loose settlement development" }, "geometry": { "type": "Polygon", "coordinates": [ [ [ 13.44252145, 52.47222487 ], [ 13.44263499, 52.47216843 ], [ 13.44277516, 52.4717292 ], [ 13.44298718, 52.47064125 ], [ 13.44170508, 52.4704996 ], [ 13.44154293, 52.47141659 ], [ 13.44252145, 52.47222487 ] ] ] } },
{ "type": "Feature", "properties": { "id": "versorggruen_2020.1400782441000000", "styp_id": "1400782441000000", "sst_name": "Blockbebauung der Gründerzeit mit Seitenflügeln und Hinterhäusern", "voeff_name": "nicht versorgter Bereich", "vpriv_name": "gering: Blockrandbebauung", "versorg_sst": 12, "esst_name": "Wilhelminian-period block development with wings and rear buildings (until 1918)", "evoeff_name": "no availability", "evpriv_name": "low: Wilhelminian-period block-edge development" }, "geometry": { "type": "Polygon", "coordinates": [ [ [ 13.4429658, 52.47047497 ], [ 13.44314013, 52.46995581 ], [ 13.44182951, 52.46979612 ], [ 13.44174259, 52.47033329 ], [ 13.4429658, 52.47047497 ] ] ] } },
{ "type": "Feature", "properties": { "id": "versorggruen_2020.1400782451000000", "styp_id": "1400782451000000", "sst_name": "Blockbebauung der Gründerzeit mit Seitenflügeln und Hinterhäusern", "voeff_name": "unterversorgter Bereich", "vpriv_name": "gering: Blockrandbebauung", "versorg_sst": 6, "esst_name": "Wilhelminian-period block development with wings and rear buildings (until 1918)", "evoeff_name": "reduced availability", "evpriv_name": "low: Wilhelminian-period block-edge development" }, "geometry": { "type": "Polygon", "coordinates": [ [ [ 13.44140613, 52.46980445 ], [ 13.43945241, 52.46962651 ], [ 13.43933284, 52.46971619 ], [ 13.44116891, 52.47104116 ], [ 13.44140613, 52.46980445 ] ] ] } },
{ "type": "Feature", "properties": { "id": "versorggruen_2020.1400782461000000", "styp_id": "1400782461000000", "sst_name": "Blockbebauung der Gründerzeit mit Seitenflügeln und Hinterhäusern", "voeff_name": "unterversorgter Bereich", "vpriv_name": "gering: Blockrandbebauung", "versorg_sst": 6, "esst_name": "Wilhelminian-period block development with wings and rear buildings (until 1918)", "evoeff_name": "reduced availability", "evpriv_name": "low: Wilhelminian-period block-edge development" }, "geometry": { "type": "Polygon", "coordinates": [ [ [ 13.44082357, 52.47106327 ], [ 13.43954421, 52.47013779 ], [ 13.43919679, 52.47031787 ], [ 13.43905852, 52.47030017 ], [ 13.43887859, 52.47082845 ], [ 13.44082357, 52.47106327 ] ] ] } },
{ "type": "Feature", "properties": { "id": "versorggruen_2020.1400782471000000", "styp_id": "1400782471000000", "sst_name": "Blockbebauung der Gründerzeit mit Seitenflügeln und Hinterhäusern", "voeff_name": "unterversorgter Bereich", "vpriv_name": "gering: Blockrandbebauung", "versorg_sst": 6, "esst_name": "Wilhelminian-period block development with wings and rear buildings (until 1918)", "evoeff_name": "reduced availability", "evpriv_name": "low: Wilhelminian-period block-edge development" }, "geometry": { "type": "Polygon", "coordinates": [ [ [ 13.43861052, 52.47079666 ], [ 13.43878516, 52.47026672 ], [ 13.43785304, 52.47015064 ], [ 13.43768219, 52.47068641 ], [ 13.43861052, 52.47079666 ] ] ] } },
{ "type": "Feature", "properties": { "id": "versorggruen_2020.1400782481000000", "styp_id": "1400782481000000", "sst_name": "Blockbebauung der Gründerzeit mit Seitenflügeln und Hinterhäusern", "voeff_name": "unterversorgter Bereich", "vpriv_name": "gering: Blockrandbebauung", "versorg_sst": 6, "esst_name": "Wilhelminian-period block development with wings and rear buildings (until 1918)", "evoeff_name": "reduced availability", "evpriv_name": "low: Wilhelminian-period block-edge development" }, "geometry": { "type": "Polygon", "coordinates": [ [ [ 13.43911806, 52.47013517 ], [ 13.43935872, 52.47000737 ], [ 13.43879042, 52.46959278 ], [ 13.4374777, 52.46942561 ], [ 13.43732614, 52.46991091 ], [ 13.43911806, 52.47013517 ] ] ] } },
{ "type": "Feature", "properties": { "id": "versorggruen_2020.1400782491000000", "styp_id": "1400782491000000", "sst_name": "Blockbebauung der Gründerzeit mit Seitenflügeln und Hinterhäusern", "voeff_name": "unterversorgter Bereich", "vpriv_name": "gering: Blockrandbebauung", "versorg_sst": 6, "esst_name": "Wilhelminian-period block development with wings and rear buildings (until 1918)", "evoeff_name": "reduced availability", "evpriv_name": "low: Wilhelminian-period block-edge development" }, "geometry": { "type": "Polygon", "coordinates": [ [ [ 13.43681724, 52.47058028 ], [ 13.43700648, 52.4700342 ], [ 13.43558578, 52.46984859 ], [ 13.43539795, 52.47040815 ], [ 13.43681724, 52.47058028 ] ] ] } },
{ "type": "Feature", "properties": { "id": "versorggruen_2020.1400782501000000", "styp_id": "1400782501000000", "sst_name": "Blockbebauung der Gründerzeit mit Seitenflügeln und Hinterhäusern", "voeff_name": "unterversorgter Bereich", "vpriv_name": "gering: Blockrandbebauung", "versorg_sst": 6, "esst_name": "Wilhelminian-period block development with wings and rear buildings (until 1918)", "evoeff_name": "reduced availability", "evpriv_name": "low: Wilhelminian-period block-edge development" }, "geometry": { "type": "Polygon", "coordinates": [ [ [ 13.43704401, 52.46985992 ], [ 13.43721233, 52.4693866 ], [ 13.43579167, 52.46919829 ], [ 13.43562769, 52.469686 ], [ 13.43704401, 52.46985992 ] ] ] } },
{ "type": "Feature", "properties": { "id": "versorggruen_2020.1400782511000000", "styp_id": "1400782511000000", "sst_name": "Blockbebauung der Gründerzeit mit Seitenflügeln und Hinterhäusern", "voeff_name": "unterversorgter Bereich", "vpriv_name": "gering: Blockrandbebauung", "versorg_sst": 6, "esst_name": "Wilhelminian-period block development with wings and rear buildings (until 1918)", "evoeff_name": "reduced availability", "evpriv_name": "low: Wilhelminian-period block-edge development" }, "geometry": { "type": "Polygon", "coordinates": [ [ [ 13.43500815, 52.47036978 ], [ 13.43514378, 52.47031338 ], [ 13.43530777, 52.46982388 ], [ 13.43274877, 52.46949529 ], [ 13.43257263, 52.47006295 ], [ 13.43500815, 52.47036978 ] ] ] } },
{ "type": "Feature", "properties": { "id": "versorggruen_2020.1400782521000000", "styp_id": "1400782521000000", "sst_name": "Blockbebauung der Gründerzeit mit Seitenflügeln und Hinterhäusern", "voeff_name": "unterversorgter Bereich", "vpriv_name": "gering: Blockrandbebauung", "versorg_sst": 6, "esst_name": "Wilhelminian-period block development with wings and rear buildings (until 1918)", "evoeff_name": "reduced availability", "evpriv_name": "low: Wilhelminian-period block-edge development" }, "geometry": { "type": "Polygon", "coordinates": [ [ [ 13.43535125, 52.46963792 ], [ 13.43552402, 52.46916012 ], [ 13.43293709, 52.46883329 ], [ 13.43279661, 52.46932462 ], [ 13.43535125, 52.46963792 ] ] ] } },
{ "type": "Feature", "properties": { "id": "versorggruen_2020.1400782531000000", "styp_id": "1400782531000000", "sst_name": "Blockbebauung der Gründerzeit mit Seitenflügeln und Hinterhäusern", "voeff_name": "unterversorgter Bereich", "vpriv_name": "gering: Blockrandbebauung", "versorg_sst": 6, "esst_name": "Wilhelminian-period block development with wings and rear buildings (until 1918)", "evoeff_name": "reduced availability", "evpriv_name": "low: Wilhelminian-period block-edge development" }, "geometry": { "type": "Polygon", "coordinates": [ [ [ 13.43229758, 52.47003554 ], [ 13.43246641, 52.46945798 ], [ 13.4305339, 52.46921934 ], [ 13.43021499, 52.46979036 ], [ 13.43229758, 52.47003554 ] ] ] } },
{ "type": "Feature", "properties": { "id": "versorggruen_2020.1400782541000000", "styp_id": "1400782541000000", "sst_name": "Blockbebauung der Gründerzeit mit Seitenflügeln und Hinterhäusern", "voeff_name": "unterversorgter Bereich", "vpriv_name": "gering: Blockrandbebauung", "versorg_sst": 6, "esst_name": "Wilhelminian-period block development with wings and rear buildings (until 1918)", "evoeff_name": "reduced availability", "evpriv_name": "low: Wilhelminian-period block-edge development" }, "geometry": { "type": "Polygon", "coordinates": [ [ [ 13.4325275, 52.46928374 ], [ 13.43266503, 52.4687951 ], [ 13.43088552, 52.46857199 ], [ 13.43061558, 52.46905143 ], [ 13.4325275, 52.46928374 ] ] ] } },
{ "type": "Feature", "properties": { "id": "versorggruen_2020.1400782591000000", "styp_id": "1400782591000000", "sst_name": "Blockbebauung der Gründerzeit mit Seitenflügeln und Hinterhäusern", "voeff_name": "unterversorgter Bereich", "vpriv_name": "gering: Blockrandbebauung", "versorg_sst": 6, "esst_name": "Wilhelminian-period block development with wings and rear buildings (until 1918)", "evoeff_name": "reduced availability", "evpriv_name": "low: Wilhelminian-period block-edge development" }, "geometry": { "type": "Polygon", "coordinates": [ [ [ 13.43272609, 52.46863074 ], [ 13.43287386, 52.4681529 ], [ 13.4312593, 52.46790311 ], [ 13.43097749, 52.46840589 ], [ 13.43272609, 52.46863074 ] ] ] } },
{ "type": "Feature", "properties": { "id": "versorggruen_2020.1400782601000000", "styp_id": "1400782601000000", "sst_name": "Blockbebauung der Gründerzeit mit Seitenflügeln und Hinterhäusern", "voeff_name": "unterversorgter Bereich", "vpriv_name": "gering: Blockrandbebauung", "versorg_sst": 6, "esst_name": "Wilhelminian-period block development with wings and rear buildings (until 1918)", "evoeff_name": "reduced availability", "evpriv_name": "low: Wilhelminian-period block-edge development" }, "geometry": { "type": "Polygon", "coordinates": [ [ [ 13.43557479, 52.46898945 ], [ 13.43573259, 52.46856913 ], [ 13.43313415, 52.46819017 ], [ 13.43299228, 52.46866353 ], [ 13.43557479, 52.46898945 ] ] ] } },
{ "type": "Feature", "properties": { "id": "versorggruen_2020.1400782611000000", "styp_id": "1400782611000000", "sst_name": "Blockbebauung der Gründerzeit mit Seitenflügeln und Hinterhäusern", "voeff_name": "unterversorgter Bereich", "vpriv_name": "gering: Blockrandbebauung", "versorg_sst": 6, "esst_name": "Wilhelminian-period block development with wings and rear buildings (until 1918)", "evoeff_name": "reduced availability", "evpriv_name": "low: Wilhelminian-period block-edge development" }, "geometry": { "type": "Polygon", "coordinates": [ [ [ 13.43811171, 52.46931794 ], [ 13.43829636, 52.46915198 ], [ 13.43793416, 52.46885665 ], [ 13.43600024, 52.46860641 ], [ 13.43586745, 52.46902947 ], [ 13.43811171, 52.46931794 ] ] ] } },
{ "type": "Feature", "properties": { "id": "versorggruen_2020.1400782621000000", "styp_id": "1400782621000000", "sst_name": "Bebauung mit überwiegender Nutzung durch Gemeinbedarf und Sondernutzung, Verkehrsflächen ohne Straßen", "voeff_name": "unterversorgter Bereich", "vpriv_name": "mittel: Zeilen oder kompakte Siedlung", "versorg_sst": 5, "esst_name": "Development with predominantly public and special use or non-street traffic area", "evoeff_name": "reduced availability", "evpriv_name": "medium: row development or compact settlement" }, "geometry": { "type": "Polygon", "coordinates": [ [ [ 13.43852308, 52.46912718 ], [ 13.4388922, 52.46917809 ], [ 13.43887218, 52.46938835 ], [ 13.43896905, 52.46944691 ], [ 13.44143611, 52.4696786 ], [ 13.44151591, 52.46924916 ], [ 13.44102213, 52.46917555 ], [ 13.44008549, 52.46907697 ], [ 13.4385306, 52.46879877 ], [ 13.4380538, 52.46874252 ], [ 13.43852308, 52.46912718 ] ] ] } },
{ "type": "Feature", "properties": { "id": "versorggruen_2020.1400782641000000", "styp_id": "1400782641000000", "sst_name": "hohe Bebauung der Nachkriegszeit", "voeff_name": "nicht versorgter Bereich", "vpriv_name": "mittel: Zeilen oder kompakte Siedlung", "versorg_sst": 11, "esst_name": "Postwar high-rise development", "evoeff_name": "no availability", "evpriv_name": "medium: row development or compact settlement" }, "geometry": { "type": "Polygon", "coordinates": [ [ [ 13.4360771, 52.46750478 ], [ 13.43612772, 52.46736826 ], [ 13.43562634, 52.46694059 ], [ 13.43211438, 52.46653226 ], [ 13.43188141, 52.46697582 ], [ 13.4360771, 52.46750478 ] ] ] } },
{ "type": "Feature", "properties": { "id": "versorggruen_2020.1400782651000000", "styp_id": "1400782651000000", "sst_name": "Blockbebauung der Gründerzeit mit Seitenflügeln und Hinterhäusern", "voeff_name": "nicht versorgter Bereich", "vpriv_name": "gering: Blockrandbebauung", "versorg_sst": 12, "esst_name": "Wilhelminian-period block development with wings and rear buildings (until 1918)", "evoeff_name": "no availability", "evpriv_name": "low: Wilhelminian-period block-edge development" }, "geometry": { "type": "Polygon", "coordinates": [ [ [ 13.43642359, 52.46734178 ], [ 13.43654528, 52.46744532 ], [ 13.43799849, 52.46773559 ], [ 13.43971979, 52.46794229 ], [ 13.44018044, 52.46748348 ], [ 13.43650082, 52.46705746 ], [ 13.43642359, 52.46734178 ] ] ] } },
{ "type": "Feature", "properties": { "id": "versorggruen_2020.1400782661000000", "styp_id": "1400782661000000", "sst_name": "Blockbebauung der Gründerzeit mit Seitenflügeln und Hinterhäusern", "voeff_name": "nicht versorgter Bereich", "vpriv_name": "gering: Blockrandbebauung", "versorg_sst": 12, "esst_name": "Wilhelminian-period block development with wings and rear buildings (until 1918)", "evoeff_name": "no availability", "evpriv_name": "low: Wilhelminian-period block-edge development" }, "geometry": { "type": "Polygon", "coordinates": [ [ [ 13.44001336, 52.46798208 ], [ 13.44176685, 52.46819371 ], [ 13.44186555, 52.46768518 ], [ 13.44047401, 52.46752326 ], [ 13.44001336, 52.46798208 ] ] ] } },
{ "type": "Feature", "properties": { "id": "versorggruen_2020.1400782911000000", "styp_id": "1400782911000000", "sst_name": "Blockbebauung der Gründerzeit mit Seitenflügeln und Hinterhäusern", "voeff_name": "nicht versorgter Bereich", "vpriv_name": "gering: Blockrandbebauung", "versorg_sst": 12, "esst_name": "Wilhelminian-period block development with wings and rear buildings (until 1918)", "evoeff_name": "no availability", "evpriv_name": "low: Wilhelminian-period block-edge development" }, "geometry": { "type": "Polygon", "coordinates": [ [ [ 13.44187432, 52.46751317 ], [ 13.44219032, 52.46577673 ], [ 13.44062755, 52.46737114 ], [ 13.44187432, 52.46751317 ] ] ] } },
{ "type": "Feature", "properties": { "id": "versorggruen_2020.1400782921000000", "styp_id": "1400782921000000", "sst_name": "Blockrandbebauung der Gründerzeit mit massiven Veränderungen", "voeff_name": "nicht versorgter Bereich", "vpriv_name": "gering: Blockrandbebauung", "versorg_sst": 12, "esst_name": "Wilhelminian-period block-edge development with major changes", "evoeff_name": "no availability", "evpriv_name": "low: Wilhelminian-period block-edge development" }, "geometry": { "type": "Polygon", "coordinates": [ [ [ 13.44032997, 52.46732889 ], [ 13.44076235, 52.46689215 ], [ 13.43844346, 52.46660885 ], [ 13.43829774, 52.46709393 ], [ 13.44032997, 52.46732889 ] ] ] } },
{ "type": "Feature", "properties": { "id": "versorggruen_2020.1400782931000000", "styp_id": "1400782931000000", "sst_name": "Blockrandbebauung der Gründerzeit mit geringem Anteil von Seiten- und Hintergebäuden", "voeff_name": "nicht versorgter Bereich", "vpriv_name": "gering: Blockrandbebauung", "versorg_sst": 12, "esst_name": "Wilhelminian-period block-edge development with few wings and rear buildings", "evoeff_name": "no availability", "evpriv_name": "low: Wilhelminian-period block-edge development" }, "geometry": { "type": "Polygon", "coordinates": [ [ [ 13.4402644, 52.46665791 ], [ 13.44091189, 52.46673511 ], [ 13.44187162, 52.4657621 ], [ 13.44056373, 52.46562502 ], [ 13.4402644, 52.46665791 ] ] ] } },
{ "type": "Feature", "properties": { "id": "versorggruen_2020.1400782941000000", "styp_id": "1400782941000000", "sst_name": "Blockrand- und Zeilenbebauung der 20er und 30er Jahre", "voeff_name": "nicht versorgter Bereich", "vpriv_name": "mittel: Zeilen oder kompakte Siedlung", "versorg_sst": 11, "esst_name": "Block-edge and row development of the 1920s and 1930s", "evoeff_name": "no availability", "evpriv_name": "medium: row development or compact settlement" }, "geometry": { "type": "Polygon", "coordinates": [ [ [ 13.43998691, 52.46662552 ], [ 13.44029907, 52.46559792 ], [ 13.43879156, 52.46544037 ], [ 13.43849306, 52.4664428 ], [ 13.43998691, 52.46662552 ] ] ] } },
{ "type": "Feature", "properties": { "id": "versorggruen_2020.1400782951000000", "styp_id": "1400782951000000", "sst_name": "Blockrandbebauung der Gründerzeit mit geringem Anteil von Seiten- und Hintergebäuden", "voeff_name": "nicht versorgter Bereich", "vpriv_name": "gering: Blockrandbebauung", "versorg_sst": 12, "esst_name": "Wilhelminian-period block-edge development with few wings and rear buildings", "evoeff_name": "no availability", "evpriv_name": "low: Wilhelminian-period block-edge development" }, "geometry": { "type": "Polygon", "coordinates": [ [ [ 13.43852171, 52.46541093 ], [ 13.4370924, 52.46526665 ], [ 13.43687866, 52.46590078 ], [ 13.43831432, 52.4660748 ], [ 13.43852171, 52.46541093 ] ] ] } },
{ "type": "Feature", "properties": { "id": "versorggruen_2020.1400782961000000", "styp_id": "1400782961000000", "sst_name": "Blockrandbebauung der Gründerzeit mit geringem Anteil von Seiten- und Hintergebäuden", "voeff_name": "nicht versorgter Bereich", "vpriv_name": "gering: Blockrandbebauung", "versorg_sst": 12, "esst_name": "Wilhelminian-period block-edge development with few wings and rear buildings", "evoeff_name": "no availability", "evpriv_name": "low: Wilhelminian-period block-edge development" }, "geometry": { "type": "Polygon", "coordinates": [ [ [ 13.43801976, 52.46706175 ], [ 13.43817158, 52.46657855 ], [ 13.43670842, 52.46639888 ], [ 13.43655043, 52.46689141 ], [ 13.43801976, 52.46706175 ] ] ] } },
{ "type": "Feature", "properties": { "id": "versorggruen_2020.1400782971000000", "styp_id": "1400782971000000", "sst_name": "Blockrandbebauung der Gründerzeit mit geringem Anteil von Seiten- und Hintergebäuden", "voeff_name": "nicht versorgter Bereich", "vpriv_name": "gering: Blockrandbebauung", "versorg_sst": 12, "esst_name": "Wilhelminian-period block-edge development with few wings and rear buildings", "evoeff_name": "no availability", "evpriv_name": "low: Wilhelminian-period block-edge development" }, "geometry": { "type": "Polygon", "coordinates": [ [ [ 13.43576538, 52.46679868 ], [ 13.43628163, 52.46685738 ], [ 13.43647228, 52.46628683 ], [ 13.43638233, 52.4661837 ], [ 13.43479328, 52.46597857 ], [ 13.43576538, 52.46679868 ] ] ] } },
{ "type": "Feature", "properties": { "id": "versorggruen_2020.1400782981000000", "styp_id": "1400782981000000", "sst_name": "Blockbebauung der Gründerzeit mit Seitenflügeln und Hinterhäusern", "voeff_name": "nicht versorgter Bereich", "vpriv_name": "gering: Blockrandbebauung", "versorg_sst": 12, "esst_name": "Wilhelminian-period block development with wings and rear buildings (until 1918)", "evoeff_name": "no availability", "evpriv_name": "low: Wilhelminian-period block-edge development" }, "geometry": { "type": "Polygon", "coordinates": [ [ [ 13.4345293, 52.46577864 ], [ 13.43644113, 52.46601581 ], [ 13.43659745, 52.46592217 ], [ 13.43681256, 52.46523414 ], [ 13.43340916, 52.46486557 ], [ 13.4345293, 52.46577864 ] ] ] } },
{ "type": "Feature", "properties": { "id": "versorggruen_2020.1400782991000000", "styp_id": "1400782991000000", "sst_name": "Blockbebauung der Gründerzeit mit Seitenflügeln und Hinterhäusern", "voeff_name": "nicht versorgter Bereich", "vpriv_name": "gering: Blockrandbebauung", "versorg_sst": 12, "esst_name": "Wilhelminian-period block development with wings and rear buildings (until 1918)", "evoeff_name": "no availability", "evpriv_name": "low: Wilhelminian-period block-edge development" }, "geometry": { "type": "Polygon", "coordinates": [ [ [ 13.43419626, 52.46589582 ], [ 13.43421874, 52.4658015 ], [ 13.4330223, 52.46484158 ], [ 13.43253889, 52.46569451 ], [ 13.43419626, 52.46589582 ] ] ] } },
{ "type": "Feature", "properties": { "id": "versorggruen_2020.1400783001000000", "styp_id": "1400783001000000", "sst_name": "Blockrand- und Zeilenbebauung der 20er und 30er Jahre", "voeff_name": "nicht versorgter Bereich", "vpriv_name": "mittel: Zeilen oder kompakte Siedlung", "versorg_sst": 11, "esst_name": "Block-edge and row development of the 1920s and 1930s", "evoeff_name": "no availability", "evpriv_name": "medium: row development or compact settlement" }, "geometry": { "type": "Polygon", "coordinates": [ [ [ 13.43536532, 52.46673437 ], [ 13.43460434, 52.46611666 ], [ 13.43247488, 52.46586246 ], [ 13.43218573, 52.46636793 ], [ 13.43536532, 52.46673437 ] ] ] } },
{ "type": "Feature", "properties": { "id": "versorggruen_2020.1400783061000000", "styp_id": "1400783061000000", "sst_name": "Blockbebauung der Gründerzeit mit Seitenflügeln und Hinterhäusern", "voeff_name": "unterversorgter Bereich", "vpriv_name": "gering: Blockrandbebauung", "versorg_sst": 6, "esst_name": "Wilhelminian-period block development with wings and rear buildings (until 1918)", "evoeff_name": "reduced availability", "evpriv_name": "low: Wilhelminian-period block-edge development" }, "geometry": { "type": "Polygon", "coordinates": [ [ [ 13.43319948, 52.46470078 ], [ 13.43687062, 52.46510445 ], [ 13.4370481, 52.46452455 ], [ 13.43343744, 52.46411973 ], [ 13.43307337, 52.46460351 ], [ 13.43319948, 52.46470078 ] ] ] } },
{ "type": "Feature", "properties": { "id": "versorggruen_2020.1400783071000000", "styp_id": "1400783071000000", "sst_name": "Blockbebauung der Gründerzeit mit Seitenflügeln und Hinterhäusern", "voeff_name": "unterversorgter Bereich", "vpriv_name": "gering: Blockrandbebauung", "versorg_sst": 6, "esst_name": "Wilhelminian-period block development with wings and rear buildings (until 1918)", "evoeff_name": "reduced availability", "evpriv_name": "low: Wilhelminian-period block-edge development" }, "geometry": { "type": "Polygon", "coordinates": [ [ [ 13.43709883, 52.46435362 ], [ 13.43732452, 52.46360584 ], [ 13.43419306, 52.46325555 ], [ 13.43359117, 52.46395732 ], [ 13.43709883, 52.46435362 ] ] ] } },
{ "type": "Feature", "properties": { "id": "versorggruen_2020.1400783081000000", "styp_id": "1400783081000000", "sst_name": "Blockrandbebauung der Gründerzeit mit geringem Anteil von Seiten- und Hintergebäuden", "voeff_name": "unterversorgter Bereich", "vpriv_name": "gering: Blockrandbebauung", "versorg_sst": 6, "esst_name": "Wilhelminian-period block-edge development with few wings and rear buildings", "evoeff_name": "reduced availability", "evpriv_name": "low: Wilhelminian-period block-edge development" }, "geometry": { "type": "Polygon", "coordinates": [ [ [ 13.43736758, 52.4634746 ], [ 13.43746937, 52.46311883 ], [ 13.43454156, 52.46285865 ], [ 13.43429661, 52.46312901 ], [ 13.43736758, 52.4634746 ] ] ] } },
{ "type": "Feature", "properties": { "id": "versorggruen_2020.1400783101000000", "styp_id": "1400783101000000", "sst_name": "Blockrandbebauung der Gründerzeit mit massiven Veränderungen", "voeff_name": "unterversorgter Bereich", "vpriv_name": "gering: Blockrandbebauung", "versorg_sst": 6, "esst_name": "Wilhelminian-period block-edge development with major changes", "evoeff_name": "reduced availability", "evpriv_name": "low: Wilhelminian-period block-edge development" }, "geometry": { "type": "Polygon", "coordinates": [ [ [ 13.43900361, 52.46378258 ], [ 13.4375719, 52.46362914 ], [ 13.43734868, 52.46438303 ], [ 13.43878291, 52.464538 ], [ 13.43900361, 52.46378258 ] ] ] } },
{ "type": "Feature", "properties": { "id": "versorggruen_2020.1400783111000000", "styp_id": "1400783111000000", "sst_name": "Blockrandbebauung der Gründerzeit mit geringem Anteil von Seiten- und Hintergebäuden", "voeff_name": "unterversorgter Bereich", "vpriv_name": "gering: Blockrandbebauung", "versorg_sst": 6, "esst_name": "Wilhelminian-period block-edge development with few wings and rear buildings", "evoeff_name": "reduced availability", "evpriv_name": "low: Wilhelminian-period block-edge development" }, "geometry": { "type": "Polygon", "coordinates": [ [ [ 13.43760995, 52.46349789 ], [ 13.43905417, 52.46364982 ], [ 13.43916611, 52.46324586 ], [ 13.43771794, 52.46313839 ], [ 13.43760995, 52.46349789 ] ] ] } },
{ "type": "Feature", "properties": { "id": "versorggruen_2020.1400783121000000", "styp_id": "1400783121000000", "sst_name": "Blockrandbebauung der Gründerzeit mit geringem Anteil von Seiten- und Hintergebäuden", "voeff_name": "unterversorgter Bereich", "vpriv_name": "gering: Blockrandbebauung", "versorg_sst": 6, "esst_name": "Wilhelminian-period block-edge development with few wings and rear buildings", "evoeff_name": "reduced availability", "evpriv_name": "low: Wilhelminian-period block-edge development" }, "geometry": { "type": "Polygon", "coordinates": [ [ [ 13.44253496, 52.46511941 ], [ 13.43900456, 52.46473379 ], [ 13.43883964, 52.46530456 ], [ 13.44202894, 52.46564145 ], [ 13.44253496, 52.46511941 ] ] ] } },
{ "type": "Feature", "properties": { "id": "versorggruen_2020.1400783131000000", "styp_id": "1400783131000000", "sst_name": "Blockrandbebauung der Gründerzeit mit geringem Anteil von Seiten- und Hintergebäuden", "voeff_name": "unterversorgter Bereich", "vpriv_name": "gering: Blockrandbebauung", "versorg_sst": 6, "esst_name": "Wilhelminian-period block-edge development with few wings and rear buildings", "evoeff_name": "reduced availability", "evpriv_name": "low: Wilhelminian-period block-edge development" }, "geometry": { "type": "Polygon", "coordinates": [ [ [ 13.44339708, 52.46425801 ], [ 13.43928095, 52.46381355 ], [ 13.43905527, 52.46456592 ], [ 13.4426873, 52.4649595 ], [ 13.44339708, 52.46425801 ] ] ] } },
{ "type": "Feature", "properties": { "id": "versorggruen_2020.1400786001000000", "styp_id": "1400786001000000", "sst_name": "Blockrandbebauung der Gründerzeit mit geringem Anteil von Seiten- und Hintergebäuden", "voeff_name": "unterversorgter Bereich", "vpriv_name": "gering: Blockrandbebauung", "versorg_sst": 6, "esst_name": "Wilhelminian-period block-edge development with few wings and rear buildings", "evoeff_name": "reduced availability", "evpriv_name": "low: Wilhelminian-period block-edge development" }, "geometry": { "type": "Polygon", "coordinates": [ [ [ 13.44352338, 52.46413655 ], [ 13.44386341, 52.46379046 ], [ 13.44281208, 52.46362524 ], [ 13.44284114, 52.46372033 ], [ 13.44284361, 52.46377105 ], [ 13.44276506, 52.46405449 ], [ 13.44352338, 52.46413655 ] ] ] } },
{ "type": "Feature", "properties": { "id": "versorggruen_2020.1400786011000000", "styp_id": "1400786011000000", "sst_name": "Blockrandbebauung der Gründerzeit mit geringem Anteil von Seiten- und Hintergebäuden", "voeff_name": "unterversorgter Bereich", "vpriv_name": "gering: Blockrandbebauung", "versorg_sst": 6, "esst_name": "Wilhelminian-period block-edge development with few wings and rear buildings", "evoeff_name": "reduced availability", "evpriv_name": "low: Wilhelminian-period block-edge development" }, "geometry": { "type": "Polygon", "coordinates": [ [ [ 13.4393265, 52.46368232 ], [ 13.44262391, 52.46403921 ], [ 13.442703, 52.46377001 ], [ 13.44270314, 52.46373811 ], [ 13.44266433, 52.46360407 ], [ 13.44199842, 52.46349703 ], [ 13.44143202, 52.46342367 ], [ 13.4406936, 52.46334768 ], [ 13.44019639, 52.46331115 ], [ 13.43945411, 52.46326296 ], [ 13.4393265, 52.46368232 ] ] ] } },
{ "type": "Feature", "properties": { "id": "versorggruen_2020.1400786031000000", "styp_id": "1400786031000000", "sst_name": "hohe Bebauung der Nachkriegszeit", "voeff_name": "nicht versorgter Bereich", "vpriv_name": "mittel: Zeilen oder kompakte Siedlung", "versorg_sst": 11, "esst_name": "Postwar high-rise development", "evoeff_name": "no availability", "evpriv_name": "medium: row development or compact settlement" }, "geometry": { "type": "Polygon", "coordinates": [ [ [ 13.43132755, 52.47893976 ], [ 13.43137765, 52.47878913 ], [ 13.43236264, 52.47891234 ], [ 13.43244921, 52.47887735 ], [ 13.43255736, 52.47854879 ], [ 13.43249975, 52.47849568 ], [ 13.43106634, 52.47831657 ], [ 13.43086343, 52.47888191 ], [ 13.43132755, 52.47893976 ] ] ] } },
{ "type": "Feature", "properties": { "id": "versorggruen_2020.1400786411000000", "styp_id": "1400786411000000", "sst_name": "Blockrandbebauung der Gründerzeit mit massiven Veränderungen", "voeff_name": "versorgter Bereich", "vpriv_name": "gering: Blockrandbebauung", "versorg_sst": 3, "esst_name": "Wilhelminian-period block-edge development with major changes", "evoeff_name": "good availability", "evpriv_name": "low: Wilhelminian-period block-edge development" }, "geometry": { "type": "Polygon", "coordinates": [ [ [ 13.43266157, 52.47827152 ], [ 13.43326459, 52.47636189 ], [ 13.42960204, 52.47589573 ], [ 13.42896201, 52.47780811 ], [ 13.43266157, 52.47827152 ] ] ] } },
{ "type": "Feature", "properties": { "id": "versorggruen_2020.1400786421000000", "styp_id": "1400786421000000", "sst_name": "Blockrandbebauung der Gründerzeit mit massiven Veränderungen", "voeff_name": "nicht versorgter Bereich", "vpriv_name": "gering: Blockrandbebauung", "versorg_sst": 12, "esst_name": "Wilhelminian-period block-edge development with major changes", "evoeff_name": "no availability", "evpriv_name": "low: Wilhelminian-period block-edge development" }, "geometry": { "type": "Polygon", "coordinates": [ [ [ 13.42897237, 52.4771582 ], [ 13.42942106, 52.47588734 ], [ 13.42722951, 52.4755943 ], [ 13.42703473, 52.47603431 ], [ 13.42794955, 52.47616526 ], [ 13.42791513, 52.47629281 ], [ 13.42700022, 52.47618074 ], [ 13.42667164, 52.47687996 ], [ 13.42897237, 52.4771582 ] ] ] } },
{ "type": "Feature", "properties": { "id": "versorggruen_2020.1400786471000000", "styp_id": "1400786471000000", "sst_name": "Blockrandbebauung der Gründerzeit mit massiven Veränderungen", "voeff_name": "nicht versorgter Bereich", "vpriv_name": "gering: Blockrandbebauung", "versorg_sst": 12, "esst_name": "Wilhelminian-period block-edge development with major changes", "evoeff_name": "no availability", "evpriv_name": "low: Wilhelminian-period block-edge development" }, "geometry": { "type": "Polygon", "coordinates": [ [ [ 13.43275858, 52.47857626 ], [ 13.43265116, 52.47890256 ], [ 13.43270877, 52.4789556 ], [ 13.43429983, 52.47915348 ], [ 13.43438853, 52.47911864 ], [ 13.43446448, 52.47896906 ], [ 13.43455533, 52.47868821 ], [ 13.43316668, 52.47851493 ], [ 13.43314757, 52.47857671 ], [ 13.43284836, 52.47853939 ], [ 13.43275858, 52.47857626 ] ] ] } },
{ "type": "Feature", "properties": { "id": "versorggruen_2020.1400786481000000", "styp_id": "1400786481000000", "sst_name": "Blockrandbebauung der Gründerzeit mit massiven Veränderungen", "voeff_name": "nicht versorgter Bereich", "vpriv_name": "gering: Blockrandbebauung", "versorg_sst": 12, "esst_name": "Wilhelminian-period block-edge development with major changes", "evoeff_name": "no availability", "evpriv_name": "low: Wilhelminian-period block-edge development" }, "geometry": { "type": "Polygon", "coordinates": [ [ [ 13.43513808, 52.47882411 ], [ 13.43491944, 52.47879831 ], [ 13.43482554, 52.47883314 ], [ 13.43466442, 52.47915301 ], [ 13.43471108, 52.47920291 ], [ 13.43694602, 52.47948318 ], [ 13.437288, 52.47903975 ], [ 13.43515918, 52.47876266 ], [ 13.43513808, 52.47882411 ] ] ] } },
{ "type": "Feature", "properties": { "id": "versorggruen_2020.1400786551000200", "styp_id": "1400786551000200", "sst_name": "Blockrandbebauung der Gründerzeit mit massiven Veränderungen", "voeff_name": "versorgter Bereich", "vpriv_name": "gering: Blockrandbebauung", "versorg_sst": 3, "esst_name": "Wilhelminian-period block-edge development with major changes", "evoeff_name": "good availability", "evpriv_name": "low: Wilhelminian-period block-edge development" }, "geometry": { "type": "Polygon", "coordinates": [ [ [ 13.43647801, 52.477258 ], [ 13.43665343, 52.47683649 ], [ 13.43571188, 52.47671469 ], [ 13.43558517, 52.47712683 ], [ 13.43647801, 52.477258 ] ] ] } },
{ "type": "Feature", "properties": { "id": "versorggruen_2020.1400786551000300", "styp_id": "1400786551000300", "sst_name": "Blockrandbebauung der Gründerzeit mit massiven Veränderungen", "voeff_name": "versorgter Bereich", "vpriv_name": "gering: Blockrandbebauung", "versorg_sst": 3, "esst_name": "Wilhelminian-period block-edge development with major changes", "evoeff_name": "good availability", "evpriv_name": "low: Wilhelminian-period block-edge development" }, "geometry": { "type": "Polygon", "coordinates": [ [ [ 13.43490851, 52.47704126 ], [ 13.43505962, 52.47658721 ], [ 13.43492674, 52.47657219 ], [ 13.43350288, 52.47639284 ], [ 13.43334492, 52.47683831 ], [ 13.43490851, 52.47704126 ] ] ] } },
{ "type": "Feature", "properties": { "id": "versorggruen_2020.1400786551000400", "styp_id": "1400786551000400", "sst_name": "Bebauung mit überwiegender Nutzung durch Gemeinbedarf und Sondernutzung, Verkehrsflächen ohne Straßen", "voeff_name": "versorgter Bereich", "vpriv_name": "mittel: Zeilen oder kompakte Siedlung", "versorg_sst": 2, "esst_name": "Development with predominantly public and special use or non-street traffic area", "evoeff_name": "good availability", "evpriv_name": "medium: row development or compact settlement" }, "geometry": { "type": "Polygon", "coordinates": [ [ [ 13.43358877, 52.47627166 ], [ 13.43496852, 52.47644015 ], [ 13.43560562, 52.47462099 ], [ 13.43568291, 52.47463528 ], [ 13.43573051, 52.47450569 ], [ 13.43510195, 52.47451942 ], [ 13.43408031, 52.47474263 ], [ 13.43358877, 52.47627166 ] ] ] } },
{ "type": "Feature", "properties": { "id": "versorggruen_2020.1400790651000300", "styp_id": "1400790651000300", "sst_name": "Blockbebauung der Gründerzeit mit Seitenflügeln und Hinterhäusern", "voeff_name": "versorgter Bereich", "vpriv_name": "gering: Blockrandbebauung", "versorg_sst": 3, "esst_name": "Wilhelminian-period block development with wings and rear buildings (until 1918)", "evoeff_name": "good availability", "evpriv_name": "low: Wilhelminian-period block-edge development" }, "geometry": { "type": "Polygon", "coordinates": [ [ [ 13.42694119, 52.48248645 ], [ 13.4269806, 52.48363221 ], [ 13.42702296, 52.48478067 ], [ 13.4265359, 52.48480222 ], [ 13.42652981, 52.48475081 ], [ 13.42623608, 52.48476397 ], [ 13.4262727, 52.48506554 ], [ 13.42577181, 52.48508795 ], [ 13.42581762, 52.48550204 ], [ 13.42732056, 52.48481937 ], [ 13.427263, 52.48228218 ], [ 13.42508487, 52.48198525 ], [ 13.42505757, 52.48224807 ], [ 13.42694119, 52.48248645 ] ] ] } },
{ "type": "Feature", "properties": { "id": "versorggruen_2020.1400790661000000", "styp_id": "1400790661000000", "sst_name": "Blockbebauung der Gründerzeit mit Seitenflügeln und Hinterhäusern", "voeff_name": "versorgter Bereich", "vpriv_name": "gering: Blockrandbebauung", "versorg_sst": 3, "esst_name": "Wilhelminian-period block development with wings and rear buildings (until 1918)", "evoeff_name": "good availability", "evpriv_name": "low: Wilhelminian-period block-edge development" }, "geometry": { "type": "Polygon", "coordinates": [ [ [ 13.42392681, 52.48628204 ], [ 13.42389228, 52.48560241 ], [ 13.4239291, 52.48560498 ], [ 13.42432629, 52.48447261 ], [ 13.42457758, 52.48392306 ], [ 13.42464427, 52.4835035 ], [ 13.42462632, 52.48292294 ], [ 13.42462347, 52.48230872 ], [ 13.42456605, 52.48226322 ], [ 13.42336503, 52.48224589 ], [ 13.42330538, 52.48400895 ], [ 13.42336500936973, 52.486449394205053 ], [ 13.423366538041643, 52.486448954828418 ], [ 13.423681544864067, 52.486358287885281 ], [ 13.423682227447031, 52.486358931632985 ], [ 13.42392681, 52.48628204 ] ] ] } },
{ "type": "Feature", "properties": { "id": "versorggruen_2020.1400790671000100", "styp_id": "1400790671000100", "sst_name": "Bebauung mit überwiegender Nutzung durch Handel und Dienstleistung", "voeff_name": "versorgter Bereich", "vpriv_name": "gering: Blockrandbebauung", "versorg_sst": 3, "esst_name": "Development with predominantly retail and service use", "evoeff_name": "good availability", "evpriv_name": "low: Wilhelminian-period block-edge development" }, "geometry": { "type": "Polygon", "coordinates": [ [ [ 13.42305079, 52.48654175 ], [ 13.42300913, 52.48478901 ], [ 13.42256792, 52.48479283 ], [ 13.4225688, 52.48483408 ], [ 13.4208285, 52.48481651 ], [ 13.42077578, 52.48535885 ], [ 13.42091285, 52.48559278 ], [ 13.42100859, 52.48594217 ], [ 13.421088988389327, 52.487105784755485 ], [ 13.421195875256696, 52.487079263912868 ], [ 13.42305079, 52.48654175 ] ] ] } },
{ "type": "Feature", "properties": { "id": "versorggruen_2020.1400790671000300", "styp_id": "1400790671000300", "sst_name": "Bebauung mit überwiegender Nutzung durch Gemeinbedarf und Sondernutzung, Verkehrsflächen ohne Straßen", "voeff_name": "versorgter Bereich", "vpriv_name": "mittel: Zeilen oder kompakte Siedlung", "versorg_sst": 2, "esst_name": "Development with predominantly public and special use or non-street traffic area", "evoeff_name": "good availability", "evpriv_name": "medium: row development or compact settlement" }, "geometry": { "type": "Polygon", "coordinates": [ [ [ 13.4208921, 52.48198367 ], [ 13.4207083, 52.4819563 ], [ 13.42061395, 52.48200859 ], [ 13.42040014, 52.48223305 ], [ 13.42033965, 52.48291741 ], [ 13.42038702, 52.48328721 ], [ 13.42086489, 52.48329857 ], [ 13.42261332, 52.48334957 ], [ 13.42305478, 52.48339078 ], [ 13.4230988, 52.48220589 ], [ 13.42089536, 52.48197099 ], [ 13.4208921, 52.48198367 ] ] ] } },
{ "type": "Feature", "properties": { "id": "versorggruen_2020.1400790731000000", "styp_id": "1400790731000000", "sst_name": "Blockbebauung der Gründerzeit mit Seitenflügeln und Hinterhäusern", "voeff_name": "versorgter Bereich", "vpriv_name": "gering: Blockrandbebauung", "versorg_sst": 3, "esst_name": "Wilhelminian-period block development with wings and rear buildings (until 1918)", "evoeff_name": "good availability", "evpriv_name": "low: Wilhelminian-period block-edge development" }, "geometry": { "type": "Polygon", "coordinates": [ [ [ 13.42121072, 52.48049556 ], [ 13.42118994, 52.48183863 ], [ 13.42337614, 52.48207067 ], [ 13.42461394, 52.48209256 ], [ 13.42470142, 52.48131087 ], [ 13.42485358, 52.4808681 ], [ 13.42124663, 52.4804722 ], [ 13.42121072, 52.48049556 ] ] ] } },
{ "type": "Feature", "properties": { "id": "versorggruen_2020.1400790741000000", "styp_id": "1400790741000000", "sst_name": "Blockbebauung der Gründerzeit mit Seitenflügeln und Hinterhäusern", "voeff_name": "versorgter Bereich", "vpriv_name": "gering: Blockrandbebauung", "versorg_sst": 3, "esst_name": "Wilhelminian-period block development with wings and rear buildings (until 1918)", "evoeff_name": "good availability", "evpriv_name": "low: Wilhelminian-period block-edge development" }, "geometry": { "type": "Polygon", "coordinates": [ [ [ 13.4272869, 52.48210698 ], [ 13.42759861, 52.48120435 ], [ 13.4252463, 52.48092718 ], [ 13.4251671, 52.48118676 ], [ 13.4251142, 52.48181303 ], [ 13.4272869, 52.48210698 ] ] ] } },
{ "type": "Feature", "properties": { "id": "versorggruen_2020.1400791181000000", "styp_id": "1400791181000000", "sst_name": "Blockbebauung der Gründerzeit mit Seitenflügeln und Hinterhäusern", "voeff_name": "versorgter Bereich", "vpriv_name": "gering: Blockrandbebauung", "versorg_sst": 3, "esst_name": "Wilhelminian-period block development with wings and rear buildings (until 1918)", "evoeff_name": "good availability", "evpriv_name": "low: Wilhelminian-period block-edge development" }, "geometry": { "type": "Polygon", "coordinates": [ [ [ 13.42537308, 52.48056344 ], [ 13.42615419, 52.48066362 ], [ 13.42607829, 52.48084681 ], [ 13.42765537, 52.48102112 ], [ 13.42796991, 52.48014096 ], [ 13.42559712, 52.47984849 ], [ 13.42554672, 52.48000932 ], [ 13.42537308, 52.48056344 ] ] ] } },
{ "type": "Feature", "properties": { "id": "versorggruen_2020.1400791191000000", "styp_id": "1400791191000000", "sst_name": "Blockbebauung der Gründerzeit mit Seitenflügeln und Hinterhäusern", "voeff_name": "versorgter Bereich", "vpriv_name": "gering: Blockrandbebauung", "versorg_sst": 3, "esst_name": "Wilhelminian-period block development with wings and rear buildings (until 1918)", "evoeff_name": "good availability", "evpriv_name": "low: Wilhelminian-period block-edge development" }, "geometry": { "type": "Polygon", "coordinates": [ [ [ 13.42337349, 52.47977369 ], [ 13.42513295, 52.47996542 ], [ 13.42536438, 52.47924509 ], [ 13.42360055, 52.47904796 ], [ 13.42337349, 52.47977369 ] ] ] } },
{ "type": "Feature", "properties": { "id": "versorggruen_2020.1400791201000000", "styp_id": "1400791201000000", "sst_name": "Blockbebauung der Gründerzeit mit Seitenflügeln und Hinterhäusern", "voeff_name": "versorgter Bereich", "vpriv_name": "gering: Blockrandbebauung", "versorg_sst": 3, "esst_name": "Wilhelminian-period block development with wings and rear buildings (until 1918)", "evoeff_name": "good availability", "evpriv_name": "low: Wilhelminian-period block-edge development" }, "geometry": { "type": "Polygon", "coordinates": [ [ [ 13.42497305, 52.48049266 ], [ 13.42509097, 52.4801334 ], [ 13.42332562, 52.47994076 ], [ 13.42320328, 52.48029642 ], [ 13.42497305, 52.48049266 ] ] ] } },
{ "type": "Feature", "properties": { "id": "versorggruen_2020.1400791211000000", "styp_id": "1400791211000000", "sst_name": "Blockbebauung der Gründerzeit mit Seitenflügeln und Hinterhäusern", "voeff_name": "versorgter Bereich", "vpriv_name": "gering: Blockrandbebauung", "versorg_sst": 3, "esst_name": "Wilhelminian-period block development with wings and rear buildings (until 1918)", "evoeff_name": "good availability", "evpriv_name": "low: Wilhelminian-period block-edge development" }, "geometry": { "type": "Polygon", "coordinates": [ [ [ 13.42150818, 52.47955839 ], [ 13.42310284, 52.47973548 ], [ 13.42332693, 52.47901784 ], [ 13.42173522, 52.47884435 ], [ 13.42150818, 52.47955839 ] ] ] } },
{ "type": "Feature", "properties": { "id": "versorggruen_2020.1400791221000000", "styp_id": "1400791221000000", "sst_name": "Blockbebauung der Gründerzeit mit Seitenflügeln und Hinterhäusern", "voeff_name": "versorgter Bereich", "vpriv_name": "gering: Blockrandbebauung", "versorg_sst": 3, "esst_name": "Wilhelminian-period block development with wings and rear buildings (until 1918)", "evoeff_name": "good availability", "evpriv_name": "low: Wilhelminian-period block-edge development" }, "geometry": { "type": "Polygon", "coordinates": [ [ [ 13.42294142, 52.48026811 ], [ 13.42304316, 52.47990972 ], [ 13.42145883, 52.47972455 ], [ 13.42134676, 52.48008742 ], [ 13.42294142, 52.48026811 ] ] ] } },
{ "type": "Feature", "properties": { "id": "versorggruen_2020.1400791241000000", "styp_id": "1400791241000000", "sst_name": "Zeilenbebauung seit den 50er Jahren", "voeff_name": "versorgter Bereich", "vpriv_name": "mittel: Zeilen oder kompakte Siedlung", "versorg_sst": 2, "esst_name": "Row development since the 1950s", "evoeff_name": "good availability", "evpriv_name": "medium: row development or compact settlement" }, "geometry": { "type": "Polygon", "coordinates": [ [ [ 13.41972103, 52.47992077 ], [ 13.42103046, 52.48005362 ], [ 13.42113955, 52.47970063 ], [ 13.4195611, 52.47951524 ], [ 13.41972103, 52.47992077 ] ] ] } },
{ "type": "Feature", "properties": { "id": "versorggruen_2020.1400791251000000", "styp_id": "1400791251000000", "sst_name": "Blockbebauung der Gründerzeit mit Seitenflügeln und Hinterhäusern", "voeff_name": "versorgter Bereich", "vpriv_name": "gering: Blockrandbebauung", "versorg_sst": 3, "esst_name": "Wilhelminian-period block development with wings and rear buildings (until 1918)", "evoeff_name": "good availability", "evpriv_name": "low: Wilhelminian-period block-edge development" }, "geometry": { "type": "Polygon", "coordinates": [ [ [ 13.4196782, 52.47903128 ], [ 13.4198194, 52.47936673 ], [ 13.42119482, 52.47952639 ], [ 13.42141899, 52.47879887 ], [ 13.41980963, 52.47862442 ], [ 13.4196782, 52.47903128 ] ] ] } },
{ "type": "Feature", "properties": { "id": "versorggruen_2020.1400791261000200", "styp_id": "1400791261000200", "sst_name": "Blockbebauung der Gründerzeit mit Seitenflügeln und Hinterhäusern", "voeff_name": "versorgter Bereich", "vpriv_name": "gering: Blockrandbebauung", "versorg_sst": 3, "esst_name": "Wilhelminian-period block development with wings and rear buildings (until 1918)", "evoeff_name": "good availability", "evpriv_name": "low: Wilhelminian-period block-edge development" }, "geometry": { "type": "Polygon", "coordinates": [ [ [ 13.41937646, 52.47902331 ], [ 13.42005442, 52.47695424 ], [ 13.41933328, 52.47686573 ], [ 13.41919638, 52.47726222 ], [ 13.419226, 52.47726745 ], [ 13.41918717, 52.4774199 ], [ 13.41878938, 52.47737784 ], [ 13.41896399, 52.47786664 ], [ 13.41937646, 52.47902331 ] ] ] } },
{ "type": "Feature", "properties": { "id": "versorggruen_2020.1400791271000000", "styp_id": "1400791271000000", "sst_name": "Blockbebauung der Gründerzeit mit Seitenflügeln und Hinterhäusern", "voeff_name": "versorgter Bereich", "vpriv_name": "gering: Blockrandbebauung", "versorg_sst": 3, "esst_name": "Wilhelminian-period block development with wings and rear buildings (until 1918)", "evoeff_name": "good availability", "evpriv_name": "low: Wilhelminian-period block-edge development" }, "geometry": { "type": "Polygon", "coordinates": [ [ [ 13.42126825, 52.47861438 ], [ 13.42160444, 52.47753208 ], [ 13.4214972, 52.47748966 ], [ 13.42139305, 52.47741578 ], [ 13.42131539, 52.47734196 ], [ 13.42126716, 52.47726909 ], [ 13.42121948, 52.47707759 ], [ 13.42032805, 52.47697898 ], [ 13.41986636, 52.47845467 ], [ 13.42126825, 52.47861438 ] ] ] } },
{ "type": "Feature", "properties": { "id": "versorggruen_2020.1400791281000000", "styp_id": "1400791281000000", "sst_name": "Blockbebauung der Gründerzeit mit Seitenflügeln und Hinterhäusern", "voeff_name": "versorgter Bereich", "vpriv_name": "gering: Blockrandbebauung", "versorg_sst": 3, "esst_name": "Wilhelminian-period block development with wings and rear buildings (until 1918)", "evoeff_name": "good availability", "evpriv_name": "low: Wilhelminian-period block-edge development" }, "geometry": { "type": "Polygon", "coordinates": [ [ [ 13.42198759, 52.47869651 ], [ 13.42337482, 52.47884718 ], [ 13.42381572, 52.47738761 ], [ 13.42293314, 52.47728275 ], [ 13.42287825, 52.47737701 ], [ 13.42278517, 52.47745324 ], [ 13.42269514, 52.4775088 ], [ 13.4226096, 52.4775473 ], [ 13.42247401, 52.4775875 ], [ 13.42232379, 52.47760881 ], [ 13.42198759, 52.47869651 ] ] ] } },
{ "type": "Feature", "properties": { "id": "versorggruen_2020.1400791291000000", "styp_id": "1400791291000000", "sst_name": "Blockbebauung der Gründerzeit mit Seitenflügeln und Hinterhäusern", "voeff_name": "versorgter Bereich", "vpriv_name": "gering: Blockrandbebauung", "versorg_sst": 3, "esst_name": "Wilhelminian-period block development with wings and rear buildings (until 1918)", "evoeff_name": "good availability", "evpriv_name": "low: Wilhelminian-period block-edge development" }, "geometry": { "type": "Polygon", "coordinates": [ [ [ 13.42364696, 52.4788773 ], [ 13.42542109, 52.47907264 ], [ 13.4259413, 52.47763567 ], [ 13.4240996, 52.47742404 ], [ 13.42364696, 52.4788773 ] ] ] } },
{ "type": "Feature", "properties": { "id": "versorggruen_2020.1400791631000000", "styp_id": "1400791631000000", "sst_name": "Blockbebauung der Gründerzeit mit Seitenflügeln und Hinterhäusern", "voeff_name": "versorgter Bereich", "vpriv_name": "gering: Blockrandbebauung", "versorg_sst": 3, "esst_name": "Wilhelminian-period block development with wings and rear buildings (until 1918)", "evoeff_name": "good availability", "evpriv_name": "low: Wilhelminian-period block-edge development" }, "geometry": { "type": "Polygon", "coordinates": [ [ [ 13.42601726, 52.47743989 ], [ 13.42656178, 52.47615034 ], [ 13.42455981, 52.47591778 ], [ 13.4241535, 52.47722463 ], [ 13.42601726, 52.47743989 ] ] ] } },
{ "type": "Feature", "properties": { "id": "versorggruen_2020.1400791641000000", "styp_id": "1400791641000000", "sst_name": "Blockbebauung der Gründerzeit mit Seitenflügeln und Hinterhäusern", "voeff_name": "versorgter Bereich", "vpriv_name": "gering: Blockrandbebauung", "versorg_sst": 3, "esst_name": "Wilhelminian-period block development with wings and rear buildings (until 1918)", "evoeff_name": "good availability", "evpriv_name": "low: Wilhelminian-period block-edge development" }, "geometry": { "type": "Polygon", "coordinates": [ [ [ 13.42277526, 52.4767316 ], [ 13.42292471, 52.47687564 ], [ 13.42299173, 52.47702404 ], [ 13.42298998, 52.47708514 ], [ 13.42387844, 52.47719091 ], [ 13.42427887, 52.47588405 ], [ 13.42289614, 52.4757343 ], [ 13.42263286, 52.47665497 ], [ 13.42277526, 52.4767316 ] ] ] } },
{ "type": "Feature", "properties": { "id": "versorggruen_2020.1400791651000000", "styp_id": "1400791651000000", "sst_name": "Blockbebauung der Gründerzeit mit Seitenflügeln und Hinterhäusern", "voeff_name": "versorgter Bereich", "vpriv_name": "gering: Blockrandbebauung", "versorg_sst": 3, "esst_name": "Wilhelminian-period block development with wings and rear buildings (until 1918)", "evoeff_name": "good availability", "evpriv_name": "low: Wilhelminian-period block-edge development" }, "geometry": { "type": "Polygon", "coordinates": [ [ [ 13.42128803, 52.47689618 ], [ 13.42137829, 52.47679119 ], [ 13.42149494, 52.47670961 ], [ 13.42160411, 52.47665409 ], [ 13.42170585, 52.47661382 ], [ 13.42181193, 52.47658795 ], [ 13.42190765, 52.47657643 ], [ 13.42218128, 52.47564859 ], [ 13.420803, 52.47549432 ], [ 13.42039226, 52.47678139 ], [ 13.42128803, 52.47689618 ] ] ] } },
{ "type": "Feature", "properties": { "id": "versorggruen_2020.1400791661000000", "styp_id": "1400791661000000", "sst_name": "Blockrand- und Zeilenbebauung der 20er und 30er Jahre", "voeff_name": "versorgter Bereich", "vpriv_name": "mittel: Zeilen oder kompakte Siedlung", "versorg_sst": 2, "esst_name": "Block-edge and row development of the 1920s and 1930s", "evoeff_name": "good availability", "evpriv_name": "medium: row development or compact settlement" }, "geometry": { "type": "Polygon", "coordinates": [ [ [ 13.42049856, 52.47545246 ], [ 13.41918794, 52.47530818 ], [ 13.41880646, 52.47660586 ], [ 13.42011869, 52.47674496 ], [ 13.42049856, 52.47545246 ] ] ] } },
{ "type": "Feature", "properties": { "id": "versorggruen_2020.1400791671000000", "styp_id": "1400791671000000", "sst_name": "Blockrand- und Zeilenbebauung der 20er und 30er Jahre", "voeff_name": "versorgter Bereich", "vpriv_name": "mittel: Zeilen oder kompakte Siedlung", "versorg_sst": 2, "esst_name": "Block-edge and row development of the 1920s and 1930s", "evoeff_name": "good availability", "evpriv_name": "medium: row development or compact settlement" }, "geometry": { "type": "Polygon", "coordinates": [ [ [ 13.42079853, 52.47456061 ], [ 13.41941881, 52.47440992 ], [ 13.41922557, 52.47513121 ], [ 13.42057584, 52.47529083 ], [ 13.42079853, 52.47456061 ] ] ] } },
{ "type": "Feature", "properties": { "id": "versorggruen_2020.1400791681000000", "styp_id": "1400791681000000", "sst_name": "Blockbebauung der Gründerzeit mit Seitenflügeln und Hinterhäusern", "voeff_name": "versorgter Bereich", "vpriv_name": "gering: Blockrandbebauung", "versorg_sst": 3, "esst_name": "Wilhelminian-period block development with wings and rear buildings (until 1918)", "evoeff_name": "good availability", "evpriv_name": "low: Wilhelminian-period block-edge development" }, "geometry": { "type": "Polygon", "coordinates": [ [ [ 13.42245328, 52.47475399 ], [ 13.42106915, 52.47459703 ], [ 13.42084795, 52.47532366 ], [ 13.42222622, 52.47547792 ], [ 13.42245328, 52.47475399 ] ] ] } },
{ "type": "Feature", "properties": { "id": "versorggruen_2020.1400791691000000", "styp_id": "1400791691000000", "sst_name": "Blockbebauung der Gründerzeit mit Seitenflügeln und Hinterhäusern", "voeff_name": "versorgter Bereich", "vpriv_name": "gering: Blockrandbebauung", "versorg_sst": 3, "esst_name": "Wilhelminian-period block development with wings and rear buildings (until 1918)", "evoeff_name": "good availability", "evpriv_name": "low: Wilhelminian-period block-edge development" }, "geometry": { "type": "Polygon", "coordinates": [ [ [ 13.42294405, 52.47555824 ], [ 13.42433409, 52.47571699 ], [ 13.42455675, 52.47498047 ], [ 13.4231652, 52.4748343 ], [ 13.42294405, 52.47555824 ] ] ] } },
{ "type": "Feature", "properties": { "id": "versorggruen_2020.1400791701000000", "styp_id": "1400791701000000", "sst_name": "Blockbebauung der Gründerzeit mit Seitenflügeln und Hinterhäusern", "voeff_name": "versorgter Bereich", "vpriv_name": "gering: Blockrandbebauung", "versorg_sst": 3, "esst_name": "Wilhelminian-period block development with wings and rear buildings (until 1918)", "evoeff_name": "good availability", "evpriv_name": "low: Wilhelminian-period block-edge development" }, "geometry": { "type": "Polygon", "coordinates": [ [ [ 13.42460618, 52.475757 ], [ 13.42662872, 52.47599229 ], [ 13.42697059, 52.47524878 ], [ 13.42482883, 52.47502048 ], [ 13.42460618, 52.475757 ] ] ] } },
{ "type": "Feature", "properties": { "id": "versorggruen_2020.1400791711000000", "styp_id": "1400791711000000", "sst_name": "Blockrand- und Zeilenbebauung der 20er und 30er Jahre", "voeff_name": "versorgter Bereich", "vpriv_name": "mittel: Zeilen oder kompakte Siedlung", "versorg_sst": 2, "esst_name": "Block-edge and row development of the 1920s and 1930s", "evoeff_name": "good availability", "evpriv_name": "medium: row development or compact settlement" }, "geometry": { "type": "Polygon", "coordinates": [ [ [ 13.42109123, 52.47364898 ], [ 13.41968063, 52.47349734 ], [ 13.4194682, 52.47423387 ], [ 13.42086705, 52.47438549 ], [ 13.42109123, 52.47364898 ] ] ] } },
{ "type": "Feature", "properties": { "id": "versorggruen_2020.1400791721000000", "styp_id": "1400791721000000", "sst_name": "Blockbebauung der Gründerzeit mit Seitenflügeln und Hinterhäusern", "voeff_name": "versorgter Bereich", "vpriv_name": "gering: Blockrandbebauung", "versorg_sst": 3, "esst_name": "Wilhelminian-period block development with wings and rear buildings (until 1918)", "evoeff_name": "good availability", "evpriv_name": "low: Wilhelminian-period block-edge development" }, "geometry": { "type": "Polygon", "coordinates": [ [ [ 13.42113468, 52.47443179 ], [ 13.42250408, 52.47458873 ], [ 13.42272976, 52.47384233 ], [ 13.42136327, 52.47369528 ], [ 13.42113468, 52.47443179 ] ] ] } },
{ "type": "Feature", "properties": { "id": "versorggruen_2020.1400791731000000", "styp_id": "1400791731000000", "sst_name": "Blockbebauung der Gründerzeit mit Seitenflügeln und Hinterhäusern", "voeff_name": "versorgter Bereich", "vpriv_name": "gering: Blockrandbebauung", "versorg_sst": 3, "esst_name": "Wilhelminian-period block development with wings and rear buildings (until 1918)", "evoeff_name": "good availability", "evpriv_name": "low: Wilhelminian-period block-edge development" }, "geometry": { "type": "Polygon", "coordinates": [ [ [ 13.42461638, 52.47481522 ], [ 13.42483459, 52.47408408 ], [ 13.42345194, 52.47392805 ], [ 13.42322632, 52.47466546 ], [ 13.42461638, 52.47481522 ] ] ] } },
{ "type": "Feature", "properties": { "id": "versorggruen_2020.1400791741000000", "styp_id": "1400791741000000", "sst_name": "Blockbebauung der Gründerzeit mit Seitenflügeln und Hinterhäusern", "voeff_name": "versorgter Bereich", "vpriv_name": "gering: Blockrandbebauung", "versorg_sst": 3, "esst_name": "Wilhelminian-period block development with wings and rear buildings (until 1918)", "evoeff_name": "good availability", "evpriv_name": "low: Wilhelminian-period block-edge development" }, "geometry": { "type": "Polygon", "coordinates": [ [ [ 13.42705963, 52.47508447 ], [ 13.42742193, 52.47437514 ], [ 13.42510969, 52.47410612 ], [ 13.42488113, 52.47484892 ], [ 13.42705963, 52.47508447 ] ] ] } },
{ "type": "Feature", "properties": { "id": "versorggruen_2020.1400792131000000", "styp_id": "1400792131000000", "sst_name": "Blockbebauung der Gründerzeit mit Seitenflügeln und Hinterhäusern", "voeff_name": "versorgter Bereich", "vpriv_name": "gering: Blockrandbebauung", "versorg_sst": 3, "esst_name": "Wilhelminian-period block development with wings and rear buildings (until 1918)", "evoeff_name": "good availability", "evpriv_name": "low: Wilhelminian-period block-edge development" }, "geometry": { "type": "Polygon", "coordinates": [ [ [ 13.42517958, 52.47394898 ], [ 13.42750955, 52.47420095 ], [ 13.42787039, 52.47348443 ], [ 13.42539927, 52.47321335 ], [ 13.42517958, 52.47394898 ] ] ] } },
{ "type": "Feature", "properties": { "id": "versorggruen_2020.1400792141000000", "styp_id": "1400792141000000", "sst_name": "Blockbebauung der Gründerzeit mit Seitenflügeln und Hinterhäusern", "voeff_name": "versorgter Bereich", "vpriv_name": "gering: Blockrandbebauung", "versorg_sst": 3, "esst_name": "Wilhelminian-period block development with wings and rear buildings (until 1918)", "evoeff_name": "good availability", "evpriv_name": "low: Wilhelminian-period block-edge development" }, "geometry": { "type": "Polygon", "coordinates": [ [ [ 13.42328361, 52.47373185 ], [ 13.42488982, 52.47391343 ], [ 13.42512278, 52.47317334 ], [ 13.42352686, 52.47299896 ], [ 13.42328361, 52.47373185 ] ] ] } },
{ "type": "Feature", "properties": { "id": "versorggruen_2020.1400792151000000", "styp_id": "1400792151000000", "sst_name": "Blockrand- und Zeilenbebauung der 20er und 30er Jahre", "voeff_name": "versorgter Bereich", "vpriv_name": "mittel: Zeilen oder kompakte Siedlung", "versorg_sst": 2, "esst_name": "Block-edge and row development of the 1920s and 1930s", "evoeff_name": "good availability", "evpriv_name": "medium: row development or compact settlement" }, "geometry": { "type": "Polygon", "coordinates": [ [ [ 13.42297919, 52.47368549 ], [ 13.42321503, 52.47296517 ], [ 13.42164418, 52.47278453 ], [ 13.42142002, 52.47351834 ], [ 13.42297919, 52.47368549 ] ] ] } },
{ "type": "Feature", "properties": { "id": "versorggruen_2020.1400792161000000", "styp_id": "1400792161000000", "sst_name": "Blockrand- und Zeilenbebauung der 20er und 30er Jahre", "voeff_name": "versorgter Bereich", "vpriv_name": "mittel: Zeilen oder kompakte Siedlung", "versorg_sst": 2, "esst_name": "Block-edge and row development of the 1920s and 1930s", "evoeff_name": "good availability", "evpriv_name": "medium: row development or compact settlement" }, "geometry": { "type": "Polygon", "coordinates": [ [ [ 13.42137498, 52.47276159 ], [ 13.41993795, 52.47260272 ], [ 13.41972555, 52.47333386 ], [ 13.42114058, 52.47348191 ], [ 13.42137498, 52.47276159 ] ] ] } },
{ "type": "Feature", "properties": { "id": "versorggruen_2020.1400792171000000", "styp_id": "1400792171000000", "sst_name": "Blockrand- und Zeilenbebauung der 20er und 30er Jahre", "voeff_name": "versorgter Bereich", "vpriv_name": "mittel: Zeilen oder kompakte Siedlung", "versorg_sst": 2, "esst_name": "Block-edge and row development of the 1920s and 1930s", "evoeff_name": "good availability", "evpriv_name": "medium: row development or compact settlement" }, "geometry": { "type": "Polygon", "coordinates": [ [ [ 13.41996524, 52.47243113 ], [ 13.42224359, 52.47268491 ], [ 13.4223483, 52.47231754 ], [ 13.42005228, 52.47207224 ], [ 13.41996524, 52.47243113 ] ] ] } },
{ "type": "Feature", "properties": { "id": "versorggruen_2020.1400792191000000", "styp_id": "1400792191000000", "sst_name": "Blockbebauung der Gründerzeit mit Seitenflügeln und Hinterhäusern", "voeff_name": "versorgter Bereich", "vpriv_name": "gering: Blockrandbebauung", "versorg_sst": 3, "esst_name": "Wilhelminian-period block development with wings and rear buildings (until 1918)", "evoeff_name": "good availability", "evpriv_name": "low: Wilhelminian-period block-edge development" }, "geometry": { "type": "Polygon", "coordinates": [ [ [ 13.42460727, 52.47294869 ], [ 13.42794764, 52.4733237 ], [ 13.4281273, 52.47297172 ], [ 13.42471636, 52.47258492 ], [ 13.42460727, 52.47294869 ] ] ] } },
{ "type": "Feature", "properties": { "id": "versorggruen_2020.1400792221000200", "styp_id": "1400792221000200", "sst_name": "geringe Bebauung mit überwiegender Nutzung durch Gewerbe und Industrie", "voeff_name": "nicht versorgter Bereich", "vpriv_name": "gering: Blockrandbebauung", "versorg_sst": 12, "esst_name": "Sparse development with predominantly commercial and industrial use", "evoeff_name": "no availability", "evpriv_name": "low: Wilhelminian-period block-edge development" }, "geometry": { "type": "Polygon", "coordinates": [ [ [ 13.41700618, 52.46691349 ], [ 13.42091585, 52.46726653 ], [ 13.42114521, 52.46632391 ], [ 13.41677506, 52.46588236 ], [ 13.41671389, 52.46617128 ], [ 13.41655999, 52.46683425 ], [ 13.41700618, 52.46691349 ] ] ] } },
{ "type": "Feature", "properties": { "id": "versorggruen_2020.1400792231000000", "styp_id": "1400792231000000", "sst_name": "Blockrand- und Zeilenbebauung der 20er und 30er Jahre", "voeff_name": "versorgter Bereich", "vpriv_name": "mittel: Zeilen oder kompakte Siedlung", "versorg_sst": 2, "esst_name": "Block-edge and row development of the 1920s and 1930s", "evoeff_name": "good availability", "evpriv_name": "medium: row development or compact settlement" }, "geometry": { "type": "Polygon", "coordinates": [ [ [ 13.42140191, 52.4710379 ], [ 13.42186824, 52.46953536 ], [ 13.42071515, 52.46941114 ], [ 13.42037214, 52.47092057 ], [ 13.42140191, 52.4710379 ] ] ] } },
{ "type": "Feature", "properties": { "id": "versorggruen_2020.1400792241000100", "styp_id": "1400792241000100", "sst_name": "Blockbebauung der Gründerzeit mit Seitenflügeln und Hinterhäusern", "voeff_name": "versorgter Bereich", "vpriv_name": "gering: Blockrandbebauung", "versorg_sst": 3, "esst_name": "Wilhelminian-period block development with wings and rear buildings (until 1918)", "evoeff_name": "good availability", "evpriv_name": "low: Wilhelminian-period block-edge development" }, "geometry": { "type": "Polygon", "coordinates": [ [ [ 13.42921794, 52.47087526 ], [ 13.42944547, 52.47042893 ], [ 13.42468604, 52.46988799 ], [ 13.42457724, 52.47018885 ], [ 13.42328152, 52.47003655 ], [ 13.42338015, 52.46970871 ], [ 13.42212412, 52.46956905 ], [ 13.42198428, 52.47005477 ], [ 13.42921794, 52.47087526 ] ] ] } },
{ "type": "Feature", "properties": { "id": "versorggruen_2020.1400792551000100", "styp_id": "1400792551000100", "sst_name": "Blockbebauung der Gründerzeit mit Seitenflügeln und Hinterhäusern", "voeff_name": "versorgter Bereich", "vpriv_name": "gering: Blockrandbebauung", "versorg_sst": 3, "esst_name": "Wilhelminian-period block development with wings and rear buildings (until 1918)", "evoeff_name": "good availability", "evpriv_name": "low: Wilhelminian-period block-edge development" }, "geometry": { "type": "Polygon", "coordinates": [ [ [ 13.42076298, 52.46925126 ], [ 13.42342505, 52.46954523 ], [ 13.42350561, 52.46930723 ], [ 13.42362065, 52.46924901 ], [ 13.42472809, 52.46938121 ], [ 13.42481311, 52.46945146 ], [ 13.42474742, 52.46965803 ], [ 13.42956712, 52.47020896 ], [ 13.42980776, 52.46976607 ], [ 13.4208794, 52.46875865 ], [ 13.42076298, 52.46925126 ] ] ] } },
{ "type": "Feature", "properties": { "id": "versorggruen_2020.1400792551000300", "styp_id": "1400792551000300", "sst_name": "Blockbebauung der Gründerzeit mit Seitenflügeln und Hinterhäusern", "voeff_name": "nicht versorgter Bereich", "vpriv_name": "gering: Blockrandbebauung", "versorg_sst": 12, "esst_name": "Wilhelminian-period block development with wings and rear buildings (until 1918)", "evoeff_name": "no availability", "evpriv_name": "low: Wilhelminian-period block-edge development" }, "geometry": { "type": "Polygon", "coordinates": [ [ [ 13.42228442, 52.46781501 ], [ 13.42512285, 52.46812673 ], [ 13.4273498, 52.46840401 ], [ 13.42867078, 52.46855298 ], [ 13.43035314, 52.46873156 ], [ 13.43046936, 52.46851109 ], [ 13.42118329, 52.46747265 ], [ 13.42112983, 52.46769889 ], [ 13.42228442, 52.46781501 ] ] ] } },
{ "type": "Feature", "properties": { "id": "versorggruen_2020.1400792561000000", "styp_id": "1400792561000000", "sst_name": "Blockbebauung der Gründerzeit mit Seitenflügeln und Hinterhäusern", "voeff_name": "nicht versorgter Bereich", "vpriv_name": "gering: Blockrandbebauung", "versorg_sst": 12, "esst_name": "Wilhelminian-period block development with wings and rear buildings (until 1918)", "evoeff_name": "no availability", "evpriv_name": "low: Wilhelminian-period block-edge development" }, "geometry": { "type": "Polygon", "coordinates": [ [ [ 13.42478143, 52.46769452 ], [ 13.42495889, 52.4671772 ], [ 13.42131307, 52.46677821 ], [ 13.42120474, 52.46729115 ], [ 13.42478143, 52.46769452 ] ] ] } },
{ "type": "Feature", "properties": { "id": "versorggruen_2020.1400792571000000", "styp_id": "1400792571000000", "sst_name": "Blockbebauung der Gründerzeit mit Seitenflügeln und Hinterhäusern", "voeff_name": "nicht versorgter Bereich", "vpriv_name": "gering: Blockrandbebauung", "versorg_sst": 12, "esst_name": "Wilhelminian-period block development with wings and rear buildings (until 1918)", "evoeff_name": "no availability", "evpriv_name": "low: Wilhelminian-period block-edge development" }, "geometry": { "type": "Polygon", "coordinates": [ [ [ 13.42503437, 52.46772641 ], [ 13.42757578, 52.4680066 ], [ 13.42773559, 52.46748115 ], [ 13.42519861, 52.46720456 ], [ 13.42503437, 52.46772641 ] ] ] } },
{ "type": "Feature", "properties": { "id": "versorggruen_2020.1400792581000000", "styp_id": "1400792581000000", "sst_name": "Blockbebauung der Gründerzeit mit Seitenflügeln und Hinterhäusern", "voeff_name": "nicht versorgter Bereich", "vpriv_name": "gering: Blockrandbebauung", "versorg_sst": 12, "esst_name": "Wilhelminian-period block development with wings and rear buildings (until 1918)", "evoeff_name": "no availability", "evpriv_name": "low: Wilhelminian-period block-edge development" }, "geometry": { "type": "Polygon", "coordinates": [ [ [ 13.42781403, 52.46803396 ], [ 13.43056279, 52.46834769 ], [ 13.43082669, 52.46790329 ], [ 13.42797091, 52.46750671 ], [ 13.42781403, 52.46803396 ] ] ] } },
{ "type": "Feature", "properties": { "id": "versorggruen_2020.1400792631000000", "styp_id": "1400792631000000", "sst_name": "Blockbebauung der Gründerzeit mit Seitenflügeln und Hinterhäusern", "voeff_name": "nicht versorgter Bereich", "vpriv_name": "gering: Blockrandbebauung", "versorg_sst": 12, "esst_name": "Wilhelminian-period block development with wings and rear buildings (until 1918)", "evoeff_name": "no availability", "evpriv_name": "low: Wilhelminian-period block-edge development" }, "geometry": { "type": "Polygon", "coordinates": [ [ [ 13.42526361, 52.4661829 ], [ 13.42520981, 52.46636433 ], [ 13.43138661, 52.46706577 ], [ 13.43169966, 52.46648215 ], [ 13.42162164, 52.46528697 ], [ 13.421620693025181, 52.465293280182436 ], [ 13.421620546207677, 52.465300669012379 ], [ 13.421554482544078, 52.465752661160693 ], [ 13.42526361, 52.4661829 ] ] ] } },
{ "type": "Feature", "properties": { "id": "versorggruen_2020.1400793051000100", "styp_id": "1400793051000100", "sst_name": "Bebauung mit überwiegender Nutzung durch Gemeinbedarf und Sondernutzung, Verkehrsflächen ohne Straßen", "voeff_name": "versorgter Bereich", "vpriv_name": "mittel: Zeilen oder kompakte Siedlung", "versorg_sst": 2, "esst_name": "Development with predominantly public and special use or non-street traffic area", "evoeff_name": "good availability", "evpriv_name": "medium: row development or compact settlement" }, "geometry": { "type": "Polygon", "coordinates": [ [ [ 13.43203242, 52.46442438 ], [ 13.43238502, 52.46390201 ], [ 13.42818388, 52.46339079 ], [ 13.42802731, 52.46394424 ], [ 13.43203242, 52.46442438 ] ] ] } },
{ "type": "Feature", "properties": { "id": "versorggruen_2020.1400793051000400", "styp_id": "1400793051000400", "sst_name": "Siedlungsbebauung der 90er Jahre", "voeff_name": "versorgter Bereich", "vpriv_name": "mittel: Zeilen oder kompakte Siedlung", "versorg_sst": 2, "esst_name": "Residential development of the 1990s", "evoeff_name": "good availability", "evpriv_name": "medium: row development or compact settlement" }, "geometry": { "type": "Polygon", "coordinates": [ [ [ 13.42205214, 52.46161219 ], [ 13.42214689, 52.46243642 ], [ 13.422711, 52.4627281 ], [ 13.42314752, 52.46278097 ], [ 13.42358417, 52.46137893 ], [ 13.42303334, 52.46132002 ], [ 13.422035927210972, 52.461504007466509 ], [ 13.42199038822522, 52.461512687444838 ], [ 13.42205214, 52.46161219 ] ] ] } },
{ "type": "Feature", "properties": { "id": "versorggruen_2020.1400793051000500", "styp_id": "1400793051000500", "sst_name": "Siedlungsbebauung der 90er Jahre", "voeff_name": "versorgter Bereich", "vpriv_name": "mittel: Zeilen oder kompakte Siedlung", "versorg_sst": 2, "esst_name": "Residential development of the 1990s", "evoeff_name": "good availability", "evpriv_name": "medium: row development or compact settlement" }, "geometry": { "type": "Polygon", "coordinates": [ [ [ 13.43283391, 52.46452045 ], [ 13.4331922, 52.46401239 ], [ 13.43410169, 52.46295435 ], [ 13.4342026, 52.46275501 ], [ 13.43299272, 52.46253017 ], [ 13.43274847, 52.46332534 ], [ 13.43254362, 52.4639213 ], [ 13.43238502, 52.46390201 ], [ 13.43203242, 52.46442438 ], [ 13.43283391, 52.46452045 ] ] ] } },
{ "type": "Feature", "properties": { "id": "versorggruen_2020.1400796051000000", "styp_id": "1400796051000000", "sst_name": "Blockbebauung der Gründerzeit mit Seitenflügeln und Hinterhäusern", "voeff_name": "versorgter Bereich", "vpriv_name": "gering: Blockrandbebauung", "versorg_sst": 3, "esst_name": "Wilhelminian-period block development with wings and rear buildings (until 1918)", "evoeff_name": "good availability", "evpriv_name": "low: Wilhelminian-period block-edge development" }, "geometry": { "type": "Polygon", "coordinates": [ [ [ 13.40772352, 52.48875057 ], [ 13.40788011, 52.48885576 ], [ 13.41359327, 52.48811513 ], [ 13.41369488, 52.4876325 ], [ 13.41173425, 52.48788687 ], [ 13.41176172, 52.48798847 ], [ 13.40791401, 52.48849634 ], [ 13.40783741, 52.48850519 ], [ 13.407823008683998, 52.488529521193769 ], [ 13.407726645892177, 52.488737040042174 ], [ 13.40772352, 52.48875057 ] ] ] } },
{ "type": "Feature", "properties": { "id": "versorggruen_2020.1400796061000000", "styp_id": "1400796061000000", "sst_name": "Blockbebauung der Gründerzeit mit Seitenflügeln und Hinterhäusern", "voeff_name": "versorgter Bereich", "vpriv_name": "gering: Blockrandbebauung", "versorg_sst": 3, "esst_name": "Wilhelminian-period block development with wings and rear buildings (until 1918)", "evoeff_name": "good availability", "evpriv_name": "low: Wilhelminian-period block-edge development" }, "geometry": { "type": "Polygon", "coordinates": [ [ [ 13.41844536, 52.48747576 ], [ 13.41840948, 52.48713495 ], [ 13.41535007, 52.48752224 ], [ 13.41549797, 52.48785691 ], [ 13.41844536, 52.48747576 ] ] ] } },
{ "type": "Feature", "properties": { "id": "versorggruen_2020.1400796261000100", "styp_id": "1400796261000100", "sst_name": "Blockbebauung der Gründerzeit mit Seitenflügeln und Hinterhäusern", "voeff_name": "nicht versorgter Bereich", "vpriv_name": "gering: Blockrandbebauung", "versorg_sst": 12, "esst_name": "Wilhelminian-period block development with wings and rear buildings (until 1918)", "evoeff_name": "no availability", "evpriv_name": "low: Wilhelminian-period block-edge development" }, "geometry": { "type": "Polygon", "coordinates": [ [ [ 13.43180045, 52.46631517 ], [ 13.43271373, 52.46474761 ], [ 13.43259348, 52.46465575 ], [ 13.4307934, 52.4644396 ], [ 13.43042209, 52.46553768 ], [ 13.42818659, 52.46527293 ], [ 13.42813591, 52.46543556 ], [ 13.42699362, 52.46529033 ], [ 13.42686216, 52.4657219 ], [ 13.43180045, 52.46631517 ] ] ] } },
{ "type": "Feature", "properties": { "id": "versorggruen_2020.1400796261000200", "styp_id": "1400796261000200", "sst_name": "nicht oder gering bebaute Grün- und Freiflächen", "voeff_name": "nicht versorgter Bereich", "vpriv_name": "hoch: aufgelockerte Siedlungsbebauung", "versorg_sst": 10, "esst_name": "Public green and open spaces with sparse or no development", "evoeff_name": "no availability", "evpriv_name": "high: loose settlement development" }, "geometry": { "type": "Polygon", "coordinates": [ [ [ 13.4262187, 52.46543897 ], [ 13.42668382, 52.46549362 ], [ 13.42675687, 52.46525442 ], [ 13.42699362, 52.46529033 ], [ 13.42813591, 52.46543556 ], [ 13.42818659, 52.46527293 ], [ 13.43042209, 52.46553768 ], [ 13.4307934, 52.4644396 ], [ 13.42714995, 52.46400201 ], [ 13.42695207, 52.46467802 ], [ 13.42654412, 52.46463898 ], [ 13.42647331, 52.46467721 ], [ 13.4262904, 52.4652042 ], [ 13.4262187, 52.46543897 ] ] ] } },
{ "type": "Feature", "properties": { "id": "versorggruen_2020.1400796261000300", "styp_id": "1400796261000300", "sst_name": "Blockbebauung der Gründerzeit mit Seitenflügeln und Hinterhäusern", "voeff_name": "nicht versorgter Bereich", "vpriv_name": "gering: Blockrandbebauung", "versorg_sst": 12, "esst_name": "Wilhelminian-period block development with wings and rear buildings (until 1918)", "evoeff_name": "no availability", "evpriv_name": "low: Wilhelminian-period block-edge development" }, "geometry": { "type": "Polygon", "coordinates": [ [ [ 13.42163861, 52.46511894 ], [ 13.42662245, 52.46569454 ], [ 13.42668382, 52.46549362 ], [ 13.4262187, 52.46543897 ], [ 13.4262904, 52.4652042 ], [ 13.42465209, 52.46501005 ], [ 13.42165224, 52.46465448 ], [ 13.42163861, 52.46511894 ] ] ] } },
{ "type": "Feature", "properties": { "id": "versorggruen_2020.1400796261000500", "styp_id": "1400796261000500", "sst_name": "Siedlungsbebauung der 90er Jahre", "voeff_name": "nicht versorgter Bereich", "vpriv_name": "mittel: Zeilen oder kompakte Siedlung", "versorg_sst": 11, "esst_name": "Residential development of the 1990s", "evoeff_name": "no availability", "evpriv_name": "medium: row development or compact settlement" }, "geometry": { "type": "Polygon", "coordinates": [ [ [ 13.4262904, 52.4652042 ], [ 13.42647331, 52.46467721 ], [ 13.42654412, 52.46463898 ], [ 13.42695207, 52.46467802 ], [ 13.42714995, 52.46400201 ], [ 13.42504157, 52.46374874 ], [ 13.42465209, 52.46501005 ], [ 13.4262904, 52.4652042 ] ] ] } },
{ "type": "Feature", "properties": { "id": "versorggruen_2020.1400800031000300", "styp_id": "1400800031000300", "sst_name": "dörfliche Bebauung", "voeff_name": "versorgter Bereich", "vpriv_name": "hoch: aufgelockerte Siedlungsbebauung", "versorg_sst": 1, "esst_name": "Village-like development", "evoeff_name": "good availability", "evpriv_name": "high: loose settlement development" }, "geometry": { "type": "Polygon", "coordinates": [ [ [ 13.42550721, 52.4417972 ], [ 13.42743407, 52.44219489 ], [ 13.42754461, 52.44193815 ], [ 13.42667706, 52.44175038 ], [ 13.42691899, 52.4413669 ], [ 13.42701175, 52.44128238 ], [ 13.42669889, 52.44101087 ], [ 13.42594001, 52.44130879 ], [ 13.42339543, 52.44005404 ], [ 13.42298529, 52.43985105 ], [ 13.42249823, 52.44116217 ], [ 13.42550721, 52.4417972 ] ] ] } },
{ "type": "Feature", "properties": { "id": "versorggruen_2020.1400800031002300", "styp_id": "1400800031002300", "sst_name": "niedrige Bebauung mit Hausgärten", "voeff_name": "versorgter Bereich", "vpriv_name": "hoch: aufgelockerte Siedlungsbebauung", "versorg_sst": 1, "esst_name": "Low buildings with yards", "evoeff_name": "good availability", "evpriv_name": "high: loose settlement development" }, "geometry": { "type": "Polygon", "coordinates": [ [ [ 13.42069592, 52.44081108 ], [ 13.42070411, 52.44078908 ], [ 13.42074614, 52.44079777 ], [ 13.42102416, 52.44005389 ], [ 13.42051374, 52.43980147 ], [ 13.4207698, 52.43913025 ], [ 13.42137132, 52.43942786 ], [ 13.42085104, 52.44081961 ], [ 13.4212302, 52.44089892 ], [ 13.42183168, 52.43927976 ], [ 13.42150495, 52.43911824 ], [ 13.4205104, 52.438626 ], [ 13.4197507, 52.44061442 ], [ 13.42069592, 52.44081108 ] ] ] } },
{ "type": "Feature", "properties": { "id": "versorggruen_2020.1400800031002600", "styp_id": "1400800031002600", "sst_name": "niedrige Bebauung mit Hausgärten", "voeff_name": "versorgter Bereich", "vpriv_name": "hoch: aufgelockerte Siedlungsbebauung", "versorg_sst": 1, "esst_name": "Low buildings with yards", "evoeff_name": "good availability", "evpriv_name": "high: loose settlement development" }, "geometry": { "type": "Polygon", "coordinates": [ [ [ 13.41736798, 52.44011699 ], [ 13.41766309, 52.43928207 ], [ 13.41727189, 52.43922944 ], [ 13.41795363, 52.43736046 ], [ 13.41753085, 52.43715118 ], [ 13.4165405, 52.43666029 ], [ 13.41642934, 52.43696492 ], [ 13.41606388, 52.43796636 ], [ 13.41519507, 52.43785275 ], [ 13.41459788, 52.43951853 ], [ 13.41736798, 52.44011699 ] ] ] } },
{ "type": "Feature", "properties": { "id": "versorggruen_2020.1400800041000000", "styp_id": "1400800041000000", "sst_name": "niedrige Bebauung mit Hausgärten", "voeff_name": "versorgter Bereich", "vpriv_name": "hoch: aufgelockerte Siedlungsbebauung", "versorg_sst": 1, "esst_name": "Low buildings with yards", "evoeff_name": "good availability", "evpriv_name": "high: loose settlement development" }, "geometry": { "type": "Polygon", "coordinates": [ [ [ 13.42063679, 52.43977562 ], [ 13.42100578, 52.43995815 ], [ 13.42106466, 52.43994568 ], [ 13.42124856, 52.4394538 ], [ 13.42088295, 52.43927298 ], [ 13.42082378, 52.43928537 ], [ 13.42063679, 52.43977562 ] ] ] } },
{ "type": "Feature", "properties": { "id": "versorggruen_2020.1400800101000000", "styp_id": "1400800101000000", "sst_name": "Blockrandbebauung der Gründerzeit mit geringem Anteil von Seiten- und Hintergebäuden", "voeff_name": "unterversorgter Bereich", "vpriv_name": "gering: Blockrandbebauung", "versorg_sst": 6, "esst_name": "Wilhelminian-period block-edge development with few wings and rear buildings", "evoeff_name": "reduced availability", "evpriv_name": "low: Wilhelminian-period block-edge development" }, "geometry": { "type": "Polygon", "coordinates": [ [ [ 13.44030678, 52.46260966 ], [ 13.44049847, 52.46200513 ], [ 13.43510031, 52.46139314 ], [ 13.43488551, 52.46199533 ], [ 13.44030678, 52.46260966 ] ] ] } },
{ "type": "Feature", "properties": { "id": "versorggruen_2020.1400800141000000", "styp_id": "1400800141000000", "sst_name": "Blockrand- und Zeilenbebauung der 20er und 30er Jahre", "voeff_name": "versorgter Bereich", "vpriv_name": "mittel: Zeilen oder kompakte Siedlung", "versorg_sst": 2, "esst_name": "Block-edge and row development of the 1920s and 1930s", "evoeff_name": "good availability", "evpriv_name": "medium: row development or compact settlement" }, "geometry": { "type": "Polygon", "coordinates": [ [ [ 13.42949521, 52.46028942 ], [ 13.42815715, 52.46012632 ], [ 13.42788721, 52.46126268 ], [ 13.42915465, 52.46143465 ], [ 13.42949521, 52.46028942 ] ] ] } },
{ "type": "Feature", "properties": { "id": "versorggruen_2020.1400800151000000", "styp_id": "1400800151000000", "sst_name": "Blockrand- und Zeilenbebauung der 20er und 30er Jahre", "voeff_name": "versorgter Bereich", "vpriv_name": "mittel: Zeilen oder kompakte Siedlung", "versorg_sst": 2, "esst_name": "Block-edge and row development of the 1920s and 1930s", "evoeff_name": "good availability", "evpriv_name": "medium: row development or compact settlement" }, "geometry": { "type": "Polygon", "coordinates": [ [ [ 13.42680865, 52.4590205 ], [ 13.42666266, 52.46104932 ], [ 13.42765805, 52.46118501 ], [ 13.42801872, 52.45950422 ], [ 13.42691325, 52.45898922 ], [ 13.42680865, 52.4590205 ] ] ] } },
{ "type": "Feature", "properties": { "id": "versorggruen_2020.1400800161000000", "styp_id": "1400800161000000", "sst_name": "Zeilenbebauung seit den 50er Jahren", "voeff_name": "unterversorgter Bereich", "vpriv_name": "mittel: Zeilen oder kompakte Siedlung", "versorg_sst": 5, "esst_name": "Row development since the 1950s", "evoeff_name": "reduced availability", "evpriv_name": "medium: row development or compact settlement" }, "geometry": { "type": "Polygon", "coordinates": [ [ [ 13.42792748, 52.45918144 ], [ 13.42804832, 52.45913582 ], [ 13.42810262, 52.45818512 ], [ 13.42642704, 52.45752897 ], [ 13.4266321, 52.45740081 ], [ 13.42624002, 52.45724647 ], [ 13.42521318, 52.45789176 ], [ 13.42792748, 52.45918144 ] ] ] } },
{ "type": "Feature", "properties": { "id": "versorggruen_2020.1400800171000000", "styp_id": "1400800171000000", "sst_name": "Zeilenbebauung seit den 50er Jahren", "voeff_name": "unterversorgter Bereich", "vpriv_name": "mittel: Zeilen oder kompakte Siedlung", "versorg_sst": 5, "esst_name": "Row development since the 1950s", "evoeff_name": "reduced availability", "evpriv_name": "medium: row development or compact settlement" }, "geometry": { "type": "Polygon", "coordinates": [ [ [ 13.42859693, 52.4594944 ], [ 13.42969823, 52.45963194 ], [ 13.42978686, 52.45889069 ], [ 13.42846381, 52.45834389 ], [ 13.42836503, 52.45839136 ], [ 13.42831508, 52.45935823 ], [ 13.42859693, 52.4594944 ] ] ] } },
{ "type": "Feature", "properties": { "id": "versorggruen_2020.1400800181000000", "styp_id": "1400800181000000", "sst_name": "Blockrand- und Zeilenbebauung der 20er und 30er Jahre", "voeff_name": "unterversorgter Bereich", "vpriv_name": "mittel: Zeilen oder kompakte Siedlung", "versorg_sst": 5, "esst_name": "Block-edge and row development of the 1920s and 1930s", "evoeff_name": "reduced availability", "evpriv_name": "medium: row development or compact settlement" }, "geometry": { "type": "Polygon", "coordinates": [ [ [ 13.42796699, 52.45792338 ], [ 13.42811261, 52.45792722 ], [ 13.42816905, 52.45715357 ], [ 13.42704006, 52.45697373 ], [ 13.42671059, 52.4569606 ], [ 13.42628423, 52.45722857 ], [ 13.42796699, 52.45792338 ] ] ] } },
{ "type": "Feature", "properties": { "id": "versorggruen_2020.1400800191000000", "styp_id": "1400800191000000", "sst_name": "Blockrand- und Zeilenbebauung der 20er und 30er Jahre", "voeff_name": "unterversorgter Bereich", "vpriv_name": "mittel: Zeilen oder kompakte Siedlung", "versorg_sst": 5, "esst_name": "Block-edge and row development of the 1920s and 1930s", "evoeff_name": "reduced availability", "evpriv_name": "medium: row development or compact settlement" }, "geometry": { "type": "Polygon", "coordinates": [ [ [ 13.42837664, 52.45810021 ], [ 13.42973058, 52.45864616 ], [ 13.42982635, 52.45861397 ], [ 13.42991654, 52.45752224 ], [ 13.42842777, 52.45719714 ], [ 13.42837664, 52.45810021 ] ] ] } },
{ "type": "Feature", "properties": { "id": "versorggruen_2020.1400800201000200", "styp_id": "1400800201000200", "sst_name": "nicht oder gering bebaute Grün- und Freiflächen", "voeff_name": "unterversorgter Bereich", "vpriv_name": "hoch: aufgelockerte Siedlungsbebauung", "versorg_sst": 4, "esst_name": "Public green and open spaces with sparse or no development", "evoeff_name": "reduced availability", "evpriv_name": "high: loose settlement development" }, "geometry": { "type": "Polygon", "coordinates": [ [ [ 13.43146806, 52.46029719 ], [ 13.43160106, 52.4599027 ], [ 13.43051909, 52.45975176 ], [ 13.43066362, 52.45825376 ], [ 13.43086747, 52.45810339 ], [ 13.43221765, 52.45838568 ], [ 13.43231161, 52.45810712 ], [ 13.43020321, 52.45756765 ], [ 13.42996572, 52.4596908 ], [ 13.43006129, 52.45970444 ], [ 13.42994169, 52.4601311 ], [ 13.43146806, 52.46029719 ] ] ] } },
{ "type": "Feature", "properties": { "id": "versorggruen_2020.1400800231000000", "styp_id": "1400800231000000", "sst_name": "Blockrandbebauung der Gründerzeit mit geringem Anteil von Seiten- und Hintergebäuden", "voeff_name": "unterversorgter Bereich", "vpriv_name": "gering: Blockrandbebauung", "versorg_sst": 6, "esst_name": "Wilhelminian-period block-edge development with few wings and rear buildings", "evoeff_name": "reduced availability", "evpriv_name": "low: Wilhelminian-period block-edge development" }, "geometry": { "type": "Polygon", "coordinates": [ [ [ 13.43769046, 52.46154929 ], [ 13.43800206, 52.46055222 ], [ 13.43547874, 52.46025521 ], [ 13.43514742, 52.46125907 ], [ 13.43769046, 52.46154929 ] ] ] } },
{ "type": "Feature", "properties": { "id": "versorggruen_2020.1400800241000000", "styp_id": "1400800241000000", "sst_name": "Blockrandbebauung der Gründerzeit mit geringem Anteil von Seiten- und Hintergebäuden", "voeff_name": "unterversorgter Bereich", "vpriv_name": "gering: Blockrandbebauung", "versorg_sst": 6, "esst_name": "Wilhelminian-period block-edge development with few wings and rear buildings", "evoeff_name": "reduced availability", "evpriv_name": "low: Wilhelminian-period block-edge development" }, "geometry": { "type": "Polygon", "coordinates": [ [ [ 13.44079457, 52.46086399 ], [ 13.43821089, 52.46057053 ], [ 13.43788608, 52.46156923 ], [ 13.440464, 52.4618677 ], [ 13.44079457, 52.46086399 ] ] ] } },
{ "type": "Feature", "properties": { "id": "versorggruen_2020.1400800251000000", "styp_id": "1400800251000000", "sst_name": "geringe Bebauung mit überwiegender Nutzung durch Gewerbe und Industrie", "voeff_name": "unterversorgter Bereich", "vpriv_name": "gering: Blockrandbebauung", "versorg_sst": 6, "esst_name": "Sparse development with predominantly commercial and industrial use", "evoeff_name": "reduced availability", "evpriv_name": "low: Wilhelminian-period block-edge development" }, "geometry": { "type": "Polygon", "coordinates": [ [ [ 13.4440308, 52.46227623 ], [ 13.44371776, 52.46143298 ], [ 13.44377673, 52.46122313 ], [ 13.44105926, 52.46089496 ], [ 13.44074136, 52.46189847 ], [ 13.4440308, 52.46227623 ] ] ] } },
{ "type": "Feature", "properties": { "id": "versorggruen_2020.1400800261000000", "styp_id": "1400800261000000", "sst_name": "Blockrandbebauung der Gründerzeit mit geringem Anteil von Seiten- und Hintergebäuden", "voeff_name": "unterversorgter Bereich", "vpriv_name": "gering: Blockrandbebauung", "versorg_sst": 6, "esst_name": "Wilhelminian-period block-edge development with few wings and rear buildings", "evoeff_name": "reduced availability", "evpriv_name": "low: Wilhelminian-period block-edge development" }, "geometry": { "type": "Polygon", "coordinates": [ [ [ 13.44558281, 52.46143531 ], [ 13.44392358, 52.46124067 ], [ 13.44386658, 52.46142825 ], [ 13.44418223, 52.46229464 ], [ 13.44492046, 52.4623784 ], [ 13.44558281, 52.46143531 ] ] ] } },
{ "type": "Feature", "properties": { "id": "versorggruen_2020.1400800291000100", "styp_id": "1400800291000100", "sst_name": "Blockbebauung der Gründerzeit mit Seitenflügeln und Hinterhäusern", "voeff_name": "unterversorgter Bereich", "vpriv_name": "gering: Blockrandbebauung", "versorg_sst": 6, "esst_name": "Wilhelminian-period block development with wings and rear buildings (until 1918)", "evoeff_name": "reduced availability", "evpriv_name": "low: Wilhelminian-period block-edge development" }, "geometry": { "type": "Polygon", "coordinates": [ [ [ 13.4456478, 52.46130158 ], [ 13.44597052, 52.46087997 ], [ 13.44181365, 52.46040224 ], [ 13.44186008, 52.46017545 ], [ 13.44113462, 52.4601051 ], [ 13.44092011, 52.46075006 ], [ 13.4456478, 52.46130158 ] ] ] } },
{ "type": "Feature", "properties": { "id": "versorggruen_2020.1400800301000100", "styp_id": "1400800301000100", "sst_name": "Zeilenbebauung seit den 50er Jahren", "voeff_name": "unterversorgter Bereich", "vpriv_name": "mittel: Zeilen oder kompakte Siedlung", "versorg_sst": 5, "esst_name": "Row development since the 1950s", "evoeff_name": "reduced availability", "evpriv_name": "medium: row development or compact settlement" }, "geometry": { "type": "Polygon", "coordinates": [ [ [ 13.44068041, 52.46072272 ], [ 13.44105684, 52.45951965 ], [ 13.43659283, 52.45896036 ], [ 13.43664634, 52.45865904 ], [ 13.43623697, 52.4586277 ], [ 13.43549665, 52.46012673 ], [ 13.44068041, 52.46072272 ] ] ] } },
{ "type": "Feature", "properties": { "id": "versorggruen_2020.1400800361000100", "styp_id": "1400800361000100", "sst_name": "Siedlungsbebauung der 90er Jahre", "voeff_name": "versorgter Bereich", "vpriv_name": "mittel: Zeilen oder kompakte Siedlung", "versorg_sst": 2, "esst_name": "Residential development of the 1990s", "evoeff_name": "good availability", "evpriv_name": "medium: row development or compact settlement" }, "geometry": { "type": "Polygon", "coordinates": [ [ [ 13.43869, 52.45791433 ], [ 13.43949739, 52.45797465 ], [ 13.44102929, 52.45810357 ], [ 13.44148159, 52.45815111 ], [ 13.44179741, 52.45712582 ], [ 13.43859788, 52.4567395 ], [ 13.43865647, 52.45658039 ], [ 13.44184951, 52.4569785 ], [ 13.44198505, 52.45658373 ], [ 13.43745811, 52.45599783 ], [ 13.43667643, 52.45772363 ], [ 13.43869, 52.45791433 ] ] ] } },
{ "type": "Feature", "properties": { "id": "versorggruen_2020.1400800411000000", "styp_id": "1400800411000000", "sst_name": "geringe Bebauung mit überwiegender Nutzung durch Gewerbe und Industrie", "voeff_name": "versorgter Bereich", "vpriv_name": "gering: Blockrandbebauung", "versorg_sst": 3, "esst_name": "Sparse development with predominantly commercial and industrial use", "evoeff_name": "good availability", "evpriv_name": "low: Wilhelminian-period block-edge development" }, "geometry": { "type": "Polygon", "coordinates": [ [ [ 13.45245341, 52.45684073 ], [ 13.45280946, 52.45642246 ], [ 13.45022123, 52.4556875 ], [ 13.44992335, 52.45612856 ], [ 13.45245341, 52.45684073 ] ] ] } },
{ "type": "Feature", "properties": { "id": "versorggruen_2020.1400800431000000", "styp_id": "1400800431000000", "sst_name": "Zeilenbebauung seit den 50er Jahren", "voeff_name": "versorgter Bereich", "vpriv_name": "mittel: Zeilen oder kompakte Siedlung", "versorg_sst": 2, "esst_name": "Row development since the 1950s", "evoeff_name": "good availability", "evpriv_name": "medium: row development or compact settlement" }, "geometry": { "type": "Polygon", "coordinates": [ [ [ 13.4466074, 52.45613309 ], [ 13.44922944, 52.45645364 ], [ 13.44980863, 52.45569943 ], [ 13.44687778, 52.45534304 ], [ 13.4466074, 52.45613309 ] ] ] } },
{ "type": "Feature", "properties": { "id": "versorggruen_2020.1400800451000000", "styp_id": "1400800451000000", "sst_name": "Blockrand- und Zeilenbebauung der 20er und 30er Jahre", "voeff_name": "versorgter Bereich", "vpriv_name": "mittel: Zeilen oder kompakte Siedlung", "versorg_sst": 2, "esst_name": "Block-edge and row development of the 1920s and 1930s", "evoeff_name": "good availability", "evpriv_name": "medium: row development or compact settlement" }, "geometry": { "type": "Polygon", "coordinates": [ [ [ 13.44230801, 52.45647192 ], [ 13.44594645, 52.45691686 ], [ 13.4449863, 52.45602315 ], [ 13.44254326, 52.45571829 ], [ 13.44230801, 52.45647192 ] ] ] } },
{ "type": "Feature", "properties": { "id": "versorggruen_2020.1400800461000000", "styp_id": "1400800461000000", "sst_name": "niedrige Bebauung mit Hausgärten", "voeff_name": "versorgter Bereich", "vpriv_name": "hoch: aufgelockerte Siedlungsbebauung", "versorg_sst": 1, "esst_name": "Low buildings with yards", "evoeff_name": "good availability", "evpriv_name": "high: loose settlement development" }, "geometry": { "type": "Polygon", "coordinates": [ [ [ 13.44493461, 52.45597325 ], [ 13.44408856, 52.45500221 ], [ 13.44284207, 52.45484856 ], [ 13.44255521, 52.45567607 ], [ 13.44493461, 52.45597325 ] ] ] } },
{ "type": "Feature", "properties": { "id": "versorggruen_2020.1400800471000000", "styp_id": "1400800471000000", "sst_name": "Blockrand- und Zeilenbebauung der 20er und 30er Jahre", "voeff_name": "versorgter Bereich", "vpriv_name": "mittel: Zeilen oder kompakte Siedlung", "versorg_sst": 2, "esst_name": "Block-edge and row development of the 1920s and 1930s", "evoeff_name": "good availability", "evpriv_name": "medium: row development or compact settlement" }, "geometry": { "type": "Polygon", "coordinates": [ [ [ 13.44255607, 52.45481678 ], [ 13.44153115, 52.45469099 ], [ 13.44127481, 52.45546377 ], [ 13.44055286, 52.45538537 ], [ 13.44043223, 52.45538785 ], [ 13.44034378, 52.45543085 ], [ 13.4402921, 52.45547841 ], [ 13.44026244, 52.45553316 ], [ 13.44004483, 52.45620504 ], [ 13.44201355, 52.45645347 ], [ 13.44255607, 52.45481678 ] ] ] } },
{ "type": "Feature", "properties": { "id": "versorggruen_2020.1400800481000000", "styp_id": "1400800481000000", "sst_name": "Blockrandbebauung der Gründerzeit mit massiven Veränderungen", "voeff_name": "versorgter Bereich", "vpriv_name": "gering: Blockrandbebauung", "versorg_sst": 3, "esst_name": "Wilhelminian-period block-edge development with major changes", "evoeff_name": "good availability", "evpriv_name": "low: Wilhelminian-period block-edge development" }, "geometry": { "type": "Polygon", "coordinates": [ [ [ 13.43981111, 52.45616334 ], [ 13.44001687, 52.45551303 ], [ 13.43780411, 52.45524172 ], [ 13.43752488, 52.45586494 ], [ 13.43981111, 52.45616334 ] ] ] } },
{ "type": "Feature", "properties": { "id": "versorggruen_2020.1400800491000000", "styp_id": "1400800491000000", "sst_name": "Bebauung mit überwiegender Nutzung durch Gemeinbedarf und Sondernutzung, Verkehrsflächen ohne Straßen", "voeff_name": "versorgter Bereich", "vpriv_name": "mittel: Zeilen oder kompakte Siedlung", "versorg_sst": 2, "esst_name": "Development with predominantly public and special use or non-street traffic area", "evoeff_name": "good availability", "evpriv_name": "medium: row development or compact settlement" }, "geometry": { "type": "Polygon", "coordinates": [ [ [ 13.44015728, 52.45535509 ], [ 13.44034054, 52.45515497 ], [ 13.44046698, 52.45517135 ], [ 13.44065436, 52.45458431 ], [ 13.43818768, 52.45429514 ], [ 13.43786808, 52.45507467 ], [ 13.44015728, 52.45535509 ] ] ] } },
{ "type": "Feature", "properties": { "id": "versorggruen_2020.1400800501000000", "styp_id": "1400800501000000", "sst_name": "Blockbebauung der Gründerzeit mit Seitenflügeln und Hinterhäusern", "voeff_name": "unterversorgter Bereich", "vpriv_name": "gering: Blockrandbebauung", "versorg_sst": 6, "esst_name": "Wilhelminian-period block development with wings and rear buildings (until 1918)", "evoeff_name": "reduced availability", "evpriv_name": "low: Wilhelminian-period block-edge development" }, "geometry": { "type": "Polygon", "coordinates": [ [ [ 13.43610307, 52.45535212 ], [ 13.43722198, 52.45548971 ], [ 13.43773934, 52.45422073 ], [ 13.43733221, 52.45414098 ], [ 13.43740508, 52.45395779 ], [ 13.43781069, 52.45404651 ], [ 13.43832646, 52.45273808 ], [ 13.43814677, 52.45272611 ], [ 13.43753494, 52.45271345 ], [ 13.43751177, 52.45276482 ], [ 13.43699251, 52.45275022 ], [ 13.43610307, 52.45535212 ] ] ] } },
{ "type": "Feature", "properties": { "id": "versorggruen_2020.1400800561000000", "styp_id": "1400800561000000", "sst_name": "Zeilenbebauung seit den 50er Jahren", "voeff_name": "versorgter Bereich", "vpriv_name": "mittel: Zeilen oder kompakte Siedlung", "versorg_sst": 2, "esst_name": "Row development since the 1950s", "evoeff_name": "good availability", "evpriv_name": "medium: row development or compact settlement" }, "geometry": { "type": "Polygon", "coordinates": [ [ [ 13.44060492, 52.4543759 ], [ 13.44066348, 52.45392161 ], [ 13.44100765, 52.45393022 ], [ 13.44126278, 52.4534274 ], [ 13.4413523, 52.45312469 ], [ 13.44109798, 52.45308834 ], [ 13.44117532, 52.45287345 ], [ 13.44085193, 52.45288882 ], [ 13.44031922, 52.45288672 ], [ 13.43927008, 52.45284399 ], [ 13.43878231, 52.45281676 ], [ 13.43827977, 52.4540859 ], [ 13.44060492, 52.4543759 ] ] ] } },
{ "type": "Feature", "properties": { "id": "versorggruen_2020.1400800591000200", "styp_id": "1400800591000200", "sst_name": "Siedlungsbebauung der 90er Jahre", "voeff_name": "versorgter Bereich", "vpriv_name": "mittel: Zeilen oder kompakte Siedlung", "versorg_sst": 2, "esst_name": "Residential development of the 1990s", "evoeff_name": "good availability", "evpriv_name": "medium: row development or compact settlement" }, "geometry": { "type": "Polygon", "coordinates": [ [ [ 13.44440033, 52.45485935 ], [ 13.44668809, 52.45514144 ], [ 13.44726835, 52.45342528 ], [ 13.4449597, 52.45314627 ], [ 13.44440033, 52.45485935 ] ] ] } },
{ "type": "Feature", "properties": { "id": "versorggruen_2020.1400800601000200", "styp_id": "1400800601000200", "sst_name": "nicht oder gering bebaute Grün- und Freiflächen", "voeff_name": "versorgter Bereich", "vpriv_name": "hoch: aufgelockerte Siedlungsbebauung", "versorg_sst": 1, "esst_name": "Public green and open spaces with sparse or no development", "evoeff_name": "good availability", "evpriv_name": "high: loose settlement development" }, "geometry": { "type": "Polygon", "coordinates": [ [ [ 13.44994925, 52.45553818 ], [ 13.45042322, 52.45489169 ], [ 13.44970193, 52.45471558 ], [ 13.44966279, 52.45475717 ], [ 13.44937558, 52.45471806 ], [ 13.4493557, 52.45481623 ], [ 13.44704804, 52.45454791 ], [ 13.44683379, 52.45515917 ], [ 13.44994925, 52.45553818 ] ] ] } },
{ "type": "Feature", "properties": { "id": "versorggruen_2020.1400800611000000", "styp_id": "1400800611000000", "sst_name": "Blockrandbebauung der Gründerzeit mit geringem Anteil von Seiten- und Hintergebäuden", "voeff_name": "versorgter Bereich", "vpriv_name": "gering: Blockrandbebauung", "versorg_sst": 3, "esst_name": "Wilhelminian-period block-edge development with few wings and rear buildings", "evoeff_name": "good availability", "evpriv_name": "low: Wilhelminian-period block-edge development" }, "geometry": { "type": "Polygon", "coordinates": [ [ [ 13.45287966, 52.45630189 ], [ 13.45366217, 52.45528088 ], [ 13.45323702, 52.4551683 ], [ 13.4512063, 52.45440448 ], [ 13.45032622, 52.45558473 ], [ 13.45287966, 52.45630189 ] ] ] } },
{ "type": "Feature", "properties": { "id": "versorggruen_2020.1400800621000000", "styp_id": "1400800621000000", "sst_name": "geringe Bebauung mit überwiegender Nutzung durch Gewerbe und Industrie", "voeff_name": "versorgter Bereich", "vpriv_name": "gering: Blockrandbebauung", "versorg_sst": 3, "esst_name": "Sparse development with predominantly commercial and industrial use", "evoeff_name": "good availability", "evpriv_name": "low: Wilhelminian-period block-edge development" }, "geometry": { "type": "Polygon", "coordinates": [ [ [ 13.45325445, 52.45499657 ], [ 13.4537725, 52.4551619 ], [ 13.45421163, 52.45459099 ], [ 13.4515774, 52.45388142 ], [ 13.45129312, 52.45427553 ], [ 13.45325445, 52.45499657 ] ] ] } },
{ "type": "Feature", "properties": { "id": "versorggruen_2020.1400800661000500", "styp_id": "1400800661000500", "sst_name": "nicht oder gering bebaute Grün- und Freiflächen", "voeff_name": "versorgter Bereich", "vpriv_name": "hoch: aufgelockerte Siedlungsbebauung", "versorg_sst": 1, "esst_name": "Public green and open spaces with sparse or no development", "evoeff_name": "good availability", "evpriv_name": "high: loose settlement development" }, "geometry": { "type": "Polygon", "coordinates": [ [ [ 13.46237311, 52.45095315 ], [ 13.46266406, 52.45063363 ], [ 13.46302696, 52.45034566 ], [ 13.46337816, 52.4500379 ], [ 13.46382647, 52.44972309 ], [ 13.46425124, 52.44940644 ], [ 13.4647638, 52.44909808 ], [ 13.46468205, 52.44904487 ], [ 13.46464843, 52.44906592 ], [ 13.46427664, 52.44929864 ], [ 13.46328423, 52.44998385 ], [ 13.46288883, 52.45030952 ], [ 13.46205467, 52.4507514 ], [ 13.46207055, 52.4508341 ], [ 13.46237311, 52.45095315 ] ] ] } },
{ "type": "Feature", "properties": { "id": "versorggruen_2020.1400800661000700", "styp_id": "1400800661000700", "sst_name": "niedrige Bebauung mit Hausgärten", "voeff_name": "versorgter Bereich", "vpriv_name": "hoch: aufgelockerte Siedlungsbebauung", "versorg_sst": 1, "esst_name": "Low buildings with yards", "evoeff_name": "good availability", "evpriv_name": "high: loose settlement development" }, "geometry": { "type": "Polygon", "coordinates": [ [ [ 13.46103858, 52.45098786 ], [ 13.46146283, 52.45089563 ], [ 13.46273811, 52.45030149 ], [ 13.46295234, 52.45012098 ], [ 13.4605827, 52.44804078 ], [ 13.45940448, 52.44868834 ], [ 13.45893443, 52.4491362 ], [ 13.46103858, 52.45098786 ] ] ] } },
{ "type": "Feature", "properties": { "id": "versorggruen_2020.1400800701000200", "styp_id": "1400800701000200", "sst_name": "Blockrand- und Zeilenbebauung der 20er und 30er Jahre", "voeff_name": "versorgter Bereich", "vpriv_name": "mittel: Zeilen oder kompakte Siedlung", "versorg_sst": 2, "esst_name": "Block-edge and row development of the 1920s and 1930s", "evoeff_name": "good availability", "evpriv_name": "medium: row development or compact settlement" }, "geometry": { "type": "Polygon", "coordinates": [ [ [ 13.44913983, 52.45178582 ], [ 13.44924557, 52.45142369 ], [ 13.4455759, 52.45113072 ], [ 13.44546059, 52.4515023 ], [ 13.44913983, 52.45178582 ] ] ] } },
{ "type": "Feature", "properties": { "id": "versorggruen_2020.1400800711000000", "styp_id": "1400800711000000", "sst_name": "niedrige Bebauung mit Hausgärten", "voeff_name": "versorgter Bereich", "vpriv_name": "hoch: aufgelockerte Siedlungsbebauung", "versorg_sst": 1, "esst_name": "Low buildings with yards", "evoeff_name": "good availability", "evpriv_name": "high: loose settlement development" }, "geometry": { "type": "Polygon", "coordinates": [ [ [ 13.44559234, 52.45104477 ], [ 13.44671776, 52.45113246 ], [ 13.44682719, 52.45024754 ], [ 13.44636623, 52.44915579 ], [ 13.44649593, 52.44913223 ], [ 13.44658212, 52.44933598 ], [ 13.44701379, 52.44926877 ], [ 13.44744678, 52.44887688 ], [ 13.44726033, 52.44876099 ], [ 13.44714025, 52.44866387 ], [ 13.44704376, 52.44854702 ], [ 13.44697668, 52.44842304 ], [ 13.44694216, 52.44824167 ], [ 13.44682458, 52.44825405 ], [ 13.4460334, 52.44844315 ], [ 13.44521966, 52.44840061 ], [ 13.44495348, 52.44841949 ], [ 13.44559234, 52.45104477 ] ] ] } },
{ "type": "Feature", "properties": { "id": "versorggruen_2020.1400800721000000", "styp_id": "1400800721000000", "sst_name": "niedrige Bebauung mit Hausgärten", "voeff_name": "versorgter Bereich", "vpriv_name": "hoch: aufgelockerte Siedlungsbebauung", "versorg_sst": 1, "esst_name": "Low buildings with yards", "evoeff_name": "good availability", "evpriv_name": "high: loose settlement development" }, "geometry": { "type": "Polygon", "coordinates": [ [ [ 13.44798384, 52.4512351 ], [ 13.44831146, 52.45020575 ], [ 13.4485455, 52.4490711 ], [ 13.44832043, 52.44907884 ], [ 13.44809694, 52.44905963 ], [ 13.44789556, 52.44903057 ], [ 13.44772592, 52.44898477 ], [ 13.44756136, 52.44893022 ], [ 13.44709681, 52.44934355 ], [ 13.44661881, 52.44941862 ], [ 13.44696247, 52.45025673 ], [ 13.4468544, 52.45114741 ], [ 13.44798384, 52.4512351 ] ] ] } },
{ "type": "Feature", "properties": { "id": "versorggruen_2020.1400800731000000", "styp_id": "1400800731000000", "sst_name": "niedrige Bebauung mit Hausgärten", "voeff_name": "versorgter Bereich", "vpriv_name": "hoch: aufgelockerte Siedlungsbebauung", "versorg_sst": 1, "esst_name": "Low buildings with yards", "evoeff_name": "good availability", "evpriv_name": "high: loose settlement development" }, "geometry": { "type": "Polygon", "coordinates": [ [ [ 13.44927404, 52.45134267 ], [ 13.44943563, 52.45083201 ], [ 13.4495744, 52.45033886 ], [ 13.44969881, 52.44975851 ], [ 13.44980929, 52.44896243 ], [ 13.44951246, 52.44895642 ], [ 13.44916359, 52.44901513 ], [ 13.44868376, 52.4490704 ], [ 13.44844412, 52.45021683 ], [ 13.44812452, 52.45124759 ], [ 13.44927404, 52.45134267 ] ] ] } },
{ "type": "Feature", "properties": { "id": "versorggruen_2020.1400800741000000", "styp_id": "1400800741000000", "sst_name": "niedrige Bebauung mit Hausgärten", "voeff_name": "versorgter Bereich", "vpriv_name": "hoch: aufgelockerte Siedlungsbebauung", "versorg_sst": 1, "esst_name": "Low buildings with yards", "evoeff_name": "good availability", "evpriv_name": "high: loose settlement development" }, "geometry": { "type": "Polygon", "coordinates": [ [ [ 13.45006495, 52.44978512 ], [ 13.44994051, 52.45037445 ], [ 13.44957376, 52.45160058 ], [ 13.45074388, 52.45178296 ], [ 13.45109885, 52.45092166 ], [ 13.4512551, 52.45046628 ], [ 13.45131632, 52.45023631 ], [ 13.45133773, 52.45003145 ], [ 13.45129787, 52.44969798 ], [ 13.45124384, 52.44959905 ], [ 13.45088441, 52.44936576 ], [ 13.45067894, 52.44925402 ], [ 13.45051903, 52.44914954 ], [ 13.45033367, 52.44900953 ], [ 13.45017608, 52.44900341 ], [ 13.45006495, 52.44978512 ] ] ] } },
{ "type": "Feature", "properties": { "id": "versorggruen_2020.1400800751000000", "styp_id": "1400800751000000", "sst_name": "Blockrand- und Zeilenbebauung der 20er und 30er Jahre", "voeff_name": "versorgter Bereich", "vpriv_name": "mittel: Zeilen oder kompakte Siedlung", "versorg_sst": 2, "esst_name": "Block-edge and row development of the 1920s and 1930s", "evoeff_name": "good availability", "evpriv_name": "medium: row development or compact settlement" }, "geometry": { "type": "Polygon", "coordinates": [ [ [ 13.45213207, 52.45198175 ], [ 13.45301246, 52.44980476 ], [ 13.45157337, 52.44958426 ], [ 13.45143623, 52.44967213 ], [ 13.45147309, 52.45002176 ], [ 13.45145452, 52.45025269 ], [ 13.45139037, 52.45047996 ], [ 13.45091292, 52.45181017 ], [ 13.45213207, 52.45198175 ] ] ] } },
{ "type": "Feature", "properties": { "id": "versorggruen_2020.1400800761000000", "styp_id": "1400800761000000", "sst_name": "nicht oder gering bebaute Grün- und Freiflächen", "voeff_name": "versorgter Bereich", "vpriv_name": "hoch: aufgelockerte Siedlungsbebauung", "versorg_sst": 1, "esst_name": "Public green and open spaces with sparse or no development", "evoeff_name": "good availability", "evpriv_name": "high: loose settlement development" }, "geometry": { "type": "Polygon", "coordinates": [ [ [ 13.45332867, 52.44906203 ], [ 13.4529832, 52.44901749 ], [ 13.45283008, 52.4490559 ], [ 13.45236581, 52.44898722 ], [ 13.45211172, 52.44958056 ], [ 13.45305247, 52.44973023 ], [ 13.45332867, 52.44906203 ] ] ] } },
{ "type": "Feature", "properties": { "id": "versorggruen_2020.1400800771000000", "styp_id": "1400800771000000", "sst_name": "niedrige Bebauung mit Hausgärten", "voeff_name": "versorgter Bereich", "vpriv_name": "hoch: aufgelockerte Siedlungsbebauung", "versorg_sst": 1, "esst_name": "Low buildings with yards", "evoeff_name": "good availability", "evpriv_name": "high: loose settlement development" }, "geometry": { "type": "Polygon", "coordinates": [ [ [ 13.45289585, 52.4489126 ], [ 13.45300983, 52.44897619 ], [ 13.45334205, 52.4490252 ], [ 13.45364484, 52.44824657 ], [ 13.45272039, 52.44810774 ], [ 13.45242746, 52.44884185 ], [ 13.45289585, 52.4489126 ] ] ] } },
{ "type": "Feature", "properties": { "id": "versorggruen_2020.1400800781000100", "styp_id": "1400800781000100", "sst_name": "niedrige Bebauung mit Hausgärten", "voeff_name": "versorgter Bereich", "vpriv_name": "hoch: aufgelockerte Siedlungsbebauung", "versorg_sst": 1, "esst_name": "Low buildings with yards", "evoeff_name": "good availability", "evpriv_name": "high: loose settlement development" }, "geometry": { "type": "Polygon", "coordinates": [ [ [ 13.45022017, 52.44835805 ], [ 13.450474, 52.44836697 ], [ 13.45067968, 52.44838329 ], [ 13.45087833, 52.44841838 ], [ 13.4509305, 52.44837171 ], [ 13.45098867, 52.44834519 ], [ 13.45111582, 52.44831101 ], [ 13.45116484, 52.44830554 ], [ 13.45120474, 52.44831003 ], [ 13.45134429, 52.44835015 ], [ 13.45150185, 52.44842688 ], [ 13.45161952, 52.44849691 ], [ 13.45170813, 52.44857021 ], [ 13.45175319, 52.44864788 ], [ 13.45175274, 52.44871906 ], [ 13.45227952, 52.44880347 ], [ 13.45256022, 52.44815129 ], [ 13.45207062, 52.44807165 ], [ 13.45184742, 52.44797876 ], [ 13.45159331, 52.4478957 ], [ 13.45131707, 52.44782699 ], [ 13.45115687, 52.447798 ], [ 13.45093932, 52.44776622 ], [ 13.45070849, 52.44774431 ], [ 13.45022167, 52.44773034 ], [ 13.45022017, 52.44835805 ] ] ] } },
{ "type": "Feature", "properties": { "id": "versorggruen_2020.1400800781000200", "styp_id": "1400800781000200", "sst_name": "niedrige Bebauung mit Hausgärten", "voeff_name": "versorgter Bereich", "vpriv_name": "hoch: aufgelockerte Siedlungsbebauung", "versorg_sst": 1, "esst_name": "Low buildings with yards", "evoeff_name": "good availability", "evpriv_name": "high: loose settlement development" }, "geometry": { "type": "Polygon", "coordinates": [ [ [ 13.45034023, 52.44887281 ], [ 13.45063686, 52.44911017 ], [ 13.45095533, 52.44928679 ], [ 13.4511447, 52.44937963 ], [ 13.45135618, 52.44945903 ], [ 13.45160457, 52.44950612 ], [ 13.451975, 52.44956329 ], [ 13.45220539, 52.44895254 ], [ 13.45168503, 52.44887448 ], [ 13.45158338, 52.44891482 ], [ 13.45149444, 52.44892134 ], [ 13.45138019, 52.44890675 ], [ 13.4512406, 52.44887329 ], [ 13.45110107, 52.44882541 ], [ 13.45097974, 52.44876536 ], [ 13.45089287, 52.4487098 ], [ 13.45084229, 52.44865096 ], [ 13.45082255, 52.4485955 ], [ 13.45082465, 52.44852566 ], [ 13.4508485, 52.44846028 ], [ 13.45087833, 52.44841838 ], [ 13.45067968, 52.44838329 ], [ 13.450474, 52.44836697 ], [ 13.45022017, 52.44835805 ], [ 13.45019999, 52.44874101 ], [ 13.45034023, 52.44887281 ] ] ] } },
{ "type": "Feature", "properties": { "id": "versorggruen_2020.1400800791000100", "styp_id": "1400800791000100", "sst_name": "Blockrand- und Zeilenbebauung der 20er und 30er Jahre", "voeff_name": "versorgter Bereich", "vpriv_name": "mittel: Zeilen oder kompakte Siedlung", "versorg_sst": 2, "esst_name": "Block-edge and row development of the 1920s and 1930s", "evoeff_name": "good availability", "evpriv_name": "medium: row development or compact settlement" }, "geometry": { "type": "Polygon", "coordinates": [ [ [ 13.44708921, 52.4483886 ], [ 13.447152, 52.44850193 ], [ 13.44723828, 52.44862428 ], [ 13.44733499, 52.44871249 ], [ 13.4474876, 52.4488008 ], [ 13.44765643, 52.44887654 ], [ 13.44786063, 52.44893886 ], [ 13.44802672, 52.44896696 ], [ 13.44826344, 52.44898619 ], [ 13.44853085, 52.44898771 ], [ 13.44897691, 52.44895761 ], [ 13.44926977, 52.44891492 ], [ 13.44951855, 52.44886227 ], [ 13.4497868, 52.44886904 ], [ 13.44982653, 52.44835139 ], [ 13.44981431, 52.4477304 ], [ 13.44958816, 52.44764199 ], [ 13.44932077, 52.44757149 ], [ 13.44903272, 52.44751534 ], [ 13.44875344, 52.44747359 ], [ 13.44848438, 52.44745161 ], [ 13.44823142, 52.44744764 ], [ 13.44799892, 52.44747604 ], [ 13.44781197, 52.4475162 ], [ 13.44763377, 52.44757434 ], [ 13.44749379, 52.44763794 ], [ 13.44735371, 52.44772669 ], [ 13.44724744, 52.44781639 ], [ 13.44715581, 52.4479241 ], [ 13.44709651, 52.44804083 ], [ 13.44706211, 52.44818187 ], [ 13.44706607, 52.44829241 ], [ 13.44708921, 52.4483886 ] ], [ [ 13.44768762, 52.44807232 ], [ 13.4478169, 52.44795034 ], [ 13.44795611, 52.44788636 ], [ 13.44809184, 52.44784515 ], [ 13.448258, 52.44782262 ], [ 13.44841391, 52.44781872 ], [ 13.44868835, 52.4478357 ], [ 13.44906766, 52.44790253 ], [ 13.44937915, 52.44797754 ], [ 13.44935994, 52.44854076 ], [ 13.44909535, 52.44860041 ], [ 13.44887831, 52.44863529 ], [ 13.44854606, 52.44866378 ], [ 13.44836984, 52.44866144 ], [ 13.44819366, 52.44864668 ], [ 13.44802772, 52.44861537 ], [ 13.44790926, 52.44857584 ], [ 13.44775379, 52.44847207 ], [ 13.44767625, 52.44837049 ], [ 13.44764618, 52.44826276 ], [ 13.44764646, 52.44819443 ], [ 13.44768762, 52.44807232 ] ] ] } },
{ "type": "Feature", "properties": { "id": "versorggruen_2020.1400800801000000", "styp_id": "1400800801000000", "sst_name": "Blockrand- und Zeilenbebauung der 20er und 30er Jahre", "voeff_name": "versorgter Bereich", "vpriv_name": "mittel: Zeilen oder kompakte Siedlung", "versorg_sst": 2, "esst_name": "Block-edge and row development of the 1920s and 1930s", "evoeff_name": "good availability", "evpriv_name": "medium: row development or compact settlement" }, "geometry": { "type": "Polygon", "coordinates": [ [ [ 13.45295639, 52.44616546 ], [ 13.45295445, 52.44665915 ], [ 13.45288201, 52.44711821 ], [ 13.45282183, 52.44733563 ], [ 13.4527532, 52.44754612 ], [ 13.45257082, 52.44799855 ], [ 13.45367516, 52.44816413 ], [ 13.4547144, 52.44560959 ], [ 13.45291307, 52.44568724 ], [ 13.45295639, 52.44616546 ] ] ] } },
{ "type": "Feature", "properties": { "id": "versorggruen_2020.1400800811000000", "styp_id": "1400800811000000", "sst_name": "niedrige Bebauung mit Hausgärten", "voeff_name": "versorgter Bereich", "vpriv_name": "hoch: aufgelockerte Siedlungsbebauung", "versorg_sst": 1, "esst_name": "Low buildings with yards", "evoeff_name": "good availability", "evpriv_name": "high: loose settlement development" }, "geometry": { "type": "Polygon", "coordinates": [ [ [ 13.45158122, 52.44630986 ], [ 13.45159293, 52.44654005 ], [ 13.45159413, 52.44676765 ], [ 13.4515785, 52.44699522 ], [ 13.45152805, 52.44738026 ], [ 13.45146201, 52.44758012 ], [ 13.45137608, 52.44775744 ], [ 13.45164067, 52.44782028 ], [ 13.45190657, 52.44789886 ], [ 13.45216247, 52.44800203 ], [ 13.45241066, 52.44804007 ], [ 13.45261482, 52.44753211 ], [ 13.45268631, 52.44731471 ], [ 13.45278686, 52.44688849 ], [ 13.45282269, 52.44640003 ], [ 13.45281506, 52.44618424 ], [ 13.45276615, 52.4456922 ], [ 13.45151823, 52.4457427 ], [ 13.45158122, 52.44630986 ] ] ] } },
{ "type": "Feature", "properties": { "id": "versorggruen_2020.1400800821000000", "styp_id": "1400800821000000", "sst_name": "Blockrand- und Zeilenbebauung der 20er und 30er Jahre", "voeff_name": "versorgter Bereich", "vpriv_name": "mittel: Zeilen oder kompakte Siedlung", "versorg_sst": 2, "esst_name": "Block-edge and row development of the 1920s and 1930s", "evoeff_name": "good availability", "evpriv_name": "medium: row development or compact settlement" }, "geometry": { "type": "Polygon", "coordinates": [ [ [ 13.45022175, 52.44764269 ], [ 13.45044857, 52.44764327 ], [ 13.45071471, 52.44766075 ], [ 13.45124571, 52.44773024 ], [ 13.45132635, 52.44756191 ], [ 13.45139028, 52.44736141 ], [ 13.4514417, 52.44699759 ], [ 13.451454, 52.44654884 ], [ 13.45141394, 52.44603958 ], [ 13.45137301, 52.44574634 ], [ 13.4500639, 52.44579752 ], [ 13.45022175, 52.44764269 ] ] ] } },
{ "type": "Feature", "properties": { "id": "versorggruen_2020.1400800831000000", "styp_id": "1400800831000000", "sst_name": "Blockrand- und Zeilenbebauung der 20er und 30er Jahre", "voeff_name": "versorgter Bereich", "vpriv_name": "mittel: Zeilen oder kompakte Siedlung", "versorg_sst": 2, "esst_name": "Block-edge and row development of the 1920s and 1930s", "evoeff_name": "good availability", "evpriv_name": "medium: row development or compact settlement" }, "geometry": { "type": "Polygon", "coordinates": [ [ [ 13.44877477, 52.44739064 ], [ 13.44904041, 52.44743088 ], [ 13.44935784, 52.44749516 ], [ 13.44980592, 52.44762255 ], [ 13.4496337, 52.44582226 ], [ 13.44855377, 52.44585692 ], [ 13.44877477, 52.44739064 ] ] ] } },
{ "type": "Feature", "properties": { "id": "versorggruen_2020.1400800841000000", "styp_id": "1400800841000000", "sst_name": "niedrige Bebauung mit Hausgärten", "voeff_name": "versorgter Bereich", "vpriv_name": "hoch: aufgelockerte Siedlungsbebauung", "versorg_sst": 1, "esst_name": "Low buildings with yards", "evoeff_name": "good availability", "evpriv_name": "high: loose settlement development" }, "geometry": { "type": "Polygon", "coordinates": [ [ [ 13.44732878, 52.44713858 ], [ 13.44738783, 52.44722837 ], [ 13.44764895, 52.44748077 ], [ 13.4478484, 52.44742554 ], [ 13.44809324, 52.44738107 ], [ 13.44834494, 52.44737077 ], [ 13.44863848, 52.44738616 ], [ 13.44841395, 52.44586098 ], [ 13.44726737, 52.44590623 ], [ 13.44732878, 52.44713858 ] ] ] } },
{ "type": "Feature", "properties": { "id": "versorggruen_2020.1400800851000000", "styp_id": "1400800851000000", "sst_name": "niedrige Bebauung mit Hausgärten", "voeff_name": "versorgter Bereich", "vpriv_name": "hoch: aufgelockerte Siedlungsbebauung", "versorg_sst": 1, "esst_name": "Low buildings with yards", "evoeff_name": "good availability", "evpriv_name": "high: loose settlement development" }, "geometry": { "type": "Polygon", "coordinates": [ [ [ 13.44593183, 52.44813241 ], [ 13.44679681, 52.44816715 ], [ 13.44694366, 52.44815456 ], [ 13.44696502, 52.44806062 ], [ 13.44702143, 52.44794111 ], [ 13.4471023, 52.44782378 ], [ 13.4472707, 52.44766813 ], [ 13.44752641, 52.44753184 ], [ 13.44723403, 52.44723027 ], [ 13.4471959, 52.44715333 ], [ 13.44718232, 52.44705507 ], [ 13.44712403, 52.44591669 ], [ 13.44598808, 52.4459572 ], [ 13.44599838, 52.44641331 ], [ 13.44593052, 52.44773384 ], [ 13.44599514, 52.44773933 ], [ 13.44603856, 52.44790097 ], [ 13.44586806, 52.44791867 ], [ 13.44593183, 52.44813241 ] ] ] } },
{ "type": "Feature", "properties": { "id": "versorggruen_2020.1400800861000000", "styp_id": "1400800861000000", "sst_name": "niedrige Bebauung mit Hausgärten", "voeff_name": "versorgter Bereich", "vpriv_name": "hoch: aufgelockerte Siedlungsbebauung", "versorg_sst": 1, "esst_name": "Low buildings with yards", "evoeff_name": "good availability", "evpriv_name": "high: loose settlement development" }, "geometry": { "type": "Polygon", "coordinates": [ [ [ 13.44483648, 52.44797812 ], [ 13.44492313, 52.44834271 ], [ 13.44519062, 52.44831619 ], [ 13.44593183, 52.44813241 ], [ 13.44586806, 52.44791867 ], [ 13.44577106, 52.44792749 ], [ 13.44572177, 52.44776584 ], [ 13.44579237, 52.4477462 ], [ 13.44585687, 52.44629659 ], [ 13.44585012, 52.44596443 ], [ 13.44470697, 52.44601101 ], [ 13.44483648, 52.44797812 ] ] ] } },
{ "type": "Feature", "properties": { "id": "versorggruen_2020.1400800871000100", "styp_id": "1400800871000100", "sst_name": "Zeilenbebauung seit den 50er Jahren", "voeff_name": "versorgter Bereich", "vpriv_name": "mittel: Zeilen oder kompakte Siedlung", "versorg_sst": 2, "esst_name": "Row development since the 1950s", "evoeff_name": "good availability", "evpriv_name": "medium: row development or compact settlement" }, "geometry": { "type": "Polygon", "coordinates": [ [ [ 13.4393058, 52.44871442 ], [ 13.44004362, 52.44988295 ], [ 13.44019403, 52.4501411 ], [ 13.44039636, 52.45064288 ], [ 13.44051455, 52.45086773 ], [ 13.44094341, 52.45136806 ], [ 13.4426464, 52.45179849 ], [ 13.4431754, 52.45192468 ], [ 13.44336476, 52.45156229 ], [ 13.4429185, 52.45104795 ], [ 13.44231238, 52.45123877 ], [ 13.44222296, 52.45117699 ], [ 13.44177641, 52.45073798 ], [ 13.44148643, 52.45038824 ], [ 13.44202531, 52.45019047 ], [ 13.44169035, 52.4498749 ], [ 13.44167952, 52.44978585 ], [ 13.44082185, 52.4484901 ], [ 13.44063234, 52.44824325 ], [ 13.44029238, 52.44784048 ], [ 13.43990894, 52.44799375 ], [ 13.43941734, 52.44807655 ], [ 13.43888134, 52.44822398 ], [ 13.4393058, 52.44871442 ] ] ] } },
{ "type": "Feature", "properties": { "id": "versorggruen_2020.1400800871000500", "styp_id": "1400800871000500", "sst_name": "niedrige Bebauung mit Hausgärten", "voeff_name": "versorgter Bereich", "vpriv_name": "hoch: aufgelockerte Siedlungsbebauung", "versorg_sst": 1, "esst_name": "Low buildings with yards", "evoeff_name": "good availability", "evpriv_name": "high: loose settlement development" }, "geometry": { "type": "Polygon", "coordinates": [ [ [ 13.44432902, 52.44886018 ], [ 13.44494824, 52.45145642 ], [ 13.44531006, 52.4514917 ], [ 13.44536065, 52.45134257 ], [ 13.44539417, 52.45106044 ], [ 13.44539338, 52.45089418 ], [ 13.44537062, 52.45070633 ], [ 13.44488786, 52.44880619 ], [ 13.44432902, 52.44886018 ] ] ] } },
{ "type": "Feature", "properties": { "id": "versorggruen_2020.1400800871000800", "styp_id": "1400800871000800", "sst_name": "niedrige Bebauung mit Hausgärten", "voeff_name": "versorgter Bereich", "vpriv_name": "hoch: aufgelockerte Siedlungsbebauung", "versorg_sst": 1, "esst_name": "Low buildings with yards", "evoeff_name": "good availability", "evpriv_name": "high: loose settlement development" }, "geometry": { "type": "Polygon", "coordinates": [ [ [ 13.44411984, 52.44802333 ], [ 13.44469762, 52.4479737 ], [ 13.44456904, 52.44601328 ], [ 13.44425149, 52.44602706 ], [ 13.44399264, 52.4460979 ], [ 13.44411984, 52.44802333 ] ] ] } },
{ "type": "Feature", "properties": { "id": "versorggruen_2020.1400800881000000", "styp_id": "1400800881000000", "sst_name": "niedrige Bebauung mit Hausgärten", "voeff_name": "versorgter Bereich", "vpriv_name": "hoch: aufgelockerte Siedlungsbebauung", "versorg_sst": 1, "esst_name": "Low buildings with yards", "evoeff_name": "good availability", "evpriv_name": "high: loose settlement development" }, "geometry": { "type": "Polygon", "coordinates": [ [ [ 13.43871647, 52.44998419 ], [ 13.43901699, 52.45022282 ], [ 13.43975537, 52.45056728 ], [ 13.43968615, 52.45058874 ], [ 13.44017212, 52.45079979 ], [ 13.44026645, 52.45075411 ], [ 13.43998524, 52.4501219 ], [ 13.43953967, 52.44940497 ], [ 13.43909538, 52.44873386 ], [ 13.43879099, 52.44837211 ], [ 13.43769772, 52.44848091 ], [ 13.43871647, 52.44998419 ] ] ] } },
{ "type": "Feature", "properties": { "id": "versorggruen_2020.1400800891000000", "styp_id": "1400800891000000", "sst_name": "dichte Bebauung mit überwiegender Nutzung durch Gewerbe und Industrie", "voeff_name": "versorgter Bereich", "vpriv_name": "kein: alle anderen Strukturtypen", "versorg_sst": 3, "esst_name": "Dense development with predominantly commercial and industrial use", "evoeff_name": "good availability", "evpriv_name": "none: all other structure types" }, "geometry": { "type": "Polygon", "coordinates": [ [ [ 13.4404346, 52.45258657 ], [ 13.44083994, 52.45260223 ], [ 13.44081226, 52.45247411 ], [ 13.44099955, 52.45236027 ], [ 13.44117251, 52.45215475 ], [ 13.44123324, 52.4520542 ], [ 13.44123355, 52.4519805 ], [ 13.44121772, 52.4518987 ], [ 13.44112849, 52.45177904 ], [ 13.44084976, 52.45147974 ], [ 13.43988394, 52.45216351 ], [ 13.43883493, 52.45221846 ], [ 13.43882119, 52.45249935 ], [ 13.4404346, 52.45258657 ] ] ] } },
{ "type": "Feature", "properties": { "id": "versorggruen_2020.1400800901000000", "styp_id": "1400800901000000", "sst_name": "Bebauung mit Gärten und halbprivater Umgrünung", "voeff_name": "versorgter Bereich", "vpriv_name": "hoch: aufgelockerte Siedlungsbebauung", "versorg_sst": 1, "esst_name": "Development with yards and semi-private greening", "evoeff_name": "good availability", "evpriv_name": "high: loose settlement development" }, "geometry": { "type": "Polygon", "coordinates": [ [ [ 13.43877643, 52.45213928 ], [ 13.43973616, 52.45207488 ], [ 13.44068575, 52.45143601 ], [ 13.44035936, 52.45104542 ], [ 13.43879286, 52.45035187 ], [ 13.43843229, 52.45005654 ], [ 13.43739611, 52.44850289 ], [ 13.43646316, 52.44895073 ], [ 13.43877643, 52.45213928 ] ] ] } },
{ "type": "Feature", "properties": { "id": "versorggruen_2020.1400800911000200", "styp_id": "1400800911000200", "sst_name": "geringe Bebauung mit überwiegender Nutzung durch Gewerbe und Industrie", "voeff_name": "nicht versorgter Bereich", "vpriv_name": "gering: Blockrandbebauung", "versorg_sst": 12, "esst_name": "Sparse development with predominantly commercial and industrial use", "evoeff_name": "no availability", "evpriv_name": "low: Wilhelminian-period block-edge development" }, "geometry": { "type": "Polygon", "coordinates": [ [ [ 13.43599121, 52.4506089 ], [ 13.43610863, 52.4506684 ], [ 13.43619515, 52.45072695 ], [ 13.43624345, 52.45078454 ], [ 13.43627697, 52.45085649 ], [ 13.4362808, 52.45099129 ], [ 13.43622439, 52.45099381 ], [ 13.43621081, 52.45168875 ], [ 13.43631308, 52.45169051 ], [ 13.43634073, 52.45244273 ], [ 13.4381277, 52.45249412 ], [ 13.43815925, 52.45249015 ], [ 13.43816245, 52.45193521 ], [ 13.43782095, 52.4513047 ], [ 13.43774733, 52.45132345 ], [ 13.43684172, 52.45006597 ], [ 13.43666244, 52.45007153 ], [ 13.43622289, 52.44946627 ], [ 13.43601969, 52.44947762 ], [ 13.43534476, 52.4504407 ], [ 13.43599121, 52.4506089 ] ] ] } },
{ "type": "Feature", "properties": { "id": "versorggruen_2020.1400800921000700", "styp_id": "1400800921000700", "sst_name": "geringe Bebauung mit überwiegender Nutzung durch Gewerbe und Industrie", "voeff_name": "versorgter Bereich", "vpriv_name": "gering: Blockrandbebauung", "versorg_sst": 3, "esst_name": "Sparse development with predominantly commercial and industrial use", "evoeff_name": "good availability", "evpriv_name": "low: Wilhelminian-period block-edge development" }, "geometry": { "type": "Polygon", "coordinates": [ [ [ 13.43288623, 52.45227357 ], [ 13.43299075, 52.45225396 ], [ 13.43374873, 52.45167222 ], [ 13.43403588, 52.45143593 ], [ 13.43449429, 52.45095874 ], [ 13.4333214, 52.4506477 ], [ 13.43302014, 52.4505852 ], [ 13.43274965, 52.4505506 ], [ 13.43234593, 52.45052807 ], [ 13.43154176, 52.45047344 ], [ 13.43139935, 52.45221899 ], [ 13.43288623, 52.45227357 ] ] ] } },
{ "type": "Feature", "properties": { "id": "versorggruen_2020.1400800921001900", "styp_id": "1400800921001900", "sst_name": "geringe Bebauung mit überwiegender Nutzung durch Gewerbe und Industrie", "voeff_name": "versorgter Bereich", "vpriv_name": "gering: Blockrandbebauung", "versorg_sst": 3, "esst_name": "Sparse development with predominantly commercial and industrial use", "evoeff_name": "good availability", "evpriv_name": "low: Wilhelminian-period block-edge development" }, "geometry": { "type": "Polygon", "coordinates": [ [ [ 13.43285248, 52.44719063 ], [ 13.43464705, 52.44725882 ], [ 13.4342456, 52.44669743 ], [ 13.43439045, 52.44670229 ], [ 13.43396559, 52.44611804 ], [ 13.43246593, 52.44609784 ], [ 13.43257416, 52.4469425 ], [ 13.43205755, 52.44692849 ], [ 13.43205647, 52.44717315 ], [ 13.43207465, 52.44717355 ], [ 13.43285248, 52.44719063 ] ] ] } },
{ "type": "Feature", "properties": { "id": "versorggruen_2020.1400800921002000", "styp_id": "1400800921002000", "sst_name": "geringe Bebauung mit überwiegender Nutzung durch Gewerbe und Industrie", "voeff_name": "versorgter Bereich", "vpriv_name": "gering: Blockrandbebauung", "versorg_sst": 3, "esst_name": "Sparse development with predominantly commercial and industrial use", "evoeff_name": "good availability", "evpriv_name": "low: Wilhelminian-period block-edge development" }, "geometry": { "type": "Polygon", "coordinates": [ [ [ 13.43189923, 52.44539782 ], [ 13.43193525, 52.44590761 ], [ 13.43385288, 52.44596305 ], [ 13.43315931, 52.44500922 ], [ 13.43190132, 52.44499415 ], [ 13.43189923, 52.44539782 ] ] ] } },
{ "type": "Feature", "properties": { "id": "versorggruen_2020.1400800951000100", "styp_id": "1400800951000100", "sst_name": "Zeilenbebauung seit den 50er Jahren", "voeff_name": "versorgter Bereich", "vpriv_name": "mittel: Zeilen oder kompakte Siedlung", "versorg_sst": 2, "esst_name": "Row development since the 1950s", "evoeff_name": "good availability", "evpriv_name": "medium: row development or compact settlement" }, "geometry": { "type": "Polygon", "coordinates": [ [ [ 13.43371838, 52.4446246 ], [ 13.43368972, 52.44478991 ], [ 13.43370205, 52.44499663 ], [ 13.43374835, 52.44517014 ], [ 13.43538648, 52.44744566 ], [ 13.43572717, 52.44731089 ], [ 13.43589305, 52.44721006 ], [ 13.43608307, 52.44712654 ], [ 13.43699213, 52.44685926 ], [ 13.43730946, 52.44719755 ], [ 13.43731328, 52.44724687 ], [ 13.43722415, 52.44733055 ], [ 13.43724013, 52.44736756 ], [ 13.43732053, 52.44743919 ], [ 13.43733651, 52.4474762 ], [ 13.43732429, 52.4475033 ], [ 13.43755274, 52.44753678 ], [ 13.43762048, 52.44728466 ], [ 13.43601049, 52.44580557 ], [ 13.43524792, 52.4449578 ], [ 13.43515856, 52.44487677 ], [ 13.43502351, 52.44481724 ], [ 13.43474012, 52.44471254 ], [ 13.43457998, 52.44467543 ], [ 13.4343068, 52.44459052 ], [ 13.43378991, 52.44441174 ], [ 13.43371838, 52.4446246 ] ] ] } },
{ "type": "Feature", "properties": { "id": "versorggruen_2020.1400800971000000", "styp_id": "1400800971000000", "sst_name": "Blockrand- und Zeilenbebauung der 20er und 30er Jahre", "voeff_name": "versorgter Bereich", "vpriv_name": "mittel: Zeilen oder kompakte Siedlung", "versorg_sst": 2, "esst_name": "Block-edge and row development of the 1920s and 1930s", "evoeff_name": "good availability", "evpriv_name": "medium: row development or compact settlement" }, "geometry": { "type": "Polygon", "coordinates": [ [ [ 13.44856864, 52.44552231 ], [ 13.44959679, 52.4454906 ], [ 13.44958158, 52.44525153 ], [ 13.44953684, 52.44503668 ], [ 13.44946135, 52.44479303 ], [ 13.44918404, 52.4442651 ], [ 13.44906074, 52.44409248 ], [ 13.44571115, 52.44478106 ], [ 13.44582636, 52.44501849 ], [ 13.44588296, 52.4452019 ], [ 13.4459248, 52.44539967 ], [ 13.44595624, 52.44562349 ], [ 13.44856864, 52.44552231 ] ] ] } },
{ "type": "Feature", "properties": { "id": "versorggruen_2020.1400800981000000", "styp_id": "1400800981000000", "sst_name": "Blockrand- und Zeilenbebauung der 20er und 30er Jahre", "voeff_name": "versorgter Bereich", "vpriv_name": "mittel: Zeilen oder kompakte Siedlung", "versorg_sst": 2, "esst_name": "Block-edge and row development of the 1920s and 1930s", "evoeff_name": "good availability", "evpriv_name": "medium: row development or compact settlement" }, "geometry": { "type": "Polygon", "coordinates": [ [ [ 13.44901954, 52.44398814 ], [ 13.44882432, 52.44375142 ], [ 13.4486413, 52.44355075 ], [ 13.44843764, 52.44336262 ], [ 13.44823099, 52.44318707 ], [ 13.44796564, 52.44297997 ], [ 13.44766206, 52.44277462 ], [ 13.44498803, 52.44395318 ], [ 13.44519903, 52.44414133 ], [ 13.44554019, 52.4445094 ], [ 13.44566779, 52.44468733 ], [ 13.44901954, 52.44398814 ] ] ] } },
{ "type": "Feature", "properties": { "id": "versorggruen_2020.1400800991000000", "styp_id": "1400800991000000", "sst_name": "Blockrand- und Zeilenbebauung der 20er und 30er Jahre", "voeff_name": "versorgter Bereich", "vpriv_name": "mittel: Zeilen oder kompakte Siedlung", "versorg_sst": 2, "esst_name": "Block-edge and row development of the 1920s and 1930s", "evoeff_name": "good availability", "evpriv_name": "medium: row development or compact settlement" }, "geometry": { "type": "Polygon", "coordinates": [ [ [ 13.45268267, 52.44536928 ], [ 13.45256928, 52.4447946 ], [ 13.45238867, 52.44425887 ], [ 13.45226305, 52.44396475 ], [ 13.45201142, 52.44347677 ], [ 13.44948563, 52.4440041 ], [ 13.44960762, 52.44420012 ], [ 13.44975322, 52.44447038 ], [ 13.44987247, 52.44473367 ], [ 13.4499633, 52.4449795 ], [ 13.45006582, 52.44547106 ], [ 13.45268267, 52.44536928 ] ] ] } },
{ "type": "Feature", "properties": { "id": "versorggruen_2020.1400801001000000", "styp_id": "1400801001000000", "sst_name": "niedrige Bebauung mit Hausgärten", "voeff_name": "versorgter Bereich", "vpriv_name": "hoch: aufgelockerte Siedlungsbebauung", "versorg_sst": 1, "esst_name": "Low buildings with yards", "evoeff_name": "good availability", "evpriv_name": "high: loose settlement development" }, "geometry": { "type": "Polygon", "coordinates": [ [ [ 13.45483779, 52.44528527 ], [ 13.45514821, 52.44448689 ], [ 13.45409957, 52.44432994 ], [ 13.45272172, 52.44449918 ], [ 13.45282265, 52.44484282 ], [ 13.45291718, 52.44536099 ], [ 13.45483779, 52.44528527 ] ] ] } },
{ "type": "Feature", "properties": { "id": "versorggruen_2020.1400801011000000", "styp_id": "1400801011000000", "sst_name": "niedrige Bebauung mit Hausgärten", "voeff_name": "versorgter Bereich", "vpriv_name": "hoch: aufgelockerte Siedlungsbebauung", "versorg_sst": 1, "esst_name": "Low buildings with yards", "evoeff_name": "good availability", "evpriv_name": "high: loose settlement development" }, "geometry": { "type": "Polygon", "coordinates": [ [ [ 13.45247219, 52.44388303 ], [ 13.45267865, 52.44439281 ], [ 13.45407584, 52.44422065 ], [ 13.45417746, 52.44418241 ], [ 13.45425498, 52.44413233 ], [ 13.4543423, 52.44404387 ], [ 13.45474735, 52.4430228 ], [ 13.45470899, 52.44294597 ], [ 13.45459307, 52.44293399 ], [ 13.45222821, 52.4434325 ], [ 13.45247219, 52.44388303 ] ] ] } },
{ "type": "Feature", "properties": { "id": "versorggruen_2020.1400801041000000", "styp_id": "1400801041000000", "sst_name": "Blockrand- und Zeilenbebauung der 20er und 30er Jahre", "voeff_name": "versorgter Bereich", "vpriv_name": "mittel: Zeilen oder kompakte Siedlung", "versorg_sst": 2, "esst_name": "Block-edge and row development of the 1920s and 1930s", "evoeff_name": "good availability", "evpriv_name": "medium: row development or compact settlement" }, "geometry": { "type": "Polygon", "coordinates": [ [ [ 13.45443322, 52.44427137 ], [ 13.4551898, 52.44438091 ], [ 13.45590091, 52.4426592 ], [ 13.4549993, 52.44284895 ], [ 13.45443322, 52.44427137 ] ] ] } },
{ "type": "Feature", "properties": { "id": "versorggruen_2020.1400801051000000", "styp_id": "1400801051000000", "sst_name": "Blockrand- und Zeilenbebauung der 20er und 30er Jahre", "voeff_name": "nicht versorgter Bereich", "vpriv_name": "mittel: Zeilen oder kompakte Siedlung", "versorg_sst": 11, "esst_name": "Block-edge and row development of the 1920s and 1930s", "evoeff_name": "no availability", "evpriv_name": "medium: row development or compact settlement" }, "geometry": { "type": "Polygon", "coordinates": [ [ [ 13.45892223, 52.44519236 ], [ 13.45907216, 52.44511968 ], [ 13.45910337, 52.44492722 ], [ 13.45909412, 52.44468916 ], [ 13.45889784, 52.44463714 ], [ 13.45876841, 52.44464755 ], [ 13.45848323, 52.4446112 ], [ 13.45822466, 52.44453984 ], [ 13.45879191, 52.4450412 ], [ 13.45871675, 52.44508064 ], [ 13.45794878, 52.44438128 ], [ 13.45657806, 52.44319376 ], [ 13.45619615, 52.4432375 ], [ 13.45537138, 52.44534274 ], [ 13.45892223, 52.44519236 ] ] ] } },
{ "type": "Feature", "properties": { "id": "versorggruen_2020.1400801061000400", "styp_id": "1400801061000400", "sst_name": "niedrige Bebauung mit Hausgärten", "voeff_name": "versorgter Bereich", "vpriv_name": "hoch: aufgelockerte Siedlungsbebauung", "versorg_sst": 1, "esst_name": "Low buildings with yards", "evoeff_name": "good availability", "evpriv_name": "high: loose settlement development" }, "geometry": { "type": "Polygon", "coordinates": [ [ [ 13.46419879, 52.44763689 ], [ 13.46429727, 52.44756919 ], [ 13.46624191, 52.44814564 ], [ 13.46753183, 52.44752021 ], [ 13.4652777, 52.44688153 ], [ 13.4647597, 52.44728189 ], [ 13.46450119, 52.44706927 ], [ 13.4642149, 52.44720943 ], [ 13.46325603, 52.44643616 ], [ 13.4636128, 52.44633876 ], [ 13.46283402, 52.44569831 ], [ 13.46271025, 52.44576069 ], [ 13.46256715, 52.44588055 ], [ 13.46240816, 52.44603859 ], [ 13.46235852, 52.44610187 ], [ 13.46419879, 52.44763689 ] ] ] } },
{ "type": "Feature", "properties": { "id": "versorggruen_2020.1400801081000200", "styp_id": "1400801081000200", "sst_name": "Siedlungsbebauung der 90er Jahre", "voeff_name": "schlecht versorgter Bereich", "vpriv_name": "mittel: Zeilen oder kompakte Siedlung", "versorg_sst": 8, "esst_name": "Residential development of the 1990s", "evoeff_name": "poor availability", "evpriv_name": "medium: row development or compact settlement" }, "geometry": { "type": "Polygon", "coordinates": [ [ [ 13.46004854, 52.44528659 ], [ 13.46011871, 52.44533829 ], [ 13.46193927, 52.44442203 ], [ 13.45931118, 52.44462226 ], [ 13.45934435, 52.44479575 ], [ 13.45934085, 52.44494313 ], [ 13.45931523, 52.44510575 ], [ 13.45925879, 52.44525305 ], [ 13.45947044, 52.4452866 ], [ 13.45966432, 52.44535337 ], [ 13.4598222, 52.44541894 ], [ 13.46004854, 52.44528659 ] ] ] } },
{ "type": "Feature", "properties": { "id": "versorggruen_2020.1400801101000000", "styp_id": "1400801101000000", "sst_name": "niedrige Bebauung mit Hausgärten", "voeff_name": "versorgter Bereich", "vpriv_name": "hoch: aufgelockerte Siedlungsbebauung", "versorg_sst": 1, "esst_name": "Low buildings with yards", "evoeff_name": "good availability", "evpriv_name": "high: loose settlement development" }, "geometry": { "type": "Polygon", "coordinates": [ [ [ 13.42908411, 52.44477824 ], [ 13.42911865, 52.44475027 ], [ 13.43033067, 52.4447663 ], [ 13.43033816, 52.44480136 ], [ 13.43078944, 52.44480851 ], [ 13.43082194, 52.44477531 ], [ 13.4331499, 52.4448079 ], [ 13.43328471, 52.44424915 ], [ 13.43057072, 52.44323166 ], [ 13.43003462, 52.44389781 ], [ 13.42893499, 52.44477799 ], [ 13.42908411, 52.44477824 ] ] ] } },
{ "type": "Feature", "properties": { "id": "versorggruen_2020.1400801171000000", "styp_id": "1400801171000000", "sst_name": "niedrige Bebauung mit Hausgärten", "voeff_name": "versorgter Bereich", "vpriv_name": "hoch: aufgelockerte Siedlungsbebauung", "versorg_sst": 1, "esst_name": "Low buildings with yards", "evoeff_name": "good availability", "evpriv_name": "high: loose settlement development" }, "geometry": { "type": "Polygon", "coordinates": [ [ [ 13.41987058, 52.4427095 ], [ 13.41968872, 52.44291768 ], [ 13.41942976, 52.44385135 ], [ 13.41912256, 52.4446427 ], [ 13.42042901, 52.44468574 ], [ 13.42051307, 52.44463646 ], [ 13.42123727, 52.44267008 ], [ 13.42123653, 52.44244858 ], [ 13.42167772, 52.44122283 ], [ 13.42051388, 52.44097112 ], [ 13.41987058, 52.4427095 ] ] ] } },
{ "type": "Feature", "properties": { "id": "versorggruen_2020.1400801181000000", "styp_id": "1400801181000000", "sst_name": "niedrige Bebauung mit Hausgärten", "voeff_name": "nicht versorgter Bereich", "vpriv_name": "hoch: aufgelockerte Siedlungsbebauung", "versorg_sst": 10, "esst_name": "Low buildings with yards", "evoeff_name": "no availability", "evpriv_name": "high: loose settlement development" }, "geometry": { "type": "Polygon", "coordinates": [ [ [ 13.4181299, 52.44331494 ], [ 13.41800378, 52.44356347 ], [ 13.41791778, 52.44385197 ], [ 13.41786935, 52.44459741 ], [ 13.41901178, 52.44463818 ], [ 13.4193462, 52.44378429 ], [ 13.41957417, 52.44288333 ], [ 13.41977971, 52.44264374 ], [ 13.41885875, 52.44251764 ], [ 13.41876629, 52.44263854 ], [ 13.41838632, 52.44298575 ], [ 13.4181299, 52.44331494 ] ] ] } },
{ "type": "Feature", "properties": { "id": "versorggruen_2020.1400801191000000", "styp_id": "1400801191000000", "sst_name": "niedrige Bebauung mit Hausgärten", "voeff_name": "versorgter Bereich", "vpriv_name": "hoch: aufgelockerte Siedlungsbebauung", "versorg_sst": 1, "esst_name": "Low buildings with yards", "evoeff_name": "good availability", "evpriv_name": "high: loose settlement development" }, "geometry": { "type": "Polygon", "coordinates": [ [ [ 13.41888521, 52.44247539 ], [ 13.41980198, 52.44260065 ], [ 13.42041471, 52.44095238 ], [ 13.41952131, 52.44076266 ], [ 13.41888521, 52.44247539 ] ] ] } },
{ "type": "Feature", "properties": { "id": "versorggruen_2020.1400801211000000", "styp_id": "1400801211000000", "sst_name": "niedrige Bebauung mit Hausgärten", "voeff_name": "nicht versorgter Bereich", "vpriv_name": "hoch: aufgelockerte Siedlungsbebauung", "versorg_sst": 10, "esst_name": "Low buildings with yards", "evoeff_name": "no availability", "evpriv_name": "high: loose settlement development" }, "geometry": { "type": "Polygon", "coordinates": [ [ [ 13.41602954, 52.44219646 ], [ 13.41600598, 52.44236604 ], [ 13.41600266, 52.44258571 ], [ 13.4160405, 52.44276096 ], [ 13.41616902, 52.44300589 ], [ 13.4162392, 52.4431084 ], [ 13.41648635, 52.44334411 ], [ 13.4167308, 52.44315422 ], [ 13.41688037, 52.44305729 ], [ 13.41702981, 52.4429877 ], [ 13.41817362, 52.44278919 ], [ 13.41848302, 52.44272629 ], [ 13.41855597, 52.44269433 ], [ 13.41870216, 52.44256988 ], [ 13.41876099, 52.44249632 ], [ 13.4188164, 52.44238775 ], [ 13.41607716, 52.44203966 ], [ 13.41602954, 52.44219646 ] ] ] } },
{ "type": "Feature", "properties": { "id": "versorggruen_2020.1400801221000000", "styp_id": "1400801221000000", "sst_name": "niedrige Bebauung mit Hausgärten", "voeff_name": "nicht versorgter Bereich", "vpriv_name": "hoch: aufgelockerte Siedlungsbebauung", "versorg_sst": 10, "esst_name": "Low buildings with yards", "evoeff_name": "no availability", "evpriv_name": "high: loose settlement development" }, "geometry": { "type": "Polygon", "coordinates": [ [ [ 13.41646426, 52.44346151 ], [ 13.41643912, 52.44352221 ], [ 13.41637647, 52.44361998 ], [ 13.41629162, 52.44383461 ], [ 13.41626607, 52.44394959 ], [ 13.41627009, 52.44406631 ], [ 13.416335, 52.44458097 ], [ 13.41776895, 52.44460019 ], [ 13.41780922, 52.44385864 ], [ 13.41794957, 52.44346098 ], [ 13.41806341, 52.4432608 ], [ 13.41829695, 52.44295642 ], [ 13.41838086, 52.44287853 ], [ 13.4183918, 52.44283698 ], [ 13.41835844, 52.44282453 ], [ 13.41817699, 52.44283442 ], [ 13.41719376, 52.44300318 ], [ 13.4170046, 52.44306358 ], [ 13.41688168, 52.4431312 ], [ 13.41675372, 52.44321297 ], [ 13.41657742, 52.44335541 ], [ 13.41646426, 52.44346151 ] ] ] } },
{ "type": "Feature", "properties": { "id": "versorggruen_2020.1400801231000000", "styp_id": "1400801231000000", "sst_name": "niedrige Bebauung mit Hausgärten", "voeff_name": "nicht versorgter Bereich", "vpriv_name": "hoch: aufgelockerte Siedlungsbebauung", "versorg_sst": 10, "esst_name": "Low buildings with yards", "evoeff_name": "no availability", "evpriv_name": "high: loose settlement development" }, "geometry": { "type": "Polygon", "coordinates": [ [ [ 13.4146082, 52.44220322 ], [ 13.41469123, 52.44267427 ], [ 13.41467068, 52.44327993 ], [ 13.41450248, 52.44375472 ], [ 13.41445138, 52.44404019 ], [ 13.41439895, 52.44404695 ], [ 13.41442269, 52.44455925 ], [ 13.41617037, 52.44457153 ], [ 13.41612785, 52.44407063 ], [ 13.41613231, 52.44392199 ], [ 13.41617422, 52.44376427 ], [ 13.41627251, 52.44355863 ], [ 13.41629152, 52.44349463 ], [ 13.41637672, 52.44340466 ], [ 13.41622556, 52.44319195 ], [ 13.41614351, 52.44310595 ], [ 13.41601918, 52.4428899 ], [ 13.41596774, 52.4427511 ], [ 13.41593205, 52.44260227 ], [ 13.41592208, 52.4423075 ], [ 13.4159894, 52.44202538 ], [ 13.41458191, 52.44184768 ], [ 13.4146082, 52.44220322 ] ] ] } },
{ "type": "Feature", "properties": { "id": "versorggruen_2020.1400801241000000", "styp_id": "1400801241000000", "sst_name": "niedrige Bebauung mit Hausgärten", "voeff_name": "nicht versorgter Bereich", "vpriv_name": "hoch: aufgelockerte Siedlungsbebauung", "versorg_sst": 10, "esst_name": "Low buildings with yards", "evoeff_name": "no availability", "evpriv_name": "high: loose settlement development" }, "geometry": { "type": "Polygon", "coordinates": [ [ [ 13.41325084, 52.44192791 ], [ 13.41326249, 52.44216581 ], [ 13.41333084, 52.44238425 ], [ 13.41342538, 52.4426019 ], [ 13.41352938, 52.44279351 ], [ 13.4136619, 52.44295909 ], [ 13.41416715, 52.4437041 ], [ 13.41442452, 52.44370366 ], [ 13.41456509, 52.44321684 ], [ 13.41459135, 52.44264893 ], [ 13.41450262, 52.44213923 ], [ 13.41448054, 52.44183814 ], [ 13.41327575, 52.44168039 ], [ 13.41325084, 52.44192791 ] ] ] } },
{ "type": "Feature", "properties": { "id": "versorggruen_2020.1400801251000000", "styp_id": "1400801251000000", "sst_name": "niedrige Bebauung mit Hausgärten", "voeff_name": "nicht versorgter Bereich", "vpriv_name": "hoch: aufgelockerte Siedlungsbebauung", "versorg_sst": 10, "esst_name": "Low buildings with yards", "evoeff_name": "no availability", "evpriv_name": "high: loose settlement development" }, "geometry": { "type": "Polygon", "coordinates": [ [ [ 13.4134072, 52.44453939 ], [ 13.41427673, 52.44455899 ], [ 13.41422861, 52.44407356 ], [ 13.41406561, 52.4437174 ], [ 13.41342039, 52.44279331 ], [ 13.41332385, 52.44262436 ], [ 13.41323225, 52.44239755 ], [ 13.41316326, 52.44217606 ], [ 13.41314748, 52.44191078 ], [ 13.4131791, 52.44163821 ], [ 13.4121792, 52.44150867 ], [ 13.412375677479162, 52.442030955690953 ], [ 13.412376362326603, 52.442032722726715 ], [ 13.412381606263047, 52.442045526963135 ], [ 13.4134072, 52.44453939 ] ] ] } },
{ "type": "Feature", "properties": { "id": "versorggruen_2020.1400801261000100", "styp_id": "1400801261000100", "sst_name": "niedrige Bebauung mit Hausgärten", "voeff_name": "versorgter Bereich", "vpriv_name": "hoch: aufgelockerte Siedlungsbebauung", "versorg_sst": 1, "esst_name": "Low buildings with yards", "evoeff_name": "good availability", "evpriv_name": "high: loose settlement development" }, "geometry": { "type": "Polygon", "coordinates": [ [ [ 13.41251776, 52.43930698 ], [ 13.41125842, 52.43911483 ], [ 13.411846340154437, 52.440653196820932 ], [ 13.411932131337595, 52.440875959912617 ], [ 13.411937497702517, 52.440890451336244 ], [ 13.41251776, 52.43930698 ] ] ] } },
{ "type": "Feature", "properties": { "id": "versorggruen_2020.1400801261000200", "styp_id": "1400801261000200", "sst_name": "niedrige Bebauung mit Hausgärten", "voeff_name": "versorgter Bereich", "vpriv_name": "hoch: aufgelockerte Siedlungsbebauung", "versorg_sst": 1, "esst_name": "Low buildings with yards", "evoeff_name": "good availability", "evpriv_name": "high: loose settlement development" }, "geometry": { "type": "Polygon", "coordinates": [ [ [ 13.4121792, 52.44150867 ], [ 13.4131791, 52.44163821 ], [ 13.41331964, 52.44105151 ], [ 13.41320185, 52.43986326 ], [ 13.41308126, 52.43986574 ], [ 13.41323181, 52.43945301 ], [ 13.41251776, 52.43930698 ], [ 13.411937497702517, 52.440890451336244 ], [ 13.411939091412904, 52.440894755019031 ], [ 13.412033645488739, 52.441139991227708 ], [ 13.412034577713934, 52.44114241475603 ], [ 13.4121792, 52.44150867 ] ] ] } },
{ "type": "Feature", "properties": { "id": "versorggruen_2020.1400801271000000", "styp_id": "1400801271000000", "sst_name": "niedrige Bebauung mit Hausgärten", "voeff_name": "versorgter Bereich", "vpriv_name": "hoch: aufgelockerte Siedlungsbebauung", "versorg_sst": 1, "esst_name": "Low buildings with yards", "evoeff_name": "good availability", "evpriv_name": "high: loose settlement development" }, "geometry": { "type": "Polygon", "coordinates": [ [ [ 13.41308126, 52.43986574 ], [ 13.41320185, 52.43986326 ], [ 13.41331964, 52.44105151 ], [ 13.4131791, 52.44163821 ], [ 13.41331965, 52.44132345 ], [ 13.41357804, 52.44113825 ], [ 13.41417041, 52.43965102 ], [ 13.41323181, 52.43945301 ], [ 13.41308126, 52.43986574 ] ] ] } },
{ "type": "Feature", "properties": { "id": "versorggruen_2020.1400801281000000", "styp_id": "1400801281000000", "sst_name": "niedrige Bebauung mit Hausgärten", "voeff_name": "versorgter Bereich", "vpriv_name": "hoch: aufgelockerte Siedlungsbebauung", "versorg_sst": 1, "esst_name": "Low buildings with yards", "evoeff_name": "good availability", "evpriv_name": "high: loose settlement development" }, "geometry": { "type": "Polygon", "coordinates": [ [ [ 13.41365156, 52.44116845 ], [ 13.41342727, 52.44135801 ], [ 13.41328533, 52.44163649 ], [ 13.4150528, 52.44186243 ], [ 13.41577511, 52.43999577 ], [ 13.41426863, 52.43967373 ], [ 13.41365156, 52.44116845 ] ] ] } },
{ "type": "Feature", "properties": { "id": "versorggruen_2020.1400801311000000", "styp_id": "1400801311000000", "sst_name": "niedrige Bebauung mit Hausgärten", "voeff_name": "versorgter Bereich", "vpriv_name": "hoch: aufgelockerte Siedlungsbebauung", "versorg_sst": 1, "esst_name": "Low buildings with yards", "evoeff_name": "good availability", "evpriv_name": "high: loose settlement development" }, "geometry": { "type": "Polygon", "coordinates": [ [ [ 13.41038044, 52.43615384 ], [ 13.41044392, 52.43700229 ], [ 13.41058287, 52.43745547 ], [ 13.41078037, 52.43796178 ], [ 13.4111741, 52.43888296 ], [ 13.41163298, 52.43892132 ], [ 13.41173778, 52.43853867 ], [ 13.41114536, 52.43669174 ], [ 13.41104098, 52.4363869 ], [ 13.41085207, 52.43592823 ], [ 13.40972756, 52.43391614 ], [ 13.40938924, 52.43400358 ], [ 13.409110921801576, 52.434060369025872 ], [ 13.409157524789952, 52.434210610897182 ], [ 13.40923270524241, 52.4343214676679 ], [ 13.409276344612445, 52.434385802261602 ], [ 13.409328597333442, 52.434463002210251 ], [ 13.409424501498394, 52.434604626742527 ], [ 13.409520420974165, 52.434746251396419 ], [ 13.409616170759605, 52.43488770285105 ], [ 13.409694998983026, 52.435003949129261 ], [ 13.409709302320447, 52.435027527567456 ], [ 13.409797112612861, 52.435170931054429 ], [ 13.409825050146695, 52.435216658296305 ], [ 13.409884483498049, 52.435313887992685 ], [ 13.409971709049413, 52.43545640233792 ], [ 13.410060535035894, 52.435601878248697 ], [ 13.410070455936101, 52.435618069898226 ], [ 13.410080518328794, 52.43563452762784 ], [ 13.41013408, 52.43571843 ], [ 13.410161411001157, 52.435766734072146 ], [ 13.410181758991108, 52.435799983497596 ], [ 13.410230600211253, 52.435884995429262 ], [ 13.410237896422515, 52.435897681178503 ], [ 13.410309773293777, 52.436022815729054 ], [ 13.410344905613728, 52.436084077418847 ], [ 13.410379599516228, 52.436144443076429 ], [ 13.410380218477252, 52.436153448486692 ], [ 13.41038044, 52.43615384 ] ] ] } },
{ "type": "Feature", "properties": { "id": "versorggruen_2020.1400801341000000", "styp_id": "1400801341000000", "sst_name": "niedrige Bebauung mit Hausgärten", "voeff_name": "versorgter Bereich", "vpriv_name": "hoch: aufgelockerte Siedlungsbebauung", "versorg_sst": 1, "esst_name": "Low buildings with yards", "evoeff_name": "good availability", "evpriv_name": "high: loose settlement development" }, "geometry": { "type": "Polygon", "coordinates": [ [ [ 13.40951125, 52.43382875 ], [ 13.41014351, 52.43364541 ], [ 13.41018841, 52.43351339 ], [ 13.408605706564678, 52.432729738104449 ], [ 13.408825506446965, 52.433109228027874 ], [ 13.408867792260603, 52.433182095192272 ], [ 13.408883719880066, 52.433230385386501 ], [ 13.408911251211807, 52.433313465763021 ], [ 13.408967030413915, 52.433482612215101 ], [ 13.408969037817519, 52.433493042024701 ], [ 13.408974333759902, 52.433521624325749 ], [ 13.409021905730308, 52.43377406249499 ], [ 13.409069524646737, 52.433927193676382 ], [ 13.409069537715848, 52.433927236050003 ], [ 13.40951125, 52.43382875 ] ] ] } },
{ "type": "Feature", "properties": { "id": "versorggruen_2020.1400801401000000", "styp_id": "1400801401000000", "sst_name": "niedrige Bebauung mit Hausgärten", "voeff_name": "versorgter Bereich", "vpriv_name": "hoch: aufgelockerte Siedlungsbebauung", "versorg_sst": 1, "esst_name": "Low buildings with yards", "evoeff_name": "good availability", "evpriv_name": "high: loose settlement development" }, "geometry": { "type": "Polygon", "coordinates": [ [ [ 13.43048904, 52.44257663 ], [ 13.4312789, 52.44188057 ], [ 13.4317207, 52.44140681 ], [ 13.43121295, 52.44083262 ], [ 13.43089631, 52.44093904 ], [ 13.43089952, 52.44120954 ], [ 13.43108748, 52.44127096 ], [ 13.43109841, 52.4414588 ], [ 13.4309873, 52.44164284 ], [ 13.43059081, 52.44184798 ], [ 13.43003726, 52.44231347 ], [ 13.43002961, 52.44238085 ], [ 13.43048904, 52.44257663 ] ] ] } },
{ "type": "Feature", "properties": { "id": "versorggruen_2020.1400801411000000", "styp_id": "1400801411000000", "sst_name": "niedrige Bebauung mit Hausgärten", "voeff_name": "versorgter Bereich", "vpriv_name": "hoch: aufgelockerte Siedlungsbebauung", "versorg_sst": 1, "esst_name": "Low buildings with yards", "evoeff_name": "good availability", "evpriv_name": "high: loose settlement development" }, "geometry": { "type": "Polygon", "coordinates": [ [ [ 13.42986397, 52.44226016 ], [ 13.43003486, 52.44219214 ], [ 13.43051304, 52.44180921 ], [ 13.43067397, 52.44166569 ], [ 13.43075684, 52.4415481 ], [ 13.43079572, 52.44140258 ], [ 13.43077887, 52.44089301 ], [ 13.43045866, 52.4404773 ], [ 13.42997301, 52.43999751 ], [ 13.4291062, 52.44028326 ], [ 13.4292087, 52.44047611 ], [ 13.42923317, 52.44059658 ], [ 13.4292106, 52.44070977 ], [ 13.42915997, 52.44085167 ], [ 13.42907551, 52.44099352 ], [ 13.42894699, 52.44112271 ], [ 13.42882894, 52.44121328 ], [ 13.42867124, 52.4412921 ], [ 13.42986397, 52.44226016 ] ] ] } },
{ "type": "Feature", "properties": { "id": "versorggruen_2020.1400801421000000", "styp_id": "1400801421000000", "sst_name": "niedrige Bebauung mit Hausgärten", "voeff_name": "versorgter Bereich", "vpriv_name": "hoch: aufgelockerte Siedlungsbebauung", "versorg_sst": 1, "esst_name": "Low buildings with yards", "evoeff_name": "good availability", "evpriv_name": "high: loose settlement development" }, "geometry": { "type": "Polygon", "coordinates": [ [ [ 13.43004032, 52.43997515 ], [ 13.43055141, 52.44045409 ], [ 13.43086417, 52.44089046 ], [ 13.43117051, 52.44078492 ], [ 13.43035134, 52.43986545 ], [ 13.43004032, 52.43997515 ] ] ] } },
{ "type": "Feature", "properties": { "id": "versorggruen_2020.1400801431000000", "styp_id": "1400801431000000", "sst_name": "niedrige Bebauung mit Hausgärten", "voeff_name": "versorgter Bereich", "vpriv_name": "hoch: aufgelockerte Siedlungsbebauung", "versorg_sst": 1, "esst_name": "Low buildings with yards", "evoeff_name": "good availability", "evpriv_name": "high: loose settlement development" }, "geometry": { "type": "Polygon", "coordinates": [ [ [ 13.42865521, 52.43937185 ], [ 13.42821991, 52.4396056 ], [ 13.42871559, 52.4399271 ], [ 13.42889145, 52.4400613 ], [ 13.42907967, 52.4402305 ], [ 13.43030695, 52.43981448 ], [ 13.42979498, 52.4392338 ], [ 13.42961739, 52.43904083 ], [ 13.42865521, 52.43937185 ] ] ] } },
{ "type": "Feature", "properties": { "id": "versorggruen_2020.1400801441000000", "styp_id": "1400801441000000", "sst_name": "niedrige Bebauung mit Hausgärten", "voeff_name": "versorgter Bereich", "vpriv_name": "hoch: aufgelockerte Siedlungsbebauung", "versorg_sst": 1, "esst_name": "Low buildings with yards", "evoeff_name": "good availability", "evpriv_name": "high: loose settlement development" }, "geometry": { "type": "Polygon", "coordinates": [ [ [ 13.4282271, 52.44097143 ], [ 13.42860681, 52.44123088 ], [ 13.4287409, 52.4411709 ], [ 13.42893273, 52.44102474 ], [ 13.4290409, 52.44084069 ], [ 13.4290841, 52.44071585 ], [ 13.42908462, 52.44059992 ], [ 13.42905873, 52.44047137 ], [ 13.42901227, 52.44033829 ], [ 13.42893475, 52.4402447 ], [ 13.42877369, 52.44008806 ], [ 13.42864472, 52.43998989 ], [ 13.42799354, 52.43960507 ], [ 13.42761828, 52.43929206 ], [ 13.42744212, 52.43922166 ], [ 13.42721565, 52.43922577 ], [ 13.42630003, 52.4398152 ], [ 13.4282271, 52.44097143 ] ] ] } },
{ "type": "Feature", "properties": { "id": "versorggruen_2020.1400801611000100", "styp_id": "1400801611000100", "sst_name": "niedrige Bebauung mit Hausgärten", "voeff_name": "nicht versorgter Bereich", "vpriv_name": "hoch: aufgelockerte Siedlungsbebauung", "versorg_sst": 10, "esst_name": "Low buildings with yards", "evoeff_name": "no availability", "evpriv_name": "high: loose settlement development" }, "geometry": { "type": "Polygon", "coordinates": [ [ [ 13.43580299, 52.43875691 ], [ 13.43583651, 52.43861198 ], [ 13.43975446, 52.43410644 ], [ 13.44196211, 52.43177274 ], [ 13.44120362, 52.43150498 ], [ 13.43891544, 52.4339802 ], [ 13.43523197, 52.43815425 ], [ 13.43520919, 52.43873923 ], [ 13.43580299, 52.43875691 ] ] ] } },
{ "type": "Feature", "properties": { "id": "versorggruen_2020.1400801621000100", "styp_id": "1400801621000100", "sst_name": "niedrige Bebauung mit Hausgärten", "voeff_name": "nicht versorgter Bereich", "vpriv_name": "hoch: aufgelockerte Siedlungsbebauung", "versorg_sst": 10, "esst_name": "Low buildings with yards", "evoeff_name": "no availability", "evpriv_name": "high: loose settlement development" }, "geometry": { "type": "Polygon", "coordinates": [ [ [ 13.43596153, 52.43684733 ], [ 13.43598249, 52.43652213 ], [ 13.43841232, 52.43369902 ], [ 13.44191038, 52.43003751 ], [ 13.44143645, 52.42990922 ], [ 13.44135031, 52.43000641 ], [ 13.43820743, 52.43308371 ], [ 13.43762408, 52.43368107 ], [ 13.43615942, 52.43536502 ], [ 13.43608347, 52.4353713 ], [ 13.43541008, 52.43536212 ], [ 13.43525763, 52.43765209 ], [ 13.43596153, 52.43684733 ] ] ] } },
{ "type": "Feature", "properties": { "id": "versorggruen_2020.1400801631000100", "styp_id": "1400801631000100", "sst_name": "niedrige Bebauung mit Hausgärten", "voeff_name": "versorgter Bereich", "vpriv_name": "hoch: aufgelockerte Siedlungsbebauung", "versorg_sst": 1, "esst_name": "Low buildings with yards", "evoeff_name": "good availability", "evpriv_name": "high: loose settlement development" }, "geometry": { "type": "Polygon", "coordinates": [ [ [ 13.43962137, 52.42985016 ], [ 13.43940548, 52.43010306 ], [ 13.43789075, 52.43159943 ], [ 13.43754022, 52.43192794 ], [ 13.43742579, 52.4319816 ], [ 13.43730489, 52.43202329 ], [ 13.43720364, 52.43204706 ], [ 13.43705022, 52.43206476 ], [ 13.43685635, 52.43207533 ], [ 13.43680031, 52.43211479 ], [ 13.43689925, 52.4343668 ], [ 13.43810957, 52.43307558 ], [ 13.44135695, 52.42988414 ], [ 13.43987711, 52.42950487 ], [ 13.43962137, 52.42985016 ] ] ] } },
{ "type": "Feature", "properties": { "id": "versorggruen_2020.1400801641000000", "styp_id": "1400801641000000", "sst_name": "Zeilenbebauung seit den 50er Jahren", "voeff_name": "nicht versorgter Bereich", "vpriv_name": "mittel: Zeilen oder kompakte Siedlung", "versorg_sst": 11, "esst_name": "Row development since the 1950s", "evoeff_name": "no availability", "evpriv_name": "medium: row development or compact settlement" }, "geometry": { "type": "Polygon", "coordinates": [ [ [ 13.435487, 52.43321803 ], [ 13.43537509, 52.43529287 ], [ 13.43604111, 52.43530652 ], [ 13.4360494, 52.43508816 ], [ 13.43626992, 52.4350966 ], [ 13.43677095, 52.4344971 ], [ 13.43671409, 52.43207818 ], [ 13.4353682, 52.43213045 ], [ 13.435487, 52.43321803 ] ] ] } },
{ "type": "Feature", "properties": { "id": "versorggruen_2020.1400801651000000", "styp_id": "1400801651000000", "sst_name": "Zeilenbebauung seit den 50er Jahren", "voeff_name": "versorgter Bereich", "vpriv_name": "mittel: Zeilen oder kompakte Siedlung", "versorg_sst": 2, "esst_name": "Row development since the 1950s", "evoeff_name": "good availability", "evpriv_name": "medium: row development or compact settlement" }, "geometry": { "type": "Polygon", "coordinates": [ [ [ 13.43537867, 52.43209003 ], [ 13.43670776, 52.4320323 ], [ 13.43667565, 52.43115475 ], [ 13.43669032, 52.4302268 ], [ 13.43521453, 52.43027266 ], [ 13.43537867, 52.43209003 ] ] ] } },
{ "type": "Feature", "properties": { "id": "versorggruen_2020.1400801661000100", "styp_id": "1400801661000100", "sst_name": "niedrige Bebauung mit Hausgärten", "voeff_name": "versorgter Bereich", "vpriv_name": "hoch: aufgelockerte Siedlungsbebauung", "versorg_sst": 1, "esst_name": "Low buildings with yards", "evoeff_name": "good availability", "evpriv_name": "high: loose settlement development" }, "geometry": { "type": "Polygon", "coordinates": [ [ [ 13.43805828, 52.42944419 ], [ 13.43753732, 52.43003083 ], [ 13.43745874, 52.43010695 ], [ 13.43736068, 52.4301621 ], [ 13.43720645, 52.43019922 ], [ 13.43684443, 52.43021807 ], [ 13.43677443, 52.43026798 ], [ 13.43676002, 52.43088534 ], [ 13.4367979, 52.43199077 ], [ 13.4368521, 52.43203668 ], [ 13.43703002, 52.43203337 ], [ 13.43718445, 52.43202104 ], [ 13.43739055, 52.43196026 ], [ 13.43750254, 52.43190113 ], [ 13.43924504, 52.43020463 ], [ 13.43957325, 52.42982597 ], [ 13.43983118, 52.42948068 ], [ 13.43832232, 52.42909094 ], [ 13.43805828, 52.42944419 ] ] ] } },
{ "type": "Feature", "properties": { "id": "versorggruen_2020.1400801671000100", "styp_id": "1400801671000100", "sst_name": "niedrige Bebauung mit Hausgärten", "voeff_name": "versorgter Bereich", "vpriv_name": "hoch: aufgelockerte Siedlungsbebauung", "versorg_sst": 1, "esst_name": "Low buildings with yards", "evoeff_name": "good availability", "evpriv_name": "high: loose settlement development" }, "geometry": { "type": "Polygon", "coordinates": [ [ [ 13.43677792, 52.43014038 ], [ 13.43684459, 52.4301807 ], [ 13.43711119, 52.43017366 ], [ 13.43722863, 52.43016039 ], [ 13.43732167, 52.43013513 ], [ 13.43742954, 52.43007252 ], [ 13.43800266, 52.42943689 ], [ 13.43827562, 52.42906599 ], [ 13.43694093, 52.42871122 ], [ 13.43677792, 52.43014038 ] ] ] } },
{ "type": "Feature", "properties": { "id": "versorggruen_2020.1400801681000100", "styp_id": "1400801681000100", "sst_name": "niedrige Bebauung mit Hausgärten", "voeff_name": "versorgter Bereich", "vpriv_name": "hoch: aufgelockerte Siedlungsbebauung", "versorg_sst": 1, "esst_name": "Low buildings with yards", "evoeff_name": "good availability", "evpriv_name": "high: loose settlement development" }, "geometry": { "type": "Polygon", "coordinates": [ [ [ 13.4366905, 52.43018644 ], [ 13.4368494, 52.42870057 ], [ 13.4360212, 52.42847239 ], [ 13.43583871, 52.42989208 ], [ 13.43586778, 52.43020832 ], [ 13.4366905, 52.43018644 ] ] ] } },
{ "type": "Feature", "properties": { "id": "versorggruen_2020.1400801681000200", "styp_id": "1400801681000200", "sst_name": "Siedlungsbebauung der 90er Jahre", "voeff_name": "versorgter Bereich", "vpriv_name": "mittel: Zeilen oder kompakte Siedlung", "versorg_sst": 2, "esst_name": "Residential development of the 1990s", "evoeff_name": "good availability", "evpriv_name": "medium: row development or compact settlement" }, "geometry": { "type": "Polygon", "coordinates": [ [ [ 13.43519206, 52.43002729 ], [ 13.43520882, 52.43023311 ], [ 13.43586778, 52.43020832 ], [ 13.43583871, 52.42989208 ], [ 13.4360212, 52.42847239 ], [ 13.4352652, 52.42827044 ], [ 13.43519206, 52.43002729 ] ] ] } },
{ "type": "Feature", "properties": { "id": "versorggruen_2020.1400801691000000", "styp_id": "1400801691000000", "sst_name": "niedrige Bebauung mit Hausgärten", "voeff_name": "versorgter Bereich", "vpriv_name": "hoch: aufgelockerte Siedlungsbebauung", "versorg_sst": 1, "esst_name": "Low buildings with yards", "evoeff_name": "good availability", "evpriv_name": "high: loose settlement development" }, "geometry": { "type": "Polygon", "coordinates": [ [ [ 13.43688387, 52.42840882 ], [ 13.43699333, 52.42764907 ], [ 13.43529286, 52.42755691 ], [ 13.43527312, 52.42799695 ], [ 13.43688387, 52.42840882 ] ] ] } },
{ "type": "Feature", "properties": { "id": "versorggruen_2020.1400801701000000", "styp_id": "1400801701000000", "sst_name": "niedrige Bebauung mit Hausgärten", "voeff_name": "versorgter Bereich", "vpriv_name": "hoch: aufgelockerte Siedlungsbebauung", "versorg_sst": 1, "esst_name": "Low buildings with yards", "evoeff_name": "good availability", "evpriv_name": "high: loose settlement development" }, "geometry": { "type": "Polygon", "coordinates": [ [ [ 13.43700195, 52.42759272 ], [ 13.43710132, 52.42682531 ], [ 13.43703006, 52.42681641 ], [ 13.43621566, 52.42688001 ], [ 13.43533745, 52.42688265 ], [ 13.43530544, 52.42748933 ], [ 13.43700195, 52.42759272 ] ] ] } },
{ "type": "Feature", "properties": { "id": "versorggruen_2020.1400801711000000", "styp_id": "1400801711000000", "sst_name": "niedrige Bebauung mit Hausgärten", "voeff_name": "versorgter Bereich", "vpriv_name": "hoch: aufgelockerte Siedlungsbebauung", "versorg_sst": 1, "esst_name": "Low buildings with yards", "evoeff_name": "good availability", "evpriv_name": "high: loose settlement development" }, "geometry": { "type": "Polygon", "coordinates": [ [ [ 13.438411, 52.42881739 ], [ 13.43850134, 52.42863217 ], [ 13.43855896, 52.42848297 ], [ 13.43864744, 52.42820405 ], [ 13.43871425, 52.42774748 ], [ 13.43714978, 52.42765787 ], [ 13.43707974, 52.42769875 ], [ 13.43698067, 52.4284611 ], [ 13.438411, 52.42881739 ] ] ] } },
{ "type": "Feature", "properties": { "id": "versorggruen_2020.1400801721000000", "styp_id": "1400801721000000", "sst_name": "niedrige Bebauung mit Hausgärten", "voeff_name": "versorgter Bereich", "vpriv_name": "hoch: aufgelockerte Siedlungsbebauung", "versorg_sst": 1, "esst_name": "Low buildings with yards", "evoeff_name": "good availability", "evpriv_name": "high: loose settlement development" }, "geometry": { "type": "Polygon", "coordinates": [ [ [ 13.43709151, 52.42756041 ], [ 13.43715838, 52.42760663 ], [ 13.43871449, 52.42769282 ], [ 13.43882245, 52.42685215 ], [ 13.43869135, 52.42684645 ], [ 13.43870621, 52.42673119 ], [ 13.43724549, 52.42683035 ], [ 13.43718928, 52.42682701 ], [ 13.43709151, 52.42756041 ] ] ] } },
{ "type": "Feature", "properties": { "id": "versorggruen_2020.1400801731000000", "styp_id": "1400801731000000", "sst_name": "niedrige Bebauung mit Hausgärten", "voeff_name": "versorgter Bereich", "vpriv_name": "hoch: aufgelockerte Siedlungsbebauung", "versorg_sst": 1, "esst_name": "Low buildings with yards", "evoeff_name": "good availability", "evpriv_name": "high: loose settlement development" }, "geometry": { "type": "Polygon", "coordinates": [ [ [ 13.43997997, 52.42922784 ], [ 13.44011324, 52.42897522 ], [ 13.44023157, 52.4287116 ], [ 13.44034275, 52.42829445 ], [ 13.44040496, 52.42784511 ], [ 13.43876725, 52.42775023 ], [ 13.43870918, 52.42820504 ], [ 13.43861799, 52.42848182 ], [ 13.43847198, 52.4288349 ], [ 13.43997997, 52.42922784 ] ] ] } },
{ "type": "Feature", "properties": { "id": "versorggruen_2020.1400801741000000", "styp_id": "1400801741000000", "sst_name": "niedrige Bebauung mit Hausgärten", "voeff_name": "versorgter Bereich", "vpriv_name": "hoch: aufgelockerte Siedlungsbebauung", "versorg_sst": 1, "esst_name": "Low buildings with yards", "evoeff_name": "good availability", "evpriv_name": "high: loose settlement development" }, "geometry": { "type": "Polygon", "coordinates": [ [ [ 13.43899665, 52.42685957 ], [ 13.4388826, 52.42685554 ], [ 13.438773, 52.42769541 ], [ 13.44041197, 52.42779122 ], [ 13.44054986, 52.42671649 ], [ 13.44043529, 52.42671064 ], [ 13.4404433, 52.42660557 ], [ 13.43901523, 52.42671191 ], [ 13.43899665, 52.42685957 ] ] ] } },
{ "type": "Feature", "properties": { "id": "versorggruen_2020.1400801751000000", "styp_id": "1400801751000000", "sst_name": "niedrige Bebauung mit Hausgärten", "voeff_name": "versorgter Bereich", "vpriv_name": "hoch: aufgelockerte Siedlungsbebauung", "versorg_sst": 1, "esst_name": "Low buildings with yards", "evoeff_name": "good availability", "evpriv_name": "high: loose settlement development" }, "geometry": { "type": "Polygon", "coordinates": [ [ [ 13.44153353, 52.42963861 ], [ 13.44169187, 52.42936061 ], [ 13.44182366, 52.42908507 ], [ 13.4419709, 52.42867749 ], [ 13.44200534, 52.42852837 ], [ 13.44209012, 52.42794258 ], [ 13.44046147, 52.42784889 ], [ 13.44040318, 52.42829455 ], [ 13.44029181, 52.42871889 ], [ 13.44017366, 52.42897994 ], [ 13.44003845, 52.42924294 ], [ 13.44153353, 52.42963861 ] ] ] } },
{ "type": "Feature", "properties": { "id": "versorggruen_2020.1400801761000000", "styp_id": "1400801761000000", "sst_name": "niedrige Bebauung mit Hausgärten", "voeff_name": "versorgter Bereich", "vpriv_name": "hoch: aufgelockerte Siedlungsbebauung", "versorg_sst": 1, "esst_name": "Low buildings with yards", "evoeff_name": "good availability", "evpriv_name": "high: loose settlement development" }, "geometry": { "type": "Polygon", "coordinates": [ [ [ 13.44065239, 52.42672258 ], [ 13.44061081, 52.4267195 ], [ 13.44047226, 52.42779454 ], [ 13.44209844, 52.42788865 ], [ 13.44222767, 52.42675149 ], [ 13.44223342, 52.42671791 ], [ 13.44228962, 52.42663801 ], [ 13.44094183, 52.4265721 ], [ 13.44067029, 52.42658954 ], [ 13.44065239, 52.42672258 ] ] ] } },
{ "type": "Feature", "properties": { "id": "versorggruen_2020.1400801771000000", "styp_id": "1400801771000000", "sst_name": "niedrige Bebauung mit Hausgärten", "voeff_name": "versorgter Bereich", "vpriv_name": "hoch: aufgelockerte Siedlungsbebauung", "versorg_sst": 1, "esst_name": "Low buildings with yards", "evoeff_name": "good availability", "evpriv_name": "high: loose settlement development" }, "geometry": { "type": "Polygon", "coordinates": [ [ [ 13.44237744, 52.42672892 ], [ 13.44234478, 52.42680615 ], [ 13.44229658, 52.42702618 ], [ 13.44218666, 52.42789472 ], [ 13.44258075, 52.42793368 ], [ 13.44297278, 52.42800468 ], [ 13.44395504, 52.42703601 ], [ 13.44296717, 52.42667412 ], [ 13.44244687, 52.42664815 ], [ 13.44237744, 52.42672892 ] ] ] } },
{ "type": "Feature", "properties": { "id": "versorggruen_2020.1400801781000000", "styp_id": "1400801781000000", "sst_name": "niedrige Bebauung mit Hausgärten", "voeff_name": "nicht versorgter Bereich", "vpriv_name": "hoch: aufgelockerte Siedlungsbebauung", "versorg_sst": 10, "esst_name": "Low buildings with yards", "evoeff_name": "no availability", "evpriv_name": "high: loose settlement development" }, "geometry": { "type": "Polygon", "coordinates": [ [ [ 13.44524126, 52.42654291 ], [ 13.44473419, 52.42633773 ], [ 13.44402895, 52.42706902 ], [ 13.44305973, 52.42802528 ], [ 13.44329511, 52.42809113 ], [ 13.4436454, 52.4282169 ], [ 13.44524126, 52.42654291 ] ] ] } },
{ "type": "Feature", "properties": { "id": "versorggruen_2020.1400801791000000", "styp_id": "1400801791000000", "sst_name": "niedrige Bebauung mit Hausgärten", "voeff_name": "versorgter Bereich", "vpriv_name": "hoch: aufgelockerte Siedlungsbebauung", "versorg_sst": 1, "esst_name": "Low buildings with yards", "evoeff_name": "good availability", "evpriv_name": "high: loose settlement development" }, "geometry": { "type": "Polygon", "coordinates": [ [ [ 13.44213456, 52.42980104 ], [ 13.44359968, 52.4282643 ], [ 13.4432427, 52.42813688 ], [ 13.44303808, 52.42807927 ], [ 13.44278791, 52.42802486 ], [ 13.44255644, 52.42798521 ], [ 13.44217672, 52.42794816 ], [ 13.44211846, 52.42839054 ], [ 13.44205813, 52.42866121 ], [ 13.44198774, 52.42889692 ], [ 13.4417878, 52.42936201 ], [ 13.44161098, 52.42966743 ], [ 13.44213456, 52.42980104 ] ] ] } },
{ "type": "Feature", "properties": { "id": "versorggruen_2020.1400801811000000", "styp_id": "1400801811000000", "sst_name": "niedrige Bebauung mit Hausgärten", "voeff_name": "versorgter Bereich", "vpriv_name": "hoch: aufgelockerte Siedlungsbebauung", "versorg_sst": 1, "esst_name": "Low buildings with yards", "evoeff_name": "good availability", "evpriv_name": "high: loose settlement development" }, "geometry": { "type": "Polygon", "coordinates": [ [ [ 13.44106794, 52.43379823 ], [ 13.44123855, 52.43362918 ], [ 13.44152622, 52.43373348 ], [ 13.4437201, 52.43335867 ], [ 13.44321095, 52.43223224 ], [ 13.44171583, 52.43248616 ], [ 13.4414747, 52.43239876 ], [ 13.44037827, 52.43355107 ], [ 13.44106794, 52.43379823 ] ] ] } },
{ "type": "Feature", "properties": { "id": "versorggruen_2020.1400801821000000", "styp_id": "1400801821000000", "sst_name": "niedrige Bebauung mit Hausgärten", "voeff_name": "versorgter Bereich", "vpriv_name": "hoch: aufgelockerte Siedlungsbebauung", "versorg_sst": 1, "esst_name": "Low buildings with yards", "evoeff_name": "good availability", "evpriv_name": "high: loose settlement development" }, "geometry": { "type": "Polygon", "coordinates": [ [ [ 13.4417795, 52.4324257 ], [ 13.44227147, 52.43235264 ], [ 13.44319721, 52.43219636 ], [ 13.44295099, 52.43167955 ], [ 13.44210788, 52.43182254 ], [ 13.44203949, 52.4318004 ], [ 13.44153804, 52.43233607 ], [ 13.4417795, 52.4324257 ] ] ] } },
{ "type": "Feature", "properties": { "id": "versorggruen_2020.1400801841000000", "styp_id": "1400801841000000", "sst_name": "niedrige Bebauung mit Hausgärten", "voeff_name": "versorgter Bereich", "vpriv_name": "hoch: aufgelockerte Siedlungsbebauung", "versorg_sst": 1, "esst_name": "Low buildings with yards", "evoeff_name": "good availability", "evpriv_name": "high: loose settlement development" }, "geometry": { "type": "Polygon", "coordinates": [ [ [ 13.44690486, 52.43341007 ], [ 13.44671224, 52.43289574 ], [ 13.44379556, 52.43338032 ], [ 13.44403694, 52.43389656 ], [ 13.44690486, 52.43341007 ] ] ] } },
{ "type": "Feature", "properties": { "id": "versorggruen_2020.1400801851000000", "styp_id": "1400801851000000", "sst_name": "niedrige Bebauung mit Hausgärten", "voeff_name": "versorgter Bereich", "vpriv_name": "hoch: aufgelockerte Siedlungsbebauung", "versorg_sst": 1, "esst_name": "Low buildings with yards", "evoeff_name": "good availability", "evpriv_name": "high: loose settlement development" }, "geometry": { "type": "Polygon", "coordinates": [ [ [ 13.44327274, 52.4322229 ], [ 13.44378043, 52.43334797 ], [ 13.44669995, 52.43286407 ], [ 13.44638647, 52.43202758 ], [ 13.44624759, 52.43171284 ], [ 13.44327274, 52.4322229 ] ] ] } },
{ "type": "Feature", "properties": { "id": "versorggruen_2020.1400801861000000", "styp_id": "1400801861000000", "sst_name": "niedrige Bebauung mit Hausgärten", "voeff_name": "versorgter Bereich", "vpriv_name": "hoch: aufgelockerte Siedlungsbebauung", "versorg_sst": 1, "esst_name": "Low buildings with yards", "evoeff_name": "good availability", "evpriv_name": "high: loose settlement development" }, "geometry": { "type": "Polygon", "coordinates": [ [ [ 13.44325437, 52.43218607 ], [ 13.44623264, 52.43167884 ], [ 13.44604019, 52.43126209 ], [ 13.44532819, 52.43138332 ], [ 13.44528096, 52.43128229 ], [ 13.44301953, 52.43166644 ], [ 13.44325437, 52.43218607 ] ] ] } },
{ "type": "Feature", "properties": { "id": "versorggruen_2020.1400801871000000", "styp_id": "1400801871000000", "sst_name": "niedrige Bebauung mit Hausgärten", "voeff_name": "versorgter Bereich", "vpriv_name": "hoch: aufgelockerte Siedlungsbebauung", "versorg_sst": 1, "esst_name": "Low buildings with yards", "evoeff_name": "good availability", "evpriv_name": "high: loose settlement development" }, "geometry": { "type": "Polygon", "coordinates": [ [ [ 13.4469468, 52.43328605 ], [ 13.44845732, 52.43308515 ], [ 13.44840465, 52.43287378 ], [ 13.44833168, 52.43267032 ], [ 13.44679721, 52.43288701 ], [ 13.4469468, 52.43328605 ] ] ] } },
{ "type": "Feature", "properties": { "id": "versorggruen_2020.1400801881000000", "styp_id": "1400801881000000", "sst_name": "niedrige Bebauung mit Hausgärten", "voeff_name": "versorgter Bereich", "vpriv_name": "hoch: aufgelockerte Siedlungsbebauung", "versorg_sst": 1, "esst_name": "Low buildings with yards", "evoeff_name": "good availability", "evpriv_name": "high: loose settlement development" }, "geometry": { "type": "Polygon", "coordinates": [ [ [ 13.44924174, 52.43301561 ], [ 13.44918954, 52.43280056 ], [ 13.44910273, 52.43256066 ], [ 13.44838928, 52.43266153 ], [ 13.44846485, 52.4328775 ], [ 13.44851458, 52.43308069 ], [ 13.44924174, 52.43301561 ] ] ] } },
{ "type": "Feature", "properties": { "id": "versorggruen_2020.1400801891000100", "styp_id": "1400801891000100", "sst_name": "niedrige Bebauung mit Hausgärten", "voeff_name": "versorgter Bereich", "vpriv_name": "hoch: aufgelockerte Siedlungsbebauung", "versorg_sst": 1, "esst_name": "Low buildings with yards", "evoeff_name": "good availability", "evpriv_name": "high: loose settlement development" }, "geometry": { "type": "Polygon", "coordinates": [ [ [ 13.44646597, 52.4320044 ], [ 13.44678699, 52.43285281 ], [ 13.44831678, 52.43263607 ], [ 13.44791607, 52.43160205 ], [ 13.446063, 52.43112234 ], [ 13.44646597, 52.4320044 ] ] ] } },
{ "type": "Feature", "properties": { "id": "versorggruen_2020.1400801921000000", "styp_id": "1400801921000000", "sst_name": "niedrige Bebauung mit Hausgärten", "voeff_name": "versorgter Bereich", "vpriv_name": "hoch: aufgelockerte Siedlungsbebauung", "versorg_sst": 1, "esst_name": "Low buildings with yards", "evoeff_name": "good availability", "evpriv_name": "high: loose settlement development" }, "geometry": { "type": "Polygon", "coordinates": [ [ [ 13.44587015, 52.4306956 ], [ 13.44597047, 52.43067974 ], [ 13.4460337, 52.43081702 ], [ 13.44762887, 52.4312352 ], [ 13.44773937, 52.43121673 ], [ 13.4469752, 52.42954551 ], [ 13.44546418, 52.42980164 ], [ 13.44587015, 52.4306956 ] ] ] } },
{ "type": "Feature", "properties": { "id": "versorggruen_2020.1400801931000200", "styp_id": "1400801931000200", "sst_name": "niedrige Bebauung mit Hausgärten", "voeff_name": "versorgter Bereich", "vpriv_name": "hoch: aufgelockerte Siedlungsbebauung", "versorg_sst": 1, "esst_name": "Low buildings with yards", "evoeff_name": "good availability", "evpriv_name": "high: loose settlement development" }, "geometry": { "type": "Polygon", "coordinates": [ [ [ 13.4442155, 52.4291082 ], [ 13.44431065, 52.42920891 ], [ 13.4443843, 52.4293166 ], [ 13.44494164, 52.43053128 ], [ 13.44568775, 52.43072735 ], [ 13.44578466, 52.4307087 ], [ 13.4450987, 52.42919907 ], [ 13.444976, 52.42900657 ], [ 13.44459742, 52.42868384 ], [ 13.44412758, 52.42903807 ], [ 13.4442155, 52.4291082 ] ] ] } },
{ "type": "Feature", "properties": { "id": "versorggruen_2020.1400801941000000", "styp_id": "1400801941000000", "sst_name": "niedrige Bebauung mit Hausgärten", "voeff_name": "versorgter Bereich", "vpriv_name": "hoch: aufgelockerte Siedlungsbebauung", "versorg_sst": 1, "esst_name": "Low buildings with yards", "evoeff_name": "good availability", "evpriv_name": "high: loose settlement development" }, "geometry": { "type": "Polygon", "coordinates": [ [ [ 13.44695817, 52.42948922 ], [ 13.44679258, 52.42918834 ], [ 13.4466354, 52.42894197 ], [ 13.44643515, 52.42867971 ], [ 13.44623475, 52.42845262 ], [ 13.44608868, 52.42830296 ], [ 13.44585944, 52.42809691 ], [ 13.44578493, 52.42803175 ], [ 13.44558976, 52.42793476 ], [ 13.44465656, 52.42863889 ], [ 13.44487681, 52.42881859 ], [ 13.44505255, 52.42898242 ], [ 13.44518551, 52.42918392 ], [ 13.44543851, 52.42974886 ], [ 13.44695817, 52.42948922 ] ] ] } },
{ "type": "Feature", "properties": { "id": "versorggruen_2020.1400806011000200", "styp_id": "1400806011000200", "sst_name": "Zeilenbebauung seit den 50er Jahren", "voeff_name": "versorgter Bereich", "vpriv_name": "mittel: Zeilen oder kompakte Siedlung", "versorg_sst": 2, "esst_name": "Row development since the 1950s", "evoeff_name": "good availability", "evpriv_name": "medium: row development or compact settlement" }, "geometry": { "type": "Polygon", "coordinates": [ [ [ 13.44425734, 52.44570167 ], [ 13.44459702, 52.4456915 ], [ 13.44578266, 52.44563221 ], [ 13.44575702, 52.44543087 ], [ 13.44571373, 52.4452277 ], [ 13.4456586, 52.44504159 ], [ 13.4455682, 52.44485184 ], [ 13.44548647, 52.4447253 ], [ 13.44526553, 52.44442091 ], [ 13.44506635, 52.44422021 ], [ 13.44486417, 52.44403297 ], [ 13.44456805, 52.44380246 ], [ 13.44321213, 52.4444404 ], [ 13.44414338, 52.44545469 ], [ 13.4441643, 52.44570436 ], [ 13.44425734, 52.44570167 ] ] ] } },
{ "type": "Feature", "properties": { "id": "versorggruen_2020.1400806021000100", "styp_id": "1400806021000100", "sst_name": "Zeilenbebauung seit den 50er Jahren", "voeff_name": "versorgter Bereich", "vpriv_name": "mittel: Zeilen oder kompakte Siedlung", "versorg_sst": 2, "esst_name": "Row development since the 1950s", "evoeff_name": "good availability", "evpriv_name": "medium: row development or compact settlement" }, "geometry": { "type": "Polygon", "coordinates": [ [ [ 13.44499738, 52.44382739 ], [ 13.44628515, 52.44323264 ], [ 13.44759157, 52.44266284 ], [ 13.44729622, 52.44248686 ], [ 13.44707131, 52.44234102 ], [ 13.44691546, 52.4422126 ], [ 13.44436436, 52.443351 ], [ 13.44499738, 52.44382739 ] ] ] } },
{ "type": "Feature", "properties": { "id": "versorggruen_2020.1400806031000000", "styp_id": "1400806031000000", "sst_name": "Zeilenbebauung seit den 50er Jahren", "voeff_name": "versorgter Bereich", "vpriv_name": "mittel: Zeilen oder kompakte Siedlung", "versorg_sst": 2, "esst_name": "Row development since the 1950s", "evoeff_name": "good availability", "evpriv_name": "medium: row development or compact settlement" }, "geometry": { "type": "Polygon", "coordinates": [ [ [ 13.4504432, 52.4386622 ], [ 13.45011509, 52.43872644 ], [ 13.44981036, 52.43880216 ], [ 13.44961446, 52.43888364 ], [ 13.44944826, 52.43897822 ], [ 13.44931165, 52.43908282 ], [ 13.44921533, 52.4392029 ], [ 13.44913403, 52.43935074 ], [ 13.44909812, 52.43950173 ], [ 13.44908702, 52.43975141 ], [ 13.44911181, 52.43991636 ], [ 13.44918483, 52.44004318 ], [ 13.44927404, 52.44016463 ], [ 13.44943823, 52.44029338 ], [ 13.44958785, 52.44038527 ], [ 13.44969204, 52.44044025 ], [ 13.44987087, 52.4405109 ], [ 13.45010773, 52.44056674 ], [ 13.45035483, 52.44058252 ], [ 13.4505163, 52.44057043 ], [ 13.45065765, 52.4405429 ], [ 13.45086975, 52.44048156 ], [ 13.45139012, 52.4402758 ], [ 13.45190531, 52.44010394 ], [ 13.45233958, 52.43998436 ], [ 13.45297577, 52.43982808 ], [ 13.45265166, 52.43946959 ], [ 13.45220522, 52.43894591 ], [ 13.45193908, 52.43856987 ], [ 13.45183151, 52.43835908 ], [ 13.4504432, 52.4386622 ] ] ] } },
{ "type": "Feature", "properties": { "id": "versorggruen_2020.1400806041000100", "styp_id": "1400806041000100", "sst_name": "Siedlungsbebauung der 90er Jahre", "voeff_name": "versorgter Bereich", "vpriv_name": "mittel: Zeilen oder kompakte Siedlung", "versorg_sst": 2, "esst_name": "Residential development of the 1990s", "evoeff_name": "good availability", "evpriv_name": "medium: row development or compact settlement" }, "geometry": { "type": "Polygon", "coordinates": [ [ [ 13.42187774, 52.44384096 ], [ 13.42196286, 52.44363538 ], [ 13.42206233, 52.44357677 ], [ 13.42221577, 52.44354948 ], [ 13.42241119, 52.44354247 ], [ 13.42260947, 52.44356853 ], [ 13.42271756, 52.44359627 ], [ 13.42279858, 52.44362764 ], [ 13.42289757, 52.44367373 ], [ 13.42296229, 52.44373256 ], [ 13.42297815, 52.44379878 ], [ 13.42264332, 52.44470011 ], [ 13.42297023, 52.44471172 ], [ 13.42384749, 52.44470274 ], [ 13.42447257, 52.44296738 ], [ 13.42297994, 52.44283254 ], [ 13.42344838, 52.44158318 ], [ 13.42296771, 52.44148001 ], [ 13.42260693, 52.44245079 ], [ 13.42283902, 52.44248532 ], [ 13.42280628, 52.44257296 ], [ 13.42230059, 52.44249832 ], [ 13.4223332, 52.44241048 ], [ 13.42256432, 52.44244513 ], [ 13.42291899, 52.44147806 ], [ 13.42183292, 52.44124543 ], [ 13.42137654, 52.44246913 ], [ 13.42138648, 52.44264471 ], [ 13.42064783, 52.44466554 ], [ 13.42157325, 52.44467806 ], [ 13.42187774, 52.44384096 ] ] ] } },
{ "type": "Feature", "properties": { "id": "versorggruen_2020.1400806041000200", "styp_id": "1400806041000200", "sst_name": "niedrige Bebauung mit Hausgärten", "voeff_name": "versorgter Bereich", "vpriv_name": "hoch: aufgelockerte Siedlungsbebauung", "versorg_sst": 1, "esst_name": "Low buildings with yards", "evoeff_name": "good availability", "evpriv_name": "high: loose settlement development" }, "geometry": { "type": "Polygon", "coordinates": [ [ [ 13.4242684, 52.44469824 ], [ 13.424377, 52.44464281 ], [ 13.42535267, 52.44198502 ], [ 13.42485876, 52.44187352 ], [ 13.42447257, 52.44296738 ], [ 13.42384749, 52.44470274 ], [ 13.4242684, 52.44469824 ] ] ] } },
{ "type": "Feature", "properties": { "id": "versorggruen_2020.1400806041000300", "styp_id": "1400806041000300", "sst_name": "geringe Bebauung mit überwiegender Nutzung durch Gewerbe und Industrie", "voeff_name": "versorgter Bereich", "vpriv_name": "gering: Blockrandbebauung", "versorg_sst": 3, "esst_name": "Sparse development with predominantly commercial and industrial use", "evoeff_name": "good availability", "evpriv_name": "low: Wilhelminian-period block-edge development" }, "geometry": { "type": "Polygon", "coordinates": [ [ [ 13.42297994, 52.44283254 ], [ 13.42447257, 52.44296738 ], [ 13.42485876, 52.44187352 ], [ 13.42344838, 52.44158318 ], [ 13.42297994, 52.44283254 ] ] ] } },
{ "type": "Feature", "properties": { "id": "versorggruen_2020.1400806051000000", "styp_id": "1400806051000000", "sst_name": "niedrige Bebauung mit Hausgärten", "voeff_name": "versorgter Bereich", "vpriv_name": "hoch: aufgelockerte Siedlungsbebauung", "versorg_sst": 1, "esst_name": "Low buildings with yards", "evoeff_name": "good availability", "evpriv_name": "high: loose settlement development" }, "geometry": { "type": "Polygon", "coordinates": [ [ [ 13.42249605, 52.44469435 ], [ 13.4228309, 52.44378934 ], [ 13.42282202, 52.44375993 ], [ 13.42275609, 52.44371573 ], [ 13.42267508, 52.44368253 ], [ 13.42257901, 52.44365481 ], [ 13.42247089, 52.44363442 ], [ 13.42237472, 52.44362874 ], [ 13.4222725, 52.44363224 ], [ 13.42213712, 52.44365588 ], [ 13.42208589, 52.44368335 ], [ 13.42171755, 52.44467463 ], [ 13.42249605, 52.44469435 ] ] ] } },
{ "type": "Feature", "properties": { "id": "versorggruen_2020.1400806061000100", "styp_id": "1400806061000100", "sst_name": "Blockrandbebauung der Gründerzeit mit geringem Anteil von Seiten- und Hintergebäuden", "voeff_name": "versorgter Bereich", "vpriv_name": "gering: Blockrandbebauung", "versorg_sst": 3, "esst_name": "Wilhelminian-period block-edge development with few wings and rear buildings", "evoeff_name": "good availability", "evpriv_name": "low: Wilhelminian-period block-edge development" }, "geometry": { "type": "Polygon", "coordinates": [ [ [ 13.4495359, 52.4592208 ], [ 13.44999742, 52.45925445 ], [ 13.45007584, 52.45913737 ], [ 13.44825037, 52.45835088 ], [ 13.44779641, 52.45897771 ], [ 13.4495359, 52.4592208 ] ] ] } },
{ "type": "Feature", "properties": { "id": "versorggruen_2020.1400806061001300", "styp_id": "1400806061001300", "sst_name": "geringe Bebauung mit überwiegender Nutzung durch Gewerbe und Industrie", "voeff_name": "versorgter Bereich", "vpriv_name": "gering: Blockrandbebauung", "versorg_sst": 3, "esst_name": "Sparse development with predominantly commercial and industrial use", "evoeff_name": "good availability", "evpriv_name": "low: Wilhelminian-period block-edge development" }, "geometry": { "type": "Polygon", "coordinates": [ [ [ 13.45853012, 52.45552561 ], [ 13.45857915, 52.45552425 ], [ 13.45876631, 52.45531624 ], [ 13.45868462, 52.4552828 ], [ 13.45916031, 52.45450593 ], [ 13.4594913, 52.45402105 ], [ 13.45740078, 52.45355068 ], [ 13.4571643, 52.45349095 ], [ 13.45627211, 52.45331872 ], [ 13.45560306, 52.453212 ], [ 13.45489264, 52.45416645 ], [ 13.45853012, 52.45552561 ] ] ] } },
{ "type": "Feature", "properties": { "id": "versorggruen_2020.1400806071001500", "styp_id": "1400806071001500", "sst_name": "geringe Bebauung mit überwiegender Nutzung durch Gewerbe und Industrie", "voeff_name": "versorgter Bereich", "vpriv_name": "gering: Blockrandbebauung", "versorg_sst": 3, "esst_name": "Sparse development with predominantly commercial and industrial use", "evoeff_name": "good availability", "evpriv_name": "low: Wilhelminian-period block-edge development" }, "geometry": { "type": "Polygon", "coordinates": [ [ [ 13.4593233, 52.45373934 ], [ 13.460183, 52.45391127 ], [ 13.46114802, 52.45247557 ], [ 13.46115109, 52.45244931 ], [ 13.45981734, 52.45194978 ], [ 13.45945858, 52.45229885 ], [ 13.45919761, 52.45246204 ], [ 13.45879238, 52.45265198 ], [ 13.45853319, 52.4527307 ], [ 13.45749603, 52.4529322 ], [ 13.45743871, 52.4529712 ], [ 13.45729191, 52.45326625 ], [ 13.45731356, 52.45330038 ], [ 13.4593233, 52.45373934 ] ] ] } },
{ "type": "Feature", "properties": { "id": "versorggruen_2020.1400806081000000", "styp_id": "1400806081000000", "sst_name": "Blockrandbebauung der Gründerzeit mit geringem Anteil von Seiten- und Hintergebäuden", "voeff_name": "unterversorgter Bereich", "vpriv_name": "gering: Blockrandbebauung", "versorg_sst": 6, "esst_name": "Wilhelminian-period block-edge development with few wings and rear buildings", "evoeff_name": "reduced availability", "evpriv_name": "low: Wilhelminian-period block-edge development" }, "geometry": { "type": "Polygon", "coordinates": [ [ [ 13.44386341, 52.46379046 ], [ 13.44432412, 52.46315976 ], [ 13.44296053, 52.46311582 ], [ 13.44210951, 52.46310125 ], [ 13.4412681, 52.46306299 ], [ 13.44129617, 52.46260016 ], [ 13.44168825, 52.46258334 ], [ 13.44312051, 52.4625794 ], [ 13.4438379, 52.46259165 ], [ 13.44471839, 52.46263279 ], [ 13.44480903, 52.46250217 ], [ 13.44071159, 52.46203223 ], [ 13.44052576, 52.4626332 ], [ 13.44043628, 52.46272494 ], [ 13.44032862, 52.46302025 ], [ 13.44019639, 52.46331115 ], [ 13.4406936, 52.46334768 ], [ 13.44143202, 52.46342367 ], [ 13.44199842, 52.46349703 ], [ 13.44266433, 52.46360407 ], [ 13.44262951, 52.46347691 ], [ 13.4425419, 52.46343769 ], [ 13.44227485, 52.46345626 ], [ 13.44199874, 52.46345694 ], [ 13.44177388, 52.4634443 ], [ 13.44159842, 52.46342281 ], [ 13.44151988, 52.4634037 ], [ 13.44147245, 52.46337682 ], [ 13.441447, 52.46333992 ], [ 13.441449, 52.4632986 ], [ 13.44146375, 52.46326959 ], [ 13.44149496, 52.4632406 ], [ 13.4415316, 52.4632239 ], [ 13.44157004, 52.46321391 ], [ 13.4416304, 52.46321177 ], [ 13.44169252, 52.46322304 ], [ 13.44173267, 52.46324097 ], [ 13.44182374, 52.46332823 ], [ 13.44191136, 52.46336299 ], [ 13.44197715, 52.46337203 ], [ 13.44223498, 52.46337243 ], [ 13.44244896, 52.46336159 ], [ 13.4426575, 52.46334181 ], [ 13.44296857, 52.46329092 ], [ 13.44322298, 52.46323324 ], [ 13.4431933, 52.46333483 ], [ 13.44299015, 52.46337807 ], [ 13.44279436, 52.46340904 ], [ 13.44276489, 52.46346037 ], [ 13.44281208, 52.46362524 ], [ 13.44386341, 52.46379046 ] ] ] } },
{ "type": "Feature", "properties": { "id": "versorggruen_2020.1400806111000400", "styp_id": "1400806111000400", "sst_name": "Siedlungsbebauung der 90er Jahre", "voeff_name": "versorgter Bereich", "vpriv_name": "mittel: Zeilen oder kompakte Siedlung", "versorg_sst": 2, "esst_name": "Residential development of the 1990s", "evoeff_name": "good availability", "evpriv_name": "medium: row development or compact settlement" }, "geometry": { "type": "Polygon", "coordinates": [ [ [ 13.43442962, 52.44441727 ], [ 13.4344191, 52.44446938 ], [ 13.43519731, 52.44475821 ], [ 13.4352092, 52.44472858 ], [ 13.43545365, 52.44411258 ], [ 13.43407267, 52.44364654 ], [ 13.43385405, 52.44420425 ], [ 13.43442962, 52.44441727 ] ] ] } },
{ "type": "Feature", "properties": { "id": "versorggruen_2020.1400806111000800", "styp_id": "1400806111000800", "sst_name": "niedrige Bebauung mit Hausgärten", "voeff_name": "versorgter Bereich", "vpriv_name": "hoch: aufgelockerte Siedlungsbebauung", "versorg_sst": 1, "esst_name": "Low buildings with yards", "evoeff_name": "good availability", "evpriv_name": "high: loose settlement development" }, "geometry": { "type": "Polygon", "coordinates": [ [ [ 13.43531495, 52.4447602 ], [ 13.43591929, 52.44546843 ], [ 13.43600916, 52.44543173 ], [ 13.43615707, 52.44557845 ], [ 13.43605249, 52.44561422 ], [ 13.43646721, 52.44602691 ], [ 13.43709493, 52.44576081 ], [ 13.43778926, 52.4454712 ], [ 13.43700043, 52.44474552 ], [ 13.4365712, 52.44435424 ], [ 13.43631497, 52.44443111 ], [ 13.43545365, 52.44411258 ], [ 13.4352092, 52.44472858 ], [ 13.43531495, 52.4447602 ] ] ] } },
{ "type": "Feature", "properties": { "id": "versorggruen_2020.1400806161000000", "styp_id": "1400806161000000", "sst_name": "Zeilenbebauung seit den 50er Jahren", "voeff_name": "versorgter Bereich", "vpriv_name": "mittel: Zeilen oder kompakte Siedlung", "versorg_sst": 2, "esst_name": "Row development since the 1950s", "evoeff_name": "good availability", "evpriv_name": "medium: row development or compact settlement" }, "geometry": { "type": "Polygon", "coordinates": [ [ [ 13.44468953, 52.44101753 ], [ 13.4449167, 52.44103816 ], [ 13.44510053, 52.44104157 ], [ 13.44642344, 52.44097805 ], [ 13.44645524, 52.44045367 ], [ 13.44658986, 52.43991704 ], [ 13.44718969, 52.43814398 ], [ 13.44728527, 52.43778107 ], [ 13.44735132, 52.43744956 ], [ 13.44738009, 52.43724381 ], [ 13.44738827, 52.43704072 ], [ 13.44567679, 52.43701655 ], [ 13.44549796, 52.43831394 ], [ 13.44541498, 52.43918373 ], [ 13.4453742, 52.43944607 ], [ 13.44532023, 52.43969762 ], [ 13.44523843, 52.43992126 ], [ 13.4451494, 52.44011523 ], [ 13.44506643, 52.44026608 ], [ 13.4449599, 52.44042408 ], [ 13.44485346, 52.44056052 ], [ 13.44472497, 52.44069692 ], [ 13.44441651, 52.4409703 ], [ 13.44468953, 52.44101753 ] ] ] } },
{ "type": "Feature", "properties": { "id": "versorggruen_2020.1400806191000000", "styp_id": "1400806191000000", "sst_name": "Zeilenbebauung seit den 50er Jahren", "voeff_name": "versorgter Bereich", "vpriv_name": "mittel: Zeilen oder kompakte Siedlung", "versorg_sst": 2, "esst_name": "Row development since the 1950s", "evoeff_name": "good availability", "evpriv_name": "medium: row development or compact settlement" }, "geometry": { "type": "Polygon", "coordinates": [ [ [ 13.43529655, 52.44154206 ], [ 13.43567445, 52.44154986 ], [ 13.43592152, 52.44154576 ], [ 13.43617454, 52.4415282 ], [ 13.43644674, 52.44149628 ], [ 13.43669545, 52.44145355 ], [ 13.43668752, 52.44124415 ], [ 13.4366237, 52.44103915 ], [ 13.43650534, 52.44086282 ], [ 13.43632377, 52.44068369 ], [ 13.43609947, 52.44052157 ], [ 13.43583533, 52.44035993 ], [ 13.4356583, 52.44041473 ], [ 13.43548132, 52.44045681 ], [ 13.43528019, 52.44047343 ], [ 13.43504099, 52.44047728 ], [ 13.43492466, 52.44150281 ], [ 13.43529655, 52.44154206 ] ] ] } },
{ "type": "Feature", "properties": { "id": "versorggruen_2020.1400806261000000", "styp_id": "1400806261000000", "sst_name": "Zeilenbebauung seit den 50er Jahren", "voeff_name": "unterversorgter Bereich", "vpriv_name": "mittel: Zeilen oder kompakte Siedlung", "versorg_sst": 5, "esst_name": "Row development since the 1950s", "evoeff_name": "reduced availability", "evpriv_name": "medium: row development or compact settlement" }, "geometry": { "type": "Polygon", "coordinates": [ [ [ 13.43316901, 52.46052402 ], [ 13.43367381, 52.45919276 ], [ 13.43364625, 52.45912445 ], [ 13.43358347, 52.4590609 ], [ 13.4335132, 52.4590132 ], [ 13.43339838, 52.45897222 ], [ 13.43312782, 52.45891966 ], [ 13.43297952, 52.45890356 ], [ 13.43283485, 52.45890332 ], [ 13.43269385, 52.45891216 ], [ 13.43251937, 52.45894359 ], [ 13.43238193, 52.45898642 ], [ 13.43227413, 52.45903609 ], [ 13.43216247, 52.45912202 ], [ 13.43209911, 52.45918989 ], [ 13.43206909, 52.45926688 ], [ 13.43171937, 52.46034036 ], [ 13.43316901, 52.46052402 ] ] ] } },
{ "type": "Feature", "properties": { "id": "versorggruen_2020.1400806271000100", "styp_id": "1400806271000100", "sst_name": "Zeilenbebauung seit den 50er Jahren", "voeff_name": "unterversorgter Bereich", "vpriv_name": "mittel: Zeilen oder kompakte Siedlung", "versorg_sst": 5, "esst_name": "Row development since the 1950s", "evoeff_name": "reduced availability", "evpriv_name": "medium: row development or compact settlement" }, "geometry": { "type": "Polygon", "coordinates": [ [ [ 13.432167, 52.45893622 ], [ 13.43247532, 52.45883702 ], [ 13.43266833, 52.45881015 ], [ 13.43292806, 52.45879471 ], [ 13.43322842, 52.45882013 ], [ 13.43337667, 52.45884756 ], [ 13.43351374, 52.45888857 ], [ 13.43364335, 52.4589409 ], [ 13.43371732, 52.45899087 ], [ 13.43379122, 52.4590567 ], [ 13.43383169, 52.45913381 ], [ 13.43385767, 52.45920114 ], [ 13.43385147, 52.45927213 ], [ 13.43375775, 52.45950922 ], [ 13.43375016, 52.45956403 ], [ 13.43378661, 52.45963957 ], [ 13.43340999, 52.46055614 ], [ 13.43490418, 52.46073758 ], [ 13.43520469, 52.45987474 ], [ 13.43575915, 52.45861577 ], [ 13.43461734, 52.45848631 ], [ 13.43401539, 52.45840997 ], [ 13.43244131, 52.45813679 ], [ 13.432167, 52.45893622 ] ] ] } },
{ "type": "Feature", "properties": { "id": "versorggruen_2020.1400806281000100", "styp_id": "1400806281000100", "sst_name": "Zeilenbebauung seit den 50er Jahren", "voeff_name": "unterversorgter Bereich", "vpriv_name": "mittel: Zeilen oder kompakte Siedlung", "versorg_sst": 5, "esst_name": "Row development since the 1950s", "evoeff_name": "reduced availability", "evpriv_name": "medium: row development or compact settlement" }, "geometry": { "type": "Polygon", "coordinates": [ [ [ 13.42829076, 52.45618777 ], [ 13.4289591, 52.45631326 ], [ 13.43023743, 52.4566115 ], [ 13.4309644, 52.45663639 ], [ 13.43163336, 52.45662565 ], [ 13.43542046, 52.45741356 ], [ 13.43537135, 52.45756154 ], [ 13.4361799, 52.45766819 ], [ 13.43625485, 52.45768629 ], [ 13.43713759, 52.45566602 ], [ 13.43644288, 52.45556915 ], [ 13.43644988, 52.45552753 ], [ 13.43605485, 52.45547277 ], [ 13.43534228, 52.45643927 ], [ 13.43530754, 52.45650821 ], [ 13.43525965, 52.45654977 ], [ 13.43513671, 52.45661201 ], [ 13.43503441, 52.4566285 ], [ 13.43482313, 52.45663232 ], [ 13.43265716, 52.45635402 ], [ 13.42940858, 52.45586571 ], [ 13.42891908, 52.45560261 ], [ 13.42821959, 52.45600139 ], [ 13.42829076, 52.45618777 ] ] ] } },
{ "type": "Feature", "properties": { "id": "versorggruen_2020.1400806291000000", "styp_id": "1400806291000000", "sst_name": "Zeilenbebauung seit den 50er Jahren", "voeff_name": "unterversorgter Bereich", "vpriv_name": "mittel: Zeilen oder kompakte Siedlung", "versorg_sst": 5, "esst_name": "Row development since the 1950s", "evoeff_name": "reduced availability", "evpriv_name": "medium: row development or compact settlement" }, "geometry": { "type": "Polygon", "coordinates": [ [ [ 13.42951121, 52.45577429 ], [ 13.43273255, 52.45625839 ], [ 13.43397742, 52.45266627 ], [ 13.43307736, 52.45262975 ], [ 13.43167052, 52.45376784 ], [ 13.43107134, 52.45420809 ], [ 13.4305918, 52.45453801 ], [ 13.42903529, 52.4555237 ], [ 13.42951121, 52.45577429 ] ] ] } },
{ "type": "Feature", "properties": { "id": "versorggruen_2020.1400806301000100", "styp_id": "1400806301000100", "sst_name": "Zeilenbebauung seit den 50er Jahren", "voeff_name": "unterversorgter Bereich", "vpriv_name": "mittel: Zeilen oder kompakte Siedlung", "versorg_sst": 5, "esst_name": "Row development since the 1950s", "evoeff_name": "reduced availability", "evpriv_name": "medium: row development or compact settlement" }, "geometry": { "type": "Polygon", "coordinates": [ [ [ 13.43290281, 52.45628365 ], [ 13.43489853, 52.45653253 ], [ 13.43505535, 52.45651613 ], [ 13.43512364, 52.45648293 ], [ 13.43517151, 52.45644554 ], [ 13.43521167, 52.45636804 ], [ 13.43567208, 52.45573444 ], [ 13.43387166, 52.4555288 ], [ 13.43410883, 52.45478069 ], [ 13.43401982, 52.45476013 ], [ 13.43465135, 52.45297156 ], [ 13.43502988, 52.4530062 ], [ 13.43502012, 52.45269933 ], [ 13.434198, 52.45268011 ], [ 13.43290281, 52.45628365 ] ] ] } },
{ "type": "Feature", "properties": { "id": "versorggruen_2020.1400806331000000", "styp_id": "1400806331000000", "sst_name": "niedrige Bebauung mit Hausgärten", "voeff_name": "versorgter Bereich", "vpriv_name": "hoch: aufgelockerte Siedlungsbebauung", "versorg_sst": 1, "esst_name": "Low buildings with yards", "evoeff_name": "good availability", "evpriv_name": "high: loose settlement development" }, "geometry": { "type": "Polygon", "coordinates": [ [ [ 13.44614337, 52.42829249 ], [ 13.44648986, 52.42866222 ], [ 13.44669301, 52.42892096 ], [ 13.44685302, 52.42917964 ], [ 13.44701573, 52.42948052 ], [ 13.44771848, 52.42936023 ], [ 13.44764356, 52.42919594 ], [ 13.44735276, 52.42873089 ], [ 13.4471353, 52.4284491 ], [ 13.44688839, 52.4281749 ], [ 13.4466144, 52.42791162 ], [ 13.44640088, 52.42774252 ], [ 13.44614096, 52.42758202 ], [ 13.44604305, 52.42758753 ], [ 13.44566767, 52.42787159 ], [ 13.44614337, 52.42829249 ] ] ] } },
{ "type": "Feature", "properties": { "id": "versorggruen_2020.1400806351000100", "styp_id": "1400806351000100", "sst_name": "Zeilenbebauung seit den 50er Jahren", "voeff_name": "versorgter Bereich", "vpriv_name": "mittel: Zeilen oder kompakte Siedlung", "versorg_sst": 2, "esst_name": "Row development since the 1950s", "evoeff_name": "good availability", "evpriv_name": "medium: row development or compact settlement" }, "geometry": { "type": "Polygon", "coordinates": [ [ [ 13.43290611, 52.46196925 ], [ 13.43286965, 52.46211791 ], [ 13.43435712, 52.46232672 ], [ 13.43485191, 52.46095515 ], [ 13.4333256, 52.46076844 ], [ 13.43311271, 52.46133874 ], [ 13.43319504, 52.46135236 ], [ 13.43310453, 52.46152655 ], [ 13.432784, 52.46148019 ], [ 13.43309328, 52.46073751 ], [ 13.43164345, 52.46055809 ], [ 13.43140774, 52.4612937 ], [ 13.4311475, 52.46125553 ], [ 13.43140088, 52.46051905 ], [ 13.42987897, 52.46034128 ], [ 13.42974906, 52.46076793 ], [ 13.42955293, 52.46087095 ], [ 13.4293603, 52.46147141 ], [ 13.43290611, 52.46196925 ] ] ] } },
{ "type": "Feature", "properties": { "id": "versorggruen_2020.1400806371000100", "styp_id": "1400806371000100", "sst_name": "Zeilenbebauung seit den 50er Jahren", "voeff_name": "versorgter Bereich", "vpriv_name": "mittel: Zeilen oder kompakte Siedlung", "versorg_sst": 2, "esst_name": "Row development since the 1950s", "evoeff_name": "good availability", "evpriv_name": "medium: row development or compact settlement" }, "geometry": { "type": "Polygon", "coordinates": [ [ [ 13.44231734, 52.45833041 ], [ 13.44235343, 52.45836143 ], [ 13.4427154, 52.45840182 ], [ 13.44310442, 52.4571636 ], [ 13.44603764, 52.45752205 ], [ 13.44820017, 52.45778626 ], [ 13.44847518, 52.45738002 ], [ 13.4422518, 52.45661676 ], [ 13.44173562, 52.45825483 ], [ 13.44231734, 52.45833041 ] ] ] } },
{ "type": "Feature", "properties": { "id": "versorggruen_2020.1400806371000400", "styp_id": "1400806371000400", "sst_name": "geringe Bebauung mit überwiegender Nutzung durch Gewerbe und Industrie", "voeff_name": "versorgter Bereich", "vpriv_name": "gering: Blockrandbebauung", "versorg_sst": 3, "esst_name": "Sparse development with predominantly commercial and industrial use", "evoeff_name": "good availability", "evpriv_name": "low: Wilhelminian-period block-edge development" }, "geometry": { "type": "Polygon", "coordinates": [ [ [ 13.44564263, 52.45812318 ], [ 13.44642445, 52.45822171 ], [ 13.44663227, 52.45876622 ], [ 13.44736403, 52.45870981 ], [ 13.44756228, 52.45872851 ], [ 13.44820017, 52.45778626 ], [ 13.44603764, 52.45752205 ], [ 13.44585381, 52.45784477 ], [ 13.44542568, 52.45804321 ], [ 13.44538719, 52.45819639 ], [ 13.44564263, 52.45812318 ] ] ] } },
{ "type": "Feature", "properties": { "id": "versorggruen_2020.1400806391000000", "styp_id": "1400806391000000", "sst_name": "niedrige Bebauung mit Hausgärten", "voeff_name": "versorgter Bereich", "vpriv_name": "hoch: aufgelockerte Siedlungsbebauung", "versorg_sst": 1, "esst_name": "Low buildings with yards", "evoeff_name": "good availability", "evpriv_name": "high: loose settlement development" }, "geometry": { "type": "Polygon", "coordinates": [ [ [ 13.41224421, 52.43895967 ], [ 13.41284425, 52.4371855 ], [ 13.41258123, 52.43714548 ], [ 13.41232887, 52.43703089 ], [ 13.41217897, 52.43701354 ], [ 13.41201445, 52.43697999 ], [ 13.41183225, 52.4369536 ], [ 13.41163237, 52.43693347 ], [ 13.4113663, 52.43691771 ], [ 13.41169378, 52.43791043 ], [ 13.41228015, 52.43798069 ], [ 13.41235492, 52.43802666 ], [ 13.41226222, 52.43803997 ], [ 13.41179934, 52.43797532 ], [ 13.41171395, 52.43799494 ], [ 13.41188054, 52.43851108 ], [ 13.41179477, 52.43891352 ], [ 13.41224421, 52.43895967 ] ] ] } },
{ "type": "Feature", "properties": { "id": "versorggruen_2020.1400806401000000", "styp_id": "1400806401000000", "sst_name": "niedrige Bebauung mit Hausgärten", "voeff_name": "versorgter Bereich", "vpriv_name": "hoch: aufgelockerte Siedlungsbebauung", "versorg_sst": 1, "esst_name": "Low buildings with yards", "evoeff_name": "good availability", "evpriv_name": "high: loose settlement development" }, "geometry": { "type": "Polygon", "coordinates": [ [ [ 13.41318738, 52.43616613 ], [ 13.41290958, 52.43614406 ], [ 13.41135693, 52.43552206 ], [ 13.41122772, 52.43548318 ], [ 13.41102053, 52.43545585 ], [ 13.41089848, 52.43545832 ], [ 13.41076902, 52.43547246 ], [ 13.41091032, 52.43574322 ], [ 13.41116061, 52.43627838 ], [ 13.41128534, 52.43663268 ], [ 13.41133299, 52.4368125 ], [ 13.41158729, 52.43682824 ], [ 13.41205019, 52.43688749 ], [ 13.41243805, 52.4369574 ], [ 13.41264242, 52.43695956 ], [ 13.41290545, 52.43699599 ], [ 13.41318738, 52.43616613 ] ] ] } },
{ "type": "Feature", "properties": { "id": "versorggruen_2020.1400806411000000", "styp_id": "1400806411000000", "sst_name": "niedrige Bebauung mit Hausgärten", "voeff_name": "versorgter Bereich", "vpriv_name": "hoch: aufgelockerte Siedlungsbebauung", "versorg_sst": 1, "esst_name": "Low buildings with yards", "evoeff_name": "good availability", "evpriv_name": "high: loose settlement development" }, "geometry": { "type": "Polygon", "coordinates": [ [ [ 13.41045317, 52.43370251 ], [ 13.41056796, 52.43389224 ], [ 13.41242343, 52.43481675 ], [ 13.41234226, 52.43487951 ], [ 13.41058655, 52.43399742 ], [ 13.41046148, 52.43401606 ], [ 13.4103099, 52.43374529 ], [ 13.40992883, 52.43385837 ], [ 13.40988647, 52.43392029 ], [ 13.4107033, 52.43538158 ], [ 13.4109401, 52.43536493 ], [ 13.41106067, 52.43536695 ], [ 13.41117236, 52.43537794 ], [ 13.41136332, 52.43541603 ], [ 13.41271054, 52.43595049 ], [ 13.41280746, 52.43597672 ], [ 13.41301633, 52.43596182 ], [ 13.41310749, 52.43596289 ], [ 13.41325593, 52.43597753 ], [ 13.41341546, 52.43550853 ], [ 13.41289203, 52.43544684 ], [ 13.41299262, 52.43518429 ], [ 13.41303955, 52.43498216 ], [ 13.41276878, 52.43484849 ], [ 13.41298368, 52.43467832 ], [ 13.41064057, 52.43359286 ], [ 13.41052488, 52.43368008 ], [ 13.41045317, 52.43370251 ] ] ] } },
{ "type": "Feature", "properties": { "id": "versorggruen_2020.1400806421000000", "styp_id": "1400806421000000", "sst_name": "Zeilenbebauung seit den 50er Jahren", "voeff_name": "versorgter Bereich", "vpriv_name": "mittel: Zeilen oder kompakte Siedlung", "versorg_sst": 2, "esst_name": "Row development since the 1950s", "evoeff_name": "good availability", "evpriv_name": "medium: row development or compact settlement" }, "geometry": { "type": "Polygon", "coordinates": [ [ [ 13.43648875, 52.44062015 ], [ 13.43663085, 52.4407453 ], [ 13.43673622, 52.44086319 ], [ 13.43686047, 52.44103683 ], [ 13.43694952, 52.44118975 ], [ 13.4371141, 52.44121787 ], [ 13.43738145, 52.44163078 ], [ 13.43784849, 52.44211501 ], [ 13.43807419, 52.4422978 ], [ 13.43825313, 52.44240773 ], [ 13.4384188, 52.44252751 ], [ 13.43858312, 52.44261854 ], [ 13.43870347, 52.44267355 ], [ 13.43882252, 52.44269171 ], [ 13.43903274, 52.44271002 ], [ 13.43922841, 52.44269056 ], [ 13.43943457, 52.44262528 ], [ 13.43965267, 52.44252138 ], [ 13.44158053, 52.44114407 ], [ 13.44155887, 52.4406965 ], [ 13.44149348, 52.44050947 ], [ 13.44135315, 52.44030795 ], [ 13.44067519, 52.43962121 ], [ 13.44053917, 52.43944486 ], [ 13.44042816, 52.43926854 ], [ 13.44022842, 52.43886203 ], [ 13.44019627, 52.43846035 ], [ 13.43862089, 52.43908276 ], [ 13.43897985, 52.43944558 ], [ 13.43917308, 52.43965561 ], [ 13.43946623, 52.44000773 ], [ 13.43973504, 52.44037887 ], [ 13.43997593, 52.44079658 ], [ 13.44002394, 52.44091953 ], [ 13.4400674, 52.44112551 ], [ 13.44006705, 52.44120819 ], [ 13.43997691, 52.4413855 ], [ 13.4399038, 52.44145953 ], [ 13.43982456, 52.44151874 ], [ 13.43958761, 52.44163062 ], [ 13.43936902, 52.44167688 ], [ 13.43926151, 52.4416873 ], [ 13.43912629, 52.44169344 ], [ 13.4389669, 52.44167624 ], [ 13.43880413, 52.44163997 ], [ 13.43866221, 52.44158891 ], [ 13.43840968, 52.44146564 ], [ 13.43819183, 52.44133818 ], [ 13.43778071, 52.44101129 ], [ 13.43750791, 52.440763 ], [ 13.43664932, 52.43990155 ], [ 13.43600558, 52.44026912 ], [ 13.43648875, 52.44062015 ] ] ] } },
{ "type": "Feature", "properties": { "id": "versorggruen_2020.1400806431000000", "styp_id": "1400806431000000", "sst_name": "Zeilenbebauung seit den 50er Jahren", "voeff_name": "versorgter Bereich", "vpriv_name": "mittel: Zeilen oder kompakte Siedlung", "versorg_sst": 2, "esst_name": "Row development since the 1950s", "evoeff_name": "good availability", "evpriv_name": "medium: row development or compact settlement" }, "geometry": { "type": "Polygon", "coordinates": [ [ [ 13.43762603, 52.44070176 ], [ 13.43790225, 52.44096065 ], [ 13.43829611, 52.44127056 ], [ 13.4384586, 52.44137462 ], [ 13.4387734, 52.44152977 ], [ 13.4389292, 52.4415745 ], [ 13.43905046, 52.44159164 ], [ 13.43915442, 52.44160028 ], [ 13.43935207, 52.44158788 ], [ 13.43952903, 52.44154791 ], [ 13.43964363, 52.44150149 ], [ 13.43974991, 52.44143595 ], [ 13.43984143, 52.44135432 ], [ 13.43988593, 52.44126272 ], [ 13.43991195, 52.44117144 ], [ 13.43990898, 52.4410528 ], [ 13.43977868, 52.44071577 ], [ 13.43959621, 52.44041891 ], [ 13.43939985, 52.44012837 ], [ 13.43918607, 52.43986111 ], [ 13.43900672, 52.43964899 ], [ 13.43849242, 52.43913128 ], [ 13.4367605, 52.43984241 ], [ 13.43762603, 52.44070176 ] ] ] } },
{ "type": "Feature", "properties": { "id": "versorggruen_2020.1400806441000000", "styp_id": "1400806441000000", "sst_name": "Zeilenbebauung seit den 50er Jahren", "voeff_name": "versorgter Bereich", "vpriv_name": "mittel: Zeilen oder kompakte Siedlung", "versorg_sst": 2, "esst_name": "Row development since the 1950s", "evoeff_name": "good availability", "evpriv_name": "medium: row development or compact settlement" }, "geometry": { "type": "Polygon", "coordinates": [ [ [ 13.44022842, 52.43886203 ], [ 13.44042816, 52.43926854 ], [ 13.44053917, 52.43944486 ], [ 13.44067519, 52.43962121 ], [ 13.44135315, 52.44030795 ], [ 13.44149348, 52.44050947 ], [ 13.44155887, 52.4406965 ], [ 13.44158053, 52.44114407 ], [ 13.44192486, 52.44108979 ], [ 13.44193999, 52.44098916 ], [ 13.44279406, 52.4407137 ], [ 13.44276356, 52.44062289 ], [ 13.44334824, 52.44041171 ], [ 13.4437534, 52.44022901 ], [ 13.44391852, 52.44012772 ], [ 13.44403812, 52.44000928 ], [ 13.44415694, 52.43972459 ], [ 13.44430779, 52.43916046 ], [ 13.44435601, 52.43887745 ], [ 13.4443822, 52.43858992 ], [ 13.44435368, 52.43801922 ], [ 13.44422897, 52.43759576 ], [ 13.44463927, 52.43758291 ], [ 13.44476336, 52.43708884 ], [ 13.44403208, 52.43720184 ], [ 13.44305191, 52.43740971 ], [ 13.44265146, 52.43752681 ], [ 13.44230395, 52.4376431 ], [ 13.44252043, 52.43791933 ], [ 13.44284677, 52.43829548 ], [ 13.44307317, 52.43865339 ], [ 13.44316822, 52.43882258 ], [ 13.4433422, 52.43919669 ], [ 13.44339235, 52.43935046 ], [ 13.4434066, 52.43946012 ], [ 13.44337489, 52.43966137 ], [ 13.4433288, 52.43978082 ], [ 13.44323869, 52.43988133 ], [ 13.44313684, 52.43997331 ], [ 13.44303554, 52.44002842 ], [ 13.44285978, 52.44008016 ], [ 13.44266822, 52.44009612 ], [ 13.44249274, 52.44007959 ], [ 13.44231206, 52.44003705 ], [ 13.44214428, 52.43996051 ], [ 13.44186129, 52.43976685 ], [ 13.44150043, 52.43950265 ], [ 13.44019627, 52.43846035 ], [ 13.44022842, 52.43886203 ] ] ] } },
{ "type": "Feature", "properties": { "id": "versorggruen_2020.1400806451000000", "styp_id": "1400806451000000", "sst_name": "Zeilenbebauung seit den 50er Jahren", "voeff_name": "versorgter Bereich", "vpriv_name": "mittel: Zeilen oder kompakte Siedlung", "versorg_sst": 2, "esst_name": "Row development since the 1950s", "evoeff_name": "good availability", "evpriv_name": "medium: row development or compact settlement" }, "geometry": { "type": "Polygon", "coordinates": [ [ [ 13.44187746, 52.43965603 ], [ 13.44215861, 52.43984176 ], [ 13.44242957, 52.43996095 ], [ 13.44256755, 52.43999844 ], [ 13.442775, 52.44000201 ], [ 13.44291877, 52.43996647 ], [ 13.44302536, 52.43991788 ], [ 13.44311973, 52.4398443 ], [ 13.44318036, 52.43976172 ], [ 13.44325627, 52.43954256 ], [ 13.44325668, 52.43944191 ], [ 13.44323526, 52.43932981 ], [ 13.44314582, 52.43909236 ], [ 13.44293199, 52.43866586 ], [ 13.44270545, 52.4383339 ], [ 13.44240121, 52.4379461 ], [ 13.44216993, 52.43769591 ], [ 13.44032945, 52.43841179 ], [ 13.44187746, 52.43965603 ] ] ] } },
{ "type": "Feature", "properties": { "id": "versorggruen_2020.1400806511000100", "styp_id": "1400806511000100", "sst_name": "niedrige Bebauung mit Hausgärten", "voeff_name": "versorgter Bereich", "vpriv_name": "hoch: aufgelockerte Siedlungsbebauung", "versorg_sst": 1, "esst_name": "Low buildings with yards", "evoeff_name": "good availability", "evpriv_name": "high: loose settlement development" }, "geometry": { "type": "Polygon", "coordinates": [ [ [ 13.44812936, 52.43194911 ], [ 13.44837385, 52.43262855 ], [ 13.44908992, 52.43252569 ], [ 13.44884474, 52.43184926 ], [ 13.44798296, 52.43162398 ], [ 13.44812936, 52.43194911 ] ] ] } },
{ "type": "Feature", "properties": { "id": "versorggruen_2020.1400806541000000", "styp_id": "1400806541000000", "sst_name": "niedrige Bebauung mit Hausgärten", "voeff_name": "versorgter Bereich", "vpriv_name": "hoch: aufgelockerte Siedlungsbebauung", "versorg_sst": 1, "esst_name": "Low buildings with yards", "evoeff_name": "good availability", "evpriv_name": "high: loose settlement development" }, "geometry": { "type": "Polygon", "coordinates": [ [ [ 13.44703647, 52.42953903 ], [ 13.44779725, 52.43120781 ], [ 13.44790986, 52.43118741 ], [ 13.4479724, 52.431327 ], [ 13.44870172, 52.43151824 ], [ 13.44774179, 52.42941213 ], [ 13.44703647, 52.42953903 ] ] ] } },
{ "type": "Feature", "properties": { "id": "versorggruen_2020.1400806551000100", "styp_id": "1400806551000100", "sst_name": "Zeilenbebauung seit den 50er Jahren", "voeff_name": "nicht versorgter Bereich", "vpriv_name": "mittel: Zeilen oder kompakte Siedlung", "versorg_sst": 11, "esst_name": "Row development since the 1950s", "evoeff_name": "no availability", "evpriv_name": "medium: row development or compact settlement" }, "geometry": { "type": "Polygon", "coordinates": [ [ [ 13.44716672, 52.46415683 ], [ 13.44730276, 52.46413475 ], [ 13.44761675, 52.46355871 ], [ 13.44724179, 52.46349895 ], [ 13.44495607, 52.46319518 ], [ 13.44472213, 52.46317851 ], [ 13.44466177, 52.46326272 ], [ 13.44478219, 52.46329332 ], [ 13.44460547, 52.46350372 ], [ 13.44452149, 52.46367568 ], [ 13.44716672, 52.46415683 ] ] ] } },
{ "type": "Feature", "properties": { "id": "versorggruen_2020.1400806561000100", "styp_id": "1400806561000100", "sst_name": "Blockrand- und Zeilenbebauung der 20er und 30er Jahre", "voeff_name": "nicht versorgter Bereich", "vpriv_name": "mittel: Zeilen oder kompakte Siedlung", "versorg_sst": 11, "esst_name": "Block-edge and row development of the 1920s and 1930s", "evoeff_name": "no availability", "evpriv_name": "medium: row development or compact settlement" }, "geometry": { "type": "Polygon", "coordinates": [ [ [ 13.44821238, 52.46436549 ], [ 13.45124238, 52.46499025 ], [ 13.45185659, 52.46508345 ], [ 13.45224179, 52.46512347 ], [ 13.45246946, 52.465133 ], [ 13.45248868, 52.46510967 ], [ 13.45275744, 52.4651508 ], [ 13.45269667, 52.46511289 ], [ 13.45246391, 52.46472266 ], [ 13.45239644, 52.46424943 ], [ 13.45187618, 52.46429981 ], [ 13.45146089, 52.4642992 ], [ 13.45137864, 52.46428771 ], [ 13.45136774, 52.46435886 ], [ 13.4512446, 52.46439499 ], [ 13.45116409, 52.46440212 ], [ 13.4510595, 52.4643947 ], [ 13.45068042, 52.46432314 ], [ 13.45032711, 52.46423842 ], [ 13.45025917, 52.464375 ], [ 13.44962217, 52.4642441 ], [ 13.44956822, 52.46434099 ], [ 13.44823676, 52.46406166 ], [ 13.44836581, 52.46384024 ], [ 13.44779313, 52.46374292 ], [ 13.44755667, 52.46418123 ], [ 13.44764587, 52.46424553 ], [ 13.44821238, 52.46436549 ] ] ] } },
{ "type": "Feature", "properties": { "id": "versorggruen_2020.1400806571000100", "styp_id": "1400806571000100", "sst_name": "geringe Bebauung mit überwiegender Nutzung durch Gewerbe und Industrie", "voeff_name": "nicht versorgter Bereich", "vpriv_name": "gering: Blockrandbebauung", "versorg_sst": 12, "esst_name": "Sparse development with predominantly commercial and industrial use", "evoeff_name": "no availability", "evpriv_name": "low: Wilhelminian-period block-edge development" }, "geometry": { "type": "Polygon", "coordinates": [ [ [ 13.44983981, 52.46073282 ], [ 13.44998295, 52.46071542 ], [ 13.45043559, 52.46010231 ], [ 13.45057127, 52.46001983 ], [ 13.45083192, 52.46000283 ], [ 13.44995194, 52.45981383 ], [ 13.4492997, 52.45976721 ], [ 13.44882029, 52.45971976 ], [ 13.4474353, 52.45950648 ], [ 13.44740691, 52.45961248 ], [ 13.44710524, 52.45999665 ], [ 13.44983981, 52.46073282 ] ] ] } },
{ "type": "Feature", "properties": { "id": "versorggruen_2020.1400806581000000", "styp_id": "1400806581000000", "sst_name": "Zeilenbebauung seit den 50er Jahren", "voeff_name": "versorgter Bereich", "vpriv_name": "mittel: Zeilen oder kompakte Siedlung", "versorg_sst": 2, "esst_name": "Row development since the 1950s", "evoeff_name": "good availability", "evpriv_name": "medium: row development or compact settlement" }, "geometry": { "type": "Polygon", "coordinates": [ [ [ 13.44465232, 52.45520967 ], [ 13.44537561, 52.45600337 ], [ 13.4464059, 52.45696964 ], [ 13.44861104, 52.45725172 ], [ 13.44919518, 52.45649233 ], [ 13.44805565, 52.4563549 ], [ 13.44802784, 52.45648296 ], [ 13.44633458, 52.45627885 ], [ 13.44637662, 52.45612589 ], [ 13.4466558, 52.45531517 ], [ 13.44478825, 52.45508815 ], [ 13.44465232, 52.45520967 ] ] ] } },
{ "type": "Feature", "properties": { "id": "versorggruen_2020.1400806591000000", "styp_id": "1400806591000000", "sst_name": "Blockrand- und Zeilenbebauung der 20er und 30er Jahre", "voeff_name": "versorgter Bereich", "vpriv_name": "mittel: Zeilen oder kompakte Siedlung", "versorg_sst": 2, "esst_name": "Block-edge and row development of the 1920s and 1930s", "evoeff_name": "good availability", "evpriv_name": "medium: row development or compact settlement" }, "geometry": { "type": "Polygon", "coordinates": [ [ [ 13.45302579, 52.45411445 ], [ 13.45329679, 52.45368579 ], [ 13.4532687, 52.45362227 ], [ 13.453359, 52.453481 ], [ 13.45366099, 52.45355792 ], [ 13.4535683, 52.45370928 ], [ 13.45350203, 52.45374525 ], [ 13.45322795, 52.45416748 ], [ 13.45428425, 52.45445271 ], [ 13.45529183, 52.45315354 ], [ 13.45231408, 52.45270044 ], [ 13.45225022, 52.45286897 ], [ 13.45191853, 52.45342116 ], [ 13.45199053, 52.45344284 ], [ 13.45175045, 52.45377077 ], [ 13.45302579, 52.45411445 ] ] ] } },
{ "type": "Feature", "properties": { "id": "versorggruen_2020.1400806601000200", "styp_id": "1400806601000200", "sst_name": "Blockrandbebauung der Gründerzeit mit massiven Veränderungen", "voeff_name": "nicht versorgter Bereich", "vpriv_name": "gering: Blockrandbebauung", "versorg_sst": 12, "esst_name": "Wilhelminian-period block-edge development with major changes", "evoeff_name": "no availability", "evpriv_name": "low: Wilhelminian-period block-edge development" }, "geometry": { "type": "Polygon", "coordinates": [ [ [ 13.4533314, 52.45258719 ], [ 13.45345284, 52.45224105 ], [ 13.45359143, 52.45220448 ], [ 13.45380384, 52.45145495 ], [ 13.4536783, 52.45142598 ], [ 13.45405902, 52.45046217 ], [ 13.45334291, 52.45034685 ], [ 13.45292555, 52.45138547 ], [ 13.452524, 52.45246334 ], [ 13.4533314, 52.45258719 ] ] ] } },
{ "type": "Feature", "properties": { "id": "versorggruen_2020.1400806601000400", "styp_id": "1400806601000400", "sst_name": "Blockrand- und Zeilenbebauung der 20er und 30er Jahre", "voeff_name": "nicht versorgter Bereich", "vpriv_name": "mittel: Zeilen oder kompakte Siedlung", "versorg_sst": 11, "esst_name": "Block-edge and row development of the 1920s and 1930s", "evoeff_name": "no availability", "evpriv_name": "medium: row development or compact settlement" }, "geometry": { "type": "Polygon", "coordinates": [ [ [ 13.45492926, 52.44835807 ], [ 13.4550357, 52.44806985 ], [ 13.45589076, 52.44596308 ], [ 13.45879935, 52.44583374 ], [ 13.45992345, 52.44655849 ], [ 13.46045733, 52.44624939 ], [ 13.45975661, 52.44580862 ], [ 13.45941883, 52.44566434 ], [ 13.45896634, 52.44554058 ], [ 13.45864881, 52.44549609 ], [ 13.4582106, 52.44547839 ], [ 13.45820055, 52.44541007 ], [ 13.45528096, 52.44552324 ], [ 13.45418564, 52.44824951 ], [ 13.45492926, 52.44835807 ] ] ] } },
{ "type": "Feature", "properties": { "id": "versorggruen_2020.1400806611000200", "styp_id": "1400806611000200", "sst_name": "Zeilenbebauung seit den 50er Jahren", "voeff_name": "versorgter Bereich", "vpriv_name": "mittel: Zeilen oder kompakte Siedlung", "versorg_sst": 2, "esst_name": "Row development since the 1950s", "evoeff_name": "good availability", "evpriv_name": "medium: row development or compact settlement" }, "geometry": { "type": "Polygon", "coordinates": [ [ [ 13.44812399, 52.44270613 ], [ 13.44831851, 52.44284131 ], [ 13.44866648, 52.44311711 ], [ 13.44884039, 52.44327343 ], [ 13.44913982, 52.44357504 ], [ 13.44941319, 52.4439048 ], [ 13.45199154, 52.4433665 ], [ 13.45183006, 52.44307652 ], [ 13.45162154, 52.44249868 ], [ 13.45153614, 52.44238387 ], [ 13.45147051, 52.44231788 ], [ 13.45142718, 52.44216897 ], [ 13.4514537, 52.44202626 ], [ 13.45161968, 52.44198613 ], [ 13.45177347, 52.44204462 ], [ 13.45178361, 52.44240985 ], [ 13.4518087, 52.44262828 ], [ 13.45188976, 52.44285643 ], [ 13.45195099, 52.44299402 ], [ 13.45213194, 52.44333787 ], [ 13.45593791, 52.44254027 ], [ 13.45597207, 52.44251192 ], [ 13.45460449, 52.44135785 ], [ 13.45359584, 52.44169158 ], [ 13.45342555, 52.44161584 ], [ 13.45344937, 52.44154039 ], [ 13.45349077, 52.44148293 ], [ 13.45366147, 52.44145443 ], [ 13.45379379, 52.44146451 ], [ 13.45389664, 52.44148712 ], [ 13.45451067, 52.44128222 ], [ 13.4535831, 52.44043882 ], [ 13.45305874, 52.43990784 ], [ 13.452339, 52.44007303 ], [ 13.45178372, 52.44023939 ], [ 13.45139477, 52.44037445 ], [ 13.45116987, 52.44045773 ], [ 13.4509312, 52.44056701 ], [ 13.45067654, 52.44063133 ], [ 13.4504514, 52.44066785 ], [ 13.45022645, 52.44065852 ], [ 13.44994131, 52.44062215 ], [ 13.44977675, 52.44058596 ], [ 13.44950665, 52.44046693 ], [ 13.44925287, 52.44031108 ], [ 13.44914739, 52.44021027 ], [ 13.44869609, 52.44037569 ], [ 13.44890403, 52.44064906 ], [ 13.44916067, 52.44091835 ], [ 13.44946759, 52.44119155 ], [ 13.44943611, 52.44120302 ], [ 13.4495427, 52.44127233 ], [ 13.44973713, 52.44138311 ], [ 13.45001761, 52.44148192 ], [ 13.45017772, 52.44152701 ], [ 13.45046822, 52.44158107 ], [ 13.45080264, 52.44162515 ], [ 13.45071314, 52.44206077 ], [ 13.45070148, 52.44223506 ], [ 13.45081547, 52.44253691 ], [ 13.4510556, 52.44284565 ], [ 13.45130644, 52.4432181 ], [ 13.44959903, 52.44357757 ], [ 13.44920564, 52.44318815 ], [ 13.44896511, 52.44297996 ], [ 13.44869718, 52.44276838 ], [ 13.44850022, 52.44264071 ], [ 13.44820447, 52.44242936 ], [ 13.44819939, 52.44242573 ], [ 13.44792653, 52.44260192 ], [ 13.44812399, 52.44270613 ] ] ] } },
{ "type": "Feature", "properties": { "id": "versorggruen_2020.1400806611000400", "styp_id": "1400806611000400", "sst_name": "Zeilenbebauung seit den 50er Jahren", "voeff_name": "versorgter Bereich", "vpriv_name": "mittel: Zeilen oder kompakte Siedlung", "versorg_sst": 2, "esst_name": "Row development since the 1950s", "evoeff_name": "good availability", "evpriv_name": "medium: row development or compact settlement" }, "geometry": { "type": "Polygon", "coordinates": [ [ [ 13.44839782, 52.43923181 ], [ 13.44839674, 52.43949997 ], [ 13.44895196, 52.43947069 ], [ 13.44898277, 52.4393351 ], [ 13.44904378, 52.43921497 ], [ 13.44918062, 52.43905488 ], [ 13.44933248, 52.43891948 ], [ 13.44953682, 52.43880894 ], [ 13.44977692, 52.43870865 ], [ 13.45069597, 52.43852078 ], [ 13.45176627, 52.43827576 ], [ 13.45131974, 52.43752651 ], [ 13.4510641, 52.4369897 ], [ 13.45044127, 52.43703343 ], [ 13.44972001, 52.43706536 ], [ 13.44897383, 52.43707106 ], [ 13.44889632, 52.43718031 ], [ 13.44875422, 52.43745886 ], [ 13.44856989, 52.43792487 ], [ 13.4484304, 52.4389254 ], [ 13.44839782, 52.43923181 ] ] ] } },
{ "type": "Feature", "properties": { "id": "versorggruen_2020.1400806641000000", "styp_id": "1400806641000000", "sst_name": "niedrige Bebauung mit Hausgärten", "voeff_name": "versorgter Bereich", "vpriv_name": "hoch: aufgelockerte Siedlungsbebauung", "versorg_sst": 1, "esst_name": "Low buildings with yards", "evoeff_name": "good availability", "evpriv_name": "high: loose settlement development" }, "geometry": { "type": "Polygon", "coordinates": [ [ [ 13.41519605, 52.44188215 ], [ 13.41883094, 52.4423411 ], [ 13.41942013, 52.44074268 ], [ 13.41761105, 52.44036814 ], [ 13.41591256, 52.44004076 ], [ 13.41519605, 52.44188215 ] ] ] } },
{ "type": "Feature", "properties": { "id": "versorggruen_2020.1400806651000000", "styp_id": "1400806651000000", "sst_name": "niedrige Bebauung mit Hausgärten", "voeff_name": "nicht versorgter Bereich", "vpriv_name": "hoch: aufgelockerte Siedlungsbebauung", "versorg_sst": 10, "esst_name": "Low buildings with yards", "evoeff_name": "no availability", "evpriv_name": "high: loose settlement development" }, "geometry": { "type": "Polygon", "coordinates": [ [ [ 13.43600515, 52.43920757 ], [ 13.43655892, 52.43900716 ], [ 13.43747776, 52.43796617 ], [ 13.4407123, 52.43430117 ], [ 13.4408774, 52.43419988 ], [ 13.44131189, 52.434374 ], [ 13.44397657, 52.43391534 ], [ 13.44374012, 52.43338926 ], [ 13.44108253, 52.43384115 ], [ 13.44034491, 52.43357811 ], [ 13.43977616, 52.43419095 ], [ 13.43924408, 52.43484074 ], [ 13.43806507, 52.4361671 ], [ 13.43721387, 52.43715876 ], [ 13.43595401, 52.43858826 ], [ 13.43590235, 52.43917685 ], [ 13.43600515, 52.43920757 ] ] ] } },
{ "type": "Feature", "properties": { "id": "versorggruen_2020.1400806661000100", "styp_id": "1400806661000100", "sst_name": "geringe Bebauung mit überwiegender Nutzung durch Gewerbe und Industrie", "voeff_name": "unterversorgter Bereich", "vpriv_name": "gering: Blockrandbebauung", "versorg_sst": 6, "esst_name": "Sparse development with predominantly commercial and industrial use", "evoeff_name": "reduced availability", "evpriv_name": "low: Wilhelminian-period block-edge development" }, "geometry": { "type": "Polygon", "coordinates": [ [ [ 13.43746937, 52.46311883 ], [ 13.43757448, 52.46275609 ], [ 13.4378219, 52.46278376 ], [ 13.43775722, 52.46300563 ], [ 13.43996539, 52.46316379 ], [ 13.44004118, 52.46298471 ], [ 13.43473309, 52.46239362 ], [ 13.43468806, 52.46253464 ], [ 13.43454156, 52.46285865 ], [ 13.43746937, 52.46311883 ] ] ] } },
{ "type": "Feature", "properties": { "id": "versorggruen_2020.1400806681000500", "styp_id": "1400806681000500", "sst_name": "niedrige Bebauung mit Hausgärten", "voeff_name": "versorgter Bereich", "vpriv_name": "hoch: aufgelockerte Siedlungsbebauung", "versorg_sst": 1, "esst_name": "Low buildings with yards", "evoeff_name": "good availability", "evpriv_name": "high: loose settlement development" }, "geometry": { "type": "Polygon", "coordinates": [ [ [ 13.42886396, 52.42604518 ], [ 13.42874095, 52.4262801 ], [ 13.43019769, 52.42666052 ], [ 13.43018487, 52.42665716 ], [ 13.43003623, 52.42636394 ], [ 13.42960533, 52.42574225 ], [ 13.42893015, 52.42485144 ], [ 13.42793983, 52.42479288 ], [ 13.42886396, 52.42604518 ] ] ] } },
{ "type": "Feature", "properties": { "id": "versorggruen_2020.1400806721000000", "styp_id": "1400806721000000", "sst_name": "Zeilenbebauung seit den 50er Jahren", "voeff_name": "versorgter Bereich", "vpriv_name": "mittel: Zeilen oder kompakte Siedlung", "versorg_sst": 2, "esst_name": "Row development since the 1950s", "evoeff_name": "good availability", "evpriv_name": "medium: row development or compact settlement" }, "geometry": { "type": "Polygon", "coordinates": [ [ [ 13.43231662, 52.440661 ], [ 13.43339611, 52.43935447 ], [ 13.43346026, 52.43919794 ], [ 13.43345365, 52.43903534 ], [ 13.43338358, 52.43887263 ], [ 13.43324022, 52.43872323 ], [ 13.43302359, 52.43858564 ], [ 13.43275062, 52.43849271 ], [ 13.43247501, 52.43844601 ], [ 13.43219188, 52.43844555 ], [ 13.43191303, 52.43849399 ], [ 13.4316817, 52.43858134 ], [ 13.43150105, 52.43870862 ], [ 13.43140016, 52.43882305 ], [ 13.43132406, 52.43898515 ], [ 13.43132345, 52.43912264 ], [ 13.43138444, 52.43929619 ], [ 13.43231662, 52.440661 ] ] ] } },
{ "type": "Feature", "properties": { "id": "versorggruen_2020.1400806731000000", "styp_id": "1400806731000000", "sst_name": "Zeilenbebauung seit den 50er Jahren", "voeff_name": "versorgter Bereich", "vpriv_name": "mittel: Zeilen oder kompakte Siedlung", "versorg_sst": 2, "esst_name": "Row development since the 1950s", "evoeff_name": "good availability", "evpriv_name": "medium: row development or compact settlement" }, "geometry": { "type": "Polygon", "coordinates": [ [ [ 13.43164381, 52.44183444 ], [ 13.43436653, 52.43864325 ], [ 13.43462769, 52.43827348 ], [ 13.43395437, 52.43811633 ], [ 13.43121281, 52.43754171 ], [ 13.42979498, 52.4392338 ], [ 13.43030695, 52.43981448 ], [ 13.43035134, 52.43986545 ], [ 13.43117051, 52.44078492 ], [ 13.43121295, 52.44083262 ], [ 13.4317207, 52.44140681 ], [ 13.43222782, 52.44078936 ], [ 13.43118874, 52.43932372 ], [ 13.43112927, 52.4391403 ], [ 13.43114323, 52.43897586 ], [ 13.4312317, 52.43879499 ], [ 13.43136308, 52.43864009 ], [ 13.43156296, 52.43849847 ], [ 13.43184148, 52.43839548 ], [ 13.43216217, 52.4383332 ], [ 13.43246818, 52.43833412 ], [ 13.43281211, 52.4383869 ], [ 13.43310942, 52.43849479 ], [ 13.43339912, 52.4386668 ], [ 13.43354729, 52.43883113 ], [ 13.43363191, 52.43901624 ], [ 13.43362867, 52.43919971 ], [ 13.43355211, 52.43940544 ], [ 13.43341709, 52.43957974 ], [ 13.43241017, 52.44076429 ], [ 13.43137551, 52.44198138 ], [ 13.43164381, 52.44183444 ] ] ] } },
{ "type": "Feature", "properties": { "id": "versorggruen_2020.1400806751000100", "styp_id": "1400806751000100", "sst_name": "Zeilenbebauung seit den 50er Jahren", "voeff_name": "versorgter Bereich", "vpriv_name": "mittel: Zeilen oder kompakte Siedlung", "versorg_sst": 2, "esst_name": "Row development since the 1950s", "evoeff_name": "good availability", "evpriv_name": "medium: row development or compact settlement" }, "geometry": { "type": "Polygon", "coordinates": [ [ [ 13.43506295, 52.4402104 ], [ 13.43511122, 52.44026979 ], [ 13.43532266, 52.44027225 ], [ 13.43548918, 52.44024286 ], [ 13.43563498, 52.44019649 ], [ 13.43646548, 52.43972754 ], [ 13.43650004, 52.43975302 ], [ 13.43719087, 52.43943415 ], [ 13.4380854, 52.43906985 ], [ 13.43789675, 52.43890951 ], [ 13.43631693, 52.43953968 ], [ 13.43590152, 52.43937006 ], [ 13.43515448, 52.43937335 ], [ 13.43506295, 52.4402104 ] ] ] } },
{ "type": "Feature", "properties": { "id": "versorggruen_2020.1400806751000400", "styp_id": "1400806751000400", "sst_name": "Zeilenbebauung seit den 50er Jahren", "voeff_name": "versorgter Bereich", "vpriv_name": "mittel: Zeilen oder kompakte Siedlung", "versorg_sst": 2, "esst_name": "Row development since the 1950s", "evoeff_name": "good availability", "evpriv_name": "medium: row development or compact settlement" }, "geometry": { "type": "Polygon", "coordinates": [ [ [ 13.44930933, 52.43687108 ], [ 13.45009906, 52.4368435 ], [ 13.45041997, 52.43679847 ], [ 13.45067755, 52.43673284 ], [ 13.45090978, 52.43665164 ], [ 13.45037528, 52.43526071 ], [ 13.44951924, 52.43613031 ], [ 13.4491974, 52.43647168 ], [ 13.44896365, 52.43687447 ], [ 13.44930933, 52.43687108 ] ] ] } },
{ "type": "Feature", "properties": { "id": "versorggruen_2020.1400806761000000", "styp_id": "1400806761000000", "sst_name": "niedrige Bebauung mit Hausgärten", "voeff_name": "versorgter Bereich", "vpriv_name": "hoch: aufgelockerte Siedlungsbebauung", "versorg_sst": 1, "esst_name": "Low buildings with yards", "evoeff_name": "good availability", "evpriv_name": "high: loose settlement development" }, "geometry": { "type": "Polygon", "coordinates": [ [ [ 13.44335312, 52.43011404 ], [ 13.4433392, 52.4298398 ], [ 13.44336565, 52.42969893 ], [ 13.44343612, 52.42951643 ], [ 13.44348045, 52.42944405 ], [ 13.44359892, 52.42930909 ], [ 13.44371935, 52.42920889 ], [ 13.44449286, 52.42861801 ], [ 13.44434853, 52.42854498 ], [ 13.44410435, 52.42844579 ], [ 13.44269406, 52.42994092 ], [ 13.44335312, 52.43011404 ] ] ] } },
{ "type": "Feature", "properties": { "id": "versorggruen_2020.1400806771000000", "styp_id": "1400806771000000", "sst_name": "niedrige Bebauung mit Hausgärten", "voeff_name": "versorgter Bereich", "vpriv_name": "hoch: aufgelockerte Siedlungsbebauung", "versorg_sst": 1, "esst_name": "Low buildings with yards", "evoeff_name": "good availability", "evpriv_name": "high: loose settlement development" }, "geometry": { "type": "Polygon", "coordinates": [ [ [ 13.44437853, 52.42849172 ], [ 13.44455153, 52.42857454 ], [ 13.44591759, 52.42753882 ], [ 13.4460718, 52.42744007 ], [ 13.44653627, 52.42709954 ], [ 13.44652193, 52.42704327 ], [ 13.44573146, 52.42673772 ], [ 13.44415241, 52.42839646 ], [ 13.44437853, 52.42849172 ] ] ] } },
{ "type": "Feature", "properties": { "id": "versorggruen_2020.1400810031000000", "styp_id": "1400810031000000", "sst_name": "Zeilenbebauung seit den 50er Jahren", "voeff_name": "versorgter Bereich", "vpriv_name": "mittel: Zeilen oder kompakte Siedlung", "versorg_sst": 2, "esst_name": "Row development since the 1950s", "evoeff_name": "good availability", "evpriv_name": "medium: row development or compact settlement" }, "geometry": { "type": "Polygon", "coordinates": [ [ [ 13.42166511, 52.42442165 ], [ 13.42793983, 52.42479288 ], [ 13.42893015, 52.42485144 ], [ 13.42874013, 52.42460938 ], [ 13.42869788, 52.42452573 ], [ 13.42860995, 52.42446538 ], [ 13.42223914, 52.42409956 ], [ 13.42198378, 52.42400925 ], [ 13.42135307, 52.42434246 ], [ 13.42166511, 52.42442165 ] ] ] } },
{ "type": "Feature", "properties": { "id": "versorggruen_2020.1400810051000000", "styp_id": "1400810051000000", "sst_name": "niedrige Bebauung mit Hausgärten", "voeff_name": "versorgter Bereich", "vpriv_name": "hoch: aufgelockerte Siedlungsbebauung", "versorg_sst": 1, "esst_name": "Low buildings with yards", "evoeff_name": "good availability", "evpriv_name": "high: loose settlement development" }, "geometry": { "type": "Polygon", "coordinates": [ [ [ 13.43621566, 52.42688001 ], [ 13.43703006, 52.42681641 ], [ 13.43705655, 52.42660631 ], [ 13.43710004, 52.42660832 ], [ 13.43728696, 52.42514773 ], [ 13.43569709, 52.42495558 ], [ 13.43559736, 52.42501752 ], [ 13.43551568, 52.42530977 ], [ 13.43546065, 52.42530968 ], [ 13.43528524, 52.42671956 ], [ 13.43534027, 52.42671965 ], [ 13.43533745, 52.42688265 ], [ 13.43621566, 52.42688001 ] ] ] } },
{ "type": "Feature", "properties": { "id": "versorggruen_2020.1400810061000000", "styp_id": "1400810061000000", "sst_name": "niedrige Bebauung mit Hausgärten", "voeff_name": "versorgter Bereich", "vpriv_name": "hoch: aufgelockerte Siedlungsbebauung", "versorg_sst": 1, "esst_name": "Low buildings with yards", "evoeff_name": "good availability", "evpriv_name": "high: loose settlement development" }, "geometry": { "type": "Polygon", "coordinates": [ [ [ 13.43870621, 52.42673119 ], [ 13.43879337, 52.42672144 ], [ 13.43888722, 52.42609256 ], [ 13.43892021, 52.42593984 ], [ 13.43907588, 52.42541785 ], [ 13.43743258, 52.42517485 ], [ 13.43724641, 52.42661569 ], [ 13.43726126, 52.42661636 ], [ 13.43724549, 52.42683035 ], [ 13.43870621, 52.42673119 ] ] ] } },
{ "type": "Feature", "properties": { "id": "versorggruen_2020.1400810071000000", "styp_id": "1400810071000000", "sst_name": "niedrige Bebauung mit Hausgärten", "voeff_name": "versorgter Bereich", "vpriv_name": "hoch: aufgelockerte Siedlungsbebauung", "versorg_sst": 1, "esst_name": "Low buildings with yards", "evoeff_name": "good availability", "evpriv_name": "high: loose settlement development" }, "geometry": { "type": "Polygon", "coordinates": [ [ [ 13.4404433, 52.42660557 ], [ 13.4405294, 52.42654234 ], [ 13.44053976, 52.42639802 ], [ 13.44061451, 52.42610248 ], [ 13.44078175, 52.42582566 ], [ 13.44023249, 52.42566342 ], [ 13.43994131, 52.42559236 ], [ 13.43960068, 52.42551282 ], [ 13.43921326, 52.42544328 ], [ 13.43908344, 52.42592752 ], [ 13.43894902, 52.42664578 ], [ 13.43901523, 52.42671191 ], [ 13.4404433, 52.42660557 ] ] ] } },
{ "type": "Feature", "properties": { "id": "versorggruen_2020.1400810081000000", "styp_id": "1400810081000000", "sst_name": "niedrige Bebauung mit Hausgärten", "voeff_name": "versorgter Bereich", "vpriv_name": "hoch: aufgelockerte Siedlungsbebauung", "versorg_sst": 1, "esst_name": "Low buildings with yards", "evoeff_name": "good availability", "evpriv_name": "high: loose settlement development" }, "geometry": { "type": "Polygon", "coordinates": [ [ [ 13.44094183, 52.4265721 ], [ 13.44228962, 52.42663801 ], [ 13.44244687, 52.42664815 ], [ 13.44296717, 52.42667412 ], [ 13.44090527, 52.42587797 ], [ 13.44074965, 52.42612606 ], [ 13.44067942, 52.42639645 ], [ 13.44067029, 52.42658954 ], [ 13.44094183, 52.4265721 ] ] ] } },
{ "type": "Feature", "properties": { "id": "versorggruen_2020.1400810091000000", "styp_id": "1400810091000000", "sst_name": "geringe Bebauung mit überwiegender Nutzung durch Gewerbe und Industrie", "voeff_name": "nicht versorgter Bereich", "vpriv_name": "gering: Blockrandbebauung", "versorg_sst": 12, "esst_name": "Sparse development with predominantly commercial and industrial use", "evoeff_name": "no availability", "evpriv_name": "low: Wilhelminian-period block-edge development" }, "geometry": { "type": "Polygon", "coordinates": [ [ [ 13.44388136, 52.42565735 ], [ 13.44568404, 52.42635002 ], [ 13.4459523, 52.42606976 ], [ 13.44635029, 52.4257306 ], [ 13.44654824, 52.42560194 ], [ 13.44693235, 52.42538856 ], [ 13.44715506, 52.42528097 ], [ 13.44739752, 52.42520001 ], [ 13.44414837, 52.42472045 ], [ 13.44249407, 52.42449591 ], [ 13.44170795, 52.4244138 ], [ 13.44158153, 52.4244154 ], [ 13.44135638, 52.42446987 ], [ 13.44126649, 52.42452455 ], [ 13.44129558, 52.42459828 ], [ 13.44388136, 52.42565735 ] ] ] } },
{ "type": "Feature", "properties": { "id": "versorggruen_2020.1400810101000000", "styp_id": "1400810101000000", "sst_name": "niedrige Bebauung mit Hausgärten", "voeff_name": "nicht versorgter Bereich", "vpriv_name": "hoch: aufgelockerte Siedlungsbebauung", "versorg_sst": 10, "esst_name": "Low buildings with yards", "evoeff_name": "no availability", "evpriv_name": "high: loose settlement development" }, "geometry": { "type": "Polygon", "coordinates": [ [ [ 13.43926038, 52.42535427 ], [ 13.43997744, 52.42550165 ], [ 13.4403098, 52.4255879 ], [ 13.44060366, 52.42567409 ], [ 13.4410155, 52.42583261 ], [ 13.4439849, 52.42692463 ], [ 13.44460954, 52.42628579 ], [ 13.44026231, 52.42456251 ], [ 13.43965603, 52.42436385 ], [ 13.43926038, 52.42535427 ] ] ] } },
{ "type": "Feature", "properties": { "id": "versorggruen_2020.1400810111000000", "styp_id": "1400810111000000", "sst_name": "niedrige Bebauung mit Hausgärten", "voeff_name": "nicht versorgter Bereich", "vpriv_name": "hoch: aufgelockerte Siedlungsbebauung", "versorg_sst": 10, "esst_name": "Low buildings with yards", "evoeff_name": "no availability", "evpriv_name": "high: loose settlement development" }, "geometry": { "type": "Polygon", "coordinates": [ [ [ 13.43911749, 52.42533387 ], [ 13.439312, 52.4248551 ], [ 13.43948282, 52.42430606 ], [ 13.43916235, 52.42424095 ], [ 13.43917523, 52.42419698 ], [ 13.43781537, 52.42399429 ], [ 13.43782604, 52.42397361 ], [ 13.43669265, 52.4237635 ], [ 13.43589985, 52.42455874 ], [ 13.43578712, 52.42469051 ], [ 13.43581825, 52.42483158 ], [ 13.43911749, 52.42533387 ] ] ] } },
{ "type": "Feature", "properties": { "id": "versorggruen_2020.1400810131000000", "styp_id": "1400810131000000", "sst_name": "niedrige Bebauung mit Hausgärten", "voeff_name": "nicht versorgter Bereich", "vpriv_name": "hoch: aufgelockerte Siedlungsbebauung", "versorg_sst": 10, "esst_name": "Low buildings with yards", "evoeff_name": "no availability", "evpriv_name": "high: loose settlement development" }, "geometry": { "type": "Polygon", "coordinates": [ [ [ 13.44436352, 52.42459407 ], [ 13.44611051, 52.42485577 ], [ 13.44635578, 52.42340672 ], [ 13.44467396, 52.42338041 ], [ 13.44436352, 52.42459407 ] ] ] } },
{ "type": "Feature", "properties": { "id": "versorggruen_2020.1400810141000000", "styp_id": "1400810141000000", "sst_name": "niedrige Bebauung mit Hausgärten", "voeff_name": "nicht versorgter Bereich", "vpriv_name": "hoch: aufgelockerte Siedlungsbebauung", "versorg_sst": 10, "esst_name": "Low buildings with yards", "evoeff_name": "no availability", "evpriv_name": "high: loose settlement development" }, "geometry": { "type": "Polygon", "coordinates": [ [ [ 13.43989842, 52.42405509 ], [ 13.44093599, 52.42446382 ], [ 13.44107132, 52.42444246 ], [ 13.44115981, 52.4243743 ], [ 13.44128208, 52.42431249 ], [ 13.44142921, 52.42428036 ], [ 13.44155565, 52.42427697 ], [ 13.44156759, 52.42423295 ], [ 13.44256524, 52.42434864 ], [ 13.44332042, 52.42444507 ], [ 13.44427977, 52.42458315 ], [ 13.44459312, 52.42337633 ], [ 13.44261785, 52.42336468 ], [ 13.44010291, 52.4233203 ], [ 13.44000872, 52.42334891 ], [ 13.43985016, 52.42364791 ], [ 13.43985945, 52.42365222 ], [ 13.43974426, 52.42401171 ], [ 13.43989842, 52.42405509 ] ] ] } },
{ "type": "Feature", "properties": { "id": "versorggruen_2020.1400810151000000", "styp_id": "1400810151000000", "sst_name": "geringe Bebauung mit überwiegender Nutzung durch Gewerbe und Industrie", "voeff_name": "versorgter Bereich", "vpriv_name": "gering: Blockrandbebauung", "versorg_sst": 3, "esst_name": "Sparse development with predominantly commercial and industrial use", "evoeff_name": "good availability", "evpriv_name": "low: Wilhelminian-period block-edge development" }, "geometry": { "type": "Polygon", "coordinates": [ [ [ 13.43291122, 52.42244961 ], [ 13.43314679, 52.42269712 ], [ 13.43339317, 52.42282873 ], [ 13.43504102, 52.42325634 ], [ 13.43515873, 52.42313536 ], [ 13.43295575, 52.42235172 ], [ 13.43291122, 52.42244961 ] ] ] } },
{ "type": "Feature", "properties": { "id": "versorggruen_2020.1400810171000000", "styp_id": "1400810171000000", "sst_name": "niedrige Bebauung mit Hausgärten", "voeff_name": "versorgter Bereich", "vpriv_name": "hoch: aufgelockerte Siedlungsbebauung", "versorg_sst": 1, "esst_name": "Low buildings with yards", "evoeff_name": "good availability", "evpriv_name": "high: loose settlement development" }, "geometry": { "type": "Polygon", "coordinates": [ [ [ 13.42707457, 52.42136239 ], [ 13.42682782, 52.42132064 ], [ 13.42658361, 52.42136606 ], [ 13.42642294, 52.42146553 ], [ 13.42577464, 52.42212675 ], [ 13.42555941, 52.42226298 ], [ 13.42477851, 52.42266426 ], [ 13.42503635, 52.42285521 ], [ 13.42575354, 52.42288879 ], [ 13.42594503, 52.42280014 ], [ 13.42609784, 52.42281388 ], [ 13.42614909, 52.42285801 ], [ 13.42612492, 52.42300175 ], [ 13.42503297, 52.42295047 ], [ 13.42494926, 52.42293415 ], [ 13.42466065, 52.42272157 ], [ 13.42220915, 52.42390989 ], [ 13.4221986, 52.42396649 ], [ 13.42231011, 52.42401161 ], [ 13.4287162, 52.42437389 ], [ 13.42873304, 52.42422384 ], [ 13.42869073, 52.42415188 ], [ 13.42854545, 52.42409681 ], [ 13.42837533, 52.42400666 ], [ 13.4280838, 52.4237842 ], [ 13.42709031, 52.42243363 ], [ 13.42690972, 52.42206218 ], [ 13.42689623, 52.42179525 ], [ 13.42699278, 52.42157254 ], [ 13.42709781, 52.42142534 ], [ 13.42707457, 52.42136239 ] ] ] } },
{ "type": "Feature", "properties": { "id": "versorggruen_2020.1400810181000100", "styp_id": "1400810181000100", "sst_name": "niedrige Bebauung mit Hausgärten", "voeff_name": "versorgter Bereich", "vpriv_name": "hoch: aufgelockerte Siedlungsbebauung", "versorg_sst": 1, "esst_name": "Low buildings with yards", "evoeff_name": "good availability", "evpriv_name": "high: loose settlement development" }, "geometry": { "type": "Polygon", "coordinates": [ [ [ 13.42266429, 52.42084712 ], [ 13.42399352, 52.42093006 ], [ 13.4243875, 52.42026117 ], [ 13.4215143, 52.41961138 ], [ 13.42081282, 52.42074385 ], [ 13.42266429, 52.42084712 ] ] ] } },
{ "type": "Feature", "properties": { "id": "versorggruen_2020.1400810181000200", "styp_id": "1400810181000200", "sst_name": "geringe Bebauung mit überwiegender Nutzung durch Gewerbe und Industrie", "voeff_name": "versorgter Bereich", "vpriv_name": "gering: Blockrandbebauung", "versorg_sst": 3, "esst_name": "Sparse development with predominantly commercial and industrial use", "evoeff_name": "good availability", "evpriv_name": "low: Wilhelminian-period block-edge development" }, "geometry": { "type": "Polygon", "coordinates": [ [ [ 13.42660395, 52.42109289 ], [ 13.4271693, 52.42121877 ], [ 13.42724001, 52.42118294 ], [ 13.42741909, 52.42091364 ], [ 13.42555409, 52.42052585 ], [ 13.4243875, 52.42026117 ], [ 13.42399352, 52.42093006 ], [ 13.42660395, 52.42109289 ] ] ] } },
{ "type": "Feature", "properties": { "id": "versorggruen_2020.1400810221000000", "styp_id": "1400810221000000", "sst_name": "niedrige Bebauung mit Hausgärten", "voeff_name": "versorgter Bereich", "vpriv_name": "hoch: aufgelockerte Siedlungsbebauung", "versorg_sst": 1, "esst_name": "Low buildings with yards", "evoeff_name": "good availability", "evpriv_name": "high: loose settlement development" }, "geometry": { "type": "Polygon", "coordinates": [ [ [ 13.42045641, 52.42023894 ], [ 13.4209438, 52.41947669 ], [ 13.41882065, 52.41889835 ], [ 13.41701209, 52.41846742 ], [ 13.41684735, 52.41849411 ], [ 13.4163484, 52.41925529 ], [ 13.42045641, 52.42023894 ] ] ] } },
{ "type": "Feature", "properties": { "id": "versorggruen_2020.1400810281000000", "styp_id": "1400810281000000", "sst_name": "niedrige Bebauung mit Hausgärten", "voeff_name": "unterversorgter Bereich", "vpriv_name": "hoch: aufgelockerte Siedlungsbebauung", "versorg_sst": 4, "esst_name": "Low buildings with yards", "evoeff_name": "reduced availability", "evpriv_name": "high: loose settlement development" }, "geometry": { "type": "Polygon", "coordinates": [ [ [ 13.41527961, 52.42052859 ], [ 13.41559094, 52.42002521 ], [ 13.4155357, 52.41996925 ], [ 13.41523384, 52.41995696 ], [ 13.41263901, 52.42030905 ], [ 13.41291493, 52.42106174 ], [ 13.41292606, 52.42119387 ], [ 13.41305365, 52.42125251 ], [ 13.41439217, 52.42106351 ], [ 13.41501632, 52.42112402 ], [ 13.41527961, 52.42052859 ] ] ] } },
{ "type": "Feature", "properties": { "id": "versorggruen_2020.1400810291000000", "styp_id": "1400810291000000", "sst_name": "niedrige Bebauung mit Hausgärten", "voeff_name": "unterversorgter Bereich", "vpriv_name": "hoch: aufgelockerte Siedlungsbebauung", "versorg_sst": 4, "esst_name": "Low buildings with yards", "evoeff_name": "reduced availability", "evpriv_name": "high: loose settlement development" }, "geometry": { "type": "Polygon", "coordinates": [ [ [ 13.41608, 52.41924955 ], [ 13.4152146, 52.41904788 ], [ 13.41489512, 52.41901854 ], [ 13.41459095, 52.41903021 ], [ 13.41226145, 52.41929887 ], [ 13.41262487, 52.42027444 ], [ 13.4151722, 52.41992369 ], [ 13.41529222, 52.41992159 ], [ 13.41556159, 52.41994127 ], [ 13.41566589, 52.41991013 ], [ 13.41608, 52.41924955 ] ] ] } },
{ "type": "Feature", "properties": { "id": "versorggruen_2020.1400810331000000", "styp_id": "1400810331000000", "sst_name": "niedrige Bebauung mit Hausgärten", "voeff_name": "nicht versorgter Bereich", "vpriv_name": "hoch: aufgelockerte Siedlungsbebauung", "versorg_sst": 10, "esst_name": "Low buildings with yards", "evoeff_name": "no availability", "evpriv_name": "high: loose settlement development" }, "geometry": { "type": "Polygon", "coordinates": [ [ [ 13.40108082, 52.41673424 ], [ 13.40149116, 52.4166811 ], [ 13.40145646, 52.41656778 ], [ 13.40479627, 52.41616791 ], [ 13.40497855, 52.41616105 ], [ 13.40524297, 52.41618851 ], [ 13.40572737, 52.41631075 ], [ 13.40603082, 52.41587906 ], [ 13.40135394, 52.41476847 ], [ 13.4003306, 52.41657374 ], [ 13.40108082, 52.41673424 ] ] ] } },
{ "type": "Feature", "properties": { "id": "versorggruen_2020.1400810341000000", "styp_id": "1400810341000000", "sst_name": "niedrige Bebauung mit Hausgärten", "voeff_name": "nicht versorgter Bereich", "vpriv_name": "hoch: aufgelockerte Siedlungsbebauung", "versorg_sst": 10, "esst_name": "Low buildings with yards", "evoeff_name": "no availability", "evpriv_name": "high: loose settlement development" }, "geometry": { "type": "Polygon", "coordinates": [ [ [ 13.40156071, 52.41440423 ], [ 13.40163581, 52.41453984 ], [ 13.40467745, 52.41524476 ], [ 13.4048731, 52.41521008 ], [ 13.40567431, 52.41398849 ], [ 13.402208055999822, 52.413233953397551 ], [ 13.402176982824367, 52.413288891336435 ], [ 13.402106703609972, 52.413412502256357 ], [ 13.40156071, 52.41440423 ] ] ] } },
{ "type": "Feature", "properties": { "id": "versorggruen_2020.1400810351000000", "styp_id": "1400810351000000", "sst_name": "niedrige Bebauung mit Hausgärten", "voeff_name": "nicht versorgter Bereich", "vpriv_name": "hoch: aufgelockerte Siedlungsbebauung", "versorg_sst": 10, "esst_name": "Low buildings with yards", "evoeff_name": "no availability", "evpriv_name": "high: loose settlement development" }, "geometry": { "type": "Polygon", "coordinates": [ [ [ 13.40472673, 52.41362545 ], [ 13.40503898, 52.41309282 ], [ 13.40250679, 52.41271373 ], [ 13.40229417, 52.41310322 ], [ 13.40472673, 52.41362545 ] ] ] } },
{ "type": "Feature", "properties": { "id": "versorggruen_2020.1400810361000000", "styp_id": "1400810361000000", "sst_name": "niedrige Bebauung mit Hausgärten", "voeff_name": "nicht versorgter Bereich", "vpriv_name": "hoch: aufgelockerte Siedlungsbebauung", "versorg_sst": 10, "esst_name": "Low buildings with yards", "evoeff_name": "no availability", "evpriv_name": "high: loose settlement development" }, "geometry": { "type": "Polygon", "coordinates": [ [ [ 13.40701745, 52.41579103 ], [ 13.40711659, 52.41565638 ], [ 13.40730163, 52.4142054 ], [ 13.40663167, 52.4141619 ], [ 13.40626889, 52.41411541 ], [ 13.40583135, 52.41403192 ], [ 13.40496368, 52.41531809 ], [ 13.40701745, 52.41579103 ] ] ] } },
{ "type": "Feature", "properties": { "id": "versorggruen_2020.1400810371000000", "styp_id": "1400810371000000", "sst_name": "niedrige Bebauung mit Hausgärten", "voeff_name": "nicht versorgter Bereich", "vpriv_name": "hoch: aufgelockerte Siedlungsbebauung", "versorg_sst": 10, "esst_name": "Low buildings with yards", "evoeff_name": "no availability", "evpriv_name": "high: loose settlement development" }, "geometry": { "type": "Polygon", "coordinates": [ [ [ 13.40985508, 52.41647116 ], [ 13.41016742, 52.41601698 ], [ 13.41023724, 52.41586704 ], [ 13.41029239, 52.41570987 ], [ 13.41031798, 52.4155859 ], [ 13.41039105, 52.41503232 ], [ 13.40791323, 52.41505038 ], [ 13.40733433, 52.41501966 ], [ 13.40722439, 52.41584982 ], [ 13.40985508, 52.41647116 ] ] ] } },
{ "type": "Feature", "properties": { "id": "versorggruen_2020.1400810381000000", "styp_id": "1400810381000000", "sst_name": "niedrige Bebauung mit Hausgärten", "voeff_name": "nicht versorgter Bereich", "vpriv_name": "hoch: aufgelockerte Siedlungsbebauung", "versorg_sst": 10, "esst_name": "Low buildings with yards", "evoeff_name": "no availability", "evpriv_name": "high: loose settlement development" }, "geometry": { "type": "Polygon", "coordinates": [ [ [ 13.40790636, 52.41495422 ], [ 13.40889711, 52.41491827 ], [ 13.40917477, 52.41494216 ], [ 13.41040373, 52.41493968 ], [ 13.41054133, 52.41409365 ], [ 13.40746178, 52.41421289 ], [ 13.40736121, 52.41493254 ], [ 13.40790636, 52.41495422 ] ] ] } },
{ "type": "Feature", "properties": { "id": "versorggruen_2020.1400810391000000", "styp_id": "1400810391000000", "sst_name": "niedrige Bebauung mit Hausgärten", "voeff_name": "nicht versorgter Bereich", "vpriv_name": "hoch: aufgelockerte Siedlungsbebauung", "versorg_sst": 10, "esst_name": "Low buildings with yards", "evoeff_name": "no availability", "evpriv_name": "high: loose settlement development" }, "geometry": { "type": "Polygon", "coordinates": [ [ [ 13.40841827, 52.41344113 ], [ 13.40755602, 52.41340132 ], [ 13.40709126, 52.41335845 ], [ 13.406066, 52.41324691 ], [ 13.4051795, 52.41311219 ], [ 13.40484563, 52.41365443 ], [ 13.40595989, 52.41389645 ], [ 13.40653844, 52.41399639 ], [ 13.40750813, 52.4140539 ], [ 13.41057965, 52.41395499 ], [ 13.41068476, 52.41331207 ], [ 13.410236776027228, 52.413359079335841 ], [ 13.410234224466995, 52.41335936512192 ], [ 13.409968664116121, 52.413389078891797 ], [ 13.409949252321979, 52.413391200457596 ], [ 13.409782420558816, 52.413397812643474 ], [ 13.409693497332421, 52.413399709363176 ], [ 13.409518878888917, 52.413405326292761 ], [ 13.409417455311669, 52.413408915798065 ], [ 13.409225050231148, 52.41341521006963 ], [ 13.40914169630787, 52.41341801750302 ], [ 13.408931647984648, 52.413425089864688 ], [ 13.408866239040874, 52.413427311441886 ], [ 13.408637966336027, 52.413435783370801 ], [ 13.408590501004053, 52.413436232319846 ], [ 13.408469671345101, 52.413440144187298 ], [ 13.408457607704324, 52.413439784854461 ], [ 13.40841827, 52.41344113 ] ] ] } },
{ "type": "Feature", "properties": { "id": "versorggruen_2020.1400810401000000", "styp_id": "1400810401000000", "sst_name": "niedrige Bebauung mit Hausgärten", "voeff_name": "nicht versorgter Bereich", "vpriv_name": "hoch: aufgelockerte Siedlungsbebauung", "versorg_sst": 10, "esst_name": "Low buildings with yards", "evoeff_name": "no availability", "evpriv_name": "high: loose settlement development" }, "geometry": { "type": "Polygon", "coordinates": [ [ [ 13.41223928, 52.4170219 ], [ 13.41274439, 52.41621222 ], [ 13.41232014, 52.41610811 ], [ 13.41223931, 52.41610705 ], [ 13.41212155, 52.41614369 ], [ 13.41194098, 52.41610201 ], [ 13.41202541, 52.41596736 ], [ 13.41207689, 52.41595847 ], [ 13.41281098, 52.41611798 ], [ 13.41295769, 52.41586929 ], [ 13.41287943, 52.41563999 ], [ 13.41041917, 52.4159303 ], [ 13.4100533, 52.41651107 ], [ 13.41223928, 52.4170219 ] ] ] } },
{ "type": "Feature", "properties": { "id": "versorggruen_2020.1400810411000000", "styp_id": "1400810411000000", "sst_name": "niedrige Bebauung mit Hausgärten", "voeff_name": "nicht versorgter Bereich", "vpriv_name": "hoch: aufgelockerte Siedlungsbebauung", "versorg_sst": 10, "esst_name": "Low buildings with yards", "evoeff_name": "no availability", "evpriv_name": "high: loose settlement development" }, "geometry": { "type": "Polygon", "coordinates": [ [ [ 13.41289705, 52.41717594 ], [ 13.41331691, 52.41652718 ], [ 13.41343065, 52.41641693 ], [ 13.41340683, 52.41636239 ], [ 13.41274439, 52.41621222 ], [ 13.41223928, 52.4170219 ], [ 13.41289705, 52.41717594 ] ] ] } },
{ "type": "Feature", "properties": { "id": "versorggruen_2020.1400810461000000", "styp_id": "1400810461000000", "sst_name": "niedrige Bebauung mit Hausgärten", "voeff_name": "versorgter Bereich", "vpriv_name": "hoch: aufgelockerte Siedlungsbebauung", "versorg_sst": 1, "esst_name": "Low buildings with yards", "evoeff_name": "good availability", "evpriv_name": "high: loose settlement development" }, "geometry": { "type": "Polygon", "coordinates": [ [ [ 13.42320844, 52.41855016 ], [ 13.42364275, 52.4182291 ], [ 13.42316795, 52.41792825 ], [ 13.4228173, 52.41777852 ], [ 13.42250003, 52.41758555 ], [ 13.42205443, 52.41726702 ], [ 13.42129019, 52.41763109 ], [ 13.4211929, 52.41769292 ], [ 13.42108367, 52.41779337 ], [ 13.42093711, 52.41801781 ], [ 13.42320844, 52.41855016 ] ] ] } },
{ "type": "Feature", "properties": { "id": "versorggruen_2020.1400810471000000", "styp_id": "1400810471000000", "sst_name": "niedrige Bebauung mit Hausgärten", "voeff_name": "versorgter Bereich", "vpriv_name": "hoch: aufgelockerte Siedlungsbebauung", "versorg_sst": 1, "esst_name": "Low buildings with yards", "evoeff_name": "good availability", "evpriv_name": "high: loose settlement development" }, "geometry": { "type": "Polygon", "coordinates": [ [ [ 13.42078733, 52.41798969 ], [ 13.42097223, 52.41773659 ], [ 13.421195, 52.41755724 ], [ 13.42195948, 52.4171982 ], [ 13.42134876, 52.41661789 ], [ 13.42009195, 52.41708169 ], [ 13.41981507, 52.41720074 ], [ 13.41960577, 52.4173271 ], [ 13.41943167, 52.41746967 ], [ 13.41930299, 52.41764381 ], [ 13.42078733, 52.41798969 ] ] ] } },
{ "type": "Feature", "properties": { "id": "versorggruen_2020.1400810481000000", "styp_id": "1400810481000000", "sst_name": "niedrige Bebauung mit Hausgärten", "voeff_name": "versorgter Bereich", "vpriv_name": "hoch: aufgelockerte Siedlungsbebauung", "versorg_sst": 1, "esst_name": "Low buildings with yards", "evoeff_name": "good availability", "evpriv_name": "high: loose settlement development" }, "geometry": { "type": "Polygon", "coordinates": [ [ [ 13.41914299, 52.41759859 ], [ 13.41944727, 52.4172774 ], [ 13.41987168, 52.41703908 ], [ 13.42127223, 52.41653579 ], [ 13.42138678, 52.41647553 ], [ 13.42154665, 52.4163589 ], [ 13.42162905, 52.41624527 ], [ 13.42165124, 52.41614316 ], [ 13.42161513, 52.41600621 ], [ 13.42151041, 52.41589162 ], [ 13.42134546, 52.41579531 ], [ 13.42112866, 52.41571321 ], [ 13.42055627, 52.41557431 ], [ 13.42044423, 52.41559761 ], [ 13.42024504, 52.41577173 ], [ 13.41993833, 52.41598688 ], [ 13.41944312, 52.41628101 ], [ 13.41842215, 52.41667938 ], [ 13.41804026, 52.41684761 ], [ 13.41783133, 52.41705946 ], [ 13.41769008, 52.41727263 ], [ 13.41914299, 52.41759859 ] ] ] } },
{ "type": "Feature", "properties": { "id": "versorggruen_2020.1400810491000000", "styp_id": "1400810491000000", "sst_name": "niedrige Bebauung mit Hausgärten", "voeff_name": "nicht versorgter Bereich", "vpriv_name": "hoch: aufgelockerte Siedlungsbebauung", "versorg_sst": 10, "esst_name": "Low buildings with yards", "evoeff_name": "no availability", "evpriv_name": "high: loose settlement development" }, "geometry": { "type": "Polygon", "coordinates": [ [ [ 13.41759481, 52.41698853 ], [ 13.41779524, 52.41678309 ], [ 13.41804214, 52.41663489 ], [ 13.41860723, 52.41642436 ], [ 13.41931163, 52.41611426 ], [ 13.41964327, 52.41591176 ], [ 13.41981503, 52.4158192 ], [ 13.41993574, 52.41572952 ], [ 13.42017728, 52.41552155 ], [ 13.42043045, 52.41523953 ], [ 13.42053582, 52.41508128 ], [ 13.42050878, 52.41500354 ], [ 13.42039428, 52.41498202 ], [ 13.42026227, 52.41497569 ], [ 13.42011641, 52.41499325 ], [ 13.41988979, 52.41505484 ], [ 13.41662633, 52.41624592 ], [ 13.416364, 52.41635979 ], [ 13.41614213, 52.41648707 ], [ 13.41594812, 52.4166506 ], [ 13.41581323, 52.4168352 ], [ 13.41743791, 52.41721502 ], [ 13.41759481, 52.41698853 ] ] ] } },
{ "type": "Feature", "properties": { "id": "versorggruen_2020.1400810501000000", "styp_id": "1400810501000000", "sst_name": "niedrige Bebauung mit Hausgärten", "voeff_name": "nicht versorgter Bereich", "vpriv_name": "hoch: aufgelockerte Siedlungsbebauung", "versorg_sst": 10, "esst_name": "Low buildings with yards", "evoeff_name": "no availability", "evpriv_name": "high: loose settlement development" }, "geometry": { "type": "Polygon", "coordinates": [ [ [ 13.41565757, 52.41680062 ], [ 13.41586124, 52.41657041 ], [ 13.41604583, 52.4164202 ], [ 13.41629584, 52.41627582 ], [ 13.4165336, 52.41616327 ], [ 13.41976637, 52.41500072 ], [ 13.41978907, 52.41494135 ], [ 13.41933046, 52.41445154 ], [ 13.41915148, 52.41436744 ], [ 13.41889982, 52.41437461 ], [ 13.41444429, 52.41599149 ], [ 13.41395852, 52.41618475 ], [ 13.41385683, 52.41624386 ], [ 13.41379035, 52.41631384 ], [ 13.41377256, 52.41634528 ], [ 13.41565757, 52.41680062 ] ] ] } },
{ "type": "Feature", "properties": { "id": "versorggruen_2020.1400810521000000", "styp_id": "1400810521000000", "sst_name": "niedrige Bebauung mit Hausgärten", "voeff_name": "unterversorgter Bereich", "vpriv_name": "hoch: aufgelockerte Siedlungsbebauung", "versorg_sst": 4, "esst_name": "Low buildings with yards", "evoeff_name": "reduced availability", "evpriv_name": "high: loose settlement development" }, "geometry": { "type": "Polygon", "coordinates": [ [ [ 13.41396718, 52.41499761 ], [ 13.41833378, 52.41341117 ], [ 13.41801505, 52.41306012 ], [ 13.41421532, 52.4144346 ], [ 13.41319851, 52.41469517 ], [ 13.41059153, 52.41502671 ], [ 13.41052362, 52.41541671 ], [ 13.41396718, 52.41499761 ] ] ] } },
{ "type": "Feature", "properties": { "id": "versorggruen_2020.1400810531000000", "styp_id": "1400810531000000", "sst_name": "niedrige Bebauung mit Hausgärten", "voeff_name": "unterversorgter Bereich", "vpriv_name": "hoch: aufgelockerte Siedlungsbebauung", "versorg_sst": 4, "esst_name": "Low buildings with yards", "evoeff_name": "reduced availability", "evpriv_name": "high: loose settlement development" }, "geometry": { "type": "Polygon", "coordinates": [ [ [ 13.41060906, 52.41494005 ], [ 13.41297981, 52.41463727 ], [ 13.41375074, 52.41446792 ], [ 13.4142791, 52.41431431 ], [ 13.41793931, 52.41298705 ], [ 13.41728395, 52.41227699 ], [ 13.41348868, 52.41365054 ], [ 13.41269548, 52.4138684 ], [ 13.41188648, 52.41400801 ], [ 13.41129834, 52.41406627 ], [ 13.41074033, 52.41408831 ], [ 13.41060906, 52.41494005 ] ] ] } },
{ "type": "Feature", "properties": { "id": "versorggruen_2020.1400810541000000", "styp_id": "1400810541000000", "sst_name": "niedrige Bebauung mit Hausgärten", "voeff_name": "unterversorgter Bereich", "vpriv_name": "hoch: aufgelockerte Siedlungsbebauung", "versorg_sst": 4, "esst_name": "Low buildings with yards", "evoeff_name": "reduced availability", "evpriv_name": "high: loose settlement development" }, "geometry": { "type": "Polygon", "coordinates": [ [ [ 13.41147891, 52.41314102 ], [ 13.41087834, 52.41326795 ], [ 13.41077032, 52.41395384 ], [ 13.41133025, 52.41392198 ], [ 13.41199901, 52.41383747 ], [ 13.41293267, 52.41366338 ], [ 13.41376625, 52.41338505 ], [ 13.41558599, 52.41273368 ], [ 13.41492773, 52.41206161 ], [ 13.41427987, 52.41231835 ], [ 13.41295915, 52.41268321 ], [ 13.411587518482962, 52.413107429467665 ], [ 13.411486260802199, 52.413138963487768 ], [ 13.411484148234518, 52.413139399913966 ], [ 13.41147891, 52.41314102 ] ] ] } },
{ "type": "Feature", "properties": { "id": "versorggruen_2020.1400810551000000", "styp_id": "1400810551000000", "sst_name": "niedrige Bebauung mit Hausgärten", "voeff_name": "unterversorgter Bereich", "vpriv_name": "hoch: aufgelockerte Siedlungsbebauung", "versorg_sst": 4, "esst_name": "Low buildings with yards", "evoeff_name": "reduced availability", "evpriv_name": "high: loose settlement development" }, "geometry": { "type": "Polygon", "coordinates": [ [ [ 13.415422733242622, 52.411858853230285 ], [ 13.415119163223606, 52.41197877799199 ], [ 13.415116883622259, 52.411979680859858 ], [ 13.41577307, 52.41267172 ], [ 13.4171905, 52.41215163 ], [ 13.41661037, 52.4115553 ], [ 13.41683716, 52.41147264 ], [ 13.41699482, 52.41164251 ], [ 13.41688143, 52.41168384 ], [ 13.41730389, 52.41211029 ], [ 13.41864498, 52.41161348 ], [ 13.41811900641056, 52.410814417396615 ], [ 13.418118823869335, 52.410814486867679 ], [ 13.418099963993402, 52.410822182705417 ], [ 13.41802942514893, 52.410849138420438 ], [ 13.417940819422407, 52.410882991310977 ], [ 13.41773662580939, 52.410961017282901 ], [ 13.417708810555578, 52.410971209628229 ], [ 13.417654765245347, 52.410991963045703 ], [ 13.415422733242622, 52.411858853230285 ] ] ] } },
{ "type": "Feature", "properties": { "id": "versorggruen_2020.1400810561000000", "styp_id": "1400810561000000", "sst_name": "niedrige Bebauung mit Hausgärten", "voeff_name": "unterversorgter Bereich", "vpriv_name": "hoch: aufgelockerte Siedlungsbebauung", "versorg_sst": 4, "esst_name": "Low buildings with yards", "evoeff_name": "reduced availability", "evpriv_name": "high: loose settlement development" }, "geometry": { "type": "Polygon", "coordinates": [ [ [ 13.41973821, 52.4128996 ], [ 13.41892816, 52.41202285 ], [ 13.41873248, 52.41175832 ], [ 13.41741053, 52.41223498 ], [ 13.41847805, 52.4133584 ], [ 13.41973821, 52.4128996 ] ] ] } },
{ "type": "Feature", "properties": { "id": "versorggruen_2020.1400810631000100", "styp_id": "1400810631000100", "sst_name": "niedrige Bebauung mit Hausgärten", "voeff_name": "versorgter Bereich", "vpriv_name": "hoch: aufgelockerte Siedlungsbebauung", "versorg_sst": 1, "esst_name": "Low buildings with yards", "evoeff_name": "good availability", "evpriv_name": "high: loose settlement development" }, "geometry": { "type": "Polygon", "coordinates": [ [ [ 13.42750629, 52.41819891 ], [ 13.42876972, 52.41766019 ], [ 13.428152, 52.41714364 ], [ 13.42772678, 52.41662733 ], [ 13.42727835, 52.4167575 ], [ 13.42682586, 52.41691087 ], [ 13.42634807, 52.41709932 ], [ 13.42632927, 52.41716193 ], [ 13.42750629, 52.41819891 ] ] ] } },
{ "type": "Feature", "properties": { "id": "versorggruen_2020.1400810631000200", "styp_id": "1400810631000200", "sst_name": "niedrige Bebauung mit Hausgärten", "voeff_name": "versorgter Bereich", "vpriv_name": "hoch: aufgelockerte Siedlungsbebauung", "versorg_sst": 1, "esst_name": "Low buildings with yards", "evoeff_name": "good availability", "evpriv_name": "high: loose settlement development" }, "geometry": { "type": "Polygon", "coordinates": [ [ [ 13.428152, 52.41714364 ], [ 13.42876972, 52.41766019 ], [ 13.42893178, 52.41759108 ], [ 13.42931749, 52.41744794 ], [ 13.42976479, 52.41733368 ], [ 13.43003399, 52.41728288 ], [ 13.43130044, 52.41708742 ], [ 13.43108851, 52.41610156 ], [ 13.43100827, 52.41606773 ], [ 13.42992525, 52.41622769 ], [ 13.42880489, 52.41639454 ], [ 13.4284114, 52.4164673 ], [ 13.42802069, 52.416553 ], [ 13.42772678, 52.41662733 ], [ 13.428152, 52.41714364 ] ] ] } },
{ "type": "Feature", "properties": { "id": "versorggruen_2020.1400810641000000", "styp_id": "1400810641000000", "sst_name": "niedrige Bebauung mit Hausgärten", "voeff_name": "nicht versorgter Bereich", "vpriv_name": "hoch: aufgelockerte Siedlungsbebauung", "versorg_sst": 10, "esst_name": "Low buildings with yards", "evoeff_name": "no availability", "evpriv_name": "high: loose settlement development" }, "geometry": { "type": "Polygon", "coordinates": [ [ [ 13.4287229, 52.41927037 ], [ 13.42947426, 52.41887711 ], [ 13.4299072, 52.4186954 ], [ 13.43021191, 52.41859256 ], [ 13.43049003, 52.41851933 ], [ 13.43081805, 52.41845607 ], [ 13.43156527, 52.41833868 ], [ 13.43131572, 52.41717607 ], [ 13.43007185, 52.41736832 ], [ 13.42978349, 52.41742625 ], [ 13.42949952, 52.41749318 ], [ 13.42924636, 52.41757363 ], [ 13.42901372, 52.41766581 ], [ 13.42759562, 52.41827096 ], [ 13.4287229, 52.41927037 ] ] ] } },
{ "type": "Feature", "properties": { "id": "versorggruen_2020.1400810651000000", "styp_id": "1400810651000000", "sst_name": "niedrige Bebauung mit Hausgärten", "voeff_name": "nicht versorgter Bereich", "vpriv_name": "hoch: aufgelockerte Siedlungsbebauung", "versorg_sst": 10, "esst_name": "Low buildings with yards", "evoeff_name": "no availability", "evpriv_name": "high: loose settlement development" }, "geometry": { "type": "Polygon", "coordinates": [ [ [ 13.43195838, 52.42018609 ], [ 13.4316001, 52.4184376 ], [ 13.43085004, 52.4185397 ], [ 13.43054698, 52.4186039 ], [ 13.43026592, 52.41867623 ], [ 13.42999506, 52.41876924 ], [ 13.42957683, 52.41895007 ], [ 13.42924086, 52.41913913 ], [ 13.42906097, 52.41926734 ], [ 13.42890753, 52.41939649 ], [ 13.43195838, 52.42018609 ] ] ] } },
{ "type": "Feature", "properties": { "id": "versorggruen_2020.1400810671000000", "styp_id": "1400810671000000", "sst_name": "dichte Bebauung mit überwiegender Nutzung durch Gewerbe und Industrie", "voeff_name": "nicht versorgter Bereich", "vpriv_name": "kein: alle anderen Strukturtypen", "versorg_sst": 12, "esst_name": "Dense development with predominantly commercial and industrial use", "evoeff_name": "no availability", "evpriv_name": "none: all other structure types" }, "geometry": { "type": "Polygon", "coordinates": [ [ [ 13.43694661, 52.42360519 ], [ 13.43721075, 52.42369359 ], [ 13.43836944, 52.42392443 ], [ 13.4394546, 52.42402832 ], [ 13.43975408, 52.42342579 ], [ 13.4397916, 52.42324342 ], [ 13.44017363, 52.41954773 ], [ 13.44010679, 52.41948011 ], [ 13.43836533, 52.41942872 ], [ 13.43833601, 52.41987111 ], [ 13.43809769, 52.42129692 ], [ 13.43789644, 52.42195442 ], [ 13.43750876, 52.42279363 ], [ 13.43715996, 52.4232006 ], [ 13.43720854, 52.42322267 ], [ 13.43692358, 52.42354564 ], [ 13.43694661, 52.42360519 ] ] ] } },
{ "type": "Feature", "properties": { "id": "versorggruen_2020.1400810711000100", "styp_id": "1400810711000100", "sst_name": "niedrige Bebauung mit Hausgärten", "voeff_name": "nicht versorgter Bereich", "vpriv_name": "hoch: aufgelockerte Siedlungsbebauung", "versorg_sst": 10, "esst_name": "Low buildings with yards", "evoeff_name": "no availability", "evpriv_name": "high: loose settlement development" }, "geometry": { "type": "Polygon", "coordinates": [ [ [ 13.44244037, 52.42327184 ], [ 13.44745264, 52.42335324 ], [ 13.44754098, 52.42331743 ], [ 13.44762227, 52.42292052 ], [ 13.44367531, 52.42284937 ], [ 13.44244037, 52.42327184 ] ] ] } },
{ "type": "Feature", "properties": { "id": "versorggruen_2020.1400810711000200", "styp_id": "1400810711000200", "sst_name": "Bebauung mit überwiegender Nutzung durch Gemeinbedarf und Sondernutzung, Verkehrsflächen ohne Straßen", "voeff_name": "nicht versorgter Bereich", "vpriv_name": "mittel: Zeilen oder kompakte Siedlung", "versorg_sst": 11, "esst_name": "Development with predominantly public and special use or non-street traffic area", "evoeff_name": "no availability", "evpriv_name": "medium: row development or compact settlement" }, "geometry": { "type": "Polygon", "coordinates": [ [ [ 13.44762227, 52.42292052 ], [ 13.4477223, 52.42246397 ], [ 13.4480807, 52.42144003 ], [ 13.4479972, 52.4213707 ], [ 13.44367531, 52.42284937 ], [ 13.44762227, 52.42292052 ] ] ] } },
{ "type": "Feature", "properties": { "id": "versorggruen_2020.1400810741000000", "styp_id": "1400810741000000", "sst_name": "Zeilenbebauung seit den 50er Jahren", "voeff_name": "nicht versorgter Bereich", "vpriv_name": "mittel: Zeilen oder kompakte Siedlung", "versorg_sst": 11, "esst_name": "Row development since the 1950s", "evoeff_name": "no availability", "evpriv_name": "medium: row development or compact settlement" }, "geometry": { "type": "Polygon", "coordinates": [ [ [ 13.43837001, 52.41932265 ], [ 13.44012026, 52.41936629 ], [ 13.44019621, 52.41932802 ], [ 13.4403208, 52.41762073 ], [ 13.43829865, 52.41760281 ], [ 13.43837001, 52.41932265 ] ] ] } },
{ "type": "Feature", "properties": { "id": "versorggruen_2020.1400810811000100", "styp_id": "1400810811000100", "sst_name": "niedrige Bebauung mit Hausgärten", "voeff_name": "nicht versorgter Bereich", "vpriv_name": "hoch: aufgelockerte Siedlungsbebauung", "versorg_sst": 10, "esst_name": "Low buildings with yards", "evoeff_name": "no availability", "evpriv_name": "high: loose settlement development" }, "geometry": { "type": "Polygon", "coordinates": [ [ [ 13.44847932, 52.42117123 ], [ 13.44886712, 52.42120516 ], [ 13.44997444, 52.41800816 ], [ 13.44967353, 52.41790796 ], [ 13.44951621, 52.417923 ], [ 13.44841285, 52.42111924 ], [ 13.44847932, 52.42117123 ] ] ] } },
{ "type": "Feature", "properties": { "id": "versorggruen_2020.1400810811000200", "styp_id": "1400810811000200", "sst_name": "niedrige Bebauung mit Hausgärten", "voeff_name": "nicht versorgter Bereich", "vpriv_name": "hoch: aufgelockerte Siedlungsbebauung", "versorg_sst": 10, "esst_name": "Low buildings with yards", "evoeff_name": "no availability", "evpriv_name": "high: loose settlement development" }, "geometry": { "type": "Polygon", "coordinates": [ [ [ 13.45087273, 52.42139346 ], [ 13.45190809, 52.41853227 ], [ 13.45135326, 52.41834003 ], [ 13.45029103, 52.42134071 ], [ 13.45087273, 52.42139346 ] ] ] } },
{ "type": "Feature", "properties": { "id": "versorggruen_2020.1400810811000300", "styp_id": "1400810811000300", "sst_name": "nicht oder gering bebaute Grün- und Freiflächen", "voeff_name": "nicht versorgter Bereich", "vpriv_name": "hoch: aufgelockerte Siedlungsbebauung", "versorg_sst": 10, "esst_name": "Public green and open spaces with sparse or no development", "evoeff_name": "no availability", "evpriv_name": "high: loose settlement development" }, "geometry": { "type": "Polygon", "coordinates": [ [ [ 13.45029103, 52.42134071 ], [ 13.45135326, 52.41834003 ], [ 13.45001369, 52.41791755 ], [ 13.44997444, 52.41800816 ], [ 13.44886712, 52.42120516 ], [ 13.45029103, 52.42134071 ] ] ] } },
{ "type": "Feature", "properties": { "id": "versorggruen_2020.1400810841000000", "styp_id": "1400810841000000", "sst_name": "niedrige Bebauung mit Hausgärten", "voeff_name": "nicht versorgter Bereich", "vpriv_name": "hoch: aufgelockerte Siedlungsbebauung", "versorg_sst": 10, "esst_name": "Low buildings with yards", "evoeff_name": "no availability", "evpriv_name": "high: loose settlement development" }, "geometry": { "type": "Polygon", "coordinates": [ [ [ 13.45228455, 52.42152525 ], [ 13.45318065, 52.41899824 ], [ 13.45201516, 52.41858814 ], [ 13.45102422, 52.4214048 ], [ 13.45228455, 52.42152525 ] ] ] } },
{ "type": "Feature", "properties": { "id": "versorggruen_2020.1400810851000000", "styp_id": "1400810851000000", "sst_name": "niedrige Bebauung mit Hausgärten", "voeff_name": "nicht versorgter Bereich", "vpriv_name": "hoch: aufgelockerte Siedlungsbebauung", "versorg_sst": 10, "esst_name": "Low buildings with yards", "evoeff_name": "no availability", "evpriv_name": "high: loose settlement development" }, "geometry": { "type": "Polygon", "coordinates": [ [ [ 13.45401001, 52.42167046 ], [ 13.45476596, 52.41952409 ], [ 13.45434452, 52.41942013 ], [ 13.45329799, 52.41904476 ], [ 13.45242393, 52.42153287 ], [ 13.45401001, 52.42167046 ] ] ] } },
{ "type": "Feature", "properties": { "id": "versorggruen_2020.1400810861000000", "styp_id": "1400810861000000", "sst_name": "niedrige Bebauung mit Hausgärten", "voeff_name": "nicht versorgter Bereich", "vpriv_name": "hoch: aufgelockerte Siedlungsbebauung", "versorg_sst": 10, "esst_name": "Low buildings with yards", "evoeff_name": "no availability", "evpriv_name": "high: loose settlement development" }, "geometry": { "type": "Polygon", "coordinates": [ [ [ 13.45200293, 52.42279838 ], [ 13.45203608, 52.42292911 ], [ 13.45453777, 52.42234385 ], [ 13.45467761, 52.42223473 ], [ 13.45473625, 52.42196429 ], [ 13.45467282, 52.42191046 ], [ 13.45236266, 52.42169955 ], [ 13.45200293, 52.42279838 ] ] ] } },
{ "type": "Feature", "properties": { "id": "versorggruen_2020.1400810881000000", "styp_id": "1400810881000000", "sst_name": "niedrige Bebauung mit Hausgärten", "voeff_name": "nicht versorgter Bereich", "vpriv_name": "hoch: aufgelockerte Siedlungsbebauung", "versorg_sst": 10, "esst_name": "Low buildings with yards", "evoeff_name": "no availability", "evpriv_name": "high: loose settlement development" }, "geometry": { "type": "Polygon", "coordinates": [ [ [ 13.45566089, 52.42181619 ], [ 13.45574894, 52.42177875 ], [ 13.45637361, 52.41999822 ], [ 13.45627739, 52.41990395 ], [ 13.45489955, 52.41956563 ], [ 13.45415544, 52.42168179 ], [ 13.45566089, 52.42181619 ] ] ] } },
{ "type": "Feature", "properties": { "id": "versorggruen_2020.1400816001000000", "styp_id": "1400816001000000", "sst_name": "niedrige Bebauung mit Hausgärten", "voeff_name": "unterversorgter Bereich", "vpriv_name": "hoch: aufgelockerte Siedlungsbebauung", "versorg_sst": 4, "esst_name": "Low buildings with yards", "evoeff_name": "reduced availability", "evpriv_name": "high: loose settlement development" }, "geometry": { "type": "Polygon", "coordinates": [ [ [ 13.40446013, 52.42336148 ], [ 13.40456242, 52.42339448 ], [ 13.40703364, 52.42312015 ], [ 13.40709299, 52.42306795 ], [ 13.40698976, 52.42272115 ], [ 13.4042579, 52.42309051 ], [ 13.40446013, 52.42336148 ] ] ] } },
{ "type": "Feature", "properties": { "id": "versorggruen_2020.1400816011000200", "styp_id": "1400816011000200", "sst_name": "niedrige Bebauung mit Hausgärten", "voeff_name": "nicht versorgter Bereich", "vpriv_name": "hoch: aufgelockerte Siedlungsbebauung", "versorg_sst": 10, "esst_name": "Low buildings with yards", "evoeff_name": "no availability", "evpriv_name": "high: loose settlement development" }, "geometry": { "type": "Polygon", "coordinates": [ [ [ 13.43124612, 52.42166688 ], [ 13.43165334, 52.42111314 ], [ 13.43163227, 52.4210798 ], [ 13.43148036, 52.42103803 ], [ 13.43156293, 52.42092226 ], [ 13.43165783, 52.42089949 ], [ 13.43176593, 52.42092821 ], [ 13.43186096, 52.4210339 ], [ 13.43188919, 52.42105038 ], [ 13.43319215, 52.42140312 ], [ 13.43348643, 52.4213362 ], [ 13.43382663, 52.42084878 ], [ 13.43149674, 52.4202317 ], [ 13.43081045, 52.42117215 ], [ 13.43072393, 52.42115095 ], [ 13.43047766, 52.42148416 ], [ 13.43124612, 52.42166688 ] ] ] } },
{ "type": "Feature", "properties": { "id": "versorggruen_2020.1400816011000300", "styp_id": "1400816011000300", "sst_name": "niedrige Bebauung mit Hausgärten", "voeff_name": "nicht versorgter Bereich", "vpriv_name": "hoch: aufgelockerte Siedlungsbebauung", "versorg_sst": 10, "esst_name": "Low buildings with yards", "evoeff_name": "no availability", "evpriv_name": "high: loose settlement development" }, "geometry": { "type": "Polygon", "coordinates": [ [ [ 13.42831876, 52.42089179 ], [ 13.42839708, 52.42079846 ], [ 13.42902564, 52.42092173 ], [ 13.42890446, 52.42106801 ], [ 13.42990567, 52.42134916 ], [ 13.43047766, 52.42148416 ], [ 13.43072393, 52.42115095 ], [ 13.43023318, 52.42104115 ], [ 13.4301001, 52.42122497 ], [ 13.43005454, 52.42121374 ], [ 13.43088421, 52.42006946 ], [ 13.42961008, 52.41973197 ], [ 13.4293957, 52.41968488 ], [ 13.42923999, 52.41966216 ], [ 13.4290783, 52.41966368 ], [ 13.42886502, 52.41969747 ], [ 13.42867223, 52.41975287 ], [ 13.42852345, 52.41982541 ], [ 13.42841435, 52.41989802 ], [ 13.4283252, 52.41998202 ], [ 13.42780199, 52.42075073 ], [ 13.42831876, 52.42089179 ] ] ] } },
{ "type": "Feature", "properties": { "id": "versorggruen_2020.1400816021000000", "styp_id": "1400816021000000", "sst_name": "dörfliche Bebauung", "voeff_name": "nicht versorgter Bereich", "vpriv_name": "hoch: aufgelockerte Siedlungsbebauung", "versorg_sst": 10, "esst_name": "Village-like development", "evoeff_name": "no availability", "evpriv_name": "high: loose settlement development" }, "geometry": { "type": "Polygon", "coordinates": [ [ [ 13.43218885, 52.4219227 ], [ 13.43295647, 52.42218547 ], [ 13.43663596, 52.42349721 ], [ 13.43716901, 52.42293909 ], [ 13.43742046, 52.42257733 ], [ 13.4376253, 52.42211305 ], [ 13.4377131, 52.42186067 ], [ 13.43398663, 52.42089937 ], [ 13.43362877, 52.42139035 ], [ 13.43344612, 52.42147722 ], [ 13.43320051, 52.42150828 ], [ 13.43175154, 52.42111348 ], [ 13.43132831, 52.42168869 ], [ 13.43218885, 52.4219227 ] ] ] } },
{ "type": "Feature", "properties": { "id": "versorggruen_2020.1400816031000000", "styp_id": "1400816031000000", "sst_name": "niedrige Bebauung mit Hausgärten", "voeff_name": "unterversorgter Bereich", "vpriv_name": "hoch: aufgelockerte Siedlungsbebauung", "versorg_sst": 4, "esst_name": "Low buildings with yards", "evoeff_name": "reduced availability", "evpriv_name": "high: loose settlement development" }, "geometry": { "type": "Polygon", "coordinates": [ [ [ 13.40941581, 52.42121712 ], [ 13.41263414, 52.42076827 ], [ 13.41249912, 52.42032828 ], [ 13.40995487, 52.42069779 ], [ 13.40973136, 52.42071625 ], [ 13.40933294, 52.42073259 ], [ 13.40893178, 52.42070849 ], [ 13.40866589, 52.42067564 ], [ 13.40843244, 52.42062219 ], [ 13.40825174, 52.42090224 ], [ 13.40941581, 52.42121712 ] ] ] } },
{ "type": "Feature", "properties": { "id": "versorggruen_2020.1400816041000000", "styp_id": "1400816041000000", "sst_name": "niedrige Bebauung mit Hausgärten", "voeff_name": "unterversorgter Bereich", "vpriv_name": "hoch: aufgelockerte Siedlungsbebauung", "versorg_sst": 4, "esst_name": "Low buildings with yards", "evoeff_name": "reduced availability", "evpriv_name": "high: loose settlement development" }, "geometry": { "type": "Polygon", "coordinates": [ [ [ 13.40983285, 52.41958899 ], [ 13.41021348, 52.42060044 ], [ 13.41248368, 52.42029367 ], [ 13.41211612, 52.41931547 ], [ 13.40983285, 52.41958899 ] ] ] } },
{ "type": "Feature", "properties": { "id": "versorggruen_2020.1400816051000000", "styp_id": "1400816051000000", "sst_name": "niedrige Bebauung mit Hausgärten", "voeff_name": "unterversorgter Bereich", "vpriv_name": "hoch: aufgelockerte Siedlungsbebauung", "versorg_sst": 4, "esst_name": "Low buildings with yards", "evoeff_name": "reduced availability", "evpriv_name": "high: loose settlement development" }, "geometry": { "type": "Polygon", "coordinates": [ [ [ 13.4102664, 52.41796902 ], [ 13.4097083, 52.4188281 ], [ 13.40966763, 52.41902663 ], [ 13.4096702, 52.41910302 ], [ 13.40968879, 52.4192082 ], [ 13.40981302, 52.41953701 ], [ 13.41210648, 52.41928098 ], [ 13.41179704, 52.41850121 ], [ 13.41174608, 52.41840046 ], [ 13.4116949, 52.41834644 ], [ 13.41153664, 52.41824818 ], [ 13.41142809, 52.41820487 ], [ 13.41035352, 52.41794621 ], [ 13.4102664, 52.41796902 ] ] ] } },
{ "type": "Feature", "properties": { "id": "versorggruen_2020.1400816061000000", "styp_id": "1400816061000000", "sst_name": "niedrige Bebauung mit Hausgärten", "voeff_name": "unterversorgter Bereich", "vpriv_name": "hoch: aufgelockerte Siedlungsbebauung", "versorg_sst": 4, "esst_name": "Low buildings with yards", "evoeff_name": "reduced availability", "evpriv_name": "high: loose settlement development" }, "geometry": { "type": "Polygon", "coordinates": [ [ [ 13.40895559, 52.41766652 ], [ 13.40853919, 52.41835235 ], [ 13.40846643, 52.41850229 ], [ 13.40842304, 52.41865768 ], [ 13.40840031, 52.41879694 ], [ 13.4084025, 52.41894792 ], [ 13.40842667, 52.41911332 ], [ 13.40897127, 52.42060657 ], [ 13.40908479, 52.42066657 ], [ 13.40930677, 52.42067503 ], [ 13.40966696, 52.42065951 ], [ 13.41012744, 52.42061167 ], [ 13.40958629, 52.41912803 ], [ 13.40957645, 52.41903725 ], [ 13.40961392, 52.41888994 ], [ 13.40965711, 52.41877499 ], [ 13.41018344, 52.41794922 ], [ 13.41014662, 52.41789747 ], [ 13.40904241, 52.41764603 ], [ 13.40895559, 52.41766652 ] ] ] } },
{ "type": "Feature", "properties": { "id": "versorggruen_2020.1400816071000000", "styp_id": "1400816071000000", "sst_name": "niedrige Bebauung mit Hausgärten", "voeff_name": "unterversorgter Bereich", "vpriv_name": "hoch: aufgelockerte Siedlungsbebauung", "versorg_sst": 4, "esst_name": "Low buildings with yards", "evoeff_name": "reduced availability", "evpriv_name": "high: loose settlement development" }, "geometry": { "type": "Polygon", "coordinates": [ [ [ 13.40772095, 52.41737396 ], [ 13.4071535, 52.41828418 ], [ 13.40708817, 52.41841794 ], [ 13.40697174, 52.41877632 ], [ 13.40695204, 52.4188958 ], [ 13.40693017, 52.41915458 ], [ 13.40695685, 52.41940536 ], [ 13.40698719, 52.41951236 ], [ 13.40704822, 52.41965356 ], [ 13.40713868, 52.41978943 ], [ 13.40725409, 52.41993073 ], [ 13.40738283, 52.42005409 ], [ 13.40755126, 52.42017572 ], [ 13.40775348, 52.42030101 ], [ 13.40787663, 52.42036594 ], [ 13.40818025, 52.42049501 ], [ 13.40857221, 52.42059639 ], [ 13.40876676, 52.42063021 ], [ 13.4088649, 52.42055982 ], [ 13.40832074, 52.41913469 ], [ 13.40828924, 52.41896388 ], [ 13.40830823, 52.41869162 ], [ 13.40833974, 52.41855957 ], [ 13.40845563, 52.41830814 ], [ 13.40886751, 52.4176448 ], [ 13.40883248, 52.41759621 ], [ 13.40779599, 52.41735705 ], [ 13.40772095, 52.41737396 ] ] ] } },
{ "type": "Feature", "properties": { "id": "versorggruen_2020.1400816081000300", "styp_id": "1400816081000300", "sst_name": "niedrige Bebauung mit Hausgärten", "voeff_name": "unterversorgter Bereich", "vpriv_name": "hoch: aufgelockerte Siedlungsbebauung", "versorg_sst": 4, "esst_name": "Low buildings with yards", "evoeff_name": "reduced availability", "evpriv_name": "high: loose settlement development" }, "geometry": { "type": "Polygon", "coordinates": [ [ [ 13.40474776, 52.41909569 ], [ 13.40486738, 52.41910222 ], [ 13.40518779, 52.41860566 ], [ 13.40631804, 52.41876477 ], [ 13.40629105, 52.41927309 ], [ 13.40633256, 52.4195311 ], [ 13.40643536, 52.41975931 ], [ 13.40661751, 52.42001383 ], [ 13.40677556, 52.42019729 ], [ 13.40699483, 52.42036591 ], [ 13.40718374, 52.42048962 ], [ 13.407125, 52.42061 ], [ 13.40819156, 52.42088416 ], [ 13.40837228, 52.42060141 ], [ 13.40824895, 52.42057332 ], [ 13.40801414, 52.4204974 ], [ 13.4077311, 52.42036747 ], [ 13.40756985, 52.4202809 ], [ 13.40726819, 52.42005118 ], [ 13.4071497, 52.41993773 ], [ 13.40705332, 52.41980994 ], [ 13.40698191, 52.41968759 ], [ 13.40685392, 52.41941415 ], [ 13.40683383, 52.4190205 ], [ 13.40686738, 52.41877702 ], [ 13.40695694, 52.4185013 ], [ 13.406143, 52.41843416 ], [ 13.40587421, 52.41839683 ], [ 13.40506648, 52.4182641 ], [ 13.4047479, 52.41819163 ], [ 13.4045323, 52.41868369 ], [ 13.40474776, 52.41909569 ] ] ] } },
{ "type": "Feature", "properties": { "id": "versorggruen_2020.1400816091000000", "styp_id": "1400816091000000", "sst_name": "niedrige Bebauung mit Hausgärten", "voeff_name": "unterversorgter Bereich", "vpriv_name": "hoch: aufgelockerte Siedlungsbebauung", "versorg_sst": 4, "esst_name": "Low buildings with yards", "evoeff_name": "reduced availability", "evpriv_name": "high: loose settlement development" }, "geometry": { "type": "Polygon", "coordinates": [ [ [ 13.40699125, 52.41839981 ], [ 13.40705656, 52.41827052 ], [ 13.40763579, 52.41735583 ], [ 13.40758901, 52.41730544 ], [ 13.40671556, 52.41709084 ], [ 13.40662724, 52.41711851 ], [ 13.40589095, 52.41828273 ], [ 13.40699125, 52.41839981 ] ] ] } },
{ "type": "Feature", "properties": { "id": "versorggruen_2020.1400816101000000", "styp_id": "1400816101000000", "sst_name": "niedrige Bebauung mit Hausgärten", "voeff_name": "unterversorgter Bereich", "vpriv_name": "hoch: aufgelockerte Siedlungsbebauung", "versorg_sst": 4, "esst_name": "Low buildings with yards", "evoeff_name": "reduced availability", "evpriv_name": "high: loose settlement development" }, "geometry": { "type": "Polygon", "coordinates": [ [ [ 13.40528587, 52.41818634 ], [ 13.40579107, 52.41826907 ], [ 13.40652883, 52.41710576 ], [ 13.40650414, 52.41704641 ], [ 13.4056439, 52.41683721 ], [ 13.40546795, 52.41704716 ], [ 13.40481456, 52.4180875 ], [ 13.40528587, 52.41818634 ] ] ] } },
{ "type": "Feature", "properties": { "id": "versorggruen_2020.1400816111000000", "styp_id": "1400816111000000", "sst_name": "Zeilenbebauung seit den 50er Jahren", "voeff_name": "unterversorgter Bereich", "vpriv_name": "mittel: Zeilen oder kompakte Siedlung", "versorg_sst": 5, "esst_name": "Row development since the 1950s", "evoeff_name": "reduced availability", "evpriv_name": "medium: row development or compact settlement" }, "geometry": { "type": "Polygon", "coordinates": [ [ [ 13.40423655, 52.41984898 ], [ 13.40474776, 52.41909569 ], [ 13.4045323, 52.41868369 ], [ 13.40446404, 52.41881207 ], [ 13.40434747, 52.41890262 ], [ 13.40419572, 52.41897512 ], [ 13.40402498, 52.41902243 ], [ 13.40384557, 52.41904007 ], [ 13.40363985, 52.4190289 ], [ 13.40286591, 52.41889803 ], [ 13.40196893, 52.41868424 ], [ 13.40115597, 52.41842657 ], [ 13.40102403, 52.41835982 ], [ 13.40092737, 52.41829044 ], [ 13.40084848, 52.41819772 ], [ 13.40080926, 52.41810598 ], [ 13.40080098, 52.41800082 ], [ 13.40083396, 52.41787507 ], [ 13.40091086, 52.41778266 ], [ 13.40118237, 52.41757379 ], [ 13.40130521, 52.41740687 ], [ 13.40002215, 52.41710875 ], [ 13.399499215042162, 52.418021773041829 ], [ 13.399923417714362, 52.418533987179224 ], [ 13.400121491825516, 52.418773496491241 ], [ 13.402011522374833, 52.419268589847427 ], [ 13.402585389483205, 52.419418955131981 ], [ 13.40423655, 52.41984898 ] ] ] } },
{ "type": "Feature", "properties": { "id": "versorggruen_2020.1400816121000000", "styp_id": "1400816121000000", "sst_name": "Zeilenbebauung seit den 50er Jahren", "voeff_name": "unterversorgter Bereich", "vpriv_name": "mittel: Zeilen oder kompakte Siedlung", "versorg_sst": 5, "esst_name": "Row development since the 1950s", "evoeff_name": "reduced availability", "evpriv_name": "medium: row development or compact settlement" }, "geometry": { "type": "Polygon", "coordinates": [ [ [ 13.40142653, 52.41753738 ], [ 13.40133936, 52.417628 ], [ 13.40105609, 52.41783775 ], [ 13.40100576, 52.41790596 ], [ 13.40098184, 52.41798679 ], [ 13.40098874, 52.41807487 ], [ 13.40101772, 52.41815581 ], [ 13.40107313, 52.41824039 ], [ 13.40114194, 52.41829534 ], [ 13.40127689, 52.41834772 ], [ 13.40204734, 52.41858464 ], [ 13.40292374, 52.41879659 ], [ 13.40369476, 52.41892296 ], [ 13.40387848, 52.418926 ], [ 13.40400057, 52.41890736 ], [ 13.40410804, 52.41887251 ], [ 13.40420527, 52.41882776 ], [ 13.40428492, 52.41877309 ], [ 13.40435293, 52.41869324 ], [ 13.40457318, 52.41815445 ], [ 13.40149473, 52.4174234 ], [ 13.40142653, 52.41753738 ] ] ] } },
{ "type": "Feature", "properties": { "id": "versorggruen_2020.1400816131000000", "styp_id": "1400816131000000", "sst_name": "Zeilenbebauung seit den 50er Jahren", "voeff_name": "nicht versorgter Bereich", "vpriv_name": "mittel: Zeilen oder kompakte Siedlung", "versorg_sst": 11, "esst_name": "Row development since the 1950s", "evoeff_name": "no availability", "evpriv_name": "medium: row development or compact settlement" }, "geometry": { "type": "Polygon", "coordinates": [ [ [ 13.4013955, 52.41728212 ], [ 13.40152166, 52.41704062 ], [ 13.40153678, 52.41695707 ], [ 13.40152299, 52.4167791 ], [ 13.40149116, 52.4166811 ], [ 13.40108082, 52.41673424 ], [ 13.4003306, 52.41657374 ], [ 13.40010071, 52.4169795 ], [ 13.4013955, 52.41728212 ] ] ] } },
{ "type": "Feature", "properties": { "id": "versorggruen_2020.1400816141000000", "styp_id": "1400816141000000", "sst_name": "niedrige Bebauung mit Hausgärten", "voeff_name": "unterversorgter Bereich", "vpriv_name": "hoch: aufgelockerte Siedlungsbebauung", "versorg_sst": 4, "esst_name": "Low buildings with yards", "evoeff_name": "reduced availability", "evpriv_name": "high: loose settlement development" }, "geometry": { "type": "Polygon", "coordinates": [ [ [ 13.40464425, 52.41805034 ], [ 13.40568572, 52.41640952 ], [ 13.4051631, 52.416289 ], [ 13.40504118, 52.41627442 ], [ 13.40492361, 52.41627237 ], [ 13.401675, 52.41665807 ], [ 13.40171357, 52.41687561 ], [ 13.40171465, 52.41695291 ], [ 13.40169949, 52.41704363 ], [ 13.40164891, 52.41716219 ], [ 13.40155847, 52.41731748 ], [ 13.40464425, 52.41805034 ] ] ] } },
{ "type": "Feature", "properties": { "id": "versorggruen_2020.1400816151000000", "styp_id": "1400816151000000", "sst_name": "Zeilenbebauung seit den 50er Jahren", "voeff_name": "unterversorgter Bereich", "vpriv_name": "mittel: Zeilen oder kompakte Siedlung", "versorg_sst": 5, "esst_name": "Row development since the 1950s", "evoeff_name": "reduced availability", "evpriv_name": "medium: row development or compact settlement" }, "geometry": { "type": "Polygon", "coordinates": [ [ [ 13.40618898, 52.41599257 ], [ 13.40571484, 52.41676006 ], [ 13.41137889, 52.41809073 ], [ 13.41187462, 52.41729556 ], [ 13.41179262, 52.41722465 ], [ 13.4063611, 52.41596055 ], [ 13.40618898, 52.41599257 ] ] ] } },
{ "type": "Feature", "properties": { "id": "versorggruen_2020.1400816161000100", "styp_id": "1400816161000100", "sst_name": "niedrige Bebauung mit Hausgärten", "voeff_name": "versorgter Bereich", "vpriv_name": "hoch: aufgelockerte Siedlungsbebauung", "versorg_sst": 1, "esst_name": "Low buildings with yards", "evoeff_name": "good availability", "evpriv_name": "high: loose settlement development" }, "geometry": { "type": "Polygon", "coordinates": [ [ [ 13.42637542, 52.41975697 ], [ 13.42634127, 52.41970311 ], [ 13.4262826, 52.41967335 ], [ 13.42614946, 52.41953833 ], [ 13.42556848, 52.41865665 ], [ 13.42461999, 52.4178757 ], [ 13.42405404, 52.41813013 ], [ 13.42384331, 52.4182493 ], [ 13.4236487, 52.41837745 ], [ 13.42339431, 52.41858551 ], [ 13.42465026, 52.41887527 ], [ 13.4245684, 52.41899763 ], [ 13.42450731, 52.41902238 ], [ 13.42436809, 52.41898841 ], [ 13.42427567, 52.41887995 ], [ 13.42330686, 52.41865993 ], [ 13.42312397, 52.41884778 ], [ 13.42313999, 52.41897188 ], [ 13.42309008, 52.41903793 ], [ 13.42637542, 52.41975697 ] ] ] } },
{ "type": "Feature", "properties": { "id": "versorggruen_2020.1400816161000200", "styp_id": "1400816161000200", "sst_name": "Zeilenbebauung seit den 50er Jahren", "voeff_name": "versorgter Bereich", "vpriv_name": "mittel: Zeilen oder kompakte Siedlung", "versorg_sst": 2, "esst_name": "Row development since the 1950s", "evoeff_name": "good availability", "evpriv_name": "medium: row development or compact settlement" }, "geometry": { "type": "Polygon", "coordinates": [ [ [ 13.42481128, 52.41999527 ], [ 13.42659095, 52.42035491 ], [ 13.42657915, 52.42007826 ], [ 13.42637542, 52.41975697 ], [ 13.42309008, 52.41903793 ], [ 13.42287568, 52.41902915 ], [ 13.42259026, 52.41947034 ], [ 13.42481128, 52.41999527 ] ] ] } },
{ "type": "Feature", "properties": { "id": "versorggruen_2020.1400816171000000", "styp_id": "1400816171000000", "sst_name": "Zeilenbebauung seit den 50er Jahren", "voeff_name": "versorgter Bereich", "vpriv_name": "mittel: Zeilen oder kompakte Siedlung", "versorg_sst": 2, "esst_name": "Row development since the 1950s", "evoeff_name": "good availability", "evpriv_name": "medium: row development or compact settlement" }, "geometry": { "type": "Polygon", "coordinates": [ [ [ 13.42673944, 52.42006145 ], [ 13.42674223, 52.42039016 ], [ 13.4276468, 52.42061477 ], [ 13.42809223, 52.41994691 ], [ 13.42806597, 52.41990193 ], [ 13.42798823, 52.41986675 ], [ 13.42782227, 52.41983682 ], [ 13.42663346, 52.41976921 ], [ 13.42655855, 52.41976009 ], [ 13.42673944, 52.42006145 ] ] ] } },
{ "type": "Feature", "properties": { "id": "versorggruen_2020.1400816201001400", "styp_id": "1400816201001400", "sst_name": "hohe Bebauung der Nachkriegszeit", "voeff_name": "nicht versorgter Bereich", "vpriv_name": "mittel: Zeilen oder kompakte Siedlung", "versorg_sst": 11, "esst_name": "Postwar high-rise development", "evoeff_name": "no availability", "evpriv_name": "medium: row development or compact settlement" }, "geometry": { "type": "Polygon", "coordinates": [ [ [ 13.43243593, 52.41820711 ], [ 13.43276387, 52.4181717 ], [ 13.43325055, 52.41813655 ], [ 13.43388541, 52.41815465 ], [ 13.43496375, 52.41826245 ], [ 13.43503019, 52.41820147 ], [ 13.43508237, 52.4180245 ], [ 13.43527033, 52.41772196 ], [ 13.43552438, 52.41744466 ], [ 13.43578265, 52.41719887 ], [ 13.43544121, 52.41696286 ], [ 13.43503811, 52.41671328 ], [ 13.43417051, 52.41607298 ], [ 13.4336878, 52.41578429 ], [ 13.43335715, 52.41600976 ], [ 13.43210657, 52.41600771 ], [ 13.43208539, 52.4159099 ], [ 13.43194171, 52.41593087 ], [ 13.43243593, 52.41820711 ] ] ] } },
{ "type": "Feature", "properties": { "id": "versorggruen_2020.1400816201001600", "styp_id": "1400816201001600", "sst_name": "niedrige Bebauung mit Hausgärten", "voeff_name": "nicht versorgter Bereich", "vpriv_name": "hoch: aufgelockerte Siedlungsbebauung", "versorg_sst": 10, "esst_name": "Low buildings with yards", "evoeff_name": "no availability", "evpriv_name": "high: loose settlement development" }, "geometry": { "type": "Polygon", "coordinates": [ [ [ 13.43206239, 52.41826129 ], [ 13.43243593, 52.41820711 ], [ 13.43194171, 52.41593087 ], [ 13.43128666, 52.41602669 ], [ 13.43123357, 52.41608969 ], [ 13.43144948, 52.41704695 ], [ 13.43209216, 52.41696341 ], [ 13.43211223, 52.4170546 ], [ 13.43146466, 52.41715767 ], [ 13.43172123, 52.4183003 ], [ 13.43206239, 52.41826129 ] ] ] } },
{ "type": "Feature", "properties": { "id": "versorggruen_2020.1400816211000700", "styp_id": "1400816211000700", "sst_name": "niedrige Bebauung mit Hausgärten", "voeff_name": "versorgter Bereich", "vpriv_name": "hoch: aufgelockerte Siedlungsbebauung", "versorg_sst": 1, "esst_name": "Low buildings with yards", "evoeff_name": "good availability", "evpriv_name": "high: loose settlement development" }, "geometry": { "type": "Polygon", "coordinates": [ [ [ 13.41938905, 52.41214228 ], [ 13.41952063, 52.412289 ], [ 13.41969179, 52.41245555 ], [ 13.42004344, 52.41268263 ], [ 13.42024583, 52.41277197 ], [ 13.42047767, 52.41284785 ], [ 13.42069491, 52.41290485 ], [ 13.42091958, 52.4129448 ], [ 13.42106353, 52.41289032 ], [ 13.42115836, 52.41210043 ], [ 13.42118638, 52.41167578 ], [ 13.42118569, 52.41089103 ], [ 13.41972394, 52.41067347 ], [ 13.41962831, 52.4107025 ], [ 13.41954525, 52.41082711 ], [ 13.41947578, 52.4108323 ], [ 13.41921564, 52.41077079 ], [ 13.41898106, 52.4108102 ], [ 13.41895073, 52.41079953 ], [ 13.41849748, 52.41089168 ], [ 13.41938905, 52.41214228 ] ] ] } },
{ "type": "Feature", "properties": { "id": "versorggruen_2020.1400816221000500", "styp_id": "1400816221000500", "sst_name": "nicht oder gering bebaute Grün- und Freiflächen", "voeff_name": "nicht versorgter Bereich", "vpriv_name": "hoch: aufgelockerte Siedlungsbebauung", "versorg_sst": 10, "esst_name": "Public green and open spaces with sparse or no development", "evoeff_name": "no availability", "evpriv_name": "high: loose settlement development" }, "geometry": { "type": "Polygon", "coordinates": [ [ [ 13.4308493, 52.4146623 ], [ 13.43156035, 52.4148461 ], [ 13.4321546, 52.41501417 ], [ 13.43291596, 52.41526875 ], [ 13.43348803, 52.41549292 ], [ 13.43394306, 52.41571756 ], [ 13.43434465, 52.41596893 ], [ 13.43480682, 52.41629023 ], [ 13.43535702, 52.41356486 ], [ 13.43193207, 52.41251501 ], [ 13.43035266, 52.41225385 ], [ 13.43033268, 52.41228509 ], [ 13.4308493, 52.4146623 ] ] ] } },
{ "type": "Feature", "properties": { "id": "versorggruen_2020.1400816231000000", "styp_id": "1400816231000000", "sst_name": "niedrige Bebauung mit Hausgärten", "voeff_name": "nicht versorgter Bereich", "vpriv_name": "hoch: aufgelockerte Siedlungsbebauung", "versorg_sst": 10, "esst_name": "Low buildings with yards", "evoeff_name": "no availability", "evpriv_name": "high: loose settlement development" }, "geometry": { "type": "Polygon", "coordinates": [ [ [ 13.40661126, 52.4262292 ], [ 13.40675896, 52.42638584 ], [ 13.40713066, 52.42672713 ], [ 13.4073547, 52.42690548 ], [ 13.40896004, 52.42630904 ], [ 13.40851933, 52.4256504 ], [ 13.40843342, 52.42555235 ], [ 13.4082299, 52.42532006 ], [ 13.40776594, 52.42549893 ], [ 13.40755097, 52.42556863 ], [ 13.40634537, 52.4258971 ], [ 13.40661126, 52.4262292 ] ] ] } },
{ "type": "Feature", "properties": { "id": "versorggruen_2020.1400816241000000", "styp_id": "1400816241000000", "sst_name": "niedrige Bebauung mit Hausgärten", "voeff_name": "nicht versorgter Bereich", "vpriv_name": "hoch: aufgelockerte Siedlungsbebauung", "versorg_sst": 10, "esst_name": "Low buildings with yards", "evoeff_name": "no availability", "evpriv_name": "high: loose settlement development" }, "geometry": { "type": "Polygon", "coordinates": [ [ [ 13.4062826, 52.42580711 ], [ 13.40748082, 52.42548582 ], [ 13.40792554, 52.42533117 ], [ 13.40816126, 52.42522737 ], [ 13.40800356, 52.42501229 ], [ 13.40792482, 52.42488364 ], [ 13.40780718, 52.42459405 ], [ 13.40777258, 52.42445649 ], [ 13.40773021, 52.42410862 ], [ 13.40717755, 52.42409592 ], [ 13.40696289, 52.42410451 ], [ 13.40630849, 52.42415451 ], [ 13.40597015, 52.42420241 ], [ 13.40559054, 52.42427179 ], [ 13.40521374, 52.42436635 ], [ 13.4062826, 52.42580711 ] ] ] } },
{ "type": "Feature", "properties": { "id": "versorggruen_2020.1400816251000300", "styp_id": "1400816251000300", "sst_name": "hohe Bebauung der Nachkriegszeit", "voeff_name": "nicht versorgter Bereich", "vpriv_name": "mittel: Zeilen oder kompakte Siedlung", "versorg_sst": 11, "esst_name": "Postwar high-rise development", "evoeff_name": "no availability", "evpriv_name": "medium: row development or compact settlement" }, "geometry": { "type": "Polygon", "coordinates": [ [ [ 13.45864352, 52.42108112 ], [ 13.45890971, 52.42150738 ], [ 13.45914566, 52.42188506 ], [ 13.4612264, 52.4213994 ], [ 13.46111395, 52.42124754 ], [ 13.46097176, 52.42110419 ], [ 13.46088215, 52.42103465 ], [ 13.4607986, 52.42098352 ], [ 13.46059114, 52.42089346 ], [ 13.46044177, 52.42085083 ], [ 13.46024922, 52.42081003 ], [ 13.45885503, 52.42057818 ], [ 13.45864352, 52.42108112 ] ] ] } },
{ "type": "Feature", "properties": { "id": "versorggruen_2020.1400816261000000", "styp_id": "1400816261000000", "sst_name": "niedrige Bebauung mit Hausgärten", "voeff_name": "nicht versorgter Bereich", "vpriv_name": "hoch: aufgelockerte Siedlungsbebauung", "versorg_sst": 10, "esst_name": "Low buildings with yards", "evoeff_name": "no availability", "evpriv_name": "high: loose settlement development" }, "geometry": { "type": "Polygon", "coordinates": [ [ [ 13.45659881, 52.42190013 ], [ 13.45718714, 52.42020141 ], [ 13.45661311, 52.42005869 ], [ 13.45648898, 52.42007548 ], [ 13.45591314, 52.42173846 ], [ 13.45590482, 52.42180054 ], [ 13.45595169, 52.42184203 ], [ 13.45659881, 52.42190013 ] ] ] } },
{ "type": "Feature", "properties": { "id": "versorggruen_2020.1400816281000300", "styp_id": "1400816281000300", "sst_name": "niedrige Bebauung mit Hausgärten", "voeff_name": "nicht versorgter Bereich", "vpriv_name": "hoch: aufgelockerte Siedlungsbebauung", "versorg_sst": 10, "esst_name": "Low buildings with yards", "evoeff_name": "no availability", "evpriv_name": "high: loose settlement development" }, "geometry": { "type": "Polygon", "coordinates": [ [ [ 13.44647005, 52.42347676 ], [ 13.44644209, 52.42364488 ], [ 13.44691449, 52.42367576 ], [ 13.44688257, 52.42385878 ], [ 13.44801475, 52.42393383 ], [ 13.44845351, 52.42452833 ], [ 13.45007859, 52.42401717 ], [ 13.45176203, 52.42379555 ], [ 13.45237518, 52.42360296 ], [ 13.45517956, 52.4229652 ], [ 13.45484073, 52.42240785 ], [ 13.45204189, 52.42306247 ], [ 13.45145588, 52.42319237 ], [ 13.45079363, 52.42331028 ], [ 13.45024902, 52.42338154 ], [ 13.44977992, 52.42342585 ], [ 13.44913827, 52.42346003 ], [ 13.44851363, 52.42346842 ], [ 13.44781605, 52.4234566 ], [ 13.44773503, 52.42349988 ], [ 13.44767331, 52.42386565 ], [ 13.44745372, 52.42385166 ], [ 13.44751424, 52.42349578 ], [ 13.44744828, 52.42344976 ], [ 13.44655094, 52.42343339 ], [ 13.44647005, 52.42347676 ] ] ] } },
{ "type": "Feature", "properties": { "id": "versorggruen_2020.1400816281000400", "styp_id": "1400816281000400", "sst_name": "Bebauung mit überwiegender Nutzung durch Gemeinbedarf und Sondernutzung, Verkehrsflächen ohne Straßen", "voeff_name": "nicht versorgter Bereich", "vpriv_name": "mittel: Zeilen oder kompakte Siedlung", "versorg_sst": 11, "esst_name": "Development with predominantly public and special use or non-street traffic area", "evoeff_name": "no availability", "evpriv_name": "medium: row development or compact settlement" }, "geometry": { "type": "Polygon", "coordinates": [ [ [ 13.45517956, 52.4229652 ], [ 13.45614194, 52.42273864 ], [ 13.45620257, 52.4225723 ], [ 13.45603472, 52.42230424 ], [ 13.45646374, 52.42220394 ], [ 13.45650908, 52.42207308 ], [ 13.45502612, 52.42194144 ], [ 13.45494292, 52.42197941 ], [ 13.45484073, 52.42240785 ], [ 13.45517956, 52.4229652 ] ] ] } },
{ "type": "Feature", "properties": { "id": "versorggruen_2020.1400816291000000", "styp_id": "1400816291000000", "sst_name": "niedrige Bebauung mit Hausgärten", "voeff_name": "unterversorgter Bereich", "vpriv_name": "hoch: aufgelockerte Siedlungsbebauung", "versorg_sst": 4, "esst_name": "Low buildings with yards", "evoeff_name": "reduced availability", "evpriv_name": "high: loose settlement development" }, "geometry": { "type": "Polygon", "coordinates": [ [ [ 13.40723757, 52.42305178 ], [ 13.40732308, 52.42308968 ], [ 13.40846249, 52.42299078 ], [ 13.40852492, 52.42294003 ], [ 13.40842701, 52.42252682 ], [ 13.40713347, 52.42270182 ], [ 13.40723757, 52.42305178 ] ] ] } },
{ "type": "Feature", "properties": { "id": "versorggruen_2020.1400816301000000", "styp_id": "1400816301000000", "sst_name": "niedrige Bebauung mit Hausgärten", "voeff_name": "unterversorgter Bereich", "vpriv_name": "hoch: aufgelockerte Siedlungsbebauung", "versorg_sst": 4, "esst_name": "Low buildings with yards", "evoeff_name": "reduced availability", "evpriv_name": "high: loose settlement development" }, "geometry": { "type": "Polygon", "coordinates": [ [ [ 13.40514215, 52.42427994 ], [ 13.40591771, 52.42410525 ], [ 13.40609277, 52.42407862 ], [ 13.40647372, 52.42403619 ], [ 13.40697365, 52.42400927 ], [ 13.40721621, 52.42400612 ], [ 13.40746464, 52.42400658 ], [ 13.40789234, 52.42401996 ], [ 13.40835391, 52.42402171 ], [ 13.40890537, 52.42397959 ], [ 13.40919807, 52.42394598 ], [ 13.40944812, 52.42391409 ], [ 13.41071206, 52.42366567 ], [ 13.41142708, 52.42354206 ], [ 13.41213452, 52.42346247 ], [ 13.41249922, 52.42343348 ], [ 13.41249651, 52.42277834 ], [ 13.41239461, 52.42272001 ], [ 13.41226439, 52.42275186 ], [ 13.40727674, 52.42318476 ], [ 13.40462475, 52.4234778 ], [ 13.40458347, 52.42352762 ], [ 13.40514215, 52.42427994 ] ] ] } },
{ "type": "Feature", "properties": { "id": "versorggruen_2020.1400816321000000", "styp_id": "1400816321000000", "sst_name": "niedrige Bebauung mit Hausgärten", "voeff_name": "unterversorgter Bereich", "vpriv_name": "hoch: aufgelockerte Siedlungsbebauung", "versorg_sst": 4, "esst_name": "Low buildings with yards", "evoeff_name": "reduced availability", "evpriv_name": "high: loose settlement development" }, "geometry": { "type": "Polygon", "coordinates": [ [ [ 13.40988213, 52.42282228 ], [ 13.40984816, 52.42267556 ], [ 13.40975896, 52.42261069 ], [ 13.40974225, 52.42253958 ], [ 13.40980468, 52.42248865 ], [ 13.40992, 52.42247412 ], [ 13.4099986, 52.42281207 ], [ 13.41008161, 52.42285024 ], [ 13.41115543, 52.42275703 ], [ 13.41121786, 52.42270628 ], [ 13.41112197, 52.42229479 ], [ 13.41126061, 52.42228848 ], [ 13.41135609, 52.42269422 ], [ 13.4114394, 52.4227323 ], [ 13.41218777, 52.42266725 ], [ 13.41228147, 52.42265248 ], [ 13.41237013, 52.42262428 ], [ 13.41244026, 52.42258808 ], [ 13.41248715, 52.4225527 ], [ 13.41252817, 52.4225063 ], [ 13.41255724, 52.42244199 ], [ 13.41267205, 52.42195341 ], [ 13.40856322, 52.42250838 ], [ 13.40866316, 52.42292833 ], [ 13.40874647, 52.42296614 ], [ 13.40982, 52.42287303 ], [ 13.40988213, 52.42282228 ] ] ] } },
{ "type": "Feature", "properties": { "id": "versorggruen_2020.1400816331000000", "styp_id": "1400816331000000", "sst_name": "niedrige Bebauung mit Hausgärten", "voeff_name": "versorgter Bereich", "vpriv_name": "hoch: aufgelockerte Siedlungsbebauung", "versorg_sst": 1, "esst_name": "Low buildings with yards", "evoeff_name": "good availability", "evpriv_name": "high: loose settlement development" }, "geometry": { "type": "Polygon", "coordinates": [ [ [ 13.42982001, 52.41596555 ], [ 13.4297552, 52.41602189 ], [ 13.42799061, 52.41635005 ], [ 13.42794673, 52.41637673 ], [ 13.42794298, 52.41640014 ], [ 13.42802069, 52.416553 ], [ 13.4284114, 52.4164673 ], [ 13.42880489, 52.41639454 ], [ 13.42992525, 52.41622769 ], [ 13.42989719, 52.41615782 ], [ 13.43099948, 52.4159951 ], [ 13.4309965, 52.41597074 ], [ 13.43106433, 52.41591972 ], [ 13.43117901, 52.41591056 ], [ 13.43119647, 52.41591868 ], [ 13.43114793, 52.41569492 ], [ 13.43106924, 52.41567484 ], [ 13.43089467, 52.41487141 ], [ 13.43033847, 52.41472113 ], [ 13.43020129, 52.41473312 ], [ 13.42999046, 52.41499714 ], [ 13.42983235, 52.4151414 ], [ 13.4296511, 52.41526229 ], [ 13.42950743, 52.41533147 ], [ 13.42982001, 52.41596555 ] ] ] } },
{ "type": "Feature", "properties": { "id": "versorggruen_2020.1400816341000000", "styp_id": "1400816341000000", "sst_name": "Bebauung mit überwiegender Nutzung durch Gemeinbedarf und Sondernutzung, Verkehrsflächen ohne Straßen", "voeff_name": "versorgter Bereich", "vpriv_name": "mittel: Zeilen oder kompakte Siedlung", "versorg_sst": 2, "esst_name": "Development with predominantly public and special use or non-street traffic area", "evoeff_name": "good availability", "evpriv_name": "medium: row development or compact settlement" }, "geometry": { "type": "Polygon", "coordinates": [ [ [ 13.42486615, 52.41596394 ], [ 13.42499193, 52.41600308 ], [ 13.42510642, 52.41606121 ], [ 13.42563566, 52.41652045 ], [ 13.4259697, 52.41656163 ], [ 13.42606602, 52.41664618 ], [ 13.42603601, 52.41674876 ], [ 13.42591688, 52.41679933 ], [ 13.42611393, 52.41697257 ], [ 13.42617995, 52.41695343 ], [ 13.42623255, 52.41695307 ], [ 13.42630454, 52.41697478 ], [ 13.42633559, 52.41699946 ], [ 13.42675052, 52.41683364 ], [ 13.42706105, 52.41672585 ], [ 13.42747897, 52.41659726 ], [ 13.42766247, 52.41654652 ], [ 13.42769673, 52.41659054 ], [ 13.4279442, 52.41653281 ], [ 13.42794259, 52.41648598 ], [ 13.42778846, 52.4162962 ], [ 13.4278542, 52.41627513 ], [ 13.42788869, 52.41630752 ], [ 13.42792695, 52.41631427 ], [ 13.42796708, 52.41630988 ], [ 13.42865686, 52.41618171 ], [ 13.42867698, 52.41616837 ], [ 13.42869347, 52.41615056 ], [ 13.42869355, 52.41613384 ], [ 13.42855981, 52.41586828 ], [ 13.42851795, 52.41585148 ], [ 13.42848878, 52.41585144 ], [ 13.42725177, 52.41603442 ], [ 13.42683222, 52.4155059 ], [ 13.42542417, 52.41513245 ], [ 13.4252848, 52.41517319 ], [ 13.425098, 52.41552731 ], [ 13.42485203, 52.41590092 ], [ 13.42486615, 52.41596394 ] ] ] } },
{ "type": "Feature", "properties": { "id": "versorggruen_2020.1400816351000100", "styp_id": "1400816351000100", "sst_name": "Zeilenbebauung seit den 50er Jahren", "voeff_name": "nicht versorgter Bereich", "vpriv_name": "mittel: Zeilen oder kompakte Siedlung", "versorg_sst": 11, "esst_name": "Row development since the 1950s", "evoeff_name": "no availability", "evpriv_name": "medium: row development or compact settlement" }, "geometry": { "type": "Polygon", "coordinates": [ [ [ 13.40791815, 52.42444957 ], [ 13.40795276, 52.42458353 ], [ 13.4079992, 52.42470584 ], [ 13.40811714, 52.42493432 ], [ 13.40820759, 52.42507468 ], [ 13.40858751, 52.42553819 ], [ 13.40974601, 52.4252168 ], [ 13.40980884, 52.4252951 ], [ 13.4086606, 52.4256219 ], [ 13.40909115, 52.42625356 ], [ 13.41102482, 52.42554356 ], [ 13.41167432, 52.42529582 ], [ 13.41223862, 52.42503353 ], [ 13.41372721, 52.42423101 ], [ 13.41409158, 52.42396567 ], [ 13.41445659, 52.42356552 ], [ 13.41386615, 52.4234647 ], [ 13.41315606, 52.42348229 ], [ 13.41251055, 52.42352157 ], [ 13.41215172, 52.42355237 ], [ 13.41182961, 52.42359043 ], [ 13.41146778, 52.4236356 ], [ 13.41112061, 52.42368799 ], [ 13.41074398, 52.42375021 ], [ 13.40976989, 52.42394703 ], [ 13.4092079, 52.42403856 ], [ 13.40885047, 52.42408283 ], [ 13.40854461, 52.42410294 ], [ 13.40814033, 52.42410848 ], [ 13.40787421, 52.42412057 ], [ 13.40791815, 52.42444957 ] ], [ [ 13.41235389, 52.42370197 ], [ 13.41243227, 52.42363746 ], [ 13.41249282, 52.42361448 ], [ 13.41256591, 52.42360075 ], [ 13.41268935, 52.4235902 ], [ 13.41290588, 52.42359675 ], [ 13.41301896, 52.42364622 ], [ 13.41301378, 52.42367546 ], [ 13.41298346, 52.42369696 ], [ 13.41287755, 52.42372755 ], [ 13.4128194, 52.42377517 ], [ 13.41274353, 52.42384277 ], [ 13.4126728, 52.42388883 ], [ 13.41246374, 52.42389769 ], [ 13.41240589, 52.42388373 ], [ 13.41236326, 52.42384824 ], [ 13.41235098, 52.42378202 ], [ 13.41235389, 52.42370197 ] ] ] } },
{ "type": "Feature", "properties": { "id": "versorggruen_2020.1400816361000000", "styp_id": "1400816361000000", "sst_name": "Zeilenbebauung seit den 50er Jahren", "voeff_name": "unterversorgter Bereich", "vpriv_name": "mittel: Zeilen oder kompakte Siedlung", "versorg_sst": 5, "esst_name": "Row development since the 1950s", "evoeff_name": "reduced availability", "evpriv_name": "medium: row development or compact settlement" }, "geometry": { "type": "Polygon", "coordinates": [ [ [ 13.41200785, 52.4173584 ], [ 13.41153006, 52.41812638 ], [ 13.41175417, 52.41824949 ], [ 13.41183618, 52.41831075 ], [ 13.41189458, 52.41839083 ], [ 13.41194849, 52.418488 ], [ 13.41224813, 52.41926475 ], [ 13.41461633, 52.41898827 ], [ 13.41494254, 52.41898091 ], [ 13.41528225, 52.41902211 ], [ 13.41609848, 52.41921529 ], [ 13.41663633, 52.41836073 ], [ 13.41218345, 52.41732015 ], [ 13.41200785, 52.4173584 ] ] ] } },
{ "type": "Feature", "properties": { "id": "versorggruen_2020.1400816371000100", "styp_id": "1400816371000100", "sst_name": "Zeilenbebauung seit den 50er Jahren", "voeff_name": "versorgter Bereich", "vpriv_name": "mittel: Zeilen oder kompakte Siedlung", "versorg_sst": 2, "esst_name": "Row development since the 1950s", "evoeff_name": "good availability", "evpriv_name": "medium: row development or compact settlement" }, "geometry": { "type": "Polygon", "coordinates": [ [ [ 13.43003623, 52.42636394 ], [ 13.43018487, 52.42665716 ], [ 13.43019769, 52.42666052 ], [ 13.43162126, 52.42703443 ], [ 13.43156776, 52.42666179 ], [ 13.43369609, 52.4265815 ], [ 13.43376663, 52.42694761 ], [ 13.43480072, 52.42691583 ], [ 13.43480925, 52.42690032 ], [ 13.43498659, 52.4268951 ], [ 13.43518892, 52.42532636 ], [ 13.43534077, 52.42488625 ], [ 13.43342463, 52.4246093 ], [ 13.43329102, 52.42464405 ], [ 13.43314063, 52.4250261 ], [ 13.4330601, 52.42513087 ], [ 13.4328956, 52.42525182 ], [ 13.4328077, 52.42529596 ], [ 13.43061612, 52.42592641 ], [ 13.43045967, 52.42594946 ], [ 13.43019655, 52.42595135 ], [ 13.43002127, 52.42592076 ], [ 13.42991084, 52.42588794 ], [ 13.4297738, 52.42583409 ], [ 13.42960533, 52.42574225 ], [ 13.43003623, 52.42636394 ] ] ] } },
{ "type": "Feature", "properties": { "id": "versorggruen_2020.1400816381000000", "styp_id": "1400816381000000", "sst_name": "Zeilenbebauung seit den 50er Jahren", "voeff_name": "versorgter Bereich", "vpriv_name": "mittel: Zeilen oder kompakte Siedlung", "versorg_sst": 2, "esst_name": "Row development since the 1950s", "evoeff_name": "good availability", "evpriv_name": "medium: row development or compact settlement" }, "geometry": { "type": "Polygon", "coordinates": [ [ [ 13.42885198, 52.4242519 ], [ 13.4288338, 52.42437409 ], [ 13.42884368, 52.42446487 ], [ 13.42890046, 52.42458718 ], [ 13.42967944, 52.42561481 ], [ 13.42975159, 52.42568254 ], [ 13.42985425, 52.42575031 ], [ 13.42999507, 52.42581115 ], [ 13.43012076, 52.425844 ], [ 13.43030751, 52.42586529 ], [ 13.43045244, 52.42586087 ], [ 13.43058601, 52.42583778 ], [ 13.43269741, 52.42523051 ], [ 13.43282736, 52.42516079 ], [ 13.43291532, 52.42510266 ], [ 13.43301891, 52.4249583 ], [ 13.43315385, 52.42462051 ], [ 13.43305879, 52.42455975 ], [ 13.43251568, 52.42448533 ], [ 13.43190591, 52.42442053 ], [ 13.42922092, 52.4242606 ], [ 13.42896677, 52.42422513 ], [ 13.42885198, 52.4242519 ] ] ] } },
{ "type": "Feature", "properties": { "id": "versorggruen_2020.1400816391000100", "styp_id": "1400816391000100", "sst_name": "Zeilenbebauung seit den 50er Jahren", "voeff_name": "versorgter Bereich", "vpriv_name": "mittel: Zeilen oder kompakte Siedlung", "versorg_sst": 2, "esst_name": "Row development since the 1950s", "evoeff_name": "good availability", "evpriv_name": "medium: row development or compact settlement" }, "geometry": { "type": "Polygon", "coordinates": [ [ [ 13.42719061, 52.42170588 ], [ 13.42717882, 52.42204016 ], [ 13.42738705, 52.42247547 ], [ 13.42833984, 52.42372712 ], [ 13.42842325, 52.42380993 ], [ 13.4285317, 52.42388381 ], [ 13.42867833, 52.42396673 ], [ 13.42884265, 52.424038 ], [ 13.42902767, 52.42408324 ], [ 13.42926124, 52.42411778 ], [ 13.43194618, 52.42428849 ], [ 13.43248397, 52.4243415 ], [ 13.43541626, 52.42476596 ], [ 13.43587135, 52.42422839 ], [ 13.43635565, 52.42373221 ], [ 13.43566633, 52.42349422 ], [ 13.43225124, 52.42273966 ], [ 13.43193573, 52.42278643 ], [ 13.4316563, 52.42267859 ], [ 13.4314454, 52.42258765 ], [ 13.43116058, 52.42243594 ], [ 13.43096387, 52.4223763 ], [ 13.43141311, 52.42183784 ], [ 13.43074497, 52.42168576 ], [ 13.43069618, 52.42174949 ], [ 13.42963761, 52.42147094 ], [ 13.42855131, 52.42115099 ], [ 13.42767612, 52.42095901 ], [ 13.42719061, 52.42170588 ] ] ] } },
{ "type": "Feature", "properties": { "id": "versorggruen_2020.1400816401000000", "styp_id": "1400816401000000", "sst_name": "niedrige Bebauung mit Hausgärten", "voeff_name": "versorgter Bereich", "vpriv_name": "hoch: aufgelockerte Siedlungsbebauung", "versorg_sst": 1, "esst_name": "Low buildings with yards", "evoeff_name": "good availability", "evpriv_name": "high: loose settlement development" }, "geometry": { "type": "Polygon", "coordinates": [ [ [ 13.41617871, 52.42217027 ], [ 13.41669859, 52.42227094 ], [ 13.41738935, 52.42229464 ], [ 13.41783793, 52.42224061 ], [ 13.41804426, 52.42212595 ], [ 13.41831822, 52.42169776 ], [ 13.4183649, 52.4214615 ], [ 13.41819394, 52.42124551 ], [ 13.4178549, 52.42113797 ], [ 13.41537618, 52.42092175 ], [ 13.41529077, 52.42126912 ], [ 13.4151999, 52.42182793 ], [ 13.41617871, 52.42217027 ] ] ] } },
{ "type": "Feature", "properties": { "id": "versorggruen_2020.1400816411000000", "styp_id": "1400816411000000", "sst_name": "niedrige Bebauung mit Hausgärten", "voeff_name": "versorgter Bereich", "vpriv_name": "hoch: aufgelockerte Siedlungsbebauung", "versorg_sst": 1, "esst_name": "Low buildings with yards", "evoeff_name": "good availability", "evpriv_name": "high: loose settlement development" }, "geometry": { "type": "Polygon", "coordinates": [ [ [ 13.42727771, 52.41594416 ], [ 13.42730678, 52.41596539 ], [ 13.42733592, 52.41597324 ], [ 13.42879555, 52.41574938 ], [ 13.42880819, 52.41577616 ], [ 13.42863666, 52.41580709 ], [ 13.42862016, 52.41582713 ], [ 13.4287611, 52.41611388 ], [ 13.42878652, 52.41613734 ], [ 13.42883753, 52.41614634 ], [ 13.42966782, 52.41598942 ], [ 13.42970631, 52.41594489 ], [ 13.4295744, 52.41567933 ], [ 13.42953798, 52.41566812 ], [ 13.42921317, 52.41572778 ], [ 13.42920052, 52.41570324 ], [ 13.42927724, 52.41567103 ], [ 13.42951628, 52.41562795 ], [ 13.42953644, 52.41560458 ], [ 13.42941534, 52.41536691 ], [ 13.42915243, 52.41544329 ], [ 13.42898211, 52.41548109 ], [ 13.42833143, 52.41558113 ], [ 13.42802279, 52.41561648 ], [ 13.42766709, 52.41563146 ], [ 13.42749957, 52.41562406 ], [ 13.42728975, 52.41560005 ], [ 13.4269505, 52.41553487 ], [ 13.42727771, 52.41594416 ] ] ] } },
{ "type": "Feature", "properties": { "id": "versorggruen_2020.1400816421000100", "styp_id": "1400816421000100", "sst_name": "Zeilenbebauung seit den 50er Jahren", "voeff_name": "versorgter Bereich", "vpriv_name": "mittel: Zeilen oder kompakte Siedlung", "versorg_sst": 2, "esst_name": "Row development since the 1950s", "evoeff_name": "good availability", "evpriv_name": "medium: row development or compact settlement" }, "geometry": { "type": "Polygon", "coordinates": [ [ [ 13.42114604, 52.42429088 ], [ 13.42188277, 52.42391831 ], [ 13.42088585, 52.42334503 ], [ 13.42071203, 52.42310658 ], [ 13.42076775, 52.4228218 ], [ 13.42183638, 52.421242 ], [ 13.42214328, 52.4209909 ], [ 13.42266429, 52.42084712 ], [ 13.42081282, 52.42074385 ], [ 13.42014222, 52.42180711 ], [ 13.42059312, 52.42182477 ], [ 13.42020417, 52.42233614 ], [ 13.41928798, 52.42378937 ], [ 13.42114604, 52.42429088 ] ] ] } },
{ "type": "Feature", "properties": { "id": "versorggruen_2020.1400816421000200", "styp_id": "1400816421000200", "sst_name": "Siedlungsbebauung der 90er Jahre", "voeff_name": "versorgter Bereich", "vpriv_name": "mittel: Zeilen oder kompakte Siedlung", "versorg_sst": 2, "esst_name": "Residential development of the 1990s", "evoeff_name": "good availability", "evpriv_name": "medium: row development or compact settlement" }, "geometry": { "type": "Polygon", "coordinates": [ [ [ 13.41928798, 52.42378937 ], [ 13.42020417, 52.42233614 ], [ 13.42059312, 52.42182477 ], [ 13.42014222, 52.42180711 ], [ 13.42081282, 52.42074385 ], [ 13.42033958, 52.42070738 ], [ 13.4201603, 52.42069718 ], [ 13.41983289, 52.4212448 ], [ 13.41965695, 52.4217756 ], [ 13.41852542, 52.42358354 ], [ 13.41928798, 52.42378937 ] ] ] } },
{ "type": "Feature", "properties": { "id": "versorggruen_2020.1400816431000000", "styp_id": "1400816431000000", "sst_name": "niedrige Bebauung mit Hausgärten", "voeff_name": "versorgter Bereich", "vpriv_name": "hoch: aufgelockerte Siedlungsbebauung", "versorg_sst": 1, "esst_name": "Low buildings with yards", "evoeff_name": "good availability", "evpriv_name": "high: loose settlement development" }, "geometry": { "type": "Polygon", "coordinates": [ [ [ 13.42409717, 52.42282935 ], [ 13.4237904, 52.42272907 ], [ 13.42111439, 52.42256448 ], [ 13.42092933, 52.42284634 ], [ 13.42090314, 52.42310421 ], [ 13.42105951, 52.42330129 ], [ 13.42201978, 52.42385384 ], [ 13.42409717, 52.42282935 ] ] ] } },
{ "type": "Feature", "properties": { "id": "versorggruen_2020.1400816441000100", "styp_id": "1400816441000100", "sst_name": "Zeilenbebauung seit den 50er Jahren", "voeff_name": "versorgter Bereich", "vpriv_name": "mittel: Zeilen oder kompakte Siedlung", "versorg_sst": 2, "esst_name": "Row development since the 1950s", "evoeff_name": "good availability", "evpriv_name": "medium: row development or compact settlement" }, "geometry": { "type": "Polygon", "coordinates": [ [ [ 13.42276371, 52.42096232 ], [ 13.42236069, 52.42102093 ], [ 13.42198763, 52.42127371 ], [ 13.42117955, 52.42246035 ], [ 13.42394226, 52.42263047 ], [ 13.42425771, 52.42275952 ], [ 13.42537891, 52.42219618 ], [ 13.42550154, 52.42210586 ], [ 13.42389686, 52.42202194 ], [ 13.424055, 52.42104391 ], [ 13.42276371, 52.42096232 ] ] ] } },
{ "type": "Feature", "properties": { "id": "versorggruen_2020.1400816451000000", "styp_id": "1400816451000000", "sst_name": "Bebauung mit Gärten und halbprivater Umgrünung", "voeff_name": "nicht versorgter Bereich", "vpriv_name": "hoch: aufgelockerte Siedlungsbebauung", "versorg_sst": 10, "esst_name": "Development with yards and semi-private greening", "evoeff_name": "no availability", "evpriv_name": "high: loose settlement development" }, "geometry": { "type": "Polygon", "coordinates": [ [ [ 13.44147477, 52.42323259 ], [ 13.44157504, 52.42315726 ], [ 13.44172394, 52.42025086 ], [ 13.44031441, 52.42022742 ], [ 13.44002401, 52.42320784 ], [ 13.44147477, 52.42323259 ] ] ] } },
{ "type": "Feature", "properties": { "id": "versorggruen_2020.1400816461000000", "styp_id": "1400816461000000", "sst_name": "Bebauung mit Gärten und halbprivater Umgrünung", "voeff_name": "nicht versorgter Bereich", "vpriv_name": "hoch: aufgelockerte Siedlungsbebauung", "versorg_sst": 10, "esst_name": "Development with yards and semi-private greening", "evoeff_name": "no availability", "evpriv_name": "high: loose settlement development" }, "geometry": { "type": "Polygon", "coordinates": [ [ [ 13.44182175, 52.42321426 ], [ 13.44205114, 52.42319665 ], [ 13.44226882, 52.42316733 ], [ 13.44247484, 52.42311283 ], [ 13.44275745, 52.42302251 ], [ 13.44338603, 52.42280421 ], [ 13.4432343, 52.42252898 ], [ 13.44333396, 52.42028275 ], [ 13.44186811, 52.42025696 ], [ 13.44172789, 52.42316379 ], [ 13.44182175, 52.42321426 ] ] ] } },
{ "type": "Feature", "properties": { "id": "versorggruen_2020.1400816471000000", "styp_id": "1400816471000000", "sst_name": "niedrige Bebauung mit Hausgärten", "voeff_name": "nicht versorgter Bereich", "vpriv_name": "hoch: aufgelockerte Siedlungsbebauung", "versorg_sst": 10, "esst_name": "Low buildings with yards", "evoeff_name": "no availability", "evpriv_name": "high: loose settlement development" }, "geometry": { "type": "Polygon", "coordinates": [ [ [ 13.44500237, 52.42223875 ], [ 13.44488876, 52.42205419 ], [ 13.44494381, 52.42035576 ], [ 13.44487669, 52.42031452 ], [ 13.44348295, 52.42028592 ], [ 13.44337546, 52.42251842 ], [ 13.44354206, 52.42275323 ], [ 13.44500237, 52.42223875 ] ] ] } },
{ "type": "Feature", "properties": { "id": "versorggruen_2020.1400816481000000", "styp_id": "1400816481000000", "sst_name": "niedrige Bebauung mit Hausgärten", "voeff_name": "nicht versorgter Bereich", "vpriv_name": "hoch: aufgelockerte Siedlungsbebauung", "versorg_sst": 10, "esst_name": "Low buildings with yards", "evoeff_name": "no availability", "evpriv_name": "high: loose settlement development" }, "geometry": { "type": "Polygon", "coordinates": [ [ [ 13.44655824, 52.42171091 ], [ 13.44660642, 52.42163954 ], [ 13.44652057, 52.42147485 ], [ 13.44655862, 52.4203935 ], [ 13.44649154, 52.42034344 ], [ 13.44517468, 52.42031791 ], [ 13.44508798, 52.42036186 ], [ 13.44502549, 52.42197817 ], [ 13.44512846, 52.42220737 ], [ 13.44655824, 52.42171091 ] ] ] } },
{ "type": "Feature", "properties": { "id": "versorggruen_2020.1400816491000000", "styp_id": "1400816491000000", "sst_name": "niedrige Bebauung mit Hausgärten", "voeff_name": "nicht versorgter Bereich", "vpriv_name": "hoch: aufgelockerte Siedlungsbebauung", "versorg_sst": 10, "esst_name": "Low buildings with yards", "evoeff_name": "no availability", "evpriv_name": "high: loose settlement development" }, "geometry": { "type": "Polygon", "coordinates": [ [ [ 13.44183548, 52.41747539 ], [ 13.44187505, 52.41679696 ], [ 13.44193673, 52.41645916 ], [ 13.44203184, 52.41620678 ], [ 13.44251832, 52.4153636 ], [ 13.44159828, 52.41508267 ], [ 13.44084076, 52.41488171 ], [ 13.4405303, 52.41573442 ], [ 13.44047312, 52.41744629 ], [ 13.44183548, 52.41747539 ] ] ] } },
{ "type": "Feature", "properties": { "id": "versorggruen_2020.1400816501000000", "styp_id": "1400816501000000", "sst_name": "niedrige Bebauung mit Hausgärten", "voeff_name": "nicht versorgter Bereich", "vpriv_name": "hoch: aufgelockerte Siedlungsbebauung", "versorg_sst": 10, "esst_name": "Low buildings with yards", "evoeff_name": "no availability", "evpriv_name": "high: loose settlement development" }, "geometry": { "type": "Polygon", "coordinates": [ [ [ 13.44217289, 52.41621958 ], [ 13.44207634, 52.41646297 ], [ 13.44201321, 52.41679717 ], [ 13.44197219, 52.41746842 ], [ 13.44344475, 52.41750576 ], [ 13.44350929, 52.41682736 ], [ 13.4436422, 52.41632162 ], [ 13.44391783, 52.41578822 ], [ 13.44323517, 52.41559306 ], [ 13.442695570615399, 52.415417672185079 ], [ 13.442643098939502, 52.415401651594685 ], [ 13.44217289, 52.41621958 ] ] ] } },
{ "type": "Feature", "properties": { "id": "versorggruen_2020.1400816511000000", "styp_id": "1400816511000000", "sst_name": "niedrige Bebauung mit Hausgärten", "voeff_name": "nicht versorgter Bereich", "vpriv_name": "hoch: aufgelockerte Siedlungsbebauung", "versorg_sst": 10, "esst_name": "Low buildings with yards", "evoeff_name": "no availability", "evpriv_name": "high: loose settlement development" }, "geometry": { "type": "Polygon", "coordinates": [ [ [ 13.44379502, 52.41632994 ], [ 13.44366808, 52.41681413 ], [ 13.4435991, 52.4175015 ], [ 13.44511871, 52.4175362 ], [ 13.4452248, 52.41711219 ], [ 13.44566089, 52.41628437 ], [ 13.4440684, 52.41583016 ], [ 13.44379502, 52.41632994 ] ] ] } },
{ "type": "Feature", "properties": { "id": "versorggruen_2020.1400816521000000", "styp_id": "1400816521000000", "sst_name": "niedrige Bebauung mit Hausgärten", "voeff_name": "nicht versorgter Bereich", "vpriv_name": "hoch: aufgelockerte Siedlungsbebauung", "versorg_sst": 10, "esst_name": "Low buildings with yards", "evoeff_name": "no availability", "evpriv_name": "high: loose settlement development" }, "geometry": { "type": "Polygon", "coordinates": [ [ [ 13.44538204, 52.41711872 ], [ 13.44526568, 52.41753642 ], [ 13.44819563, 52.41758879 ], [ 13.44832321, 52.41754638 ], [ 13.44834289, 52.41747343 ], [ 13.44828181, 52.41739363 ], [ 13.4478622, 52.41724524 ], [ 13.44759168, 52.41711975 ], [ 13.44738797, 52.4170089 ], [ 13.44704959, 52.41684069 ], [ 13.44705552, 52.41668515 ], [ 13.446878426044952, 52.41663409773151 ], [ 13.446001033911189, 52.416381366189398 ], [ 13.445792387956692, 52.416321891284078 ], [ 13.44538204, 52.41711872 ] ] ] } },
{ "type": "Feature", "properties": { "id": "versorggruen_2020.1400816531000000", "styp_id": "1400816531000000", "sst_name": "hohe Bebauung der Nachkriegszeit", "voeff_name": "nicht versorgter Bereich", "vpriv_name": "mittel: Zeilen oder kompakte Siedlung", "versorg_sst": 11, "esst_name": "Postwar high-rise development", "evoeff_name": "no availability", "evpriv_name": "medium: row development or compact settlement" }, "geometry": { "type": "Polygon", "coordinates": [ [ [ 13.44315177, 52.42017374 ], [ 13.44340165, 52.42018588 ], [ 13.44533853, 52.42021238 ], [ 13.44646169, 52.42023654 ], [ 13.44660897, 52.42016188 ], [ 13.44679873, 52.4196796 ], [ 13.44691348, 52.41957161 ], [ 13.44697347, 52.41954341 ], [ 13.44710969, 52.41951034 ], [ 13.44719954, 52.41950049 ], [ 13.44867186, 52.41952767 ], [ 13.44876731, 52.41947956 ], [ 13.44931939, 52.41788946 ], [ 13.44918582, 52.41784432 ], [ 13.44889349, 52.41780524 ], [ 13.44877447, 52.41779697 ], [ 13.44362631, 52.41767409 ], [ 13.44357426, 52.41888361 ], [ 13.44355484, 52.41895997 ], [ 13.44350152, 52.41905694 ], [ 13.44336575, 52.41919064 ], [ 13.4432258, 52.41926591 ], [ 13.44291374, 52.41937416 ], [ 13.44239451, 52.41946502 ], [ 13.442171, 52.41948624 ], [ 13.44167116, 52.41950882 ], [ 13.441023, 52.41950151 ], [ 13.44048069, 52.41948449 ], [ 13.44039556, 52.41954057 ], [ 13.44034024, 52.42012232 ], [ 13.44315177, 52.42017374 ] ] ] } },
{ "type": "Feature", "properties": { "id": "versorggruen_2020.1400816541000000", "styp_id": "1400816541000000", "sst_name": "Zeilenbebauung seit den 50er Jahren", "voeff_name": "nicht versorgter Bereich", "vpriv_name": "mittel: Zeilen oder kompakte Siedlung", "versorg_sst": 11, "esst_name": "Row development since the 1950s", "evoeff_name": "no availability", "evpriv_name": "medium: row development or compact settlement" }, "geometry": { "type": "Polygon", "coordinates": [ [ [ 13.44144378, 52.41940152 ], [ 13.44181712, 52.4194039 ], [ 13.44215377, 52.41938915 ], [ 13.44238317, 52.41936435 ], [ 13.44265382, 52.41931714 ], [ 13.44302461, 52.41922336 ], [ 13.44317771, 52.41916518 ], [ 13.44328382, 52.41909705 ], [ 13.44338287, 52.4189597 ], [ 13.44340995, 52.41880967 ], [ 13.44343083, 52.41767378 ], [ 13.44054312, 52.4176227 ], [ 13.44040943, 52.41930464 ], [ 13.44046939, 52.41937663 ], [ 13.44144378, 52.41940152 ] ] ] } },
{ "type": "Feature", "properties": { "id": "versorggruen_2020.1400816581000100", "styp_id": "1400816581000100", "sst_name": "Zeilenbebauung seit den 50er Jahren", "voeff_name": "versorgter Bereich", "vpriv_name": "mittel: Zeilen oder kompakte Siedlung", "versorg_sst": 2, "esst_name": "Row development since the 1950s", "evoeff_name": "good availability", "evpriv_name": "medium: row development or compact settlement" }, "geometry": { "type": "Polygon", "coordinates": [ [ [ 13.4207757, 52.41519748 ], [ 13.42061523, 52.41541657 ], [ 13.42061986, 52.41549275 ], [ 13.42118419, 52.4156275 ], [ 13.42144101, 52.41572499 ], [ 13.42162928, 52.41583666 ], [ 13.42174398, 52.41596047 ], [ 13.42179681, 52.4160954 ], [ 13.42177766, 52.41626392 ], [ 13.42169708, 52.41637999 ], [ 13.42156912, 52.41648726 ], [ 13.42146661, 52.41655897 ], [ 13.42201118, 52.41708137 ], [ 13.42239523, 52.41737806 ], [ 13.42284102, 52.41767204 ], [ 13.4232351, 52.4178467 ], [ 13.42375046, 52.41816892 ], [ 13.42410467, 52.41798552 ], [ 13.42448093, 52.41780623 ], [ 13.42416095, 52.41757135 ], [ 13.42394206, 52.41737352 ], [ 13.42294077, 52.41631095 ], [ 13.42303274, 52.41607339 ], [ 13.42320822, 52.41561765 ], [ 13.42085101, 52.41507574 ], [ 13.4207757, 52.41519748 ] ] ] } },
{ "type": "Feature", "properties": { "id": "versorggruen_2020.1400816581000300", "styp_id": "1400816581000300", "sst_name": "Siedlungsbebauung der 90er Jahre", "voeff_name": "versorgter Bereich", "vpriv_name": "mittel: Zeilen oder kompakte Siedlung", "versorg_sst": 2, "esst_name": "Residential development of the 1990s", "evoeff_name": "good availability", "evpriv_name": "medium: row development or compact settlement" }, "geometry": { "type": "Polygon", "coordinates": [ [ [ 13.42098538, 52.41479901 ], [ 13.42086655, 52.41505325 ], [ 13.42104896, 52.41508416 ], [ 13.42153989, 52.41513413 ], [ 13.42182841, 52.41503488 ], [ 13.42190172, 52.41510524 ], [ 13.4219969, 52.41516598 ], [ 13.42218315, 52.4152359 ], [ 13.42264116, 52.41535082 ], [ 13.4232106, 52.41552614 ], [ 13.42323448, 52.4154471 ], [ 13.42345189, 52.41547174 ], [ 13.42371051, 52.41420236 ], [ 13.42362901, 52.41345201 ], [ 13.42142387, 52.41319501 ], [ 13.42129748, 52.41325023 ], [ 13.42118081, 52.41390948 ], [ 13.42317583, 52.41403609 ], [ 13.42325316, 52.41401521 ], [ 13.423349, 52.41400542 ], [ 13.42342903, 52.41402891 ], [ 13.42347248, 52.41407011 ], [ 13.42344534, 52.41415719 ], [ 13.42334626, 52.41419185 ], [ 13.42323912, 52.41417581 ], [ 13.42317313, 52.41412762 ], [ 13.42311845, 52.41410161 ], [ 13.42116909, 52.41397368 ], [ 13.42104818, 52.41458545 ], [ 13.423023, 52.41471533 ], [ 13.42309661, 52.4147118 ], [ 13.42319579, 52.4146826 ], [ 13.42329763, 52.41470219 ], [ 13.42335173, 52.41474673 ], [ 13.42335651, 52.41479834 ], [ 13.42331, 52.41484718 ], [ 13.42323503, 52.41487067 ], [ 13.42312981, 52.41485976 ], [ 13.42305486, 52.41480599 ], [ 13.42299893, 52.41478069 ], [ 13.42103117, 52.41466391 ], [ 13.42098538, 52.41479901 ] ] ] } },
{ "type": "Feature", "properties": { "id": "versorggruen_2020.1400816591000100", "styp_id": "1400816591000100", "sst_name": "Zeilenbebauung seit den 50er Jahren", "voeff_name": "versorgter Bereich", "vpriv_name": "mittel: Zeilen oder kompakte Siedlung", "versorg_sst": 2, "esst_name": "Row development since the 1950s", "evoeff_name": "good availability", "evpriv_name": "medium: row development or compact settlement" }, "geometry": { "type": "Polygon", "coordinates": [ [ [ 13.42552397, 52.41842379 ], [ 13.42580345, 52.41870018 ], [ 13.42632028, 52.41946942 ], [ 13.42645344, 52.41959905 ], [ 13.42666486, 52.41965333 ], [ 13.428027, 52.4197437 ], [ 13.42825172, 52.41978182 ], [ 13.42839762, 52.41969579 ], [ 13.42872449, 52.41957143 ], [ 13.42872623, 52.41951032 ], [ 13.4286826, 52.419406 ], [ 13.42864461, 52.41935561 ], [ 13.42668426, 52.41763855 ], [ 13.42532089, 52.41826185 ], [ 13.42552397, 52.41842379 ] ] ] } },
{ "type": "Feature", "properties": { "id": "versorggruen_2020.1400816591000300", "styp_id": "1400816591000300", "sst_name": "niedrige Bebauung mit Hausgärten", "voeff_name": "versorgter Bereich", "vpriv_name": "hoch: aufgelockerte Siedlungsbebauung", "versorg_sst": 1, "esst_name": "Low buildings with yards", "evoeff_name": "good availability", "evpriv_name": "high: loose settlement development" }, "geometry": { "type": "Polygon", "coordinates": [ [ [ 13.42576438, 52.41688839 ], [ 13.42580703, 52.4168607 ], [ 13.42501373, 52.41616319 ], [ 13.4249241, 52.41610808 ], [ 13.42481193, 52.4160682 ], [ 13.42471196, 52.4160894 ], [ 13.42456376, 52.41628456 ], [ 13.4244028, 52.41653771 ], [ 13.42430148, 52.41685508 ], [ 13.42429751, 52.41717567 ], [ 13.42434665, 52.41735132 ], [ 13.42443097, 52.41747512 ], [ 13.42576438, 52.41688839 ] ] ] } },
{ "type": "Feature", "properties": { "id": "versorggruen_2020.1400816611000000", "styp_id": "1400816611000000", "sst_name": "niedrige Bebauung mit Hausgärten", "voeff_name": "nicht versorgter Bereich", "vpriv_name": "hoch: aufgelockerte Siedlungsbebauung", "versorg_sst": 10, "esst_name": "Low buildings with yards", "evoeff_name": "no availability", "evpriv_name": "high: loose settlement development" }, "geometry": { "type": "Polygon", "coordinates": [ [ [ 13.41670147, 52.41808118 ], [ 13.41683021, 52.41806278 ], [ 13.41734731, 52.41733528 ], [ 13.4173164, 52.41728187 ], [ 13.41367222, 52.41642868 ], [ 13.41356484, 52.41644644 ], [ 13.41341857, 52.41660436 ], [ 13.413315, 52.41674796 ], [ 13.41303645, 52.41721027 ], [ 13.41670147, 52.41808118 ] ] ] } },
{ "type": "Feature", "properties": { "id": "versorggruen_2020.1400816621000000", "styp_id": "1400816621000000", "sst_name": "niedrige Bebauung mit Hausgärten", "voeff_name": "versorgter Bereich", "vpriv_name": "hoch: aufgelockerte Siedlungsbebauung", "versorg_sst": 1, "esst_name": "Low buildings with yards", "evoeff_name": "good availability", "evpriv_name": "high: loose settlement development" }, "geometry": { "type": "Polygon", "coordinates": [ [ [ 13.42251658, 52.41943727 ], [ 13.42284949, 52.41893597 ], [ 13.42313282, 52.41862057 ], [ 13.41764789, 52.41735781 ], [ 13.41710403, 52.41814813 ], [ 13.41719183, 52.41819383 ], [ 13.42251658, 52.41943727 ] ] ] } },
{ "type": "Feature", "properties": { "id": "versorggruen_2020.1400816641000000", "styp_id": "1400816641000000", "sst_name": "hohe Bebauung der Nachkriegszeit", "voeff_name": "nicht versorgter Bereich", "vpriv_name": "mittel: Zeilen oder kompakte Siedlung", "versorg_sst": 11, "esst_name": "Postwar high-rise development", "evoeff_name": "no availability", "evpriv_name": "medium: row development or compact settlement" }, "geometry": { "type": "Polygon", "coordinates": [ [ [ 13.43213751, 52.42023132 ], [ 13.43392134, 52.42070245 ], [ 13.43416392, 52.42035416 ], [ 13.4343446, 52.42004262 ], [ 13.43478549, 52.41904312 ], [ 13.43490602, 52.41870362 ], [ 13.4349675, 52.41841881 ], [ 13.43492661, 52.41836306 ], [ 13.43439483, 52.4182894 ], [ 13.4338791, 52.41824542 ], [ 13.4332589, 52.41823542 ], [ 13.43279135, 52.4182679 ], [ 13.43246048, 52.41830421 ], [ 13.43174277, 52.41841626 ], [ 13.43213751, 52.42023132 ] ] ] } },
{ "type": "Feature", "properties": { "id": "versorggruen_2020.1400816651000300", "styp_id": "1400816651000300", "sst_name": "hohe Bebauung der Nachkriegszeit", "voeff_name": "nicht versorgter Bereich", "vpriv_name": "mittel: Zeilen oder kompakte Siedlung", "versorg_sst": 11, "esst_name": "Postwar high-rise development", "evoeff_name": "no availability", "evpriv_name": "medium: row development or compact settlement" }, "geometry": { "type": "Polygon", "coordinates": [ [ [ 13.43806228, 52.41858373 ], [ 13.43803267, 52.41758891 ], [ 13.43726846, 52.4175697 ], [ 13.43666784, 52.41744022 ], [ 13.43611295, 52.41729196 ], [ 13.4359939, 52.41729177 ], [ 13.43561601, 52.4176587 ], [ 13.43536019, 52.41802495 ], [ 13.43525625, 52.41830656 ], [ 13.43806228, 52.41858373 ] ] ] } },
{ "type": "Feature", "properties": { "id": "versorggruen_2020.1400816671000100", "styp_id": "1400816671000100", "sst_name": "niedrige Bebauung mit Hausgärten", "voeff_name": "nicht versorgter Bereich", "vpriv_name": "hoch: aufgelockerte Siedlungsbebauung", "versorg_sst": 10, "esst_name": "Low buildings with yards", "evoeff_name": "no availability", "evpriv_name": "high: loose settlement development" }, "geometry": { "type": "Polygon", "coordinates": [ [ [ 13.41360392, 52.41626769 ], [ 13.41365853, 52.41621924 ], [ 13.41384711, 52.41612614 ], [ 13.41438302, 52.41591233 ], [ 13.41882797, 52.4142907 ], [ 13.41897939, 52.41425435 ], [ 13.41913076, 52.4142564 ], [ 13.41930628, 52.41429611 ], [ 13.41942303, 52.41436792 ], [ 13.41991635, 52.41489435 ], [ 13.42002338, 52.41491434 ], [ 13.4202433, 52.41488654 ], [ 13.420447, 52.41489528 ], [ 13.42055654, 52.41491375 ], [ 13.42064386, 52.41488648 ], [ 13.42076378, 52.4145485 ], [ 13.42099919, 52.41320645 ], [ 13.42090564, 52.41311485 ], [ 13.42051206, 52.41303754 ], [ 13.42034913, 52.41299411 ], [ 13.4202068, 52.41294623 ], [ 13.41992961, 52.41282535 ], [ 13.41977997, 52.4128834 ], [ 13.42015172, 52.41334331 ], [ 13.41309283, 52.41590719 ], [ 13.41294354, 52.41615007 ], [ 13.4134804, 52.41628005 ], [ 13.41360392, 52.41626769 ] ] ] } },
{ "type": "Feature", "properties": { "id": "versorggruen_2020.1400816691000000", "styp_id": "1400816691000000", "sst_name": "Zeilenbebauung seit den 50er Jahren", "voeff_name": "versorgter Bereich", "vpriv_name": "mittel: Zeilen oder kompakte Siedlung", "versorg_sst": 2, "esst_name": "Row development since the 1950s", "evoeff_name": "good availability", "evpriv_name": "medium: row development or compact settlement" }, "geometry": { "type": "Polygon", "coordinates": [ [ [ 13.41503736, 52.42292581 ], [ 13.41571976, 52.42285513 ], [ 13.41852542, 52.42358354 ], [ 13.41965695, 52.4217756 ], [ 13.41983289, 52.4212448 ], [ 13.4201603, 52.42069718 ], [ 13.42033958, 52.42070738 ], [ 13.42057222, 52.42030608 ], [ 13.41909362, 52.41997368 ], [ 13.41869086, 52.42060294 ], [ 13.41863725, 52.42059532 ], [ 13.41904611, 52.41996006 ], [ 13.41767535, 52.41963239 ], [ 13.41712169, 52.42050719 ], [ 13.41706526, 52.42050216 ], [ 13.41762314, 52.41962231 ], [ 13.41631723, 52.41931904 ], [ 13.4156344, 52.4204142 ], [ 13.41541645, 52.42080742 ], [ 13.41796112, 52.42105638 ], [ 13.41818575, 52.42111339 ], [ 13.41833381, 52.42119723 ], [ 13.41845239, 52.42129899 ], [ 13.41852385, 52.42141864 ], [ 13.41853644, 52.42155616 ], [ 13.41850341, 52.42170258 ], [ 13.41825448, 52.42212272 ], [ 13.41802587, 52.42228587 ], [ 13.4177845, 52.42234836 ], [ 13.4175594, 52.42239199 ], [ 13.4173198, 52.42239067 ], [ 13.41667461, 52.42236706 ], [ 13.41636023, 52.42232786 ], [ 13.41604602, 52.42225271 ], [ 13.41521249, 52.42196185 ], [ 13.41503736, 52.42292581 ] ] ] } },
{ "type": "Feature", "properties": { "id": "versorggruen_2020.1400816701000000", "styp_id": "1400816701000000", "sst_name": "Zeilenbebauung seit den 50er Jahren", "voeff_name": "unterversorgter Bereich", "vpriv_name": "mittel: Zeilen oder kompakte Siedlung", "versorg_sst": 5, "esst_name": "Row development since the 1950s", "evoeff_name": "reduced availability", "evpriv_name": "medium: row development or compact settlement" }, "geometry": { "type": "Polygon", "coordinates": [ [ [ 13.41258746, 52.42342375 ], [ 13.41313152, 52.42338969 ], [ 13.41361375, 52.42337348 ], [ 13.41391215, 52.42337402 ], [ 13.4145217, 52.42347666 ], [ 13.41467306, 52.42317948 ], [ 13.41473011, 52.42295014 ], [ 13.41499977, 52.42123893 ], [ 13.41436218, 52.42118657 ], [ 13.41305904, 52.42135497 ], [ 13.41291742, 52.42145986 ], [ 13.41284442, 52.42178971 ], [ 13.41270256, 52.42245537 ], [ 13.41267209, 52.42252855 ], [ 13.41258219, 52.4226259 ], [ 13.41258746, 52.42342375 ] ] ] } },
{ "type": "Feature", "properties": { "id": "versorggruen_2020.1400816711000000", "styp_id": "1400816711000000", "sst_name": "Zeilenbebauung seit den 50er Jahren", "voeff_name": "nicht versorgter Bereich", "vpriv_name": "mittel: Zeilen oder kompakte Siedlung", "versorg_sst": 11, "esst_name": "Row development since the 1950s", "evoeff_name": "no availability", "evpriv_name": "medium: row development or compact settlement" }, "geometry": { "type": "Polygon", "coordinates": [ [ [ 13.44686002, 52.42160083 ], [ 13.44818184, 52.42114721 ], [ 13.4486902, 52.41970409 ], [ 13.44859251, 52.41963239 ], [ 13.44740595, 52.41960896 ], [ 13.44722355, 52.41962034 ], [ 13.44708458, 52.41966006 ], [ 13.44700888, 52.41969678 ], [ 13.44694979, 52.41976859 ], [ 13.44672699, 52.420338 ], [ 13.44666482, 52.42146037 ], [ 13.4467307, 52.42159345 ], [ 13.44686002, 52.42160083 ] ] ] } },
{ "type": "Feature", "properties": { "id": "versorggruen_2020.1400816721000000", "styp_id": "1400816721000000", "sst_name": "Siedlungsbebauung der 90er Jahre", "voeff_name": "nicht versorgter Bereich", "vpriv_name": "mittel: Zeilen oder kompakte Siedlung", "versorg_sst": 11, "esst_name": "Residential development of the 1990s", "evoeff_name": "no availability", "evpriv_name": "medium: row development or compact settlement" }, "geometry": { "type": "Polygon", "coordinates": [ [ [ 13.44031879, 52.41744605 ], [ 13.44034508, 52.41678647 ], [ 13.43834489, 52.41675365 ], [ 13.43829211, 52.41741229 ], [ 13.44031879, 52.41744605 ] ] ] } },
{ "type": "Feature", "properties": { "id": "versorggruen_2020.1400816731000000", "styp_id": "1400816731000000", "sst_name": "niedrige Bebauung mit Hausgärten", "voeff_name": "nicht versorgter Bereich", "vpriv_name": "hoch: aufgelockerte Siedlungsbebauung", "versorg_sst": 10, "esst_name": "Low buildings with yards", "evoeff_name": "no availability", "evpriv_name": "high: loose settlement development" }, "geometry": { "type": "Polygon", "coordinates": [ [ [ 13.43891435, 52.41445297 ], [ 13.43842431, 52.4163952 ], [ 13.43836865, 52.41669617 ], [ 13.43919156, 52.41671836 ], [ 13.4392004, 52.41660518 ], [ 13.43951982, 52.41661262 ], [ 13.43952674, 52.41671328 ], [ 13.44034095, 52.41672176 ], [ 13.44038035, 52.41574227 ], [ 13.44067494220565, 52.414837958564604 ], [ 13.440659108377037, 52.41483378652164 ], [ 13.43891435, 52.41445297 ] ] ] } },
{ "type": "Feature", "properties": { "id": "versorggruen_2020.1400816741000200", "styp_id": "1400816741000200", "sst_name": "niedrige Bebauung mit Hausgärten", "voeff_name": "nicht versorgter Bereich", "vpriv_name": "hoch: aufgelockerte Siedlungsbebauung", "versorg_sst": 10, "esst_name": "Low buildings with yards", "evoeff_name": "no availability", "evpriv_name": "high: loose settlement development" }, "geometry": { "type": "Polygon", "coordinates": [ [ [ 13.45176815, 52.42299135 ], [ 13.45222326, 52.42169563 ], [ 13.45155069, 52.42162793 ], [ 13.45100871, 52.42313138 ], [ 13.45176815, 52.42299135 ] ] ] } },
{ "type": "Feature", "properties": { "id": "versorggruen_2020.1400816741000300", "styp_id": "1400816741000300", "sst_name": "Siedlungsbebauung der 90er Jahre", "voeff_name": "nicht versorgter Bereich", "vpriv_name": "mittel: Zeilen oder kompakte Siedlung", "versorg_sst": 11, "esst_name": "Residential development of the 1990s", "evoeff_name": "no availability", "evpriv_name": "medium: row development or compact settlement" }, "geometry": { "type": "Polygon", "coordinates": [ [ [ 13.44893148, 52.42334109 ], [ 13.44948578, 52.42331137 ], [ 13.44991513, 52.42328236 ], [ 13.45029749, 52.42323889 ], [ 13.45067401, 52.42318823 ], [ 13.45100871, 52.42313138 ], [ 13.45155069, 52.42162793 ], [ 13.44960562, 52.42145457 ], [ 13.44928892, 52.42229948 ], [ 13.44806128, 52.42213119 ], [ 13.44793388, 52.42248855 ], [ 13.44777173, 52.42332766 ], [ 13.44893148, 52.42334109 ] ] ] } },
{ "type": "Feature", "properties": { "id": "versorggruen_2020.1400816751000000", "styp_id": "1400816751000000", "sst_name": "niedrige Bebauung mit Hausgärten", "voeff_name": "versorgter Bereich", "vpriv_name": "hoch: aufgelockerte Siedlungsbebauung", "versorg_sst": 1, "esst_name": "Low buildings with yards", "evoeff_name": "good availability", "evpriv_name": "high: loose settlement development" }, "geometry": { "type": "Polygon", "coordinates": [ [ [ 13.40720747, 52.42694924 ], [ 13.40681664, 52.42661062 ], [ 13.4064846, 52.42627659 ], [ 13.40635014, 52.42611908 ], [ 13.40515706, 52.4245307 ], [ 13.40411124, 52.42311019 ], [ 13.40384607, 52.42279136 ], [ 13.40376513, 52.42273204 ], [ 13.40368274, 52.42273365 ], [ 13.403110479268443, 52.422830464877116 ], [ 13.403275167291236, 52.42304323261196 ], [ 13.403370247448576, 52.423166167706455 ], [ 13.403382907565295, 52.423182670473658 ], [ 13.40339829, 52.42320186 ], [ 13.403408020039349, 52.423215319106532 ], [ 13.403478457870976, 52.423306300381299 ], [ 13.40350634423447, 52.42334247993189 ], [ 13.403612241292706, 52.423479092649465 ], [ 13.403645976003265, 52.423521932695756 ], [ 13.403705363706171, 52.423608231922074 ], [ 13.403729733940571, 52.42364323104843 ], [ 13.403801986152409, 52.423747164833422 ], [ 13.403845915793388, 52.423809887142774 ], [ 13.403888677065176, 52.423871164059619 ], [ 13.403889698556393, 52.423872607451514 ], [ 13.40396604659208, 52.42397636265413 ], [ 13.403995398865874, 52.424016769752733 ], [ 13.404036129641884, 52.42407238171802 ], [ 13.404054672242633, 52.424097312878047 ], [ 13.404145333503637, 52.424220960894822 ], [ 13.404160373615412, 52.424241475035075 ], [ 13.404322660157845, 52.424446587928834 ], [ 13.404437908033538, 52.42459238919151 ], [ 13.404495461834697, 52.424665203414961 ], [ 13.404533000270089, 52.424712724991252 ], [ 13.404569669221207, 52.424759074956533 ], [ 13.404643122820541, 52.424855094164101 ], [ 13.404655831931708, 52.424871746530997 ], [ 13.404686507387286, 52.424911793670525 ], [ 13.4047187733154, 52.424953822344108 ], [ 13.404752227845213, 52.424997557391734 ], [ 13.404870950179484, 52.425152710975517 ], [ 13.404916512786764, 52.425212649636073 ], [ 13.404957264861398, 52.425266103661052 ], [ 13.405002256890757, 52.425324335251908 ], [ 13.405138663165964, 52.425502618713075 ], [ 13.405139676846577, 52.425503873172865 ], [ 13.405169476762575, 52.425542937317921 ], [ 13.405178678481493, 52.425554902853044 ], [ 13.405199110997344, 52.425584148115938 ], [ 13.405238461606293, 52.425640762643397 ], [ 13.40540328, 52.4258531 ], [ 13.405519959008963, 52.426062818171019 ], [ 13.4055249404409, 52.426070578954921 ], [ 13.405579494674635, 52.426155697069944 ], [ 13.405619152172559, 52.426222002488217 ], [ 13.405642915337047, 52.426261677415226 ], [ 13.405647724794122, 52.426267793348408 ], [ 13.405669153589802, 52.426305314866994 ], [ 13.40575925272722, 52.426454569886452 ], [ 13.405763040718369, 52.426460869846679 ], [ 13.405851108437421, 52.4266354615553 ], [ 13.405868150707542, 52.426669012716637 ], [ 13.405942387536614, 52.426814825857193 ], [ 13.405979809345988, 52.42688850074979 ], [ 13.405984888268144, 52.426898479313124 ], [ 13.40609097, 52.42708915 ], [ 13.406106835831052, 52.427148670166922 ], [ 13.406118145306426, 52.427181096064857 ], [ 13.406170888066784, 52.427333199084828 ], [ 13.40720747, 52.42694924 ] ] ] } },
{ "type": "Feature", "properties": { "id": "versorggruen_2020.1400816761000000", "styp_id": "1400816761000000", "sst_name": "niedrige Bebauung mit Hausgärten", "voeff_name": "unterversorgter Bereich", "vpriv_name": "hoch: aufgelockerte Siedlungsbebauung", "versorg_sst": 4, "esst_name": "Low buildings with yards", "evoeff_name": "reduced availability", "evpriv_name": "high: loose settlement development" }, "geometry": { "type": "Polygon", "coordinates": [ [ [ 13.40698976, 52.42272115 ], [ 13.40713347, 52.42270182 ], [ 13.40842701, 52.42252682 ], [ 13.40856322, 52.42250838 ], [ 13.41267205, 52.42195341 ], [ 13.41269829, 52.42178568 ], [ 13.41262654, 52.42173073 ], [ 13.41242955, 52.42173307 ], [ 13.41180484, 52.42182844 ], [ 13.41175038, 52.42182797 ], [ 13.41029, 52.42146225 ], [ 13.410168, 52.42146175 ], [ 13.40381793, 52.42231901 ], [ 13.40373724, 52.42233779 ], [ 13.40370784, 52.4223629 ], [ 13.40370898, 52.42241226 ], [ 13.40372838, 52.42245641 ], [ 13.4042579, 52.42309051 ], [ 13.40698976, 52.42272115 ] ] ] } },
{ "type": "Feature", "properties": { "id": "versorggruen_2020.1400816771000000", "styp_id": "1400816771000000", "sst_name": "niedrige Bebauung mit Hausgärten", "voeff_name": "unterversorgter Bereich", "vpriv_name": "hoch: aufgelockerte Siedlungsbebauung", "versorg_sst": 4, "esst_name": "Low buildings with yards", "evoeff_name": "reduced availability", "evpriv_name": "high: loose settlement development" }, "geometry": { "type": "Polygon", "coordinates": [ [ [ 13.40368044, 52.42260966 ], [ 13.40368549, 52.42259156 ], [ 13.40366992, 52.42255024 ], [ 13.40363009, 52.42249472 ], [ 13.40358186, 52.42236023 ], [ 13.40360804, 52.42232144 ], [ 13.40365302, 52.42228317 ], [ 13.40375722, 52.42225556 ], [ 13.41015812, 52.42140004 ], [ 13.41023687, 52.4213997 ], [ 13.4104516, 52.42142696 ], [ 13.4116832, 52.42173717 ], [ 13.41174219, 52.42174553 ], [ 13.41183239, 52.4217471 ], [ 13.41240676, 52.42165577 ], [ 13.41265306, 52.42165674 ], [ 13.41272554, 52.42162307 ], [ 13.41277548, 52.4213275 ], [ 13.41276627, 52.42110461 ], [ 13.41269143, 52.42107751 ], [ 13.41224577, 52.42113692 ], [ 13.41221818, 52.42106677 ], [ 13.41265204, 52.42101633 ], [ 13.41271257, 52.42096163 ], [ 13.41263414, 52.42076827 ], [ 13.40941581, 52.42121712 ], [ 13.40546344, 52.42176517 ], [ 13.404720567704478, 52.421867343915075 ], [ 13.403997929725048, 52.421967448337696 ], [ 13.403127882020252, 52.422087968930377 ], [ 13.402601245985489, 52.422160902895754 ], [ 13.402668714051666, 52.422250989266509 ], [ 13.402760540940815, 52.422373916894109 ], [ 13.402806246749112, 52.422435027217055 ], [ 13.402864641290035, 52.422513320299835 ], [ 13.402868447700701, 52.422517462720862 ], [ 13.403033601868437, 52.422731540855757 ], [ 13.40368044, 52.42260966 ] ] ] } },
{ "type": "Feature", "properties": { "id": "versorggruen_2020.1400820011000000", "styp_id": "1400820011000000", "sst_name": "Zeilenbebauung seit den 50er Jahren", "voeff_name": "schlecht versorgter Bereich", "vpriv_name": "mittel: Zeilen oder kompakte Siedlung", "versorg_sst": 8, "esst_name": "Row development since the 1950s", "evoeff_name": "poor availability", "evpriv_name": "medium: row development or compact settlement" }, "geometry": { "type": "Polygon", "coordinates": [ [ [ 13.45818448, 52.44427917 ], [ 13.45835165, 52.44440612 ], [ 13.45844562, 52.44444759 ], [ 13.45853229, 52.44447378 ], [ 13.458741, 52.44450553 ], [ 13.45907113, 52.44449663 ], [ 13.4615143, 52.44428893 ], [ 13.4617583, 52.44426236 ], [ 13.46196173, 52.44421503 ], [ 13.46215506, 52.44414906 ], [ 13.46238239, 52.44405002 ], [ 13.46523149, 52.44268912 ], [ 13.46529393, 52.44260409 ], [ 13.46497536, 52.44245268 ], [ 13.46398637, 52.44290266 ], [ 13.46285786, 52.44235515 ], [ 13.46274733, 52.44243443 ], [ 13.46255322, 52.44234198 ], [ 13.46253654, 52.44220668 ], [ 13.4606242, 52.44126531 ], [ 13.46048665, 52.4412483 ], [ 13.45736261, 52.44345123 ], [ 13.45730447, 52.4435272 ], [ 13.45818448, 52.44427917 ] ] ] } },
{ "type": "Feature", "properties": { "id": "versorggruen_2020.1400820021000000", "styp_id": "1400820021000000", "sst_name": "geringe Bebauung mit überwiegender Nutzung durch Gewerbe und Industrie", "voeff_name": "schlecht versorgter Bereich", "vpriv_name": "gering: Blockrandbebauung", "versorg_sst": 9, "esst_name": "Sparse development with predominantly commercial and industrial use", "evoeff_name": "poor availability", "evpriv_name": "low: Wilhelminian-period block-edge development" }, "geometry": { "type": "Polygon", "coordinates": [ [ [ 13.45719717, 52.44325778 ], [ 13.45732945, 52.44327684 ], [ 13.46027516, 52.44119366 ], [ 13.46026483, 52.44112379 ], [ 13.45918507, 52.44058666 ], [ 13.45911913, 52.44058699 ], [ 13.45899363, 52.44071981 ], [ 13.4580287, 52.4415551 ], [ 13.45758829, 52.44183671 ], [ 13.45766012, 52.44187692 ], [ 13.45746909, 52.44200602 ], [ 13.45687242, 52.44246702 ], [ 13.45674698, 52.44260527 ], [ 13.45677861, 52.44263766 ], [ 13.45666153, 52.44280438 ], [ 13.45719717, 52.44325778 ] ] ] } },
{ "type": "Feature", "properties": { "id": "versorggruen_2020.1400820031000200", "styp_id": "1400820031000200", "sst_name": "niedrige Bebauung mit Hausgärten", "voeff_name": "nicht versorgter Bereich", "vpriv_name": "hoch: aufgelockerte Siedlungsbebauung", "versorg_sst": 10, "esst_name": "Low buildings with yards", "evoeff_name": "no availability", "evpriv_name": "high: loose settlement development" }, "geometry": { "type": "Polygon", "coordinates": [ [ [ 13.46737745, 52.43243187 ], [ 13.46716675, 52.43263685 ], [ 13.46715376, 52.43273361 ], [ 13.46844478, 52.43370529 ], [ 13.46914196, 52.4333596 ], [ 13.46871477, 52.4330505 ], [ 13.46759894, 52.43224327 ], [ 13.46737745, 52.43243187 ] ] ] } },
{ "type": "Feature", "properties": { "id": "versorggruen_2020.1400820041000000", "styp_id": "1400820041000000", "sst_name": "hohe Bebauung der Nachkriegszeit", "voeff_name": "nicht versorgter Bereich", "vpriv_name": "mittel: Zeilen oder kompakte Siedlung", "versorg_sst": 11, "esst_name": "Postwar high-rise development", "evoeff_name": "no availability", "evpriv_name": "medium: row development or compact settlement" }, "geometry": { "type": "Polygon", "coordinates": [ [ [ 13.46871477, 52.4330505 ], [ 13.46891675, 52.43294635 ], [ 13.46959955, 52.43343939 ], [ 13.46998783, 52.43328469 ], [ 13.47005674, 52.43324774 ], [ 13.47006541, 52.43325379 ], [ 13.47026549, 52.4331738 ], [ 13.4703865, 52.43325772 ], [ 13.47058747, 52.43314557 ], [ 13.47035524, 52.43298961 ], [ 13.47055279, 52.43288311 ], [ 13.47060796, 52.43292003 ], [ 13.47133177, 52.43250129 ], [ 13.47195464, 52.43290319 ], [ 13.47210544, 52.4328316 ], [ 13.47203554, 52.43278728 ], [ 13.47181617, 52.43264571 ], [ 13.47187008, 52.43261379 ], [ 13.47171944, 52.43251645 ], [ 13.47175583, 52.43249494 ], [ 13.4715613, 52.43237265 ], [ 13.47177463, 52.43224541 ], [ 13.47192929, 52.43234194 ], [ 13.47215041, 52.43221282 ], [ 13.47204625, 52.43214896 ], [ 13.47224488, 52.43202619 ], [ 13.47292989, 52.43244021 ], [ 13.47300301, 52.43240451 ], [ 13.47306484, 52.43232311 ], [ 13.47292563, 52.43206017 ], [ 13.47261671, 52.43155849 ], [ 13.47250426, 52.43150963 ], [ 13.47225291, 52.43157615 ], [ 13.47201006, 52.43164854 ], [ 13.47189759, 52.43169044 ], [ 13.47168918, 52.43179308 ], [ 13.47093833, 52.43224736 ], [ 13.47078778, 52.43232956 ], [ 13.47063671, 52.43239317 ], [ 13.47050676, 52.43243326 ], [ 13.47036829, 52.43246075 ], [ 13.47009681, 52.4324853 ], [ 13.46856756, 52.43248496 ], [ 13.46856766, 52.43229193 ], [ 13.46854643, 52.43219098 ], [ 13.46848706, 52.43209582 ], [ 13.46839742, 52.43200476 ], [ 13.46824757, 52.43189078 ], [ 13.46811872, 52.43186851 ], [ 13.46784913, 52.43205139 ], [ 13.46759894, 52.43224327 ], [ 13.46871477, 52.4330505 ] ] ] } },
{ "type": "Feature", "properties": { "id": "versorggruen_2020.1400820051000000", "styp_id": "1400820051000000", "sst_name": "Bebauung mit Gärten und halbprivater Umgrünung", "voeff_name": "nicht versorgter Bereich", "vpriv_name": "hoch: aufgelockerte Siedlungsbebauung", "versorg_sst": 10, "esst_name": "Development with yards and semi-private greening", "evoeff_name": "no availability", "evpriv_name": "high: loose settlement development" }, "geometry": { "type": "Polygon", "coordinates": [ [ [ 13.45336871, 52.43974054 ], [ 13.45605119, 52.43908762 ], [ 13.4572262, 52.4387591 ], [ 13.45657865, 52.43775257 ], [ 13.45433403, 52.43831098 ], [ 13.45251064, 52.43868665 ], [ 13.45336871, 52.43974054 ] ] ] } },
{ "type": "Feature", "properties": { "id": "versorggruen_2020.1400820071000000", "styp_id": "1400820071000000", "sst_name": "niedrige Bebauung mit Hausgärten", "voeff_name": "schlecht versorgter Bereich", "vpriv_name": "hoch: aufgelockerte Siedlungsbebauung", "versorg_sst": 7, "esst_name": "Low buildings with yards", "evoeff_name": "poor availability", "evpriv_name": "high: loose settlement development" }, "geometry": { "type": "Polygon", "coordinates": [ [ [ 13.45947307, 52.44056249 ], [ 13.46329799, 52.44242964 ], [ 13.46387573, 52.44274863 ], [ 13.46401246, 52.4427587 ], [ 13.46475488, 52.44242272 ], [ 13.4647699, 52.44233827 ], [ 13.46025478, 52.44009343 ], [ 13.45947307, 52.44056249 ] ] ] } },
{ "type": "Feature", "properties": { "id": "versorggruen_2020.1400820081000000", "styp_id": "1400820081000000", "sst_name": "niedrige Bebauung mit Hausgärten", "voeff_name": "schlecht versorgter Bereich", "vpriv_name": "hoch: aufgelockerte Siedlungsbebauung", "versorg_sst": 7, "esst_name": "Low buildings with yards", "evoeff_name": "poor availability", "evpriv_name": "high: loose settlement development" }, "geometry": { "type": "Polygon", "coordinates": [ [ [ 13.46542646, 52.44255574 ], [ 13.46557356, 52.44254606 ], [ 13.46622912, 52.44223332 ], [ 13.46626467, 52.44216147 ], [ 13.46113991, 52.43961522 ], [ 13.46035795, 52.44003157 ], [ 13.46542646, 52.44255574 ] ] ] } },
{ "type": "Feature", "properties": { "id": "versorggruen_2020.1400820121000000", "styp_id": "1400820121000000", "sst_name": "niedrige Bebauung mit Hausgärten", "voeff_name": "schlecht versorgter Bereich", "vpriv_name": "hoch: aufgelockerte Siedlungsbebauung", "versorg_sst": 7, "esst_name": "Low buildings with yards", "evoeff_name": "poor availability", "evpriv_name": "high: loose settlement development" }, "geometry": { "type": "Polygon", "coordinates": [ [ [ 13.46362365, 52.43892896 ], [ 13.46696597, 52.44058347 ], [ 13.46789229, 52.44102866 ], [ 13.46800707, 52.44102967 ], [ 13.46828418, 52.44082518 ], [ 13.46834914, 52.44075428 ], [ 13.46839201, 52.44069323 ], [ 13.46848387, 52.44050193 ], [ 13.46758233, 52.44009222 ], [ 13.4675287, 52.44014571 ], [ 13.46396644, 52.43838751 ], [ 13.46335586, 52.43857541 ], [ 13.46362365, 52.43892896 ] ] ] } },
{ "type": "Feature", "properties": { "id": "versorggruen_2020.1400820131000000", "styp_id": "1400820131000000", "sst_name": "Zeilenbebauung seit den 50er Jahren", "voeff_name": "schlecht versorgter Bereich", "vpriv_name": "mittel: Zeilen oder kompakte Siedlung", "versorg_sst": 8, "esst_name": "Row development since the 1950s", "evoeff_name": "poor availability", "evpriv_name": "medium: row development or compact settlement" }, "geometry": { "type": "Polygon", "coordinates": [ [ [ 13.4594609, 52.44042275 ], [ 13.46074313, 52.43966635 ], [ 13.46187438, 52.43915749 ], [ 13.46235478, 52.43888496 ], [ 13.46315176, 52.43849515 ], [ 13.46274773, 52.43800572 ], [ 13.46191386, 52.43843142 ], [ 13.46043984, 52.43937206 ], [ 13.45970383, 52.43996234 ], [ 13.45938274, 52.44037736 ], [ 13.4594609, 52.44042275 ] ] ] } },
{ "type": "Feature", "properties": { "id": "versorggruen_2020.1400820171000000", "styp_id": "1400820171000000", "sst_name": "niedrige Bebauung mit Hausgärten", "voeff_name": "versorgter Bereich", "vpriv_name": "hoch: aufgelockerte Siedlungsbebauung", "versorg_sst": 1, "esst_name": "Low buildings with yards", "evoeff_name": "good availability", "evpriv_name": "high: loose settlement development" }, "geometry": { "type": "Polygon", "coordinates": [ [ [ 13.46722274, 52.43748522 ], [ 13.46862427, 52.43825277 ], [ 13.46961924, 52.4375765 ], [ 13.46956052, 52.43754856 ], [ 13.46974481, 52.43741311 ], [ 13.46999576, 52.43755273 ], [ 13.46978206, 52.43768815 ], [ 13.4697219, 52.43765122 ], [ 13.4687123, 52.4383086 ], [ 13.47001104, 52.43904723 ], [ 13.47014639, 52.43903034 ], [ 13.47115605, 52.43835408 ], [ 13.47179694, 52.43800354 ], [ 13.47203997, 52.43788793 ], [ 13.47249493, 52.43771868 ], [ 13.47288961, 52.43754845 ], [ 13.47227661, 52.43697371 ], [ 13.4715046, 52.43624986 ], [ 13.47032085, 52.43668595 ], [ 13.46953477, 52.43693384 ], [ 13.46917123, 52.43703041 ], [ 13.46840323, 52.43715071 ], [ 13.46718194, 52.43738362 ], [ 13.46722274, 52.43748522 ] ] ] } },
{ "type": "Feature", "properties": { "id": "versorggruen_2020.1400820191000000", "styp_id": "1400820191000000", "sst_name": "Zeilenbebauung seit den 50er Jahren", "voeff_name": "schlecht versorgter Bereich", "vpriv_name": "mittel: Zeilen oder kompakte Siedlung", "versorg_sst": 8, "esst_name": "Row development since the 1950s", "evoeff_name": "poor availability", "evpriv_name": "medium: row development or compact settlement" }, "geometry": { "type": "Polygon", "coordinates": [ [ [ 13.46330332, 52.4384675 ], [ 13.46403787, 52.43825553 ], [ 13.46436193, 52.4381041 ], [ 13.46564447, 52.43721618 ], [ 13.46600421, 52.43735866 ], [ 13.46615702, 52.43738852 ], [ 13.46634221, 52.43741214 ], [ 13.4665628, 52.43740525 ], [ 13.46779594, 52.43715259 ], [ 13.46758263, 52.43677217 ], [ 13.46739381, 52.43653377 ], [ 13.46722679, 52.43636369 ], [ 13.46666226, 52.43593067 ], [ 13.46489113, 52.43694645 ], [ 13.46455372, 52.43713111 ], [ 13.46284221, 52.4379043 ], [ 13.46330332, 52.4384675 ] ] ] } },
{ "type": "Feature", "properties": { "id": "versorggruen_2020.1400820201000000", "styp_id": "1400820201000000", "sst_name": "Bebauung mit Gärten und halbprivater Umgrünung", "voeff_name": "nicht versorgter Bereich", "vpriv_name": "hoch: aufgelockerte Siedlungsbebauung", "versorg_sst": 10, "esst_name": "Development with yards and semi-private greening", "evoeff_name": "no availability", "evpriv_name": "high: loose settlement development" }, "geometry": { "type": "Polygon", "coordinates": [ [ [ 13.46731514, 52.43632877 ], [ 13.46749391, 52.43650155 ], [ 13.46767681, 52.43674983 ], [ 13.46789309, 52.43712666 ], [ 13.46828594, 52.43705709 ], [ 13.46864784, 52.43700635 ], [ 13.46891862, 52.4369456 ], [ 13.46858972, 52.43640057 ], [ 13.4682264, 52.43602984 ], [ 13.46865031, 52.43590639 ], [ 13.46880669, 52.4361744 ], [ 13.4686256, 52.43623616 ], [ 13.4690555, 52.43690984 ], [ 13.4695382, 52.43679635 ], [ 13.46994741, 52.43667288 ], [ 13.47082484, 52.43637119 ], [ 13.47135642, 52.43615711 ], [ 13.4704374, 52.43533092 ], [ 13.46961202, 52.43474885 ], [ 13.46945932, 52.43483274 ], [ 13.46906854, 52.43460323 ], [ 13.46895214, 52.4345992 ], [ 13.46674627, 52.43587597 ], [ 13.46731514, 52.43632877 ] ] ] } },
{ "type": "Feature", "properties": { "id": "versorggruen_2020.1400820221000000", "styp_id": "1400820221000000", "sst_name": "niedrige Bebauung mit Hausgärten", "voeff_name": "nicht versorgter Bereich", "vpriv_name": "hoch: aufgelockerte Siedlungsbebauung", "versorg_sst": 10, "esst_name": "Low buildings with yards", "evoeff_name": "no availability", "evpriv_name": "high: loose settlement development" }, "geometry": { "type": "Polygon", "coordinates": [ [ [ 13.47636823, 52.43465652 ], [ 13.47611901, 52.43446508 ], [ 13.47510852, 52.43368885 ], [ 13.47447673, 52.4339855 ], [ 13.47324005, 52.43445031 ], [ 13.47460073, 52.43555203 ], [ 13.47636823, 52.43465652 ] ] ] } },
{ "type": "Feature", "properties": { "id": "versorggruen_2020.1400820231000000", "styp_id": "1400820231000000", "sst_name": "niedrige Bebauung mit Hausgärten", "voeff_name": "nicht versorgter Bereich", "vpriv_name": "hoch: aufgelockerte Siedlungsbebauung", "versorg_sst": 10, "esst_name": "Low buildings with yards", "evoeff_name": "no availability", "evpriv_name": "high: loose settlement development" }, "geometry": { "type": "Polygon", "coordinates": [ [ [ 13.47639316, 52.43424407 ], [ 13.47675501, 52.43376644 ], [ 13.47692093, 52.43339909 ], [ 13.47745718, 52.43265118 ], [ 13.47695561, 52.4322767 ], [ 13.47595317, 52.43305637 ], [ 13.47646401, 52.43329876 ], [ 13.47652003, 52.4332548 ], [ 13.47674752, 52.43337281 ], [ 13.47659123, 52.43350292 ], [ 13.47633578, 52.43339026 ], [ 13.4763962, 52.433349 ], [ 13.47588389, 52.43310661 ], [ 13.47554775, 52.43337398 ], [ 13.47520436, 52.43360989 ], [ 13.47622796, 52.43439573 ], [ 13.47639316, 52.43424407 ] ] ] } },
{ "type": "Feature", "properties": { "id": "versorggruen_2020.1400820241000000", "styp_id": "1400820241000000", "sst_name": "niedrige Bebauung mit Hausgärten", "voeff_name": "nicht versorgter Bereich", "vpriv_name": "hoch: aufgelockerte Siedlungsbebauung", "versorg_sst": 10, "esst_name": "Low buildings with yards", "evoeff_name": "no availability", "evpriv_name": "high: loose settlement development" }, "geometry": { "type": "Polygon", "coordinates": [ [ [ 13.47795726, 52.43215934 ], [ 13.47938687, 52.43112497 ], [ 13.47882334, 52.43081423 ], [ 13.47705137, 52.43220808 ], [ 13.47753242, 52.43257489 ], [ 13.47795726, 52.43215934 ] ] ] } },
{ "type": "Feature", "properties": { "id": "versorggruen_2020.1400820251000000", "styp_id": "1400820251000000", "sst_name": "niedrige Bebauung mit Hausgärten", "voeff_name": "nicht versorgter Bereich", "vpriv_name": "hoch: aufgelockerte Siedlungsbebauung", "versorg_sst": 10, "esst_name": "Low buildings with yards", "evoeff_name": "no availability", "evpriv_name": "high: loose settlement development" }, "geometry": { "type": "Polygon", "coordinates": [ [ [ 13.47691616, 52.43217516 ], [ 13.47870297, 52.43075746 ], [ 13.47760506, 52.43022138 ], [ 13.47667212, 52.43097717 ], [ 13.4759234, 52.43144495 ], [ 13.47691616, 52.43217516 ] ] ] } },
{ "type": "Feature", "properties": { "id": "versorggruen_2020.1400820261000000", "styp_id": "1400820261000000", "sst_name": "Bebauung mit Gärten und halbprivater Umgrünung", "voeff_name": "nicht versorgter Bereich", "vpriv_name": "hoch: aufgelockerte Siedlungsbebauung", "versorg_sst": 10, "esst_name": "Development with yards and semi-private greening", "evoeff_name": "no availability", "evpriv_name": "high: loose settlement development" }, "geometry": { "type": "Polygon", "coordinates": [ [ [ 13.47311678, 52.43438005 ], [ 13.47418703, 52.4339995 ], [ 13.47455367, 52.4338454 ], [ 13.47499851, 52.43361322 ], [ 13.47544209, 52.43331543 ], [ 13.47688089, 52.43219843 ], [ 13.4758782, 52.43147074 ], [ 13.47224494, 52.43316987 ], [ 13.47182791, 52.43336468 ], [ 13.47311678, 52.43438005 ] ] ] } },
{ "type": "Feature", "properties": { "id": "versorggruen_2020.1400820281000000", "styp_id": "1400820281000000", "sst_name": "niedrige Bebauung mit Hausgärten", "voeff_name": "nicht versorgter Bereich", "vpriv_name": "hoch: aufgelockerte Siedlungsbebauung", "versorg_sst": 10, "esst_name": "Low buildings with yards", "evoeff_name": "no availability", "evpriv_name": "high: loose settlement development" }, "geometry": { "type": "Polygon", "coordinates": [ [ [ 13.46672294, 52.43541492 ], [ 13.46860031, 52.43426536 ], [ 13.46817478, 52.43402305 ], [ 13.46753882, 52.43383258 ], [ 13.46641473, 52.43371038 ], [ 13.46615166, 52.43397879 ], [ 13.46579812, 52.4342987 ], [ 13.46562285, 52.43444442 ], [ 13.46543303, 52.43458834 ], [ 13.4648345, 52.4350058 ], [ 13.46588304, 52.43590715 ], [ 13.46672294, 52.43541492 ] ] ] } },
{ "type": "Feature", "properties": { "id": "versorggruen_2020.1400820291000000", "styp_id": "1400820291000000", "sst_name": "niedrige Bebauung mit Hausgärten", "voeff_name": "nicht versorgter Bereich", "vpriv_name": "hoch: aufgelockerte Siedlungsbebauung", "versorg_sst": 10, "esst_name": "Low buildings with yards", "evoeff_name": "no availability", "evpriv_name": "high: loose settlement development" }, "geometry": { "type": "Polygon", "coordinates": [ [ [ 13.46261849, 52.43756699 ], [ 13.46437711, 52.4367732 ], [ 13.46575485, 52.43597887 ], [ 13.46471273, 52.43507249 ], [ 13.46414397, 52.43539703 ], [ 13.46383459, 52.43556106 ], [ 13.46345603, 52.43574296 ], [ 13.46288901, 52.43599111 ], [ 13.46157253, 52.4365123 ], [ 13.46261849, 52.43756699 ] ] ] } },
{ "type": "Feature", "properties": { "id": "versorggruen_2020.1400820381000000", "styp_id": "1400820381000000", "sst_name": "niedrige Bebauung mit Hausgärten", "voeff_name": "nicht versorgter Bereich", "vpriv_name": "hoch: aufgelockerte Siedlungsbebauung", "versorg_sst": 10, "esst_name": "Low buildings with yards", "evoeff_name": "no availability", "evpriv_name": "high: loose settlement development" }, "geometry": { "type": "Polygon", "coordinates": [ [ [ 13.46221938, 52.43615194 ], [ 13.46326939, 52.43571664 ], [ 13.46367444, 52.43552669 ], [ 13.46405454, 52.43532501 ], [ 13.46461745, 52.43499058 ], [ 13.46357964, 52.43409086 ], [ 13.46321865, 52.43424816 ], [ 13.46301088, 52.43437863 ], [ 13.4627953, 52.43449758 ], [ 13.46241957, 52.43467094 ], [ 13.46053607, 52.43537162 ], [ 13.46051113, 52.43543332 ], [ 13.46149494, 52.43642053 ], [ 13.46221938, 52.43615194 ] ] ] } },
{ "type": "Feature", "properties": { "id": "versorggruen_2020.1400820401000000", "styp_id": "1400820401000000", "sst_name": "niedrige Bebauung mit Hausgärten", "voeff_name": "nicht versorgter Bereich", "vpriv_name": "hoch: aufgelockerte Siedlungsbebauung", "versorg_sst": 10, "esst_name": "Low buildings with yards", "evoeff_name": "no availability", "evpriv_name": "high: loose settlement development" }, "geometry": { "type": "Polygon", "coordinates": [ [ [ 13.46474158, 52.43492914 ], [ 13.46508316, 52.43469999 ], [ 13.46532259, 52.43452767 ], [ 13.46570519, 52.43422738 ], [ 13.46603541, 52.43391456 ], [ 13.46626048, 52.43368525 ], [ 13.46507742, 52.4334527 ], [ 13.46434022, 52.43329783 ], [ 13.46419854, 52.43331436 ], [ 13.46393879, 52.43362448 ], [ 13.4636416, 52.43391723 ], [ 13.46364262, 52.43399029 ], [ 13.46474158, 52.43492914 ] ] ] } },
{ "type": "Feature", "properties": { "id": "versorggruen_2020.1400820421000000", "styp_id": "1400820421000000", "sst_name": "Zeilenbebauung seit den 50er Jahren", "voeff_name": "nicht versorgter Bereich", "vpriv_name": "mittel: Zeilen oder kompakte Siedlung", "versorg_sst": 11, "esst_name": "Row development since the 1950s", "evoeff_name": "no availability", "evpriv_name": "medium: row development or compact settlement" }, "geometry": { "type": "Polygon", "coordinates": [ [ [ 13.4676941, 52.43356001 ], [ 13.46792667, 52.43360112 ], [ 13.46791443, 52.43348395 ], [ 13.46790175, 52.43344844 ], [ 13.46787202, 52.43341712 ], [ 13.46707819, 52.43281894 ], [ 13.46699669, 52.43282318 ], [ 13.46687854, 52.43296807 ], [ 13.46671892, 52.43319278 ], [ 13.46659973, 52.43338943 ], [ 13.46664577, 52.43344142 ], [ 13.4676941, 52.43356001 ] ] ] } },
{ "type": "Feature", "properties": { "id": "versorggruen_2020.1400820491000000", "styp_id": "1400820491000000", "sst_name": "niedrige Bebauung mit Hausgärten", "voeff_name": "nicht versorgter Bereich", "vpriv_name": "hoch: aufgelockerte Siedlungsbebauung", "versorg_sst": 10, "esst_name": "Low buildings with yards", "evoeff_name": "no availability", "evpriv_name": "high: loose settlement development" }, "geometry": { "type": "Polygon", "coordinates": [ [ [ 13.46305263, 52.43270492 ], [ 13.46426238, 52.43297566 ], [ 13.46448359, 52.43264902 ], [ 13.46465772, 52.43242993 ], [ 13.46499163, 52.43206692 ], [ 13.46532226, 52.43176036 ], [ 13.46552611, 52.43158834 ], [ 13.46592485, 52.43129905 ], [ 13.46629282, 52.43106047 ], [ 13.46670666, 52.43082329 ], [ 13.46553475, 52.43000607 ], [ 13.46453474, 52.43052738 ], [ 13.46434463, 52.43063772 ], [ 13.46391164, 52.4309279 ], [ 13.46358089, 52.4311879 ], [ 13.46337008, 52.43137135 ], [ 13.46300979, 52.43172406 ], [ 13.46267267, 52.43212676 ], [ 13.4623997, 52.43254203 ], [ 13.46305263, 52.43270492 ] ] ] } },
{ "type": "Feature", "properties": { "id": "versorggruen_2020.1400820511000000", "styp_id": "1400820511000000", "sst_name": "hohe Bebauung der Nachkriegszeit", "voeff_name": "nicht versorgter Bereich", "vpriv_name": "mittel: Zeilen oder kompakte Siedlung", "versorg_sst": 11, "esst_name": "Postwar high-rise development", "evoeff_name": "no availability", "evpriv_name": "medium: row development or compact settlement" }, "geometry": { "type": "Polygon", "coordinates": [ [ [ 13.45925247, 52.4341548 ], [ 13.45937629, 52.43419335 ], [ 13.4605402, 52.43376497 ], [ 13.46085753, 52.43363756 ], [ 13.46115771, 52.43349535 ], [ 13.46155025, 52.4332698 ], [ 13.4616987, 52.43316998 ], [ 13.46182244, 52.43307337 ], [ 13.46197841, 52.43291409 ], [ 13.46205616, 52.43280669 ], [ 13.4620152, 52.43274571 ], [ 13.46074262, 52.4323665 ], [ 13.46026932, 52.43219027 ], [ 13.46006558, 52.43216784 ], [ 13.45923179, 52.43298175 ], [ 13.45881444, 52.43331366 ], [ 13.45856654, 52.43344714 ], [ 13.45925247, 52.4341548 ] ] ] } },
{ "type": "Feature", "properties": { "id": "versorggruen_2020.1400826011000000", "styp_id": "1400826011000000", "sst_name": "Zeilenbebauung seit den 50er Jahren", "voeff_name": "nicht versorgter Bereich", "vpriv_name": "mittel: Zeilen oder kompakte Siedlung", "versorg_sst": 11, "esst_name": "Row development since the 1950s", "evoeff_name": "no availability", "evpriv_name": "medium: row development or compact settlement" }, "geometry": { "type": "Polygon", "coordinates": [ [ [ 13.45413152, 52.44046299 ], [ 13.45491351, 52.44113521 ], [ 13.45635176, 52.4405345 ], [ 13.4563758, 52.44039998 ], [ 13.45656392, 52.4403274 ], [ 13.4567259, 52.44047996 ], [ 13.45498552, 52.44119713 ], [ 13.4560853, 52.44213464 ], [ 13.45645129, 52.4421837 ], [ 13.45667982, 52.44202856 ], [ 13.45748617, 52.44114183 ], [ 13.45854717, 52.44017908 ], [ 13.45836661, 52.44009704 ], [ 13.45819638, 52.44000334 ], [ 13.45805418, 52.43988811 ], [ 13.45789449, 52.43973331 ], [ 13.45759454, 52.43933837 ], [ 13.4572262, 52.4387591 ], [ 13.45605119, 52.43908762 ], [ 13.45615307, 52.43926729 ], [ 13.45594538, 52.4393197 ], [ 13.45573474, 52.43923774 ], [ 13.45343855, 52.43980235 ], [ 13.45413152, 52.44046299 ] ] ] } },
{ "type": "Feature", "properties": { "id": "versorggruen_2020.1400826021000000", "styp_id": "1400826021000000", "sst_name": "niedrige Bebauung mit Hausgärten", "voeff_name": "nicht versorgter Bereich", "vpriv_name": "hoch: aufgelockerte Siedlungsbebauung", "versorg_sst": 10, "esst_name": "Low buildings with yards", "evoeff_name": "no availability", "evpriv_name": "high: loose settlement development" }, "geometry": { "type": "Polygon", "coordinates": [ [ [ 13.45508283, 52.43557833 ], [ 13.45513308, 52.4355119 ], [ 13.45472673, 52.43489123 ], [ 13.45457918, 52.4348767 ], [ 13.45385085, 52.43512219 ], [ 13.45337765, 52.435331 ], [ 13.45310536, 52.43547495 ], [ 13.45289585, 52.43560112 ], [ 13.45256139, 52.43583052 ], [ 13.45232393, 52.4360289 ], [ 13.45215067, 52.43621385 ], [ 13.45194199, 52.4364055 ], [ 13.45160425, 52.43669347 ], [ 13.45508283, 52.43557833 ] ] ] } },
{ "type": "Feature", "properties": { "id": "versorggruen_2020.1400826031000000", "styp_id": "1400826031000000", "sst_name": "Zeilenbebauung seit den 50er Jahren", "voeff_name": "versorgter Bereich", "vpriv_name": "mittel: Zeilen oder kompakte Siedlung", "versorg_sst": 2, "esst_name": "Row development since the 1950s", "evoeff_name": "good availability", "evpriv_name": "medium: row development or compact settlement" }, "geometry": { "type": "Polygon", "coordinates": [ [ [ 13.45049419, 52.43362957 ], [ 13.45071193, 52.4347038 ], [ 13.45093376, 52.43549226 ], [ 13.45131823, 52.43642564 ], [ 13.45220338, 52.43568279 ], [ 13.45244549, 52.43551036 ], [ 13.45272255, 52.43533603 ], [ 13.45294858, 52.4352121 ], [ 13.45301247, 52.43512288 ], [ 13.45227367, 52.43431947 ], [ 13.45221589, 52.43422962 ], [ 13.45215236, 52.43404813 ], [ 13.45216339, 52.43241525 ], [ 13.45219351, 52.43223197 ], [ 13.45228601, 52.43189331 ], [ 13.4524078, 52.43158165 ], [ 13.45248303, 52.43151795 ], [ 13.45258767, 52.4314543 ], [ 13.45272319, 52.4313898 ], [ 13.45279828, 52.43136295 ], [ 13.45290274, 52.43134423 ], [ 13.45309831, 52.43133553 ], [ 13.45353675, 52.43134418 ], [ 13.45354339, 52.43028047 ], [ 13.45377287, 52.43028149 ], [ 13.454046, 52.42998892 ], [ 13.45356319, 52.42980048 ], [ 13.45261904, 52.43065696 ], [ 13.45197059, 52.43131891 ], [ 13.45136227, 52.4321058 ], [ 13.45053386, 52.43337971 ], [ 13.45049419, 52.43362957 ] ] ] } },
{ "type": "Feature", "properties": { "id": "versorggruen_2020.1400826041000100", "styp_id": "1400826041000100", "sst_name": "hohe Bebauung der Nachkriegszeit", "voeff_name": "versorgter Bereich", "vpriv_name": "mittel: Zeilen oder kompakte Siedlung", "versorg_sst": 2, "esst_name": "Postwar high-rise development", "evoeff_name": "good availability", "evpriv_name": "medium: row development or compact settlement" }, "geometry": { "type": "Polygon", "coordinates": [ [ [ 13.44925269, 52.43241379 ], [ 13.44934205, 52.43245778 ], [ 13.44987532, 52.43245894 ], [ 13.44987385, 52.43286307 ], [ 13.44985001, 52.43292779 ], [ 13.44980019, 52.43297098 ], [ 13.44972023, 52.43300343 ], [ 13.44962285, 52.43301511 ], [ 13.44988479, 52.43303382 ], [ 13.45031831, 52.43218334 ], [ 13.4504436, 52.43197577 ], [ 13.44960716, 52.43175596 ], [ 13.44901537, 52.43175903 ], [ 13.44925269, 52.43241379 ] ] ] } },
{ "type": "Feature", "properties": { "id": "versorggruen_2020.1400826041000200", "styp_id": "1400826041000200", "sst_name": "Zeilenbebauung seit den 50er Jahren", "voeff_name": "versorgter Bereich", "vpriv_name": "mittel: Zeilen oder kompakte Siedlung", "versorg_sst": 2, "esst_name": "Row development since the 1950s", "evoeff_name": "good availability", "evpriv_name": "medium: row development or compact settlement" }, "geometry": { "type": "Polygon", "coordinates": [ [ [ 13.44691927, 52.42727142 ], [ 13.44652551, 52.42753996 ], [ 13.44649765, 52.42762602 ], [ 13.44664454, 52.42773139 ], [ 13.44677846, 52.42784294 ], [ 13.44713633, 52.42819388 ], [ 13.44729745, 52.42837574 ], [ 13.44758246, 52.42875074 ], [ 13.44779598, 52.42910073 ], [ 13.44791396, 52.42933681 ], [ 13.44859799, 52.43083824 ], [ 13.44868845, 52.43086948 ], [ 13.44977701, 52.43068393 ], [ 13.44989336, 52.43066936 ], [ 13.45050969, 52.43066534 ], [ 13.45050882, 52.43092146 ], [ 13.45049411, 52.43092144 ], [ 13.45049157, 52.43155949 ], [ 13.45016812, 52.431559 ], [ 13.4501687, 52.43141369 ], [ 13.45031425, 52.4313404 ], [ 13.45034557, 52.43130315 ], [ 13.45034751, 52.43081787 ], [ 13.44985528, 52.43081696 ], [ 13.44985542, 52.4307829 ], [ 13.44873581, 52.43097334 ], [ 13.44868472, 52.43102872 ], [ 13.44901537, 52.43175903 ], [ 13.44960716, 52.43175596 ], [ 13.4504436, 52.43197577 ], [ 13.45074402, 52.43159374 ], [ 13.45100105, 52.43129065 ], [ 13.45135739, 52.43089576 ], [ 13.45161427, 52.43062717 ], [ 13.45094858, 52.43047269 ], [ 13.4493762, 52.43047016 ], [ 13.44906327, 52.42979426 ], [ 13.4490648, 52.42941261 ], [ 13.44939664, 52.4294131 ], [ 13.4493973, 52.42924693 ], [ 13.44906547, 52.42924635 ], [ 13.44858638, 52.42883636 ], [ 13.44837631, 52.4285076 ], [ 13.44867686, 52.4282318 ], [ 13.44898018, 52.42823126 ], [ 13.44934556, 52.42810429 ], [ 13.44820735, 52.42763967 ], [ 13.44703205, 52.42726027 ], [ 13.44691927, 52.42727142 ] ] ] } },
{ "type": "Feature", "properties": { "id": "versorggruen_2020.1400826051000000", "styp_id": "1400826051000000", "sst_name": "Bebauung mit Gärten und halbprivater Umgrünung", "voeff_name": "nicht versorgter Bereich", "vpriv_name": "hoch: aufgelockerte Siedlungsbebauung", "versorg_sst": 10, "esst_name": "Development with yards and semi-private greening", "evoeff_name": "no availability", "evpriv_name": "high: loose settlement development" }, "geometry": { "type": "Polygon", "coordinates": [ [ [ 13.45621504, 52.43404954 ], [ 13.4563444, 52.43405782 ], [ 13.45684485, 52.43391745 ], [ 13.457154, 52.43381634 ], [ 13.45749122, 52.43368113 ], [ 13.45778139, 52.43354674 ], [ 13.45817738, 52.43332401 ], [ 13.45741727, 52.4325501 ], [ 13.45632286, 52.43292701 ], [ 13.45559646, 52.43316323 ], [ 13.45557275, 52.43322813 ], [ 13.45621504, 52.43404954 ] ] ] } },
{ "type": "Feature", "properties": { "id": "versorggruen_2020.1400826061000000", "styp_id": "1400826061000000", "sst_name": "Bebauung mit Gärten und halbprivater Umgrünung", "voeff_name": "versorgter Bereich", "vpriv_name": "hoch: aufgelockerte Siedlungsbebauung", "versorg_sst": 1, "esst_name": "Development with yards and semi-private greening", "evoeff_name": "good availability", "evpriv_name": "high: loose settlement development" }, "geometry": { "type": "Polygon", "coordinates": [ [ [ 13.45553624, 52.43308313 ], [ 13.45734559, 52.43247458 ], [ 13.45651253, 52.43163526 ], [ 13.45640527, 52.43161713 ], [ 13.45478468, 52.43209018 ], [ 13.45473591, 52.43215571 ], [ 13.45543963, 52.4330518 ], [ 13.45553624, 52.43308313 ] ] ] } },
{ "type": "Feature", "properties": { "id": "versorggruen_2020.1400826071000000", "styp_id": "1400826071000000", "sst_name": "hohe Bebauung der Nachkriegszeit", "voeff_name": "nicht versorgter Bereich", "vpriv_name": "mittel: Zeilen oder kompakte Siedlung", "versorg_sst": 11, "esst_name": "Postwar high-rise development", "evoeff_name": "no availability", "evpriv_name": "medium: row development or compact settlement" }, "geometry": { "type": "Polygon", "coordinates": [ [ [ 13.45833537, 52.43321216 ], [ 13.4585654, 52.43307336 ], [ 13.45898431, 52.43271988 ], [ 13.45930008, 52.43242018 ], [ 13.45937845, 52.43230346 ], [ 13.4597075, 52.43199029 ], [ 13.45968794, 52.43194456 ], [ 13.4588941, 52.43169528 ], [ 13.45731186, 52.43122318 ], [ 13.4571134, 52.4313621 ], [ 13.45674811, 52.43152233 ], [ 13.45672467, 52.43158369 ], [ 13.45833537, 52.43321216 ] ] ] } },
{ "type": "Feature", "properties": { "id": "versorggruen_2020.1400826081000000", "styp_id": "1400826081000000", "sst_name": "hohe Bebauung der Nachkriegszeit", "voeff_name": "versorgter Bereich", "vpriv_name": "mittel: Zeilen oder kompakte Siedlung", "versorg_sst": 2, "esst_name": "Postwar high-rise development", "evoeff_name": "good availability", "evpriv_name": "medium: row development or compact settlement" }, "geometry": { "type": "Polygon", "coordinates": [ [ [ 13.45376583, 52.43042319 ], [ 13.45361849, 52.43042297 ], [ 13.45361017, 52.43134429 ], [ 13.45381817, 52.43135581 ], [ 13.45403821, 52.43141784 ], [ 13.45425494, 52.43154532 ], [ 13.45458817, 52.43196138 ], [ 13.4546806, 52.43198826 ], [ 13.45661312, 52.43142053 ], [ 13.4568967, 52.43130876 ], [ 13.45712502, 52.43116242 ], [ 13.45619826, 52.43085283 ], [ 13.454046, 52.42998892 ], [ 13.45377287, 52.43028149 ], [ 13.45376583, 52.43042319 ] ] ] } },
{ "type": "Feature", "properties": { "id": "versorggruen_2020.1400826091000000", "styp_id": "1400826091000000", "sst_name": "Bebauung mit Gärten und halbprivater Umgrünung", "voeff_name": "nicht versorgter Bereich", "vpriv_name": "hoch: aufgelockerte Siedlungsbebauung", "versorg_sst": 10, "esst_name": "Development with yards and semi-private greening", "evoeff_name": "no availability", "evpriv_name": "high: loose settlement development" }, "geometry": { "type": "Polygon", "coordinates": [ [ [ 13.46039776, 52.43531732 ], [ 13.46214566, 52.43467219 ], [ 13.46251247, 52.43452064 ], [ 13.46277527, 52.43438953 ], [ 13.4629649, 52.43428043 ], [ 13.46314223, 52.43416511 ], [ 13.46346617, 52.43391509 ], [ 13.4636156, 52.43378122 ], [ 13.46382681, 52.43356305 ], [ 13.46409047, 52.43324321 ], [ 13.46291077, 52.43298249 ], [ 13.46246993, 52.43287242 ], [ 13.46239433, 52.43299733 ], [ 13.46280121, 52.43334604 ], [ 13.46224209, 52.43384519 ], [ 13.46163221, 52.43415635 ], [ 13.46064269, 52.43454409 ], [ 13.46062014, 52.43452141 ], [ 13.45988218, 52.43479412 ], [ 13.46039776, 52.43531732 ] ] ] } },
{ "type": "Feature", "properties": { "id": "versorggruen_2020.1400826131000100", "styp_id": "1400826131000100", "sst_name": "hohe Bebauung der Nachkriegszeit", "voeff_name": "nicht versorgter Bereich", "vpriv_name": "mittel: Zeilen oder kompakte Siedlung", "versorg_sst": 11, "esst_name": "Postwar high-rise development", "evoeff_name": "no availability", "evpriv_name": "medium: row development or compact settlement" }, "geometry": { "type": "Polygon", "coordinates": [ [ [ 13.46565043, 52.4299343 ], [ 13.46860259, 52.43198365 ], [ 13.46894856, 52.4321864 ], [ 13.46906481, 52.43224505 ], [ 13.46919065, 52.43229023 ], [ 13.4693292, 52.43231829 ], [ 13.46962844, 52.43233819 ], [ 13.47015923, 52.43233323 ], [ 13.47037915, 52.43230441 ], [ 13.47051146, 52.43226621 ], [ 13.47063855, 52.43221264 ], [ 13.47129093, 52.43182346 ], [ 13.4713224, 52.43174093 ], [ 13.47008816, 52.43098272 ], [ 13.47008032, 52.43070772 ], [ 13.47008766, 52.43021327 ], [ 13.47005018, 52.43021322 ], [ 13.47005114, 52.4299811 ], [ 13.47073128, 52.42955649 ], [ 13.47026065, 52.42918921 ], [ 13.46968865, 52.42880652 ], [ 13.46884805, 52.42830215 ], [ 13.46816036, 52.4279094 ], [ 13.46632251, 52.4290716 ], [ 13.46773351, 52.42998565 ], [ 13.46786706, 52.43005054 ], [ 13.46807579, 52.4300625 ], [ 13.46808376, 52.43030066 ], [ 13.46796317, 52.43030858 ], [ 13.46781475, 52.43028861 ], [ 13.46772524, 52.43024176 ], [ 13.46766974, 52.43014014 ], [ 13.46615455, 52.42917023 ], [ 13.46528555, 52.42960939 ], [ 13.46565043, 52.4299343 ] ] ] } },
{ "type": "Feature", "properties": { "id": "versorggruen_2020.1400826131000200", "styp_id": "1400826131000200", "sst_name": "niedrige Bebauung mit Hausgärten", "voeff_name": "nicht versorgter Bereich", "vpriv_name": "hoch: aufgelockerte Siedlungsbebauung", "versorg_sst": 10, "esst_name": "Low buildings with yards", "evoeff_name": "no availability", "evpriv_name": "high: loose settlement development" }, "geometry": { "type": "Polygon", "coordinates": [ [ [ 13.47044054, 52.4307028 ], [ 13.47044685, 52.43099667 ], [ 13.47147606, 52.43165054 ], [ 13.47158308, 52.43165256 ], [ 13.47171502, 52.43158782 ], [ 13.47194972, 52.43150018 ], [ 13.47240786, 52.43137343 ], [ 13.47244597, 52.43131444 ], [ 13.47225941, 52.43106286 ], [ 13.47199875, 52.43076596 ], [ 13.47176746, 52.43047988 ], [ 13.47108162, 52.42984901 ], [ 13.47073128, 52.42955649 ], [ 13.47005114, 52.4299811 ], [ 13.47005018, 52.43021322 ], [ 13.47008766, 52.43021327 ], [ 13.47008032, 52.43070772 ], [ 13.47044054, 52.4307028 ] ] ] } },
{ "type": "Feature", "properties": { "id": "versorggruen_2020.1400826141000000", "styp_id": "1400826141000000", "sst_name": "Zeilenbebauung seit den 50er Jahren", "voeff_name": "nicht versorgter Bereich", "vpriv_name": "mittel: Zeilen oder kompakte Siedlung", "versorg_sst": 11, "esst_name": "Row development since the 1950s", "evoeff_name": "no availability", "evpriv_name": "medium: row development or compact settlement" }, "geometry": { "type": "Polygon", "coordinates": [ [ [ 13.45988218, 52.43479412 ], [ 13.46062014, 52.43452141 ], [ 13.46064269, 52.43454409 ], [ 13.46163221, 52.43415635 ], [ 13.46224209, 52.43384519 ], [ 13.46280121, 52.43334604 ], [ 13.46239433, 52.43299733 ], [ 13.46246993, 52.43287242 ], [ 13.46236301, 52.43284379 ], [ 13.46222989, 52.43285655 ], [ 13.46216635, 52.43294524 ], [ 13.46206359, 52.43306164 ], [ 13.46198665, 52.433134 ], [ 13.46184323, 52.43324665 ], [ 13.46157278, 52.43342252 ], [ 13.46128089, 52.43358484 ], [ 13.46096892, 52.4337326 ], [ 13.46063878, 52.43386505 ], [ 13.45947485, 52.43429334 ], [ 13.45944965, 52.43435495 ], [ 13.45988218, 52.43479412 ] ] ] } },
{ "type": "Feature", "properties": { "id": "versorggruen_2020.1400826151000000", "styp_id": "1400826151000000", "sst_name": "Bebauung mit Gärten und halbprivater Umgrünung", "voeff_name": "nicht versorgter Bereich", "vpriv_name": "hoch: aufgelockerte Siedlungsbebauung", "versorg_sst": 10, "esst_name": "Development with yards and semi-private greening", "evoeff_name": "no availability", "evpriv_name": "high: loose settlement development" }, "geometry": { "type": "Polygon", "coordinates": [ [ [ 13.46131522, 52.43219116 ], [ 13.46226559, 52.43250259 ], [ 13.46252092, 52.43212119 ], [ 13.46278481, 52.43179332 ], [ 13.46307197, 52.43148511 ], [ 13.46347023, 52.43112174 ], [ 13.46381851, 52.43085642 ], [ 13.46424272, 52.43057515 ], [ 13.46443576, 52.43046124 ], [ 13.46542992, 52.42994349 ], [ 13.46519978, 52.42974497 ], [ 13.4650543, 52.4297268 ], [ 13.46445498, 52.42998659 ], [ 13.46380274, 52.43024271 ], [ 13.46153552, 52.43107533 ], [ 13.46111993, 52.43129792 ], [ 13.46092707, 52.43141351 ], [ 13.46045536, 52.43180505 ], [ 13.46047841, 52.43186589 ], [ 13.46131522, 52.43219116 ] ] ] } },
{ "type": "Feature", "properties": { "id": "versorggruen_2020.1400826171000000", "styp_id": "1400826171000000", "sst_name": "hohe Bebauung der Nachkriegszeit", "voeff_name": "unterversorgter Bereich", "vpriv_name": "mittel: Zeilen oder kompakte Siedlung", "versorg_sst": 5, "esst_name": "Postwar high-rise development", "evoeff_name": "reduced availability", "evpriv_name": "medium: row development or compact settlement" }, "geometry": { "type": "Polygon", "coordinates": [ [ [ 13.46097869, 52.42951586 ], [ 13.46274654, 52.42844073 ], [ 13.46296809, 52.42857319 ], [ 13.46403681, 52.42792462 ], [ 13.46293197, 52.42728198 ], [ 13.4617585, 52.42751464 ], [ 13.46147276, 52.42762294 ], [ 13.46080967, 52.42801003 ], [ 13.46030192, 52.42836232 ], [ 13.4602894, 52.4295158 ], [ 13.46097869, 52.42951586 ] ] ] } },
{ "type": "Feature", "properties": { "id": "versorggruen_2020.1400826181000000", "styp_id": "1400826181000000", "sst_name": "niedrige Bebauung mit Hausgärten", "voeff_name": "nicht versorgter Bereich", "vpriv_name": "hoch: aufgelockerte Siedlungsbebauung", "versorg_sst": 10, "esst_name": "Low buildings with yards", "evoeff_name": "no availability", "evpriv_name": "high: loose settlement development" }, "geometry": { "type": "Polygon", "coordinates": [ [ [ 13.46554614, 52.433255 ], [ 13.46631727, 52.4333939 ], [ 13.46645601, 52.43336902 ], [ 13.46665341, 52.43305574 ], [ 13.46692268, 52.43271462 ], [ 13.46723169, 52.43240211 ], [ 13.46749995, 52.43217348 ], [ 13.46690829, 52.43174604 ], [ 13.46762557, 52.43145932 ], [ 13.46688483, 52.43094401 ], [ 13.46675142, 52.43091965 ], [ 13.46639668, 52.43112407 ], [ 13.46621187, 52.43123974 ], [ 13.46583618, 52.43149805 ], [ 13.46544454, 52.4318116 ], [ 13.46509932, 52.43213267 ], [ 13.46479996, 52.43245658 ], [ 13.46461516, 52.43269026 ], [ 13.46439775, 52.43300522 ], [ 13.46554614, 52.433255 ] ] ] } },
{ "type": "Feature", "properties": { "id": "versorggruen_2020.1400826191000000", "styp_id": "1400826191000000", "sst_name": "Zeilenbebauung seit den 50er Jahren", "voeff_name": "nicht versorgter Bereich", "vpriv_name": "mittel: Zeilen oder kompakte Siedlung", "versorg_sst": 11, "esst_name": "Row development since the 1950s", "evoeff_name": "no availability", "evpriv_name": "medium: row development or compact settlement" }, "geometry": { "type": "Polygon", "coordinates": [ [ [ 13.46775189, 52.43198242 ], [ 13.46802118, 52.43180088 ], [ 13.46802347, 52.4317352 ], [ 13.46762557, 52.43145932 ], [ 13.46690829, 52.43174604 ], [ 13.46749995, 52.43217348 ], [ 13.46775189, 52.43198242 ] ] ] } },
{ "type": "Feature", "properties": { "id": "versorggruen_2020.1400826201000000", "styp_id": "1400826201000000", "sst_name": "Zeilenbebauung seit den 50er Jahren", "voeff_name": "unterversorgter Bereich", "vpriv_name": "mittel: Zeilen oder kompakte Siedlung", "versorg_sst": 5, "esst_name": "Row development since the 1950s", "evoeff_name": "reduced availability", "evpriv_name": "medium: row development or compact settlement" }, "geometry": { "type": "Polygon", "coordinates": [ [ [ 13.44821893, 52.42724832 ], [ 13.44860212, 52.42737471 ], [ 13.44960919, 52.4277303 ], [ 13.45014054, 52.42793869 ], [ 13.4510688, 52.427045 ], [ 13.45133448, 52.42677759 ], [ 13.45153392, 52.42652985 ], [ 13.45165083, 52.42633501 ], [ 13.45169238, 52.42623802 ], [ 13.45174463, 52.4260359 ], [ 13.45174493, 52.42596041 ], [ 13.45172024, 52.42588489 ], [ 13.45168522, 52.42581654 ], [ 13.45160767, 52.42572655 ], [ 13.45151948, 52.42572283 ], [ 13.45153147, 52.42566533 ], [ 13.45143163, 52.42563283 ], [ 13.44935883, 52.42535654 ], [ 13.44914608, 52.42528683 ], [ 13.4487991, 52.42555341 ], [ 13.44850103, 52.42582885 ], [ 13.44766111, 52.42668222 ], [ 13.44730567, 52.42696835 ], [ 13.44821893, 52.42724832 ] ] ] } },
{ "type": "Feature", "properties": { "id": "versorggruen_2020.1400826211000100", "styp_id": "1400826211000100", "sst_name": "Zeilenbebauung seit den 50er Jahren", "voeff_name": "nicht versorgter Bereich", "vpriv_name": "mittel: Zeilen oder kompakte Siedlung", "versorg_sst": 11, "esst_name": "Row development since the 1950s", "evoeff_name": "no availability", "evpriv_name": "medium: row development or compact settlement" }, "geometry": { "type": "Polygon", "coordinates": [ [ [ 13.44681245, 52.42678787 ], [ 13.44696096, 52.42678001 ], [ 13.44730298, 52.42654238 ], [ 13.44847594, 52.42537696 ], [ 13.44755573, 52.42522288 ], [ 13.44710353, 52.42541676 ], [ 13.4466163, 52.42568355 ], [ 13.44630845, 52.42590075 ], [ 13.44609806, 52.42608304 ], [ 13.44580146, 52.42639513 ], [ 13.44681245, 52.42678787 ] ] ] } },
{ "type": "Feature", "properties": { "id": "versorggruen_2020.1400826241000200", "styp_id": "1400826241000200", "sst_name": "Zeilenbebauung seit den 50er Jahren", "voeff_name": "nicht versorgter Bereich", "vpriv_name": "mittel: Zeilen oder kompakte Siedlung", "versorg_sst": 11, "esst_name": "Row development since the 1950s", "evoeff_name": "no availability", "evpriv_name": "medium: row development or compact settlement" }, "geometry": { "type": "Polygon", "coordinates": [ [ [ 13.47252326, 52.43086702 ], [ 13.47295403, 52.4314234 ], [ 13.47300977, 52.43137072 ], [ 13.4736722, 52.43113236 ], [ 13.47360706, 52.43109364 ], [ 13.4736828, 52.43104521 ], [ 13.47362396, 52.43101053 ], [ 13.47370029, 52.43096129 ], [ 13.47329434, 52.43072091 ], [ 13.47309553, 52.43051325 ], [ 13.47314773, 52.43038731 ], [ 13.47355358, 52.43023984 ], [ 13.47320586, 52.4300335 ], [ 13.4724969, 52.4302913 ], [ 13.47246936, 52.4302627 ], [ 13.4721065, 52.4303927 ], [ 13.47252326, 52.43086702 ] ] ] } },
{ "type": "Feature", "properties": { "id": "versorggruen_2020.1400826241000300", "styp_id": "1400826241000300", "sst_name": "Bebauung mit überwiegender Nutzung durch Gemeinbedarf und Sondernutzung, Verkehrsflächen ohne Straßen", "voeff_name": "nicht versorgter Bereich", "vpriv_name": "mittel: Zeilen oder kompakte Siedlung", "versorg_sst": 11, "esst_name": "Development with predominantly public and special use or non-street traffic area", "evoeff_name": "no availability", "evpriv_name": "medium: row development or compact settlement" }, "geometry": { "type": "Polygon", "coordinates": [ [ [ 13.4734878, 52.43212092 ], [ 13.47357715, 52.43213407 ], [ 13.47474527, 52.43158127 ], [ 13.47394423, 52.43110514 ], [ 13.47446179, 52.43077979 ], [ 13.47355358, 52.43023984 ], [ 13.47314773, 52.43038731 ], [ 13.47309553, 52.43051325 ], [ 13.47329434, 52.43072091 ], [ 13.47370029, 52.43096129 ], [ 13.47362396, 52.43101053 ], [ 13.4736828, 52.43104521 ], [ 13.47360706, 52.43109364 ], [ 13.4736722, 52.43113236 ], [ 13.47300977, 52.43137072 ], [ 13.47295403, 52.4314234 ], [ 13.4734878, 52.43212092 ] ] ] } },
{ "type": "Feature", "properties": { "id": "versorggruen_2020.1400826251000100", "styp_id": "1400826251000100", "sst_name": "hohe Bebauung der Nachkriegszeit", "voeff_name": "versorgter Bereich", "vpriv_name": "mittel: Zeilen oder kompakte Siedlung", "versorg_sst": 2, "esst_name": "Postwar high-rise development", "evoeff_name": "good availability", "evpriv_name": "medium: row development or compact settlement" }, "geometry": { "type": "Polygon", "coordinates": [ [ [ 13.46219692, 52.42234164 ], [ 13.46253803, 52.42227547 ], [ 13.46288943, 52.42223153 ], [ 13.46311096, 52.42221703 ], [ 13.46335491, 52.42221843 ], [ 13.4636905, 52.42224005 ], [ 13.4666391, 52.42257934 ], [ 13.46708793, 52.42270648 ], [ 13.46736543, 52.42279582 ], [ 13.46693076, 52.42226862 ], [ 13.46718967, 52.42184641 ], [ 13.46667609, 52.42188408 ], [ 13.46635329, 52.42188905 ], [ 13.46597719, 52.42187415 ], [ 13.46548937, 52.42182409 ], [ 13.46536503, 52.42186294 ], [ 13.46421379, 52.4216669 ], [ 13.46407516, 52.42196103 ], [ 13.46356379, 52.42192353 ], [ 13.46355984, 52.42183155 ], [ 13.46313863, 52.42182309 ], [ 13.46305624, 52.42201744 ], [ 13.46285845, 52.42203556 ], [ 13.46285395, 52.42209074 ], [ 13.46272061, 52.4221142 ], [ 13.46226969, 52.42200321 ], [ 13.46202106, 52.42205349 ], [ 13.46219692, 52.42234164 ] ] ] } },
{ "type": "Feature", "properties": { "id": "versorggruen_2020.1400826261000100", "styp_id": "1400826261000100", "sst_name": "Bebauung mit überwiegender Nutzung durch Gemeinbedarf und Sondernutzung, Verkehrsflächen ohne Straßen", "voeff_name": "nicht versorgter Bereich", "vpriv_name": "mittel: Zeilen oder kompakte Siedlung", "versorg_sst": 11, "esst_name": "Development with predominantly public and special use or non-street traffic area", "evoeff_name": "no availability", "evpriv_name": "medium: row development or compact settlement" }, "geometry": { "type": "Polygon", "coordinates": [ [ [ 13.45781241, 52.43927667 ], [ 13.45797182, 52.43950696 ], [ 13.4581021, 52.43966171 ], [ 13.45824861, 52.43980571 ], [ 13.45851406, 52.43999301 ], [ 13.45868868, 52.44008942 ], [ 13.45949536, 52.43948126 ], [ 13.46006297, 52.43909474 ], [ 13.46210724, 52.43783408 ], [ 13.4621046, 52.43775499 ], [ 13.4623225, 52.43768251 ], [ 13.46231698, 52.43758455 ], [ 13.45975809, 52.43498319 ], [ 13.45934732, 52.43450551 ], [ 13.45840572, 52.43354672 ], [ 13.45798634, 52.43378069 ], [ 13.45740609, 52.43402789 ], [ 13.45655819, 52.43428459 ], [ 13.45649325, 52.4343492 ], [ 13.45681686, 52.43469475 ], [ 13.45783085, 52.43599478 ], [ 13.45762326, 52.43606188 ], [ 13.45748219, 52.43603831 ], [ 13.45741341, 52.43595374 ], [ 13.45750501, 52.43584064 ], [ 13.45746556, 52.43577408 ], [ 13.45690861, 52.43505478 ], [ 13.45537952, 52.435516 ], [ 13.45781241, 52.43927667 ] ] ] } },
{ "type": "Feature", "properties": { "id": "versorggruen_2020.1400826261000200", "styp_id": "1400826261000200", "sst_name": "Zeilenbebauung seit den 50er Jahren", "voeff_name": "nicht versorgter Bereich", "vpriv_name": "mittel: Zeilen oder kompakte Siedlung", "versorg_sst": 11, "esst_name": "Row development since the 1950s", "evoeff_name": "no availability", "evpriv_name": "medium: row development or compact settlement" }, "geometry": { "type": "Polygon", "coordinates": [ [ [ 13.45493097, 52.43483042 ], [ 13.45537952, 52.435516 ], [ 13.45690861, 52.43505478 ], [ 13.45667144, 52.43474863 ], [ 13.45632462, 52.43439726 ], [ 13.4561656, 52.43440191 ], [ 13.45499484, 52.43475952 ], [ 13.45493097, 52.43483042 ] ] ] } },
{ "type": "Feature", "properties": { "id": "versorggruen_2020.1400826271000100", "styp_id": "1400826271000100", "sst_name": "niedrige Bebauung mit Hausgärten", "voeff_name": "nicht versorgter Bereich", "vpriv_name": "hoch: aufgelockerte Siedlungsbebauung", "versorg_sst": 10, "esst_name": "Low buildings with yards", "evoeff_name": "no availability", "evpriv_name": "high: loose settlement development" }, "geometry": { "type": "Polygon", "coordinates": [ [ [ 13.47079902, 52.43535476 ], [ 13.47233649, 52.43677308 ], [ 13.47324852, 52.43624135 ], [ 13.47256517, 52.43537642 ], [ 13.47167622, 52.43421595 ], [ 13.47121187, 52.43436766 ], [ 13.47144614, 52.43468107 ], [ 13.47045483, 52.43509276 ], [ 13.47079902, 52.43535476 ] ] ] } },
{ "type": "Feature", "properties": { "id": "versorggruen_2020.1400826271000200", "styp_id": "1400826271000200", "sst_name": "niedrige Bebauung mit Hausgärten", "voeff_name": "nicht versorgter Bereich", "vpriv_name": "hoch: aufgelockerte Siedlungsbebauung", "versorg_sst": 10, "esst_name": "Low buildings with yards", "evoeff_name": "no availability", "evpriv_name": "high: loose settlement development" }, "geometry": { "type": "Polygon", "coordinates": [ [ [ 13.46945664, 52.43439417 ], [ 13.47045483, 52.43509276 ], [ 13.47144614, 52.43468107 ], [ 13.47121187, 52.43436766 ], [ 13.47167622, 52.43421595 ], [ 13.47256517, 52.43537642 ], [ 13.47324852, 52.43624135 ], [ 13.47448878, 52.4356085 ], [ 13.47377751, 52.43507018 ], [ 13.47278986, 52.43553363 ], [ 13.47265483, 52.43536684 ], [ 13.47272527, 52.43533842 ], [ 13.47290604, 52.43536112 ], [ 13.47369398, 52.43499099 ], [ 13.47171455, 52.43340766 ], [ 13.46945899, 52.43433078 ], [ 13.46945664, 52.43439417 ] ] ] } },
{ "type": "Feature", "properties": { "id": "versorggruen_2020.1400826281000100", "styp_id": "1400826281000100", "sst_name": "niedrige Bebauung mit Hausgärten", "voeff_name": "schlecht versorgter Bereich", "vpriv_name": "hoch: aufgelockerte Siedlungsbebauung", "versorg_sst": 7, "esst_name": "Low buildings with yards", "evoeff_name": "poor availability", "evpriv_name": "high: loose settlement development" }, "geometry": { "type": "Polygon", "coordinates": [ [ [ 13.46699252, 52.44178142 ], [ 13.46697948, 52.44172749 ], [ 13.46288258, 52.43970708 ], [ 13.46302412, 52.43960752 ], [ 13.46315944, 52.43959872 ], [ 13.46327834, 52.43965371 ], [ 13.4632976, 52.43978529 ], [ 13.46450406, 52.4403849 ], [ 13.46498811, 52.43999401 ], [ 13.46667784, 52.44082608 ], [ 13.46690205, 52.44066102 ], [ 13.46350437, 52.43897463 ], [ 13.46324545, 52.43860851 ], [ 13.46251638, 52.43892743 ], [ 13.46239549, 52.43900994 ], [ 13.4618694, 52.43931115 ], [ 13.46124084, 52.4395582 ], [ 13.4663828, 52.44209776 ], [ 13.46650166, 52.44210158 ], [ 13.46699252, 52.44178142 ] ] ] } },
{ "type": "Feature", "properties": { "id": "versorggruen_2020.1400826281000200", "styp_id": "1400826281000200", "sst_name": "Siedlungsbebauung der 90er Jahre", "voeff_name": "schlecht versorgter Bereich", "vpriv_name": "mittel: Zeilen oder kompakte Siedlung", "versorg_sst": 8, "esst_name": "Residential development of the 1990s", "evoeff_name": "poor availability", "evpriv_name": "medium: row development or compact settlement" }, "geometry": { "type": "Polygon", "coordinates": [ [ [ 13.46709669, 52.44165467 ], [ 13.46721211, 52.44165141 ], [ 13.46781079, 52.44120109 ], [ 13.46783459, 52.44112384 ], [ 13.46690205, 52.44066102 ], [ 13.46667784, 52.44082608 ], [ 13.46498811, 52.43999401 ], [ 13.46450406, 52.4403849 ], [ 13.46709669, 52.44165467 ] ] ] } },
{ "type": "Feature", "properties": { "id": "versorggruen_2020.1400826291000100", "styp_id": "1400826291000100", "sst_name": "niedrige Bebauung mit Hausgärten", "voeff_name": "schlecht versorgter Bereich", "vpriv_name": "hoch: aufgelockerte Siedlungsbebauung", "versorg_sst": 7, "esst_name": "Low buildings with yards", "evoeff_name": "poor availability", "evpriv_name": "high: loose settlement development" }, "geometry": { "type": "Polygon", "coordinates": [ [ [ 13.46523553, 52.4376499 ], [ 13.46582846, 52.4379731 ], [ 13.46624954, 52.43823159 ], [ 13.46748941, 52.43896229 ], [ 13.46732148, 52.43905622 ], [ 13.46759555, 52.43927747 ], [ 13.46751196, 52.43932107 ], [ 13.46720584, 52.43909849 ], [ 13.46711352, 52.43908561 ], [ 13.46569886, 52.43802595 ], [ 13.46513098, 52.4377226 ], [ 13.4644425, 52.43818779 ], [ 13.46408573, 52.43836218 ], [ 13.46758233, 52.44009222 ], [ 13.46848387, 52.44050193 ], [ 13.46860693, 52.44022171 ], [ 13.46864775, 52.44016505 ], [ 13.46879454, 52.43998112 ], [ 13.46887274, 52.43990933 ], [ 13.4689904, 52.43982672 ], [ 13.46923019, 52.43965837 ], [ 13.46862623, 52.43933206 ], [ 13.46538153, 52.43754804 ], [ 13.46523553, 52.4376499 ] ] ] } },
{ "type": "Feature", "properties": { "id": "versorggruen_2020.1400826291000200", "styp_id": "1400826291000200", "sst_name": "niedrige Bebauung mit Hausgärten", "voeff_name": "schlecht versorgter Bereich", "vpriv_name": "hoch: aufgelockerte Siedlungsbebauung", "versorg_sst": 7, "esst_name": "Low buildings with yards", "evoeff_name": "poor availability", "evpriv_name": "high: loose settlement development" }, "geometry": { "type": "Polygon", "coordinates": [ [ [ 13.46801234, 52.43872195 ], [ 13.46846376, 52.43831636 ], [ 13.46692439, 52.43744618 ], [ 13.46675221, 52.43748279 ], [ 13.46646662, 52.43751864 ], [ 13.46630572, 52.43751842 ], [ 13.4661151, 52.43749813 ], [ 13.46568205, 52.43739327 ], [ 13.46561486, 52.43740094 ], [ 13.46801234, 52.43872195 ] ] ] } },
{ "type": "Feature", "properties": { "id": "versorggruen_2020.1400826291000300", "styp_id": "1400826291000300", "sst_name": "niedrige Bebauung mit Hausgärten", "voeff_name": "schlecht versorgter Bereich", "vpriv_name": "hoch: aufgelockerte Siedlungsbebauung", "versorg_sst": 7, "esst_name": "Low buildings with yards", "evoeff_name": "poor availability", "evpriv_name": "high: loose settlement development" }, "geometry": { "type": "Polygon", "coordinates": [ [ [ 13.46889844, 52.4391504 ], [ 13.46862623, 52.43933206 ], [ 13.46923019, 52.43965837 ], [ 13.46985898, 52.43921688 ], [ 13.46989028, 52.4390974 ], [ 13.46922249, 52.43873704 ], [ 13.46917236, 52.43877652 ], [ 13.46859114, 52.4384711 ], [ 13.46852203, 52.43847011 ], [ 13.46815042, 52.43876167 ], [ 13.46889844, 52.4391504 ] ] ] } },
{ "type": "Feature", "properties": { "id": "versorggruen_2020.1400826301000100", "styp_id": "1400826301000100", "sst_name": "Bebauung mit Gärten und halbprivater Umgrünung", "voeff_name": "nicht versorgter Bereich", "vpriv_name": "hoch: aufgelockerte Siedlungsbebauung", "versorg_sst": 10, "esst_name": "Development with yards and semi-private greening", "evoeff_name": "no availability", "evpriv_name": "high: loose settlement development" }, "geometry": { "type": "Polygon", "coordinates": [ [ [ 13.4516289, 52.43706236 ], [ 13.45165788, 52.43717203 ], [ 13.45183714, 52.4375749 ], [ 13.45191098, 52.43770194 ], [ 13.45201725, 52.43776748 ], [ 13.45414775, 52.43712383 ], [ 13.45435455, 52.4370237 ], [ 13.45445487, 52.43699323 ], [ 13.45454444, 52.4371489 ], [ 13.45446419, 52.43717083 ], [ 13.45421557, 52.43720598 ], [ 13.45206251, 52.43785023 ], [ 13.45204813, 52.43791998 ], [ 13.45245083, 52.43856434 ], [ 13.45254038, 52.43860132 ], [ 13.45429462, 52.43823543 ], [ 13.4553994, 52.4379551 ], [ 13.4542219, 52.43595319 ], [ 13.45239718, 52.43652379 ], [ 13.45228154, 52.43668179 ], [ 13.45217011, 52.43671419 ], [ 13.45203153, 52.43669494 ], [ 13.45200255, 52.43665042 ], [ 13.45162728, 52.43677957 ], [ 13.4516289, 52.43706236 ] ] ] } },
{ "type": "Feature", "properties": { "id": "versorggruen_2020.1400826301000200", "styp_id": "1400826301000200", "sst_name": "Zeilenbebauung seit den 50er Jahren", "voeff_name": "nicht versorgter Bereich", "vpriv_name": "mittel: Zeilen oder kompakte Siedlung", "versorg_sst": 11, "esst_name": "Row development since the 1950s", "evoeff_name": "no availability", "evpriv_name": "medium: row development or compact settlement" }, "geometry": { "type": "Polygon", "coordinates": [ [ [ 13.4553994, 52.4379551 ], [ 13.45642153, 52.43769572 ], [ 13.4564674, 52.4376221 ], [ 13.45527053, 52.43570801 ], [ 13.45515014, 52.4356629 ], [ 13.4542219, 52.43595319 ], [ 13.4553994, 52.4379551 ] ] ] } },
{ "type": "Feature", "properties": { "id": "versorggruen_2020.1400826341000100", "styp_id": "1400826341000100", "sst_name": "hohe Bebauung der Nachkriegszeit", "voeff_name": "unterversorgter Bereich", "vpriv_name": "mittel: Zeilen oder kompakte Siedlung", "versorg_sst": 5, "esst_name": "Postwar high-rise development", "evoeff_name": "reduced availability", "evpriv_name": "medium: row development or compact settlement" }, "geometry": { "type": "Polygon", "coordinates": [ [ [ 13.45257511, 52.428935 ], [ 13.45292417, 52.42866196 ], [ 13.45264724, 52.42852804 ], [ 13.45260843, 52.42788927 ], [ 13.45225488, 52.42772636 ], [ 13.45230915, 52.42743776 ], [ 13.45246563, 52.42667659 ], [ 13.45268991, 52.42668774 ], [ 13.45319847, 52.42586655 ], [ 13.45327467, 52.42586823 ], [ 13.45274285, 52.42673473 ], [ 13.45252448, 52.42672358 ], [ 13.45234349, 52.42771206 ], [ 13.4526794, 52.4278569 ], [ 13.45272995, 52.42851012 ], [ 13.45297155, 52.42862234 ], [ 13.45340515, 52.42828781 ], [ 13.45351111, 52.42817593 ], [ 13.45355581, 52.42810471 ], [ 13.45359214, 52.428004 ], [ 13.4535198, 52.42733079 ], [ 13.45352022, 52.42722295 ], [ 13.45354417, 52.42711425 ], [ 13.4535843, 52.42700288 ], [ 13.45366707, 52.42688797 ], [ 13.45376147, 52.42680812 ], [ 13.45386616, 52.42672919 ], [ 13.45403699, 52.42665306 ], [ 13.45423125, 52.42659942 ], [ 13.45441366, 52.42656644 ], [ 13.45459013, 52.42655232 ], [ 13.45549138, 52.42652846 ], [ 13.45568578, 52.42643708 ], [ 13.45582099, 52.42644716 ], [ 13.45587826, 52.42650475 ], [ 13.45588358, 52.42665632 ], [ 13.45450878, 52.42667801 ], [ 13.45432051, 52.4267038 ], [ 13.45413806, 52.42674667 ], [ 13.45399082, 52.42680487 ], [ 13.45388472, 52.42686941 ], [ 13.45381388, 52.4269412 ], [ 13.45375476, 52.4270211 ], [ 13.45371428, 52.42722234 ], [ 13.45370943, 52.42733377 ], [ 13.45376453, 52.42798789 ], [ 13.45374752, 52.42807613 ], [ 13.45371387, 52.42816095 ], [ 13.45364129, 52.4282576 ], [ 13.45354931, 52.42834743 ], [ 13.4527525, 52.42901843 ], [ 13.45319611, 52.42919222 ], [ 13.45443946, 52.42824518 ], [ 13.45559929, 52.42751356 ], [ 13.45674849, 52.42686099 ], [ 13.45724589, 52.42662699 ], [ 13.45725554, 52.42587561 ], [ 13.4530108, 52.42581116 ], [ 13.45209486, 52.42580755 ], [ 13.45187352, 52.42578356 ], [ 13.45192021, 52.4258735 ], [ 13.4519331, 52.42595979 ], [ 13.45192802, 52.42612963 ], [ 13.45188039, 52.42627694 ], [ 13.45181672, 52.42639278 ], [ 13.45167481, 52.42659027 ], [ 13.45145176, 52.42686044 ], [ 13.45123472, 52.42709467 ], [ 13.4502873, 52.42800271 ], [ 13.45257511, 52.428935 ] ] ] } },
{ "type": "Feature", "properties": { "id": "versorggruen_2020.1400826341000200", "styp_id": "1400826341000200", "sst_name": "Zeilenbebauung seit den 50er Jahren", "voeff_name": "unterversorgter Bereich", "vpriv_name": "mittel: Zeilen oder kompakte Siedlung", "versorg_sst": 5, "esst_name": "Row development since the 1950s", "evoeff_name": "reduced availability", "evpriv_name": "medium: row development or compact settlement" }, "geometry": { "type": "Polygon", "coordinates": [ [ [ 13.44942201, 52.42528205 ], [ 13.4497349, 52.42533914 ], [ 13.45134239, 52.42552486 ], [ 13.45157297, 52.42557912 ], [ 13.45169626, 52.42562873 ], [ 13.45176084, 52.42567221 ], [ 13.45232159, 52.42569114 ], [ 13.45292379, 52.4256947 ], [ 13.45297699, 52.42394104 ], [ 13.4521848, 52.42413246 ], [ 13.45169947, 52.42426484 ], [ 13.45122248, 52.42440818 ], [ 13.45075427, 52.42456196 ], [ 13.45000873, 52.42483638 ], [ 13.44974398, 52.42494941 ], [ 13.44953053, 52.42505503 ], [ 13.44924653, 52.4252202 ], [ 13.44942201, 52.42528205 ] ] ] } },
{ "type": "Feature", "properties": { "id": "versorggruen_2020.1400826351000100", "styp_id": "1400826351000100", "sst_name": "hohe Bebauung der Nachkriegszeit", "voeff_name": "unterversorgter Bereich", "vpriv_name": "mittel: Zeilen oder kompakte Siedlung", "versorg_sst": 5, "esst_name": "Postwar high-rise development", "evoeff_name": "reduced availability", "evpriv_name": "medium: row development or compact settlement" }, "geometry": { "type": "Polygon", "coordinates": [ [ [ 13.45883685, 52.43125257 ], [ 13.45999482, 52.43167728 ], [ 13.46009683, 52.4316625 ], [ 13.46030937, 52.43145913 ], [ 13.46066075, 52.43120599 ], [ 13.4612667, 52.430884 ], [ 13.46132458, 52.43080128 ], [ 13.4610647, 52.43056702 ], [ 13.46088199, 52.43052536 ], [ 13.46035134, 52.43019081 ], [ 13.46019577, 52.43000134 ], [ 13.46012268, 52.4298916 ], [ 13.46008291, 52.42975359 ], [ 13.46007608, 52.42949316 ], [ 13.45781301, 52.42948995 ], [ 13.45781146, 52.42944492 ], [ 13.46007583, 52.42944759 ], [ 13.46006947, 52.42840693 ], [ 13.4600038, 52.42834102 ], [ 13.45829421, 52.42833438 ], [ 13.45820428, 52.42837014 ], [ 13.45802428, 52.42847544 ], [ 13.45772036, 52.4284729 ], [ 13.45774805, 52.43000487 ], [ 13.45802285, 52.42999736 ], [ 13.45809775, 52.43001634 ], [ 13.45817259, 52.43005329 ], [ 13.45823072, 52.43012805 ], [ 13.45822221, 52.43020019 ], [ 13.4581616, 52.43025716 ], [ 13.45805988, 52.43029561 ], [ 13.45793626, 52.43031892 ], [ 13.45786951, 52.43054703 ], [ 13.45766805, 52.43082529 ], [ 13.45769253, 52.43088405 ], [ 13.45883685, 52.43125257 ] ] ] } },
{ "type": "Feature", "properties": { "id": "versorggruen_2020.1400826351000200", "styp_id": "1400826351000200", "sst_name": "Bebauung mit überwiegender Nutzung durch Handel und Dienstleistung", "voeff_name": "unterversorgter Bereich", "vpriv_name": "gering: Blockrandbebauung", "versorg_sst": 6, "esst_name": "Development with predominantly retail and service use", "evoeff_name": "reduced availability", "evpriv_name": "low: Wilhelminian-period block-edge development" }, "geometry": { "type": "Polygon", "coordinates": [ [ [ 13.45436635, 52.42965149 ], [ 13.45544378, 52.43008442 ], [ 13.45646114, 52.43047141 ], [ 13.45733334, 52.43077279 ], [ 13.45747063, 52.4307646 ], [ 13.45761678, 52.43059197 ], [ 13.45767491, 52.43046789 ], [ 13.45771512, 52.43000147 ], [ 13.45774805, 52.43000487 ], [ 13.45772036, 52.4284729 ], [ 13.45771614, 52.42831102 ], [ 13.45774572, 52.42826523 ], [ 13.45784222, 52.4282155 ], [ 13.45642423, 52.4282128 ], [ 13.45641855, 52.42814372 ], [ 13.45586079, 52.42782302 ], [ 13.45572995, 52.42782647 ], [ 13.45494306, 52.42831971 ], [ 13.45436887, 52.4287499 ], [ 13.45416858, 52.4288536 ], [ 13.45356379, 52.42931593 ], [ 13.45436635, 52.42965149 ] ] ] } },
{ "type": "Feature", "properties": { "id": "versorggruen_2020.1400826351000300", "styp_id": "1400826351000300", "sst_name": "niedrige Bebauung mit Hausgärten", "voeff_name": "unterversorgter Bereich", "vpriv_name": "hoch: aufgelockerte Siedlungsbebauung", "versorg_sst": 4, "esst_name": "Low buildings with yards", "evoeff_name": "reduced availability", "evpriv_name": "high: loose settlement development" }, "geometry": { "type": "Polygon", "coordinates": [ [ [ 13.45642423, 52.4282128 ], [ 13.45784222, 52.4282155 ], [ 13.45795278, 52.42820511 ], [ 13.45895435, 52.42821075 ], [ 13.45895831, 52.42716782 ], [ 13.45924842, 52.42716823 ], [ 13.45925145, 52.42727802 ], [ 13.45917196, 52.42729268 ], [ 13.45908876, 52.4273749 ], [ 13.45907868, 52.42821093 ], [ 13.46020461, 52.42821041 ], [ 13.4607758, 52.42783996 ], [ 13.46097405, 52.4277322 ], [ 13.45945053, 52.42680667 ], [ 13.4593615, 52.42676292 ], [ 13.45926641, 52.42674825 ], [ 13.45918313, 52.4267554 ], [ 13.45902236, 52.4268097 ], [ 13.45773548, 52.42744039 ], [ 13.45641855, 52.42814372 ], [ 13.45642423, 52.4282128 ] ] ] } },
{ "type": "Feature", "properties": { "id": "versorggruen_2020.1400826351000400", "styp_id": "1400826351000400", "sst_name": "hohe Bebauung der Nachkriegszeit", "voeff_name": "unterversorgter Bereich", "vpriv_name": "mittel: Zeilen oder kompakte Siedlung", "versorg_sst": 5, "esst_name": "Postwar high-rise development", "evoeff_name": "reduced availability", "evpriv_name": "medium: row development or compact settlement" }, "geometry": { "type": "Polygon", "coordinates": [ [ [ 13.46057128, 52.42615001 ], [ 13.46047899, 52.42619368 ], [ 13.46025378, 52.42619962 ], [ 13.4598486, 52.42642744 ], [ 13.45967924, 52.42654922 ], [ 13.45964315, 52.42662113 ], [ 13.45965316, 52.42668059 ], [ 13.45971432, 52.42674638 ], [ 13.46076429, 52.42738163 ], [ 13.46076666, 52.42674897 ], [ 13.46060263, 52.42658428 ], [ 13.46051293, 52.42659314 ], [ 13.46051334, 52.42648261 ], [ 13.46085734, 52.42648309 ], [ 13.46085421, 52.42731705 ], [ 13.46124343, 52.42757712 ], [ 13.46150027, 52.42745488 ], [ 13.46179005, 52.42736934 ], [ 13.46261381, 52.42720832 ], [ 13.46288868, 52.42713905 ], [ 13.46377292, 52.42660273 ], [ 13.46377361, 52.42641344 ], [ 13.46396686, 52.42629405 ], [ 13.46339515, 52.42594535 ], [ 13.46200148, 52.42593136 ], [ 13.46056695, 52.42591015 ], [ 13.46057128, 52.42615001 ] ] ] } },
{ "type": "Feature", "properties": { "id": "versorggruen_2020.1400826361000100", "styp_id": "1400826361000100", "sst_name": "hohe Bebauung der Nachkriegszeit", "voeff_name": "unterversorgter Bereich", "vpriv_name": "mittel: Zeilen oder kompakte Siedlung", "versorg_sst": 5, "esst_name": "Postwar high-rise development", "evoeff_name": "reduced availability", "evpriv_name": "medium: row development or compact settlement" }, "geometry": { "type": "Polygon", "coordinates": [ [ [ 13.45763636, 52.42575711 ], [ 13.45763872, 52.42587732 ], [ 13.46056695, 52.42591015 ], [ 13.46200148, 52.42593136 ], [ 13.46271898, 52.42549197 ], [ 13.46202968, 52.42506689 ], [ 13.46179182, 52.42478966 ], [ 13.46150979, 52.42488196 ], [ 13.46144083, 52.42490376 ], [ 13.46115868, 52.42446205 ], [ 13.46102079, 52.42449723 ], [ 13.4607989, 52.4241533 ], [ 13.4606228, 52.42408905 ], [ 13.4599907, 52.42439304 ], [ 13.45952444, 52.42455577 ], [ 13.4589784, 52.42468469 ], [ 13.45803204, 52.42489294 ], [ 13.45785335, 52.42491385 ], [ 13.45766044, 52.42492537 ], [ 13.45763636, 52.42575711 ] ] ] } },
{ "type": "Feature", "properties": { "id": "versorggruen_2020.1400826361000200", "styp_id": "1400826361000200", "sst_name": "hohe Bebauung der Nachkriegszeit", "voeff_name": "unterversorgter Bereich", "vpriv_name": "mittel: Zeilen oder kompakte Siedlung", "versorg_sst": 5, "esst_name": "Postwar high-rise development", "evoeff_name": "reduced availability", "evpriv_name": "medium: row development or compact settlement" }, "geometry": { "type": "Polygon", "coordinates": [ [ [ 13.46334521, 52.42511006 ], [ 13.46277196, 52.42546148 ], [ 13.46336252, 52.42582644 ], [ 13.46471558, 52.42583962 ], [ 13.46415998, 52.42545151 ], [ 13.46393719, 52.42527327 ], [ 13.46370712, 52.42507794 ], [ 13.46345807, 52.42484574 ], [ 13.46324289, 52.42460011 ], [ 13.46281423, 52.42478847 ], [ 13.46334521, 52.42511006 ] ] ] } },
{ "type": "Feature", "properties": { "id": "versorggruen_2020.1400826371000000", "styp_id": "1400826371000000", "sst_name": "niedrige Bebauung mit Hausgärten", "voeff_name": "versorgter Bereich", "vpriv_name": "hoch: aufgelockerte Siedlungsbebauung", "versorg_sst": 1, "esst_name": "Low buildings with yards", "evoeff_name": "good availability", "evpriv_name": "high: loose settlement development" }, "geometry": { "type": "Polygon", "coordinates": [ [ [ 13.46960267, 52.44016643 ], [ 13.47072217, 52.43962961 ], [ 13.47051395, 52.43946308 ], [ 13.47017054, 52.43926852 ], [ 13.47003516, 52.4392953 ], [ 13.46911097, 52.43990696 ], [ 13.46960267, 52.44016643 ] ] ] } },
{ "type": "Feature", "properties": { "id": "versorggruen_2020.1400826381000000", "styp_id": "1400826381000000", "sst_name": "niedrige Bebauung mit Hausgärten", "voeff_name": "versorgter Bereich", "vpriv_name": "hoch: aufgelockerte Siedlungsbebauung", "versorg_sst": 1, "esst_name": "Low buildings with yards", "evoeff_name": "good availability", "evpriv_name": "high: loose settlement development" }, "geometry": { "type": "Polygon", "coordinates": [ [ [ 13.47199778, 52.4390184 ], [ 13.47127742, 52.43854835 ], [ 13.47118769, 52.43855722 ], [ 13.47030778, 52.4391312 ], [ 13.47027661, 52.43921384 ], [ 13.47068024, 52.43942736 ], [ 13.47091955, 52.43953821 ], [ 13.47199778, 52.4390184 ] ] ] } },
{ "type": "Feature", "properties": { "id": "versorggruen_2020.1400826391000000", "styp_id": "1400826391000000", "sst_name": "niedrige Bebauung mit Hausgärten", "voeff_name": "versorgter Bereich", "vpriv_name": "hoch: aufgelockerte Siedlungsbebauung", "versorg_sst": 1, "esst_name": "Low buildings with yards", "evoeff_name": "good availability", "evpriv_name": "high: loose settlement development" }, "geometry": { "type": "Polygon", "coordinates": [ [ [ 13.47287544, 52.43860153 ], [ 13.47299699, 52.43871139 ], [ 13.47362196, 52.43820507 ], [ 13.47304123, 52.43767854 ], [ 13.47205108, 52.43807397 ], [ 13.47141469, 52.43840205 ], [ 13.47138352, 52.43848378 ], [ 13.47216425, 52.43893234 ], [ 13.47287544, 52.43860153 ] ] ] } },
{ "type": "Feature", "properties": { "id": "versorggruen_2020.1400826401000000", "styp_id": "1400826401000000", "sst_name": "hohe Bebauung der Nachkriegszeit", "voeff_name": "unterversorgter Bereich", "vpriv_name": "mittel: Zeilen oder kompakte Siedlung", "versorg_sst": 5, "esst_name": "Postwar high-rise development", "evoeff_name": "reduced availability", "evpriv_name": "medium: row development or compact settlement" }, "geometry": { "type": "Polygon", "coordinates": [ [ [ 13.46311049, 52.4271965 ], [ 13.46452141, 52.4280235 ], [ 13.46554631, 52.42736593 ], [ 13.46415871, 52.42655505 ], [ 13.46311049, 52.4271965 ] ] ] } },
{ "type": "Feature", "properties": { "id": "versorggruen_2020.1400826411000000", "styp_id": "1400826411000000", "sst_name": "hohe Bebauung der Nachkriegszeit", "voeff_name": "unterversorgter Bereich", "vpriv_name": "mittel: Zeilen oder kompakte Siedlung", "versorg_sst": 5, "esst_name": "Postwar high-rise development", "evoeff_name": "reduced availability", "evpriv_name": "medium: row development or compact settlement" }, "geometry": { "type": "Polygon", "coordinates": [ [ [ 13.46436656, 52.42643747 ], [ 13.46436592, 52.42661069 ], [ 13.46565149, 52.42736429 ], [ 13.46457387, 52.42805751 ], [ 13.46601441, 52.42889505 ], [ 13.46785017, 52.42772706 ], [ 13.46518364, 52.42611793 ], [ 13.4649056, 52.42596198 ], [ 13.46356181, 52.42594315 ], [ 13.46436656, 52.42643747 ] ] ] } },
{ "type": "Feature", "properties": { "id": "versorggruen_2020.1400826421000100", "styp_id": "1400826421000100", "sst_name": "hohe Bebauung der Nachkriegszeit", "voeff_name": "versorgter Bereich", "vpriv_name": "mittel: Zeilen oder kompakte Siedlung", "versorg_sst": 2, "esst_name": "Postwar high-rise development", "evoeff_name": "good availability", "evpriv_name": "medium: row development or compact settlement" }, "geometry": { "type": "Polygon", "coordinates": [ [ [ 13.46704637, 52.42688702 ], [ 13.46742202, 52.42707985 ], [ 13.46814226, 52.42751936 ], [ 13.4695406, 52.42661627 ], [ 13.46992654, 52.42639571 ], [ 13.47025498, 52.4262236 ], [ 13.47047142, 52.42612863 ], [ 13.47095753, 52.42595117 ], [ 13.46926179, 52.42597969 ], [ 13.4685432, 52.42600619 ], [ 13.46546205, 52.42596284 ], [ 13.46704637, 52.42688702 ] ] ] } },
{ "type": "Feature", "properties": { "id": "versorggruen_2020.1400826421000200", "styp_id": "1400826421000200", "sst_name": "hohe Bebauung der Nachkriegszeit", "voeff_name": "versorgter Bereich", "vpriv_name": "mittel: Zeilen oder kompakte Siedlung", "versorg_sst": 2, "esst_name": "Postwar high-rise development", "evoeff_name": "good availability", "evpriv_name": "medium: row development or compact settlement" }, "geometry": { "type": "Polygon", "coordinates": [ [ [ 13.46763654, 52.42587869 ], [ 13.46856127, 52.42586907 ], [ 13.46802013, 52.42468301 ], [ 13.46786924, 52.4240767 ], [ 13.46677666, 52.4240783 ], [ 13.46676564, 52.42401177 ], [ 13.46558707, 52.42414779 ], [ 13.46559234, 52.42444188 ], [ 13.46569848, 52.42441656 ], [ 13.46594552, 52.42439443 ], [ 13.4673832, 52.42438918 ], [ 13.46747708, 52.42444683 ], [ 13.46747821, 52.42454029 ], [ 13.46738391, 52.42460127 ], [ 13.46721341, 52.42459475 ], [ 13.46713566, 52.42455151 ], [ 13.46696533, 52.42449736 ], [ 13.46593484, 52.42450225 ], [ 13.46572747, 52.42452803 ], [ 13.46552736, 52.42457898 ], [ 13.46539928, 52.42463273 ], [ 13.46432109, 52.42521441 ], [ 13.46522341, 52.42582447 ], [ 13.46763654, 52.42587869 ] ] ] } },
{ "type": "Feature", "properties": { "id": "versorggruen_2020.1400826421000500", "styp_id": "1400826421000500", "sst_name": "hohe Bebauung der Nachkriegszeit", "voeff_name": "versorgter Bereich", "vpriv_name": "mittel: Zeilen oder kompakte Siedlung", "versorg_sst": 2, "esst_name": "Postwar high-rise development", "evoeff_name": "good availability", "evpriv_name": "medium: row development or compact settlement" }, "geometry": { "type": "Polygon", "coordinates": [ [ [ 13.46315723, 52.42391341 ], [ 13.46340536, 52.42425781 ], [ 13.4663203, 52.42352619 ], [ 13.46656779, 52.42273034 ], [ 13.46641609, 52.42270502 ], [ 13.464469, 52.42302979 ], [ 13.46327721, 52.42342923 ], [ 13.46293513, 52.42351161 ], [ 13.46315723, 52.42391341 ] ] ] } },
{ "type": "Feature", "properties": { "id": "versorggruen_2020.1400826431000000", "styp_id": "1400826431000000", "sst_name": "hohe Bebauung der Nachkriegszeit", "voeff_name": "versorgter Bereich", "vpriv_name": "mittel: Zeilen oder kompakte Siedlung", "versorg_sst": 2, "esst_name": "Postwar high-rise development", "evoeff_name": "good availability", "evpriv_name": "medium: row development or compact settlement" }, "geometry": { "type": "Polygon", "coordinates": [ [ [ 13.46290851, 52.42346886 ], [ 13.46323412, 52.42339435 ], [ 13.46443969, 52.42298772 ], [ 13.46630408, 52.42267665 ], [ 13.4636433, 52.42237009 ], [ 13.46336826, 52.42235173 ], [ 13.46313987, 52.42235247 ], [ 13.46280585, 52.42237528 ], [ 13.4622778, 52.42246023 ], [ 13.46290851, 52.42346886 ] ] ] } },
{ "type": "Feature", "properties": { "id": "versorggruen_2020.1400826441000000", "styp_id": "1400826441000000", "sst_name": "Zeilenbebauung seit den 50er Jahren", "voeff_name": "versorgter Bereich", "vpriv_name": "mittel: Zeilen oder kompakte Siedlung", "versorg_sst": 2, "esst_name": "Row development since the 1950s", "evoeff_name": "good availability", "evpriv_name": "medium: row development or compact settlement" }, "geometry": { "type": "Polygon", "coordinates": [ [ [ 13.45407157, 52.43473391 ], [ 13.4543652, 52.43465167 ], [ 13.45412489, 52.4342568 ], [ 13.45374869, 52.43425618 ], [ 13.45375252, 52.43327814 ], [ 13.45368827, 52.43327618 ], [ 13.45368484, 52.43258986 ], [ 13.45353187, 52.43258963 ], [ 13.4535424, 52.431462 ], [ 13.45300087, 52.43146308 ], [ 13.45282636, 52.43149274 ], [ 13.45273138, 52.43152813 ], [ 13.45261481, 52.4316065 ], [ 13.45256027, 52.43169151 ], [ 13.45244565, 52.43204991 ], [ 13.45236033, 52.43243441 ], [ 13.45234917, 52.43265457 ], [ 13.45234209, 52.43403906 ], [ 13.45236925, 52.43413447 ], [ 13.45242088, 52.43423366 ], [ 13.45248783, 52.43432539 ], [ 13.4531589, 52.43504544 ], [ 13.45328598, 52.43504174 ], [ 13.45407157, 52.43473391 ] ] ] } },
{ "type": "Feature", "properties": { "id": "versorggruen_2020.1400826451000000", "styp_id": "1400826451000000", "sst_name": "Zeilenbebauung seit den 50er Jahren", "voeff_name": "versorgter Bereich", "vpriv_name": "mittel: Zeilen oder kompakte Siedlung", "versorg_sst": 2, "esst_name": "Row development since the 1950s", "evoeff_name": "good availability", "evpriv_name": "medium: row development or compact settlement" }, "geometry": { "type": "Polygon", "coordinates": [ [ [ 13.45412605, 52.43164425 ], [ 13.45408033, 52.43160117 ], [ 13.45394908, 52.43152244 ], [ 13.45386965, 52.4314924 ], [ 13.45377795, 52.43146983 ], [ 13.45361977, 52.43145762 ], [ 13.45361891, 52.43242817 ], [ 13.45376501, 52.43243102 ], [ 13.45376226, 52.43313416 ], [ 13.45382652, 52.43313239 ], [ 13.45382536, 52.43420954 ], [ 13.45416499, 52.43421004 ], [ 13.45443566, 52.43462933 ], [ 13.45596116, 52.43417263 ], [ 13.45603339, 52.43410417 ], [ 13.45443525, 52.43204944 ], [ 13.45412605, 52.43164425 ] ] ] } },
{ "type": "Feature", "properties": { "id": "versorggruen_2020.1400826461000000", "styp_id": "1400826461000000", "sst_name": "hohe Bebauung der Nachkriegszeit", "voeff_name": "unterversorgter Bereich", "vpriv_name": "mittel: Zeilen oder kompakte Siedlung", "versorg_sst": 5, "esst_name": "Postwar high-rise development", "evoeff_name": "reduced availability", "evpriv_name": "medium: row development or compact settlement" }, "geometry": { "type": "Polygon", "coordinates": [ [ [ 13.45664035, 52.42436974 ], [ 13.45678578, 52.42452659 ], [ 13.45687091, 52.42460083 ], [ 13.45697534, 52.42467004 ], [ 13.45707158, 52.4247224 ], [ 13.45719538, 52.42476974 ], [ 13.45734405, 52.42480027 ], [ 13.45748176, 52.42481563 ], [ 13.45760849, 52.42481918 ], [ 13.45782347, 52.42480432 ], [ 13.45807432, 52.42477268 ], [ 13.45903951, 52.42455508 ], [ 13.45942285, 52.42446129 ], [ 13.45984084, 52.42432576 ], [ 13.46030176, 52.42411252 ], [ 13.46050739, 52.42400635 ], [ 13.45954557, 52.42333965 ], [ 13.45809227, 52.42367952 ], [ 13.45813331, 52.42375538 ], [ 13.45662482, 52.42410863 ], [ 13.4566823, 52.42420809 ], [ 13.45654992, 52.42423991 ], [ 13.45664035, 52.42436974 ] ] ] } },
{ "type": "Feature", "properties": { "id": "versorggruen_2020.1400826471000000", "styp_id": "1400826471000000", "sst_name": "hohe Bebauung der Nachkriegszeit", "voeff_name": "unterversorgter Bereich", "vpriv_name": "mittel: Zeilen oder kompakte Siedlung", "versorg_sst": 5, "esst_name": "Postwar high-rise development", "evoeff_name": "reduced availability", "evpriv_name": "medium: row development or compact settlement" }, "geometry": { "type": "Polygon", "coordinates": [ [ [ 13.4559568, 52.42329348 ], [ 13.45646656, 52.42410527 ], [ 13.4579046, 52.42376011 ], [ 13.45785805, 52.42368593 ], [ 13.45957057, 52.42328579 ], [ 13.46056809, 52.42398285 ], [ 13.4608937, 52.42385361 ], [ 13.46134877, 52.42373297 ], [ 13.46248534, 52.42344992 ], [ 13.46156762, 52.4219815 ], [ 13.46147289, 52.42195729 ], [ 13.45604028, 52.42322558 ], [ 13.4559568, 52.42329348 ] ] ] } },
{ "type": "Feature", "properties": { "id": "versorggruen_2020.1400826481000000", "styp_id": "1400826481000000", "sst_name": "niedrige Bebauung mit Hausgärten", "voeff_name": "nicht versorgter Bereich", "vpriv_name": "hoch: aufgelockerte Siedlungsbebauung", "versorg_sst": 10, "esst_name": "Low buildings with yards", "evoeff_name": "no availability", "evpriv_name": "high: loose settlement development" }, "geometry": { "type": "Polygon", "coordinates": [ [ [ 13.47394423, 52.43110514 ], [ 13.47474527, 52.43158127 ], [ 13.47545434, 52.43124032 ], [ 13.47566324, 52.43112512 ], [ 13.47604731, 52.43088979 ], [ 13.4763938, 52.4306458 ], [ 13.47719122, 52.43000085 ], [ 13.47658311, 52.42974774 ], [ 13.47627618, 52.42999558 ], [ 13.47479998, 52.43097987 ], [ 13.47446179, 52.43077979 ], [ 13.47394423, 52.43110514 ] ] ] } },
{ "type": "Feature", "properties": { "id": "versorggruen_2020.1400830021000000", "styp_id": "1400830021000000", "sst_name": "niedrige Bebauung mit Hausgärten", "voeff_name": "versorgter Bereich", "vpriv_name": "hoch: aufgelockerte Siedlungsbebauung", "versorg_sst": 1, "esst_name": "Low buildings with yards", "evoeff_name": "good availability", "evpriv_name": "high: loose settlement development" }, "geometry": { "type": "Polygon", "coordinates": [ [ [ 13.48165323, 52.44030314 ], [ 13.48185071, 52.44017128 ], [ 13.48190384, 52.44011383 ], [ 13.48195262, 52.44003481 ], [ 13.48197957, 52.43989016 ], [ 13.4819637, 52.43979668 ], [ 13.4819009, 52.4396627 ], [ 13.48180271, 52.43956103 ], [ 13.47892456, 52.440751 ], [ 13.47954967, 52.44132847 ], [ 13.48165323, 52.44030314 ] ] ] } },
{ "type": "Feature", "properties": { "id": "versorggruen_2020.1400830031000000", "styp_id": "1400830031000000", "sst_name": "niedrige Bebauung mit Hausgärten", "voeff_name": "versorgter Bereich", "vpriv_name": "hoch: aufgelockerte Siedlungsbebauung", "versorg_sst": 1, "esst_name": "Low buildings with yards", "evoeff_name": "good availability", "evpriv_name": "high: loose settlement development" }, "geometry": { "type": "Polygon", "coordinates": [ [ [ 13.47828047, 52.44010934 ], [ 13.47887278, 52.44064119 ], [ 13.48184195, 52.43944061 ], [ 13.4816473, 52.43897222 ], [ 13.48146493, 52.43878783 ], [ 13.47828047, 52.44010934 ] ] ] } },
{ "type": "Feature", "properties": { "id": "versorggruen_2020.1400830041000000", "styp_id": "1400830041000000", "sst_name": "niedrige Bebauung mit Hausgärten", "voeff_name": "versorgter Bereich", "vpriv_name": "hoch: aufgelockerte Siedlungsbebauung", "versorg_sst": 1, "esst_name": "Low buildings with yards", "evoeff_name": "good availability", "evpriv_name": "high: loose settlement development" }, "geometry": { "type": "Polygon", "coordinates": [ [ [ 13.47775945, 52.43967059 ], [ 13.47819828, 52.44004186 ], [ 13.48143921, 52.43868842 ], [ 13.48125494, 52.43849815 ], [ 13.48109034, 52.43834449 ], [ 13.4808566, 52.43816183 ], [ 13.47775945, 52.43967059 ] ] ] } },
{ "type": "Feature", "properties": { "id": "versorggruen_2020.1400830051000000", "styp_id": "1400830051000000", "sst_name": "niedrige Bebauung mit Hausgärten", "voeff_name": "versorgter Bereich", "vpriv_name": "hoch: aufgelockerte Siedlungsbebauung", "versorg_sst": 1, "esst_name": "Low buildings with yards", "evoeff_name": "good availability", "evpriv_name": "high: loose settlement development" }, "geometry": { "type": "Polygon", "coordinates": [ [ [ 13.47683449, 52.43894105 ], [ 13.47761949, 52.43956561 ], [ 13.48072452, 52.43805446 ], [ 13.47993924, 52.43745137 ], [ 13.47683449, 52.43894105 ] ] ] } },
{ "type": "Feature", "properties": { "id": "versorggruen_2020.1400830061000200", "styp_id": "1400830061000200", "sst_name": "niedrige Bebauung mit Hausgärten", "voeff_name": "versorgter Bereich", "vpriv_name": "hoch: aufgelockerte Siedlungsbebauung", "versorg_sst": 1, "esst_name": "Low buildings with yards", "evoeff_name": "good availability", "evpriv_name": "high: loose settlement development" }, "geometry": { "type": "Polygon", "coordinates": [ [ [ 13.48894025, 52.4015928 ], [ 13.48966399, 52.40035698 ], [ 13.48876679, 52.39995266 ], [ 13.48840378, 52.40055825 ], [ 13.48894025, 52.4015928 ] ] ] } },
{ "type": "Feature", "properties": { "id": "versorggruen_2020.1400830061000500", "styp_id": "1400830061000500", "sst_name": "niedrige Bebauung mit Hausgärten", "voeff_name": "versorgter Bereich", "vpriv_name": "hoch: aufgelockerte Siedlungsbebauung", "versorg_sst": 1, "esst_name": "Low buildings with yards", "evoeff_name": "good availability", "evpriv_name": "high: loose settlement development" }, "geometry": { "type": "Polygon", "coordinates": [ [ [ 13.4920735, 52.39806408 ], [ 13.49112488, 52.39787266 ], [ 13.4904048, 52.39907684 ], [ 13.48966399, 52.40035698 ], [ 13.48894025, 52.4015928 ], [ 13.48980033, 52.40325317 ], [ 13.48985627, 52.40323392 ], [ 13.49031055, 52.4024706 ], [ 13.48965356, 52.40121856 ], [ 13.49020553, 52.40028743 ], [ 13.49015474, 52.40021306 ], [ 13.49097189, 52.39883403 ], [ 13.49117583, 52.39888033 ], [ 13.49114409, 52.39893082 ], [ 13.4909616, 52.39902126 ], [ 13.49025922, 52.40021021 ], [ 13.49029066, 52.40025483 ], [ 13.49141477, 52.40050578 ], [ 13.49149016, 52.40048358 ], [ 13.49224732, 52.39916629 ], [ 13.49222831, 52.39902806 ], [ 13.49220161, 52.3990206 ], [ 13.49222849, 52.39896862 ], [ 13.49243485, 52.39901641 ], [ 13.4898583, 52.40336321 ], [ 13.49061728, 52.4047106 ], [ 13.49431176, 52.39844468 ], [ 13.49291133, 52.39821682 ], [ 13.492882799240444, 52.398211618720246 ], [ 13.492846867521454, 52.398205115520312 ], [ 13.492412049371675, 52.398125799001505 ], [ 13.4920735, 52.39806408 ] ], [ [ 13.49078215, 52.39969821 ], [ 13.49086191, 52.39965393 ], [ 13.49097518, 52.39964648 ], [ 13.49116264, 52.39967484 ], [ 13.49125451, 52.39972148 ], [ 13.49127032, 52.39975721 ], [ 13.49125229, 52.39986651 ], [ 13.49120791, 52.39991624 ], [ 13.49116535, 52.39994541 ], [ 13.49110513, 52.39996699 ], [ 13.49105556, 52.39997559 ], [ 13.49093878, 52.39997546 ], [ 13.49087691, 52.39995591 ], [ 13.49078508, 52.39989844 ], [ 13.49075512, 52.39985836 ], [ 13.49075014, 52.39975121 ], [ 13.49078215, 52.39969821 ] ] ] } },
{ "type": "Feature", "properties": { "id": "versorggruen_2020.1400830071000000", "styp_id": "1400830071000000", "sst_name": "niedrige Bebauung mit Hausgärten", "voeff_name": "nicht versorgter Bereich", "vpriv_name": "hoch: aufgelockerte Siedlungsbebauung", "versorg_sst": 10, "esst_name": "Low buildings with yards", "evoeff_name": "no availability", "evpriv_name": "high: loose settlement development" }, "geometry": { "type": "Polygon", "coordinates": [ [ [ 13.47594267, 52.43828569 ], [ 13.4767406, 52.43887533 ], [ 13.47984092, 52.43739193 ], [ 13.47906512, 52.43677358 ], [ 13.47594267, 52.43828569 ] ] ] } },
{ "type": "Feature", "properties": { "id": "versorggruen_2020.1400830081000000", "styp_id": "1400830081000000", "sst_name": "niedrige Bebauung mit Hausgärten", "voeff_name": "versorgter Bereich", "vpriv_name": "hoch: aufgelockerte Siedlungsbebauung", "versorg_sst": 1, "esst_name": "Low buildings with yards", "evoeff_name": "good availability", "evpriv_name": "high: loose settlement development" }, "geometry": { "type": "Polygon", "coordinates": [ [ [ 13.47460557, 52.43884115 ], [ 13.47875766, 52.43681453 ], [ 13.47866814, 52.4367632 ], [ 13.47870975, 52.43663115 ], [ 13.47882758, 52.43657378 ], [ 13.47817346, 52.4360751 ], [ 13.47386974, 52.43816261 ], [ 13.47460557, 52.43884115 ] ] ] } },
{ "type": "Feature", "properties": { "id": "versorggruen_2020.1400830091000000", "styp_id": "1400830091000000", "sst_name": "niedrige Bebauung mit Hausgärten", "voeff_name": "versorgter Bereich", "vpriv_name": "hoch: aufgelockerte Siedlungsbebauung", "versorg_sst": 1, "esst_name": "Low buildings with yards", "evoeff_name": "good availability", "evpriv_name": "high: loose settlement development" }, "geometry": { "type": "Polygon", "coordinates": [ [ [ 13.47379059, 52.43808792 ], [ 13.47809871, 52.43600132 ], [ 13.47648552, 52.43475463 ], [ 13.47341883, 52.43631706 ], [ 13.47244198, 52.43688285 ], [ 13.47379059, 52.43808792 ] ] ] } },
{ "type": "Feature", "properties": { "id": "versorggruen_2020.1400830101000000", "styp_id": "1400830101000000", "sst_name": "niedrige Bebauung mit Hausgärten", "voeff_name": "nicht versorgter Bereich", "vpriv_name": "hoch: aufgelockerte Siedlungsbebauung", "versorg_sst": 10, "esst_name": "Low buildings with yards", "evoeff_name": "no availability", "evpriv_name": "high: loose settlement development" }, "geometry": { "type": "Polygon", "coordinates": [ [ [ 13.47648904, 52.43458478 ], [ 13.47869077, 52.43352174 ], [ 13.47745718, 52.43265118 ], [ 13.47692093, 52.43339909 ], [ 13.47675501, 52.43376644 ], [ 13.47639316, 52.43424407 ], [ 13.47622796, 52.43439573 ], [ 13.47648904, 52.43458478 ] ] ] } },
{ "type": "Feature", "properties": { "id": "versorggruen_2020.1400830111000000", "styp_id": "1400830111000000", "sst_name": "niedrige Bebauung mit Hausgärten", "voeff_name": "nicht versorgter Bereich", "vpriv_name": "hoch: aufgelockerte Siedlungsbebauung", "versorg_sst": 10, "esst_name": "Low buildings with yards", "evoeff_name": "no availability", "evpriv_name": "high: loose settlement development" }, "geometry": { "type": "Polygon", "coordinates": [ [ [ 13.47819891, 52.43593764 ], [ 13.48252842, 52.43385063 ], [ 13.48091775, 52.43261462 ], [ 13.47660773, 52.43470356 ], [ 13.47819891, 52.43593764 ] ] ] } },
{ "type": "Feature", "properties": { "id": "versorggruen_2020.1400830121000000", "styp_id": "1400830121000000", "sst_name": "niedrige Bebauung mit Hausgärten", "voeff_name": "nicht versorgter Bereich", "vpriv_name": "hoch: aufgelockerte Siedlungsbebauung", "versorg_sst": 10, "esst_name": "Low buildings with yards", "evoeff_name": "no availability", "evpriv_name": "high: loose settlement development" }, "geometry": { "type": "Polygon", "coordinates": [ [ [ 13.47894982, 52.43651462 ], [ 13.47903969, 52.43646261 ], [ 13.4792823, 52.43646381 ], [ 13.47935125, 52.43651153 ], [ 13.48343293, 52.43454324 ], [ 13.48261043, 52.43390431 ], [ 13.47830456, 52.43600337 ], [ 13.47894982, 52.43651462 ] ] ] } },
{ "type": "Feature", "properties": { "id": "versorggruen_2020.1400830131000000", "styp_id": "1400830131000000", "sst_name": "niedrige Bebauung mit Hausgärten", "voeff_name": "nicht versorgter Bereich", "vpriv_name": "hoch: aufgelockerte Siedlungsbebauung", "versorg_sst": 10, "esst_name": "Low buildings with yards", "evoeff_name": "no availability", "evpriv_name": "high: loose settlement development" }, "geometry": { "type": "Polygon", "coordinates": [ [ [ 13.4799632, 52.43731929 ], [ 13.4843855, 52.43527664 ], [ 13.4835231, 52.43461368 ], [ 13.47920207, 52.43671264 ], [ 13.4799632, 52.43731929 ] ] ] } },
{ "type": "Feature", "properties": { "id": "versorggruen_2020.1400830141000000", "styp_id": "1400830141000000", "sst_name": "niedrige Bebauung mit Hausgärten", "voeff_name": "versorgter Bereich", "vpriv_name": "hoch: aufgelockerte Siedlungsbebauung", "versorg_sst": 1, "esst_name": "Low buildings with yards", "evoeff_name": "good availability", "evpriv_name": "high: loose settlement development" }, "geometry": { "type": "Polygon", "coordinates": [ [ [ 13.48083908, 52.43799836 ], [ 13.48783798, 52.43489836 ], [ 13.48696664, 52.4341789 ], [ 13.48659843, 52.43434018 ], [ 13.48007326, 52.43738863 ], [ 13.48083908, 52.43799836 ] ] ] } },
{ "type": "Feature", "properties": { "id": "versorggruen_2020.1400830151000000", "styp_id": "1400830151000000", "sst_name": "niedrige Bebauung mit Hausgärten", "voeff_name": "versorgter Bereich", "vpriv_name": "hoch: aufgelockerte Siedlungsbebauung", "versorg_sst": 1, "esst_name": "Low buildings with yards", "evoeff_name": "good availability", "evpriv_name": "high: loose settlement development" }, "geometry": { "type": "Polygon", "coordinates": [ [ [ 13.48120575, 52.43829102 ], [ 13.48137036, 52.43844364 ], [ 13.48155975, 52.43864025 ], [ 13.48384967, 52.43774283 ], [ 13.48314289, 52.43714595 ], [ 13.48097202, 52.43810679 ], [ 13.48120575, 52.43829102 ] ] ] } },
{ "type": "Feature", "properties": { "id": "versorggruen_2020.1400830161000000", "styp_id": "1400830161000000", "sst_name": "niedrige Bebauung mit Hausgärten", "voeff_name": "versorgter Bereich", "vpriv_name": "hoch: aufgelockerte Siedlungsbebauung", "versorg_sst": 1, "esst_name": "Low buildings with yards", "evoeff_name": "good availability", "evpriv_name": "high: loose settlement development" }, "geometry": { "type": "Polygon", "coordinates": [ [ [ 13.48177673, 52.43896608 ], [ 13.48197372, 52.43938556 ], [ 13.48448885, 52.43834301 ], [ 13.48393323, 52.43782111 ], [ 13.48162506, 52.43872324 ], [ 13.48177673, 52.43896608 ] ] ] } },
{ "type": "Feature", "properties": { "id": "versorggruen_2020.1400830171000100", "styp_id": "1400830171000100", "sst_name": "niedrige Bebauung mit Hausgärten", "voeff_name": "versorgter Bereich", "vpriv_name": "hoch: aufgelockerte Siedlungsbebauung", "versorg_sst": 1, "esst_name": "Low buildings with yards", "evoeff_name": "good availability", "evpriv_name": "high: loose settlement development" }, "geometry": { "type": "Polygon", "coordinates": [ [ [ 13.48208156, 52.43972852 ], [ 13.48214426, 52.43989126 ], [ 13.48213942, 52.43992752 ], [ 13.48232169, 52.44017474 ], [ 13.48492957, 52.43893216 ], [ 13.48443699, 52.43846337 ], [ 13.48200679, 52.43948102 ], [ 13.48208156, 52.43972852 ] ] ] } },
{ "type": "Feature", "properties": { "id": "versorggruen_2020.1400830191000500", "styp_id": "1400830191000500", "sst_name": "niedrige Bebauung mit Hausgärten", "voeff_name": "versorgter Bereich", "vpriv_name": "hoch: aufgelockerte Siedlungsbebauung", "versorg_sst": 1, "esst_name": "Low buildings with yards", "evoeff_name": "good availability", "evpriv_name": "high: loose settlement development" }, "geometry": { "type": "Polygon", "coordinates": [ [ [ 13.48452928, 52.43843568 ], [ 13.48520857, 52.43905875 ], [ 13.48990536, 52.43677433 ], [ 13.48923904, 52.43637374 ], [ 13.48909396, 52.43644431 ], [ 13.48900471, 52.43655503 ], [ 13.48885282, 52.43662903 ], [ 13.48862549, 52.43648695 ], [ 13.48880749, 52.43640108 ], [ 13.48887546, 52.43639103 ], [ 13.48817915, 52.4359595 ], [ 13.4870486, 52.43659007 ], [ 13.48670406, 52.43673345 ], [ 13.48499639, 52.43740128 ], [ 13.48569713, 52.4380692 ], [ 13.48470567, 52.43845659 ], [ 13.48463724, 52.438391 ], [ 13.48452928, 52.43843568 ] ] ] } },
{ "type": "Feature", "properties": { "id": "versorggruen_2020.1400830191000600", "styp_id": "1400830191000600", "sst_name": "niedrige Bebauung mit Hausgärten", "voeff_name": "versorgter Bereich", "vpriv_name": "hoch: aufgelockerte Siedlungsbebauung", "versorg_sst": 1, "esst_name": "Low buildings with yards", "evoeff_name": "good availability", "evpriv_name": "high: loose settlement development" }, "geometry": { "type": "MultiPolygon", "coordinates": [ [ [ [ 13.48887546, 52.43639103 ], [ 13.48900411, 52.436372 ], [ 13.49061669, 52.43559067 ], [ 13.48997162, 52.43509282 ], [ 13.48881687, 52.43561431 ], [ 13.48838593, 52.43584072 ], [ 13.48817915, 52.4359595 ], [ 13.48887546, 52.43639103 ] ] ], [ [ [ 13.48990536, 52.43677433 ], [ 13.49137464, 52.43607837 ], [ 13.49114436, 52.43589478 ], [ 13.49109135, 52.43591988 ], [ 13.49096368, 52.43582471 ], [ 13.49093111, 52.4358371 ], [ 13.49070799, 52.43565913 ], [ 13.48923904, 52.43637374 ], [ 13.48990536, 52.43677433 ] ] ] ] } },
{ "type": "Feature", "properties": { "id": "versorggruen_2020.1400830211000000", "styp_id": "1400830211000000", "sst_name": "niedrige Bebauung mit Hausgärten", "voeff_name": "nicht versorgter Bereich", "vpriv_name": "hoch: aufgelockerte Siedlungsbebauung", "versorg_sst": 10, "esst_name": "Low buildings with yards", "evoeff_name": "no availability", "evpriv_name": "high: loose settlement development" }, "geometry": { "type": "Polygon", "coordinates": [ [ [ 13.48450184, 52.43522106 ], [ 13.48688557, 52.43411191 ], [ 13.48602502, 52.43339712 ], [ 13.4836335, 52.43456848 ], [ 13.48450184, 52.43522106 ] ] ] } },
{ "type": "Feature", "properties": { "id": "versorggruen_2020.1400830221000000", "styp_id": "1400830221000000", "sst_name": "niedrige Bebauung mit Hausgärten", "voeff_name": "nicht versorgter Bereich", "vpriv_name": "hoch: aufgelockerte Siedlungsbebauung", "versorg_sst": 10, "esst_name": "Low buildings with yards", "evoeff_name": "no availability", "evpriv_name": "high: loose settlement development" }, "geometry": { "type": "Polygon", "coordinates": [ [ [ 13.48352641, 52.43449197 ], [ 13.48451397, 52.43402048 ], [ 13.48199717, 52.43209163 ], [ 13.48101934, 52.43256564 ], [ 13.48352641, 52.43449197 ] ] ] } },
{ "type": "Feature", "properties": { "id": "versorggruen_2020.1400830231000000", "styp_id": "1400830231000000", "sst_name": "niedrige Bebauung mit Hausgärten", "voeff_name": "nicht versorgter Bereich", "vpriv_name": "hoch: aufgelockerte Siedlungsbebauung", "versorg_sst": 10, "esst_name": "Low buildings with yards", "evoeff_name": "no availability", "evpriv_name": "high: loose settlement development" }, "geometry": { "type": "Polygon", "coordinates": [ [ [ 13.48218183, 52.43200732 ], [ 13.48467802, 52.43393079 ], [ 13.48593947, 52.43332526 ], [ 13.48354984, 52.43134756 ], [ 13.48218183, 52.43200732 ] ] ] } },
{ "type": "Feature", "properties": { "id": "versorggruen_2020.1400830241000000", "styp_id": "1400830241000000", "sst_name": "niedrige Bebauung mit Hausgärten", "voeff_name": "nicht versorgter Bereich", "vpriv_name": "hoch: aufgelockerte Siedlungsbebauung", "versorg_sst": 10, "esst_name": "Low buildings with yards", "evoeff_name": "no availability", "evpriv_name": "high: loose settlement development" }, "geometry": { "type": "Polygon", "coordinates": [ [ [ 13.48186945, 52.43199334 ], [ 13.48143864, 52.43166169 ], [ 13.48112544, 52.43178405 ], [ 13.48104305, 52.43180102 ], [ 13.4809504, 52.43180989 ], [ 13.48085483, 52.43180978 ], [ 13.48074607, 52.43180066 ], [ 13.48061093, 52.43176005 ], [ 13.48001063, 52.43145196 ], [ 13.47796954, 52.43288009 ], [ 13.47878504, 52.43346884 ], [ 13.48186945, 52.43199334 ] ] ] } },
{ "type": "Feature", "properties": { "id": "versorggruen_2020.1400830251000000", "styp_id": "1400830251000000", "sst_name": "niedrige Bebauung mit Hausgärten", "voeff_name": "nicht versorgter Bereich", "vpriv_name": "hoch: aufgelockerte Siedlungsbebauung", "versorg_sst": 10, "esst_name": "Low buildings with yards", "evoeff_name": "no availability", "evpriv_name": "high: loose settlement development" }, "geometry": { "type": "Polygon", "coordinates": [ [ [ 13.4778786, 52.43281347 ], [ 13.47988284, 52.43141496 ], [ 13.47938687, 52.43112497 ], [ 13.47795726, 52.43215934 ], [ 13.47753242, 52.43257489 ], [ 13.4778786, 52.43281347 ] ] ] } },
{ "type": "Feature", "properties": { "id": "versorggruen_2020.1400830261000000", "styp_id": "1400830261000000", "sst_name": "niedrige Bebauung mit Hausgärten", "voeff_name": "nicht versorgter Bereich", "vpriv_name": "hoch: aufgelockerte Siedlungsbebauung", "versorg_sst": 10, "esst_name": "Low buildings with yards", "evoeff_name": "no availability", "evpriv_name": "high: loose settlement development" }, "geometry": { "type": "Polygon", "coordinates": [ [ [ 13.48054992, 52.43109496 ], [ 13.48014615, 52.43137485 ], [ 13.4807024, 52.4316685 ], [ 13.48079051, 52.43170006 ], [ 13.48086692, 52.43171184 ], [ 13.48098749, 52.43170839 ], [ 13.48113316, 52.43167262 ], [ 13.48133841, 52.43158812 ], [ 13.48123035, 52.4315025 ], [ 13.48141337, 52.43140966 ], [ 13.48205492, 52.43190326 ], [ 13.48338995, 52.43123414 ], [ 13.48171513, 52.42995779 ], [ 13.48054992, 52.43109496 ] ] ] } },
{ "type": "Feature", "properties": { "id": "versorggruen_2020.1400830271000000", "styp_id": "1400830271000000", "sst_name": "niedrige Bebauung mit Hausgärten", "voeff_name": "nicht versorgter Bereich", "vpriv_name": "hoch: aufgelockerte Siedlungsbebauung", "versorg_sst": 10, "esst_name": "Low buildings with yards", "evoeff_name": "no availability", "evpriv_name": "high: loose settlement development" }, "geometry": { "type": "Polygon", "coordinates": [ [ [ 13.47896192, 52.43069937 ], [ 13.48002438, 52.43129471 ], [ 13.48046639, 52.43101128 ], [ 13.48162718, 52.4298768 ], [ 13.47980149, 52.42846544 ], [ 13.47853687, 52.42943262 ], [ 13.47772452, 52.43011099 ], [ 13.47896192, 52.43069937 ] ] ] } },
{ "type": "Feature", "properties": { "id": "versorggruen_2020.1400830281000000", "styp_id": "1400830281000000", "sst_name": "niedrige Bebauung mit Hausgärten", "voeff_name": "nicht versorgter Bereich", "vpriv_name": "hoch: aufgelockerte Siedlungsbebauung", "versorg_sst": 10, "esst_name": "Low buildings with yards", "evoeff_name": "no availability", "evpriv_name": "high: loose settlement development" }, "geometry": { "type": "Polygon", "coordinates": [ [ [ 13.47570047, 52.42939193 ], [ 13.4760853, 52.42954051 ], [ 13.47658311, 52.42974774 ], [ 13.47719122, 52.43000085 ], [ 13.47763471, 52.42963261 ], [ 13.47761579, 52.42957282 ], [ 13.47401457, 52.42821151 ], [ 13.47361187, 52.42860543 ], [ 13.47570047, 52.42939193 ] ] ] } },
{ "type": "Feature", "properties": { "id": "versorggruen_2020.1400830291000000", "styp_id": "1400830291000000", "sst_name": "niedrige Bebauung mit Hausgärten", "voeff_name": "versorgter Bereich", "vpriv_name": "hoch: aufgelockerte Siedlungsbebauung", "versorg_sst": 1, "esst_name": "Low buildings with yards", "evoeff_name": "good availability", "evpriv_name": "high: loose settlement development" }, "geometry": { "type": "Polygon", "coordinates": [ [ [ 13.49142665, 52.40059348 ], [ 13.49139035, 52.40054737 ], [ 13.49035121, 52.40031583 ], [ 13.49027825, 52.40034101 ], [ 13.48976046, 52.40122017 ], [ 13.49032564, 52.40230715 ], [ 13.49039114, 52.40233992 ], [ 13.49142665, 52.40059348 ] ] ] } },
{ "type": "Feature", "properties": { "id": "versorggruen_2020.1400830301000000", "styp_id": "1400830301000000", "sst_name": "niedrige Bebauung mit Hausgärten", "voeff_name": "nicht versorgter Bereich", "vpriv_name": "hoch: aufgelockerte Siedlungsbebauung", "versorg_sst": 10, "esst_name": "Low buildings with yards", "evoeff_name": "no availability", "evpriv_name": "high: loose settlement development" }, "geometry": { "type": "Polygon", "coordinates": [ [ [ 13.47415546, 52.42781215 ], [ 13.47403807, 52.42811933 ], [ 13.4747345, 52.42835403 ], [ 13.47651828, 52.42901129 ], [ 13.47743075, 52.42937615 ], [ 13.47752104, 52.42928468 ], [ 13.4773826, 52.42747563 ], [ 13.47422328, 52.4275582 ], [ 13.47415546, 52.42781215 ] ] ] } },
{ "type": "Feature", "properties": { "id": "versorggruen_2020.1400830311000000", "styp_id": "1400830311000000", "sst_name": "niedrige Bebauung mit Hausgärten", "voeff_name": "nicht versorgter Bereich", "vpriv_name": "hoch: aufgelockerte Siedlungsbebauung", "versorg_sst": 10, "esst_name": "Low buildings with yards", "evoeff_name": "no availability", "evpriv_name": "high: loose settlement development" }, "geometry": { "type": "Polygon", "coordinates": [ [ [ 13.47417732, 52.42744462 ], [ 13.47758121, 52.42736149 ], [ 13.47953365, 52.42590121 ], [ 13.47953106, 52.42579606 ], [ 13.47409136, 52.42594284 ], [ 13.47417732, 52.42744462 ] ] ] } },
{ "type": "Feature", "properties": { "id": "versorggruen_2020.1400830321000000", "styp_id": "1400830321000000", "sst_name": "niedrige Bebauung mit Hausgärten", "voeff_name": "nicht versorgter Bereich", "vpriv_name": "hoch: aufgelockerte Siedlungsbebauung", "versorg_sst": 10, "esst_name": "Low buildings with yards", "evoeff_name": "no availability", "evpriv_name": "high: loose settlement development" }, "geometry": { "type": "Polygon", "coordinates": [ [ [ 13.47833803, 52.42910346 ], [ 13.48075215, 52.42728936 ], [ 13.48234339, 52.42620752 ], [ 13.48228468, 52.42617959 ], [ 13.4827259, 52.42587657 ], [ 13.482707, 52.42582998 ], [ 13.48238345, 52.42575584 ], [ 13.48216555, 52.42573229 ], [ 13.47992846, 52.42578387 ], [ 13.47756315, 52.42754274 ], [ 13.47770356, 52.42934979 ], [ 13.4779223, 52.42944263 ], [ 13.47833803, 52.42910346 ] ] ] } },
{ "type": "Feature", "properties": { "id": "versorggruen_2020.1400830341000000", "styp_id": "1400830341000000", "sst_name": "niedrige Bebauung mit Hausgärten", "voeff_name": "nicht versorgter Bereich", "vpriv_name": "hoch: aufgelockerte Siedlungsbebauung", "versorg_sst": 10, "esst_name": "Low buildings with yards", "evoeff_name": "no availability", "evpriv_name": "high: loose settlement development" }, "geometry": { "type": "Polygon", "coordinates": [ [ [ 13.48164849, 52.42965755 ], [ 13.48179115, 52.42964155 ], [ 13.48229045, 52.42891244 ], [ 13.48149416, 52.42830307 ], [ 13.48053107, 52.42879256 ], [ 13.48164849, 52.42965755 ] ] ] } },
{ "type": "Feature", "properties": { "id": "versorggruen_2020.1400830351000000", "styp_id": "1400830351000000", "sst_name": "niedrige Bebauung mit Hausgärten", "voeff_name": "nicht versorgter Bereich", "vpriv_name": "hoch: aufgelockerte Siedlungsbebauung", "versorg_sst": 10, "esst_name": "Low buildings with yards", "evoeff_name": "no availability", "evpriv_name": "high: loose settlement development" }, "geometry": { "type": "Polygon", "coordinates": [ [ [ 13.48475686, 52.4290736 ], [ 13.48379044, 52.42832564 ], [ 13.48308957, 52.42865819 ], [ 13.48272573, 52.42887793 ], [ 13.48258867, 52.42897931 ], [ 13.48247219, 52.42908341 ], [ 13.48236743, 52.42920011 ], [ 13.48190072, 52.42985197 ], [ 13.48239052, 52.43023361 ], [ 13.48475686, 52.4290736 ] ] ] } },
{ "type": "Feature", "properties": { "id": "versorggruen_2020.1400830361000000", "styp_id": "1400830361000000", "sst_name": "niedrige Bebauung mit Hausgärten", "voeff_name": "nicht versorgter Bereich", "vpriv_name": "hoch: aufgelockerte Siedlungsbebauung", "versorg_sst": 10, "esst_name": "Low buildings with yards", "evoeff_name": "no availability", "evpriv_name": "high: loose settlement development" }, "geometry": { "type": "Polygon", "coordinates": [ [ [ 13.48356953, 52.43116785 ], [ 13.48595066, 52.42998627 ], [ 13.48488297, 52.4291717 ], [ 13.48250197, 52.43031911 ], [ 13.48356953, 52.43116785 ] ] ] } },
{ "type": "Feature", "properties": { "id": "versorggruen_2020.1400830371000000", "styp_id": "1400830371000000", "sst_name": "niedrige Bebauung mit Hausgärten", "voeff_name": "nicht versorgter Bereich", "vpriv_name": "hoch: aufgelockerte Siedlungsbebauung", "versorg_sst": 10, "esst_name": "Low buildings with yards", "evoeff_name": "no availability", "evpriv_name": "high: loose settlement development" }, "geometry": { "type": "Polygon", "coordinates": [ [ [ 13.48153732, 52.42814136 ], [ 13.4840914, 52.42685295 ], [ 13.48401122, 52.42679281 ], [ 13.48506343, 52.4262811 ], [ 13.4840598, 52.42549337 ], [ 13.48374033, 52.42563677 ], [ 13.48087751, 52.42761214 ], [ 13.48153732, 52.42814136 ] ] ] } },
{ "type": "Feature", "properties": { "id": "versorggruen_2020.1400830381000000", "styp_id": "1400830381000000", "sst_name": "niedrige Bebauung mit Hausgärten", "voeff_name": "nicht versorgter Bereich", "vpriv_name": "hoch: aufgelockerte Siedlungsbebauung", "versorg_sst": 10, "esst_name": "Low buildings with yards", "evoeff_name": "no availability", "evpriv_name": "high: loose settlement development" }, "geometry": { "type": "Polygon", "coordinates": [ [ [ 13.48499418, 52.42751875 ], [ 13.48420309, 52.42693749 ], [ 13.48162967, 52.42822415 ], [ 13.4824069, 52.42882002 ], [ 13.48499418, 52.42751875 ] ] ] } },
{ "type": "Feature", "properties": { "id": "versorggruen_2020.1400830391000000", "styp_id": "1400830391000000", "sst_name": "niedrige Bebauung mit Hausgärten", "voeff_name": "nicht versorgter Bereich", "vpriv_name": "hoch: aufgelockerte Siedlungsbebauung", "versorg_sst": 10, "esst_name": "Low buildings with yards", "evoeff_name": "no availability", "evpriv_name": "high: loose settlement development" }, "geometry": { "type": "Polygon", "coordinates": [ [ [ 13.48610227, 52.42992983 ], [ 13.4873538, 52.4293364 ], [ 13.4851298, 52.42762314 ], [ 13.48392008, 52.42824222 ], [ 13.48610227, 52.42992983 ] ] ] } },
{ "type": "Feature", "properties": { "id": "versorggruen_2020.1400830401000000", "styp_id": "1400830401000000", "sst_name": "niedrige Bebauung mit Hausgärten", "voeff_name": "nicht versorgter Bereich", "vpriv_name": "hoch: aufgelockerte Siedlungsbebauung", "versorg_sst": 10, "esst_name": "Low buildings with yards", "evoeff_name": "no availability", "evpriv_name": "high: loose settlement development" }, "geometry": { "type": "Polygon", "coordinates": [ [ [ 13.48523366, 52.4325275 ], [ 13.48909779, 52.43063522 ], [ 13.48751237, 52.42940309 ], [ 13.48370889, 52.43126418 ], [ 13.48523366, 52.4325275 ] ] ] } },
{ "type": "Feature", "properties": { "id": "versorggruen_2020.1400830411000000", "styp_id": "1400830411000000", "sst_name": "niedrige Bebauung mit Hausgärten", "voeff_name": "nicht versorgter Bereich", "vpriv_name": "hoch: aufgelockerte Siedlungsbebauung", "versorg_sst": 10, "esst_name": "Low buildings with yards", "evoeff_name": "no availability", "evpriv_name": "high: loose settlement development" }, "geometry": { "type": "Polygon", "coordinates": [ [ [ 13.48610142, 52.43324853 ], [ 13.49279586, 52.42998973 ], [ 13.49195834, 52.42934713 ], [ 13.48530524, 52.43258607 ], [ 13.48610142, 52.43324853 ] ] ] } },
{ "type": "Feature", "properties": { "id": "versorggruen_2020.1400830421000000", "styp_id": "1400830421000000", "sst_name": "niedrige Bebauung mit Hausgärten", "voeff_name": "nicht versorgter Bereich", "vpriv_name": "hoch: aufgelockerte Siedlungsbebauung", "versorg_sst": 10, "esst_name": "Low buildings with yards", "evoeff_name": "no availability", "evpriv_name": "high: loose settlement development" }, "geometry": { "type": "Polygon", "coordinates": [ [ [ 13.48705077, 52.43403784 ], [ 13.49263893, 52.43143649 ], [ 13.49163906, 52.43066704 ], [ 13.49135112, 52.43079958 ], [ 13.48618557, 52.4333191 ], [ 13.48705077, 52.43403784 ] ] ] } },
{ "type": "Feature", "properties": { "id": "versorggruen_2020.1400830431000000", "styp_id": "1400830431000000", "sst_name": "niedrige Bebauung mit Hausgärten", "voeff_name": "nicht versorgter Bereich", "vpriv_name": "hoch: aufgelockerte Siedlungsbebauung", "versorg_sst": 10, "esst_name": "Low buildings with yards", "evoeff_name": "no availability", "evpriv_name": "high: loose settlement development" }, "geometry": { "type": "Polygon", "coordinates": [ [ [ 13.48800453, 52.43482732 ], [ 13.49389631, 52.43218731 ], [ 13.49499076, 52.43167393 ], [ 13.49290885, 52.43006085 ], [ 13.49174559, 52.43061753 ], [ 13.49282646, 52.43145039 ], [ 13.48712377, 52.43410273 ], [ 13.48800453, 52.43482732 ] ] ] } },
{ "type": "Feature", "properties": { "id": "versorggruen_2020.1400830441000000", "styp_id": "1400830441000000", "sst_name": "niedrige Bebauung mit Hausgärten", "voeff_name": "versorgter Bereich", "vpriv_name": "hoch: aufgelockerte Siedlungsbebauung", "versorg_sst": 1, "esst_name": "Low buildings with yards", "evoeff_name": "good availability", "evpriv_name": "high: loose settlement development" }, "geometry": { "type": "Polygon", "coordinates": [ [ [ 13.48854508, 52.43530494 ], [ 13.48864492, 52.43535358 ], [ 13.4887404, 52.43538245 ], [ 13.48893592, 52.43539616 ], [ 13.48903299, 52.43538818 ], [ 13.48915515, 52.43534878 ], [ 13.49185983, 52.43411548 ], [ 13.49120741, 52.43357648 ], [ 13.48811025, 52.43494431 ], [ 13.48854508, 52.43530494 ] ] ] } },
{ "type": "Feature", "properties": { "id": "versorggruen_2020.1400830451000000", "styp_id": "1400830451000000", "sst_name": "niedrige Bebauung mit Hausgärten", "voeff_name": "versorgter Bereich", "vpriv_name": "hoch: aufgelockerte Siedlungsbebauung", "versorg_sst": 1, "esst_name": "Low buildings with yards", "evoeff_name": "good availability", "evpriv_name": "high: loose settlement development" }, "geometry": { "type": "Polygon", "coordinates": [ [ [ 13.49072667, 52.43553611 ], [ 13.49250796, 52.43467016 ], [ 13.49194083, 52.43419135 ], [ 13.49008768, 52.43504076 ], [ 13.49072667, 52.43553611 ] ] ] } },
{ "type": "Feature", "properties": { "id": "versorggruen_2020.1400830461000100", "styp_id": "1400830461000100", "sst_name": "niedrige Bebauung mit Hausgärten", "voeff_name": "versorgter Bereich", "vpriv_name": "hoch: aufgelockerte Siedlungsbebauung", "versorg_sst": 1, "esst_name": "Low buildings with yards", "evoeff_name": "good availability", "evpriv_name": "high: loose settlement development" }, "geometry": { "type": "Polygon", "coordinates": [ [ [ 13.48096547, 52.40348464 ], [ 13.4810761, 52.40348495 ], [ 13.48039254, 52.40467499 ], [ 13.48114, 52.40503783 ], [ 13.48197885, 52.4053595 ], [ 13.48220649, 52.40541685 ], [ 13.48211357, 52.40524133 ], [ 13.48208921, 52.40507444 ], [ 13.48210443, 52.40486132 ], [ 13.48217484, 52.40464293 ], [ 13.48337436, 52.4025327 ], [ 13.48275116, 52.40228907 ], [ 13.48210144, 52.40341998 ], [ 13.48096794, 52.40317604 ], [ 13.48096547, 52.40348464 ] ] ] } },
{ "type": "Feature", "properties": { "id": "versorggruen_2020.1400830461000200", "styp_id": "1400830461000200", "sst_name": "niedrige Bebauung mit Hausgärten", "voeff_name": "versorgter Bereich", "vpriv_name": "hoch: aufgelockerte Siedlungsbebauung", "versorg_sst": 1, "esst_name": "Low buildings with yards", "evoeff_name": "good availability", "evpriv_name": "high: loose settlement development" }, "geometry": { "type": "Polygon", "coordinates": [ [ [ 13.48001539, 52.40433378 ], [ 13.48028489, 52.40458683 ], [ 13.48037658, 52.40455694 ], [ 13.48085375, 52.40372155 ], [ 13.48085586, 52.40348432 ], [ 13.48096547, 52.40348464 ], [ 13.48096794, 52.40317604 ], [ 13.48025098, 52.40302174 ], [ 13.47964624, 52.40407441 ], [ 13.48001539, 52.40433378 ] ] ] } },
{ "type": "Feature", "properties": { "id": "versorggruen_2020.1400830461000300", "styp_id": "1400830461000300", "sst_name": "niedrige Bebauung mit Hausgärten", "voeff_name": "versorgter Bereich", "vpriv_name": "hoch: aufgelockerte Siedlungsbebauung", "versorg_sst": 1, "esst_name": "Low buildings with yards", "evoeff_name": "good availability", "evpriv_name": "high: loose settlement development" }, "geometry": { "type": "Polygon", "coordinates": [ [ [ 13.48342552, 52.40244588 ], [ 13.48373921, 52.40190025 ], [ 13.48388827, 52.40169553 ], [ 13.48407248, 52.40152231 ], [ 13.48432286, 52.40133569 ], [ 13.48458187, 52.4012021 ], [ 13.48494077, 52.40107582 ], [ 13.48530402, 52.40096572 ], [ 13.48683901, 52.40065966 ], [ 13.4868865, 52.4006031 ], [ 13.48679754, 52.40043862 ], [ 13.48673661, 52.40037879 ], [ 13.48663835, 52.40032449 ], [ 13.48668201, 52.40031636 ], [ 13.48634185, 52.39968042 ], [ 13.48576924, 52.39979504 ], [ 13.48592463, 52.4000854 ], [ 13.48595233, 52.40010826 ], [ 13.48587639, 52.40012321 ], [ 13.48587748, 52.40009132 ], [ 13.48572876, 52.39980314 ], [ 13.4854004, 52.39986245 ], [ 13.48529817, 52.39986164 ], [ 13.48521621, 52.39985018 ], [ 13.48507466, 52.40009733 ], [ 13.48516551, 52.40026729 ], [ 13.48537897, 52.40022414 ], [ 13.4853927, 52.40024976 ], [ 13.48513748, 52.4003014 ], [ 13.48520598, 52.40042945 ], [ 13.48516408, 52.40043785 ], [ 13.48499087, 52.4001143 ], [ 13.48462607, 52.40075128 ], [ 13.48378669, 52.40103005 ], [ 13.4836181, 52.40132271 ], [ 13.48334119, 52.4012629 ], [ 13.4827975, 52.40220293 ], [ 13.48342552, 52.40244588 ] ] ] } },
{ "type": "Feature", "properties": { "id": "versorggruen_2020.1400830461000400", "styp_id": "1400830461000400", "sst_name": "geringe Bebauung mit überwiegender Nutzung durch Gewerbe und Industrie", "voeff_name": "versorgter Bereich", "vpriv_name": "gering: Blockrandbebauung", "versorg_sst": 3, "esst_name": "Sparse development with predominantly commercial and industrial use", "evoeff_name": "good availability", "evpriv_name": "low: Wilhelminian-period block-edge development" }, "geometry": { "type": "Polygon", "coordinates": [ [ [ 13.47765394, 52.40265391 ], [ 13.47817651, 52.4032387 ], [ 13.47836413, 52.40337463 ], [ 13.47914738, 52.40378092 ], [ 13.47964624, 52.40407441 ], [ 13.48025098, 52.40302174 ], [ 13.48096794, 52.40317604 ], [ 13.48210144, 52.40341998 ], [ 13.48275116, 52.40228907 ], [ 13.48170641, 52.40188029 ], [ 13.48184192, 52.401748 ], [ 13.48194274, 52.40173501 ], [ 13.48209263, 52.40179421 ], [ 13.48214146, 52.40194246 ], [ 13.4827975, 52.40220293 ], [ 13.48334119, 52.4012629 ], [ 13.4836181, 52.40132271 ], [ 13.48378669, 52.40103005 ], [ 13.48462607, 52.40075128 ], [ 13.48499087, 52.4001143 ], [ 13.48515678, 52.39982495 ], [ 13.48504968, 52.39978778 ], [ 13.48437706, 52.39955998 ], [ 13.48387603, 52.39945345 ], [ 13.48337812, 52.39945165 ], [ 13.48020999, 52.39978116 ], [ 13.4801658, 52.3996313 ], [ 13.48022854, 52.3995789 ], [ 13.48039663, 52.39956161 ], [ 13.48059654, 52.39964933 ], [ 13.48342155, 52.39935818 ], [ 13.48380773, 52.39935625 ], [ 13.48438476, 52.39944946 ], [ 13.48520858, 52.39973541 ], [ 13.4862759, 52.39787141 ], [ 13.47917266, 52.39857899 ], [ 13.47905408, 52.39919937 ], [ 13.478982, 52.39984687 ], [ 13.47895201, 52.39998054 ], [ 13.47890195, 52.40010603 ], [ 13.4815941, 52.40068533 ], [ 13.48170849, 52.40048613 ], [ 13.48267161, 52.40069302 ], [ 13.48243383, 52.40111121 ], [ 13.48141914, 52.40098976 ], [ 13.48041024, 52.40271762 ], [ 13.47905582, 52.40275736 ], [ 13.477716858154439, 52.402512250782209 ], [ 13.477663025171747, 52.402633395609804 ], [ 13.47765394, 52.40265391 ] ] ] } },
{ "type": "Feature", "properties": { "id": "versorggruen_2020.1400830461000600", "styp_id": "1400830461000600", "sst_name": "niedrige Bebauung mit Hausgärten", "voeff_name": "versorgter Bereich", "vpriv_name": "hoch: aufgelockerte Siedlungsbebauung", "versorg_sst": 1, "esst_name": "Low buildings with yards", "evoeff_name": "good availability", "evpriv_name": "high: loose settlement development" }, "geometry": { "type": "Polygon", "coordinates": [ [ [ 13.48532848, 52.39975523 ], [ 13.48543735, 52.399748 ], [ 13.48624503, 52.3995863 ], [ 13.48598182, 52.39908245 ], [ 13.48599007, 52.39905012 ], [ 13.48626206, 52.39857541 ], [ 13.48629498, 52.39854537 ], [ 13.48636566, 52.39852134 ], [ 13.48701469, 52.39839151 ], [ 13.48673151, 52.39785955 ], [ 13.48665537, 52.39783169 ], [ 13.4862759, 52.39787141 ], [ 13.48520858, 52.39973541 ], [ 13.48532848, 52.39975523 ] ] ] } },
{ "type": "Feature", "properties": { "id": "versorggruen_2020.1400830471000000", "styp_id": "1400830471000000", "sst_name": "niedrige Bebauung mit Hausgärten", "voeff_name": "versorgter Bereich", "vpriv_name": "hoch: aufgelockerte Siedlungsbebauung", "versorg_sst": 1, "esst_name": "Low buildings with yards", "evoeff_name": "good availability", "evpriv_name": "high: loose settlement development" }, "geometry": { "type": "Polygon", "coordinates": [ [ [ 13.48667918, 52.40023503 ], [ 13.48675623, 52.40030236 ], [ 13.48680697, 52.40029279 ], [ 13.48687263, 52.40033881 ], [ 13.48692855, 52.40039751 ], [ 13.48702631, 52.40057568 ], [ 13.48711848, 52.40060472 ], [ 13.48794763, 52.40044196 ], [ 13.48798435, 52.40035151 ], [ 13.48766009, 52.39974542 ], [ 13.48769998, 52.39967887 ], [ 13.48757056, 52.39943391 ], [ 13.48692813, 52.39956312 ], [ 13.48708251, 52.39985132 ], [ 13.48711006, 52.39987418 ], [ 13.48702641, 52.39989107 ], [ 13.48702665, 52.39986258 ], [ 13.48687241, 52.39957429 ], [ 13.48638286, 52.39967221 ], [ 13.48667918, 52.40023503 ] ] ] } },
{ "type": "Feature", "properties": { "id": "versorggruen_2020.1400830481000000", "styp_id": "1400830481000000", "sst_name": "niedrige Bebauung mit Hausgärten", "voeff_name": "versorgter Bereich", "vpriv_name": "hoch: aufgelockerte Siedlungsbebauung", "versorg_sst": 1, "esst_name": "Low buildings with yards", "evoeff_name": "good availability", "evpriv_name": "high: loose settlement development" }, "geometry": { "type": "Polygon", "coordinates": [ [ [ 13.48642148, 52.39856697 ], [ 13.48636687, 52.39858657 ], [ 13.48632816, 52.39862267 ], [ 13.48608307, 52.39905077 ], [ 13.48607486, 52.39908108 ], [ 13.48608215, 52.39910838 ], [ 13.48632883, 52.3995696 ], [ 13.4875155, 52.3993332 ], [ 13.48704217, 52.39844295 ], [ 13.48642148, 52.39856697 ] ] ] } },
{ "type": "Feature", "properties": { "id": "versorggruen_2020.1400830491000000", "styp_id": "1400830491000000", "sst_name": "hohe Bebauung der Nachkriegszeit", "voeff_name": "schlecht versorgter Bereich", "vpriv_name": "mittel: Zeilen oder kompakte Siedlung", "versorg_sst": 8, "esst_name": "Postwar high-rise development", "evoeff_name": "poor availability", "evpriv_name": "medium: row development or compact settlement" }, "geometry": { "type": "Polygon", "coordinates": [ [ [ 13.47519238, 52.42081377 ], [ 13.4754481, 52.42082308 ], [ 13.47775736, 52.42080355 ], [ 13.47790597, 52.4207597 ], [ 13.47797541, 52.42065554 ], [ 13.48021408, 52.42064126 ], [ 13.48021923, 52.42074243 ], [ 13.48008229, 52.42080373 ], [ 13.48009265, 52.42131763 ], [ 13.48051628, 52.42212709 ], [ 13.48060783, 52.42202929 ], [ 13.48066711, 52.42188288 ], [ 13.4807417, 52.42155226 ], [ 13.48075688, 52.4214058 ], [ 13.48126635, 52.42113952 ], [ 13.48013625, 52.42020966 ], [ 13.47959895, 52.42000453 ], [ 13.47932717, 52.41991598 ], [ 13.47904425, 52.41984233 ], [ 13.47870368, 52.41976613 ], [ 13.47839882, 52.41972165 ], [ 13.47809606, 52.41968576 ], [ 13.47779321, 52.41966396 ], [ 13.47742813, 52.41965593 ], [ 13.476774, 52.41968073 ], [ 13.4738725, 52.41981423 ], [ 13.47386357, 52.4199718 ], [ 13.47384125, 52.42005086 ], [ 13.47352665, 52.4204899 ], [ 13.47519238, 52.42081377 ] ] ] } },
{ "type": "Feature", "properties": { "id": "versorggruen_2020.1400830501000000", "styp_id": "1400830501000000", "sst_name": "niedrige Bebauung mit Hausgärten", "voeff_name": "nicht versorgter Bereich", "vpriv_name": "hoch: aufgelockerte Siedlungsbebauung", "versorg_sst": 10, "esst_name": "Low buildings with yards", "evoeff_name": "no availability", "evpriv_name": "high: loose settlement development" }, "geometry": { "type": "Polygon", "coordinates": [ [ [ 13.48919498, 52.4305859 ], [ 13.49187915, 52.42928323 ], [ 13.49034201, 52.4281159 ], [ 13.48767261, 52.42940597 ], [ 13.48919498, 52.4305859 ] ] ] } },
{ "type": "Feature", "properties": { "id": "versorggruen_2020.1400830511000000", "styp_id": "1400830511000000", "sst_name": "niedrige Bebauung mit Hausgärten", "voeff_name": "nicht versorgter Bereich", "vpriv_name": "hoch: aufgelockerte Siedlungsbebauung", "versorg_sst": 10, "esst_name": "Low buildings with yards", "evoeff_name": "no availability", "evpriv_name": "high: loose settlement development" }, "geometry": { "type": "Polygon", "coordinates": [ [ [ 13.49015993, 52.42796058 ], [ 13.48907892, 52.42713341 ], [ 13.48643196, 52.42842406 ], [ 13.48751727, 52.42924673 ], [ 13.49015993, 52.42796058 ] ] ] } },
{ "type": "Feature", "properties": { "id": "versorggruen_2020.1400830521000000", "styp_id": "1400830521000000", "sst_name": "niedrige Bebauung mit Hausgärten", "voeff_name": "nicht versorgter Bereich", "vpriv_name": "hoch: aufgelockerte Siedlungsbebauung", "versorg_sst": 10, "esst_name": "Low buildings with yards", "evoeff_name": "no availability", "evpriv_name": "high: loose settlement development" }, "geometry": { "type": "Polygon", "coordinates": [ [ [ 13.48634698, 52.4283332 ], [ 13.4889649, 52.42704399 ], [ 13.48797716, 52.42627888 ], [ 13.48530057, 52.42754165 ], [ 13.48634698, 52.4283332 ] ] ] } },
{ "type": "Feature", "properties": { "id": "versorggruen_2020.1400830531000000", "styp_id": "1400830531000000", "sst_name": "niedrige Bebauung mit Hausgärten", "voeff_name": "nicht versorgter Bereich", "vpriv_name": "hoch: aufgelockerte Siedlungsbebauung", "versorg_sst": 10, "esst_name": "Low buildings with yards", "evoeff_name": "no availability", "evpriv_name": "high: loose settlement development" }, "geometry": { "type": "Polygon", "coordinates": [ [ [ 13.48783446, 52.42617421 ], [ 13.4869615, 52.42549549 ], [ 13.48429423, 52.42679189 ], [ 13.48516726, 52.42743585 ], [ 13.48783446, 52.42617421 ] ] ] } },
{ "type": "Feature", "properties": { "id": "versorggruen_2020.1400830591000000", "styp_id": "1400830591000000", "sst_name": "niedrige Bebauung mit Hausgärten", "voeff_name": "nicht versorgter Bereich", "vpriv_name": "hoch: aufgelockerte Siedlungsbebauung", "versorg_sst": 10, "esst_name": "Low buildings with yards", "evoeff_name": "no availability", "evpriv_name": "high: loose settlement development" }, "geometry": { "type": "Polygon", "coordinates": [ [ [ 13.46886016, 52.41812206 ], [ 13.46936696, 52.41812419 ], [ 13.46939639, 52.41815961 ], [ 13.46997279, 52.41816376 ], [ 13.47000318, 52.4181268 ], [ 13.47023698, 52.41812795 ], [ 13.47024002, 52.41765871 ], [ 13.47016592, 52.41761236 ], [ 13.47019954, 52.41738963 ], [ 13.47030987, 52.41736102 ], [ 13.47082608, 52.41643607 ], [ 13.47076465, 52.41635152 ], [ 13.47100132, 52.41592406 ], [ 13.47092496, 52.41590599 ], [ 13.47207426, 52.41381091 ], [ 13.47223391, 52.41354691 ], [ 13.47213702, 52.41351533 ], [ 13.47237281, 52.41332871 ], [ 13.47245355, 52.41335578 ], [ 13.47263037, 52.4132239 ], [ 13.4729455, 52.41304189 ], [ 13.47212845, 52.41222482 ], [ 13.47101064, 52.41406214 ], [ 13.471005196428029, 52.414072857290485 ], [ 13.470980609080916, 52.414121527919292 ], [ 13.470915629184987, 52.414250411614248 ], [ 13.470850969448312, 52.414379380334474 ], [ 13.47078628055421, 52.414508330659217 ], [ 13.470721761965631, 52.41463702240798 ], [ 13.47065692159646, 52.414766078594766 ], [ 13.470592245624925, 52.414895046960837 ], [ 13.470527419804666, 52.415024085281239 ], [ 13.470524007209171, 52.41503091935121 ], [ 13.470457490820538, 52.415151178681377 ], [ 13.47045716, 52.41515183 ], [ 13.470451390537816, 52.415162269545092 ], [ 13.470323585428037, 52.41539470608469 ], [ 13.470193715745463, 52.415628818181581 ], [ 13.470127735078183, 52.415748247789189 ], [ 13.470049337120381, 52.41588994954914 ], [ 13.469970947127369, 52.416031831182451 ], [ 13.469892549777922, 52.416173910473049 ], [ 13.469819031284699, 52.416306720060042 ], [ 13.469747585742686, 52.416436130810069 ], [ 13.469700595979663, 52.416520793683503 ], [ 13.469549714600271, 52.416793805779442 ], [ 13.469535736866485, 52.416819117206877 ], [ 13.469530384660404, 52.416828782311462 ], [ 13.46951416, 52.41685814 ], [ 13.469427122157228, 52.417026349281706 ], [ 13.469401530518963, 52.417075874905791 ], [ 13.469377668185139, 52.417121923997925 ], [ 13.469250036827782, 52.417368584281085 ], [ 13.469193154665025, 52.417478560275377 ], [ 13.469027819611876, 52.417798041136635 ], [ 13.46886016, 52.41812206 ] ] ] } },
{ "type": "Feature", "properties": { "id": "versorggruen_2020.1400830601000000", "styp_id": "1400830601000000", "sst_name": "niedrige Bebauung mit Hausgärten", "voeff_name": "schlecht versorgter Bereich", "vpriv_name": "hoch: aufgelockerte Siedlungsbebauung", "versorg_sst": 7, "esst_name": "Low buildings with yards", "evoeff_name": "poor availability", "evpriv_name": "high: loose settlement development" }, "geometry": { "type": "Polygon", "coordinates": [ [ [ 13.47208232, 52.41780909 ], [ 13.47214308, 52.41766628 ], [ 13.47316284, 52.41605181 ], [ 13.47243449, 52.41587022 ], [ 13.47133003, 52.4156504 ], [ 13.4703386, 52.41754978 ], [ 13.47030317, 52.41769243 ], [ 13.47029538, 52.41794975 ], [ 13.47032914, 52.41812639 ], [ 13.47051743, 52.41813097 ], [ 13.47054632, 52.41816283 ], [ 13.47202227, 52.41816758 ], [ 13.47208232, 52.41780909 ] ] ] } },
{ "type": "Feature", "properties": { "id": "versorggruen_2020.1400830611000100", "styp_id": "1400830611000100", "sst_name": "niedrige Bebauung mit Hausgärten", "voeff_name": "nicht versorgter Bereich", "vpriv_name": "hoch: aufgelockerte Siedlungsbebauung", "versorg_sst": 10, "esst_name": "Low buildings with yards", "evoeff_name": "no availability", "evpriv_name": "high: loose settlement development" }, "geometry": { "type": "Polygon", "coordinates": [ [ [ 13.47228227, 52.41358561 ], [ 13.47212859, 52.41382446 ], [ 13.47118644, 52.4155235 ], [ 13.47166378, 52.4156131 ], [ 13.47169147, 52.41567963 ], [ 13.47250664, 52.41582988 ], [ 13.47313605, 52.41487901 ], [ 13.47333375, 52.41465909 ], [ 13.47321346, 52.41459333 ], [ 13.47335491, 52.41449107 ], [ 13.47350893, 52.41457664 ], [ 13.47318444, 52.41490963 ], [ 13.47258445, 52.41585694 ], [ 13.47319101, 52.41598265 ], [ 13.47376741, 52.41505417 ], [ 13.4736837, 52.41503519 ], [ 13.4738496, 52.41481677 ], [ 13.47246954, 52.41340522 ], [ 13.47228227, 52.41358561 ] ] ] } },
{ "type": "Feature", "properties": { "id": "versorggruen_2020.1400830611000200", "styp_id": "1400830611000200", "sst_name": "niedrige Bebauung mit Hausgärten", "voeff_name": "nicht versorgter Bereich", "vpriv_name": "hoch: aufgelockerte Siedlungsbebauung", "versorg_sst": 10, "esst_name": "Low buildings with yards", "evoeff_name": "no availability", "evpriv_name": "high: loose settlement development" }, "geometry": { "type": "Polygon", "coordinates": [ [ [ 13.4738496, 52.41481677 ], [ 13.47385349, 52.41481164 ], [ 13.47395927, 52.41482346 ], [ 13.47410674, 52.41467717 ], [ 13.47438663, 52.41448971 ], [ 13.47298063, 52.41308237 ], [ 13.47266257, 52.41326079 ], [ 13.47246954, 52.41340522 ], [ 13.4738496, 52.41481677 ] ] ] } },
{ "type": "Feature", "properties": { "id": "versorggruen_2020.1400830621000100", "styp_id": "1400830621000100", "sst_name": "niedrige Bebauung mit Hausgärten", "voeff_name": "schlecht versorgter Bereich", "vpriv_name": "hoch: aufgelockerte Siedlungsbebauung", "versorg_sst": 7, "esst_name": "Low buildings with yards", "evoeff_name": "poor availability", "evpriv_name": "high: loose settlement development" }, "geometry": { "type": "Polygon", "coordinates": [ [ [ 13.47340589, 52.41886225 ], [ 13.4742543, 52.41748929 ], [ 13.4745687, 52.41709877 ], [ 13.474837, 52.41686547 ], [ 13.47515227, 52.41665109 ], [ 13.47551889, 52.41645834 ], [ 13.47395696, 52.41490506 ], [ 13.4738276, 52.41507312 ], [ 13.47327624, 52.41598635 ], [ 13.4737843, 52.41611821 ], [ 13.47390657, 52.41603749 ], [ 13.4742161, 52.41620504 ], [ 13.47408793, 52.41629474 ], [ 13.47375627, 52.41614963 ], [ 13.47331275, 52.4160511 ], [ 13.47322891, 52.41606987 ], [ 13.47218703, 52.41770678 ], [ 13.47215435, 52.41780649 ], [ 13.47214463, 52.41806529 ], [ 13.47218396, 52.41816599 ], [ 13.47276762, 52.41812272 ], [ 13.47273216, 52.41817659 ], [ 13.47211472, 52.41821084 ], [ 13.47192774, 52.41829956 ], [ 13.47197262, 52.4189161 ], [ 13.47340589, 52.41886225 ] ] ] } },
{ "type": "Feature", "properties": { "id": "versorggruen_2020.1400830621000200", "styp_id": "1400830621000200", "sst_name": "Bebauung mit überwiegender Nutzung durch Gemeinbedarf und Sondernutzung, Verkehrsflächen ohne Straßen", "voeff_name": "schlecht versorgter Bereich", "vpriv_name": "mittel: Zeilen oder kompakte Siedlung", "versorg_sst": 8, "esst_name": "Development with predominantly public and special use or non-street traffic area", "evoeff_name": "poor availability", "evpriv_name": "medium: row development or compact settlement" }, "geometry": { "type": "Polygon", "coordinates": [ [ [ 13.47551889, 52.41645834 ], [ 13.47612669, 52.41622547 ], [ 13.47442177, 52.4145275 ], [ 13.47414333, 52.41472215 ], [ 13.47395696, 52.41490506 ], [ 13.47551889, 52.41645834 ] ] ] } },
{ "type": "Feature", "properties": { "id": "versorggruen_2020.1400830631000000", "styp_id": "1400830631000000", "sst_name": "niedrige Bebauung mit Hausgärten", "voeff_name": "schlecht versorgter Bereich", "vpriv_name": "hoch: aufgelockerte Siedlungsbebauung", "versorg_sst": 7, "esst_name": "Low buildings with yards", "evoeff_name": "poor availability", "evpriv_name": "high: loose settlement development" }, "geometry": { "type": "Polygon", "coordinates": [ [ [ 13.47474952, 52.41708912 ], [ 13.47437164, 52.41755774 ], [ 13.4736209, 52.41873942 ], [ 13.47374398, 52.41885191 ], [ 13.47425555, 52.4188319 ], [ 13.47453637, 52.4188062 ], [ 13.47506729, 52.41871432 ], [ 13.4753806, 52.41864552 ], [ 13.47576314, 52.41853098 ], [ 13.47635177, 52.41832414 ], [ 13.47504225, 52.41701581 ], [ 13.47483354, 52.41701913 ], [ 13.47474952, 52.41708912 ] ] ] } },
{ "type": "Feature", "properties": { "id": "versorggruen_2020.1400830641000100", "styp_id": "1400830641000100", "sst_name": "niedrige Bebauung mit Hausgärten", "voeff_name": "schlecht versorgter Bereich", "vpriv_name": "hoch: aufgelockerte Siedlungsbebauung", "versorg_sst": 7, "esst_name": "Low buildings with yards", "evoeff_name": "poor availability", "evpriv_name": "high: loose settlement development" }, "geometry": { "type": "Polygon", "coordinates": [ [ [ 13.47645627, 52.41828294 ], [ 13.47712311, 52.41804851 ], [ 13.47560227, 52.41652987 ], [ 13.47529766, 52.41668273 ], [ 13.4750531, 52.41685316 ], [ 13.47645627, 52.41828294 ] ] ] } },
{ "type": "Feature", "properties": { "id": "versorggruen_2020.1400830641000200", "styp_id": "1400830641000200", "sst_name": "niedrige Bebauung mit Hausgärten", "voeff_name": "schlecht versorgter Bereich", "vpriv_name": "hoch: aufgelockerte Siedlungsbebauung", "versorg_sst": 7, "esst_name": "Low buildings with yards", "evoeff_name": "poor availability", "evpriv_name": "high: loose settlement development" }, "geometry": { "type": "Polygon", "coordinates": [ [ [ 13.47712311, 52.41804851 ], [ 13.47772474, 52.41783701 ], [ 13.47620433, 52.41630195 ], [ 13.47560227, 52.41652987 ], [ 13.47712311, 52.41804851 ] ] ] } },
{ "type": "Feature", "properties": { "id": "versorggruen_2020.1400830651000000", "styp_id": "1400830651000000", "sst_name": "niedrige Bebauung mit Hausgärten", "voeff_name": "schlecht versorgter Bereich", "vpriv_name": "hoch: aufgelockerte Siedlungsbebauung", "versorg_sst": 7, "esst_name": "Low buildings with yards", "evoeff_name": "poor availability", "evpriv_name": "high: loose settlement development" }, "geometry": { "type": "Polygon", "coordinates": [ [ [ 13.47471289, 52.41962062 ], [ 13.4748908, 52.41960287 ], [ 13.47521871, 52.41956465 ], [ 13.4756717, 52.41948435 ], [ 13.47597622, 52.41940656 ], [ 13.47625578, 52.41931974 ], [ 13.47841903, 52.41854962 ], [ 13.47782578, 52.41794767 ], [ 13.47587151, 52.41864705 ], [ 13.47545074, 52.41876424 ], [ 13.47511387, 52.41884828 ], [ 13.47486532, 52.418892 ], [ 13.47427421, 52.41896133 ], [ 13.47376114, 52.41898943 ], [ 13.47384697, 52.41967163 ], [ 13.47471289, 52.41962062 ] ] ] } },
{ "type": "Feature", "properties": { "id": "versorggruen_2020.1400830671000000", "styp_id": "1400830671000000", "sst_name": "niedrige Bebauung mit Hausgärten", "voeff_name": "versorgter Bereich", "vpriv_name": "hoch: aufgelockerte Siedlungsbebauung", "versorg_sst": 1, "esst_name": "Low buildings with yards", "evoeff_name": "good availability", "evpriv_name": "high: loose settlement development" }, "geometry": { "type": "Polygon", "coordinates": [ [ [ 13.47952829, 52.41912346 ], [ 13.47994869, 52.41955714 ], [ 13.48055683, 52.42011596 ], [ 13.48089397, 52.42039676 ], [ 13.48163811, 52.4209753 ], [ 13.48271521, 52.42037833 ], [ 13.4823325, 52.42009298 ], [ 13.48168893, 52.41957546 ], [ 13.48139141, 52.41931269 ], [ 13.48075708, 52.41867655 ], [ 13.47952829, 52.41912346 ] ] ] } },
{ "type": "Feature", "properties": { "id": "versorggruen_2020.1400830681000000", "styp_id": "1400830681000000", "sst_name": "niedrige Bebauung mit Hausgärten", "voeff_name": "versorgter Bereich", "vpriv_name": "hoch: aufgelockerte Siedlungsbebauung", "versorg_sst": 1, "esst_name": "Low buildings with yards", "evoeff_name": "good availability", "evpriv_name": "high: loose settlement development" }, "geometry": { "type": "Polygon", "coordinates": [ [ [ 13.48172529, 52.42103674 ], [ 13.48358594, 52.42247148 ], [ 13.48485343, 52.42186051 ], [ 13.48283254, 52.42045576 ], [ 13.48172529, 52.42103674 ] ] ] } },
{ "type": "Feature", "properties": { "id": "versorggruen_2020.1400830691000000", "styp_id": "1400830691000000", "sst_name": "niedrige Bebauung mit Hausgärten", "voeff_name": "nicht versorgter Bereich", "vpriv_name": "hoch: aufgelockerte Siedlungsbebauung", "versorg_sst": 10, "esst_name": "Low buildings with yards", "evoeff_name": "no availability", "evpriv_name": "high: loose settlement development" }, "geometry": { "type": "Polygon", "coordinates": [ [ [ 13.48367552, 52.42253884 ], [ 13.48440995, 52.42310236 ], [ 13.48587348, 52.42237843 ], [ 13.48493962, 52.42192261 ], [ 13.48367552, 52.42253884 ] ] ] } },
{ "type": "Feature", "properties": { "id": "versorggruen_2020.1400830701000000", "styp_id": "1400830701000000", "sst_name": "niedrige Bebauung mit Hausgärten", "voeff_name": "nicht versorgter Bereich", "vpriv_name": "hoch: aufgelockerte Siedlungsbebauung", "versorg_sst": 10, "esst_name": "Low buildings with yards", "evoeff_name": "no availability", "evpriv_name": "high: loose settlement development" }, "geometry": { "type": "Polygon", "coordinates": [ [ [ 13.48552273, 52.4238402 ], [ 13.48681863, 52.42283196 ], [ 13.48600851, 52.4224406 ], [ 13.48578469, 52.4225586 ], [ 13.48536512, 52.4227603 ], [ 13.48451109, 52.42318975 ], [ 13.48536679, 52.42384153 ], [ 13.48552273, 52.4238402 ] ] ] } },
{ "type": "Feature", "properties": { "id": "versorggruen_2020.1400830721000000", "styp_id": "1400830721000000", "sst_name": "niedrige Bebauung mit Hausgärten", "voeff_name": "nicht versorgter Bereich", "vpriv_name": "hoch: aufgelockerte Siedlungsbebauung", "versorg_sst": 10, "esst_name": "Low buildings with yards", "evoeff_name": "no availability", "evpriv_name": "high: loose settlement development" }, "geometry": { "type": "Polygon", "coordinates": [ [ [ 13.48819592, 52.42601432 ], [ 13.4884466, 52.42590029 ], [ 13.4884688, 52.42585268 ], [ 13.48856156, 52.42580606 ], [ 13.48862476, 52.42580973 ], [ 13.48917539, 52.42554257 ], [ 13.48817966, 52.42476765 ], [ 13.48806048, 52.42433436 ], [ 13.48651723, 52.42471717 ], [ 13.48819592, 52.42601432 ] ] ] } },
{ "type": "Feature", "properties": { "id": "versorggruen_2020.1400830731000000", "styp_id": "1400830731000000", "sst_name": "niedrige Bebauung mit Hausgärten", "voeff_name": "nicht versorgter Bereich", "vpriv_name": "hoch: aufgelockerte Siedlungsbebauung", "versorg_sst": 10, "esst_name": "Low buildings with yards", "evoeff_name": "no availability", "evpriv_name": "high: loose settlement development" }, "geometry": { "type": "Polygon", "coordinates": [ [ [ 13.49018207, 52.42754327 ], [ 13.49033945, 52.42751649 ], [ 13.49063177, 52.42568355 ], [ 13.4893266, 52.42560745 ], [ 13.48873918, 52.42588625 ], [ 13.48871546, 52.42594913 ], [ 13.48865069, 52.42597781 ], [ 13.48853895, 52.42598397 ], [ 13.48830662, 52.4261019 ], [ 13.49018207, 52.42754327 ] ] ] } },
{ "type": "Feature", "properties": { "id": "versorggruen_2020.1400830741000000", "styp_id": "1400830741000000", "sst_name": "niedrige Bebauung mit Hausgärten", "voeff_name": "nicht versorgter Bereich", "vpriv_name": "hoch: aufgelockerte Siedlungsbebauung", "versorg_sst": 10, "esst_name": "Low buildings with yards", "evoeff_name": "no availability", "evpriv_name": "high: loose settlement development" }, "geometry": { "type": "Polygon", "coordinates": [ [ [ 13.49075257, 52.42798966 ], [ 13.49137977, 52.42768573 ], [ 13.49139029, 52.42761026 ], [ 13.49145362, 52.42757438 ], [ 13.49151103, 52.42754929 ], [ 13.49162564, 52.42756739 ], [ 13.493246, 52.42682107 ], [ 13.49341252, 52.42582326 ], [ 13.49100667, 52.4256723 ], [ 13.49063527, 52.42788708 ], [ 13.49075257, 52.42798966 ] ] ] } },
{ "type": "Feature", "properties": { "id": "versorggruen_2020.1400830751000000", "styp_id": "1400830751000000", "sst_name": "niedrige Bebauung mit Hausgärten", "voeff_name": "nicht versorgter Bereich", "vpriv_name": "hoch: aufgelockerte Siedlungsbebauung", "versorg_sst": 10, "esst_name": "Low buildings with yards", "evoeff_name": "no availability", "evpriv_name": "high: loose settlement development" }, "geometry": { "type": "Polygon", "coordinates": [ [ [ 13.49150354, 52.42855578 ], [ 13.49187175, 52.42881592 ], [ 13.49232522, 52.42859716 ], [ 13.49232839, 52.42852168 ], [ 13.4924756, 52.42845714 ], [ 13.49262851, 52.42845282 ], [ 13.49443633, 52.42762089 ], [ 13.49473468, 52.42765178 ], [ 13.49494847, 52.42694747 ], [ 13.49357289, 52.42680574 ], [ 13.49172389, 52.42764928 ], [ 13.49170454, 52.42772834 ], [ 13.49158382, 52.42778213 ], [ 13.4914986, 52.42776675 ], [ 13.49088609, 52.42807339 ], [ 13.49150354, 52.42855578 ] ] ] } },
{ "type": "Feature", "properties": { "id": "versorggruen_2020.1400830761000100", "styp_id": "1400830761000100", "sst_name": "niedrige Bebauung mit Hausgärten", "voeff_name": "nicht versorgter Bereich", "vpriv_name": "hoch: aufgelockerte Siedlungsbebauung", "versorg_sst": 10, "esst_name": "Low buildings with yards", "evoeff_name": "no availability", "evpriv_name": "high: loose settlement development" }, "geometry": { "type": "Polygon", "coordinates": [ [ [ 13.49342093, 52.42911703 ], [ 13.4934963, 52.42928607 ], [ 13.49333386, 52.42923619 ], [ 13.49319296, 52.42922941 ], [ 13.49317101, 52.42932214 ], [ 13.49360951, 52.43005032 ], [ 13.49412073, 52.42942416 ], [ 13.49423009, 52.42923287 ], [ 13.49434431, 52.4288942 ], [ 13.4946873, 52.42776137 ], [ 13.49447864, 52.42773148 ], [ 13.49271792, 52.42854279 ], [ 13.49342093, 52.42911703 ] ] ] } },
{ "type": "Feature", "properties": { "id": "versorggruen_2020.1400830761000200", "styp_id": "1400830761000200", "sst_name": "geringe Bebauung mit überwiegender Nutzung durch Gewerbe und Industrie", "voeff_name": "nicht versorgter Bereich", "vpriv_name": "gering: Blockrandbebauung", "versorg_sst": 12, "esst_name": "Sparse development with predominantly commercial and industrial use", "evoeff_name": "no availability", "evpriv_name": "low: Wilhelminian-period block-edge development" }, "geometry": { "type": "Polygon", "coordinates": [ [ [ 13.49355409, 52.4301182 ], [ 13.49360951, 52.43005032 ], [ 13.49317101, 52.42932214 ], [ 13.49319296, 52.42922941 ], [ 13.49333386, 52.42923619 ], [ 13.4934963, 52.42928607 ], [ 13.49342093, 52.42911703 ], [ 13.49271792, 52.42854279 ], [ 13.49268829, 52.42861554 ], [ 13.4925484, 52.42868998 ], [ 13.49243083, 52.42867636 ], [ 13.49197435, 52.42891759 ], [ 13.49355409, 52.4301182 ] ] ] } },
{ "type": "Feature", "properties": { "id": "versorggruen_2020.1400830771000000", "styp_id": "1400830771000000", "sst_name": "niedrige Bebauung mit Hausgärten", "voeff_name": "nicht versorgter Bereich", "vpriv_name": "hoch: aufgelockerte Siedlungsbebauung", "versorg_sst": 10, "esst_name": "Low buildings with yards", "evoeff_name": "no availability", "evpriv_name": "high: loose settlement development" }, "geometry": { "type": "Polygon", "coordinates": [ [ [ 13.49672112, 52.42815072 ], [ 13.49525269, 52.42697746 ], [ 13.49463786, 52.42906646 ], [ 13.49672112, 52.42815072 ] ] ] } },
{ "type": "Feature", "properties": { "id": "versorggruen_2020.1400830821000000", "styp_id": "1400830821000000", "sst_name": "niedrige Bebauung mit Hausgärten", "voeff_name": "nicht versorgter Bereich", "vpriv_name": "hoch: aufgelockerte Siedlungsbebauung", "versorg_sst": 10, "esst_name": "Low buildings with yards", "evoeff_name": "no availability", "evpriv_name": "high: loose settlement development" }, "geometry": { "type": "Polygon", "coordinates": [ [ [ 13.49749999, 52.42863977 ], [ 13.49758806, 52.4286866 ], [ 13.49770854, 52.4287065 ], [ 13.49781294, 52.42870752 ], [ 13.49802486, 52.42862687 ], [ 13.49890521, 52.42821354 ], [ 13.49925403, 52.42807013 ], [ 13.49952794, 52.42791675 ], [ 13.50065031, 52.42722978 ], [ 13.49970388, 52.4266451 ], [ 13.49815408, 52.42767442 ], [ 13.4976674, 52.42792947 ], [ 13.49700721, 52.42822983 ], [ 13.49749999, 52.42863977 ] ] ] } },
{ "type": "Feature", "properties": { "id": "versorggruen_2020.1400830831000000", "styp_id": "1400830831000000", "sst_name": "niedrige Bebauung mit Hausgärten", "voeff_name": "nicht versorgter Bereich", "vpriv_name": "hoch: aufgelockerte Siedlungsbebauung", "versorg_sst": 10, "esst_name": "Low buildings with yards", "evoeff_name": "no availability", "evpriv_name": "high: loose settlement development" }, "geometry": { "type": "Polygon", "coordinates": [ [ [ 13.49527506, 52.42687055 ], [ 13.49683902, 52.42810084 ], [ 13.49749233, 52.42780905 ], [ 13.49793264, 52.42757642 ], [ 13.4985072, 52.42720623 ], [ 13.49725339, 52.42649807 ], [ 13.49691757, 52.42622442 ], [ 13.49667615, 52.4259298 ], [ 13.49619302, 52.425975 ], [ 13.49555639, 52.42596236 ], [ 13.49527506, 52.42687055 ] ] ] } },
{ "type": "Feature", "properties": { "id": "versorggruen_2020.1400830841000000", "styp_id": "1400830841000000", "sst_name": "niedrige Bebauung mit Hausgärten", "voeff_name": "nicht versorgter Bereich", "vpriv_name": "hoch: aufgelockerte Siedlungsbebauung", "versorg_sst": 10, "esst_name": "Low buildings with yards", "evoeff_name": "no availability", "evpriv_name": "high: loose settlement development" }, "geometry": { "type": "Polygon", "coordinates": [ [ [ 13.49522494, 52.42592779 ], [ 13.49355524, 52.42583453 ], [ 13.49341508, 52.42669592 ], [ 13.49495903, 52.42685941 ], [ 13.49522494, 52.42592779 ] ] ] } },
{ "type": "Feature", "properties": { "id": "versorggruen_2020.1400830851000000", "styp_id": "1400830851000000", "sst_name": "niedrige Bebauung mit Hausgärten", "voeff_name": "nicht versorgter Bereich", "vpriv_name": "hoch: aufgelockerte Siedlungsbebauung", "versorg_sst": 10, "esst_name": "Low buildings with yards", "evoeff_name": "no availability", "evpriv_name": "high: loose settlement development" }, "geometry": { "type": "Polygon", "coordinates": [ [ [ 13.49524135, 52.42584783 ], [ 13.49533647, 52.42549745 ], [ 13.49536789, 52.42531416 ], [ 13.49537864, 52.4251596 ], [ 13.49535914, 52.42479742 ], [ 13.49113286, 52.42478905 ], [ 13.491004, 52.42558243 ], [ 13.49524135, 52.42584783 ] ] ] } },
{ "type": "Feature", "properties": { "id": "versorggruen_2020.1400830861000000", "styp_id": "1400830861000000", "sst_name": "niedrige Bebauung mit Hausgärten", "voeff_name": "nicht versorgter Bereich", "vpriv_name": "hoch: aufgelockerte Siedlungsbebauung", "versorg_sst": 10, "esst_name": "Low buildings with yards", "evoeff_name": "no availability", "evpriv_name": "high: loose settlement development" }, "geometry": { "type": "Polygon", "coordinates": [ [ [ 13.48835184, 52.42470675 ], [ 13.48936666, 52.42549067 ], [ 13.49065417, 52.42556944 ], [ 13.49090447, 52.42400695 ], [ 13.48822975, 52.42426042 ], [ 13.48835184, 52.42470675 ] ] ] } },
{ "type": "Feature", "properties": { "id": "versorggruen_2020.1400830871000000", "styp_id": "1400830871000000", "sst_name": "niedrige Bebauung mit Hausgärten", "voeff_name": "nicht versorgter Bereich", "vpriv_name": "hoch: aufgelockerte Siedlungsbebauung", "versorg_sst": 10, "esst_name": "Low buildings with yards", "evoeff_name": "no availability", "evpriv_name": "high: loose settlement development" }, "geometry": { "type": "Polygon", "coordinates": [ [ [ 13.49094784, 52.42376616 ], [ 13.49070618, 52.42297861 ], [ 13.48794269, 52.42323709 ], [ 13.4881658, 52.42403869 ], [ 13.49094784, 52.42376616 ] ] ] } },
{ "type": "Feature", "properties": { "id": "versorggruen_2020.1400830881000000", "styp_id": "1400830881000000", "sst_name": "niedrige Bebauung mit Hausgärten", "voeff_name": "nicht versorgter Bereich", "vpriv_name": "hoch: aufgelockerte Siedlungsbebauung", "versorg_sst": 10, "esst_name": "Low buildings with yards", "evoeff_name": "no availability", "evpriv_name": "high: loose settlement development" }, "geometry": { "type": "Polygon", "coordinates": [ [ [ 13.48792951, 52.42315247 ], [ 13.49067138, 52.42289664 ], [ 13.48989922, 52.42142416 ], [ 13.48855143, 52.42199391 ], [ 13.48740066, 52.42289695 ], [ 13.48792951, 52.42315247 ] ] ] } },
{ "type": "Feature", "properties": { "id": "versorggruen_2020.1400830891000000", "styp_id": "1400830891000000", "sst_name": "Zeilenbebauung seit den 50er Jahren", "voeff_name": "nicht versorgter Bereich", "vpriv_name": "mittel: Zeilen oder kompakte Siedlung", "versorg_sst": 11, "esst_name": "Row development since the 1950s", "evoeff_name": "no availability", "evpriv_name": "medium: row development or compact settlement" }, "geometry": { "type": "Polygon", "coordinates": [ [ [ 13.48723715, 52.42251179 ], [ 13.48781295, 52.42199262 ], [ 13.48812032, 52.4216591 ], [ 13.48838893, 52.42131163 ], [ 13.48888946, 52.42071556 ], [ 13.48886637, 52.42064907 ], [ 13.48760801, 52.4200382 ], [ 13.4872355, 52.42070727 ], [ 13.48711456, 52.42083563 ], [ 13.48639266, 52.42212414 ], [ 13.48629836, 52.42224804 ], [ 13.48615523, 52.42236958 ], [ 13.48687158, 52.42271949 ], [ 13.48698054, 52.42271044 ], [ 13.48723715, 52.42251179 ] ] ] } },
{ "type": "Feature", "properties": { "id": "versorggruen_2020.1400830901000000", "styp_id": "1400830901000000", "sst_name": "niedrige Bebauung mit Hausgärten", "voeff_name": "nicht versorgter Bereich", "vpriv_name": "hoch: aufgelockerte Siedlungsbebauung", "versorg_sst": 10, "esst_name": "Low buildings with yards", "evoeff_name": "no availability", "evpriv_name": "high: loose settlement development" }, "geometry": { "type": "Polygon", "coordinates": [ [ [ 13.48697382, 52.4188593 ], [ 13.48682943, 52.41896967 ], [ 13.48501873, 52.42185382 ], [ 13.48599386, 52.42232346 ], [ 13.48622418, 52.42210709 ], [ 13.48753348, 52.41990062 ], [ 13.488172, 52.41933503 ], [ 13.48707523, 52.41886122 ], [ 13.48697382, 52.4188593 ] ] ] } },
{ "type": "Feature", "properties": { "id": "versorggruen_2020.1400830911000000", "styp_id": "1400830911000000", "sst_name": "niedrige Bebauung mit Hausgärten", "voeff_name": "versorgter Bereich", "vpriv_name": "hoch: aufgelockerte Siedlungsbebauung", "versorg_sst": 1, "esst_name": "Low buildings with yards", "evoeff_name": "good availability", "evpriv_name": "high: loose settlement development" }, "geometry": { "type": "Polygon", "coordinates": [ [ [ 13.48528129, 52.41909723 ], [ 13.48448015, 52.41957885 ], [ 13.48295179, 52.42040019 ], [ 13.48491757, 52.42177332 ], [ 13.48678878, 52.41880876 ], [ 13.48675818, 52.41872604 ], [ 13.48619309, 52.41847824 ], [ 13.48528129, 52.41909723 ] ] ] } },
{ "type": "Feature", "properties": { "id": "versorggruen_2020.1400830921000000", "styp_id": "1400830921000000", "sst_name": "niedrige Bebauung mit Hausgärten", "voeff_name": "versorgter Bereich", "vpriv_name": "hoch: aufgelockerte Siedlungsbebauung", "versorg_sst": 1, "esst_name": "Low buildings with yards", "evoeff_name": "good availability", "evpriv_name": "high: loose settlement development" }, "geometry": { "type": "Polygon", "coordinates": [ [ [ 13.48421772, 52.4184588 ], [ 13.48362448, 52.41874116 ], [ 13.48268252, 52.41913274 ], [ 13.48174805, 52.41947488 ], [ 13.48211303, 52.41978357 ], [ 13.48245026, 52.420041 ], [ 13.48284034, 52.42031827 ], [ 13.48411981, 52.41965121 ], [ 13.48505931, 52.41910865 ], [ 13.48607418, 52.41843137 ], [ 13.48560898, 52.41820075 ], [ 13.48518652, 52.41793963 ], [ 13.48421772, 52.4184588 ] ] ] } },
{ "type": "Feature", "properties": { "id": "versorggruen_2020.1400830931000000", "styp_id": "1400830931000000", "sst_name": "niedrige Bebauung mit Hausgärten", "voeff_name": "versorgter Bereich", "vpriv_name": "hoch: aufgelockerte Siedlungsbebauung", "versorg_sst": 1, "esst_name": "Low buildings with yards", "evoeff_name": "good availability", "evpriv_name": "high: loose settlement development" }, "geometry": { "type": "Polygon", "coordinates": [ [ [ 13.48140072, 52.41916532 ], [ 13.48165276, 52.41940108 ], [ 13.4826225, 52.41905718 ], [ 13.48304491, 52.41888335 ], [ 13.48381765, 52.41854638 ], [ 13.48412386, 52.41839578 ], [ 13.48507355, 52.41787749 ], [ 13.48442706, 52.41735279 ], [ 13.48088067, 52.41863626 ], [ 13.48140072, 52.41916532 ] ] ] } },
{ "type": "Feature", "properties": { "id": "versorggruen_2020.1400830941000100", "styp_id": "1400830941000100", "sst_name": "niedrige Bebauung mit Hausgärten", "voeff_name": "versorgter Bereich", "vpriv_name": "hoch: aufgelockerte Siedlungsbebauung", "versorg_sst": 1, "esst_name": "Low buildings with yards", "evoeff_name": "good availability", "evpriv_name": "high: loose settlement development" }, "geometry": { "type": "Polygon", "coordinates": [ [ [ 13.47945355, 52.41905687 ], [ 13.48309842, 52.41773937 ], [ 13.4820965, 52.41746894 ], [ 13.48342937, 52.41698744 ], [ 13.48340987, 52.41702202 ], [ 13.48384677, 52.41746884 ], [ 13.48433466, 52.41729247 ], [ 13.48368829, 52.41673541 ], [ 13.48181804, 52.41740534 ], [ 13.48188413, 52.4174207 ], [ 13.47889981, 52.41850439 ], [ 13.47945355, 52.41905687 ] ] ] } },
{ "type": "Feature", "properties": { "id": "versorggruen_2020.1400830951000100", "styp_id": "1400830951000100", "sst_name": "niedrige Bebauung mit Hausgärten", "voeff_name": "versorgter Bereich", "vpriv_name": "hoch: aufgelockerte Siedlungsbebauung", "versorg_sst": 1, "esst_name": "Low buildings with yards", "evoeff_name": "good availability", "evpriv_name": "high: loose settlement development" }, "geometry": { "type": "Polygon", "coordinates": [ [ [ 13.47880898, 52.41841441 ], [ 13.48166968, 52.41737448 ], [ 13.48043653, 52.41704904 ], [ 13.47824944, 52.41784126 ], [ 13.47880898, 52.41841441 ] ] ] } },
{ "type": "Feature", "properties": { "id": "versorggruen_2020.1400830961000000", "styp_id": "1400830961000000", "sst_name": "niedrige Bebauung mit Hausgärten", "voeff_name": "versorgter Bereich", "vpriv_name": "hoch: aufgelockerte Siedlungsbebauung", "versorg_sst": 1, "esst_name": "Low buildings with yards", "evoeff_name": "good availability", "evpriv_name": "high: loose settlement development" }, "geometry": { "type": "Polygon", "coordinates": [ [ [ 13.47812208, 52.41768743 ], [ 13.48000421, 52.4170032 ], [ 13.48132266, 52.41653392 ], [ 13.48101785, 52.41626125 ], [ 13.48062034, 52.41602171 ], [ 13.48040172, 52.41591091 ], [ 13.48014781, 52.41580455 ], [ 13.47964132, 52.41563587 ], [ 13.47944812, 52.41583514 ], [ 13.47923287, 52.41603707 ], [ 13.47905605, 52.41617165 ], [ 13.47887045, 52.41629633 ], [ 13.47838893, 52.41656802 ], [ 13.47813129, 52.41669621 ], [ 13.47739987, 52.41698017 ], [ 13.47812208, 52.41768743 ] ] ] } },
{ "type": "Feature", "properties": { "id": "versorggruen_2020.1400830971000000", "styp_id": "1400830971000000", "sst_name": "niedrige Bebauung mit Hausgärten", "voeff_name": "versorgter Bereich", "vpriv_name": "hoch: aufgelockerte Siedlungsbebauung", "versorg_sst": 1, "esst_name": "Low buildings with yards", "evoeff_name": "good availability", "evpriv_name": "high: loose settlement development" }, "geometry": { "type": "Polygon", "coordinates": [ [ [ 13.47795357, 52.41666094 ], [ 13.47856152, 52.41637952 ], [ 13.47902853, 52.41605029 ], [ 13.47921276, 52.41589595 ], [ 13.47939118, 52.41572004 ], [ 13.47964512, 52.41537706 ], [ 13.48017538, 52.4145797 ], [ 13.47883186, 52.41421137 ], [ 13.47840784, 52.41487316 ], [ 13.47816422, 52.41520896 ], [ 13.47779711, 52.41555088 ], [ 13.47751134, 52.41574104 ], [ 13.47721244, 52.41590332 ], [ 13.47658842, 52.41615596 ], [ 13.47733105, 52.41690459 ], [ 13.47795357, 52.41666094 ] ] ] } },
{ "type": "Feature", "properties": { "id": "versorggruen_2020.1400830981000000", "styp_id": "1400830981000000", "sst_name": "niedrige Bebauung mit Hausgärten", "voeff_name": "versorgter Bereich", "vpriv_name": "hoch: aufgelockerte Siedlungsbebauung", "versorg_sst": 1, "esst_name": "Low buildings with yards", "evoeff_name": "good availability", "evpriv_name": "high: loose settlement development" }, "geometry": { "type": "Polygon", "coordinates": [ [ [ 13.47702086, 52.41432143 ], [ 13.4768717, 52.41453332 ], [ 13.47670209, 52.41471015 ], [ 13.4765134, 52.41487796 ], [ 13.47635721, 52.41499638 ], [ 13.47607603, 52.41513352 ], [ 13.47570662, 52.41528492 ], [ 13.47650931, 52.41608127 ], [ 13.47699788, 52.41589856 ], [ 13.47730999, 52.41574169 ], [ 13.47758391, 52.41557848 ], [ 13.47774746, 52.41545467 ], [ 13.47803939, 52.41518004 ], [ 13.47817665, 52.41500767 ], [ 13.47828309, 52.41482178 ], [ 13.4787144, 52.41417708 ], [ 13.47735179, 52.4138114 ], [ 13.47702086, 52.41432143 ] ] ] } },
{ "type": "Feature", "properties": { "id": "versorggruen_2020.1400830991000000", "styp_id": "1400830991000000", "sst_name": "niedrige Bebauung mit Hausgärten", "voeff_name": "nicht versorgter Bereich", "vpriv_name": "hoch: aufgelockerte Siedlungsbebauung", "versorg_sst": 10, "esst_name": "Low buildings with yards", "evoeff_name": "no availability", "evpriv_name": "high: loose settlement development" }, "geometry": { "type": "Polygon", "coordinates": [ [ [ 13.47563339, 52.41521114 ], [ 13.47611322, 52.41500236 ], [ 13.47639306, 52.41482568 ], [ 13.47658171, 52.41467045 ], [ 13.47674251, 52.41449362 ], [ 13.47689603, 52.41429251 ], [ 13.47723286, 52.413778 ], [ 13.4758835, 52.41341143 ], [ 13.47564108, 52.41381911 ], [ 13.47552309, 52.41394298 ], [ 13.47537569, 52.4140686 ], [ 13.47510024, 52.41424978 ], [ 13.4748014, 52.41439408 ], [ 13.47563339, 52.41521114 ] ] ] } },
{ "type": "Feature", "properties": { "id": "versorggruen_2020.1400831021000000", "styp_id": "1400831021000000", "sst_name": "niedrige Bebauung mit Hausgärten", "voeff_name": "nicht versorgter Bereich", "vpriv_name": "hoch: aufgelockerte Siedlungsbebauung", "versorg_sst": 10, "esst_name": "Low buildings with yards", "evoeff_name": "no availability", "evpriv_name": "high: loose settlement development" }, "geometry": { "type": "Polygon", "coordinates": [ [ [ 13.47361293, 52.41170733 ], [ 13.4745453, 52.41236906 ], [ 13.47478169, 52.41243317 ], [ 13.47560452, 52.41118867 ], [ 13.47392226, 52.41107507 ], [ 13.47361293, 52.41170733 ] ] ] } },
{ "type": "Feature", "properties": { "id": "versorggruen_2020.1400831031000000", "styp_id": "1400831031000000", "sst_name": "niedrige Bebauung mit Hausgärten", "voeff_name": "nicht versorgter Bereich", "vpriv_name": "hoch: aufgelockerte Siedlungsbebauung", "versorg_sst": 10, "esst_name": "Low buildings with yards", "evoeff_name": "no availability", "evpriv_name": "high: loose settlement development" }, "geometry": { "type": "Polygon", "coordinates": [ [ [ 13.47524491, 52.41277705 ], [ 13.47602911, 52.41294431 ], [ 13.4769898, 52.41134141 ], [ 13.47633473, 52.41123723 ], [ 13.47573674, 52.41119872 ], [ 13.47540328, 52.41159101 ], [ 13.4751344, 52.41200316 ], [ 13.47481067, 52.41255273 ], [ 13.47524491, 52.41277705 ] ] ] } },
{ "type": "Feature", "properties": { "id": "versorggruen_2020.1400831041000000", "styp_id": "1400831041000000", "sst_name": "niedrige Bebauung mit Hausgärten", "voeff_name": "nicht versorgter Bereich", "vpriv_name": "hoch: aufgelockerte Siedlungsbebauung", "versorg_sst": 10, "esst_name": "Low buildings with yards", "evoeff_name": "no availability", "evpriv_name": "high: loose settlement development" }, "geometry": { "type": "Polygon", "coordinates": [ [ [ 13.47597653, 52.41328034 ], [ 13.47731564, 52.41363612 ], [ 13.47823761, 52.41217515 ], [ 13.47689874, 52.41175827 ], [ 13.47597653, 52.41328034 ] ] ] } },
{ "type": "Feature", "properties": { "id": "versorggruen_2020.1400831051000000", "styp_id": "1400831051000000", "sst_name": "niedrige Bebauung mit Hausgärten", "voeff_name": "versorgter Bereich", "vpriv_name": "hoch: aufgelockerte Siedlungsbebauung", "versorg_sst": 1, "esst_name": "Low buildings with yards", "evoeff_name": "good availability", "evpriv_name": "high: loose settlement development" }, "geometry": { "type": "Polygon", "coordinates": [ [ [ 13.47878689, 52.41403518 ], [ 13.47970567, 52.412638 ], [ 13.47836826, 52.41221575 ], [ 13.47743016, 52.41367041 ], [ 13.47878689, 52.41403518 ] ] ] } },
{ "type": "Feature", "properties": { "id": "versorggruen_2020.1400831061000000", "styp_id": "1400831061000000", "sst_name": "niedrige Bebauung mit Hausgärten", "voeff_name": "versorgter Bereich", "vpriv_name": "hoch: aufgelockerte Siedlungsbebauung", "versorg_sst": 1, "esst_name": "Low buildings with yards", "evoeff_name": "good availability", "evpriv_name": "high: loose settlement development" }, "geometry": { "type": "Polygon", "coordinates": [ [ [ 13.48025378, 52.41442792 ], [ 13.48113263, 52.41309359 ], [ 13.47983044, 52.41268129 ], [ 13.47891609, 52.41407488 ], [ 13.48025378, 52.41442792 ] ] ] } },
{ "type": "Feature", "properties": { "id": "versorggruen_2020.1400831071000000", "styp_id": "1400831071000000", "sst_name": "niedrige Bebauung mit Hausgärten", "voeff_name": "versorgter Bereich", "vpriv_name": "hoch: aufgelockerte Siedlungsbebauung", "versorg_sst": 1, "esst_name": "Low buildings with yards", "evoeff_name": "good availability", "evpriv_name": "high: loose settlement development" }, "geometry": { "type": "Polygon", "coordinates": [ [ [ 13.48114343, 52.41472289 ], [ 13.48163794, 52.41495805 ], [ 13.48189322, 52.41464742 ], [ 13.48256551, 52.41354737 ], [ 13.4812354, 52.41312517 ], [ 13.48038591, 52.41447122 ], [ 13.48114343, 52.41472289 ] ] ] } },
{ "type": "Feature", "properties": { "id": "versorggruen_2020.1400831081000100", "styp_id": "1400831081000100", "sst_name": "niedrige Bebauung mit Hausgärten", "voeff_name": "versorgter Bereich", "vpriv_name": "hoch: aufgelockerte Siedlungsbebauung", "versorg_sst": 1, "esst_name": "Low buildings with yards", "evoeff_name": "good availability", "evpriv_name": "high: loose settlement development" }, "geometry": { "type": "Polygon", "coordinates": [ [ [ 13.48029637, 52.41576879 ], [ 13.48074247, 52.41597783 ], [ 13.48099796, 52.41613587 ], [ 13.48164613, 52.41515217 ], [ 13.48107389, 52.41486389 ], [ 13.4803002, 52.41461131 ], [ 13.47966066, 52.415564 ], [ 13.48029637, 52.41576879 ] ] ] } },
{ "type": "Feature", "properties": { "id": "versorggruen_2020.1400831091000000", "styp_id": "1400831091000000", "sst_name": "niedrige Bebauung mit Hausgärten", "voeff_name": "versorgter Bereich", "vpriv_name": "hoch: aufgelockerte Siedlungsbebauung", "versorg_sst": 1, "esst_name": "Low buildings with yards", "evoeff_name": "good availability", "evpriv_name": "high: loose settlement development" }, "geometry": { "type": "Polygon", "coordinates": [ [ [ 13.48524002, 52.41775637 ], [ 13.4856918, 52.41804269 ], [ 13.48656947, 52.41751621 ], [ 13.48774304, 52.4169694 ], [ 13.48828043, 52.41676792 ], [ 13.48858119, 52.41666672 ], [ 13.48862516, 52.41660333 ], [ 13.48833702, 52.41602273 ], [ 13.48823956, 52.4159766 ], [ 13.48464176, 52.41727549 ], [ 13.48524002, 52.41775637 ] ] ] } },
{ "type": "Feature", "properties": { "id": "versorggruen_2020.1400831101000000", "styp_id": "1400831101000000", "sst_name": "niedrige Bebauung mit Hausgärten", "voeff_name": "versorgter Bereich", "vpriv_name": "hoch: aufgelockerte Siedlungsbebauung", "versorg_sst": 1, "esst_name": "Low buildings with yards", "evoeff_name": "good availability", "evpriv_name": "high: loose settlement development" }, "geometry": { "type": "Polygon", "coordinates": [ [ [ 13.48608945, 52.41825255 ], [ 13.48639177, 52.4183958 ], [ 13.48691358, 52.41861911 ], [ 13.48705408, 52.41862448 ], [ 13.48728128, 52.418447 ], [ 13.48761832, 52.41820952 ], [ 13.48780036, 52.41809155 ], [ 13.48816996, 52.41787298 ], [ 13.48772231, 52.41757733 ], [ 13.48845746, 52.41721819 ], [ 13.4881786, 52.41690333 ], [ 13.48759643, 52.41713324 ], [ 13.48712262, 52.41735061 ], [ 13.48667951, 52.41757745 ], [ 13.48584755, 52.41805905 ], [ 13.48585614, 52.41813005 ], [ 13.48608945, 52.41825255 ] ] ] } },
{ "type": "Feature", "properties": { "id": "versorggruen_2020.1400831121000000", "styp_id": "1400831121000000", "sst_name": "niedrige Bebauung mit Hausgärten", "voeff_name": "versorgter Bereich", "vpriv_name": "hoch: aufgelockerte Siedlungsbebauung", "versorg_sst": 1, "esst_name": "Low buildings with yards", "evoeff_name": "good availability", "evpriv_name": "high: loose settlement development" }, "geometry": { "type": "Polygon", "coordinates": [ [ [ 13.48944099, 52.41968885 ], [ 13.49107296, 52.4184408 ], [ 13.49112161, 52.41839592 ], [ 13.49119246, 52.41829715 ], [ 13.49124711, 52.41814339 ], [ 13.49125878, 52.41808201 ], [ 13.49124357, 52.41787987 ], [ 13.49115887, 52.41784284 ], [ 13.49065892, 52.41791559 ], [ 13.49038327, 52.41798358 ], [ 13.49023334, 52.41803517 ], [ 13.48997739, 52.41815107 ], [ 13.48971757, 52.41832664 ], [ 13.48895963, 52.41949474 ], [ 13.48944099, 52.41968885 ] ] ] } },
{ "type": "Feature", "properties": { "id": "versorggruen_2020.1400831131000000", "styp_id": "1400831131000000", "sst_name": "niedrige Bebauung mit Hausgärten", "voeff_name": "nicht versorgter Bereich", "vpriv_name": "hoch: aufgelockerte Siedlungsbebauung", "versorg_sst": 10, "esst_name": "Low buildings with yards", "evoeff_name": "no availability", "evpriv_name": "high: loose settlement development" }, "geometry": { "type": "Polygon", "coordinates": [ [ [ 13.48768329, 52.41993764 ], [ 13.48895208, 52.42055659 ], [ 13.48903755, 52.42054244 ], [ 13.4895905, 52.42002795 ], [ 13.48957514, 52.41997096 ], [ 13.48831658, 52.41939738 ], [ 13.48768329, 52.41993764 ] ] ] } },
{ "type": "Feature", "properties": { "id": "versorggruen_2020.1400831141000000", "styp_id": "1400831141000000", "sst_name": "niedrige Bebauung mit Hausgärten", "voeff_name": "nicht versorgter Bereich", "vpriv_name": "hoch: aufgelockerte Siedlungsbebauung", "versorg_sst": 10, "esst_name": "Low buildings with yards", "evoeff_name": "no availability", "evpriv_name": "high: loose settlement development" }, "geometry": { "type": "Polygon", "coordinates": [ [ [ 13.4906142, 52.42184263 ], [ 13.49100838, 52.4217622 ], [ 13.49205572, 52.42133609 ], [ 13.49144801, 52.42078736 ], [ 13.49031324, 52.42124377 ], [ 13.4906142, 52.42184263 ] ] ] } },
{ "type": "Feature", "properties": { "id": "versorggruen_2020.1400831151000000", "styp_id": "1400831151000000", "sst_name": "dörfliche Bebauung", "voeff_name": "nicht versorgter Bereich", "vpriv_name": "hoch: aufgelockerte Siedlungsbebauung", "versorg_sst": 10, "esst_name": "Village-like development", "evoeff_name": "no availability", "evpriv_name": "high: loose settlement development" }, "geometry": { "type": "Polygon", "coordinates": [ [ [ 13.49315562, 52.42208513 ], [ 13.49338763, 52.42219743 ], [ 13.49449797, 52.42127009 ], [ 13.4924316, 52.4203778 ], [ 13.49163074, 52.42070923 ], [ 13.49315562, 52.42208513 ] ] ] } },
{ "type": "Feature", "properties": { "id": "versorggruen_2020.1400831161000000", "styp_id": "1400831161000000", "sst_name": "niedrige Bebauung mit Hausgärten", "voeff_name": "nicht versorgter Bereich", "vpriv_name": "hoch: aufgelockerte Siedlungsbebauung", "versorg_sst": 10, "esst_name": "Low buildings with yards", "evoeff_name": "no availability", "evpriv_name": "high: loose settlement development" }, "geometry": { "type": "Polygon", "coordinates": [ [ [ 13.49274994, 52.4227199 ], [ 13.49318753, 52.42235526 ], [ 13.49215652, 52.42142432 ], [ 13.49090782, 52.42194252 ], [ 13.49274994, 52.4227199 ] ] ] } },
{ "type": "Feature", "properties": { "id": "versorggruen_2020.1400831171000000", "styp_id": "1400831171000000", "sst_name": "niedrige Bebauung mit Hausgärten", "voeff_name": "nicht versorgter Bereich", "vpriv_name": "hoch: aufgelockerte Siedlungsbebauung", "versorg_sst": 10, "esst_name": "Low buildings with yards", "evoeff_name": "no availability", "evpriv_name": "high: loose settlement development" }, "geometry": { "type": "Polygon", "coordinates": [ [ [ 13.4907516, 52.42209441 ], [ 13.49114037, 52.42281829 ], [ 13.49138499, 52.42369584 ], [ 13.49160034, 52.42366916 ], [ 13.4926466, 52.42280431 ], [ 13.49090896, 52.42206943 ], [ 13.4907516, 52.42209441 ] ] ] } },
{ "type": "Feature", "properties": { "id": "versorggruen_2020.1400831181000000", "styp_id": "1400831181000000", "sst_name": "niedrige Bebauung mit Hausgärten", "voeff_name": "nicht versorgter Bereich", "vpriv_name": "hoch: aufgelockerte Siedlungsbebauung", "versorg_sst": 10, "esst_name": "Low buildings with yards", "evoeff_name": "no availability", "evpriv_name": "high: loose settlement development" }, "geometry": { "type": "Polygon", "coordinates": [ [ [ 13.49210168, 52.42371161 ], [ 13.49496308, 52.42352806 ], [ 13.49506476, 52.4234428 ], [ 13.494864, 52.42273892 ], [ 13.49494502, 52.4226824 ], [ 13.49458288, 52.42138611 ], [ 13.4918916, 52.42361566 ], [ 13.49210168, 52.42371161 ] ] ] } },
{ "type": "Feature", "properties": { "id": "versorggruen_2020.1400831191000000", "styp_id": "1400831191000000", "sst_name": "niedrige Bebauung mit Hausgärten", "voeff_name": "nicht versorgter Bereich", "vpriv_name": "hoch: aufgelockerte Siedlungsbebauung", "versorg_sst": 10, "esst_name": "Low buildings with yards", "evoeff_name": "no availability", "evpriv_name": "high: loose settlement development" }, "geometry": { "type": "Polygon", "coordinates": [ [ [ 13.4953653, 52.42470306 ], [ 13.49511248, 52.42370886 ], [ 13.49126176, 52.4239822 ], [ 13.49116251, 52.42470821 ], [ 13.4953653, 52.42470306 ] ] ] } },
{ "type": "Feature", "properties": { "id": "versorggruen_2020.1400831211000000", "styp_id": "1400831211000000", "sst_name": "niedrige Bebauung mit Hausgärten", "voeff_name": "unterversorgter Bereich", "vpriv_name": "hoch: aufgelockerte Siedlungsbebauung", "versorg_sst": 4, "esst_name": "Low buildings with yards", "evoeff_name": "reduced availability", "evpriv_name": "high: loose settlement development" }, "geometry": { "type": "Polygon", "coordinates": [ [ [ 13.49932317, 52.42666062 ], [ 13.4981777, 52.42602688 ], [ 13.49990128, 52.42487157 ], [ 13.50011489, 52.42471454 ], [ 13.50032711, 52.42451616 ], [ 13.50048501, 52.42430065 ], [ 13.50060918, 52.42406892 ], [ 13.50067295, 52.4238587 ], [ 13.50065255, 52.4234883 ], [ 13.50061958, 52.42330776 ], [ 13.49942003, 52.42339579 ], [ 13.49945293, 52.42359681 ], [ 13.49946466, 52.42375127 ], [ 13.49945857, 52.4239293 ], [ 13.49941555, 52.42405416 ], [ 13.49933425, 52.42420955 ], [ 13.49923687, 52.42434694 ], [ 13.49912183, 52.42447263 ], [ 13.4988448, 52.42470149 ], [ 13.49780324, 52.4254786 ], [ 13.4975912, 52.42560867 ], [ 13.49737848, 52.4257218 ], [ 13.49712451, 52.42581696 ], [ 13.4968177, 52.42590709 ], [ 13.49698131, 52.426123 ], [ 13.49706561, 52.42621356 ], [ 13.49717916, 52.42631111 ], [ 13.49734377, 52.42642979 ], [ 13.49859859, 52.42714269 ], [ 13.49932317, 52.42666062 ] ] ] } },
{ "type": "Feature", "properties": { "id": "versorggruen_2020.1400831221000100", "styp_id": "1400831221000100", "sst_name": "niedrige Bebauung mit Hausgärten", "voeff_name": "unterversorgter Bereich", "vpriv_name": "hoch: aufgelockerte Siedlungsbebauung", "versorg_sst": 4, "esst_name": "Low buildings with yards", "evoeff_name": "reduced availability", "evpriv_name": "high: loose settlement development" }, "geometry": { "type": "Polygon", "coordinates": [ [ [ 13.50443639, 52.42324527 ], [ 13.50408556, 52.4230508 ], [ 13.50135251, 52.42324488 ], [ 13.50141923, 52.42363539 ], [ 13.50138957, 52.42399161 ], [ 13.50130288, 52.42424264 ], [ 13.50117804, 52.42447027 ], [ 13.50097667, 52.4247387 ], [ 13.50065093, 52.4250654 ], [ 13.50026814, 52.42529859 ], [ 13.49932056, 52.4259283 ], [ 13.4999154, 52.42626134 ], [ 13.50443639, 52.42324527 ] ] ] } },
{ "type": "Feature", "properties": { "id": "versorggruen_2020.1400831231000000", "styp_id": "1400831231000000", "sst_name": "niedrige Bebauung mit Hausgärten", "voeff_name": "nicht versorgter Bereich", "vpriv_name": "hoch: aufgelockerte Siedlungsbebauung", "versorg_sst": 10, "esst_name": "Low buildings with yards", "evoeff_name": "no availability", "evpriv_name": "high: loose settlement development" }, "geometry": { "type": "Polygon", "coordinates": [ [ [ 13.50087606, 52.42711454 ], [ 13.50262531, 52.42631861 ], [ 13.50378441, 52.42560083 ], [ 13.5023902, 52.42481131 ], [ 13.49988402, 52.42650116 ], [ 13.50087606, 52.42711454 ] ] ] } },
{ "type": "Feature", "properties": { "id": "versorggruen_2020.1400831241000200", "styp_id": "1400831241000200", "sst_name": "niedrige Bebauung mit Hausgärten", "voeff_name": "nicht versorgter Bereich", "vpriv_name": "hoch: aufgelockerte Siedlungsbebauung", "versorg_sst": 10, "esst_name": "Low buildings with yards", "evoeff_name": "no availability", "evpriv_name": "high: loose settlement development" }, "geometry": { "type": "Polygon", "coordinates": [ [ [ 13.50308308, 52.42685654 ], [ 13.50335607, 52.42700795 ], [ 13.50362884, 52.42688158 ], [ 13.50368602, 52.42692691 ], [ 13.50504888, 52.42631133 ], [ 13.5038863, 52.42565738 ], [ 13.5027106, 52.42639779 ], [ 13.50097399, 52.42717525 ], [ 13.50156205, 52.427536 ], [ 13.50308308, 52.42685654 ] ] ] } },
{ "type": "Feature", "properties": { "id": "versorggruen_2020.1400831241000300", "styp_id": "1400831241000300", "sst_name": "niedrige Bebauung mit Hausgärten", "voeff_name": "nicht versorgter Bereich", "vpriv_name": "hoch: aufgelockerte Siedlungsbebauung", "versorg_sst": 10, "esst_name": "Low buildings with yards", "evoeff_name": "no availability", "evpriv_name": "high: loose settlement development" }, "geometry": { "type": "Polygon", "coordinates": [ [ [ 13.50405738, 52.42755856 ], [ 13.50572163, 52.42680531 ], [ 13.50572642, 52.42668579 ], [ 13.50512891, 52.42635888 ], [ 13.50375288, 52.42698034 ], [ 13.50380564, 52.42702674 ], [ 13.503547, 52.42714342 ], [ 13.50405738, 52.42755856 ] ] ] } },
{ "type": "Feature", "properties": { "id": "versorggruen_2020.1400831251000000", "styp_id": "1400831251000000", "sst_name": "niedrige Bebauung mit Hausgärten", "voeff_name": "nicht versorgter Bereich", "vpriv_name": "hoch: aufgelockerte Siedlungsbebauung", "versorg_sst": 10, "esst_name": "Low buildings with yards", "evoeff_name": "no availability", "evpriv_name": "high: loose settlement development" }, "geometry": { "type": "Polygon", "coordinates": [ [ [ 13.50387569, 52.42554003 ], [ 13.50610978, 52.4241151 ], [ 13.50561498, 52.42389802 ], [ 13.50468439, 52.42338662 ], [ 13.50455652, 52.42339098 ], [ 13.50249326, 52.4247548 ], [ 13.50387569, 52.42554003 ] ] ] } },
{ "type": "Feature", "properties": { "id": "versorggruen_2020.1400831261000000", "styp_id": "1400831261000000", "sst_name": "niedrige Bebauung mit Hausgärten", "voeff_name": "nicht versorgter Bereich", "vpriv_name": "hoch: aufgelockerte Siedlungsbebauung", "versorg_sst": 10, "esst_name": "Low buildings with yards", "evoeff_name": "no availability", "evpriv_name": "high: loose settlement development" }, "geometry": { "type": "Polygon", "coordinates": [ [ [ 13.50614605, 52.42656108 ], [ 13.50764763, 52.42457319 ], [ 13.50625524, 52.42413952 ], [ 13.50398, 52.42559732 ], [ 13.50590671, 52.42667142 ], [ 13.50614605, 52.42656108 ] ] ] } },
{ "type": "Feature", "properties": { "id": "versorggruen_2020.1400831271000000", "styp_id": "1400831271000000", "sst_name": "Zeilenbebauung seit den 50er Jahren", "voeff_name": "nicht versorgter Bereich", "vpriv_name": "mittel: Zeilen oder kompakte Siedlung", "versorg_sst": 11, "esst_name": "Row development since the 1950s", "evoeff_name": "no availability", "evpriv_name": "medium: row development or compact settlement" }, "geometry": { "type": "Polygon", "coordinates": [ [ [ 13.50942521, 52.42555181 ], [ 13.5085561, 52.42456691 ], [ 13.50805231, 52.42441183 ], [ 13.50658769, 52.42630266 ], [ 13.50671389, 52.42645358 ], [ 13.50942521, 52.42555181 ] ] ] } },
{ "type": "Feature", "properties": { "id": "versorggruen_2020.1400831281000000", "styp_id": "1400831281000000", "sst_name": "niedrige Bebauung mit Hausgärten", "voeff_name": "nicht versorgter Bereich", "vpriv_name": "hoch: aufgelockerte Siedlungsbebauung", "versorg_sst": 10, "esst_name": "Low buildings with yards", "evoeff_name": "no availability", "evpriv_name": "high: loose settlement development" }, "geometry": { "type": "Polygon", "coordinates": [ [ [ 13.51174545, 52.42479022 ], [ 13.51109323, 52.42404459 ], [ 13.50889926, 52.42475877 ], [ 13.50955173, 52.42551509 ], [ 13.51174545, 52.42479022 ] ] ] } },
{ "type": "Feature", "properties": { "id": "versorggruen_2020.1400831311000000", "styp_id": "1400831311000000", "sst_name": "niedrige Bebauung mit Hausgärten", "voeff_name": "nicht versorgter Bereich", "vpriv_name": "hoch: aufgelockerte Siedlungsbebauung", "versorg_sst": 10, "esst_name": "Low buildings with yards", "evoeff_name": "no availability", "evpriv_name": "high: loose settlement development" }, "geometry": { "type": "Polygon", "coordinates": [ [ [ 13.51118023, 52.42394672 ], [ 13.51187576, 52.4247617 ], [ 13.51364478, 52.42417197 ], [ 13.51379195, 52.42410651 ], [ 13.51407031, 52.42390997 ], [ 13.51402347, 52.42383803 ], [ 13.51144629, 52.42338442 ], [ 13.51118023, 52.42394672 ] ] ] } },
{ "type": "Feature", "properties": { "id": "versorggruen_2020.1400831321000000", "styp_id": "1400831321000000", "sst_name": "niedrige Bebauung mit Hausgärten", "voeff_name": "nicht versorgter Bereich", "vpriv_name": "hoch: aufgelockerte Siedlungsbebauung", "versorg_sst": 10, "esst_name": "Low buildings with yards", "evoeff_name": "no availability", "evpriv_name": "high: loose settlement development" }, "geometry": { "type": "Polygon", "coordinates": [ [ [ 13.50812161, 52.42433372 ], [ 13.50866499, 52.42451489 ], [ 13.50883509, 52.42468581 ], [ 13.51110381, 52.42394036 ], [ 13.51134929, 52.42337983 ], [ 13.50915268, 52.42300382 ], [ 13.50812161, 52.42433372 ] ] ] } },
{ "type": "Feature", "properties": { "id": "versorggruen_2020.1400831331000000", "styp_id": "1400831331000000", "sst_name": "Bebauung mit Gärten und halbprivater Umgrünung", "voeff_name": "nicht versorgter Bereich", "vpriv_name": "hoch: aufgelockerte Siedlungsbebauung", "versorg_sst": 10, "esst_name": "Development with yards and semi-private greening", "evoeff_name": "no availability", "evpriv_name": "high: loose settlement development" }, "geometry": { "type": "Polygon", "coordinates": [ [ [ 13.50571087, 52.4237732 ], [ 13.5061719, 52.42396509 ], [ 13.5077464, 52.42446724 ], [ 13.50894078, 52.42295002 ], [ 13.50645878, 52.4222669 ], [ 13.50612575, 52.42257031 ], [ 13.50591957, 52.42271119 ], [ 13.50570319, 52.42280533 ], [ 13.50547218, 52.42289047 ], [ 13.50484345, 52.42328703 ], [ 13.50571087, 52.4237732 ] ] ] } },
{ "type": "Feature", "properties": { "id": "versorggruen_2020.1400831341000000", "styp_id": "1400831341000000", "sst_name": "Blockrandbebauung der Gründerzeit mit geringem Anteil von Seiten- und Hintergebäuden", "voeff_name": "unterversorgter Bereich", "vpriv_name": "gering: Blockrandbebauung", "versorg_sst": 6, "esst_name": "Wilhelminian-period block-edge development with few wings and rear buildings", "evoeff_name": "reduced availability", "evpriv_name": "low: Wilhelminian-period block-edge development" }, "geometry": { "type": "Polygon", "coordinates": [ [ [ 13.50472869, 52.42279355 ], [ 13.50511684, 52.4227544 ], [ 13.50537279, 52.42269805 ], [ 13.50556996, 52.42262007 ], [ 13.50572895, 52.42254115 ], [ 13.50614448, 52.42217043 ], [ 13.50418659, 52.42161214 ], [ 13.5031929, 52.4211954 ], [ 13.50202598, 52.42208347 ], [ 13.50226296, 52.42248723 ], [ 13.50239394, 52.42295916 ], [ 13.50472869, 52.42279355 ] ] ] } },
{ "type": "Feature", "properties": { "id": "versorggruen_2020.1400831401000000", "styp_id": "1400831401000000", "sst_name": "Zeilenbebauung seit den 50er Jahren", "voeff_name": "unterversorgter Bereich", "vpriv_name": "mittel: Zeilen oder kompakte Siedlung", "versorg_sst": 5, "esst_name": "Row development since the 1950s", "evoeff_name": "reduced availability", "evpriv_name": "medium: row development or compact settlement" }, "geometry": { "type": "Polygon", "coordinates": [ [ [ 13.49538545, 52.42286711 ], [ 13.49552227, 52.42283042 ], [ 13.49562533, 52.42277571 ], [ 13.4968821, 52.42183731 ], [ 13.49620666, 52.42150505 ], [ 13.49599429, 52.42147201 ], [ 13.49583035, 52.42139245 ], [ 13.49595187, 52.4213014 ], [ 13.4953119, 52.42090974 ], [ 13.4947919, 52.4212857 ], [ 13.49522961, 52.42287772 ], [ 13.49538545, 52.42286711 ] ] ] } },
{ "type": "Feature", "properties": { "id": "versorggruen_2020.1400831421000100", "styp_id": "1400831421000100", "sst_name": "dörfliche Bebauung", "voeff_name": "unterversorgter Bereich", "vpriv_name": "hoch: aufgelockerte Siedlungsbebauung", "versorg_sst": 4, "esst_name": "Village-like development", "evoeff_name": "reduced availability", "evpriv_name": "high: loose settlement development" }, "geometry": { "type": "Polygon", "coordinates": [ [ [ 13.49466727, 52.42118131 ], [ 13.49596041, 52.42031464 ], [ 13.49611639, 52.4202537 ], [ 13.49662049, 52.41977617 ], [ 13.4977405, 52.41883017 ], [ 13.49675411, 52.41832407 ], [ 13.49677619, 52.41831151 ], [ 13.49577827, 52.41779368 ], [ 13.49447039, 52.41869808 ], [ 13.49248251, 52.42023542 ], [ 13.49466727, 52.42118131 ] ], [ [ 13.49534276, 52.41816358 ], [ 13.49540939, 52.41813889 ], [ 13.49546438, 52.41813364 ], [ 13.49551647, 52.41813193 ], [ 13.49561191, 52.41814707 ], [ 13.49570728, 52.41818787 ], [ 13.49573758, 52.4182171 ], [ 13.49574321, 52.41826929 ], [ 13.49566061, 52.4183152 ], [ 13.49558823, 52.41832662 ], [ 13.49549854, 52.41832387 ], [ 13.49543927, 52.41830877 ], [ 13.49538434, 52.41828924 ], [ 13.49534395, 52.41825204 ], [ 13.49532523, 52.41822106 ], [ 13.4953253, 52.41819629 ], [ 13.49534276, 52.41816358 ] ] ] } },
{ "type": "Feature", "properties": { "id": "versorggruen_2020.1400831451000000", "styp_id": "1400831451000000", "sst_name": "niedrige Bebauung mit Hausgärten", "voeff_name": "versorgter Bereich", "vpriv_name": "hoch: aufgelockerte Siedlungsbebauung", "versorg_sst": 1, "esst_name": "Low buildings with yards", "evoeff_name": "good availability", "evpriv_name": "high: loose settlement development" }, "geometry": { "type": "Polygon", "coordinates": [ [ [ 13.4844865, 52.41714944 ], [ 13.48462058, 52.41718398 ], [ 13.48813805, 52.41591402 ], [ 13.48756666, 52.41532515 ], [ 13.48388253, 52.41666376 ], [ 13.4844865, 52.41714944 ] ] ] } },
{ "type": "Feature", "properties": { "id": "versorggruen_2020.1400831461000100", "styp_id": "1400831461000100", "sst_name": "niedrige Bebauung mit Hausgärten", "voeff_name": "versorgter Bereich", "vpriv_name": "hoch: aufgelockerte Siedlungsbebauung", "versorg_sst": 1, "esst_name": "Low buildings with yards", "evoeff_name": "good availability", "evpriv_name": "high: loose settlement development" }, "geometry": { "type": "Polygon", "coordinates": [ [ [ 13.48407923, 52.41585127 ], [ 13.4837575, 52.41646533 ], [ 13.48755306, 52.41509666 ], [ 13.48810191, 52.4148599 ], [ 13.48838402, 52.41472058 ], [ 13.48869677, 52.41451613 ], [ 13.48903258, 52.41424189 ], [ 13.48861434, 52.4140971 ], [ 13.48883109, 52.41386079 ], [ 13.48887114, 52.41374361 ], [ 13.488767, 52.41367789 ], [ 13.48863785, 52.41362112 ], [ 13.48819858, 52.41354477 ], [ 13.48806281, 52.41375426 ], [ 13.48785215, 52.4140012 ], [ 13.48748193, 52.41433421 ], [ 13.48732434, 52.41444186 ], [ 13.48718005, 52.41452527 ], [ 13.48697691, 52.41462747 ], [ 13.48678853, 52.41470813 ], [ 13.48419577, 52.415653 ], [ 13.48407923, 52.41585127 ] ] ] } },
{ "type": "Feature", "properties": { "id": "versorggruen_2020.1400831471000000", "styp_id": "1400831471000000", "sst_name": "niedrige Bebauung mit Hausgärten", "voeff_name": "versorgter Bereich", "vpriv_name": "hoch: aufgelockerte Siedlungsbebauung", "versorg_sst": 1, "esst_name": "Low buildings with yards", "evoeff_name": "good availability", "evpriv_name": "high: loose settlement development" }, "geometry": { "type": "Polygon", "coordinates": [ [ [ 13.48510944, 52.4149308 ], [ 13.48528963, 52.41511345 ], [ 13.48667131, 52.41459656 ], [ 13.487138, 52.41434279 ], [ 13.48660411, 52.41400516 ], [ 13.48654816, 52.41403924 ], [ 13.48631347, 52.41389517 ], [ 13.4864916, 52.41380013 ], [ 13.48673518, 52.41392173 ], [ 13.48667184, 52.41396659 ], [ 13.48722484, 52.41430425 ], [ 13.4877715, 52.41385376 ], [ 13.48810523, 52.4133482 ], [ 13.48729118, 52.41316868 ], [ 13.48627779, 52.41283712 ], [ 13.48510944, 52.4149308 ] ] ] } },
{ "type": "Feature", "properties": { "id": "versorggruen_2020.1400831481000100", "styp_id": "1400831481000100", "sst_name": "niedrige Bebauung mit Hausgärten", "voeff_name": "versorgter Bereich", "vpriv_name": "hoch: aufgelockerte Siedlungsbebauung", "versorg_sst": 1, "esst_name": "Low buildings with yards", "evoeff_name": "good availability", "evpriv_name": "high: loose settlement development" }, "geometry": { "type": "Polygon", "coordinates": [ [ [ 13.48457752, 52.41495891 ], [ 13.48427358, 52.41547314 ], [ 13.48516459, 52.41515014 ], [ 13.484961, 52.41493242 ], [ 13.48510403, 52.41478521 ], [ 13.48620401, 52.41281564 ], [ 13.4852916, 52.41251033 ], [ 13.48387971, 52.4148071 ], [ 13.48457752, 52.41495891 ] ] ] } },
{ "type": "Feature", "properties": { "id": "versorggruen_2020.1400831491000000", "styp_id": "1400831491000000", "sst_name": "niedrige Bebauung mit Hausgärten", "voeff_name": "versorgter Bereich", "vpriv_name": "hoch: aufgelockerte Siedlungsbebauung", "versorg_sst": 1, "esst_name": "Low buildings with yards", "evoeff_name": "good availability", "evpriv_name": "high: loose settlement development" }, "geometry": { "type": "Polygon", "coordinates": [ [ [ 13.48384464, 52.41474416 ], [ 13.48428492, 52.41402665 ], [ 13.48267392, 52.41365355 ], [ 13.48222481, 52.41436924 ], [ 13.48384464, 52.41474416 ] ] ] } },
{ "type": "Feature", "properties": { "id": "versorggruen_2020.1400831501000000", "styp_id": "1400831501000000", "sst_name": "niedrige Bebauung mit Hausgärten", "voeff_name": "versorgter Bereich", "vpriv_name": "hoch: aufgelockerte Siedlungsbebauung", "versorg_sst": 1, "esst_name": "Low buildings with yards", "evoeff_name": "good availability", "evpriv_name": "high: loose settlement development" }, "geometry": { "type": "Polygon", "coordinates": [ [ [ 13.48429242, 52.41397993 ], [ 13.48474896, 52.41325597 ], [ 13.48313326, 52.41288563 ], [ 13.48268395, 52.41360048 ], [ 13.48429242, 52.41397993 ] ] ] } },
{ "type": "Feature", "properties": { "id": "versorggruen_2020.1400831511000000", "styp_id": "1400831511000000", "sst_name": "nicht oder gering bebaute Grün- und Freiflächen", "voeff_name": "versorgter Bereich", "vpriv_name": "hoch: aufgelockerte Siedlungsbebauung", "versorg_sst": 1, "esst_name": "Public green and open spaces with sparse or no development", "evoeff_name": "good availability", "evpriv_name": "high: loose settlement development" }, "geometry": { "type": "Polygon", "coordinates": [ [ [ 13.4847763, 52.41321322 ], [ 13.48521782, 52.41248885 ], [ 13.48369588, 52.41198078 ], [ 13.48315285, 52.41283574 ], [ 13.4847763, 52.41321322 ] ] ] } },
{ "type": "Feature", "properties": { "id": "versorggruen_2020.1400831521000000", "styp_id": "1400831521000000", "sst_name": "niedrige Bebauung mit Hausgärten", "voeff_name": "versorgter Bereich", "vpriv_name": "hoch: aufgelockerte Siedlungsbebauung", "versorg_sst": 1, "esst_name": "Low buildings with yards", "evoeff_name": "good availability", "evpriv_name": "high: loose settlement development" }, "geometry": { "type": "Polygon", "coordinates": [ [ [ 13.48129887, 52.41304167 ], [ 13.48261867, 52.41346925 ], [ 13.48358485, 52.41191573 ], [ 13.48234291, 52.41150802 ], [ 13.48129887, 52.41304167 ] ] ] } },
{ "type": "Feature", "properties": { "id": "versorggruen_2020.1400831531000000", "styp_id": "1400831531000000", "sst_name": "niedrige Bebauung mit Hausgärten", "voeff_name": "versorgter Bereich", "vpriv_name": "hoch: aufgelockerte Siedlungsbebauung", "versorg_sst": 1, "esst_name": "Low buildings with yards", "evoeff_name": "good availability", "evpriv_name": "high: loose settlement development" }, "geometry": { "type": "Polygon", "coordinates": [ [ [ 13.47987774, 52.41260047 ], [ 13.48116232, 52.41300286 ], [ 13.48222254, 52.41146564 ], [ 13.48088963, 52.41102096 ], [ 13.47987774, 52.41260047 ] ] ] } },
{ "type": "Feature", "properties": { "id": "versorggruen_2020.1400831541000000", "styp_id": "1400831541000000", "sst_name": "niedrige Bebauung mit Hausgärten", "voeff_name": "versorgter Bereich", "vpriv_name": "hoch: aufgelockerte Siedlungsbebauung", "versorg_sst": 1, "esst_name": "Low buildings with yards", "evoeff_name": "good availability", "evpriv_name": "high: loose settlement development" }, "geometry": { "type": "Polygon", "coordinates": [ [ [ 13.47842584, 52.41213674 ], [ 13.47973534, 52.41255356 ], [ 13.48075897, 52.41098036 ], [ 13.47943488, 52.41054556 ], [ 13.47842584, 52.41213674 ] ] ] } },
{ "type": "Feature", "properties": { "id": "versorggruen_2020.1400831551000000", "styp_id": "1400831551000000", "sst_name": "niedrige Bebauung mit Hausgärten", "voeff_name": "nicht versorgter Bereich", "vpriv_name": "hoch: aufgelockerte Siedlungsbebauung", "versorg_sst": 10, "esst_name": "Low buildings with yards", "evoeff_name": "no availability", "evpriv_name": "high: loose settlement development" }, "geometry": { "type": "Polygon", "coordinates": [ [ [ 13.47829961, 52.41209255 ], [ 13.47931153, 52.41051755 ], [ 13.47793021, 52.41006738 ], [ 13.47695339, 52.41167656 ], [ 13.47829961, 52.41209255 ] ] ] } },
{ "type": "Feature", "properties": { "id": "versorggruen_2020.1400831571000000", "styp_id": "1400831571000000", "sst_name": "niedrige Bebauung mit Hausgärten", "voeff_name": "nicht versorgter Bereich", "vpriv_name": "hoch: aufgelockerte Siedlungsbebauung", "versorg_sst": 10, "esst_name": "Low buildings with yards", "evoeff_name": "no availability", "evpriv_name": "high: loose settlement development" }, "geometry": { "type": "Polygon", "coordinates": [ [ [ 13.4743455, 52.41107202 ], [ 13.47590147, 52.41115759 ], [ 13.47610055, 52.41052608 ], [ 13.4758422, 52.41044038 ], [ 13.47586879, 52.41039997 ], [ 13.47449337, 52.40995247 ], [ 13.4742662, 52.4102038 ], [ 13.47394093, 52.41077404 ], [ 13.47386527, 52.41098063 ], [ 13.4743455, 52.41107202 ] ] ] } },
{ "type": "Feature", "properties": { "id": "versorggruen_2020.1400831591000000", "styp_id": "1400831591000000", "sst_name": "niedrige Bebauung mit Hausgärten", "voeff_name": "versorgter Bereich", "vpriv_name": "hoch: aufgelockerte Siedlungsbebauung", "versorg_sst": 1, "esst_name": "Low buildings with yards", "evoeff_name": "good availability", "evpriv_name": "high: loose settlement development" }, "geometry": { "type": "Polygon", "coordinates": [ [ [ 13.47418168, 52.40863219 ], [ 13.47448879, 52.40872129 ], [ 13.47661356, 52.40633663 ], [ 13.47590215, 52.4060908 ], [ 13.4758198, 52.40624005 ], [ 13.475818063435911, 52.406242585897509 ], [ 13.475729994035859, 52.406373885246516 ], [ 13.475635776620623, 52.406511088980047 ], [ 13.475538599431211, 52.406652678111726 ], [ 13.475437447918447, 52.406799934274282 ], [ 13.475333038390623, 52.406952120431527 ], [ 13.475224645087765, 52.407110243212635 ], [ 13.475110182598282, 52.407276793225492 ], [ 13.474990423614338, 52.407451528669036 ], [ 13.474903717466134, 52.407577801613165 ], [ 13.474686733931554, 52.407894661789719 ], [ 13.474581178015715, 52.408050048642394 ], [ 13.474496251082602, 52.408173866656554 ], [ 13.474406910321067, 52.408304155216733 ], [ 13.474300719265585, 52.408458763062079 ], [ 13.474195704652782, 52.408611709856352 ], [ 13.47418168, 52.40863219 ] ] ] } },
{ "type": "Feature", "properties": { "id": "versorggruen_2020.1400831601000000", "styp_id": "1400831601000000", "sst_name": "niedrige Bebauung mit Hausgärten", "voeff_name": "nicht versorgter Bereich", "vpriv_name": "hoch: aufgelockerte Siedlungsbebauung", "versorg_sst": 10, "esst_name": "Low buildings with yards", "evoeff_name": "no availability", "evpriv_name": "high: loose settlement development" }, "geometry": { "type": "Polygon", "coordinates": [ [ [ 13.47717198, 52.40961619 ], [ 13.47776506, 52.40892586 ], [ 13.47519192, 52.40808593 ], [ 13.47460766, 52.40876907 ], [ 13.47717198, 52.40961619 ] ] ] } },
{ "type": "Feature", "properties": { "id": "versorggruen_2020.1400831611000000", "styp_id": "1400831611000000", "sst_name": "niedrige Bebauung mit Hausgärten", "voeff_name": "nicht versorgter Bereich", "vpriv_name": "hoch: aufgelockerte Siedlungsbebauung", "versorg_sst": 10, "esst_name": "Low buildings with yards", "evoeff_name": "no availability", "evpriv_name": "high: loose settlement development" }, "geometry": { "type": "Polygon", "coordinates": [ [ [ 13.47941934, 52.41035772 ], [ 13.48002255, 52.40970514 ], [ 13.47787944, 52.40899431 ], [ 13.47728353, 52.40965587 ], [ 13.47941934, 52.41035772 ] ] ] } },
{ "type": "Feature", "properties": { "id": "versorggruen_2020.1400831621000000", "styp_id": "1400831621000000", "sst_name": "niedrige Bebauung mit Hausgärten", "voeff_name": "versorgter Bereich", "vpriv_name": "hoch: aufgelockerte Siedlungsbebauung", "versorg_sst": 1, "esst_name": "Low buildings with yards", "evoeff_name": "good availability", "evpriv_name": "high: loose settlement development" }, "geometry": { "type": "Polygon", "coordinates": [ [ [ 13.4823156, 52.41132107 ], [ 13.48303656, 52.41059942 ], [ 13.48214184, 52.4100771 ], [ 13.48186014, 52.40994016 ], [ 13.48154025, 52.40979777 ], [ 13.48109408, 52.40962648 ], [ 13.48049666, 52.40942444 ], [ 13.48007358, 52.40982472 ], [ 13.47954557, 52.41040281 ], [ 13.4823156, 52.41132107 ] ] ] } },
{ "type": "Feature", "properties": { "id": "versorggruen_2020.1400831631000000", "styp_id": "1400831631000000", "sst_name": "niedrige Bebauung mit Hausgärten", "voeff_name": "versorgter Bereich", "vpriv_name": "hoch: aufgelockerte Siedlungsbebauung", "versorg_sst": 1, "esst_name": "Low buildings with yards", "evoeff_name": "good availability", "evpriv_name": "high: loose settlement development" }, "geometry": { "type": "Polygon", "coordinates": [ [ [ 13.48372189, 52.41179997 ], [ 13.48471736, 52.41025456 ], [ 13.4842055, 52.40994031 ], [ 13.4835738, 52.41033316 ], [ 13.4834118, 52.4104444 ], [ 13.48317902, 52.41062565 ], [ 13.48297567, 52.41079705 ], [ 13.4828371, 52.41092719 ], [ 13.48242563, 52.41137602 ], [ 13.48372189, 52.41179997 ] ] ] } },
{ "type": "Feature", "properties": { "id": "versorggruen_2020.1400831681000000", "styp_id": "1400831681000000", "sst_name": "dörfliche Bebauung", "voeff_name": "unterversorgter Bereich", "vpriv_name": "hoch: aufgelockerte Siedlungsbebauung", "versorg_sst": 4, "esst_name": "Village-like development", "evoeff_name": "reduced availability", "evpriv_name": "high: loose settlement development" }, "geometry": { "type": "Polygon", "coordinates": [ [ [ 13.4968705, 52.41823163 ], [ 13.49782506, 52.41871978 ], [ 13.49788349, 52.41871486 ], [ 13.49821923, 52.41845353 ], [ 13.49826895, 52.41847952 ], [ 13.49850925, 52.41828922 ], [ 13.49846323, 52.41825985 ], [ 13.4987332, 52.41806741 ], [ 13.49876107, 52.41807912 ], [ 13.4990232, 52.41785453 ], [ 13.49952432, 52.41743201 ], [ 13.49917674, 52.41716652 ], [ 13.49893472, 52.41699731 ], [ 13.49839919, 52.41667411 ], [ 13.49809833, 52.41652371 ], [ 13.49782527, 52.41640748 ], [ 13.49757714, 52.41632993 ], [ 13.49755251, 52.41633062 ], [ 13.49739342, 52.41633512 ], [ 13.49719738, 52.41652632 ], [ 13.49615252, 52.41747776 ], [ 13.49620682, 52.41750747 ], [ 13.49617428, 52.41757484 ], [ 13.4960018, 52.41775168 ], [ 13.4968705, 52.41823163 ] ] ] } },
{ "type": "Feature", "properties": { "id": "versorggruen_2020.1400831721000000", "styp_id": "1400831721000000", "sst_name": "niedrige Bebauung mit Hausgärten", "voeff_name": "nicht versorgter Bereich", "vpriv_name": "hoch: aufgelockerte Siedlungsbebauung", "versorg_sst": 10, "esst_name": "Low buildings with yards", "evoeff_name": "no availability", "evpriv_name": "high: loose settlement development" }, "geometry": { "type": "Polygon", "coordinates": [ [ [ 13.50411725, 52.42011309 ], [ 13.50635944, 52.41988174 ], [ 13.50472589, 52.41954576 ], [ 13.50411725, 52.42011309 ] ] ] } },
{ "type": "Feature", "properties": { "id": "versorggruen_2020.1400831731000000", "styp_id": "1400831731000000", "sst_name": "niedrige Bebauung mit Hausgärten", "voeff_name": "nicht versorgter Bereich", "vpriv_name": "hoch: aufgelockerte Siedlungsbebauung", "versorg_sst": 10, "esst_name": "Low buildings with yards", "evoeff_name": "no availability", "evpriv_name": "high: loose settlement development" }, "geometry": { "type": "Polygon", "coordinates": [ [ [ 13.50644194, 52.41981263 ], [ 13.50744389, 52.41890779 ], [ 13.50573379, 52.41862207 ], [ 13.50481575, 52.41947396 ], [ 13.50644194, 52.41981263 ] ] ] } },
{ "type": "Feature", "properties": { "id": "versorggruen_2020.1400831771000000", "styp_id": "1400831771000000", "sst_name": "niedrige Bebauung mit Hausgärten", "voeff_name": "versorgter Bereich", "vpriv_name": "hoch: aufgelockerte Siedlungsbebauung", "versorg_sst": 1, "esst_name": "Low buildings with yards", "evoeff_name": "good availability", "evpriv_name": "high: loose settlement development" }, "geometry": { "type": "Polygon", "coordinates": [ [ [ 13.51075473, 52.42308269 ], [ 13.51132643, 52.42162008 ], [ 13.51011667, 52.42144215 ], [ 13.5095543, 52.4228829 ], [ 13.51075473, 52.42308269 ] ] ] } },
{ "type": "Feature", "properties": { "id": "versorggruen_2020.1400831781000000", "styp_id": "1400831781000000", "sst_name": "niedrige Bebauung mit Hausgärten", "voeff_name": "versorgter Bereich", "vpriv_name": "hoch: aufgelockerte Siedlungsbebauung", "versorg_sst": 1, "esst_name": "Low buildings with yards", "evoeff_name": "good availability", "evpriv_name": "high: loose settlement development" }, "geometry": { "type": "Polygon", "coordinates": [ [ [ 13.51387252, 52.42193182 ], [ 13.51147347, 52.42160225 ], [ 13.51119036, 52.42231925 ], [ 13.51359871, 52.42266397 ], [ 13.51387252, 52.42193182 ] ] ] } },
{ "type": "Feature", "properties": { "id": "versorggruen_2020.1400831791000000", "styp_id": "1400831791000000", "sst_name": "niedrige Bebauung mit Hausgärten", "voeff_name": "versorgter Bereich", "vpriv_name": "hoch: aufgelockerte Siedlungsbebauung", "versorg_sst": 1, "esst_name": "Low buildings with yards", "evoeff_name": "good availability", "evpriv_name": "high: loose settlement development" }, "geometry": { "type": "Polygon", "coordinates": [ [ [ 13.51325252, 52.42352905 ], [ 13.51342691, 52.42314639 ], [ 13.51356907, 52.42275471 ], [ 13.51115926, 52.42241088 ], [ 13.51088693, 52.42311877 ], [ 13.51325252, 52.42352905 ] ] ] } },
{ "type": "Feature", "properties": { "id": "versorggruen_2020.1400831881000000", "styp_id": "1400831881000000", "sst_name": "niedrige Bebauung mit Hausgärten", "voeff_name": "versorgter Bereich", "vpriv_name": "hoch: aufgelockerte Siedlungsbebauung", "versorg_sst": 1, "esst_name": "Low buildings with yards", "evoeff_name": "good availability", "evpriv_name": "high: loose settlement development" }, "geometry": { "type": "Polygon", "coordinates": [ [ [ 13.51085963, 52.41951329 ], [ 13.51073464, 52.41953473 ], [ 13.51061545, 52.41958584 ], [ 13.510317, 52.42040644 ], [ 13.51435376, 52.42097605 ], [ 13.51450367, 52.42055296 ], [ 13.51373272, 52.42025477 ], [ 13.51296318, 52.42000241 ], [ 13.51210244, 52.41976253 ], [ 13.51122698, 52.41955768 ], [ 13.51108141, 52.41953186 ], [ 13.51085963, 52.41951329 ] ] ] } },
{ "type": "Feature", "properties": { "id": "versorggruen_2020.1400831891000000", "styp_id": "1400831891000000", "sst_name": "niedrige Bebauung mit Hausgärten", "voeff_name": "versorgter Bereich", "vpriv_name": "hoch: aufgelockerte Siedlungsbebauung", "versorg_sst": 1, "esst_name": "Low buildings with yards", "evoeff_name": "good availability", "evpriv_name": "high: loose settlement development" }, "geometry": { "type": "Polygon", "coordinates": [ [ [ 13.51414906, 52.42104074 ], [ 13.51027937, 52.42051064 ], [ 13.51005658, 52.42109814 ], [ 13.5115272, 52.42130806 ], [ 13.51145415, 52.42149439 ], [ 13.51386396, 52.42182846 ], [ 13.51414906, 52.42104074 ] ] ] } },
{ "type": "Feature", "properties": { "id": "versorggruen_2020.1400831901000000", "styp_id": "1400831901000000", "sst_name": "niedrige Bebauung mit Hausgärten", "voeff_name": "versorgter Bereich", "vpriv_name": "hoch: aufgelockerte Siedlungsbebauung", "versorg_sst": 1, "esst_name": "Low buildings with yards", "evoeff_name": "good availability", "evpriv_name": "high: loose settlement development" }, "geometry": { "type": "Polygon", "coordinates": [ [ [ 13.51020521, 52.41908758 ], [ 13.51107742, 52.41829491 ], [ 13.50688748, 52.41758169 ], [ 13.50605195, 52.41837526 ], [ 13.51020521, 52.41908758 ] ] ] } },
{ "type": "Feature", "properties": { "id": "versorggruen_2020.1400831911000100", "styp_id": "1400831911000100", "sst_name": "niedrige Bebauung mit Hausgärten", "voeff_name": "versorgter Bereich", "vpriv_name": "hoch: aufgelockerte Siedlungsbebauung", "versorg_sst": 1, "esst_name": "Low buildings with yards", "evoeff_name": "good availability", "evpriv_name": "high: loose settlement development" }, "geometry": { "type": "Polygon", "coordinates": [ [ [ 13.50877706, 52.41780722 ], [ 13.51116873, 52.4182267 ], [ 13.51193936, 52.41755219 ], [ 13.5105262, 52.41699661 ], [ 13.51023211, 52.41725687 ], [ 13.50963092, 52.41701172 ], [ 13.50877706, 52.41780722 ] ] ] } },
{ "type": "Feature", "properties": { "id": "versorggruen_2020.1400831921000000", "styp_id": "1400831921000000", "sst_name": "niedrige Bebauung mit Hausgärten", "voeff_name": "versorgter Bereich", "vpriv_name": "hoch: aufgelockerte Siedlungsbebauung", "versorg_sst": 1, "esst_name": "Low buildings with yards", "evoeff_name": "good availability", "evpriv_name": "high: loose settlement development" }, "geometry": { "type": "Polygon", "coordinates": [ [ [ 13.50863303, 52.41778744 ], [ 13.50937854, 52.41707467 ], [ 13.51165034, 52.41502342 ], [ 13.51028497, 52.41447569 ], [ 13.50693912, 52.41750715 ], [ 13.50863303, 52.41778744 ] ] ] } },
{ "type": "Feature", "properties": { "id": "versorggruen_2020.1400831961000000", "styp_id": "1400831961000000", "sst_name": "niedrige Bebauung mit Hausgärten", "voeff_name": "unterversorgter Bereich", "vpriv_name": "hoch: aufgelockerte Siedlungsbebauung", "versorg_sst": 4, "esst_name": "Low buildings with yards", "evoeff_name": "reduced availability", "evpriv_name": "high: loose settlement development" }, "geometry": { "type": "Polygon", "coordinates": [ [ [ 13.50219176, 52.41646159 ], [ 13.50612602, 52.41277304 ], [ 13.50503677, 52.41233517 ], [ 13.50099049, 52.41611523 ], [ 13.50219176, 52.41646159 ] ] ] } },
{ "type": "Feature", "properties": { "id": "versorggruen_2020.1400831971000000", "styp_id": "1400831971000000", "sst_name": "niedrige Bebauung mit Hausgärten", "voeff_name": "unterversorgter Bereich", "vpriv_name": "hoch: aufgelockerte Siedlungsbebauung", "versorg_sst": 4, "esst_name": "Low buildings with yards", "evoeff_name": "reduced availability", "evpriv_name": "high: loose settlement development" }, "geometry": { "type": "Polygon", "coordinates": [ [ [ 13.49840173, 52.41629308 ], [ 13.49890677, 52.41649493 ], [ 13.49996389, 52.4168816 ], [ 13.50279171, 52.41425779 ], [ 13.50147491, 52.41372978 ], [ 13.49785154, 52.41596357 ], [ 13.49785426, 52.41605434 ], [ 13.49840173, 52.41629308 ] ] ] } },
{ "type": "Feature", "properties": { "id": "versorggruen_2020.1400831981000000", "styp_id": "1400831981000000", "sst_name": "niedrige Bebauung mit Hausgärten", "voeff_name": "nicht versorgter Bereich", "vpriv_name": "hoch: aufgelockerte Siedlungsbebauung", "versorg_sst": 10, "esst_name": "Low buildings with yards", "evoeff_name": "no availability", "evpriv_name": "high: loose settlement development" }, "geometry": { "type": "Polygon", "coordinates": [ [ [ 13.49934337, 52.41443026 ], [ 13.49989229, 52.41415855 ], [ 13.50054439, 52.41379799 ], [ 13.50088893, 52.41358627 ], [ 13.50086718, 52.413482 ], [ 13.49945496, 52.41292062 ], [ 13.49923181, 52.41284219 ], [ 13.49895575, 52.41276012 ], [ 13.49865615, 52.41269599 ], [ 13.4981538, 52.41261546 ], [ 13.49797066, 52.41342316 ], [ 13.49773739, 52.41478978 ], [ 13.49780306, 52.41495072 ], [ 13.49790151, 52.41497149 ], [ 13.49934337, 52.41443026 ] ] ] } },
{ "type": "Feature", "properties": { "id": "versorggruen_2020.1400832001000000", "styp_id": "1400832001000000", "sst_name": "niedrige Bebauung mit Hausgärten", "voeff_name": "versorgter Bereich", "vpriv_name": "hoch: aufgelockerte Siedlungsbebauung", "versorg_sst": 1, "esst_name": "Low buildings with yards", "evoeff_name": "good availability", "evpriv_name": "high: loose settlement development" }, "geometry": { "type": "Polygon", "coordinates": [ [ [ 13.49454858, 52.41171731 ], [ 13.49513101, 52.41254653 ], [ 13.49614691, 52.41241106 ], [ 13.49619413, 52.41184764 ], [ 13.49628227, 52.41136336 ], [ 13.49647386, 52.41067879 ], [ 13.4964772, 52.41054399 ], [ 13.4964335, 52.41041004 ], [ 13.4956177, 52.41048013 ], [ 13.49479587, 52.41059964 ], [ 13.49395165, 52.41083325 ], [ 13.49454858, 52.41171731 ] ] ] } },
{ "type": "Feature", "properties": { "id": "versorggruen_2020.1400832021000100", "styp_id": "1400832021000100", "sst_name": "niedrige Bebauung mit Hausgärten", "voeff_name": "versorgter Bereich", "vpriv_name": "hoch: aufgelockerte Siedlungsbebauung", "versorg_sst": 1, "esst_name": "Low buildings with yards", "evoeff_name": "good availability", "evpriv_name": "high: loose settlement development" }, "geometry": { "type": "Polygon", "coordinates": [ [ [ 13.48507655, 52.40810161 ], [ 13.48576084, 52.40837059 ], [ 13.48558607, 52.4087447 ], [ 13.48689941, 52.40942784 ], [ 13.48674306, 52.40975728 ], [ 13.48739708, 52.41009413 ], [ 13.48763289, 52.40969457 ], [ 13.48794794, 52.40914674 ], [ 13.48711786, 52.40862094 ], [ 13.48541324, 52.40756761 ], [ 13.48507655, 52.40810161 ] ] ] } },
{ "type": "Feature", "properties": { "id": "versorggruen_2020.1400832031000000", "styp_id": "1400832031000000", "sst_name": "niedrige Bebauung mit Hausgärten", "voeff_name": "versorgter Bereich", "vpriv_name": "hoch: aufgelockerte Siedlungsbebauung", "versorg_sst": 1, "esst_name": "Low buildings with yards", "evoeff_name": "good availability", "evpriv_name": "high: loose settlement development" }, "geometry": { "type": "Polygon", "coordinates": [ [ [ 13.48523497, 52.40942202 ], [ 13.48525061, 52.40939697 ], [ 13.48504842, 52.40920891 ], [ 13.48487913, 52.40930126 ], [ 13.48482634, 52.40926346 ], [ 13.48408007, 52.40964899 ], [ 13.48477646, 52.41015668 ], [ 13.48523497, 52.40942202 ] ] ] } },
{ "type": "Feature", "properties": { "id": "versorggruen_2020.1400832041000000", "styp_id": "1400832041000000", "sst_name": "niedrige Bebauung mit Hausgärten", "voeff_name": "versorgter Bereich", "vpriv_name": "hoch: aufgelockerte Siedlungsbebauung", "versorg_sst": 1, "esst_name": "Low buildings with yards", "evoeff_name": "good availability", "evpriv_name": "high: loose settlement development" }, "geometry": { "type": "Polygon", "coordinates": [ [ [ 13.48404098, 52.40855526 ], [ 13.4839911, 52.40853004 ], [ 13.48311381, 52.4089864 ], [ 13.48397443, 52.40959584 ], [ 13.48474127, 52.40921483 ], [ 13.48469732, 52.40917344 ], [ 13.48489161, 52.40907392 ], [ 13.48420585, 52.40846559 ], [ 13.48404098, 52.40855526 ] ] ] } },
{ "type": "Feature", "properties": { "id": "versorggruen_2020.1400832051000000", "styp_id": "1400832051000000", "sst_name": "niedrige Bebauung mit Hausgärten", "voeff_name": "versorgter Bereich", "vpriv_name": "hoch: aufgelockerte Siedlungsbebauung", "versorg_sst": 1, "esst_name": "Low buildings with yards", "evoeff_name": "good availability", "evpriv_name": "high: loose settlement development" }, "geometry": { "type": "Polygon", "coordinates": [ [ [ 13.48304051, 52.40893059 ], [ 13.4839134, 52.40847153 ], [ 13.48387235, 52.40844183 ], [ 13.48406077, 52.4083405 ], [ 13.48336186, 52.40771688 ], [ 13.48252885, 52.40811667 ], [ 13.48221677, 52.40828345 ], [ 13.48304051, 52.40893059 ] ] ] } },
{ "type": "Feature", "properties": { "id": "versorggruen_2020.1400832061000000", "styp_id": "1400832061000000", "sst_name": "niedrige Bebauung mit Hausgärten", "voeff_name": "versorgter Bereich", "vpriv_name": "hoch: aufgelockerte Siedlungsbebauung", "versorg_sst": 1, "esst_name": "Low buildings with yards", "evoeff_name": "good availability", "evpriv_name": "high: loose settlement development" }, "geometry": { "type": "Polygon", "coordinates": [ [ [ 13.48113112, 52.40953576 ], [ 13.48152152, 52.40968542 ], [ 13.48193975, 52.40986297 ], [ 13.48228597, 52.41004133 ], [ 13.48252947, 52.41017732 ], [ 13.48309266, 52.4105195 ], [ 13.48414552, 52.40985666 ], [ 13.48281722, 52.40890875 ], [ 13.48209902, 52.40834261 ], [ 13.48135993, 52.40877307 ], [ 13.48058802, 52.40934727 ], [ 13.48113112, 52.40953576 ] ] ] } },
{ "type": "Feature", "properties": { "id": "versorggruen_2020.1400832071000000", "styp_id": "1400832071000000", "sst_name": "niedrige Bebauung mit Hausgärten", "voeff_name": "versorgter Bereich", "vpriv_name": "hoch: aufgelockerte Siedlungsbebauung", "versorg_sst": 1, "esst_name": "Low buildings with yards", "evoeff_name": "good availability", "evpriv_name": "high: loose settlement development" }, "geometry": { "type": "Polygon", "coordinates": [ [ [ 13.48061202, 52.40919992 ], [ 13.48093614, 52.40894689 ], [ 13.48109817, 52.40883116 ], [ 13.48143246, 52.40861499 ], [ 13.48178729, 52.40840334 ], [ 13.48205965, 52.4082509 ], [ 13.48272956, 52.40790108 ], [ 13.481794, 52.40719917 ], [ 13.48101843, 52.40761247 ], [ 13.48067972, 52.40783402 ], [ 13.48031886, 52.4080897 ], [ 13.47999914, 52.40834542 ], [ 13.47969105, 52.40863711 ], [ 13.47907754, 52.40929686 ], [ 13.48009477, 52.40963962 ], [ 13.48061202, 52.40919992 ] ] ] } },
{ "type": "Feature", "properties": { "id": "versorggruen_2020.1400832081000000", "styp_id": "1400832081000000", "sst_name": "niedrige Bebauung mit Hausgärten", "voeff_name": "versorgter Bereich", "vpriv_name": "hoch: aufgelockerte Siedlungsbebauung", "versorg_sst": 1, "esst_name": "Low buildings with yards", "evoeff_name": "good availability", "evpriv_name": "high: loose settlement development" }, "geometry": { "type": "Polygon", "coordinates": [ [ [ 13.47895572, 52.40925268 ], [ 13.47926692, 52.40891247 ], [ 13.47957802, 52.40860012 ], [ 13.47989497, 52.40829586 ], [ 13.48021616, 52.40804104 ], [ 13.48057261, 52.40778446 ], [ 13.48095106, 52.40754409 ], [ 13.48170475, 52.40713612 ], [ 13.48077693, 52.40643042 ], [ 13.48030294, 52.40668326 ], [ 13.47997315, 52.40687876 ], [ 13.47955189, 52.40718109 ], [ 13.4792896, 52.40739824 ], [ 13.47884277, 52.40787398 ], [ 13.47793552, 52.40892608 ], [ 13.47895572, 52.40925268 ] ] ] } },
{ "type": "Feature", "properties": { "id": "versorggruen_2020.1400832091000000", "styp_id": "1400832091000000", "sst_name": "niedrige Bebauung mit Hausgärten", "voeff_name": "versorgter Bereich", "vpriv_name": "hoch: aufgelockerte Siedlungsbebauung", "versorg_sst": 1, "esst_name": "Low buildings with yards", "evoeff_name": "good availability", "evpriv_name": "high: loose settlement development" }, "geometry": { "type": "Polygon", "coordinates": [ [ [ 13.47870767, 52.40784775 ], [ 13.47888915, 52.407626 ], [ 13.47915747, 52.40736392 ], [ 13.47943599, 52.40712343 ], [ 13.47991318, 52.40679331 ], [ 13.48021942, 52.40661306 ], [ 13.48066988, 52.40636648 ], [ 13.47962595, 52.40567681 ], [ 13.47922111, 52.40590367 ], [ 13.47883676, 52.40615481 ], [ 13.47853338, 52.40635933 ], [ 13.47820185, 52.40663121 ], [ 13.477795, 52.40701623 ], [ 13.4777271, 52.40710601 ], [ 13.47775058, 52.40711682 ], [ 13.47765323, 52.40722634 ], [ 13.47762387, 52.40721552 ], [ 13.47653661, 52.40847947 ], [ 13.47778576, 52.40888545 ], [ 13.47870767, 52.40784775 ] ] ] } },
{ "type": "Feature", "properties": { "id": "versorggruen_2020.1400832101000000", "styp_id": "1400832101000000", "sst_name": "niedrige Bebauung mit Hausgärten", "voeff_name": "versorgter Bereich", "vpriv_name": "hoch: aufgelockerte Siedlungsbebauung", "versorg_sst": 1, "esst_name": "Low buildings with yards", "evoeff_name": "good availability", "evpriv_name": "high: loose settlement development" }, "geometry": { "type": "Polygon", "coordinates": [ [ [ 13.47778279, 52.4054049 ], [ 13.4770741, 52.40597196 ], [ 13.47667306, 52.40637586 ], [ 13.47521263, 52.40804462 ], [ 13.47648524, 52.40846053 ], [ 13.47757396, 52.40720018 ], [ 13.47753579, 52.40718935 ], [ 13.47762729, 52.40707263 ], [ 13.47766399, 52.40708436 ], [ 13.47773921, 52.40699998 ], [ 13.4781564, 52.4066024 ], [ 13.47848346, 52.40634848 ], [ 13.47880307, 52.40612601 ], [ 13.47919183, 52.40587397 ], [ 13.47959226, 52.40564621 ], [ 13.47848367, 52.40496993 ], [ 13.47778279, 52.4054049 ] ] ] } },
{ "type": "Feature", "properties": { "id": "versorggruen_2020.1400832111000000", "styp_id": "1400832111000000", "sst_name": "niedrige Bebauung mit Hausgärten", "voeff_name": "versorgter Bereich", "vpriv_name": "hoch: aufgelockerte Siedlungsbebauung", "versorg_sst": 1, "esst_name": "Low buildings with yards", "evoeff_name": "good availability", "evpriv_name": "high: loose settlement development" }, "geometry": { "type": "Polygon", "coordinates": [ [ [ 13.47593329, 52.40603454 ], [ 13.47600256, 52.40608407 ], [ 13.47664231, 52.40630532 ], [ 13.47699485, 52.405944 ], [ 13.47737797, 52.40562636 ], [ 13.47771824, 52.40537426 ], [ 13.47842504, 52.40492672 ], [ 13.47788395, 52.40459982 ], [ 13.47714778, 52.40421695 ], [ 13.47694141, 52.40410696 ], [ 13.47682098, 52.40430901 ], [ 13.47677939, 52.40444169 ], [ 13.476749942954052, 52.404498934107913 ], [ 13.476709130135495, 52.404578333537771 ], [ 13.47670528774322, 52.404585742398027 ], [ 13.47670247, 52.40459122 ], [ 13.47643521, 52.40501973 ], [ 13.47630095, 52.40526903 ], [ 13.476299960680196, 52.405271089876528 ], [ 13.47598272686437, 52.40594518229949 ], [ 13.475933454420984, 52.406034197656787 ], [ 13.47593329, 52.40603454 ] ] ] } },
{ "type": "Feature", "properties": { "id": "versorggruen_2020.1400832171000000", "styp_id": "1400832171000000", "sst_name": "niedrige Bebauung mit Hausgärten", "voeff_name": "versorgter Bereich", "vpriv_name": "hoch: aufgelockerte Siedlungsbebauung", "versorg_sst": 1, "esst_name": "Low buildings with yards", "evoeff_name": "good availability", "evpriv_name": "high: loose settlement development" }, "geometry": { "type": "Polygon", "coordinates": [ [ [ 13.48508628, 52.4028949 ], [ 13.48449811, 52.40394833 ], [ 13.48442665, 52.40423582 ], [ 13.48464781, 52.40445806 ], [ 13.48576683, 52.40511363 ], [ 13.4861803, 52.4053954 ], [ 13.48647637, 52.40562941 ], [ 13.48706281, 52.40464876 ], [ 13.48655184, 52.40453312 ], [ 13.48613719, 52.40416508 ], [ 13.48607133, 52.40408142 ], [ 13.48554415, 52.4030662 ], [ 13.48551965, 52.40291519 ], [ 13.48508628, 52.4028949 ] ] ] } },
{ "type": "Feature", "properties": { "id": "versorggruen_2020.1400832191000000", "styp_id": "1400832191000000", "sst_name": "niedrige Bebauung mit Hausgärten", "voeff_name": "versorgter Bereich", "vpriv_name": "hoch: aufgelockerte Siedlungsbebauung", "versorg_sst": 1, "esst_name": "Low buildings with yards", "evoeff_name": "good availability", "evpriv_name": "high: loose settlement development" }, "geometry": { "type": "Polygon", "coordinates": [ [ [ 13.48805313, 52.40137607 ], [ 13.48663303, 52.40163142 ], [ 13.4870741, 52.4024695 ], [ 13.48797397, 52.40225488 ], [ 13.48888549, 52.40207082 ], [ 13.4884736, 52.40129119 ], [ 13.48805313, 52.40137607 ] ] ] } },
{ "type": "Feature", "properties": { "id": "versorggruen_2020.1400832201000000", "styp_id": "1400832201000000", "sst_name": "niedrige Bebauung mit Hausgärten", "voeff_name": "versorgter Bereich", "vpriv_name": "hoch: aufgelockerte Siedlungsbebauung", "versorg_sst": 1, "esst_name": "Low buildings with yards", "evoeff_name": "good availability", "evpriv_name": "high: loose settlement development" }, "geometry": { "type": "Polygon", "coordinates": [ [ [ 13.48800456, 52.40233849 ], [ 13.48711938, 52.40255313 ], [ 13.48870121, 52.40556553 ], [ 13.48962186, 52.40530239 ], [ 13.49048211, 52.40508681 ], [ 13.48892342, 52.40215803 ], [ 13.48800456, 52.40233849 ] ] ] } },
{ "type": "Feature", "properties": { "id": "versorggruen_2020.1400832221000000", "styp_id": "1400832221000000", "sst_name": "niedrige Bebauung mit Hausgärten", "voeff_name": "versorgter Bereich", "vpriv_name": "hoch: aufgelockerte Siedlungsbebauung", "versorg_sst": 1, "esst_name": "Low buildings with yards", "evoeff_name": "good availability", "evpriv_name": "high: loose settlement development" }, "geometry": { "type": "Polygon", "coordinates": [ [ [ 13.48690581, 52.40829627 ], [ 13.48760193, 52.40795919 ], [ 13.48832267, 52.40766818 ], [ 13.48693363, 52.40628045 ], [ 13.48588067, 52.40674036 ], [ 13.48503415, 52.4071472 ], [ 13.48690581, 52.40829627 ] ] ] } },
{ "type": "Feature", "properties": { "id": "versorggruen_2020.1400832231000000", "styp_id": "1400832231000000", "sst_name": "niedrige Bebauung mit Hausgärten", "voeff_name": "versorgter Bereich", "vpriv_name": "hoch: aufgelockerte Siedlungsbebauung", "versorg_sst": 1, "esst_name": "Low buildings with yards", "evoeff_name": "good availability", "evpriv_name": "high: loose settlement development" }, "geometry": { "type": "Polygon", "coordinates": [ [ [ 13.48813039, 52.40907146 ], [ 13.48922828, 52.40996063 ], [ 13.49014825, 52.40946833 ], [ 13.48839741, 52.40774077 ], [ 13.4876914, 52.40801142 ], [ 13.48700406, 52.40836199 ], [ 13.48813039, 52.40907146 ] ] ] } },
{ "type": "Feature", "properties": { "id": "versorggruen_2020.1400832241000000", "styp_id": "1400832241000000", "sst_name": "niedrige Bebauung mit Hausgärten", "voeff_name": "versorgter Bereich", "vpriv_name": "hoch: aufgelockerte Siedlungsbebauung", "versorg_sst": 1, "esst_name": "Low buildings with yards", "evoeff_name": "good availability", "evpriv_name": "high: loose settlement development" }, "geometry": { "type": "Polygon", "coordinates": [ [ [ 13.49024542, 52.40940823 ], [ 13.49107553, 52.40898322 ], [ 13.4898244, 52.407277 ], [ 13.4885161, 52.40769613 ], [ 13.49024542, 52.40940823 ] ] ] } },
{ "type": "Feature", "properties": { "id": "versorggruen_2020.1400832251000000", "styp_id": "1400832251000000", "sst_name": "niedrige Bebauung mit Hausgärten", "voeff_name": "versorgter Bereich", "vpriv_name": "hoch: aufgelockerte Siedlungsbebauung", "versorg_sst": 1, "esst_name": "Low buildings with yards", "evoeff_name": "good availability", "evpriv_name": "high: loose settlement development" }, "geometry": { "type": "Polygon", "coordinates": [ [ [ 13.48977028, 52.40719606 ], [ 13.48863178, 52.40568497 ], [ 13.48782572, 52.40595093 ], [ 13.48705219, 52.40623667 ], [ 13.48844833, 52.40762568 ], [ 13.48977028, 52.40719606 ] ] ] } },
{ "type": "Feature", "properties": { "id": "versorggruen_2020.1400832261000100", "styp_id": "1400832261000100", "sst_name": "niedrige Bebauung mit Hausgärten", "voeff_name": "versorgter Bereich", "vpriv_name": "hoch: aufgelockerte Siedlungsbebauung", "versorg_sst": 1, "esst_name": "Low buildings with yards", "evoeff_name": "good availability", "evpriv_name": "high: loose settlement development" }, "geometry": { "type": "Polygon", "coordinates": [ [ [ 13.49109549, 52.40878698 ], [ 13.49161753, 52.40798128 ], [ 13.49199553, 52.40790891 ], [ 13.49144488, 52.40689603 ], [ 13.48996115, 52.4072466 ], [ 13.49109549, 52.40878698 ] ] ] } },
{ "type": "Feature", "properties": { "id": "versorggruen_2020.1400832261000200", "styp_id": "1400832261000200", "sst_name": "Siedlungsbebauung der 90er Jahre", "voeff_name": "versorgter Bereich", "vpriv_name": "mittel: Zeilen oder kompakte Siedlung", "versorg_sst": 2, "esst_name": "Residential development of the 1990s", "evoeff_name": "good availability", "evpriv_name": "medium: row development or compact settlement" }, "geometry": { "type": "Polygon", "coordinates": [ [ [ 13.4911845, 52.40890785 ], [ 13.49224418, 52.40836627 ], [ 13.49199553, 52.40790891 ], [ 13.49161753, 52.40798128 ], [ 13.49109549, 52.40878698 ], [ 13.4911845, 52.40890785 ] ] ] } },
{ "type": "Feature", "properties": { "id": "versorggruen_2020.1400832271000000", "styp_id": "1400832271000000", "sst_name": "niedrige Bebauung mit Hausgärten", "voeff_name": "versorgter Bereich", "vpriv_name": "hoch: aufgelockerte Siedlungsbebauung", "versorg_sst": 1, "esst_name": "Low buildings with yards", "evoeff_name": "good availability", "evpriv_name": "high: loose settlement development" }, "geometry": { "type": "Polygon", "coordinates": [ [ [ 13.49141135, 52.40680793 ], [ 13.49053621, 52.40517224 ], [ 13.48962156, 52.40539765 ], [ 13.48875826, 52.40564917 ], [ 13.48990852, 52.40715757 ], [ 13.49141135, 52.40680793 ] ] ] } },
{ "type": "Feature", "properties": { "id": "versorggruen_2020.1400832311000100", "styp_id": "1400832311000100", "sst_name": "niedrige Bebauung mit Hausgärten", "voeff_name": "versorgter Bereich", "vpriv_name": "hoch: aufgelockerte Siedlungsbebauung", "versorg_sst": 1, "esst_name": "Low buildings with yards", "evoeff_name": "good availability", "evpriv_name": "high: loose settlement development" }, "geometry": { "type": "Polygon", "coordinates": [ [ [ 13.49394048, 52.40845729 ], [ 13.49523031, 52.40682931 ], [ 13.49544155, 52.4064566 ], [ 13.49558067, 52.40611795 ], [ 13.49581055, 52.40516506 ], [ 13.49479689, 52.40506248 ], [ 13.49450192, 52.40619134 ], [ 13.49436479, 52.40645598 ], [ 13.49426668, 52.40660267 ], [ 13.49344867, 52.40762656 ], [ 13.49318613, 52.40787666 ], [ 13.49304031, 52.4079942 ], [ 13.49394048, 52.40845729 ] ] ] } },
{ "type": "Feature", "properties": { "id": "versorggruen_2020.1400832351000000", "styp_id": "1400832351000000", "sst_name": "niedrige Bebauung mit Hausgärten", "voeff_name": "versorgter Bereich", "vpriv_name": "hoch: aufgelockerte Siedlungsbebauung", "versorg_sst": 1, "esst_name": "Low buildings with yards", "evoeff_name": "good availability", "evpriv_name": "high: loose settlement development" }, "geometry": { "type": "Polygon", "coordinates": [ [ [ 13.49584732, 52.41035547 ], [ 13.49663809, 52.41030243 ], [ 13.49694275, 52.40913988 ], [ 13.497943, 52.40829802 ], [ 13.49787989, 52.4082665 ], [ 13.49809785, 52.40810677 ], [ 13.49816164, 52.40788308 ], [ 13.49776542, 52.4077146 ], [ 13.49493726, 52.41049645 ], [ 13.49584732, 52.41035547 ] ] ] } },
{ "type": "Feature", "properties": { "id": "versorggruen_2020.1400832361000000", "styp_id": "1400832361000000", "sst_name": "niedrige Bebauung mit Hausgärten", "voeff_name": "versorgter Bereich", "vpriv_name": "hoch: aufgelockerte Siedlungsbebauung", "versorg_sst": 1, "esst_name": "Low buildings with yards", "evoeff_name": "good availability", "evpriv_name": "high: loose settlement development" }, "geometry": { "type": "Polygon", "coordinates": [ [ [ 13.49836166, 52.40783117 ], [ 13.49822833, 52.40820308 ], [ 13.49709402, 52.4091706 ], [ 13.49679975, 52.41029901 ], [ 13.49756237, 52.41032321 ], [ 13.49846294, 52.41040956 ], [ 13.49938906, 52.40766262 ], [ 13.49981022, 52.40641374 ], [ 13.49924028, 52.40633943 ], [ 13.49840946, 52.40755713 ], [ 13.49817238, 52.4077438 ], [ 13.49836166, 52.40783117 ] ] ] } },
{ "type": "Feature", "properties": { "id": "versorggruen_2020.1400832371000000", "styp_id": "1400832371000000", "sst_name": "niedrige Bebauung mit Hausgärten", "voeff_name": "versorgter Bereich", "vpriv_name": "hoch: aufgelockerte Siedlungsbebauung", "versorg_sst": 1, "esst_name": "Low buildings with yards", "evoeff_name": "good availability", "evpriv_name": "high: loose settlement development" }, "geometry": { "type": "Polygon", "coordinates": [ [ [ 13.49842886, 52.41050568 ], [ 13.49794408, 52.41044854 ], [ 13.49755618, 52.41041666 ], [ 13.49715654, 52.41040095 ], [ 13.49676418, 52.41040052 ], [ 13.49653912, 52.41097272 ], [ 13.4963396, 52.41185589 ], [ 13.49629094, 52.41240942 ], [ 13.49702712, 52.41243989 ], [ 13.4979278, 52.41250737 ], [ 13.49842886, 52.41050568 ] ] ] } },
{ "type": "Feature", "properties": { "id": "versorggruen_2020.1400832381000000", "styp_id": "1400832381000000", "sst_name": "niedrige Bebauung mit Hausgärten", "voeff_name": "versorgter Bereich", "vpriv_name": "hoch: aufgelockerte Siedlungsbebauung", "versorg_sst": 1, "esst_name": "Low buildings with yards", "evoeff_name": "good availability", "evpriv_name": "high: loose settlement development" }, "geometry": { "type": "Polygon", "coordinates": [ [ [ 13.49837842, 52.41168289 ], [ 13.49930105, 52.41176297 ], [ 13.50000255, 52.41108073 ], [ 13.50010369, 52.41066476 ], [ 13.49866836, 52.41052032 ], [ 13.49837842, 52.41168289 ] ] ] } },
{ "type": "Feature", "properties": { "id": "versorggruen_2020.1400832391000000", "styp_id": "1400832391000000", "sst_name": "niedrige Bebauung mit Hausgärten", "voeff_name": "nicht versorgter Bereich", "vpriv_name": "hoch: aufgelockerte Siedlungsbebauung", "versorg_sst": 10, "esst_name": "Low buildings with yards", "evoeff_name": "no availability", "evpriv_name": "high: loose settlement development" }, "geometry": { "type": "Polygon", "coordinates": [ [ [ 13.50015383, 52.41111684 ], [ 13.49939484, 52.41186641 ], [ 13.4983664, 52.41177544 ], [ 13.49817313, 52.41253909 ], [ 13.49898102, 52.41267477 ], [ 13.49973421, 52.41292721 ], [ 13.50169422, 52.41101513 ], [ 13.50111418, 52.41084377 ], [ 13.50077055, 52.41076522 ], [ 13.50052671, 52.41072183 ], [ 13.50025058, 52.41068558 ], [ 13.50015383, 52.41111684 ] ] ] } },
{ "type": "Feature", "properties": { "id": "versorggruen_2020.1400832401000000", "styp_id": "1400832401000000", "sst_name": "niedrige Bebauung mit Hausgärten", "voeff_name": "nicht versorgter Bereich", "vpriv_name": "hoch: aufgelockerte Siedlungsbebauung", "versorg_sst": 10, "esst_name": "Low buildings with yards", "evoeff_name": "no availability", "evpriv_name": "high: loose settlement development" }, "geometry": { "type": "Polygon", "coordinates": [ [ [ 13.50117679, 52.41345832 ], [ 13.50312649, 52.41156926 ], [ 13.50182195, 52.4110584 ], [ 13.49985751, 52.41297857 ], [ 13.5011117, 52.41349137 ], [ 13.50117679, 52.41345832 ] ] ] } },
{ "type": "Feature", "properties": { "id": "versorggruen_2020.1400832411000000", "styp_id": "1400832411000000", "sst_name": "niedrige Bebauung mit Hausgärten", "voeff_name": "unterversorgter Bereich", "vpriv_name": "hoch: aufgelockerte Siedlungsbebauung", "versorg_sst": 4, "esst_name": "Low buildings with yards", "evoeff_name": "reduced availability", "evpriv_name": "high: loose settlement development" }, "geometry": { "type": "Polygon", "coordinates": [ [ [ 13.50287277, 52.41417609 ], [ 13.50491937, 52.41227484 ], [ 13.503629, 52.41177025 ], [ 13.50207727, 52.41326221 ], [ 13.5015765, 52.41366428 ], [ 13.50287277, 52.41417609 ] ] ] } },
{ "type": "Feature", "properties": { "id": "versorggruen_2020.1400832431000000", "styp_id": "1400832431000000", "sst_name": "niedrige Bebauung mit Hausgärten", "voeff_name": "versorgter Bereich", "vpriv_name": "hoch: aufgelockerte Siedlungsbebauung", "versorg_sst": 1, "esst_name": "Low buildings with yards", "evoeff_name": "good availability", "evpriv_name": "high: loose settlement development" }, "geometry": { "type": "Polygon", "coordinates": [ [ [ 13.49973376, 52.41052776 ], [ 13.50027435, 52.41058406 ], [ 13.50057405, 52.41062572 ], [ 13.50082668, 52.41067541 ], [ 13.50275709, 52.40878486 ], [ 13.5018705, 52.40843524 ], [ 13.49973376, 52.41052776 ] ] ] } },
{ "type": "Feature", "properties": { "id": "versorggruen_2020.1400832441000000", "styp_id": "1400832441000000", "sst_name": "niedrige Bebauung mit Hausgärten", "voeff_name": "versorgter Bereich", "vpriv_name": "hoch: aufgelockerte Siedlungsbebauung", "versorg_sst": 1, "esst_name": "Low buildings with yards", "evoeff_name": "good availability", "evpriv_name": "high: loose settlement development" }, "geometry": { "type": "Polygon", "coordinates": [ [ [ 13.50283959, 52.40870676 ], [ 13.50569365, 52.40591335 ], [ 13.50479546, 52.40556432 ], [ 13.50194863, 52.40834905 ], [ 13.50283959, 52.40870676 ] ] ] } },
{ "type": "Feature", "properties": { "id": "versorggruen_2020.1400832461000000", "styp_id": "1400832461000000", "sst_name": "niedrige Bebauung mit Hausgärten", "voeff_name": "versorgter Bereich", "vpriv_name": "hoch: aufgelockerte Siedlungsbebauung", "versorg_sst": 1, "esst_name": "Low buildings with yards", "evoeff_name": "good availability", "evpriv_name": "high: loose settlement development" }, "geometry": { "type": "Polygon", "coordinates": [ [ [ 13.50096472, 52.41070881 ], [ 13.50177821, 52.41093524 ], [ 13.50361578, 52.40912725 ], [ 13.50287744, 52.40883711 ], [ 13.50096472, 52.41070881 ] ] ] } },
{ "type": "Feature", "properties": { "id": "versorggruen_2020.1400832471000000", "styp_id": "1400832471000000", "sst_name": "niedrige Bebauung mit Hausgärten", "voeff_name": "nicht versorgter Bereich", "vpriv_name": "hoch: aufgelockerte Siedlungsbebauung", "versorg_sst": 10, "esst_name": "Low buildings with yards", "evoeff_name": "no availability", "evpriv_name": "high: loose settlement development" }, "geometry": { "type": "Polygon", "coordinates": [ [ [ 13.505076, 52.40968678 ], [ 13.50375377, 52.40918041 ], [ 13.50190593, 52.410983 ], [ 13.50321875, 52.4114998 ], [ 13.505076, 52.40968678 ] ] ] } },
{ "type": "Feature", "properties": { "id": "versorggruen_2020.1400832491000000", "styp_id": "1400832491000000", "sst_name": "niedrige Bebauung mit Hausgärten", "voeff_name": "versorgter Bereich", "vpriv_name": "hoch: aufgelockerte Siedlungsbebauung", "versorg_sst": 1, "esst_name": "Low buildings with yards", "evoeff_name": "good availability", "evpriv_name": "high: loose settlement development" }, "geometry": { "type": "Polygon", "coordinates": [ [ [ 13.50709548, 52.41024068 ], [ 13.5094334, 52.40806285 ], [ 13.50783157, 52.40755979 ], [ 13.50562419, 52.40980512 ], [ 13.50709548, 52.41024068 ] ] ] } },
{ "type": "Feature", "properties": { "id": "versorggruen_2020.1400832501000000", "styp_id": "1400832501000000", "sst_name": "niedrige Bebauung mit Hausgärten", "voeff_name": "versorgter Bereich", "vpriv_name": "hoch: aufgelockerte Siedlungsbebauung", "versorg_sst": 1, "esst_name": "Low buildings with yards", "evoeff_name": "good availability", "evpriv_name": "high: loose settlement development" }, "geometry": { "type": "Polygon", "coordinates": [ [ [ 13.50499304, 52.41220572 ], [ 13.50700415, 52.41031877 ], [ 13.50554613, 52.40987244 ], [ 13.50371884, 52.41170114 ], [ 13.50499304, 52.41220572 ] ] ] } },
{ "type": "Feature", "properties": { "id": "versorggruen_2020.1400832511000000", "styp_id": "1400832511000000", "sst_name": "niedrige Bebauung mit Hausgärten", "voeff_name": "versorgter Bereich", "vpriv_name": "hoch: aufgelockerte Siedlungsbebauung", "versorg_sst": 1, "esst_name": "Low buildings with yards", "evoeff_name": "good availability", "evpriv_name": "high: loose settlement development" }, "geometry": { "type": "Polygon", "coordinates": [ [ [ 13.50621587, 52.41270034 ], [ 13.5083433, 52.41071823 ], [ 13.50715246, 52.41036295 ], [ 13.50511486, 52.41226156 ], [ 13.50621587, 52.41270034 ] ] ] } },
{ "type": "Feature", "properties": { "id": "versorggruen_2020.1400832541000000", "styp_id": "1400832541000000", "sst_name": "niedrige Bebauung mit Hausgärten", "voeff_name": "versorgter Bereich", "vpriv_name": "hoch: aufgelockerte Siedlungsbebauung", "versorg_sst": 1, "esst_name": "Low buildings with yards", "evoeff_name": "good availability", "evpriv_name": "high: loose settlement development" }, "geometry": { "type": "Polygon", "coordinates": [ [ [ 13.51172548, 52.4149534 ], [ 13.51416047, 52.4127576 ], [ 13.5128201, 52.41221891 ], [ 13.51273475, 52.41224399 ], [ 13.51154599, 52.41331764 ], [ 13.51150323, 52.41327159 ], [ 13.51029993, 52.41437416 ], [ 13.51172548, 52.4149534 ] ] ] } },
{ "type": "Feature", "properties": { "id": "versorggruen_2020.1400832571000100", "styp_id": "1400832571000100", "sst_name": "niedrige Bebauung mit Hausgärten", "voeff_name": "versorgter Bereich", "vpriv_name": "hoch: aufgelockerte Siedlungsbebauung", "versorg_sst": 1, "esst_name": "Low buildings with yards", "evoeff_name": "good availability", "evpriv_name": "high: loose settlement development" }, "geometry": { "type": "Polygon", "coordinates": [ [ [ 13.51974148, 52.41511049 ], [ 13.51926641, 52.41501403 ], [ 13.51916715, 52.41504427 ], [ 13.51836171, 52.41650716 ], [ 13.51839981, 52.41656022 ], [ 13.51888752, 52.41666222 ], [ 13.51974148, 52.41511049 ] ] ] } },
{ "type": "Feature", "properties": { "id": "versorggruen_2020.1400832621000100", "styp_id": "1400832621000100", "sst_name": "niedrige Bebauung mit Hausgärten", "voeff_name": "versorgter Bereich", "vpriv_name": "hoch: aufgelockerte Siedlungsbebauung", "versorg_sst": 1, "esst_name": "Low buildings with yards", "evoeff_name": "good availability", "evpriv_name": "high: loose settlement development" }, "geometry": { "type": "Polygon", "coordinates": [ [ [ 13.50952443, 52.40627246 ], [ 13.50975305, 52.40647959 ], [ 13.50999788, 52.40675348 ], [ 13.50975173, 52.40698016 ], [ 13.50975155, 52.40704691 ], [ 13.50997457, 52.4073141 ], [ 13.51018088, 52.40738738 ], [ 13.51139692, 52.40625307 ], [ 13.51068643, 52.40596749 ], [ 13.51065403, 52.40599981 ], [ 13.5103869, 52.40589081 ], [ 13.51042224, 52.4058549 ], [ 13.509725, 52.40559719 ], [ 13.5093261, 52.40601633 ], [ 13.50952443, 52.40627246 ] ] ] } },
{ "type": "Feature", "properties": { "id": "versorggruen_2020.1400832631000100", "styp_id": "1400832631000100", "sst_name": "niedrige Bebauung mit Hausgärten", "voeff_name": "versorgter Bereich", "vpriv_name": "hoch: aufgelockerte Siedlungsbebauung", "versorg_sst": 1, "esst_name": "Low buildings with yards", "evoeff_name": "good availability", "evpriv_name": "high: loose settlement development" }, "geometry": { "type": "Polygon", "coordinates": [ [ [ 13.51234448, 52.40404146 ], [ 13.5123931, 52.40399568 ], [ 13.51266172, 52.40410198 ], [ 13.51262933, 52.4041325 ], [ 13.51335592, 52.40442168 ], [ 13.51545759, 52.40246727 ], [ 13.5150967, 52.40223058 ], [ 13.51492674, 52.40238113 ], [ 13.51485077, 52.40270891 ], [ 13.51425382, 52.40303006 ], [ 13.51383684, 52.40349233 ], [ 13.51294945, 52.40376112 ], [ 13.51244916, 52.40350019 ], [ 13.51200068, 52.40334425 ], [ 13.51159743, 52.40373789 ], [ 13.51234448, 52.40404146 ] ] ] } },
{ "type": "Feature", "properties": { "id": "versorggruen_2020.1400832631000200", "styp_id": "1400832631000200", "sst_name": "niedrige Bebauung mit Hausgärten", "voeff_name": "versorgter Bereich", "vpriv_name": "hoch: aufgelockerte Siedlungsbebauung", "versorg_sst": 1, "esst_name": "Low buildings with yards", "evoeff_name": "good availability", "evpriv_name": "high: loose settlement development" }, "geometry": { "type": "Polygon", "coordinates": [ [ [ 13.51410447, 52.40127983 ], [ 13.51290118, 52.40246518 ], [ 13.51323802, 52.40258175 ], [ 13.51346369, 52.40249004 ], [ 13.51458117, 52.4023471 ], [ 13.51485399, 52.40210944 ], [ 13.51479003, 52.40207752 ], [ 13.5153081, 52.40161208 ], [ 13.515140391146593, 52.40156578565162 ], [ 13.515124427456454, 52.401561679855469 ], [ 13.514879529168097, 52.40149476625286 ], [ 13.514639900859121, 52.401433340003436 ], [ 13.514108532423268, 52.401280951391236 ], [ 13.51410447, 52.40127983 ] ] ] } },
{ "type": "Feature", "properties": { "id": "versorggruen_2020.1400832651000000", "styp_id": "1400832651000000", "sst_name": "niedrige Bebauung mit Hausgärten", "voeff_name": "versorgter Bereich", "vpriv_name": "hoch: aufgelockerte Siedlungsbebauung", "versorg_sst": 1, "esst_name": "Low buildings with yards", "evoeff_name": "good availability", "evpriv_name": "high: loose settlement development" }, "geometry": { "type": "Polygon", "coordinates": [ [ [ 13.4984202, 52.39930556 ], [ 13.49859353, 52.39932013 ], [ 13.4985563, 52.39949443 ], [ 13.5006693, 52.39969746 ], [ 13.50070928, 52.39932887 ], [ 13.49849353, 52.39896827 ], [ 13.4984202, 52.39930556 ] ] ] } },
{ "type": "Feature", "properties": { "id": "versorggruen_2020.1400832661000000", "styp_id": "1400832661000000", "sst_name": "niedrige Bebauung mit Hausgärten", "voeff_name": "versorgter Bereich", "vpriv_name": "hoch: aufgelockerte Siedlungsbebauung", "versorg_sst": 1, "esst_name": "Low buildings with yards", "evoeff_name": "good availability", "evpriv_name": "high: loose settlement development" }, "geometry": { "type": "Polygon", "coordinates": [ [ [ 13.4986458, 52.40104922 ], [ 13.49933628, 52.40108053 ], [ 13.49949617, 52.39963564 ], [ 13.49836376, 52.39952388 ], [ 13.49796574, 52.40099367 ], [ 13.4986458, 52.40104922 ] ] ] } },
{ "type": "Feature", "properties": { "id": "versorggruen_2020.1400832671000100", "styp_id": "1400832671000100", "sst_name": "niedrige Bebauung mit Hausgärten", "voeff_name": "versorgter Bereich", "vpriv_name": "hoch: aufgelockerte Siedlungsbebauung", "versorg_sst": 1, "esst_name": "Low buildings with yards", "evoeff_name": "good availability", "evpriv_name": "high: loose settlement development" }, "geometry": { "type": "Polygon", "coordinates": [ [ [ 13.49937502, 52.40310527 ], [ 13.4994701, 52.40273479 ], [ 13.4995869, 52.40207683 ], [ 13.49982343, 52.39966913 ], [ 13.49956225, 52.39964559 ], [ 13.49927535, 52.4023377 ], [ 13.4992113, 52.40263778 ], [ 13.49909016, 52.40307919 ], [ 13.49896002, 52.40346732 ], [ 13.49923602, 52.40348717 ], [ 13.49937502, 52.40310527 ] ] ] } },
{ "type": "Feature", "properties": { "id": "versorggruen_2020.1400832681000000", "styp_id": "1400832681000000", "sst_name": "niedrige Bebauung mit Hausgärten", "voeff_name": "versorgter Bereich", "vpriv_name": "hoch: aufgelockerte Siedlungsbebauung", "versorg_sst": 1, "esst_name": "Low buildings with yards", "evoeff_name": "good availability", "evpriv_name": "high: loose settlement development" }, "geometry": { "type": "Polygon", "coordinates": [ [ [ 13.49889532, 52.40346294 ], [ 13.49903551, 52.40306347 ], [ 13.49914074, 52.4026458 ], [ 13.4992062, 52.4023556 ], [ 13.49933616, 52.40112007 ], [ 13.49863983, 52.40108966 ], [ 13.4979568, 52.4010332 ], [ 13.49736036, 52.40341964 ], [ 13.49889532, 52.40346294 ] ] ] } },
{ "type": "Feature", "properties": { "id": "versorggruen_2020.1400832691000100", "styp_id": "1400832691000100", "sst_name": "niedrige Bebauung mit Hausgärten", "voeff_name": "versorgter Bereich", "vpriv_name": "hoch: aufgelockerte Siedlungsbebauung", "versorg_sst": 1, "esst_name": "Low buildings with yards", "evoeff_name": "good availability", "evpriv_name": "high: loose settlement development" }, "geometry": { "type": "Polygon", "coordinates": [ [ [ 13.49739396, 52.40396809 ], [ 13.49907605, 52.40391964 ], [ 13.50009883, 52.4038756 ], [ 13.50021309, 52.40381802 ], [ 13.500225, 52.4037029 ], [ 13.4992278, 52.40354366 ], [ 13.49742221, 52.4034752 ], [ 13.49736009, 52.40351152 ], [ 13.49739396, 52.40396809 ] ] ] } },
{ "type": "Feature", "properties": { "id": "versorggruen_2020.1400832701000000", "styp_id": "1400832701000000", "sst_name": "niedrige Bebauung mit Hausgärten", "voeff_name": "versorgter Bereich", "vpriv_name": "hoch: aufgelockerte Siedlungsbebauung", "versorg_sst": 1, "esst_name": "Low buildings with yards", "evoeff_name": "good availability", "evpriv_name": "high: loose settlement development" }, "geometry": { "type": "Polygon", "coordinates": [ [ [ 13.49620981, 52.40404812 ], [ 13.49733277, 52.40402258 ], [ 13.49729456, 52.40344541 ], [ 13.498407927522587, 52.398952602010191 ], [ 13.49757511258116, 52.398816350932968 ], [ 13.49754475270589, 52.398811391631909 ], [ 13.49620981, 52.40404812 ] ] ] } },
{ "type": "Feature", "properties": { "id": "versorggruen_2020.1400832771000000", "styp_id": "1400832771000000", "sst_name": "niedrige Bebauung mit Hausgärten", "voeff_name": "versorgter Bereich", "vpriv_name": "hoch: aufgelockerte Siedlungsbebauung", "versorg_sst": 1, "esst_name": "Low buildings with yards", "evoeff_name": "good availability", "evpriv_name": "high: loose settlement development" }, "geometry": { "type": "Polygon", "coordinates": [ [ [ 13.51047238, 52.40579833 ], [ 13.51053125, 52.40576244 ], [ 13.5107969, 52.40586695 ], [ 13.51076157, 52.40589927 ], [ 13.51147353, 52.40617675 ], [ 13.51228221, 52.40541187 ], [ 13.51066319, 52.40476415 ], [ 13.5105559, 52.40477483 ], [ 13.50978542, 52.40553075 ], [ 13.51047238, 52.40579833 ] ] ] } },
{ "type": "Feature", "properties": { "id": "versorggruen_2020.1400832781000000", "styp_id": "1400832781000000", "sst_name": "niedrige Bebauung mit Hausgärten", "voeff_name": "versorgter Bereich", "vpriv_name": "hoch: aufgelockerte Siedlungsbebauung", "versorg_sst": 1, "esst_name": "Low buildings with yards", "evoeff_name": "good availability", "evpriv_name": "high: loose settlement development" }, "geometry": { "type": "Polygon", "coordinates": [ [ [ 13.51239576, 52.40525202 ], [ 13.51247661, 52.40523862 ], [ 13.51327198, 52.40449619 ], [ 13.51255125, 52.40420882 ], [ 13.51251151, 52.40423664 ], [ 13.51225608, 52.40413304 ], [ 13.51230327, 52.40408456 ], [ 13.51155765, 52.40377919 ], [ 13.51074153, 52.40458629 ], [ 13.51239576, 52.40525202 ] ] ] } },
{ "type": "Feature", "properties": { "id": "versorggruen_2020.1400836001000100", "styp_id": "1400836001000100", "sst_name": "niedrige Bebauung mit Hausgärten", "voeff_name": "versorgter Bereich", "vpriv_name": "hoch: aufgelockerte Siedlungsbebauung", "versorg_sst": 1, "esst_name": "Low buildings with yards", "evoeff_name": "good availability", "evpriv_name": "high: loose settlement development" }, "geometry": { "type": "Polygon", "coordinates": [ [ [ 13.49000599, 52.4180261 ], [ 13.49015714, 52.41796157 ], [ 13.49031972, 52.41790577 ], [ 13.49062096, 52.41783323 ], [ 13.49113811, 52.41775825 ], [ 13.49119663, 52.4177044 ], [ 13.49106411, 52.41725689 ], [ 13.49094981, 52.41691726 ], [ 13.49082766, 52.41662314 ], [ 13.48986628, 52.41809855 ], [ 13.49000599, 52.4180261 ] ] ] } },
{ "type": "Feature", "properties": { "id": "versorggruen_2020.1400836001000300", "styp_id": "1400836001000300", "sst_name": "niedrige Bebauung mit Hausgärten", "voeff_name": "versorgter Bereich", "vpriv_name": "hoch: aufgelockerte Siedlungsbebauung", "versorg_sst": 1, "esst_name": "Low buildings with yards", "evoeff_name": "good availability", "evpriv_name": "high: loose settlement development" }, "geometry": { "type": "Polygon", "coordinates": [ [ [ 13.48824021, 52.41918826 ], [ 13.49037013, 52.41566904 ], [ 13.49027, 52.41554113 ], [ 13.49001376, 52.41560986 ], [ 13.48905499, 52.41719148 ], [ 13.48909141, 52.41719979 ], [ 13.48898816, 52.41736637 ], [ 13.48895379, 52.41735914 ], [ 13.48846152, 52.41817087 ], [ 13.4884768, 52.41817422 ], [ 13.4883945, 52.41830946 ], [ 13.48837982, 52.41830558 ], [ 13.48792639, 52.41905337 ], [ 13.48824021, 52.41918826 ] ] ] } },
{ "type": "Feature", "properties": { "id": "versorggruen_2020.1400836031000100", "styp_id": "1400836031000100", "sst_name": "niedrige Bebauung mit Hausgärten", "voeff_name": "versorgter Bereich", "vpriv_name": "hoch: aufgelockerte Siedlungsbebauung", "versorg_sst": 1, "esst_name": "Low buildings with yards", "evoeff_name": "good availability", "evpriv_name": "high: loose settlement development" }, "geometry": { "type": "Polygon", "coordinates": [ [ [ 13.51888635, 52.42090205 ], [ 13.51901996, 52.42087791 ], [ 13.51913975, 52.42063459 ], [ 13.51919351, 52.42042532 ], [ 13.51923725, 52.42016797 ], [ 13.51915105, 52.42015859 ], [ 13.51917673, 52.42002527 ], [ 13.5192883, 52.42003313 ], [ 13.51928967, 52.41988678 ], [ 13.5179746, 52.41959047 ], [ 13.51727028, 52.42021168 ], [ 13.51888635, 52.42090205 ] ] ] } },
{ "type": "Feature", "properties": { "id": "versorggruen_2020.1400836031000200", "styp_id": "1400836031000200", "sst_name": "niedrige Bebauung mit Hausgärten", "voeff_name": "versorgter Bereich", "vpriv_name": "hoch: aufgelockerte Siedlungsbebauung", "versorg_sst": 1, "esst_name": "Low buildings with yards", "evoeff_name": "good availability", "evpriv_name": "high: loose settlement development" }, "geometry": { "type": "Polygon", "coordinates": [ [ [ 13.51928967, 52.41988678 ], [ 13.5192883, 52.42003313 ], [ 13.51939732, 52.42004408 ], [ 13.51935873, 52.42026887 ], [ 13.51928439, 52.42059596 ], [ 13.51923589, 52.42072771 ], [ 13.51919763, 52.42081915 ], [ 13.51906239, 52.42102718 ], [ 13.51910103, 52.42104234 ], [ 13.519913350685897, 52.421346749118797 ], [ 13.519931790354411, 52.42132476262357 ], [ 13.52016615, 52.42103657 ], [ 13.520180885851341, 52.421027715648457 ], [ 13.520181107932515, 52.421027450734464 ], [ 13.520197585520039, 52.421017681295247 ], [ 13.52049895, 52.4208366 ], [ 13.520580770544177, 52.420491479276507 ], [ 13.520647253031267, 52.420194400957193 ], [ 13.51928967, 52.41988678 ] ] ] } },
{ "type": "Feature", "properties": { "id": "versorggruen_2020.1400836051000000", "styp_id": "1400836051000000", "sst_name": "niedrige Bebauung mit Hausgärten", "voeff_name": "versorgter Bereich", "vpriv_name": "hoch: aufgelockerte Siedlungsbebauung", "versorg_sst": 1, "esst_name": "Low buildings with yards", "evoeff_name": "good availability", "evpriv_name": "high: loose settlement development" }, "geometry": { "type": "Polygon", "coordinates": [ [ [ 13.48381387, 52.40632164 ], [ 13.48381511, 52.40638648 ], [ 13.48486508, 52.40704237 ], [ 13.48528579, 52.40688138 ], [ 13.48686079, 52.4062064 ], [ 13.48625753, 52.4055968 ], [ 13.48570484, 52.40520253 ], [ 13.48381387, 52.40632164 ] ] ] } },
{ "type": "Feature", "properties": { "id": "versorggruen_2020.1400836081000100", "styp_id": "1400836081000100", "sst_name": "Zeilenbebauung seit den 50er Jahren", "voeff_name": "versorgter Bereich", "vpriv_name": "mittel: Zeilen oder kompakte Siedlung", "versorg_sst": 2, "esst_name": "Row development since the 1950s", "evoeff_name": "good availability", "evpriv_name": "medium: row development or compact settlement" }, "geometry": { "type": "Polygon", "coordinates": [ [ [ 13.50844196, 52.41064284 ], [ 13.51025294, 52.40895149 ], [ 13.50967717, 52.40874509 ], [ 13.51016702, 52.40828343 ], [ 13.50959246, 52.40810988 ], [ 13.50725844, 52.41029746 ], [ 13.50844196, 52.41064284 ] ] ] } },
{ "type": "Feature", "properties": { "id": "versorggruen_2020.1400836081000200", "styp_id": "1400836081000200", "sst_name": "niedrige Bebauung mit Hausgärten", "voeff_name": "versorgter Bereich", "vpriv_name": "hoch: aufgelockerte Siedlungsbebauung", "versorg_sst": 1, "esst_name": "Low buildings with yards", "evoeff_name": "good availability", "evpriv_name": "high: loose settlement development" }, "geometry": { "type": "Polygon", "coordinates": [ [ [ 13.51145963, 52.40782443 ], [ 13.51352259, 52.40589745 ], [ 13.5124261, 52.40545155 ], [ 13.51035353, 52.40739624 ], [ 13.51145963, 52.40782443 ] ] ] } },
{ "type": "Feature", "properties": { "id": "versorggruen_2020.1400836091000100", "styp_id": "1400836091000100", "sst_name": "Zeilenbebauung seit den 50er Jahren", "voeff_name": "versorgter Bereich", "vpriv_name": "mittel: Zeilen oder kompakte Siedlung", "versorg_sst": 2, "esst_name": "Row development since the 1950s", "evoeff_name": "good availability", "evpriv_name": "medium: row development or compact settlement" }, "geometry": { "type": "Polygon", "coordinates": [ [ [ 13.50918482, 52.41086083 ], [ 13.51181145, 52.40843633 ], [ 13.51130065, 52.40823364 ], [ 13.51117718, 52.408247 ], [ 13.51040524, 52.40897775 ], [ 13.51042713, 52.40903709 ], [ 13.50999993, 52.40943118 ], [ 13.50989845, 52.40945175 ], [ 13.50963183, 52.40970312 ], [ 13.50965517, 52.40975886 ], [ 13.50920001, 52.41017269 ], [ 13.5090956, 52.41019056 ], [ 13.50857411, 52.41068521 ], [ 13.50918482, 52.41086083 ] ] ] } },
{ "type": "Feature", "properties": { "id": "versorggruen_2020.1400836101000000", "styp_id": "1400836101000000", "sst_name": "niedrige Bebauung mit Hausgärten", "voeff_name": "versorgter Bereich", "vpriv_name": "hoch: aufgelockerte Siedlungsbebauung", "versorg_sst": 1, "esst_name": "Low buildings with yards", "evoeff_name": "good availability", "evpriv_name": "high: loose settlement development" }, "geometry": { "type": "Polygon", "coordinates": [ [ [ 13.51474712, 52.40568923 ], [ 13.51415405, 52.40546579 ], [ 13.51134508, 52.40809978 ], [ 13.51135814, 52.40815371 ], [ 13.51189986, 52.40835914 ], [ 13.51197206, 52.40828462 ], [ 13.51474712, 52.40568923 ] ] ] } },
{ "type": "Feature", "properties": { "id": "versorggruen_2020.1400836111000000", "styp_id": "1400836111000000", "sst_name": "niedrige Bebauung mit Hausgärten", "voeff_name": "versorgter Bereich", "vpriv_name": "hoch: aufgelockerte Siedlungsbebauung", "versorg_sst": 1, "esst_name": "Low buildings with yards", "evoeff_name": "good availability", "evpriv_name": "high: loose settlement development" }, "geometry": { "type": "Polygon", "coordinates": [ [ [ 13.51353633, 52.40569616 ], [ 13.51572937, 52.40363669 ], [ 13.51579275, 52.40356306 ], [ 13.51587838, 52.40340588 ], [ 13.51589913, 52.40332412 ], [ 13.51590668, 52.40324055 ], [ 13.51587628, 52.40307606 ], [ 13.51583974, 52.40299605 ], [ 13.51563619, 52.40271277 ], [ 13.51546745, 52.40263533 ], [ 13.51257046, 52.4053142 ], [ 13.51353633, 52.40569616 ] ] ] } },
{ "type": "Feature", "properties": { "id": "versorggruen_2020.1400836121000000", "styp_id": "1400836121000000", "sst_name": "niedrige Bebauung mit Hausgärten", "voeff_name": "versorgter Bereich", "vpriv_name": "hoch: aufgelockerte Siedlungsbebauung", "versorg_sst": 1, "esst_name": "Low buildings with yards", "evoeff_name": "good availability", "evpriv_name": "high: loose settlement development" }, "geometry": { "type": "Polygon", "coordinates": [ [ [ 13.51511817, 52.40188551 ], [ 13.51522825, 52.40193324 ], [ 13.51506764, 52.40210114 ], [ 13.51527606, 52.40220559 ], [ 13.5154359, 52.40231807 ], [ 13.51555903, 52.40242603 ], [ 13.51577882, 52.40266348 ], [ 13.51595742, 52.40294314 ], [ 13.51600271, 52.40303215 ], [ 13.51603336, 52.40312384 ], [ 13.51604633, 52.40321731 ], [ 13.51604315, 52.40331616 ], [ 13.51602531, 52.40340332 ], [ 13.51598979, 52.40349405 ], [ 13.51593963, 52.40358207 ], [ 13.51587479, 52.40366649 ], [ 13.51413243, 52.40529593 ], [ 13.51415725, 52.40535526 ], [ 13.51453598, 52.405503 ], [ 13.51461992, 52.40542849 ], [ 13.51489883, 52.40554379 ], [ 13.517039545166767, 52.4035635529006 ], [ 13.516651705101957, 52.403333942389743 ], [ 13.516651738491928, 52.403333892754802 ], [ 13.51664845, 52.40333201 ], [ 13.516864302153246, 52.403014330376649 ], [ 13.516864675467531, 52.403013762054364 ], [ 13.516979565333386, 52.402838627172621 ], [ 13.516925441090738, 52.402803080582011 ], [ 13.516719931423085, 52.40266817977183 ], [ 13.51666652751692, 52.402633082663037 ], [ 13.516445760987548, 52.402488099684618 ], [ 13.516407328087086, 52.402462900752035 ], [ 13.516171460539651, 52.40230801731272 ], [ 13.515984868976318, 52.402185535626437 ], [ 13.515991547749714, 52.40204696756053 ], [ 13.516001177674797, 52.401835788365943 ], [ 13.516003201116936, 52.401787747684025 ], [ 13.51599343956245, 52.401785202673949 ], [ 13.515856820837419, 52.401750097844847 ], [ 13.515612345988488, 52.401687147179693 ], [ 13.515405893966053, 52.401634068291401 ], [ 13.51511817, 52.40188551 ] ] ] } },
{ "type": "Feature", "properties": { "id": "versorggruen_2020.1400836131000400", "styp_id": "1400836131000400", "sst_name": "Zeilenbebauung seit den 50er Jahren", "voeff_name": "versorgter Bereich", "vpriv_name": "mittel: Zeilen oder kompakte Siedlung", "versorg_sst": 2, "esst_name": "Row development since the 1950s", "evoeff_name": "good availability", "evpriv_name": "medium: row development or compact settlement" }, "geometry": { "type": "Polygon", "coordinates": [ [ [ 13.51271496, 52.41205866 ], [ 13.51339866, 52.41135676 ], [ 13.51346149, 52.41138017 ], [ 13.51412143, 52.41076611 ], [ 13.51414798, 52.41073198 ], [ 13.51415391, 52.41070233 ], [ 13.51414811, 52.41067986 ], [ 13.51412904, 52.41066277 ], [ 13.51423949, 52.41057031 ], [ 13.51438922, 52.41063246 ], [ 13.51441572, 52.41061631 ], [ 13.51453901, 52.41066855 ], [ 13.51443154, 52.41076101 ], [ 13.51427856, 52.4108049 ], [ 13.51355382, 52.41148091 ], [ 13.51360812, 52.41150702 ], [ 13.51295039, 52.41210943 ], [ 13.5144119, 52.41269208 ], [ 13.51581554, 52.41145828 ], [ 13.51683935, 52.41049238 ], [ 13.51382541, 52.4092453 ], [ 13.51136845, 52.41153361 ], [ 13.51271496, 52.41205866 ] ] ] } },
{ "type": "Feature", "properties": { "id": "versorggruen_2020.1400836141000000", "styp_id": "1400836141000000", "sst_name": "niedrige Bebauung mit Hausgärten", "voeff_name": "unterversorgter Bereich", "vpriv_name": "hoch: aufgelockerte Siedlungsbebauung", "versorg_sst": 4, "esst_name": "Low buildings with yards", "evoeff_name": "reduced availability", "evpriv_name": "high: loose settlement development" }, "geometry": { "type": "Polygon", "coordinates": [ [ [ 13.4960965, 52.42589337 ], [ 13.49640554, 52.42587582 ], [ 13.49668863, 52.42583239 ], [ 13.49697178, 52.42577106 ], [ 13.4972713, 52.42566999 ], [ 13.49746999, 52.42557079 ], [ 13.49769604, 52.42543445 ], [ 13.49883781, 52.42457656 ], [ 13.49900142, 52.42443026 ], [ 13.49915031, 52.42427315 ], [ 13.49924781, 52.42411599 ], [ 13.4993071, 52.42394621 ], [ 13.49932459, 52.42376973 ], [ 13.49931898, 52.4236041 ], [ 13.49927693, 52.42340867 ], [ 13.4987411, 52.42344158 ], [ 13.4986467, 52.42345451 ], [ 13.49854005, 52.42349347 ], [ 13.49847775, 52.42353282 ], [ 13.49757719, 52.42435053 ], [ 13.49726786, 52.42457935 ], [ 13.49708092, 52.42466272 ], [ 13.49694112, 52.42471559 ], [ 13.49669258, 52.42475216 ], [ 13.49649995, 52.42476992 ], [ 13.49568994, 52.42478161 ], [ 13.49569608, 52.42519141 ], [ 13.49568381, 52.42536034 ], [ 13.49565833, 52.42552657 ], [ 13.4955729, 52.42587688 ], [ 13.4960965, 52.42589337 ] ] ] } },
{ "type": "Feature", "properties": { "id": "versorggruen_2020.1400836151000100", "styp_id": "1400836151000100", "sst_name": "Zeilenbebauung seit den 50er Jahren", "voeff_name": "unterversorgter Bereich", "vpriv_name": "mittel: Zeilen oder kompakte Siedlung", "versorg_sst": 5, "esst_name": "Row development since the 1950s", "evoeff_name": "reduced availability", "evpriv_name": "medium: row development or compact settlement" }, "geometry": { "type": "Polygon", "coordinates": [ [ [ 13.4956667, 52.42468722 ], [ 13.49659432, 52.42467477 ], [ 13.4968149, 52.42464805 ], [ 13.49699731, 52.42460152 ], [ 13.49713568, 52.42453786 ], [ 13.49725353, 52.42445352 ], [ 13.49838798, 52.4234505 ], [ 13.49850382, 52.42339108 ], [ 13.49859828, 52.42335955 ], [ 13.49869269, 52.42334104 ], [ 13.49924072, 52.42329697 ], [ 13.49916285, 52.42285772 ], [ 13.49913272, 52.42275161 ], [ 13.49906903, 52.42266966 ], [ 13.49898708, 52.42258956 ], [ 13.49888988, 52.42251688 ], [ 13.49744647, 52.42180481 ], [ 13.49734264, 52.42178037 ], [ 13.49724206, 52.42178026 ], [ 13.49709659, 52.42181862 ], [ 13.49571334, 52.42283962 ], [ 13.49559408, 52.42290419 ], [ 13.49544107, 52.42295075 ], [ 13.49527193, 52.42298291 ], [ 13.4956667, 52.42468722 ] ], [ [ 13.49659241, 52.42393591 ], [ 13.49689572, 52.42392782 ], [ 13.4969823, 52.42395199 ], [ 13.49700193, 52.42397248 ], [ 13.49700382, 52.42399897 ], [ 13.49698404, 52.42403145 ], [ 13.49694262, 52.42405067 ], [ 13.49688158, 52.4240482 ], [ 13.49670431, 52.42405884 ], [ 13.49658823, 52.42401898 ], [ 13.49656861, 52.42399368 ], [ 13.49659241, 52.42393591 ] ] ] } },
{ "type": "Feature", "properties": { "id": "versorggruen_2020.1400836161000000", "styp_id": "1400836161000000", "sst_name": "Zeilenbebauung seit den 50er Jahren", "voeff_name": "unterversorgter Bereich", "vpriv_name": "mittel: Zeilen oder kompakte Siedlung", "versorg_sst": 5, "esst_name": "Row development since the 1950s", "evoeff_name": "reduced availability", "evpriv_name": "medium: row development or compact settlement" }, "geometry": { "type": "Polygon", "coordinates": [ [ [ 13.49595187, 52.4213014 ], [ 13.4960379, 52.42124048 ], [ 13.49619541, 52.42131675 ], [ 13.49629806, 52.42143889 ], [ 13.49691775, 52.42174138 ], [ 13.49720473, 52.42169237 ], [ 13.49730312, 52.42168842 ], [ 13.49742357, 52.42170072 ], [ 13.49754615, 52.42173869 ], [ 13.49896014, 52.42243321 ], [ 13.49910898, 52.42253758 ], [ 13.49922734, 52.42265867 ], [ 13.49928188, 52.42274619 ], [ 13.49932411, 52.42288022 ], [ 13.49937497, 52.42318918 ], [ 13.50057756, 52.42310301 ], [ 13.50042653, 52.42264165 ], [ 13.50013661, 52.4222621 ], [ 13.49949553, 52.42130254 ], [ 13.49916557, 52.42103797 ], [ 13.49839048, 52.42068216 ], [ 13.4978354, 52.42049643 ], [ 13.49886077, 52.41969683 ], [ 13.49903401, 52.41976891 ], [ 13.49931346, 52.41952555 ], [ 13.49797252, 52.41893842 ], [ 13.49764749, 52.41913297 ], [ 13.49619406, 52.42033556 ], [ 13.49579781, 52.4206227 ], [ 13.4953119, 52.42090974 ], [ 13.49595187, 52.4213014 ] ] ] } },
{ "type": "Feature", "properties": { "id": "versorggruen_2020.1400836171000100", "styp_id": "1400836171000100", "sst_name": "Bebauung mit überwiegender Nutzung durch Gemeinbedarf und Sondernutzung, Verkehrsflächen ohne Straßen", "voeff_name": "unterversorgter Bereich", "vpriv_name": "mittel: Zeilen oder kompakte Siedlung", "versorg_sst": 5, "esst_name": "Development with predominantly public and special use or non-street traffic area", "evoeff_name": "reduced availability", "evpriv_name": "medium: row development or compact settlement" }, "geometry": { "type": "Polygon", "coordinates": [ [ [ 13.49879429, 52.42039123 ], [ 13.49940909, 52.42068513 ], [ 13.50039986, 52.42218742 ], [ 13.501182, 52.42154925 ], [ 13.50215493, 52.42074689 ], [ 13.49965296, 52.41967927 ], [ 13.49879429, 52.42039123 ] ] ] } },
{ "type": "Feature", "properties": { "id": "versorggruen_2020.1400836171000200", "styp_id": "1400836171000200", "sst_name": "nicht oder gering bebaute Grün- und Freiflächen", "voeff_name": "unterversorgter Bereich", "vpriv_name": "hoch: aufgelockerte Siedlungsbebauung", "versorg_sst": 4, "esst_name": "Public green and open spaces with sparse or no development", "evoeff_name": "reduced availability", "evpriv_name": "high: loose settlement development" }, "geometry": { "type": "Polygon", "coordinates": [ [ [ 13.49903401, 52.41976891 ], [ 13.49886077, 52.41969683 ], [ 13.4978354, 52.42049643 ], [ 13.49839048, 52.42068216 ], [ 13.49916557, 52.42103797 ], [ 13.49949553, 52.42130254 ], [ 13.50013661, 52.4222621 ], [ 13.50042653, 52.42264165 ], [ 13.50057756, 52.42310301 ], [ 13.50227485, 52.42296533 ], [ 13.50218029, 52.42260486 ], [ 13.50207362, 52.42237379 ], [ 13.50198734, 52.42222632 ], [ 13.5018731, 52.42207523 ], [ 13.50204545, 52.42194234 ], [ 13.501182, 52.42154925 ], [ 13.50039986, 52.42218742 ], [ 13.49940909, 52.42068513 ], [ 13.49879429, 52.42039123 ], [ 13.49965296, 52.41967927 ], [ 13.49931346, 52.41952555 ], [ 13.49903401, 52.41976891 ] ] ] } },
{ "type": "Feature", "properties": { "id": "versorggruen_2020.1400836171000300", "styp_id": "1400836171000300", "sst_name": "Zeilenbebauung seit den 50er Jahren", "voeff_name": "unterversorgter Bereich", "vpriv_name": "mittel: Zeilen oder kompakte Siedlung", "versorg_sst": 5, "esst_name": "Row development since the 1950s", "evoeff_name": "reduced availability", "evpriv_name": "medium: row development or compact settlement" }, "geometry": { "type": "Polygon", "coordinates": [ [ [ 13.50204545, 52.42194234 ], [ 13.50307918, 52.42114534 ], [ 13.50215493, 52.42074689 ], [ 13.501182, 52.42154925 ], [ 13.50204545, 52.42194234 ] ] ] } },
{ "type": "Feature", "properties": { "id": "versorggruen_2020.1400836181000000", "styp_id": "1400836181000000", "sst_name": "Siedlungsbebauung der 90er Jahre", "voeff_name": "versorgter Bereich", "vpriv_name": "mittel: Zeilen oder kompakte Siedlung", "versorg_sst": 2, "esst_name": "Residential development of the 1990s", "evoeff_name": "good availability", "evpriv_name": "medium: row development or compact settlement" }, "geometry": { "type": "Polygon", "coordinates": [ [ [ 13.5049543, 52.40451619 ], [ 13.50564127, 52.40478479 ], [ 13.50625534, 52.40418195 ], [ 13.50633226, 52.40421379 ], [ 13.50571641, 52.40481225 ], [ 13.50644125, 52.40508671 ], [ 13.50651195, 52.40507929 ], [ 13.5074907, 52.40411361 ], [ 13.50591832, 52.40351671 ], [ 13.50588907, 52.40355416 ], [ 13.50494294, 52.40447454 ], [ 13.5049543, 52.40451619 ] ] ] } },
{ "type": "Feature", "properties": { "id": "versorggruen_2020.1400836191000100", "styp_id": "1400836191000100", "sst_name": "hohe Bebauung der Nachkriegszeit", "voeff_name": "versorgter Bereich", "vpriv_name": "mittel: Zeilen oder kompakte Siedlung", "versorg_sst": 2, "esst_name": "Postwar high-rise development", "evoeff_name": "good availability", "evpriv_name": "medium: row development or compact settlement" }, "geometry": { "type": "Polygon", "coordinates": [ [ [ 13.47145157, 52.42581808 ], [ 13.47167665, 52.42577255 ], [ 13.47214434, 52.42571295 ], [ 13.47242226, 52.42568905 ], [ 13.47271044, 52.42567415 ], [ 13.47384837, 52.42564147 ], [ 13.47329479, 52.42376614 ], [ 13.47197474, 52.42376801 ], [ 13.47197564, 52.42392977 ], [ 13.47076834, 52.424054 ], [ 13.47043318, 52.42405446 ], [ 13.47043807, 52.42392056 ], [ 13.46963106, 52.423915 ], [ 13.4696195, 52.42385747 ], [ 13.47035591, 52.42387462 ], [ 13.47036062, 52.42378836 ], [ 13.47069133, 52.42379868 ], [ 13.47068041, 52.4239784 ], [ 13.47074501, 52.42400005 ], [ 13.47182144, 52.42388643 ], [ 13.47182067, 52.42368873 ], [ 13.47327007, 52.42369062 ], [ 13.47323007, 52.42341073 ], [ 13.47255618, 52.42340504 ], [ 13.4721511, 52.42342473 ], [ 13.46957136, 52.42367904 ], [ 13.4695793, 52.42377 ], [ 13.46874414, 52.4238649 ], [ 13.46877802, 52.4258712 ], [ 13.47145157, 52.42581808 ] ] ] } },
{ "type": "Feature", "properties": { "id": "versorggruen_2020.1400836201000200", "styp_id": "1400836201000200", "sst_name": "hohe Bebauung der Nachkriegszeit", "voeff_name": "versorgter Bereich", "vpriv_name": "mittel: Zeilen oder kompakte Siedlung", "versorg_sst": 2, "esst_name": "Postwar high-rise development", "evoeff_name": "good availability", "evpriv_name": "medium: row development or compact settlement" }, "geometry": { "type": "Polygon", "coordinates": [ [ [ 13.46849959, 52.4223389 ], [ 13.46975978, 52.42228294 ], [ 13.46974991, 52.42264974 ], [ 13.46854877, 52.42296779 ], [ 13.46857162, 52.42326342 ], [ 13.46880594, 52.42328848 ], [ 13.46910415, 52.42327355 ], [ 13.47077302, 52.42314635 ], [ 13.47054274, 52.4221701 ], [ 13.4704901, 52.42209094 ], [ 13.47042416, 52.42203334 ], [ 13.47033609, 52.42199728 ], [ 13.47009516, 52.42195832 ], [ 13.46949985, 52.42195573 ], [ 13.46939384, 52.42200591 ], [ 13.46930538, 52.42208129 ], [ 13.46915251, 52.42207839 ], [ 13.46904697, 52.42199557 ], [ 13.46904582, 52.4219057 ], [ 13.46914601, 52.42184113 ], [ 13.47009997, 52.42184689 ], [ 13.47024691, 52.42186056 ], [ 13.47039526, 52.42189311 ], [ 13.47048361, 52.42193258 ], [ 13.47049564, 52.42125156 ], [ 13.46947205, 52.42124499 ], [ 13.46948899, 52.42130266 ], [ 13.46898329, 52.42130198 ], [ 13.46860562, 52.42145345 ], [ 13.46858771, 52.42166827 ], [ 13.46845057, 52.42166809 ], [ 13.46849959, 52.4223389 ] ] ] } },
{ "type": "Feature", "properties": { "id": "versorggruen_2020.1400836211000000", "styp_id": "1400836211000000", "sst_name": "hohe Bebauung der Nachkriegszeit", "voeff_name": "schlecht versorgter Bereich", "vpriv_name": "mittel: Zeilen oder kompakte Siedlung", "versorg_sst": 8, "esst_name": "Postwar high-rise development", "evoeff_name": "poor availability", "evpriv_name": "medium: row development or compact settlement" }, "geometry": { "type": "Polygon", "coordinates": [ [ [ 13.47963793, 52.42548705 ], [ 13.47951204, 52.42444265 ], [ 13.47947992, 52.4243788 ], [ 13.47943015, 52.42431583 ], [ 13.47935831, 52.42425823 ], [ 13.47925704, 52.42421137 ], [ 13.47903523, 52.42416167 ], [ 13.4771698, 52.42416292 ], [ 13.47704041, 52.42417264 ], [ 13.47683001, 52.42422809 ], [ 13.47668422, 52.42430519 ], [ 13.47662966, 52.42435455 ], [ 13.47657797, 52.42442368 ], [ 13.47650557, 52.42459511 ], [ 13.47650534, 52.42466339 ], [ 13.47658337, 52.42470958 ], [ 13.47669497, 52.42555813 ], [ 13.47963793, 52.42548705 ] ] ] } },
{ "type": "Feature", "properties": { "id": "versorggruen_2020.1400836221000100", "styp_id": "1400836221000100", "sst_name": "niedrige Bebauung mit Hausgärten", "voeff_name": "versorgter Bereich", "vpriv_name": "hoch: aufgelockerte Siedlungsbebauung", "versorg_sst": 1, "esst_name": "Low buildings with yards", "evoeff_name": "good availability", "evpriv_name": "high: loose settlement development" }, "geometry": { "type": "Polygon", "coordinates": [ [ [ 13.48801078, 52.41228153 ], [ 13.48823761, 52.41220632 ], [ 13.48900751, 52.41186659 ], [ 13.48876945, 52.41164966 ], [ 13.4878344, 52.41202258 ], [ 13.48801078, 52.41228153 ] ] ] } },
{ "type": "Feature", "properties": { "id": "versorggruen_2020.1400836231000000", "styp_id": "1400836231000000", "sst_name": "niedrige Bebauung mit Hausgärten", "voeff_name": "versorgter Bereich", "vpriv_name": "hoch: aufgelockerte Siedlungsbebauung", "versorg_sst": 1, "esst_name": "Low buildings with yards", "evoeff_name": "good availability", "evpriv_name": "high: loose settlement development" }, "geometry": { "type": "Polygon", "coordinates": [ [ [ 13.48739497, 52.4102426 ], [ 13.48740409, 52.41029142 ], [ 13.48904725, 52.41179969 ], [ 13.48942082, 52.41122268 ], [ 13.48766632, 52.4097963 ], [ 13.48739497, 52.4102426 ] ] ] } },
{ "type": "Feature", "properties": { "id": "versorggruen_2020.1400836241000000", "styp_id": "1400836241000000", "sst_name": "niedrige Bebauung mit Hausgärten", "voeff_name": "versorgter Bereich", "vpriv_name": "hoch: aufgelockerte Siedlungsbebauung", "versorg_sst": 1, "esst_name": "Low buildings with yards", "evoeff_name": "good availability", "evpriv_name": "high: loose settlement development" }, "geometry": { "type": "Polygon", "coordinates": [ [ [ 13.488957, 52.41075164 ], [ 13.48956911, 52.41047711 ], [ 13.48794794, 52.40914674 ], [ 13.48763289, 52.40969457 ], [ 13.488957, 52.41075164 ] ] ] } },
{ "type": "Feature", "properties": { "id": "versorggruen_2020.1400836261000100", "styp_id": "1400836261000100", "sst_name": "niedrige Bebauung mit Hausgärten", "voeff_name": "versorgter Bereich", "vpriv_name": "hoch: aufgelockerte Siedlungsbebauung", "versorg_sst": 1, "esst_name": "Low buildings with yards", "evoeff_name": "good availability", "evpriv_name": "high: loose settlement development" }, "geometry": { "type": "Polygon", "coordinates": [ [ [ 13.47799204, 52.44208715 ], [ 13.47943033, 52.44138963 ], [ 13.47854625, 52.44051928 ], [ 13.47701586, 52.44117593 ], [ 13.47799204, 52.44208715 ] ] ] } },
{ "type": "Feature", "properties": { "id": "versorggruen_2020.1400836261000300", "styp_id": "1400836261000300", "sst_name": "niedrige Bebauung mit Hausgärten", "voeff_name": "versorgter Bereich", "vpriv_name": "hoch: aufgelockerte Siedlungsbebauung", "versorg_sst": 1, "esst_name": "Low buildings with yards", "evoeff_name": "good availability", "evpriv_name": "high: loose settlement development" }, "geometry": { "type": "Polygon", "coordinates": [ [ [ 13.47521936, 52.43933841 ], [ 13.47589455, 52.43917319 ], [ 13.47666685, 52.43897267 ], [ 13.47583808, 52.43834217 ], [ 13.47469214, 52.43889608 ], [ 13.47521936, 52.43933841 ] ] ] } },
{ "type": "Feature", "properties": { "id": "versorggruen_2020.1400836271000000", "styp_id": "1400836271000000", "sst_name": "niedrige Bebauung mit Hausgärten", "voeff_name": "versorgter Bereich", "vpriv_name": "hoch: aufgelockerte Siedlungsbebauung", "versorg_sst": 1, "esst_name": "Low buildings with yards", "evoeff_name": "good availability", "evpriv_name": "high: loose settlement development" }, "geometry": { "type": "Polygon", "coordinates": [ [ [ 13.5146877, 52.41578121 ], [ 13.51568074, 52.41599603 ], [ 13.51577047, 52.41596466 ], [ 13.51661427, 52.41451626 ], [ 13.51656895, 52.41445809 ], [ 13.51592006, 52.41433552 ], [ 13.51445742, 52.41560306 ], [ 13.51444843, 52.41568483 ], [ 13.5146877, 52.41578121 ] ] ] } },
{ "type": "Feature", "properties": { "id": "versorggruen_2020.1400836281000000", "styp_id": "1400836281000000", "sst_name": "niedrige Bebauung mit Hausgärten", "voeff_name": "versorgter Bereich", "vpriv_name": "hoch: aufgelockerte Siedlungsbebauung", "versorg_sst": 1, "esst_name": "Low buildings with yards", "evoeff_name": "good availability", "evpriv_name": "high: loose settlement development" }, "geometry": { "type": "Polygon", "coordinates": [ [ [ 13.51674103, 52.41454478 ], [ 13.51594378, 52.41599268 ], [ 13.51597746, 52.41606191 ], [ 13.51688675, 52.41624968 ], [ 13.51700292, 52.41621474 ], [ 13.51781484, 52.41476954 ], [ 13.51776689, 52.41470687 ], [ 13.51684571, 52.41451648 ], [ 13.51674103, 52.41454478 ] ] ] } },
{ "type": "Feature", "properties": { "id": "versorggruen_2020.1400836291000000", "styp_id": "1400836291000000", "sst_name": "niedrige Bebauung mit Hausgärten", "voeff_name": "versorgter Bereich", "vpriv_name": "hoch: aufgelockerte Siedlungsbebauung", "versorg_sst": 1, "esst_name": "Low buildings with yards", "evoeff_name": "good availability", "evpriv_name": "high: loose settlement development" }, "geometry": { "type": "Polygon", "coordinates": [ [ [ 13.51793382, 52.4148038 ], [ 13.51714247, 52.41624543 ], [ 13.5171732, 52.41630836 ], [ 13.51812217, 52.41650425 ], [ 13.5182413, 52.41646572 ], [ 13.51903255, 52.41503037 ], [ 13.5189979, 52.41495819 ], [ 13.51804367, 52.41476019 ], [ 13.51793382, 52.4148038 ] ] ] } },
{ "type": "Feature", "properties": { "id": "versorggruen_2020.1400836311000100", "styp_id": "1400836311000100", "sst_name": "niedrige Bebauung mit Hausgärten", "voeff_name": "versorgter Bereich", "vpriv_name": "hoch: aufgelockerte Siedlungsbebauung", "versorg_sst": 1, "esst_name": "Low buildings with yards", "evoeff_name": "good availability", "evpriv_name": "high: loose settlement development" }, "geometry": { "type": "Polygon", "coordinates": [ [ [ 13.48298944, 52.40492783 ], [ 13.48352111, 52.40400851 ], [ 13.4842394, 52.40415403 ], [ 13.4842316, 52.40412325 ], [ 13.48434698, 52.40388165 ], [ 13.48542102, 52.40205594 ], [ 13.48551403, 52.40191496 ], [ 13.48570405, 52.40176152 ], [ 13.48589676, 52.40168806 ], [ 13.48634079, 52.40158793 ], [ 13.48639684, 52.4015206 ], [ 13.48606363, 52.40095854 ], [ 13.48545206, 52.40107553 ], [ 13.48524178, 52.4011328 ], [ 13.4848226, 52.40127249 ], [ 13.48446941, 52.4014491 ], [ 13.48427358, 52.40158097 ], [ 13.48405841, 52.40178561 ], [ 13.48395957, 52.4019095 ], [ 13.48247895, 52.40449228 ], [ 13.48238088, 52.40469114 ], [ 13.4823163, 52.40490065 ], [ 13.48231638, 52.40510047 ], [ 13.48235079, 52.40523284 ], [ 13.48239404, 52.40532881 ], [ 13.48246049, 52.40543635 ], [ 13.48253137, 52.40551992 ], [ 13.48266457, 52.40563908 ], [ 13.48280361, 52.40575026 ], [ 13.48293836, 52.4058419 ], [ 13.48298944, 52.40492783 ] ] ] } },
{ "type": "Feature", "properties": { "id": "versorggruen_2020.1400836311000200", "styp_id": "1400836311000200", "sst_name": "niedrige Bebauung mit Hausgärten", "voeff_name": "versorgter Bereich", "vpriv_name": "hoch: aufgelockerte Siedlungsbebauung", "versorg_sst": 1, "esst_name": "Low buildings with yards", "evoeff_name": "good availability", "evpriv_name": "high: loose settlement development" }, "geometry": { "type": "Polygon", "coordinates": [ [ [ 13.48359917, 52.40625567 ], [ 13.48370952, 52.40625846 ], [ 13.48557984, 52.40513699 ], [ 13.48446557, 52.40447222 ], [ 13.48435122, 52.4043903 ], [ 13.48427077, 52.40427787 ], [ 13.4842394, 52.40415403 ], [ 13.48352111, 52.40400851 ], [ 13.48298944, 52.40492783 ], [ 13.48293836, 52.4058419 ], [ 13.48359917, 52.40625567 ] ] ] } },
{ "type": "Feature", "properties": { "id": "versorggruen_2020.1400836331000000", "styp_id": "1400836331000000", "sst_name": "niedrige Bebauung mit Hausgärten", "voeff_name": "versorgter Bereich", "vpriv_name": "hoch: aufgelockerte Siedlungsbebauung", "versorg_sst": 1, "esst_name": "Low buildings with yards", "evoeff_name": "good availability", "evpriv_name": "high: loose settlement development" }, "geometry": { "type": "Polygon", "coordinates": [ [ [ 13.4875698, 52.40135843 ], [ 13.48768322, 52.4012678 ], [ 13.48797576, 52.40121602 ], [ 13.48804005, 52.40132843 ], [ 13.48845314, 52.40125522 ], [ 13.4881213, 52.40062592 ], [ 13.48801539, 52.40057135 ], [ 13.48628121, 52.40091656 ], [ 13.48659806, 52.40153971 ], [ 13.4875698, 52.40135843 ] ] ] } },
{ "type": "Feature", "properties": { "id": "versorggruen_2020.1400836351000000", "styp_id": "1400836351000000", "sst_name": "Siedlungsbebauung der 90er Jahre", "voeff_name": "versorgter Bereich", "vpriv_name": "mittel: Zeilen oder kompakte Siedlung", "versorg_sst": 2, "esst_name": "Residential development of the 1990s", "evoeff_name": "good availability", "evpriv_name": "medium: row development or compact settlement" }, "geometry": { "type": "Polygon", "coordinates": [ [ [ 13.50450313, 52.40238365 ], [ 13.50436936, 52.40251096 ], [ 13.50438205, 52.40255262 ], [ 13.50311285, 52.40378813 ], [ 13.50313503, 52.4038193 ], [ 13.50463513, 52.40439812 ], [ 13.50468984, 52.40439053 ], [ 13.50593642, 52.40315153 ], [ 13.50603378, 52.40314193 ], [ 13.50613937, 52.40302818 ], [ 13.50613326, 52.40299228 ], [ 13.50542853, 52.40271894 ], [ 13.50528563, 52.40286682 ], [ 13.50530584, 52.40292047 ], [ 13.50462127, 52.40355161 ], [ 13.50437082, 52.40346374 ], [ 13.50504844, 52.4028242 ], [ 13.50513181, 52.40280995 ], [ 13.50527912, 52.40266207 ], [ 13.50456179, 52.40237937 ], [ 13.50450313, 52.40238365 ] ] ] } },
{ "type": "Feature", "properties": { "id": "versorggruen_2020.1400836361000000", "styp_id": "1400836361000000", "sst_name": "dörfliche Bebauung", "voeff_name": "nicht versorgter Bereich", "vpriv_name": "hoch: aufgelockerte Siedlungsbebauung", "versorg_sst": 10, "esst_name": "Village-like development", "evoeff_name": "no availability", "evpriv_name": "high: loose settlement development" }, "geometry": { "type": "Polygon", "coordinates": [ [ [ 13.49035529, 52.42006207 ], [ 13.49125479, 52.42048566 ], [ 13.49137127, 52.42048816 ], [ 13.49220104, 52.42013158 ], [ 13.49406454, 52.41875873 ], [ 13.49494881, 52.41813405 ], [ 13.49446627, 52.41787843 ], [ 13.49443201, 52.41790069 ], [ 13.49371733, 52.41751657 ], [ 13.4936079, 52.41752063 ], [ 13.49034384, 52.41999796 ], [ 13.49035529, 52.42006207 ] ] ] } },
{ "type": "Feature", "properties": { "id": "versorggruen_2020.1400836371000000", "styp_id": "1400836371000000", "sst_name": "geringe Bebauung mit überwiegender Nutzung durch Gewerbe und Industrie", "voeff_name": "nicht versorgter Bereich", "vpriv_name": "gering: Blockrandbebauung", "versorg_sst": 12, "esst_name": "Sparse development with predominantly commercial and industrial use", "evoeff_name": "no availability", "evpriv_name": "low: Wilhelminian-period block-edge development" }, "geometry": { "type": "Polygon", "coordinates": [ [ [ 13.49380645, 52.41744698 ], [ 13.49500593, 52.41809229 ], [ 13.49604858, 52.41734015 ], [ 13.49720424, 52.41619202 ], [ 13.49654359, 52.41594326 ], [ 13.49630373, 52.41604365 ], [ 13.49626414, 52.41601215 ], [ 13.4957932, 52.41622372 ], [ 13.49532954, 52.41645596 ], [ 13.49464794, 52.41682994 ], [ 13.49381592, 52.41736462 ], [ 13.49380645, 52.41744698 ] ] ] } },
{ "type": "Feature", "properties": { "id": "versorggruen_2020.1400836381000100", "styp_id": "1400836381000100", "sst_name": "Zeilenbebauung seit den 50er Jahren", "voeff_name": "versorgter Bereich", "vpriv_name": "mittel: Zeilen oder kompakte Siedlung", "versorg_sst": 2, "esst_name": "Row development since the 1950s", "evoeff_name": "good availability", "evpriv_name": "medium: row development or compact settlement" }, "geometry": { "type": "Polygon", "coordinates": [ [ [ 13.4906083, 52.41401167 ], [ 13.49106292, 52.41428171 ], [ 13.49146318, 52.41479895 ], [ 13.4925751, 52.41617981 ], [ 13.4938612, 52.41684325 ], [ 13.49440795, 52.4164774 ], [ 13.49519407, 52.41605051 ], [ 13.49575194, 52.41576445 ], [ 13.49574725, 52.41575906 ], [ 13.49566991, 52.41567 ], [ 13.49554813, 52.41560247 ], [ 13.49555683, 52.41559463 ], [ 13.49429368, 52.41485741 ], [ 13.49385629, 52.41464802 ], [ 13.49371563, 52.41464092 ], [ 13.49342823, 52.41481915 ], [ 13.49301839, 52.41494861 ], [ 13.4929191, 52.41501787 ], [ 13.49297259, 52.41513735 ], [ 13.49309929, 52.41529533 ], [ 13.49327395, 52.41543269 ], [ 13.49351795, 52.41555675 ], [ 13.4935341, 52.41564374 ], [ 13.49344998, 52.41571836 ], [ 13.49330587, 52.41573047 ], [ 13.49318931, 52.41567792 ], [ 13.49316952, 52.41558869 ], [ 13.4930057, 52.4154848 ], [ 13.49286747, 52.41536309 ], [ 13.4927548, 52.41523027 ], [ 13.49266485, 52.41504261 ], [ 13.49261537, 52.41502235 ], [ 13.49199, 52.4151051 ], [ 13.49217124, 52.41495343 ], [ 13.49256404, 52.41490156 ], [ 13.49296671, 52.41483211 ], [ 13.4932933, 52.41472374 ], [ 13.49353625, 52.41457633 ], [ 13.49347478, 52.41449119 ], [ 13.49297078, 52.41426493 ], [ 13.49300566, 52.41423588 ], [ 13.49226704, 52.4138976 ], [ 13.49177957, 52.41374697 ], [ 13.4910701, 52.41362663 ], [ 13.4906083, 52.41401167 ] ] ] } },
{ "type": "Feature", "properties": { "id": "versorggruen_2020.1400836381000200", "styp_id": "1400836381000200", "sst_name": "niedrige Bebauung mit Hausgärten", "voeff_name": "versorgter Bereich", "vpriv_name": "hoch: aufgelockerte Siedlungsbebauung", "versorg_sst": 1, "esst_name": "Low buildings with yards", "evoeff_name": "good availability", "evpriv_name": "high: loose settlement development" }, "geometry": { "type": "Polygon", "coordinates": [ [ [ 13.49041428, 52.41537181 ], [ 13.49079911, 52.4162046 ], [ 13.49103111, 52.41675395 ], [ 13.49124146, 52.41717657 ], [ 13.49132326, 52.41763652 ], [ 13.49205183, 52.41755699 ], [ 13.49244807, 52.41750057 ], [ 13.49257455, 52.41734844 ], [ 13.4926789, 52.41720315 ], [ 13.49260212, 52.41704958 ], [ 13.49206354, 52.41636418 ], [ 13.49155408, 52.41563158 ], [ 13.49122393, 52.41518645 ], [ 13.49051265, 52.41530776 ], [ 13.49041428, 52.41537181 ] ] ] } },
{ "type": "Feature", "properties": { "id": "versorggruen_2020.1400836401000000", "styp_id": "1400836401000000", "sst_name": "Zeilenbebauung seit den 50er Jahren", "voeff_name": "nicht versorgter Bereich", "vpriv_name": "mittel: Zeilen oder kompakte Siedlung", "versorg_sst": 11, "esst_name": "Row development since the 1950s", "evoeff_name": "no availability", "evpriv_name": "medium: row development or compact settlement" }, "geometry": { "type": "Polygon", "coordinates": [ [ [ 13.49018767, 52.42097133 ], [ 13.49057817, 52.42081722 ], [ 13.49105915, 52.42065527 ], [ 13.4910604, 52.42056852 ], [ 13.4901438, 52.42021529 ], [ 13.4900325, 52.42023262 ], [ 13.4896509, 52.42058351 ], [ 13.48946395, 52.42077083 ], [ 13.48882474, 52.42154872 ], [ 13.49018767, 52.42097133 ] ] ] } },
{ "type": "Feature", "properties": { "id": "versorggruen_2020.1400836411000100", "styp_id": "1400836411000100", "sst_name": "Zeilenbebauung seit den 50er Jahren", "voeff_name": "unterversorgter Bereich", "vpriv_name": "mittel: Zeilen oder kompakte Siedlung", "versorg_sst": 5, "esst_name": "Row development since the 1950s", "evoeff_name": "reduced availability", "evpriv_name": "medium: row development or compact settlement" }, "geometry": { "type": "Polygon", "coordinates": [ [ [ 13.5015454, 52.42028179 ], [ 13.50169112, 52.42028573 ], [ 13.50186204, 52.42015321 ], [ 13.50198621, 52.42010216 ], [ 13.50213201, 52.42007577 ], [ 13.50236233, 52.42008609 ], [ 13.50395517, 52.42009095 ], [ 13.50556194, 52.41858235 ], [ 13.50147552, 52.4181665 ], [ 13.50137464, 52.41815015 ], [ 13.50067721, 52.41878169 ], [ 13.50061791, 52.41876146 ], [ 13.50024136, 52.41897882 ], [ 13.49963365, 52.41950774 ], [ 13.5015454, 52.42028179 ] ] ] } },
{ "type": "Feature", "properties": { "id": "versorggruen_2020.1400836411000200", "styp_id": "1400836411000200", "sst_name": "Zeilenbebauung seit den 50er Jahren", "voeff_name": "unterversorgter Bereich", "vpriv_name": "mittel: Zeilen oder kompakte Siedlung", "versorg_sst": 5, "esst_name": "Row development since the 1950s", "evoeff_name": "reduced availability", "evpriv_name": "medium: row development or compact settlement" }, "geometry": { "type": "Polygon", "coordinates": [ [ [ 13.49927433, 52.41936206 ], [ 13.50056601, 52.41845897 ], [ 13.50101871, 52.41807923 ], [ 13.50065738, 52.41798321 ], [ 13.50010678, 52.41778131 ], [ 13.49986318, 52.41765973 ], [ 13.49967536, 52.4175472 ], [ 13.49952432, 52.41743201 ], [ 13.4990232, 52.41785453 ], [ 13.49914294, 52.41790201 ], [ 13.49807733, 52.41887042 ], [ 13.49927433, 52.41936206 ] ] ] } },
{ "type": "Feature", "properties": { "id": "versorggruen_2020.1400836421000100", "styp_id": "1400836421000100", "sst_name": "Zeilenbebauung seit den 50er Jahren", "voeff_name": "unterversorgter Bereich", "vpriv_name": "mittel: Zeilen oder kompakte Siedlung", "versorg_sst": 5, "esst_name": "Row development since the 1950s", "evoeff_name": "reduced availability", "evpriv_name": "medium: row development or compact settlement" }, "geometry": { "type": "Polygon", "coordinates": [ [ [ 13.50089654, 52.41698258 ], [ 13.50114258, 52.41677047 ], [ 13.5025678, 52.4171684 ], [ 13.50170797, 52.4179834 ], [ 13.50241067, 52.41804797 ], [ 13.50242105, 52.41801023 ], [ 13.50580806, 52.41833996 ], [ 13.50658902, 52.41760205 ], [ 13.50693831, 52.41736296 ], [ 13.51015861, 52.41442201 ], [ 13.50625813, 52.41283069 ], [ 13.50234156, 52.41650039 ], [ 13.50295838, 52.4166592 ], [ 13.50288025, 52.4167382 ], [ 13.50090501, 52.41619871 ], [ 13.50025342, 52.41679974 ], [ 13.50089654, 52.41698258 ] ] ] } },
{ "type": "Feature", "properties": { "id": "versorggruen_2020.1400836431000100", "styp_id": "1400836431000100", "sst_name": "niedrige Bebauung mit Hausgärten", "voeff_name": "versorgter Bereich", "vpriv_name": "hoch: aufgelockerte Siedlungsbebauung", "versorg_sst": 1, "esst_name": "Low buildings with yards", "evoeff_name": "good availability", "evpriv_name": "high: loose settlement development" }, "geometry": { "type": "Polygon", "coordinates": [ [ [ 13.50841966, 52.41159014 ], [ 13.50910488, 52.41094893 ], [ 13.50849894, 52.41076691 ], [ 13.50635828, 52.41275351 ], [ 13.50692663, 52.4129872 ], [ 13.50841966, 52.41159014 ] ] ] } },
{ "type": "Feature", "properties": { "id": "versorggruen_2020.1400836431000200", "styp_id": "1400836431000200", "sst_name": "niedrige Bebauung mit Hausgärten", "voeff_name": "versorgter Bereich", "vpriv_name": "hoch: aufgelockerte Siedlungsbebauung", "versorg_sst": 1, "esst_name": "Low buildings with yards", "evoeff_name": "good availability", "evpriv_name": "high: loose settlement development" }, "geometry": { "type": "Polygon", "coordinates": [ [ [ 13.51151891, 52.41317653 ], [ 13.51260415, 52.41217466 ], [ 13.51259402, 52.41212433 ], [ 13.51128152, 52.41160273 ], [ 13.51058295, 52.41225192 ], [ 13.51005102, 52.41274624 ], [ 13.51151891, 52.41317653 ] ] ] } },
{ "type": "Feature", "properties": { "id": "versorggruen_2020.1400836441000000", "styp_id": "1400836441000000", "sst_name": "niedrige Bebauung mit Hausgärten", "voeff_name": "versorgter Bereich", "vpriv_name": "hoch: aufgelockerte Siedlungsbebauung", "versorg_sst": 1, "esst_name": "Low buildings with yards", "evoeff_name": "good availability", "evpriv_name": "high: loose settlement development" }, "geometry": { "type": "Polygon", "coordinates": [ [ [ 13.49643362, 52.41436059 ], [ 13.49633361, 52.41438654 ], [ 13.49633312, 52.41455279 ], [ 13.49624882, 52.41472974 ], [ 13.49580816, 52.41514264 ], [ 13.49582988, 52.41525499 ], [ 13.49633628, 52.41547393 ], [ 13.49650969, 52.41547951 ], [ 13.49755272, 52.41509804 ], [ 13.49759126, 52.41502148 ], [ 13.49751081, 52.414883 ], [ 13.49749505, 52.41475177 ], [ 13.49791871, 52.41259993 ], [ 13.49692695, 52.41252066 ], [ 13.49641999, 52.41250213 ], [ 13.49608048, 52.41251253 ], [ 13.49519689, 52.41263378 ], [ 13.49643362, 52.41436059 ] ] ] } },
{ "type": "Feature", "properties": { "id": "versorggruen_2020.1400836451000000", "styp_id": "1400836451000000", "sst_name": "niedrige Bebauung mit Hausgärten", "voeff_name": "versorgter Bereich", "vpriv_name": "hoch: aufgelockerte Siedlungsbebauung", "versorg_sst": 1, "esst_name": "Low buildings with yards", "evoeff_name": "good availability", "evpriv_name": "high: loose settlement development" }, "geometry": { "type": "Polygon", "coordinates": [ [ [ 13.4954908, 52.41511263 ], [ 13.4960418, 52.41465941 ], [ 13.49611869, 52.41450133 ], [ 13.49613676, 52.41435487 ], [ 13.49607402, 52.41420113 ], [ 13.49499249, 52.41267489 ], [ 13.49447178, 52.41282888 ], [ 13.49417307, 52.41295345 ], [ 13.49383017, 52.41311393 ], [ 13.49351211, 52.41331937 ], [ 13.49284715, 52.41394176 ], [ 13.4954908, 52.41511263 ] ] ] } },
{ "type": "Feature", "properties": { "id": "versorggruen_2020.1400836471000000", "styp_id": "1400836471000000", "sst_name": "niedrige Bebauung mit Hausgärten", "voeff_name": "versorgter Bereich", "vpriv_name": "hoch: aufgelockerte Siedlungsbebauung", "versorg_sst": 1, "esst_name": "Low buildings with yards", "evoeff_name": "good availability", "evpriv_name": "high: loose settlement development" }, "geometry": { "type": "Polygon", "coordinates": [ [ [ 13.50216089, 52.40345254 ], [ 13.50292419, 52.40373615 ], [ 13.50417425, 52.40246826 ], [ 13.50423696, 52.40245994 ], [ 13.50436814, 52.40232853 ], [ 13.50435654, 52.40230154 ], [ 13.5036213, 52.40203572 ], [ 13.50216089, 52.40345254 ] ] ] } },
{ "type": "Feature", "properties": { "id": "versorggruen_2020.1400836481000000", "styp_id": "1400836481000000", "sst_name": "niedrige Bebauung mit Hausgärten", "voeff_name": "versorgter Bereich", "vpriv_name": "hoch: aufgelockerte Siedlungsbebauung", "versorg_sst": 1, "esst_name": "Low buildings with yards", "evoeff_name": "good availability", "evpriv_name": "high: loose settlement development" }, "geometry": { "type": "Polygon", "coordinates": [ [ [ 13.48569252, 52.40307536 ], [ 13.48625634, 52.40412208 ], [ 13.48673567, 52.40448212 ], [ 13.48722756, 52.40459144 ], [ 13.48656715, 52.40573107 ], [ 13.48697683, 52.40616262 ], [ 13.4885747, 52.40561031 ], [ 13.48698262, 52.40258981 ], [ 13.48588711, 52.40287249 ], [ 13.48574159, 52.40289299 ], [ 13.48566059, 52.40295041 ], [ 13.48569252, 52.40307536 ] ] ] } },
{ "type": "Feature", "properties": { "id": "versorggruen_2020.1400836491000200", "styp_id": "1400836491000200", "sst_name": "Siedlungsbebauung der 90er Jahre", "voeff_name": "versorgter Bereich", "vpriv_name": "mittel: Zeilen oder kompakte Siedlung", "versorg_sst": 2, "esst_name": "Residential development of the 1990s", "evoeff_name": "good availability", "evpriv_name": "medium: row development or compact settlement" }, "geometry": { "type": "Polygon", "coordinates": [ [ [ 13.50579165, 52.40811058 ], [ 13.50674728, 52.40717847 ], [ 13.50661783, 52.40701352 ], [ 13.5067763, 52.40676848 ], [ 13.50710155, 52.40684649 ], [ 13.50738941, 52.40655415 ], [ 13.50630478, 52.40613747 ], [ 13.50471423, 52.40769034 ], [ 13.50579165, 52.40811058 ] ] ] } },
{ "type": "Feature", "properties": { "id": "versorggruen_2020.1400836491000400", "styp_id": "1400836491000400", "sst_name": "Zeilenbebauung seit den 50er Jahren", "voeff_name": "versorgter Bereich", "vpriv_name": "mittel: Zeilen oder kompakte Siedlung", "versorg_sst": 2, "esst_name": "Row development since the 1950s", "evoeff_name": "good availability", "evpriv_name": "medium: row development or compact settlement" }, "geometry": { "type": "Polygon", "coordinates": [ [ [ 13.50372289, 52.40865637 ], [ 13.50480814, 52.40907097 ], [ 13.50579165, 52.40811058 ], [ 13.50471423, 52.40769034 ], [ 13.50372289, 52.40865637 ] ] ] } },
{ "type": "Feature", "properties": { "id": "versorggruen_2020.1400836491000500", "styp_id": "1400836491000500", "sst_name": "niedrige Bebauung mit Hausgärten", "voeff_name": "versorgter Bereich", "vpriv_name": "hoch: aufgelockerte Siedlungsbebauung", "versorg_sst": 1, "esst_name": "Low buildings with yards", "evoeff_name": "good availability", "evpriv_name": "high: loose settlement development" }, "geometry": { "type": "Polygon", "coordinates": [ [ [ 13.50516335, 52.40959256 ], [ 13.50785196, 52.40681827 ], [ 13.50738941, 52.40655415 ], [ 13.50710155, 52.40684649 ], [ 13.5067763, 52.40676848 ], [ 13.50661783, 52.40701352 ], [ 13.50674728, 52.40717847 ], [ 13.50579165, 52.40811058 ], [ 13.50480814, 52.40907097 ], [ 13.50372289, 52.40865637 ], [ 13.50471423, 52.40769034 ], [ 13.50630478, 52.40613747 ], [ 13.50582303, 52.40595823 ], [ 13.50296878, 52.40875183 ], [ 13.50516335, 52.40959256 ] ], [ [ 13.50694233, 52.40701624 ], [ 13.50699597, 52.40699566 ], [ 13.50704955, 52.4069945 ], [ 13.50712496, 52.40699822 ], [ 13.50719236, 52.40702378 ], [ 13.50731913, 52.4071125 ], [ 13.5073785, 52.40717325 ], [ 13.50739422, 52.40723031 ], [ 13.50737621, 52.40728612 ], [ 13.50733639, 52.40733462 ], [ 13.50729468, 52.40734915 ], [ 13.50719345, 52.4073539 ], [ 13.50712405, 52.40733441 ], [ 13.50704674, 52.40730156 ], [ 13.50698735, 52.40724689 ], [ 13.50693793, 52.40717523 ], [ 13.50691644, 52.40705141 ], [ 13.50694233, 52.40701624 ] ] ] } },
{ "type": "Feature", "properties": { "id": "versorggruen_2020.1400836501000000", "styp_id": "1400836501000000", "sst_name": "niedrige Bebauung mit Hausgärten", "voeff_name": "versorgter Bereich", "vpriv_name": "hoch: aufgelockerte Siedlungsbebauung", "versorg_sst": 1, "esst_name": "Low buildings with yards", "evoeff_name": "good availability", "evpriv_name": "high: loose settlement development" }, "geometry": { "type": "Polygon", "coordinates": [ [ [ 13.50127287, 52.40310685 ], [ 13.50202488, 52.40339224 ], [ 13.50347393, 52.40197772 ], [ 13.50272193, 52.40169234 ], [ 13.50127287, 52.40310685 ] ] ] } },
{ "type": "Feature", "properties": { "id": "versorggruen_2020.1400836511000200", "styp_id": "1400836511000200", "sst_name": "niedrige Bebauung mit Hausgärten", "voeff_name": "nicht versorgter Bereich", "vpriv_name": "hoch: aufgelockerte Siedlungsbebauung", "versorg_sst": 10, "esst_name": "Low buildings with yards", "evoeff_name": "no availability", "evpriv_name": "high: loose settlement development" }, "geometry": { "type": "Polygon", "coordinates": [ [ [ 13.49441382, 52.43079649 ], [ 13.49644646, 52.43010776 ], [ 13.49719896, 52.42980819 ], [ 13.49720744, 52.42980481 ], [ 13.49631837, 52.42852617 ], [ 13.49468276, 52.42924282 ], [ 13.49383781, 52.43035149 ], [ 13.49441382, 52.43079649 ] ] ] } },
{ "type": "Feature", "properties": { "id": "versorggruen_2020.1400836511000300", "styp_id": "1400836511000300", "sst_name": "niedrige Bebauung mit Hausgärten", "voeff_name": "nicht versorgter Bereich", "vpriv_name": "hoch: aufgelockerte Siedlungsbebauung", "versorg_sst": 10, "esst_name": "Low buildings with yards", "evoeff_name": "no availability", "evpriv_name": "high: loose settlement development" }, "geometry": { "type": "Polygon", "coordinates": [ [ [ 13.49720744, 52.42980481 ], [ 13.49719896, 52.42980819 ], [ 13.49773423, 52.42960436 ], [ 13.49732601, 52.42924652 ], [ 13.49817497, 52.42883645 ], [ 13.49829877, 52.42898848 ], [ 13.5005914, 52.42797103 ], [ 13.50068415, 52.42805472 ], [ 13.50159234, 52.42780526 ], [ 13.50075449, 52.42729432 ], [ 13.49960121, 52.4280004 ], [ 13.49934203, 52.42814391 ], [ 13.49896378, 52.42829628 ], [ 13.49856776, 52.42849445 ], [ 13.4979465, 52.42877237 ], [ 13.49771999, 52.42881615 ], [ 13.49752606, 52.4287782 ], [ 13.49737933, 52.42868458 ], [ 13.49688435, 52.4282797 ], [ 13.49631837, 52.42852617 ], [ 13.49720744, 52.42980481 ] ] ] } },
{ "type": "Feature", "properties": { "id": "versorggruen_2020.1400836521000100", "styp_id": "1400836521000100", "sst_name": "Bebauung mit Gärten und halbprivater Umgrünung", "voeff_name": "nicht versorgter Bereich", "vpriv_name": "hoch: aufgelockerte Siedlungsbebauung", "versorg_sst": 10, "esst_name": "Development with yards and semi-private greening", "evoeff_name": "no availability", "evpriv_name": "high: loose settlement development" }, "geometry": { "type": "Polygon", "coordinates": [ [ [ 13.50727593, 52.42231177 ], [ 13.50867133, 52.42270319 ], [ 13.50929287, 52.42279907 ], [ 13.50982275, 52.4214179 ], [ 13.5097739, 52.42136393 ], [ 13.50895952, 52.42124703 ], [ 13.50723534, 52.42095661 ], [ 13.50609202, 52.42061511 ], [ 13.50570789, 52.42160421 ], [ 13.50554624, 52.42185137 ], [ 13.50727593, 52.42231177 ] ] ] } },
{ "type": "Feature", "properties": { "id": "versorggruen_2020.1400836521000200", "styp_id": "1400836521000200", "sst_name": "niedrige Bebauung mit Hausgärten", "voeff_name": "nicht versorgter Bereich", "vpriv_name": "hoch: aufgelockerte Siedlungsbebauung", "versorg_sst": 10, "esst_name": "Low buildings with yards", "evoeff_name": "no availability", "evpriv_name": "high: loose settlement development" }, "geometry": { "type": "Polygon", "coordinates": [ [ [ 13.50895952, 52.42124703 ], [ 13.50899895, 52.42114393 ], [ 13.50962431, 52.42123112 ], [ 13.50971176, 52.42119744 ], [ 13.51031857, 52.41957656 ], [ 13.50983927, 52.41961293 ], [ 13.50765993, 52.41981576 ], [ 13.50723534, 52.42095661 ], [ 13.50895952, 52.42124703 ] ] ] } },
{ "type": "Feature", "properties": { "id": "versorggruen_2020.1400836541000000", "styp_id": "1400836541000000", "sst_name": "Siedlungsbebauung der 90er Jahre", "voeff_name": "versorgter Bereich", "vpriv_name": "mittel: Zeilen oder kompakte Siedlung", "versorg_sst": 2, "esst_name": "Residential development of the 1990s", "evoeff_name": "good availability", "evpriv_name": "medium: row development or compact settlement" }, "geometry": { "type": "Polygon", "coordinates": [ [ [ 13.50657445, 52.40252443 ], [ 13.5070125, 52.40208749 ], [ 13.50700236, 52.40205319 ], [ 13.5059893, 52.40167724 ], [ 13.50657445, 52.40252443 ] ] ] } },
{ "type": "Feature", "properties": { "id": "versorggruen_2020.1400836551000000", "styp_id": "1400836551000000", "sst_name": "niedrige Bebauung mit Hausgärten", "voeff_name": "versorgter Bereich", "vpriv_name": "hoch: aufgelockerte Siedlungsbebauung", "versorg_sst": 1, "esst_name": "Low buildings with yards", "evoeff_name": "good availability", "evpriv_name": "high: loose settlement development" }, "geometry": { "type": "Polygon", "coordinates": [ [ [ 13.46845885, 52.41903898 ], [ 13.46878464, 52.41910348 ], [ 13.46932745, 52.41908618 ], [ 13.46930029, 52.41825356 ], [ 13.468794999231219, 52.418247821218579 ], [ 13.468781108552662, 52.418274685017117 ], [ 13.46865599550971, 52.418571345417533 ], [ 13.468602767920121, 52.418697637755095 ], [ 13.468588111090549, 52.418732306529783 ], [ 13.468533554966069, 52.418861278966268 ], [ 13.468504090855111, 52.418931333649212 ], [ 13.46845885, 52.41903898 ] ] ] } },
{ "type": "Feature", "properties": { "id": "versorggruen_2020.1400836561000000", "styp_id": "1400836561000000", "sst_name": "niedrige Bebauung mit Hausgärten", "voeff_name": "versorgter Bereich", "vpriv_name": "hoch: aufgelockerte Siedlungsbebauung", "versorg_sst": 1, "esst_name": "Low buildings with yards", "evoeff_name": "good availability", "evpriv_name": "high: loose settlement development" }, "geometry": { "type": "Polygon", "coordinates": [ [ [ 13.47121083, 52.41903642 ], [ 13.47119793, 52.41894385 ], [ 13.47182562, 52.4189222 ], [ 13.47176914, 52.41826071 ], [ 13.46937861, 52.41825366 ], [ 13.4694088, 52.41908261 ], [ 13.47121083, 52.41903642 ] ] ] } },
{ "type": "Feature", "properties": { "id": "versorggruen_2020.1400836571000000", "styp_id": "1400836571000000", "sst_name": "Siedlungsbebauung der 90er Jahre", "voeff_name": "versorgter Bereich", "vpriv_name": "mittel: Zeilen oder kompakte Siedlung", "versorg_sst": 2, "esst_name": "Residential development of the 1990s", "evoeff_name": "good availability", "evpriv_name": "medium: row development or compact settlement" }, "geometry": { "type": "Polygon", "coordinates": [ [ [ 13.50362262, 52.40184054 ], [ 13.50376757, 52.40169871 ], [ 13.50373664, 52.40164175 ], [ 13.50438274, 52.40100383 ], [ 13.50375426, 52.40075947 ], [ 13.50310618, 52.40139769 ], [ 13.50302112, 52.4014113 ], [ 13.50288832, 52.40155309 ], [ 13.50362262, 52.40184054 ] ] ] } },
{ "type": "Feature", "properties": { "id": "versorggruen_2020.1400836591000000", "styp_id": "1400836591000000", "sst_name": "niedrige Bebauung mit Hausgärten", "voeff_name": "versorgter Bereich", "vpriv_name": "hoch: aufgelockerte Siedlungsbebauung", "versorg_sst": 1, "esst_name": "Low buildings with yards", "evoeff_name": "good availability", "evpriv_name": "high: loose settlement development" }, "geometry": { "type": "Polygon", "coordinates": [ [ [ 13.51734992, 52.414522 ], [ 13.52009354, 52.41212061 ], [ 13.52007093, 52.41205883 ], [ 13.51903942, 52.41162443 ], [ 13.51893357, 52.4116441 ], [ 13.51596196, 52.41423766 ], [ 13.51734992, 52.414522 ] ] ] } },
{ "type": "Feature", "properties": { "id": "versorggruen_2020.1400836601000000", "styp_id": "1400836601000000", "sst_name": "niedrige Bebauung mit Hausgärten", "voeff_name": "versorgter Bereich", "vpriv_name": "hoch: aufgelockerte Siedlungsbebauung", "versorg_sst": 1, "esst_name": "Low buildings with yards", "evoeff_name": "good availability", "evpriv_name": "high: loose settlement development" }, "geometry": { "type": "Polygon", "coordinates": [ [ [ 13.52051669, 52.41248651 ], [ 13.52069983, 52.41232689 ], [ 13.52025282, 52.41213293 ], [ 13.51750276, 52.41455247 ], [ 13.51802738, 52.41466162 ], [ 13.52051669, 52.41248651 ] ] ] } },
{ "type": "Feature", "properties": { "id": "versorggruen_2020.1400836611000000", "styp_id": "1400836611000000", "sst_name": "niedrige Bebauung mit Hausgärten", "voeff_name": "versorgter Bereich", "vpriv_name": "hoch: aufgelockerte Siedlungsbebauung", "versorg_sst": 1, "esst_name": "Low buildings with yards", "evoeff_name": "good availability", "evpriv_name": "high: loose settlement development" }, "geometry": { "type": "Polygon", "coordinates": [ [ [ 13.51484255, 52.41806692 ], [ 13.51497853, 52.41807479 ], [ 13.51504509, 52.4180207 ], [ 13.51561064, 52.4170021 ], [ 13.51561704, 52.41697117 ], [ 13.51560134, 52.41692474 ], [ 13.51553589, 52.41689996 ], [ 13.51345182, 52.41647599 ], [ 13.51224093, 52.41753263 ], [ 13.51484255, 52.41806692 ] ] ] } },
{ "type": "Feature", "properties": { "id": "versorggruen_2020.1400836621000100", "styp_id": "1400836621000100", "sst_name": "niedrige Bebauung mit Hausgärten", "voeff_name": "versorgter Bereich", "vpriv_name": "hoch: aufgelockerte Siedlungsbebauung", "versorg_sst": 1, "esst_name": "Low buildings with yards", "evoeff_name": "good availability", "evpriv_name": "high: loose settlement development" }, "geometry": { "type": "Polygon", "coordinates": [ [ [ 13.5113188, 52.41928997 ], [ 13.51215753, 52.41948579 ], [ 13.51296394, 52.41970764 ], [ 13.51374326, 52.41996356 ], [ 13.51407468, 52.4195826 ], [ 13.51485308, 52.41987824 ], [ 13.51526056, 52.41945631 ], [ 13.51496137, 52.41933774 ], [ 13.51445403, 52.4191728 ], [ 13.51442149, 52.41914475 ], [ 13.51289723, 52.41865483 ], [ 13.51241587, 52.41852213 ], [ 13.51227795, 52.4186332 ], [ 13.51215952, 52.4188104 ], [ 13.51105537, 52.41859138 ], [ 13.5109161, 52.41871353 ], [ 13.51087035, 52.41877819 ], [ 13.51074009, 52.41912225 ], [ 13.51078699, 52.4191888 ], [ 13.5113188, 52.41928997 ] ] ] } },
{ "type": "Feature", "properties": { "id": "versorggruen_2020.1400836621000200", "styp_id": "1400836621000200", "sst_name": "niedrige Bebauung mit Hausgärten", "voeff_name": "versorgter Bereich", "vpriv_name": "hoch: aufgelockerte Siedlungsbebauung", "versorg_sst": 1, "esst_name": "Low buildings with yards", "evoeff_name": "good availability", "evpriv_name": "high: loose settlement development" }, "geometry": { "type": "Polygon", "coordinates": [ [ [ 13.51421808, 52.42013301 ], [ 13.51506536, 52.42045913 ], [ 13.51557199, 52.4206663 ], [ 13.5156869, 52.4206542 ], [ 13.51641749, 52.4199581 ], [ 13.51526056, 52.41945631 ], [ 13.51485308, 52.41987824 ], [ 13.51407468, 52.4195826 ], [ 13.51374326, 52.41996356 ], [ 13.51421808, 52.42013301 ] ] ] } },
{ "type": "Feature", "properties": { "id": "versorggruen_2020.1400836621000300", "styp_id": "1400836621000300", "sst_name": "niedrige Bebauung mit Hausgärten", "voeff_name": "versorgter Bereich", "vpriv_name": "hoch: aufgelockerte Siedlungsbebauung", "versorg_sst": 1, "esst_name": "Low buildings with yards", "evoeff_name": "good availability", "evpriv_name": "high: loose settlement development" }, "geometry": { "type": "Polygon", "coordinates": [ [ [ 13.51215952, 52.4188104 ], [ 13.51227795, 52.4186332 ], [ 13.51241587, 52.41852213 ], [ 13.51289723, 52.41865483 ], [ 13.51442149, 52.41914475 ], [ 13.51435993, 52.41908649 ], [ 13.5144236, 52.41900679 ], [ 13.51453736, 52.4189848 ], [ 13.51463425, 52.41901237 ], [ 13.51476171, 52.41914938 ], [ 13.51534031, 52.41936078 ], [ 13.51762708, 52.41648825 ], [ 13.51424826, 52.41579607 ], [ 13.51351767, 52.41642714 ], [ 13.51389518, 52.41650928 ], [ 13.51556392, 52.41684606 ], [ 13.51568432, 52.41689021 ], [ 13.51571833, 52.41694032 ], [ 13.5156992, 52.41700025 ], [ 13.51516221, 52.41798407 ], [ 13.51507013, 52.41812515 ], [ 13.51497203, 52.41814633 ], [ 13.51483293, 52.41812106 ], [ 13.5121902, 52.41757899 ], [ 13.51105537, 52.41859138 ], [ 13.51215952, 52.4188104 ] ] ] } },
{ "type": "Feature", "properties": { "id": "versorggruen_2020.1400836631000000", "styp_id": "1400836631000000", "sst_name": "niedrige Bebauung mit Hausgärten", "voeff_name": "versorgter Bereich", "vpriv_name": "hoch: aufgelockerte Siedlungsbebauung", "versorg_sst": 1, "esst_name": "Low buildings with yards", "evoeff_name": "good availability", "evpriv_name": "high: loose settlement development" }, "geometry": { "type": "Polygon", "coordinates": [ [ [ 13.50007591, 52.40753736 ], [ 13.50029883, 52.40716195 ], [ 13.50276528, 52.40481185 ], [ 13.50273463, 52.40473903 ], [ 13.50200225, 52.40444709 ], [ 13.50095691, 52.40548367 ], [ 13.50090627, 52.4058085 ], [ 13.50071527, 52.4058003 ], [ 13.50059869, 52.40630431 ], [ 13.50050422, 52.40639703 ], [ 13.50066599, 52.405645 ], [ 13.50023424, 52.40561258 ], [ 13.50004261, 52.4063367 ], [ 13.4996705, 52.407483 ], [ 13.49973056, 52.40754777 ], [ 13.49998614, 52.40757501 ], [ 13.50007591, 52.40753736 ] ] ] } },
{ "type": "Feature", "properties": { "id": "versorggruen_2020.1400836641000000", "styp_id": "1400836641000000", "sst_name": "niedrige Bebauung mit Hausgärten", "voeff_name": "versorgter Bereich", "vpriv_name": "hoch: aufgelockerte Siedlungsbebauung", "versorg_sst": 1, "esst_name": "Low buildings with yards", "evoeff_name": "good availability", "evpriv_name": "high: loose settlement development" }, "geometry": { "type": "Polygon", "coordinates": [ [ [ 13.50068711, 52.4055794 ], [ 13.50084531, 52.40412683 ], [ 13.50094087, 52.40404146 ], [ 13.50071301, 52.40394726 ], [ 13.50043862, 52.4038473 ], [ 13.50038778, 52.40438864 ], [ 13.5002371, 52.40555012 ], [ 13.50068711, 52.4055794 ] ] ] } },
{ "type": "Feature", "properties": { "id": "versorggruen_2020.1400836651000000", "styp_id": "1400836651000000", "sst_name": "niedrige Bebauung mit Hausgärten", "voeff_name": "versorgter Bereich", "vpriv_name": "hoch: aufgelockerte Siedlungsbebauung", "versorg_sst": 1, "esst_name": "Low buildings with yards", "evoeff_name": "good availability", "evpriv_name": "high: loose settlement development" }, "geometry": { "type": "Polygon", "coordinates": [ [ [ 13.50093487, 52.40413592 ], [ 13.50078866, 52.40544692 ], [ 13.50090908, 52.40545603 ], [ 13.50193912, 52.40442905 ], [ 13.50101991, 52.40407572 ], [ 13.50093487, 52.40413592 ] ] ] } },
{ "type": "Feature", "properties": { "id": "versorggruen_2020.1400836661000100", "styp_id": "1400836661000100", "sst_name": "niedrige Bebauung mit Hausgärten", "voeff_name": "versorgter Bereich", "vpriv_name": "hoch: aufgelockerte Siedlungsbebauung", "versorg_sst": 1, "esst_name": "Low buildings with yards", "evoeff_name": "good availability", "evpriv_name": "high: loose settlement development" }, "geometry": { "type": "Polygon", "coordinates": [ [ [ 13.49334071, 52.40766964 ], [ 13.49348065, 52.40750153 ], [ 13.49418717, 52.40661878 ], [ 13.49413116, 52.40653064 ], [ 13.49356451, 52.4063771 ], [ 13.49361774, 52.40629312 ], [ 13.494191, 52.40644667 ], [ 13.49432234, 52.40640923 ], [ 13.49442012, 52.40622319 ], [ 13.49448033, 52.40604034 ], [ 13.49469433, 52.40520767 ], [ 13.4938984, 52.40513839 ], [ 13.49364356, 52.40612154 ], [ 13.49349572, 52.40636058 ], [ 13.49280198, 52.4072312 ], [ 13.49286749, 52.40734314 ], [ 13.49277203, 52.40745937 ], [ 13.49281566, 52.40754891 ], [ 13.49328478, 52.40772074 ], [ 13.49334071, 52.40766964 ] ] ] } },
{ "type": "Feature", "properties": { "id": "versorggruen_2020.1400836681000000", "styp_id": "1400836681000000", "sst_name": "niedrige Bebauung mit Hausgärten", "voeff_name": "nicht versorgter Bereich", "vpriv_name": "hoch: aufgelockerte Siedlungsbebauung", "versorg_sst": 10, "esst_name": "Low buildings with yards", "evoeff_name": "no availability", "evpriv_name": "high: loose settlement development" }, "geometry": { "type": "Polygon", "coordinates": [ [ [ 13.47233148, 52.41191326 ], [ 13.47472085, 52.4143122 ], [ 13.47486362, 52.41425127 ], [ 13.47500643, 52.41417777 ], [ 13.47521851, 52.41404683 ], [ 13.47537625, 52.41390594 ], [ 13.4755193, 52.41376054 ], [ 13.47559756, 52.4136546 ], [ 13.47596268, 52.41303229 ], [ 13.47593054, 52.41297743 ], [ 13.47521248, 52.41280487 ], [ 13.4744393, 52.41242554 ], [ 13.47449818, 52.41239596 ], [ 13.47375493, 52.41186478 ], [ 13.47370195, 52.41188628 ], [ 13.47352163, 52.41176023 ], [ 13.4738162, 52.41114593 ], [ 13.47369431, 52.4111215 ], [ 13.47397979, 52.41058537 ], [ 13.47426363, 52.41009506 ], [ 13.47405374, 52.4100229 ], [ 13.47421311, 52.40982989 ], [ 13.47619184, 52.41047318 ], [ 13.47599708, 52.41113255 ], [ 13.4762203, 52.41117777 ], [ 13.47695615, 52.41129733 ], [ 13.47705177, 52.4112669 ], [ 13.47780395, 52.41003038 ], [ 13.47410407, 52.40881047 ], [ 13.47317381, 52.41056697 ], [ 13.473173596998841, 52.410567327185746 ], [ 13.473124091009341, 52.410661137665826 ], [ 13.473094092484043, 52.410709805863632 ], [ 13.473006907297325, 52.410851054435085 ], [ 13.472933312587548, 52.410970264740648 ], [ 13.47293257, 52.41097151 ], [ 13.472931929771892, 52.410972513069126 ], [ 13.472919700640093, 52.410992482487494 ], [ 13.472846691202458, 52.411110653977552 ], [ 13.472779016262539, 52.411220379728476 ], [ 13.472711470973342, 52.411329747469871 ], [ 13.472694321122122, 52.411357587250571 ], [ 13.472641137985566, 52.411438935295678 ], [ 13.472604048543788, 52.411495774610344 ], [ 13.472333273455199, 52.411910450127209 ], [ 13.47233148, 52.41191326 ] ] ] } },
{ "type": "Feature", "properties": { "id": "versorggruen_2020.1400836701000100", "styp_id": "1400836701000100", "sst_name": "niedrige Bebauung mit Hausgärten", "voeff_name": "versorgter Bereich", "vpriv_name": "hoch: aufgelockerte Siedlungsbebauung", "versorg_sst": 1, "esst_name": "Low buildings with yards", "evoeff_name": "good availability", "evpriv_name": "high: loose settlement development" }, "geometry": { "type": "Polygon", "coordinates": [ [ [ 13.49104921, 52.43578255 ], [ 13.49102071, 52.43579495 ], [ 13.49114436, 52.43589478 ], [ 13.49137464, 52.43607837 ], [ 13.49395337, 52.43482996 ], [ 13.49375097, 52.43466086 ], [ 13.49344487, 52.43479361 ], [ 13.49309319, 52.43449817 ], [ 13.49082203, 52.43560333 ], [ 13.49104921, 52.43578255 ] ] ] } },
{ "type": "Feature", "properties": { "id": "versorggruen_2020.1400836701000200", "styp_id": "1400836701000200", "sst_name": "niedrige Bebauung mit Hausgärten", "voeff_name": "versorgter Bereich", "vpriv_name": "hoch: aufgelockerte Siedlungsbebauung", "versorg_sst": 1, "esst_name": "Low buildings with yards", "evoeff_name": "good availability", "evpriv_name": "high: loose settlement development" }, "geometry": { "type": "Polygon", "coordinates": [ [ [ 13.49262355, 52.43461542 ], [ 13.49309022, 52.43438862 ], [ 13.49316267, 52.43446448 ], [ 13.49309319, 52.43449817 ], [ 13.49344487, 52.43479361 ], [ 13.49375097, 52.43466086 ], [ 13.49212742, 52.43328488 ], [ 13.49203789, 52.43320378 ], [ 13.49132299, 52.43352435 ], [ 13.49262355, 52.43461542 ] ] ] } },
{ "type": "Feature", "properties": { "id": "versorggruen_2020.1400836711000000", "styp_id": "1400836711000000", "sst_name": "hohe Bebauung der Nachkriegszeit", "voeff_name": "schlecht versorgter Bereich", "vpriv_name": "mittel: Zeilen oder kompakte Siedlung", "versorg_sst": 8, "esst_name": "Postwar high-rise development", "evoeff_name": "poor availability", "evpriv_name": "medium: row development or compact settlement" }, "geometry": { "type": "Polygon", "coordinates": [ [ [ 13.47359381, 52.42401456 ], [ 13.47405274, 52.42563185 ], [ 13.47639336, 52.42556628 ], [ 13.47629303, 52.42469043 ], [ 13.47629912, 52.42454022 ], [ 13.47632176, 52.42445148 ], [ 13.47639757, 52.42432867 ], [ 13.47650806, 52.42423307 ], [ 13.47657584, 52.42418643 ], [ 13.47668772, 52.42413894 ], [ 13.47681575, 52.42409866 ], [ 13.47702906, 52.42404951 ], [ 13.47716875, 52.4240389 ], [ 13.47903857, 52.42404215 ], [ 13.47918552, 52.42405851 ], [ 13.47927806, 52.4240784 ], [ 13.47936617, 52.42410457 ], [ 13.4794748, 52.42415053 ], [ 13.47954962, 52.42419556 ], [ 13.47962582, 52.42426575 ], [ 13.47968728, 52.4243494 ], [ 13.47971787, 52.42443481 ], [ 13.47985116, 52.42546395 ], [ 13.48136392, 52.42543886 ], [ 13.48157432, 52.4253834 ], [ 13.48214475, 52.42536703 ], [ 13.48215595, 52.42411585 ], [ 13.48210467, 52.42411728 ], [ 13.48210793, 52.42386951 ], [ 13.48165868, 52.42386896 ], [ 13.48166101, 52.4239018 ], [ 13.48136801, 52.42390442 ], [ 13.48136779, 52.42397159 ], [ 13.48044244, 52.42397045 ], [ 13.48044011, 52.42393463 ], [ 13.48016177, 52.42393428 ], [ 13.48016414, 52.42386544 ], [ 13.47954459, 52.42386467 ], [ 13.47954471, 52.42383015 ], [ 13.47908997, 52.42382865 ], [ 13.4790902, 52.42376055 ], [ 13.47747297, 52.42375759 ], [ 13.47747156, 52.42372213 ], [ 13.47632556, 52.42372068 ], [ 13.47632568, 52.42368523 ], [ 13.47548791, 52.4236851 ], [ 13.47548719, 52.42345 ], [ 13.47344393, 52.42344737 ], [ 13.47359381, 52.42401456 ] ] ] } },
{ "type": "Feature", "properties": { "id": "versorggruen_2020.1400836721000100", "styp_id": "1400836721000100", "sst_name": "hohe Bebauung der Nachkriegszeit", "voeff_name": "schlecht versorgter Bereich", "vpriv_name": "mittel: Zeilen oder kompakte Siedlung", "versorg_sst": 8, "esst_name": "Postwar high-rise development", "evoeff_name": "poor availability", "evpriv_name": "medium: row development or compact settlement" }, "geometry": { "type": "Polygon", "coordinates": [ [ [ 13.48115512, 52.42330711 ], [ 13.4811533, 52.42386087 ], [ 13.48157569, 52.42386289 ], [ 13.48157336, 52.42382855 ], [ 13.4821813, 52.42383079 ], [ 13.48219043, 52.42402484 ], [ 13.48333838, 52.42401958 ], [ 13.48338975, 52.42404301 ], [ 13.4834528, 52.42409341 ], [ 13.48346591, 52.42412758 ], [ 13.4834436, 52.42420933 ], [ 13.48342145, 52.42423896 ], [ 13.48337139, 52.42426406 ], [ 13.4832846, 52.42428462 ], [ 13.48279507, 52.42429032 ], [ 13.4826392, 52.42430451 ], [ 13.48258625, 52.42431523 ], [ 13.48251999, 52.4243493 ], [ 13.4824418, 52.42443278 ], [ 13.48240315, 52.42456483 ], [ 13.48239907, 52.42536464 ], [ 13.4826533, 52.42539191 ], [ 13.48283396, 52.42543796 ], [ 13.48317907, 52.42554712 ], [ 13.48507832, 52.42417687 ], [ 13.4850808, 52.42406432 ], [ 13.48295106, 52.42241471 ], [ 13.48199631, 52.42289301 ], [ 13.48103865, 52.42288547 ], [ 13.48105502, 52.42330848 ], [ 13.48115512, 52.42330711 ] ] ] } },
{ "type": "Feature", "properties": { "id": "versorggruen_2020.1400836731000100", "styp_id": "1400836731000100", "sst_name": "hohe Bebauung der Nachkriegszeit", "voeff_name": "schlecht versorgter Bereich", "vpriv_name": "mittel: Zeilen oder kompakte Siedlung", "versorg_sst": 8, "esst_name": "Postwar high-rise development", "evoeff_name": "poor availability", "evpriv_name": "medium: row development or compact settlement" }, "geometry": { "type": "Polygon", "coordinates": [ [ [ 13.47431847, 52.42339999 ], [ 13.47431704, 52.42337107 ], [ 13.47491064, 52.42337277 ], [ 13.47490962, 52.4232263 ], [ 13.47530026, 52.4232268 ], [ 13.47530316, 52.42327345 ], [ 13.47594248, 52.42326359 ], [ 13.47623437, 52.42326453 ], [ 13.47708439, 52.42326728 ], [ 13.47709112, 52.42278267 ], [ 13.47671311, 52.42276459 ], [ 13.47662158, 52.42283849 ], [ 13.47558676, 52.42282998 ], [ 13.47530072, 52.42265617 ], [ 13.47339719, 52.42263934 ], [ 13.47343799, 52.42339792 ], [ 13.47431847, 52.42339999 ] ] ] } },
{ "type": "Feature", "properties": { "id": "versorggruen_2020.1400836731000200", "styp_id": "1400836731000200", "sst_name": "hohe Bebauung der Nachkriegszeit", "voeff_name": "schlecht versorgter Bereich", "vpriv_name": "mittel: Zeilen oder kompakte Siedlung", "versorg_sst": 8, "esst_name": "Postwar high-rise development", "evoeff_name": "poor availability", "evpriv_name": "medium: row development or compact settlement" }, "geometry": { "type": "Polygon", "coordinates": [ [ [ 13.47709112, 52.42278267 ], [ 13.47708439, 52.42326728 ], [ 13.47850036, 52.42325951 ], [ 13.47851607, 52.42270605 ], [ 13.47905126, 52.42270391 ], [ 13.47905117, 52.42238169 ], [ 13.47886933, 52.42234256 ], [ 13.47871961, 52.42227857 ], [ 13.47856854, 52.42217773 ], [ 13.47847928, 52.42205809 ], [ 13.47841812, 52.42188457 ], [ 13.47822197, 52.42120583 ], [ 13.47817671, 52.42111411 ], [ 13.47810205, 52.42102325 ], [ 13.47795237, 52.42094938 ], [ 13.47778636, 52.42092221 ], [ 13.47551619, 52.42093197 ], [ 13.47556477, 52.42251983 ], [ 13.4766197, 52.42252755 ], [ 13.47675481, 52.42256366 ], [ 13.4768148, 52.42264642 ], [ 13.47678518, 52.42271019 ], [ 13.47671311, 52.42276459 ], [ 13.47709112, 52.42278267 ] ] ] } },
{ "type": "Feature", "properties": { "id": "versorggruen_2020.1400836731000400", "styp_id": "1400836731000400", "sst_name": "hohe Bebauung der Nachkriegszeit", "voeff_name": "schlecht versorgter Bereich", "vpriv_name": "mittel: Zeilen oder kompakte Siedlung", "versorg_sst": 8, "esst_name": "Postwar high-rise development", "evoeff_name": "poor availability", "evpriv_name": "medium: row development or compact settlement" }, "geometry": { "type": "Polygon", "coordinates": [ [ [ 13.47594061, 52.42338994 ], [ 13.47556217, 52.42339039 ], [ 13.47556129, 52.42364694 ], [ 13.47644178, 52.42364806 ], [ 13.47644319, 52.42368258 ], [ 13.47759072, 52.42368403 ], [ 13.4775906, 52.42371948 ], [ 13.47920783, 52.42372151 ], [ 13.47920912, 52.42379055 ], [ 13.47966234, 52.42379111 ], [ 13.47966222, 52.42382563 ], [ 13.4802955, 52.42382735 ], [ 13.4802913, 52.42389713 ], [ 13.48056231, 52.42389895 ], [ 13.48055976, 52.42393179 ], [ 13.48108226, 52.42393094 ], [ 13.48108417, 52.4233518 ], [ 13.48092096, 52.42335611 ], [ 13.48059223, 52.42226734 ], [ 13.48018925, 52.42236847 ], [ 13.47996175, 52.42240603 ], [ 13.47994728, 52.42342009 ], [ 13.48100105, 52.4234616 ], [ 13.48099173, 52.42359901 ], [ 13.4799454, 52.42355183 ], [ 13.47622916, 52.42341423 ], [ 13.47623437, 52.42326453 ], [ 13.47594248, 52.42326359 ], [ 13.47594061, 52.42338994 ] ] ] } },
{ "type": "Feature", "properties": { "id": "versorggruen_2020.1400836741000000", "styp_id": "1400836741000000", "sst_name": "hohe Bebauung der Nachkriegszeit", "voeff_name": "schlecht versorgter Bereich", "vpriv_name": "mittel: Zeilen oder kompakte Siedlung", "versorg_sst": 8, "esst_name": "Postwar high-rise development", "evoeff_name": "poor availability", "evpriv_name": "medium: row development or compact settlement" }, "geometry": { "type": "Polygon", "coordinates": [ [ [ 13.4781467, 52.42085795 ], [ 13.47825226, 52.42093987 ], [ 13.47832695, 52.42102264 ], [ 13.4783869, 52.42111438 ], [ 13.47850777, 52.42145333 ], [ 13.47867349, 52.42200352 ], [ 13.4786881, 52.4220305 ], [ 13.47880821, 52.42215916 ], [ 13.47897406, 52.42223215 ], [ 13.47918411, 52.42227825 ], [ 13.47942365, 52.42229652 ], [ 13.47963385, 52.42229588 ], [ 13.47991908, 52.42227737 ], [ 13.48015582, 52.4222525 ], [ 13.48032352, 52.42221316 ], [ 13.48045584, 52.42216144 ], [ 13.48002423, 52.42133229 ], [ 13.48000579, 52.42083068 ], [ 13.47978018, 52.42072879 ], [ 13.47825149, 52.42072958 ], [ 13.47814707, 52.42074832 ], [ 13.47811599, 52.42081209 ], [ 13.4781467, 52.42085795 ] ] ] } },
{ "type": "Feature", "properties": { "id": "versorggruen_2020.1400836751000000", "styp_id": "1400836751000000", "sst_name": "hohe Bebauung der Nachkriegszeit", "voeff_name": "schlecht versorgter Bereich", "vpriv_name": "mittel: Zeilen oder kompakte Siedlung", "versorg_sst": 8, "esst_name": "Postwar high-rise development", "evoeff_name": "poor availability", "evpriv_name": "medium: row development or compact settlement" }, "geometry": { "type": "Polygon", "coordinates": [ [ [ 13.47549276, 52.42251974 ], [ 13.47541719, 52.42092634 ], [ 13.4751202, 52.4209067 ], [ 13.47343803, 52.4206129 ], [ 13.4733286, 52.42080327 ], [ 13.47329886, 52.42090029 ], [ 13.47329405, 52.42101621 ], [ 13.47336677, 52.42251079 ], [ 13.47549276, 52.42251974 ] ] ] } },
{ "type": "Feature", "properties": { "id": "versorggruen_2020.1400836771000000", "styp_id": "1400836771000000", "sst_name": "niedrige Bebauung mit Hausgärten", "voeff_name": "versorgter Bereich", "vpriv_name": "hoch: aufgelockerte Siedlungsbebauung", "versorg_sst": 1, "esst_name": "Low buildings with yards", "evoeff_name": "good availability", "evpriv_name": "high: loose settlement development" }, "geometry": { "type": "Polygon", "coordinates": [ [ [ 13.50086918, 52.40812054 ], [ 13.49941634, 52.40950563 ], [ 13.49932359, 52.40956035 ], [ 13.49922508, 52.40958181 ], [ 13.49897087, 52.40957615 ], [ 13.49868922, 52.41041969 ], [ 13.49959127, 52.41050784 ], [ 13.50175455, 52.40838569 ], [ 13.50135388, 52.40821182 ], [ 13.5010397, 52.40810725 ], [ 13.50095009, 52.40810266 ], [ 13.50086918, 52.40812054 ] ] ] } },
{ "type": "Feature", "properties": { "id": "versorggruen_2020.1400836781000000", "styp_id": "1400836781000000", "sst_name": "niedrige Bebauung mit Hausgärten", "voeff_name": "versorgter Bereich", "vpriv_name": "hoch: aufgelockerte Siedlungsbebauung", "versorg_sst": 1, "esst_name": "Low buildings with yards", "evoeff_name": "good availability", "evpriv_name": "high: loose settlement development" }, "geometry": { "type": "Polygon", "coordinates": [ [ [ 13.49903313, 52.40939109 ], [ 13.49907695, 52.40947471 ], [ 13.49919299, 52.40948203 ], [ 13.49934896, 52.40942109 ], [ 13.50079308, 52.40802431 ], [ 13.50064787, 52.40792979 ], [ 13.5004087, 52.40780462 ], [ 13.50017675, 52.40772079 ], [ 13.49994469, 52.40767651 ], [ 13.49971992, 52.4076538 ], [ 13.49960082, 52.40769681 ], [ 13.49903313, 52.40939109 ] ] ] } },
{ "type": "Feature", "properties": { "id": "versorggruen_2020.1400836791000100", "styp_id": "1400836791000100", "sst_name": "niedrige Bebauung mit Hausgärten", "voeff_name": "versorgter Bereich", "vpriv_name": "hoch: aufgelockerte Siedlungsbebauung", "versorg_sst": 1, "esst_name": "Low buildings with yards", "evoeff_name": "good availability", "evpriv_name": "high: loose settlement development" }, "geometry": { "type": "Polygon", "coordinates": [ [ [ 13.50028568, 52.4076616 ], [ 13.50049975, 52.40772993 ], [ 13.5033497, 52.40499188 ], [ 13.50289938, 52.40481998 ], [ 13.50041027, 52.40725194 ], [ 13.50024172, 52.40760224 ], [ 13.50028568, 52.4076616 ] ] ] } },
{ "type": "Feature", "properties": { "id": "versorggruen_2020.1400836791000200", "styp_id": "1400836791000200", "sst_name": "niedrige Bebauung mit Hausgärten", "voeff_name": "versorgter Bereich", "vpriv_name": "hoch: aufgelockerte Siedlungsbebauung", "versorg_sst": 1, "esst_name": "Low buildings with yards", "evoeff_name": "good availability", "evpriv_name": "high: loose settlement development" }, "geometry": { "type": "Polygon", "coordinates": [ [ [ 13.50144085, 52.40811756 ], [ 13.50428204, 52.40536931 ], [ 13.5033497, 52.40499188 ], [ 13.50049975, 52.40772993 ], [ 13.50144085, 52.40811756 ] ] ] } },
{ "type": "Feature", "properties": { "id": "versorggruen_2020.1400836791000300", "styp_id": "1400836791000300", "sst_name": "niedrige Bebauung mit Hausgärten", "voeff_name": "versorgter Bereich", "vpriv_name": "hoch: aufgelockerte Siedlungsbebauung", "versorg_sst": 1, "esst_name": "Low buildings with yards", "evoeff_name": "good availability", "evpriv_name": "high: loose settlement development" }, "geometry": { "type": "Polygon", "coordinates": [ [ [ 13.50184149, 52.40830311 ], [ 13.50469197, 52.40551996 ], [ 13.50428204, 52.40536931 ], [ 13.50144085, 52.40811756 ], [ 13.50184149, 52.40830311 ] ] ] } },
{ "type": "Feature", "properties": { "id": "versorggruen_2020.1400836811000000", "styp_id": "1400836811000000", "sst_name": "Siedlungsbebauung der 90er Jahre", "voeff_name": "versorgter Bereich", "vpriv_name": "mittel: Zeilen oder kompakte Siedlung", "versorg_sst": 2, "esst_name": "Residential development of the 1990s", "evoeff_name": "good availability", "evpriv_name": "medium: row development or compact settlement" }, "geometry": { "type": "Polygon", "coordinates": [ [ [ 13.51775413, 52.42154897 ], [ 13.51817587, 52.421727 ], [ 13.51884917, 52.42110723 ], [ 13.51880758, 52.42100292 ], [ 13.51669546, 52.42008638 ], [ 13.51593829, 52.42081162 ], [ 13.51775413, 52.42154897 ] ] ] } },
{ "type": "Feature", "properties": { "id": "versorggruen_2020.1400836821000000", "styp_id": "1400836821000000", "sst_name": "Siedlungsbebauung der 90er Jahre", "voeff_name": "versorgter Bereich", "vpriv_name": "mittel: Zeilen oder kompakte Siedlung", "versorg_sst": 2, "esst_name": "Residential development of the 1990s", "evoeff_name": "good availability", "evpriv_name": "medium: row development or compact settlement" }, "geometry": { "type": "Polygon", "coordinates": [ [ [ 13.51910103, 52.42104234 ], [ 13.51832955, 52.42178984 ], [ 13.51829674, 52.42192357 ], [ 13.51864454, 52.42225081 ], [ 13.518851811934711, 52.422079193244322 ], [ 13.518908839600158, 52.422019868414139 ], [ 13.519482827613556, 52.421423495643211 ], [ 13.519756045744975, 52.421375487847946 ], [ 13.519890186680733, 52.421351325047453 ], [ 13.519913110718372, 52.421347035243507 ], [ 13.519913350685897, 52.421346749118797 ], [ 13.51910103, 52.42104234 ] ] ] } },
{ "type": "Feature", "properties": { "id": "versorggruen_2020.1400836831000000", "styp_id": "1400836831000000", "sst_name": "Siedlungsbebauung der 90er Jahre", "voeff_name": "versorgter Bereich", "vpriv_name": "mittel: Zeilen oder kompakte Siedlung", "versorg_sst": 2, "esst_name": "Residential development of the 1990s", "evoeff_name": "good availability", "evpriv_name": "medium: row development or compact settlement" }, "geometry": { "type": "Polygon", "coordinates": [ [ [ 13.51098611, 52.40342997 ], [ 13.51105549, 52.40342171 ], [ 13.51162333, 52.40285251 ], [ 13.51171397, 52.4028461 ], [ 13.51180295, 52.40274269 ], [ 13.51189552, 52.40263512 ], [ 13.51177517, 52.40249491 ], [ 13.51154403, 52.40227758 ], [ 13.51110591, 52.40192134 ], [ 13.51086726, 52.40176256 ], [ 13.51063479, 52.40163561 ], [ 13.51041655, 52.40153649 ], [ 13.50922306, 52.40271012 ], [ 13.50922922, 52.40274357 ], [ 13.51098611, 52.40342997 ] ] ] } },
{ "type": "Feature", "properties": { "id": "versorggruen_2020.1400836841000000", "styp_id": "1400836841000000", "sst_name": "Siedlungsbebauung der 90er Jahre", "voeff_name": "versorgter Bereich", "vpriv_name": "mittel: Zeilen oder kompakte Siedlung", "versorg_sst": 2, "esst_name": "Residential development of the 1990s", "evoeff_name": "good availability", "evpriv_name": "medium: row development or compact settlement" }, "geometry": { "type": "Polygon", "coordinates": [ [ [ 13.50892336, 52.40262564 ], [ 13.50897671, 52.40262048 ], [ 13.51016759, 52.40144358 ], [ 13.50997026, 52.40137154 ], [ 13.50968366, 52.40130186 ], [ 13.50935162, 52.40124393 ], [ 13.50896492, 52.40118952 ], [ 13.50834662, 52.40112868 ], [ 13.50742779, 52.4020119 ], [ 13.50743116, 52.40205347 ], [ 13.50892336, 52.40262564 ] ] ] } },
{ "type": "Feature", "properties": { "id": "versorggruen_2020.1400836851000000", "styp_id": "1400836851000000", "sst_name": "Siedlungsbebauung der 90er Jahre", "voeff_name": "versorgter Bereich", "vpriv_name": "mittel: Zeilen oder kompakte Siedlung", "versorg_sst": 2, "esst_name": "Residential development of the 1990s", "evoeff_name": "good availability", "evpriv_name": "medium: row development or compact settlement" }, "geometry": { "type": "Polygon", "coordinates": [ [ [ 13.50713729, 52.40193648 ], [ 13.50718803, 52.40192722 ], [ 13.50802058, 52.40111397 ], [ 13.50763318, 52.4011076 ], [ 13.50699668, 52.40111633 ], [ 13.50644853, 52.40166222 ], [ 13.50713729, 52.40193648 ] ] ] } },
{ "type": "Feature", "properties": { "id": "versorggruen_2020.1400836861000000", "styp_id": "1400836861000000", "sst_name": "niedrige Bebauung mit Hausgärten", "voeff_name": "versorgter Bereich", "vpriv_name": "hoch: aufgelockerte Siedlungsbebauung", "versorg_sst": 1, "esst_name": "Low buildings with yards", "evoeff_name": "good availability", "evpriv_name": "high: loose settlement development" }, "geometry": { "type": "Polygon", "coordinates": [ [ [ 13.50585424, 52.40136152 ], [ 13.50585504, 52.40139736 ], [ 13.50583441, 52.40144031 ], [ 13.50637517, 52.40163338 ], [ 13.50688929, 52.40112251 ], [ 13.50638422, 52.40117277 ], [ 13.50582519, 52.40125698 ], [ 13.50585424, 52.40136152 ] ] ] } },
{ "type": "Feature", "properties": { "id": "versorggruen_2020.1400836881000000", "styp_id": "1400836881000000", "sst_name": "Siedlungsbebauung der 90er Jahre", "voeff_name": "versorgter Bereich", "vpriv_name": "mittel: Zeilen oder kompakte Siedlung", "versorg_sst": 2, "esst_name": "Residential development of the 1990s", "evoeff_name": "good availability", "evpriv_name": "medium: row development or compact settlement" }, "geometry": { "type": "Polygon", "coordinates": [ [ [ 13.50447677, 52.40217651 ], [ 13.5045277, 52.40216728 ], [ 13.50466817, 52.40203678 ], [ 13.50464207, 52.4020015 ], [ 13.50524887, 52.401414 ], [ 13.50523735, 52.40138375 ], [ 13.50502548, 52.40130423 ], [ 13.50506212, 52.40125981 ], [ 13.50464541, 52.40110464 ], [ 13.50399625, 52.4017352 ], [ 13.50390412, 52.40175303 ], [ 13.50376553, 52.40188996 ], [ 13.50447677, 52.40217651 ] ] ] } },
{ "type": "Feature", "properties": { "id": "versorggruen_2020.1400836891000000", "styp_id": "1400836891000000", "sst_name": "Siedlungsbebauung der 90er Jahre", "voeff_name": "versorgter Bereich", "vpriv_name": "mittel: Zeilen oder kompakte Siedlung", "versorg_sst": 2, "esst_name": "Residential development of the 1990s", "evoeff_name": "good availability", "evpriv_name": "medium: row development or compact settlement" }, "geometry": { "type": "Polygon", "coordinates": [ [ [ 13.50469012, 52.40225852 ], [ 13.50625237, 52.40286482 ], [ 13.50632036, 52.40285981 ], [ 13.50647188, 52.40270255 ], [ 13.50613148, 52.40258019 ], [ 13.50628961, 52.40242626 ], [ 13.50569946, 52.40155865 ], [ 13.50550619, 52.40148258 ], [ 13.50545009, 52.40149341 ], [ 13.50487665, 52.40207637 ], [ 13.50482338, 52.40207664 ], [ 13.50467067, 52.40222411 ], [ 13.50469012, 52.40225852 ] ] ] } },
{ "type": "Feature", "properties": { "id": "versorggruen_2020.1400836901000000", "styp_id": "1400836901000000", "sst_name": "Siedlungsbebauung der 90er Jahre", "voeff_name": "versorgter Bereich", "vpriv_name": "mittel: Zeilen oder kompakte Siedlung", "versorg_sst": 2, "esst_name": "Residential development of the 1990s", "evoeff_name": "good availability", "evpriv_name": "medium: row development or compact settlement" }, "geometry": { "type": "Polygon", "coordinates": [ [ [ 13.50804257, 52.40354753 ], [ 13.50810116, 52.40354731 ], [ 13.50822896, 52.40340717 ], [ 13.50821648, 52.40336842 ], [ 13.50884642, 52.40277905 ], [ 13.50816896, 52.40251461 ], [ 13.50756235, 52.40311812 ], [ 13.50730815, 52.40302364 ], [ 13.50791902, 52.402414 ], [ 13.50728289, 52.40217168 ], [ 13.50680575, 52.40263998 ], [ 13.50672833, 52.40265141 ], [ 13.5064527, 52.40291491 ], [ 13.5064641, 52.4029533 ], [ 13.50804257, 52.40354753 ] ] ] } },
{ "type": "Feature", "properties": { "id": "versorggruen_2020.1400836911000000", "styp_id": "1400836911000000", "sst_name": "Siedlungsbebauung der 90er Jahre", "voeff_name": "versorgter Bereich", "vpriv_name": "mittel: Zeilen oder kompakte Siedlung", "versorg_sst": 2, "esst_name": "Residential development of the 1990s", "evoeff_name": "good availability", "evpriv_name": "medium: row development or compact settlement" }, "geometry": { "type": "Polygon", "coordinates": [ [ [ 13.50827549, 52.40364436 ], [ 13.510075, 52.40433202 ], [ 13.51014166, 52.40432699 ], [ 13.51088928, 52.40358127 ], [ 13.50996341, 52.40321212 ], [ 13.50936719, 52.40381553 ], [ 13.50911635, 52.40371968 ], [ 13.50972458, 52.40311247 ], [ 13.50904244, 52.40285487 ], [ 13.50844746, 52.40345473 ], [ 13.50838078, 52.40346138 ], [ 13.50825475, 52.40360669 ], [ 13.50827549, 52.40364436 ] ] ] } },
{ "type": "Feature", "properties": { "id": "versorggruen_2020.1400836921000000", "styp_id": "1400836921000000", "sst_name": "niedrige Bebauung mit Hausgärten", "voeff_name": "versorgter Bereich", "vpriv_name": "hoch: aufgelockerte Siedlungsbebauung", "versorg_sst": 1, "esst_name": "Low buildings with yards", "evoeff_name": "good availability", "evpriv_name": "high: loose settlement development" }, "geometry": { "type": "Polygon", "coordinates": [ [ [ 13.50112928, 52.40304885 ], [ 13.50257078, 52.40163434 ], [ 13.50089826, 52.4009812 ], [ 13.5008091, 52.40101541 ], [ 13.50060779, 52.40285394 ], [ 13.50112928, 52.40304885 ] ] ] } },
{ "type": "Feature", "properties": { "id": "versorggruen_2020.1400836931000100", "styp_id": "1400836931000100", "sst_name": "niedrige Bebauung mit Hausgärten", "voeff_name": "versorgter Bereich", "vpriv_name": "hoch: aufgelockerte Siedlungsbebauung", "versorg_sst": 1, "esst_name": "Low buildings with yards", "evoeff_name": "good availability", "evpriv_name": "high: loose settlement development" }, "geometry": { "type": "Polygon", "coordinates": [ [ [ 13.5228004, 52.41522232 ], [ 13.522355519092825, 52.414568223133813 ], [ 13.522340395399443, 52.414546219581396 ], [ 13.522260860861302, 52.414430130510532 ], [ 13.522261460711681, 52.414429931534073 ], [ 13.52226114, 52.41442946 ], [ 13.522356913099742, 52.414398462225527 ], [ 13.522514296299576, 52.41434659719885 ], [ 13.522569300701862, 52.414328301364087 ], [ 13.52262215, 52.41415828 ], [ 13.522625954862033, 52.414156788630187 ], [ 13.522626736686586, 52.414153480283758 ], [ 13.522676153695141, 52.414134200572398 ], [ 13.522915792857814, 52.414040594812562 ], [ 13.523155119358085, 52.413947074575418 ], [ 13.523187046079297, 52.413934607178739 ], [ 13.523451085298408, 52.413831495881162 ], [ 13.52348888286172, 52.413816701111671 ], [ 13.523526839371554, 52.413801989235154 ], [ 13.523712009473551, 52.413729562464219 ], [ 13.52169351, 52.41422548 ], [ 13.52167647, 52.41418364 ], [ 13.52105073, 52.41364696 ], [ 13.52051669, 52.41248651 ], [ 13.51802738, 52.41466162 ], [ 13.51979127, 52.41502714 ], [ 13.52279928, 52.41570123 ], [ 13.522888973655911, 52.415567017689902 ], [ 13.522920112833612, 52.415516481500454 ], [ 13.52296083247295, 52.415450375323147 ], [ 13.522926551304781, 52.415400379153965 ], [ 13.522880621436242, 52.415333467381231 ], [ 13.5228004, 52.41522232 ] ] ] } },
{ "type": "Feature", "properties": { "id": "versorggruen_2020.1400836931000200", "styp_id": "1400836931000200", "sst_name": "niedrige Bebauung mit Hausgärten", "voeff_name": "versorgter Bereich", "vpriv_name": "hoch: aufgelockerte Siedlungsbebauung", "versorg_sst": 1, "esst_name": "Low buildings with yards", "evoeff_name": "good availability", "evpriv_name": "high: loose settlement development" }, "geometry": { "type": "Polygon", "coordinates": [ [ [ 13.52105073, 52.41364696 ], [ 13.52167647, 52.41418364 ], [ 13.52224051, 52.41404019 ], [ 13.52174505, 52.4136215 ], [ 13.5212086, 52.41245745 ], [ 13.52095283, 52.41249962 ], [ 13.52069983, 52.41232689 ], [ 13.52051669, 52.41248651 ], [ 13.52105073, 52.41364696 ] ] ] } },
{ "type": "Feature", "properties": { "id": "versorggruen_2020.1400836941000000", "styp_id": "1400836941000000", "sst_name": "niedrige Bebauung mit Hausgärten", "voeff_name": "versorgter Bereich", "vpriv_name": "hoch: aufgelockerte Siedlungsbebauung", "versorg_sst": 1, "esst_name": "Low buildings with yards", "evoeff_name": "good availability", "evpriv_name": "high: loose settlement development" }, "geometry": { "type": "Polygon", "coordinates": [ [ [ 13.52181679, 52.41360469 ], [ 13.52226547, 52.4139795 ], [ 13.52288914, 52.41383669 ], [ 13.52213868, 52.41222509 ], [ 13.52125212, 52.41238197 ], [ 13.52181679, 52.41360469 ] ] ] } },
{ "type": "Feature", "properties": { "id": "versorggruen_2020.1400836951000100", "styp_id": "1400836951000100", "sst_name": "niedrige Bebauung mit Hausgärten", "voeff_name": "versorgter Bereich", "vpriv_name": "hoch: aufgelockerte Siedlungsbebauung", "versorg_sst": 1, "esst_name": "Low buildings with yards", "evoeff_name": "good availability", "evpriv_name": "high: loose settlement development" }, "geometry": { "type": "Polygon", "coordinates": [ [ [ 13.52217576, 52.41212045 ], [ 13.52231585, 52.41243724 ], [ 13.52274068, 52.41237004 ], [ 13.52275145, 52.41240052 ], [ 13.52233093, 52.41247302 ], [ 13.52297734, 52.41385869 ], [ 13.524055746914978, 52.413595332034411 ], [ 13.524063305474222, 52.413592353754581 ], [ 13.523787214803797, 52.413344043170341 ], [ 13.523783329317764, 52.413340548369817 ], [ 13.52360067, 52.41317713 ], [ 13.523598955207587, 52.413174713071058 ], [ 13.523597532201949, 52.413173433148593 ], [ 13.52342537265301, 52.412932542568072 ], [ 13.52325490206386, 52.412693965543987 ], [ 13.523226628945915, 52.412654312306032 ], [ 13.523254175797714, 52.412625039781815 ], [ 13.523443331323477, 52.412424401785756 ], [ 13.523445974415548, 52.412421593165362 ], [ 13.52340945, 52.41239756 ], [ 13.52301302, 52.41213678 ], [ 13.523014143539809, 52.412135690275832 ], [ 13.52301358320554, 52.41213531943913 ], [ 13.523156408400482, 52.411993119153344 ], [ 13.52217576, 52.41212045 ] ] ] } },
{ "type": "Feature", "properties": { "id": "versorggruen_2020.1400836951000200", "styp_id": "1400836951000200", "sst_name": "niedrige Bebauung mit Hausgärten", "voeff_name": "versorgter Bereich", "vpriv_name": "hoch: aufgelockerte Siedlungsbebauung", "versorg_sst": 1, "esst_name": "Low buildings with yards", "evoeff_name": "good availability", "evpriv_name": "high: loose settlement development" }, "geometry": { "type": "Polygon", "coordinates": [ [ [ 13.52301474, 52.41032671 ], [ 13.52077936, 52.41225507 ], [ 13.52091297, 52.41232461 ], [ 13.52217576, 52.41212045 ], [ 13.523156408400482, 52.411993119153344 ], [ 13.523183118513591, 52.411966525906131 ], [ 13.523256335307645, 52.411893165174362 ], [ 13.523306867762223, 52.411842610150764 ], [ 13.523374547123124, 52.411775231177273 ], [ 13.523474971415665, 52.411675254344082 ], [ 13.52293364, 52.41105456 ], [ 13.522940798591293, 52.411048513268007 ], [ 13.522933848556018, 52.411040494174699 ], [ 13.523083889339468, 52.410916430625171 ], [ 13.523184761220989, 52.410832041714897 ], [ 13.523207283354234, 52.410813190037345 ], [ 13.523121575264502, 52.410590677705258 ], [ 13.523093359831806, 52.410517419928794 ], [ 13.52301474, 52.41032671 ] ] ] } },
{ "type": "Feature", "properties": { "id": "versorggruen_2020.1400836961000000", "styp_id": "1400836961000000", "sst_name": "niedrige Bebauung mit Hausgärten", "voeff_name": "versorgter Bereich", "vpriv_name": "hoch: aufgelockerte Siedlungsbebauung", "versorg_sst": 1, "esst_name": "Low buildings with yards", "evoeff_name": "good availability", "evpriv_name": "high: loose settlement development" }, "geometry": { "type": "Polygon", "coordinates": [ [ [ 13.47714778, 52.40421695 ], [ 13.47722867, 52.40415145 ], [ 13.47738857, 52.40422625 ], [ 13.47734731, 52.40426124 ], [ 13.4780954, 52.40464052 ], [ 13.47854412, 52.40490889 ], [ 13.47965121, 52.40559416 ], [ 13.48075232, 52.40631806 ], [ 13.48111007, 52.40655446 ], [ 13.48283919, 52.40785435 ], [ 13.48327833, 52.40764668 ], [ 13.48306399, 52.40744394 ], [ 13.48155964, 52.40631377 ], [ 13.48100288, 52.40591426 ], [ 13.47952428, 52.40494461 ], [ 13.47859321, 52.40437283 ], [ 13.47732287, 52.40370969 ], [ 13.47703422, 52.40399241 ], [ 13.47694141, 52.40410696 ], [ 13.47714778, 52.40421695 ] ] ] } },
{ "type": "Feature", "properties": { "id": "versorggruen_2020.1400836971000000", "styp_id": "1400836971000000", "sst_name": "niedrige Bebauung mit Hausgärten", "voeff_name": "versorgter Bereich", "vpriv_name": "hoch: aufgelockerte Siedlungsbebauung", "versorg_sst": 1, "esst_name": "Low buildings with yards", "evoeff_name": "good availability", "evpriv_name": "high: loose settlement development" }, "geometry": { "type": "Polygon", "coordinates": [ [ [ 13.48393357, 52.43771507 ], [ 13.48657041, 52.43668566 ], [ 13.48696796, 52.43651538 ], [ 13.48724487, 52.43636473 ], [ 13.4883762, 52.43570824 ], [ 13.48843958, 52.43565889 ], [ 13.48847804, 52.43558434 ], [ 13.48849593, 52.43550618 ], [ 13.48847261, 52.43544235 ], [ 13.48841256, 52.43536499 ], [ 13.48799352, 52.43499701 ], [ 13.4857624, 52.43599992 ], [ 13.48321101, 52.4371137 ], [ 13.48393357, 52.43771507 ] ] ] } },
{ "type": "Feature", "properties": { "id": "versorggruen_2020.1400836981000400", "styp_id": "1400836981000400", "sst_name": "geringe Bebauung mit überwiegender Nutzung durch Gewerbe und Industrie", "voeff_name": "versorgter Bereich", "vpriv_name": "gering: Blockrandbebauung", "versorg_sst": 3, "esst_name": "Sparse development with predominantly commercial and industrial use", "evoeff_name": "good availability", "evpriv_name": "low: Wilhelminian-period block-edge development" }, "geometry": { "type": "Polygon", "coordinates": [ [ [ 13.49356382, 52.41183047 ], [ 13.49351967, 52.41184316 ], [ 13.49285477, 52.4124805 ], [ 13.49286953, 52.41251163 ], [ 13.49178454, 52.41354502 ], [ 13.49204791, 52.41361869 ], [ 13.49273512, 52.41388867 ], [ 13.49320612, 52.41342147 ], [ 13.49372452, 52.41305809 ], [ 13.49438086, 52.41276227 ], [ 13.49492515, 52.41258494 ], [ 13.49467901, 52.41223897 ], [ 13.49329686, 52.41260113 ], [ 13.49317972, 52.41255403 ], [ 13.49304599, 52.41238068 ], [ 13.49338283, 52.41205982 ], [ 13.49436325, 52.41179514 ], [ 13.49404855, 52.41135279 ], [ 13.49390424, 52.41149315 ], [ 13.49356382, 52.41183047 ] ] ] } },
{ "type": "Feature", "properties": { "id": "versorggruen_2020.1400836991000000", "styp_id": "1400836991000000", "sst_name": "niedrige Bebauung mit Hausgärten", "voeff_name": "versorgter Bereich", "vpriv_name": "hoch: aufgelockerte Siedlungsbebauung", "versorg_sst": 1, "esst_name": "Low buildings with yards", "evoeff_name": "good availability", "evpriv_name": "high: loose settlement development" }, "geometry": { "type": "Polygon", "coordinates": [ [ [ 13.49341676, 52.41209303 ], [ 13.49316722, 52.41233691 ], [ 13.49315953, 52.41239963 ], [ 13.49323607, 52.4125072 ], [ 13.49330358, 52.41253381 ], [ 13.49335608, 52.41253305 ], [ 13.49464783, 52.41219515 ], [ 13.49439111, 52.4118343 ], [ 13.49341676, 52.41209303 ] ] ] } },
{ "type": "Feature", "properties": { "id": "versorggruen_2020.1400837011000200", "styp_id": "1400837011000200", "sst_name": "niedrige Bebauung mit Hausgärten", "voeff_name": "versorgter Bereich", "vpriv_name": "hoch: aufgelockerte Siedlungsbebauung", "versorg_sst": 1, "esst_name": "Low buildings with yards", "evoeff_name": "good availability", "evpriv_name": "high: loose settlement development" }, "geometry": { "type": "Polygon", "coordinates": [ [ [ 13.47097617, 52.41988208 ], [ 13.47102061, 52.41988085 ], [ 13.47100814, 52.41981873 ], [ 13.47364059, 52.419679 ], [ 13.47355913, 52.41905333 ], [ 13.47347928, 52.41900247 ], [ 13.47255745, 52.41904628 ], [ 13.47256088, 52.41907334 ], [ 13.47216703, 52.41909233 ], [ 13.47088919, 52.41913063 ], [ 13.47097617, 52.41988208 ] ] ] } },
{ "type": "Feature", "properties": { "id": "versorggruen_2020.1400837041000100", "styp_id": "1400837041000100", "sst_name": "niedrige Bebauung mit Hausgärten", "voeff_name": "versorgter Bereich", "vpriv_name": "hoch: aufgelockerte Siedlungsbebauung", "versorg_sst": 1, "esst_name": "Low buildings with yards", "evoeff_name": "good availability", "evpriv_name": "high: loose settlement development" }, "geometry": { "type": "Polygon", "coordinates": [ [ [ 13.48786723, 52.41902795 ], [ 13.48831609, 52.41828789 ], [ 13.48830052, 52.41828428 ], [ 13.48838133, 52.41815164 ], [ 13.48839646, 52.41815516 ], [ 13.48888843, 52.41734397 ], [ 13.48885039, 52.41733521 ], [ 13.48894866, 52.41716547 ], [ 13.48899067, 52.41717487 ], [ 13.48997396, 52.41555274 ], [ 13.49023252, 52.41549328 ], [ 13.48988693, 52.41503744 ], [ 13.48960551, 52.41550226 ], [ 13.48887629, 52.41670664 ], [ 13.48883256, 52.4166912 ], [ 13.48868767, 52.41672948 ], [ 13.4881786, 52.41690333 ], [ 13.48845746, 52.41721819 ], [ 13.48772231, 52.41757733 ], [ 13.48816996, 52.41787298 ], [ 13.48800685, 52.41814239 ], [ 13.48791717, 52.41819863 ], [ 13.48785093, 52.41818274 ], [ 13.48750582, 52.41841581 ], [ 13.48716842, 52.41867351 ], [ 13.48718454, 52.41873526 ], [ 13.48786723, 52.41902795 ] ] ] } },
{ "type": "Feature", "properties": { "id": "versorggruen_2020.1400837041000300", "styp_id": "1400837041000300", "sst_name": "Siedlungsbebauung der 90er Jahre", "voeff_name": "versorgter Bereich", "vpriv_name": "mittel: Zeilen oder kompakte Siedlung", "versorg_sst": 2, "esst_name": "Residential development of the 1990s", "evoeff_name": "good availability", "evpriv_name": "medium: row development or compact settlement" }, "geometry": { "type": "Polygon", "coordinates": [ [ [ 13.48813805, 52.41591402 ], [ 13.48838737, 52.4158246 ], [ 13.48842703, 52.41590897 ], [ 13.48960551, 52.41550226 ], [ 13.48988693, 52.41503744 ], [ 13.48974715, 52.41485107 ], [ 13.48927473, 52.41439885 ], [ 13.48889975, 52.41470208 ], [ 13.48865004, 52.41484735 ], [ 13.48829278, 52.41503467 ], [ 13.48790926, 52.41519993 ], [ 13.48756666, 52.41532515 ], [ 13.48813805, 52.41591402 ] ] ] } },
{ "type": "Feature", "properties": { "id": "versorggruen_2020.1501200061000000", "styp_id": "1501200061000000", "sst_name": "Blockrand- und Zeilenbebauung der 20er und 30er Jahre", "voeff_name": "versorgter Bereich", "vpriv_name": "mittel: Zeilen oder kompakte Siedlung", "versorg_sst": 2, "esst_name": "Block-edge and row development of the 1920s and 1930s", "evoeff_name": "good availability", "evpriv_name": "medium: row development or compact settlement" }, "geometry": { "type": "Polygon", "coordinates": [ [ [ 13.44286209, 52.48825149 ], [ 13.442457631580847, 52.488474257001144 ], [ 13.442481917303459, 52.488461824331047 ], [ 13.442507822457634, 52.488448561918773 ], [ 13.442539937722595, 52.488432117504878 ], [ 13.442573402700088, 52.488414989548808 ], [ 13.442647878017965, 52.488376858891179 ], [ 13.442681223231808, 52.488359783274632 ], [ 13.442713188609121, 52.488343408769467 ], [ 13.442739738728845, 52.488329813136936 ], [ 13.442774718714221, 52.488311904863252 ], [ 13.44284112380813, 52.488277902642231 ], [ 13.442844438923364, 52.488276202013012 ], [ 13.442874944201845, 52.488260588986947 ], [ 13.44286209, 52.48825149 ] ] ] } },
{ "type": "Feature", "properties": { "id": "versorggruen_2020.1501200881000000", "styp_id": "1501200881000000", "sst_name": "Zeilenbebauung seit den 50er Jahren", "voeff_name": "versorgter Bereich", "vpriv_name": "mittel: Zeilen oder kompakte Siedlung", "versorg_sst": 2, "esst_name": "Row development since the 1950s", "evoeff_name": "good availability", "evpriv_name": "medium: row development or compact settlement" }, "geometry": { "type": "Polygon", "coordinates": [ [ [ 13.47735374, 52.46222191 ], [ 13.47740514, 52.46231774 ], [ 13.47854155, 52.46397185 ], [ 13.47849814, 52.46468636 ], [ 13.478500892538271, 52.464686595618048 ], [ 13.47854931573127, 52.463981254172779 ], [ 13.478042662755714, 52.463234501192119 ], [ 13.477592533768942, 52.462571029437271 ], [ 13.477407086962524, 52.462297696382777 ], [ 13.477358168500787, 52.462226576639189 ], [ 13.477354672503887, 52.462221493495797 ], [ 13.47735374, 52.46222191 ] ] ] } },
{ "type": "Feature", "properties": { "id": "versorggruen_2020.1501200891000000", "styp_id": "1501200891000000", "sst_name": "Zeilenbebauung seit den 50er Jahren", "voeff_name": "versorgter Bereich", "vpriv_name": "mittel: Zeilen oder kompakte Siedlung", "versorg_sst": 2, "esst_name": "Row development since the 1950s", "evoeff_name": "good availability", "evpriv_name": "medium: row development or compact settlement" }, "geometry": { "type": "Polygon", "coordinates": [ [ [ 13.47539054, 52.46025447 ], [ 13.475762871119079, 52.460855531090608 ], [ 13.475396374653245, 52.460254126729325 ], [ 13.47539054, 52.46025447 ] ] ] } },
{ "type": "Feature", "properties": { "id": "versorggruen_2020.1501266251000400", "styp_id": "1501266251000400", "sst_name": "niedrige Bebauung mit Hausgärten", "voeff_name": "versorgter Bereich", "vpriv_name": "hoch: aufgelockerte Siedlungsbebauung", "versorg_sst": 1, "esst_name": "Low buildings with yards", "evoeff_name": "good availability", "evpriv_name": "high: loose settlement development" }, "geometry": { "type": "MultiPolygon", "coordinates": [ [ [ [ 13.5216514, 52.40728952 ], [ 13.521641124938878, 52.407270072558418 ], [ 13.521282708230327, 52.406951791091963 ], [ 13.5216514, 52.40728952 ] ] ], [ [ [ 13.52058176, 52.40639917 ], [ 13.521000205704825, 52.406700942317336 ], [ 13.520975513885373, 52.406679045695618 ], [ 13.520621266940497, 52.406423419478983 ], [ 13.520595298433872, 52.40640470767989 ], [ 13.520706654444131, 52.406293280960575 ], [ 13.520682172208415, 52.40627578930571 ], [ 13.52058176, 52.40639917 ] ] ] ] } }
]
}
