{
"type": "FeatureCollection",
"name": "versorggruen_oeff_2020_neukoelln",
"crs": { "type": "name", "properties": { "name": "urn:ogc:def:crs:OGC:1.3:CRS84" } },
"features": [
{ "type": "Feature", "properties": { "id": "versorggruen_oeff_2020.35", "importid": 35, "typ": "Öffentliche Grünanlage" }, "geometry": { "type": "Polygon", "coordinates": [ [ [ 13.4749513, 52.45916964 ], [ 13.47495324, 52.4591284 ], [ 13.47244428, 52.45919849 ], [ 13.47230534, 52.45920072 ], [ 13.47220001, 52.45920517 ], [ 13.47220098, 52.45921122 ], [ 13.47219721, 52.45920874 ], [ 13.47213585, 52.45921178 ], [ 13.47213996, 52.45927184 ], [ 13.47224215, 52.45924976 ], [ 13.47339795, 52.45923347 ], [ 13.47446834, 52.45920098 ], [ 13.47495148, 52.4591937 ], [ 13.474951454970084, 52.459190354334588 ], [ 13.474950913176601, 52.459185655282056 ], [ 13.474951345497519, 52.459175721501744 ], [ 13.4749513, 52.45916964 ] ] ] } },
{ "type": "Feature", "properties": { "id": "versorggruen_oeff_2020.36", "importid": 36, "typ": "Öffentliche Grünanlage" }, "geometry": { "type": "Polygon", "coordinates": [ [ [ 13.42046319, 52.47093605 ], [ 13.42060148, 52.47106061 ], [ 13.42865012, 52.47196439 ], [ 13.42870527, 52.47187381 ], [ 13.42051301, 52.47094172 ], [ 13.42046319, 52.47093605 ] ] ] } },
{ "type": "Feature", "properties": { "id": "versorggruen_oeff_2020.37", "importid": 37, "typ": "Öffentliche Grünanlage" }, "geometry": { "type": "Polygon", "coordinates": [ [ [ 13.46846122, 52.41920118 ], [ 13.46838772, 52.41920342 ], [ 13.46826304, 52.41949964 ], [ 13.46804753, 52.41995964 ], [ 13.46811721, 52.41995677 ], [ 13.46812893, 52.41992515 ], [ 13.46846122, 52.41920118 ] ] ] } },
{ "type": "Feature", "properties": { "id": "versorggruen_oeff_2020.38", "importid": 38, "typ": "Öffentliche Grünanlage" }, "geometry": { "type": "Polygon", "coordinates": [ [ [ 13.43740585, 52.44824947 ], [ 13.43750699, 52.44787053 ], [ 13.43764837, 52.44729689 ], [ 13.43763184, 52.44728093 ], [ 13.43687825, 52.44664334 ], [ 13.43658074, 52.44671387 ], [ 13.43653471, 52.44685434 ], [ 13.43596979, 52.44705492 ], [ 13.43590466, 52.44708257 ], [ 13.43581152, 52.44695436 ], [ 13.43517064, 52.44717863 ], [ 13.43536383, 52.44744551 ], [ 13.43535376, 52.44745791 ], [ 13.4353563, 52.44746844 ], [ 13.43550086, 52.44766818 ], [ 13.43551131, 52.44767233 ], [ 13.43552621, 52.44766989 ], [ 13.43558569, 52.44775207 ], [ 13.43557409, 52.447755 ], [ 13.43557193, 52.44776639 ], [ 13.43589751, 52.44821461 ], [ 13.43590596, 52.44821626 ], [ 13.43591929, 52.44821303 ], [ 13.43593921, 52.44824055 ], [ 13.43633355, 52.44813749 ], [ 13.43630744, 52.44808702 ], [ 13.43628857, 52.44799893 ], [ 13.43629304, 52.44781364 ], [ 13.43630402, 52.44778911 ], [ 13.43632591, 52.44776408 ], [ 13.43634464, 52.4477491 ], [ 13.43637663, 52.44773002 ], [ 13.43643249, 52.44770324 ], [ 13.43649921, 52.44768159 ], [ 13.43665737, 52.4476406 ], [ 13.43689063, 52.44770181 ], [ 13.43695809, 52.44771773 ], [ 13.43698298, 52.4477416 ], [ 13.43698813, 52.44774437 ], [ 13.43705123, 52.44782485 ], [ 13.43719584, 52.44804942 ], [ 13.43723964, 52.4481711 ], [ 13.43727613, 52.44824504 ], [ 13.43731075, 52.44822996 ], [ 13.43739464, 52.44828791 ], [ 13.43740585, 52.44824947 ] ], [ [ 13.436077, 52.44811696 ], [ 13.43606586, 52.4481103 ], [ 13.43605464, 52.44810597 ], [ 13.43601898, 52.44808586 ], [ 13.43598799, 52.44806174 ], [ 13.43597234, 52.44805456 ], [ 13.43595351, 52.44805153 ], [ 13.43593882, 52.44805286 ], [ 13.43592125, 52.44805669 ], [ 13.43591512, 52.44804502 ], [ 13.43593339, 52.44804144 ], [ 13.43595038, 52.44803186 ], [ 13.43595131, 52.44802628 ], [ 13.43589005, 52.44786813 ], [ 13.43586281, 52.44782311 ], [ 13.43577455, 52.44770327 ], [ 13.43572211, 52.44764345 ], [ 13.43567211, 52.44757867 ], [ 13.43564427, 52.44753236 ], [ 13.43562556, 52.44748239 ], [ 13.43561562, 52.44744136 ], [ 13.43563164, 52.44739321 ], [ 13.43565741, 52.4473475 ], [ 13.43569531, 52.44730905 ], [ 13.43576402, 52.44725801 ], [ 13.43585958, 52.44720615 ], [ 13.43608661, 52.44713655 ], [ 13.43648884, 52.44700348 ], [ 13.43665369, 52.44695755 ], [ 13.43694369, 52.4468834 ], [ 13.43695577, 52.446884 ], [ 13.43705191, 52.44697474 ], [ 13.43708008, 52.44699858 ], [ 13.43712736, 52.44703196 ], [ 13.43715161, 52.44705454 ], [ 13.43719513, 52.44710242 ], [ 13.43722765, 52.44712649 ], [ 13.43724738, 52.44714809 ], [ 13.43727188, 52.44716278 ], [ 13.43728211, 52.44717406 ], [ 13.43729118, 52.44719231 ], [ 13.43730948, 52.44721158 ], [ 13.43736388, 52.44723776 ], [ 13.43737488, 52.44724905 ], [ 13.4373746, 52.44725741 ], [ 13.43736826, 52.44726663 ], [ 13.43735675, 52.44727161 ], [ 13.43733239, 52.44727597 ], [ 13.43729909, 52.44727606 ], [ 13.4372434, 52.44726658 ], [ 13.43720564, 52.44726428 ], [ 13.43719578, 52.4472651 ], [ 13.43718721, 52.44727289 ], [ 13.43718126, 52.44730336 ], [ 13.4371838, 52.44731874 ], [ 13.43719019, 52.44733183 ], [ 13.43719674, 52.44733981 ], [ 13.43722126, 52.44735405 ], [ 13.4372541, 52.44736885 ], [ 13.43732403, 52.44741664 ], [ 13.43733787, 52.44743355 ], [ 13.43733908, 52.44744287 ], [ 13.43732879, 52.44745718 ], [ 13.43731704, 52.44746925 ], [ 13.43728375, 52.44749167 ], [ 13.43726068, 52.44750257 ], [ 13.4372255, 52.44751333 ], [ 13.43718811, 52.44752197 ], [ 13.43714485, 52.44752472 ], [ 13.43711759, 52.44752453 ], [ 13.43707404, 52.44751285 ], [ 13.43695866, 52.44747473 ], [ 13.43688502, 52.4474576 ], [ 13.43684417, 52.44745648 ], [ 13.43681845, 52.44745729 ], [ 13.43681639, 52.44745303 ], [ 13.43675794, 52.44746409 ], [ 13.43675939, 52.4474669 ], [ 13.4367019, 52.44747924 ], [ 13.43664561, 52.44750136 ], [ 13.43660254, 52.44752225 ], [ 13.43656534, 52.44754879 ], [ 13.4365425, 52.44757528 ], [ 13.43652466, 52.44758811 ], [ 13.43644112, 52.44761968 ], [ 13.43641714, 52.44763568 ], [ 13.43630515, 52.44767996 ], [ 13.43626685, 52.44771755 ], [ 13.43623262, 52.44774507 ], [ 13.43621273, 52.4477737 ], [ 13.43620651, 52.44780085 ], [ 13.43619825, 52.44788923 ], [ 13.43619752, 52.44797864 ], [ 13.43619271, 52.44803449 ], [ 13.43617756, 52.44807188 ], [ 13.43616106, 52.44809467 ], [ 13.43614398, 52.44810751 ], [ 13.4361072, 52.44812012 ], [ 13.43609571, 52.44812115 ], [ 13.436077, 52.44811696 ] ] ] } },
{ "type": "Feature", "properties": { "id": "versorggruen_oeff_2020.39", "importid": 39, "typ": "Öffentliche Grünanlage" }, "geometry": { "type": "Polygon", "coordinates": [ [ [ 13.43465782, 52.44726991 ], [ 13.4348053, 52.44727454 ], [ 13.43461847, 52.4470166 ], [ 13.43447172, 52.44701276 ], [ 13.43452691, 52.44708902 ], [ 13.43465782, 52.44726991 ] ] ] } },
{ "type": "Feature", "properties": { "id": "versorggruen_oeff_2020.40", "importid": 40, "typ": "Öffentliche Grünanlage" }, "geometry": { "type": "Polygon", "coordinates": [ [ [ 13.43543476, 52.44814418 ], [ 13.43506393, 52.44763201 ], [ 13.43455982, 52.44762228 ], [ 13.43463743, 52.44772982 ], [ 13.43455639, 52.44775173 ], [ 13.43493908, 52.44828039 ], [ 13.43543476, 52.44814418 ] ] ] } },
{ "type": "Feature", "properties": { "id": "versorggruen_oeff_2020.41", "importid": 41, "typ": "Öffentliche Grünanlage" }, "geometry": { "type": "Polygon", "coordinates": [ [ [ 13.44764672, 52.44823621 ], [ 13.44764933, 52.44827052 ], [ 13.44766536, 52.44832395 ], [ 13.44768373, 52.44835938 ], [ 13.44770505, 52.4483942 ], [ 13.44773209, 52.44842749 ], [ 13.44774773, 52.44844334 ], [ 13.44778364, 52.44847313 ], [ 13.44785292, 52.44851957 ], [ 13.44793741, 52.44856326 ], [ 13.44799777, 52.44858577 ], [ 13.448094, 52.44861304 ], [ 13.44816108, 52.44862666 ], [ 13.44819567, 52.44863114 ], [ 13.44827661, 52.44863658 ], [ 13.44836839, 52.44863874 ], [ 13.44853556, 52.44863605 ], [ 13.44861069, 52.44863224 ], [ 13.44874206, 52.44862302 ], [ 13.44890355, 52.44860482 ], [ 13.44898422, 52.44859309 ], [ 13.44915002, 52.44856601 ], [ 13.44931223, 52.44853175 ], [ 13.4493465, 52.44851628 ], [ 13.44935257, 52.44841507 ], [ 13.44935743, 52.44833414 ], [ 13.44986192, 52.44834603 ], [ 13.44986449, 52.44816289 ], [ 13.44936813, 52.44815442 ], [ 13.44937927, 52.44796876 ], [ 13.44929801, 52.44794161 ], [ 13.44922364, 52.44792098 ], [ 13.44911429, 52.44789633 ], [ 13.44892437, 52.44786001 ], [ 13.44876699, 52.44783638 ], [ 13.44859165, 52.44781725 ], [ 13.44842858, 52.44780597 ], [ 13.4483427, 52.44780502 ], [ 13.44821312, 52.44781197 ], [ 13.44813155, 52.44782279 ], [ 13.44803279, 52.44784395 ], [ 13.44797658, 52.44786124 ], [ 13.4479453, 52.44787456 ], [ 13.44788697, 52.44790327 ], [ 13.44780923, 52.44795045 ], [ 13.44776624, 52.44798374 ], [ 13.44771838, 52.44803012 ], [ 13.44769469, 52.44806047 ], [ 13.44768154, 52.4480821 ], [ 13.44766208, 52.44812669 ], [ 13.44765104, 52.44817234 ], [ 13.44764773, 52.44821851 ], [ 13.44764672, 52.44823621 ] ], [ [ 13.44917973, 52.44822101 ], [ 13.44917611, 52.4482496 ], [ 13.44918356, 52.44827782 ], [ 13.44903852, 52.44830158 ], [ 13.44885095, 52.44832607 ], [ 13.44870487, 52.4483398 ], [ 13.44857246, 52.44834664 ], [ 13.44845458, 52.44834871 ], [ 13.4483955, 52.44834716 ], [ 13.44833715, 52.44834175 ], [ 13.44829439, 52.44833428 ], [ 13.44822846, 52.44831394 ], [ 13.44820639, 52.44830171 ], [ 13.44817351, 52.4482714 ], [ 13.44815698, 52.44823649 ], [ 13.44815884, 52.44819803 ], [ 13.44817881, 52.44816306 ], [ 13.44821595, 52.44813466 ], [ 13.44826176, 52.44811661 ], [ 13.44829682, 52.44810921 ], [ 13.44840671, 52.44810154 ], [ 13.44846618, 52.44810179 ], [ 13.44852495, 52.44810441 ], [ 13.44870067, 52.44811798 ], [ 13.44887347, 52.4481417 ], [ 13.44904376, 52.44817182 ], [ 13.44918791, 52.4482025 ], [ 13.44917973, 52.44822101 ] ] ] } },
{ "type": "Feature", "properties": { "id": "versorggruen_oeff_2020.42", "importid": 42, "typ": "Öffentliche Grünanlage" }, "geometry": { "type": "Polygon", "coordinates": [ [ [ 13.43467997, 52.45826805 ], [ 13.43438546, 52.45823403 ], [ 13.43408699, 52.45819464 ], [ 13.43379281, 52.45815048 ], [ 13.4332042, 52.4580548 ], [ 13.43245151, 52.45789396 ], [ 13.43214553, 52.45782428 ], [ 13.43021266, 52.45737039 ], [ 13.43019186, 52.4576049 ], [ 13.43019549, 52.45759878 ], [ 13.4322124, 52.45806653 ], [ 13.43220626, 52.45808411 ], [ 13.43243283, 52.45813361 ], [ 13.43236852, 52.45833184 ], [ 13.43306908, 52.45847192 ], [ 13.4331698, 52.45828309 ], [ 13.43338969, 52.4583238 ], [ 13.43369812, 52.45837582 ], [ 13.43421871, 52.4584551 ], [ 13.434602, 52.45850661 ], [ 13.43518295, 52.45857546 ], [ 13.43568454, 52.45862956 ], [ 13.43581448, 52.45837852 ], [ 13.43525711, 52.45833106 ], [ 13.43467997, 52.45826805 ] ] ] } },
{ "type": "Feature", "properties": { "id": "versorggruen_oeff_2020.43", "importid": 43, "typ": "Öffentliche Grünanlage" }, "geometry": { "type": "Polygon", "coordinates": [ [ [ 13.44639803, 52.45227608 ], [ 13.44655565, 52.45227995 ], [ 13.44834701, 52.45230386 ], [ 13.44834799, 52.45229181 ], [ 13.44867581, 52.45229618 ], [ 13.4486762, 52.45227854 ], [ 13.44876879, 52.45227931 ], [ 13.44876839, 52.45229728 ], [ 13.44891343, 52.45230083 ], [ 13.44900819, 52.452301 ], [ 13.44907844, 52.4520151 ], [ 13.44914813, 52.45176154 ], [ 13.44546221, 52.45146352 ], [ 13.44521003, 52.45224705 ], [ 13.44523112, 52.45225788 ], [ 13.44527902, 52.45226437 ], [ 13.44639803, 52.45227608 ] ] ] } },
{ "type": "Feature", "properties": { "id": "versorggruen_oeff_2020.44", "importid": 44, "typ": "Öffentliche Grünanlage" }, "geometry": { "type": "Polygon", "coordinates": [ [ [ 13.44756228, 52.45870776 ], [ 13.44736873, 52.45868965 ], [ 13.44664568, 52.45875417 ], [ 13.44645653, 52.45820703 ], [ 13.44563504, 52.45810263 ], [ 13.44544362, 52.45817924 ], [ 13.44530588, 52.45858397 ], [ 13.4450449, 52.45868845 ], [ 13.4423409, 52.45834484 ], [ 13.44234823, 52.45832373 ], [ 13.44173386, 52.45825088 ], [ 13.44167274, 52.45844362 ], [ 13.44723885, 52.45915091 ], [ 13.44750362, 52.458788 ], [ 13.44756228, 52.45870776 ] ], [ [ 13.44603609, 52.45829577 ], [ 13.44611798, 52.45830423 ], [ 13.44618781, 52.45831464 ], [ 13.44625841, 52.45833289 ], [ 13.44629366, 52.45835402 ], [ 13.44630406, 52.45836532 ], [ 13.44631203, 52.45837906 ], [ 13.44631272, 52.45840652 ], [ 13.44628051, 52.45842707 ], [ 13.44624593, 52.45843829 ], [ 13.44620573, 52.45844755 ], [ 13.44616315, 52.45845287 ], [ 13.44609487, 52.45845424 ], [ 13.44603225, 52.45844875 ], [ 13.44588616, 52.45842892 ], [ 13.44583562, 52.4584156 ], [ 13.44579713, 52.45840132 ], [ 13.44574343, 52.45837231 ], [ 13.44573625, 52.45836151 ], [ 13.44573549, 52.45835072 ], [ 13.44573958, 52.45833357 ], [ 13.44574928, 52.45831838 ], [ 13.44577503, 52.45830567 ], [ 13.44581041, 52.45829641 ], [ 13.44588232, 52.45829161 ], [ 13.44603609, 52.45829577 ] ] ] } },
{ "type": "Feature", "properties": { "id": "versorggruen_oeff_2020.45", "importid": 45, "typ": "Öffentliche Grünanlage" }, "geometry": { "type": "Polygon", "coordinates": [ [ [ 13.45907345, 52.45463211 ], [ 13.45870098, 52.45525752 ], [ 13.4586881, 52.45527628 ], [ 13.45876699, 52.45530596 ], [ 13.45857345, 52.45551804 ], [ 13.45852033, 52.45552192 ], [ 13.45835246, 52.4557671 ], [ 13.45836982, 52.45591757 ], [ 13.45813091, 52.45630464 ], [ 13.45770083, 52.45678966 ], [ 13.45730914, 52.45719557 ], [ 13.45719357, 52.4572957 ], [ 13.45684882, 52.45754601 ], [ 13.45658512, 52.45779151 ], [ 13.45636173, 52.45784835 ], [ 13.45638338, 52.45791379 ], [ 13.45658093, 52.45784902 ], [ 13.45703582, 52.45769509 ], [ 13.45721355, 52.45757098 ], [ 13.45753477, 52.45731676 ], [ 13.45821269, 52.45661542 ], [ 13.45840579, 52.4563949 ], [ 13.45851615, 52.45624021 ], [ 13.45907092, 52.45542079 ], [ 13.45924335, 52.45517678 ], [ 13.45940816, 52.45492423 ], [ 13.45993022, 52.45415315 ], [ 13.46042108, 52.45340501 ], [ 13.46000922, 52.45324951 ], [ 13.46005761, 52.45313203 ], [ 13.460177, 52.45272419 ], [ 13.46015344, 52.45253609 ], [ 13.46004929, 52.45246045 ], [ 13.45949051, 52.45224873 ], [ 13.45943222, 52.45230645 ], [ 13.45998891, 52.45251671 ], [ 13.4600492, 52.4525602 ], [ 13.46006703, 52.4527086 ], [ 13.45994481, 52.45313177 ], [ 13.45978142, 52.45352779 ], [ 13.45967319, 52.45369747 ], [ 13.45962185, 52.45369964 ], [ 13.45865949, 52.45351792 ], [ 13.45863061, 52.45351419 ], [ 13.458572, 52.45351703 ], [ 13.45846476, 52.45354748 ], [ 13.45855162, 52.45356719 ], [ 13.45857704, 52.45355103 ], [ 13.45861576, 52.45354451 ], [ 13.45953455, 52.45371839 ], [ 13.45963084, 52.45373246 ], [ 13.45985422, 52.45374967 ], [ 13.45988935, 52.45375637 ], [ 13.46001624, 52.45378611 ], [ 13.4600385, 52.45380066 ], [ 13.46005021, 52.45382777 ], [ 13.45997029, 52.45397496 ], [ 13.4598433, 52.45416994 ], [ 13.45981396, 52.45419172 ], [ 13.45977116, 52.45420269 ], [ 13.45972358, 52.45419967 ], [ 13.45943914, 52.45409138 ], [ 13.45934805, 52.45406187 ], [ 13.4584781, 52.45382218 ], [ 13.45843756, 52.45380313 ], [ 13.45842328, 52.45377981 ], [ 13.45834333, 52.45376191 ], [ 13.45834731, 52.45377074 ], [ 13.4583737, 52.45380353 ], [ 13.45841148, 52.45382925 ], [ 13.45844574, 52.45384374 ], [ 13.45932824, 52.45408772 ], [ 13.45940665, 52.45411325 ], [ 13.45915096, 52.45451137 ], [ 13.45907345, 52.45463211 ] ] ] } },
{ "type": "Feature", "properties": { "id": "versorggruen_oeff_2020.46", "importid": 46, "typ": "Öffentliche Grünanlage" }, "geometry": { "type": "Polygon", "coordinates": [ [ [ 13.46973897, 52.46490921 ], [ 13.46978044, 52.46493401 ], [ 13.4697343, 52.46496308 ], [ 13.46969765, 52.46494168 ], [ 13.46967067, 52.46495872 ], [ 13.46966795, 52.46497786 ], [ 13.46973077, 52.46501417 ], [ 13.46985748, 52.46493048 ], [ 13.47065935, 52.46535379 ], [ 13.47141301, 52.46483427 ], [ 13.47048727, 52.46434858 ], [ 13.46992307, 52.46477239 ], [ 13.46973897, 52.46490921 ] ] ] } },
{ "type": "Feature", "properties": { "id": "versorggruen_oeff_2020.47", "importid": 47, "typ": "Öffentliche Grünanlage" }, "geometry": { "type": "Polygon", "coordinates": [ [ [ 13.47382099, 52.46581983 ], [ 13.47380846, 52.46580696 ], [ 13.47376033, 52.46574735 ], [ 13.47373856, 52.46571363 ], [ 13.47371562, 52.46566668 ], [ 13.47367884, 52.46566663 ], [ 13.4736153, 52.46570259 ], [ 13.47329749, 52.46570218 ], [ 13.47329762, 52.46566614 ], [ 13.47312728, 52.4656661 ], [ 13.47312923, 52.4656842 ], [ 13.47317706, 52.46588957 ], [ 13.47306488, 52.46602917 ], [ 13.47219755, 52.46660508 ], [ 13.4724351, 52.466739 ], [ 13.47326717, 52.46618726 ], [ 13.47382099, 52.46581983 ] ] ] } },
{ "type": "Feature", "properties": { "id": "versorggruen_oeff_2020.48", "importid": 48, "typ": "Öffentliche Grünanlage" }, "geometry": { "type": "Polygon", "coordinates": [ [ [ 13.49218683, 52.41109588 ], [ 13.49243281, 52.41114319 ], [ 13.49244564, 52.41112685 ], [ 13.49253929, 52.41116452 ], [ 13.49276034, 52.41120197 ], [ 13.49289479, 52.41120923 ], [ 13.49315837, 52.41127683 ], [ 13.49315051, 52.41129884 ], [ 13.49339475, 52.41139743 ], [ 13.49337367, 52.41142006 ], [ 13.49356597, 52.41149028 ], [ 13.49363923, 52.41141838 ], [ 13.49390076, 52.41150138 ], [ 13.49404604, 52.41135934 ], [ 13.49304796, 52.40973513 ], [ 13.49226872, 52.41073429 ], [ 13.49224082, 52.41085748 ], [ 13.49218683, 52.41109588 ] ], [ [ 13.49293825, 52.41112525 ], [ 13.49243778, 52.41103623 ], [ 13.49239912, 52.41102019 ], [ 13.4923743, 52.41099598 ], [ 13.49236752, 52.41096772 ], [ 13.49238405, 52.41092826 ], [ 13.49237618, 52.41092681 ], [ 13.4924873, 52.41080317 ], [ 13.49258642, 52.41068248 ], [ 13.49264579, 52.41069822 ], [ 13.49272911, 52.41065905 ], [ 13.49279175, 52.41065196 ], [ 13.49281519, 52.41064054 ], [ 13.49286471, 52.4106199 ], [ 13.49293852, 52.41059545 ], [ 13.49298879, 52.41058339 ], [ 13.49312311, 52.41059265 ], [ 13.49318786, 52.41054905 ], [ 13.49338222, 52.41052856 ], [ 13.49343175, 52.41056775 ], [ 13.49347446, 52.41060983 ], [ 13.4935242, 52.41066848 ], [ 13.49358899, 52.41077541 ], [ 13.49359384, 52.41077443 ], [ 13.49359775, 52.41077967 ], [ 13.49359721, 52.41082445 ], [ 13.49360403, 52.41087394 ], [ 13.4936186, 52.4109228 ], [ 13.49364625, 52.41094239 ], [ 13.49369607, 52.41098422 ], [ 13.4937412, 52.41103145 ], [ 13.49377967, 52.41108407 ], [ 13.49379488, 52.41111136 ], [ 13.49384013, 52.41117825 ], [ 13.49389947, 52.41129581 ], [ 13.49392072, 52.41131343 ], [ 13.49393987, 52.41134013 ], [ 13.49394751, 52.41137727 ], [ 13.49393892, 52.41140807 ], [ 13.49391103, 52.41143233 ], [ 13.49387323, 52.41145091 ], [ 13.49382014, 52.41146355 ], [ 13.49377681, 52.41144866 ], [ 13.49364215, 52.41140956 ], [ 13.49351219, 52.41138001 ], [ 13.49349224, 52.41137992 ], [ 13.49344898, 52.41139753 ], [ 13.49340402, 52.41139829 ], [ 13.49336224, 52.41136437 ], [ 13.49335175, 52.41135361 ], [ 13.49331201, 52.41132502 ], [ 13.49319364, 52.41128479 ], [ 13.493161, 52.41125243 ], [ 13.49309826, 52.41123576 ], [ 13.49303303, 52.41122316 ], [ 13.49297289, 52.41121397 ], [ 13.49296911, 52.41121047 ], [ 13.49295316, 52.41117871 ], [ 13.49296158, 52.41114907 ], [ 13.49294464, 52.41112865 ], [ 13.49293825, 52.41112525 ] ] ] } },
{ "type": "Feature", "properties": { "id": "versorggruen_oeff_2020.49", "importid": 49, "typ": "Öffentliche Grünanlage" }, "geometry": { "type": "Polygon", "coordinates": [ [ [ 13.48563892, 52.39726702 ], [ 13.48354914, 52.39693765 ], [ 13.48128481, 52.39636235 ], [ 13.47976201, 52.39594608 ], [ 13.47955524, 52.39689527 ], [ 13.47917955, 52.39854601 ], [ 13.47917266, 52.39857898 ], [ 13.48525051, 52.39794298 ], [ 13.48522821, 52.39798178 ], [ 13.48665537, 52.39783169 ], [ 13.48673151, 52.39785955 ], [ 13.48663133, 52.39767579 ], [ 13.48650927, 52.39746319 ], [ 13.48647804, 52.39741612 ], [ 13.486474612676583, 52.397415511012106 ], [ 13.486470377283014, 52.39741498081267 ], [ 13.486192984565207, 52.397365469598 ], [ 13.48563892, 52.39726702 ] ] ] } },
{ "type": "Feature", "properties": { "id": "versorggruen_oeff_2020.50", "importid": 50, "typ": "Öffentliche Grünanlage" }, "geometry": { "type": "Polygon", "coordinates": [ [ [ 13.47763568, 52.40323729 ], [ 13.47764056, 52.40332473 ], [ 13.47760989, 52.4034294 ], [ 13.47756133, 52.4034953 ], [ 13.47753671, 52.40351872 ], [ 13.47763446, 52.40355886 ], [ 13.47792192, 52.40370694 ], [ 13.47841778, 52.40395435 ], [ 13.47877047, 52.40413555 ], [ 13.47923401, 52.40440744 ], [ 13.47944346, 52.40453623 ], [ 13.4803729, 52.40513889 ], [ 13.48058576, 52.40528115 ], [ 13.48091085, 52.40549273 ], [ 13.4811799, 52.4056604 ], [ 13.48129473, 52.40573394 ], [ 13.48142742, 52.40582227 ], [ 13.48163486, 52.40597225 ], [ 13.48299428, 52.40699686 ], [ 13.48367261, 52.40750265 ], [ 13.48453918, 52.40716777 ], [ 13.48461627, 52.40714047 ], [ 13.48462721, 52.40708439 ], [ 13.48276774, 52.40592721 ], [ 13.48266663, 52.40585849 ], [ 13.48257029, 52.40578725 ], [ 13.48247887, 52.40571362 ], [ 13.48238425, 52.40562979 ], [ 13.48231558, 52.40555784 ], [ 13.48225976, 52.40548806 ], [ 13.48195836, 52.40540874 ], [ 13.48113725, 52.40509957 ], [ 13.4805049, 52.4048095 ], [ 13.4802755, 52.40467568 ], [ 13.47999815, 52.40439141 ], [ 13.4797302, 52.40419778 ], [ 13.47928515, 52.4039282 ], [ 13.47841269, 52.40348451 ], [ 13.4782699, 52.40339284 ], [ 13.47817961, 52.4033194 ], [ 13.47806784, 52.40322301 ], [ 13.47771424, 52.40283596 ], [ 13.47760800918997, 52.402719868817272 ], [ 13.477605280384697, 52.403055503321369 ], [ 13.477626657658769, 52.403183351832389 ], [ 13.47763568, 52.40323729 ] ] ] } },
{ "type": "Feature", "properties": { "id": "versorggruen_oeff_2020.51", "importid": 51, "typ": "Öffentliche Grünanlage" }, "geometry": { "type": "Polygon", "coordinates": [ [ [ 13.48144168, 52.41770701 ], [ 13.48157943, 52.41774925 ], [ 13.48164252, 52.41781181 ], [ 13.48171249, 52.41779005 ], [ 13.48189492, 52.41784606 ], [ 13.4819375, 52.4177778 ], [ 13.48210773, 52.41771635 ], [ 13.48237832, 52.41799438 ], [ 13.48311096, 52.41772954 ], [ 13.4820965, 52.41746894 ], [ 13.48254417, 52.41730722 ], [ 13.48242259, 52.41718345 ], [ 13.48182893, 52.41740013 ], [ 13.4804629, 52.41704923 ], [ 13.48050737, 52.41697775 ], [ 13.48026397, 52.41706561 ], [ 13.48042315, 52.4171128 ], [ 13.48130252, 52.4173391 ], [ 13.47998564, 52.41781494 ], [ 13.47985234, 52.41802874 ], [ 13.48157712, 52.41740971 ], [ 13.48164071, 52.41742507 ], [ 13.48184367, 52.41747825 ], [ 13.48168431, 52.41748452 ], [ 13.47975542, 52.41818436 ], [ 13.4796496, 52.41835426 ], [ 13.48144168, 52.41770701 ] ] ] } },
{ "type": "Feature", "properties": { "id": "versorggruen_oeff_2020.52", "importid": 52, "typ": "Öffentliche Grünanlage" }, "geometry": { "type": "Polygon", "coordinates": [ [ [ 13.50079237, 52.41780732 ], [ 13.50090667, 52.41784253 ], [ 13.50102333, 52.41787472 ], [ 13.50114213, 52.41790382 ], [ 13.50132394, 52.41794149 ], [ 13.50147349, 52.41796681 ], [ 13.50166287, 52.41799164 ], [ 13.50256281, 52.41716159 ], [ 13.50114355, 52.41676818 ], [ 13.50090658, 52.41698792 ], [ 13.50025149, 52.41679032 ], [ 13.49982894, 52.41718781 ], [ 13.49982023, 52.41731432 ], [ 13.50003015, 52.41745474 ], [ 13.50016709, 52.41753697 ], [ 13.50026314, 52.41758868 ], [ 13.5003627, 52.41763784 ], [ 13.50046559, 52.41768435 ], [ 13.50057163, 52.41772815 ], [ 13.50070276, 52.41777685 ], [ 13.50079237, 52.41780732 ] ], [ [ 13.50183159, 52.41744714 ], [ 13.50188465, 52.41753169 ], [ 13.50188953, 52.41757344 ], [ 13.50188111, 52.41760804 ], [ 13.5018527, 52.41763957 ], [ 13.50180597, 52.41766802 ], [ 13.50175425, 52.41769545 ], [ 13.50169256, 52.41771575 ], [ 13.5016159, 52.41772687 ], [ 13.5015226, 52.41773186 ], [ 13.50141599, 52.41772971 ], [ 13.50130272, 52.4177245 ], [ 13.50121612, 52.41771626 ], [ 13.50111788, 52.41770089 ], [ 13.501013, 52.41767635 ], [ 13.50092811, 52.41765284 ], [ 13.50079165, 52.41760383 ], [ 13.50065854, 52.41754872 ], [ 13.50051215, 52.41747527 ], [ 13.50040238, 52.41741509 ], [ 13.50035916, 52.41738246 ], [ 13.50033425, 52.41735699 ], [ 13.50030107, 52.41730707 ], [ 13.50029949, 52.41727856 ], [ 13.50030789, 52.41725414 ], [ 13.50032962, 52.41722668 ], [ 13.50035802, 52.4171982 ], [ 13.50040638, 52.41718095 ], [ 13.50060465, 52.41716895 ], [ 13.50073293, 52.41716603 ], [ 13.50082285, 52.4171763 ], [ 13.50092779, 52.41717947 ], [ 13.50106267, 52.41719794 ], [ 13.50120254, 52.41722048 ], [ 13.50132238, 52.4172542 ], [ 13.50151216, 52.41730021 ], [ 13.50168194, 52.41734722 ], [ 13.50175347, 52.41738395 ], [ 13.50181722, 52.41743553 ], [ 13.50183159, 52.41744714 ] ] ] } },
{ "type": "Feature", "properties": { "id": "versorggruen_oeff_2020.53", "importid": 53, "typ": "Öffentliche Grünanlage" }, "geometry": { "type": "Polygon", "coordinates": [ [ [ 13.50756692, 52.40707227 ], [ 13.50717225, 52.40686068 ], [ 13.50717279, 52.40685084 ], [ 13.50679676, 52.40675857 ], [ 13.50661783, 52.40701352 ], [ 13.50688127, 52.40734926 ], [ 13.50722428, 52.40749717 ], [ 13.50759342, 52.40710905 ], [ 13.50756692, 52.40707227 ] ], [ [ 13.50692607, 52.40705532 ], [ 13.50693248, 52.40703334 ], [ 13.50695268, 52.40699907 ], [ 13.50696754, 52.40698421 ], [ 13.50701836, 52.40697521 ], [ 13.50708503, 52.40697527 ], [ 13.50714957, 52.40698245 ], [ 13.50720982, 52.40700774 ], [ 13.50726262, 52.40704984 ], [ 13.5073133, 52.40709323 ], [ 13.50737237, 52.40716316 ], [ 13.50738598, 52.40722074 ], [ 13.50738273, 52.40724726 ], [ 13.50736892, 52.407266 ], [ 13.5073403, 52.40728409 ], [ 13.50729051, 52.40730344 ], [ 13.50721746, 52.40731243 ], [ 13.50717301, 52.40731497 ], [ 13.50711164, 52.40730973 ], [ 13.50702816, 52.40726631 ], [ 13.50700073, 52.40723458 ], [ 13.50697121, 52.40719186 ], [ 13.5069292, 52.4070715 ], [ 13.50692607, 52.40705532 ] ] ] } },
{ "type": "Feature", "properties": { "id": "versorggruen_oeff_2020.54", "importid": 54, "typ": "Öffentliche Grünanlage" }, "geometry": { "type": "Polygon", "coordinates": [ [ [ 13.50958982, 52.4080932 ], [ 13.5101858, 52.40827415 ], [ 13.50969747, 52.40872984 ], [ 13.51024706, 52.40894957 ], [ 13.51144454, 52.4078337 ], [ 13.51034418, 52.40739083 ], [ 13.51033489, 52.40739949 ], [ 13.51037043, 52.40743828 ], [ 13.5103779, 52.40746708 ], [ 13.51036586, 52.4074953 ], [ 13.51033634, 52.4075182 ], [ 13.51029427, 52.40753194 ], [ 13.51024673, 52.40753421 ], [ 13.51020169, 52.40752463 ], [ 13.50985484, 52.40784646 ], [ 13.50958982, 52.4080932 ] ], [ [ 13.51022765, 52.40778048 ], [ 13.51020546, 52.40772586 ], [ 13.5102035, 52.40769855 ], [ 13.51021776, 52.40768119 ], [ 13.51024622, 52.40766757 ], [ 13.51029699, 52.40766265 ], [ 13.51036805, 52.4076652 ], [ 13.51043097, 52.40767023 ], [ 13.51048372, 52.40768518 ], [ 13.51055673, 52.40771627 ], [ 13.5106743, 52.40778961 ], [ 13.51072492, 52.40784426 ], [ 13.51074308, 52.40788648 ], [ 13.51076118, 52.40795227 ], [ 13.51076104, 52.40800688 ], [ 13.51074058, 52.40806642 ], [ 13.51067747, 52.40813214 ], [ 13.51062873, 52.40813581 ], [ 13.51056783, 52.40813203 ], [ 13.51053332, 52.40812579 ], [ 13.51047046, 52.40809719 ], [ 13.5104421, 52.4080711 ], [ 13.51037327, 52.40799533 ], [ 13.51026815, 52.40784197 ], [ 13.51022765, 52.40778048 ] ] ] } },
{ "type": "Feature", "properties": { "id": "versorggruen_oeff_2020.55", "importid": 55, "typ": "Öffentliche Grünanlage" }, "geometry": { "type": "Polygon", "coordinates": [ [ [ 13.51393772, 52.40339749 ], [ 13.514301, 52.40354369 ], [ 13.51438156, 52.40346862 ], [ 13.51400815, 52.40331865 ], [ 13.51426307, 52.40303266 ], [ 13.51486411, 52.40270199 ], [ 13.51493373, 52.40237628 ], [ 13.515105, 52.40221737 ], [ 13.51492895, 52.40213399 ], [ 13.51485769, 52.40210454 ], [ 13.51458877, 52.40235457 ], [ 13.51345106, 52.40249368 ], [ 13.51324718, 52.40258532 ], [ 13.51291341, 52.40245028 ], [ 13.5120162, 52.40332923 ], [ 13.51246405, 52.4034978 ], [ 13.51296045, 52.40375745 ], [ 13.51385815, 52.40348674 ], [ 13.51393772, 52.40339749 ] ], [ [ 13.51349527, 52.40300321 ], [ 13.51357666, 52.40301909 ], [ 13.51362317, 52.4030302 ], [ 13.51364635, 52.40306261 ], [ 13.51363983, 52.40308473 ], [ 13.51363978, 52.40310607 ], [ 13.51357886, 52.4031708 ], [ 13.513518, 52.40321262 ], [ 13.51344423, 52.40325048 ], [ 13.51339761, 52.40328204 ], [ 13.51334713, 52.40331122 ], [ 13.51328376, 52.40332223 ], [ 13.51322818, 52.40332533 ], [ 13.51312869, 52.40331101 ], [ 13.51308994, 52.40329754 ], [ 13.51306671, 52.40328251 ], [ 13.51306031, 52.40326117 ], [ 13.51305913, 52.4032185 ], [ 13.51306156, 52.40317643 ], [ 13.51308652, 52.40311976 ], [ 13.51313963, 52.40307477 ], [ 13.51320952, 52.40304007 ], [ 13.51326516, 52.40301563 ], [ 13.51339445, 52.40300311 ], [ 13.51349527, 52.40300321 ] ] ] } },
{ "type": "Feature", "properties": { "id": "versorggruen_oeff_2020.56", "importid": 56, "typ": "Öffentliche Grünanlage" }, "geometry": { "type": "Polygon", "coordinates": [ [ [ 13.4939176, 52.43478888 ], [ 13.4937922, 52.43468314 ], [ 13.49346853, 52.4348449 ], [ 13.49324128, 52.43496731 ], [ 13.49304991, 52.43508967 ], [ 13.49279426, 52.43522014 ], [ 13.49097344, 52.4361045 ], [ 13.49089658, 52.43613964 ], [ 13.49090274, 52.43614459 ], [ 13.49021839, 52.4364862 ], [ 13.48937552, 52.43695546 ], [ 13.48930673, 52.43691236 ], [ 13.48510052, 52.43895177 ], [ 13.48502774, 52.4389914 ], [ 13.48495196, 52.43901171 ], [ 13.48498641, 52.43904348 ], [ 13.48510519, 52.43900578 ], [ 13.48498656, 52.43904393 ], [ 13.4848788, 52.43894441 ], [ 13.482366, 52.44016436 ], [ 13.48250505, 52.44026977 ], [ 13.48305414, 52.44000191 ], [ 13.48334654, 52.43985264 ], [ 13.48364565, 52.43970806 ], [ 13.48399755, 52.43953368 ], [ 13.48471745, 52.43918712 ], [ 13.48484743, 52.43913991 ], [ 13.48495355, 52.43910957 ], [ 13.48510796, 52.43906825 ], [ 13.48526836, 52.43898082 ], [ 13.48539868, 52.4389223 ], [ 13.48846534, 52.43743458 ], [ 13.48896044, 52.43719791 ], [ 13.48895617, 52.4371953 ], [ 13.48940548, 52.43697501 ], [ 13.4894121, 52.43697881 ], [ 13.4928967, 52.43528514 ], [ 13.4939176, 52.43478888 ] ], [ [ 13.48547395, 52.43886919 ], [ 13.48545257, 52.43887793 ], [ 13.48543082, 52.4388863 ], [ 13.48547395, 52.43886919 ] ], [ [ 13.48560086, 52.43881556 ], [ 13.48558013, 52.43882487 ], [ 13.48555899, 52.43883381 ], [ 13.48560086, 52.43881556 ] ] ] } },
{ "type": "Feature", "properties": { "id": "versorggruen_oeff_2020.57", "importid": 57, "typ": "Öffentliche Grünanlage" }, "geometry": { "type": "Polygon", "coordinates": [ [ [ 13.47200737, 52.44543118 ], [ 13.47201148, 52.44543245 ], [ 13.47299649, 52.44494548 ], [ 13.47455349, 52.4441832 ], [ 13.4746509, 52.44412589 ], [ 13.47481993, 52.44398259 ], [ 13.4748972, 52.4439214 ], [ 13.47499416, 52.44385752 ], [ 13.47635579, 52.44319868 ], [ 13.47642249, 52.44317035 ], [ 13.47649479, 52.443144 ], [ 13.47657301, 52.44312328 ], [ 13.47679095, 52.44307435 ], [ 13.47685986, 52.44305692 ], [ 13.47692118, 52.44303628 ], [ 13.47695152, 52.44302428 ], [ 13.47686307, 52.44295497 ], [ 13.47735636, 52.44272715 ], [ 13.477728, 52.44254744 ], [ 13.47782223, 52.4426013 ], [ 13.47804595, 52.44250075 ], [ 13.47792188, 52.44240021 ], [ 13.47684604, 52.44291444 ], [ 13.47631014, 52.44316345 ], [ 13.47496166, 52.44381593 ], [ 13.47465963, 52.44397295 ], [ 13.47443568, 52.444049 ], [ 13.47443455, 52.44404816 ], [ 13.47409454, 52.44421907 ], [ 13.47420425, 52.44429956 ], [ 13.47370672, 52.44455315 ], [ 13.47365817, 52.44451579 ], [ 13.47317644, 52.44475327 ], [ 13.47313197, 52.44477244 ], [ 13.47313472, 52.44479524 ], [ 13.47230605, 52.44520154 ], [ 13.47189556, 52.44539877 ], [ 13.47159584, 52.44554678 ], [ 13.47155691, 52.44557168 ], [ 13.47063375, 52.44601122 ], [ 13.47014911, 52.44625094 ], [ 13.46966787, 52.44647862 ], [ 13.46967605, 52.44648093 ], [ 13.46713359, 52.44771348 ], [ 13.46543079, 52.44854094 ], [ 13.46489364, 52.44882149 ], [ 13.46460448, 52.44898285 ], [ 13.46398074, 52.44937389 ], [ 13.463818, 52.44949481 ], [ 13.46362248, 52.44962349 ], [ 13.46296236, 52.45013009 ], [ 13.46288086, 52.45018121 ], [ 13.46273811, 52.45030149 ], [ 13.46238415, 52.45046578 ], [ 13.46231996, 52.45050175 ], [ 13.46209072, 52.45062344 ], [ 13.46192612, 52.45070506 ], [ 13.46162604, 52.45083396 ], [ 13.46146283, 52.45089563 ], [ 13.46165941, 52.45087835 ], [ 13.46245639, 52.45052024 ], [ 13.46291939, 52.45027918 ], [ 13.46302608, 52.45018605 ], [ 13.46338411, 52.44990159 ], [ 13.46360477, 52.44973788 ], [ 13.46404611, 52.4494315 ], [ 13.46448502, 52.4491527 ], [ 13.46467046, 52.44904152 ], [ 13.4651574, 52.4487682 ], [ 13.46531157, 52.44868536 ], [ 13.46549606, 52.44859071 ], [ 13.46569069, 52.44849402 ], [ 13.46701853, 52.4478483 ], [ 13.47200737, 52.44543118 ] ], [ [ 13.47445981, 52.44406694 ], [ 13.47468089, 52.44399295 ], [ 13.47472257, 52.44402593 ], [ 13.47458254, 52.44415815 ], [ 13.47445981, 52.44406694 ] ] ] } },
{ "type": "Feature", "properties": { "id": "versorggruen_oeff_2020.58", "importid": 58, "typ": "Öffentliche Grünanlage" }, "geometry": { "type": "Polygon", "coordinates": [ [ [ 13.51001147, 52.406736 ], [ 13.50987841, 52.40659774 ], [ 13.51018171, 52.40631495 ], [ 13.50934011, 52.40597591 ], [ 13.50790585, 52.40748043 ], [ 13.50947263, 52.4079572 ], [ 13.50957864, 52.4079397 ], [ 13.51018538, 52.40737567 ], [ 13.50997285, 52.40728829 ], [ 13.50976232, 52.40705173 ], [ 13.50974751, 52.40697838 ], [ 13.51001147, 52.406736 ] ], [ [ 13.50914024, 52.40636161 ], [ 13.50919394, 52.40636735 ], [ 13.50921978, 52.40641268 ], [ 13.50935941, 52.40647457 ], [ 13.50942328, 52.40651376 ], [ 13.50941608, 52.40654853 ], [ 13.5093941, 52.40679486 ], [ 13.50937016, 52.40689048 ], [ 13.50928725, 52.40688025 ], [ 13.50918552, 52.40682074 ], [ 13.50895084, 52.40657837 ], [ 13.50912177, 52.40643511 ], [ 13.50914024, 52.40636161 ] ] ] } },
{ "type": "Feature", "properties": { "id": "versorggruen_oeff_2020.59", "importid": 59, "typ": "Öffentliche Grünanlage" }, "geometry": { "type": "Polygon", "coordinates": [ [ [ 13.46290291, 52.43970504 ], [ 13.46294905, 52.43966977 ], [ 13.4627318, 52.43956273 ], [ 13.46327403, 52.43915135 ], [ 13.46318625, 52.439108 ], [ 13.46297409, 52.43894163 ], [ 13.46340291, 52.4388218 ], [ 13.46326638, 52.43863801 ], [ 13.46317366, 52.43862414 ], [ 13.46280697, 52.43881055 ], [ 13.46279785, 52.43880344 ], [ 13.46247334, 52.43895766 ], [ 13.46189187, 52.43927937 ], [ 13.46167315, 52.43938009 ], [ 13.46209614, 52.43958943 ], [ 13.46254415, 52.43952821 ], [ 13.46279454, 52.43965167 ], [ 13.46290291, 52.43970504 ] ] ] } },
{ "type": "Feature", "properties": { "id": "versorggruen_oeff_2020.60", "importid": 60, "typ": "Öffentliche Grünanlage" }, "geometry": { "type": "Polygon", "coordinates": [ [ [ 13.47364423, 52.43822656 ], [ 13.47308756, 52.43867903 ], [ 13.47305232, 52.43866281 ], [ 13.47297948, 52.43872194 ], [ 13.4730284, 52.43873657 ], [ 13.47304286, 52.43876337 ], [ 13.47284003, 52.4389884 ], [ 13.47261163, 52.43916702 ], [ 13.47251153, 52.43924059 ], [ 13.47212549, 52.43950132 ], [ 13.4717903, 52.43964512 ], [ 13.47210238, 52.43988682 ], [ 13.47221796, 52.4396214 ], [ 13.4722587, 52.43956047 ], [ 13.4723119, 52.43950323 ], [ 13.47237668, 52.43945065 ], [ 13.47245197, 52.43940358 ], [ 13.47249353, 52.43938264 ], [ 13.47256584, 52.43935146 ], [ 13.47416742, 52.4387402 ], [ 13.47417218, 52.43872466 ], [ 13.47419439, 52.43872468 ], [ 13.47417723, 52.43870903 ], [ 13.47364423, 52.43822656 ] ] ] } },
{ "type": "Feature", "properties": { "id": "versorggruen_oeff_2020.61", "importid": 61, "typ": "Öffentliche Grünanlage" }, "geometry": { "type": "Polygon", "coordinates": [ [ [ 13.46283299, 52.44569796 ], [ 13.46270937, 52.44576042 ], [ 13.46260036, 52.44584609 ], [ 13.46255062, 52.44589599 ], [ 13.46447435, 52.44744963 ], [ 13.46475825, 52.44728144 ], [ 13.46283299, 52.44569796 ] ] ] } },
{ "type": "Feature", "properties": { "id": "versorggruen_oeff_2020.62", "importid": 62, "typ": "Öffentliche Grünanlage" }, "geometry": { "type": "Polygon", "coordinates": [ [ [ 13.42342759, 52.41576978 ], [ 13.42351982, 52.41578522 ], [ 13.42376007, 52.41534663 ], [ 13.4240492, 52.41493833 ], [ 13.42417048, 52.41495863 ], [ 13.4242287, 52.414687 ], [ 13.42432846, 52.41446844 ], [ 13.42439491, 52.41414831 ], [ 13.42458663, 52.41356487 ], [ 13.42362901, 52.41345201 ], [ 13.42371051, 52.41420236 ], [ 13.42345189, 52.41547174 ], [ 13.42323448, 52.4154471 ], [ 13.4232106, 52.41552614 ], [ 13.42264116, 52.41535082 ], [ 13.42213797, 52.41522366 ], [ 13.42205299, 52.41519287 ], [ 13.42197597, 52.41515505 ], [ 13.42190845, 52.41511097 ], [ 13.42185179, 52.41506149 ], [ 13.42182841, 52.41503488 ], [ 13.42153989, 52.41513413 ], [ 13.42129537, 52.41511413 ], [ 13.42117138, 52.41510079 ], [ 13.42104844, 52.41508423 ], [ 13.42086655, 52.41505325 ], [ 13.42085218, 52.41507892 ], [ 13.42318316, 52.41561416 ], [ 13.42308677, 52.41592673 ], [ 13.42303009, 52.41607483 ], [ 13.42334857, 52.41639746 ], [ 13.42339354, 52.41639745 ], [ 13.42322857, 52.41622174 ], [ 13.4232479, 52.41617784 ], [ 13.42342759, 52.41576978 ] ] ] } },
{ "type": "Feature", "properties": { "id": "versorggruen_oeff_2020.63", "importid": 63, "typ": "Öffentliche Grünanlage" }, "geometry": { "type": "Polygon", "coordinates": [ [ [ 13.40967174, 52.42066641 ], [ 13.40953903, 52.42031111 ], [ 13.40889478, 52.42040169 ], [ 13.4089712, 52.42060593 ], [ 13.40908497, 52.42066652 ], [ 13.40920168, 52.42067338 ], [ 13.40931925, 52.42067685 ], [ 13.40943684, 52.42067694 ], [ 13.40955427, 52.42067349 ], [ 13.40967174, 52.42066641 ] ] ] } },
{ "type": "Feature", "properties": { "id": "versorggruen_oeff_2020.64", "importid": 64, "typ": "Öffentliche Grünanlage" }, "geometry": { "type": "Polygon", "coordinates": [ [ [ 13.43132451, 52.42226581 ], [ 13.43122995, 52.42237322 ], [ 13.43120793, 52.42240402 ], [ 13.43117559, 52.42243792 ], [ 13.43119034, 52.42244474 ], [ 13.43144376, 52.42259062 ], [ 13.43191341, 52.42277893 ], [ 13.43210144, 52.42275192 ], [ 13.43228034, 52.42273944 ], [ 13.4322955, 52.42271651 ], [ 13.43232572, 52.42269085 ], [ 13.43235627, 52.42267974 ], [ 13.43240931, 52.42267411 ], [ 13.43244322, 52.42267919 ], [ 13.43249507, 52.42269982 ], [ 13.43257289, 52.42274574 ], [ 13.43261536, 52.42276424 ], [ 13.43266169, 52.42277887 ], [ 13.4328215, 52.42281593 ], [ 13.43287903, 52.42268312 ], [ 13.43283099, 52.42263194 ], [ 13.43277336, 52.42256567 ], [ 13.43273605, 52.42251451 ], [ 13.43272015, 52.4224719 ], [ 13.43271077, 52.42240191 ], [ 13.43273892, 52.42229004 ], [ 13.43192115, 52.42201936 ], [ 13.43183625, 52.42199446 ], [ 13.43162735, 52.42193842 ], [ 13.43156956, 52.42191962 ], [ 13.43139021, 52.42213803 ], [ 13.43137369, 52.42216236 ], [ 13.43135441, 52.42222101 ], [ 13.43134225, 52.42224031 ], [ 13.43132451, 52.42226581 ] ], [ [ 13.43159058, 52.42241965 ], [ 13.43154233, 52.42239137 ], [ 13.43152921, 52.42237657 ], [ 13.4315205, 52.42235641 ], [ 13.43152845, 52.42232767 ], [ 13.43154273, 52.42230139 ], [ 13.43161018, 52.42221097 ], [ 13.43165544, 52.42216728 ], [ 13.43169954, 52.42213916 ], [ 13.43173035, 52.42212981 ], [ 13.43176171, 52.42212607 ], [ 13.43180947, 52.42213531 ], [ 13.43208613, 52.42221231 ], [ 13.43215857, 52.42223795 ], [ 13.43219586, 52.42225547 ], [ 13.4322156, 52.42226758 ], [ 13.43222454, 52.42228942 ], [ 13.43222754, 52.42230926 ], [ 13.43222632, 52.42232803 ], [ 13.43220627, 52.42238978 ], [ 13.43217965, 52.42244345 ], [ 13.43215529, 52.42248235 ], [ 13.43211998, 52.42251318 ], [ 13.43208476, 52.42252521 ], [ 13.43203854, 52.42253588 ], [ 13.43199676, 52.4225385 ], [ 13.43193961, 52.42253572 ], [ 13.4318715, 52.42252755 ], [ 13.43178146, 52.42250591 ], [ 13.43172001, 52.42248164 ], [ 13.43161676, 52.42243216 ], [ 13.43159058, 52.42241965 ] ] ] } },
{ "type": "Feature", "properties": { "id": "versorggruen_oeff_2020.404", "importid": 404, "typ": "Öffentliche Grünanlage" }, "geometry": { "type": "MultiPolygon", "coordinates": [ [ [ [ 13.45851578, 52.4592154 ], [ 13.4586084, 52.4592285 ], [ 13.45869807, 52.45923681 ], [ 13.4589497, 52.45924139 ], [ 13.45919381, 52.45923657 ], [ 13.45938664, 52.45922824 ], [ 13.45951065, 52.45921919 ], [ 13.45968648, 52.45920245 ], [ 13.45978028, 52.45917345 ], [ 13.459990835708313, 52.459167918641739 ], [ 13.45957932804858, 52.459178683262969 ], [ 13.45957830345891, 52.459178705543231 ], [ 13.4595783, 52.45917872 ], [ 13.45948431, 52.45919268 ], [ 13.45935925, 52.45920533 ], [ 13.45916384, 52.45921163 ], [ 13.45886932, 52.45921465 ], [ 13.45871161, 52.45920745 ], [ 13.458616876909701, 52.459199612564433 ], [ 13.458564582012286, 52.459200787577458 ], [ 13.458452828451939, 52.4592040223827 ], [ 13.45851578, 52.4592154 ] ] ], [ [ [ 13.47179157, 52.45885791 ], [ 13.471791568376805, 52.45885785847009 ], [ 13.471791557162993, 52.458857859351973 ], [ 13.471720355805571, 52.458859744483917 ], [ 13.471580194461843, 52.458863462895422 ], [ 13.47179157, 52.45885791 ] ] ] ] } },
{ "type": "Feature", "properties": { "id": "versorggruen_oeff_2020.487", "importid": 487, "typ": "Öffentliche Grünanlage" }, "geometry": { "type": "Polygon", "coordinates": [ [ [ 13.4878997, 52.39801705 ], [ 13.48870469, 52.39792818 ], [ 13.48886476, 52.3976492 ], [ 13.48678402, 52.39752679 ], [ 13.48696948, 52.39786584 ], [ 13.487131, 52.39816934 ], [ 13.4878997, 52.39801705 ] ] ] } },
{ "type": "Feature", "properties": { "id": "versorggruen_oeff_2020.515", "importid": 515, "typ": "Öffentliche Grünanlage" }, "geometry": { "type": "Polygon", "coordinates": [ [ [ 13.43912858, 52.48909741 ], [ 13.43891625, 52.48893641 ], [ 13.43848036, 52.48914843 ], [ 13.4387295, 52.48934032 ], [ 13.43897312, 52.48945255 ], [ 13.43899733, 52.48946207 ], [ 13.43903553, 52.48935596 ], [ 13.43912858, 52.48909741 ] ] ] } },
{ "type": "Feature", "properties": { "id": "versorggruen_oeff_2020.516", "importid": 516, "typ": "Öffentliche Grünanlage" }, "geometry": { "type": "Polygon", "coordinates": [ [ [ 13.5031307, 52.40103054 ], [ 13.50351345, 52.40065754 ], [ 13.50260683, 52.40031037 ], [ 13.50222421, 52.40068243 ], [ 13.5023394, 52.40072666 ], [ 13.5031307, 52.40103054 ] ], [ [ 13.50321765, 52.40084001 ], [ 13.50323351, 52.40082462 ], [ 13.50327058, 52.40083881 ], [ 13.50311321, 52.40099174 ], [ 13.50293824, 52.40092442 ], [ 13.5030326, 52.4008328 ], [ 13.50310792, 52.40086175 ], [ 13.50315551, 52.40081604 ], [ 13.50321765, 52.40084001 ] ] ] } },
{ "type": "Feature", "properties": { "id": "versorggruen_oeff_2020.517", "importid": 517, "typ": "Öffentliche Grünanlage" }, "geometry": { "type": "Polygon", "coordinates": [ [ [ 13.46820346, 52.43946018 ], [ 13.46750199, 52.44002044 ], [ 13.46759776, 52.4400424 ], [ 13.46773208, 52.4400159 ], [ 13.46774035, 52.44001997 ], [ 13.46794618, 52.43985186 ], [ 13.4679202, 52.43983969 ], [ 13.46792192, 52.43983829 ], [ 13.46791877, 52.43983679 ], [ 13.4680518, 52.43972886 ], [ 13.46862554, 52.44015524 ], [ 13.46863704, 52.44013429 ], [ 13.46868427, 52.4400628 ], [ 13.46870848, 52.44003322 ], [ 13.46876354, 52.43997461 ], [ 13.46878771, 52.43995232 ], [ 13.46886244, 52.43989107 ], [ 13.46875655, 52.43983595 ], [ 13.46880919, 52.43979844 ], [ 13.46876998, 52.43977654 ], [ 13.46820346, 52.43946018 ] ] ] } },
{ "type": "Feature", "properties": { "id": "versorggruen_oeff_2020.518", "importid": 518, "typ": "Öffentliche Grünanlage" }, "geometry": { "type": "Polygon", "coordinates": [ [ [ 13.50633196, 52.40217929 ], [ 13.5066126, 52.40190575 ], [ 13.50569498, 52.40155343 ], [ 13.50581908, 52.40173662 ], [ 13.50529786, 52.40224455 ], [ 13.50614415, 52.40256939 ], [ 13.5062928, 52.40242458 ], [ 13.50616504, 52.40223798 ], [ 13.50633196, 52.40217929 ] ] ] } },
{ "type": "Feature", "properties": { "id": "versorggruen_oeff_2020.519", "importid": 519, "typ": "Öffentliche Grünanlage" }, "geometry": { "type": "Polygon", "coordinates": [ [ [ 13.43942129, 52.46174727 ], [ 13.43959198, 52.46118228 ], [ 13.43918654, 52.46113806 ], [ 13.43898686, 52.4616977 ], [ 13.43913976, 52.46171514 ], [ 13.43942129, 52.46174727 ] ] ] } },
{ "type": "Feature", "properties": { "id": "versorggruen_oeff_2020.520", "importid": 520, "typ": "Öffentliche Grünanlage" }, "geometry": { "type": "Polygon", "coordinates": [ [ [ 13.44696165, 52.45023785 ], [ 13.44761005, 52.45023094 ], [ 13.4478643, 52.45013319 ], [ 13.44778979, 52.44960663 ], [ 13.44701143, 52.44935769 ], [ 13.44661861, 52.44941963 ], [ 13.4467857, 52.44981871 ], [ 13.44696165, 52.45023785 ] ] ] } },
{ "type": "Feature", "properties": { "id": "versorggruen_oeff_2020.521", "importid": 521, "typ": "Öffentliche Grünanlage" }, "geometry": { "type": "Polygon", "coordinates": [ [ [ 13.44076725, 52.46088813 ], [ 13.44074804, 52.46087398 ], [ 13.4402794, 52.46081914 ], [ 13.440144, 52.46124544 ], [ 13.44064046, 52.46130229 ], [ 13.44068273, 52.46116418 ], [ 13.44076725, 52.46088813 ] ] ] } },
{ "type": "Feature", "properties": { "id": "versorggruen_oeff_2020.522", "importid": 522, "typ": "Öffentliche Grünanlage" }, "geometry": { "type": "Polygon", "coordinates": [ [ [ 13.45593411, 52.48313325 ], [ 13.45583219, 52.48251896 ], [ 13.45575159, 52.48247874 ], [ 13.45433209, 52.48257246 ], [ 13.45429526, 52.48264012 ], [ 13.45502008, 52.48318933 ], [ 13.45551215, 52.48315914 ], [ 13.45593411, 52.48313325 ] ] ] } },
{ "type": "Feature", "properties": { "id": "versorggruen_oeff_2020.523", "importid": 523, "typ": "Öffentliche Grünanlage" }, "geometry": { "type": "Polygon", "coordinates": [ [ [ 13.4852225, 52.41248881 ], [ 13.48369162, 52.41198058 ], [ 13.4834297, 52.41240173 ], [ 13.48495926, 52.41291194 ], [ 13.48517941, 52.41255807 ], [ 13.4852225, 52.41248881 ] ] ] } },
{ "type": "Feature", "properties": { "id": "versorggruen_oeff_2020.524", "importid": 524, "typ": "Öffentliche Grünanlage" }, "geometry": { "type": "Polygon", "coordinates": [ [ [ 13.50653266, 52.4053181 ], [ 13.50649209, 52.40532381 ], [ 13.5058985, 52.40590212 ], [ 13.5066223, 52.4061774 ], [ 13.50657825, 52.40622032 ], [ 13.50740644, 52.40653497 ], [ 13.5073587, 52.40658156 ], [ 13.50751295, 52.40665298 ], [ 13.50774525, 52.40676501 ], [ 13.50785253, 52.40681868 ], [ 13.50779388, 52.40688054 ], [ 13.50780164, 52.40689016 ], [ 13.50786774, 52.40682419 ], [ 13.50855714, 52.40609524 ], [ 13.50697286, 52.40548713 ], [ 13.50653266, 52.4053181 ] ] ] } },
{ "type": "Feature", "properties": { "id": "versorggruen_oeff_2020.525", "importid": 525, "typ": "Öffentliche Grünanlage" }, "geometry": { "type": "Polygon", "coordinates": [ [ [ 13.46391803, 52.44232407 ], [ 13.46372736, 52.44222558 ], [ 13.46368962, 52.44221025 ], [ 13.4626333, 52.4430059 ], [ 13.46308488, 52.44321123 ], [ 13.46439882, 52.44259234 ], [ 13.46438545, 52.44258577 ], [ 13.46441977, 52.44257036 ], [ 13.46391803, 52.44232407 ] ] ] } },
{ "type": "Feature", "properties": { "id": "versorggruen_oeff_2020.612", "importid": 612, "typ": "Öffentliche Grünanlage" }, "geometry": { "type": "Polygon", "coordinates": [ [ [ 13.41380373, 52.43160183 ], [ 13.41287883, 52.43104621 ], [ 13.41219427, 52.43143967 ], [ 13.41244583, 52.43159227 ], [ 13.41283112, 52.43184903 ], [ 13.41305154, 52.43198287 ], [ 13.41315645, 52.43200545 ], [ 13.4131761, 52.43199099 ], [ 13.41371052, 52.43165963 ], [ 13.41380373, 52.43160183 ] ], [ [ 13.41329372, 52.43148833 ], [ 13.41344231, 52.43158079 ], [ 13.413275, 52.43168126 ], [ 13.41312639, 52.43158879 ], [ 13.41329372, 52.43148833 ] ] ] } },
{ "type": "Feature", "properties": { "id": "versorggruen_oeff_2020.613", "importid": 613, "typ": "Öffentliche Grünanlage" }, "geometry": { "type": "Polygon", "coordinates": [ [ [ 13.43473113, 52.43145955 ], [ 13.43221226, 52.431534 ], [ 13.43246561, 52.43222814 ], [ 13.43428804, 52.43232512 ], [ 13.43481858, 52.43234766 ], [ 13.43475182, 52.43167151 ], [ 13.43473113, 52.43145955 ] ] ] } },
{ "type": "Feature", "properties": { "id": "versorggruen_oeff_2020.614", "importid": 614, "typ": "Öffentliche Grünanlage" }, "geometry": { "type": "Polygon", "coordinates": [ [ [ 13.43496352, 52.44839761 ], [ 13.43494469, 52.44843088 ], [ 13.43523783, 52.44874187 ], [ 13.43587569, 52.44875314 ], [ 13.43550667, 52.44824358 ], [ 13.43499119, 52.44838298 ], [ 13.43496352, 52.44839761 ] ] ] } },
{ "type": "Feature", "properties": { "id": "versorggruen_oeff_2020.615", "importid": 615, "typ": "Öffentliche Grünanlage" }, "geometry": { "type": "Polygon", "coordinates": [ [ [ 13.43916654, 52.45861484 ], [ 13.43690367, 52.45845703 ], [ 13.43637094, 52.45842974 ], [ 13.43634196, 52.45843178 ], [ 13.43632573, 52.45846318 ], [ 13.43633959, 52.45847142 ], [ 13.4363656, 52.45848008 ], [ 13.43638061, 52.45851072 ], [ 13.43656753, 52.45852398 ], [ 13.43653823, 52.45866267 ], [ 13.43661105, 52.45866784 ], [ 13.43662404, 52.45861519 ], [ 13.43793621, 52.45871387 ], [ 13.43816121, 52.45873781 ], [ 13.43880147, 52.45876104 ], [ 13.43892486, 52.45877479 ], [ 13.43990377, 52.45884282 ], [ 13.44120863, 52.4590026 ], [ 13.4412626, 52.45883093 ], [ 13.44102149, 52.45879104 ], [ 13.44057095, 52.45873703 ], [ 13.44012993, 52.45869283 ], [ 13.43988436, 52.45867333 ], [ 13.43916654, 52.45861484 ] ] ] } },
{ "type": "Feature", "properties": { "id": "versorggruen_oeff_2020.616", "importid": 616, "typ": "Öffentliche Grünanlage" }, "geometry": { "type": "Polygon", "coordinates": [ [ [ 13.43461624, 52.45726298 ], [ 13.43484228, 52.45663318 ], [ 13.43475539, 52.45662308 ], [ 13.43453262, 52.45724532 ], [ 13.43461624, 52.45726298 ] ] ] } },
{ "type": "Feature", "properties": { "id": "versorggruen_oeff_2020.617", "importid": 617, "typ": "Öffentliche Grünanlage" }, "geometry": { "type": "Polygon", "coordinates": [ [ [ 13.43670748, 52.45772539 ], [ 13.43659135, 52.45795021 ], [ 13.43820978, 52.45814215 ], [ 13.44067117, 52.45831735 ], [ 13.44139808, 52.45840878 ], [ 13.44148994, 52.45812037 ], [ 13.44124333, 52.45808971 ], [ 13.4410272, 52.45806716 ], [ 13.4404038, 52.45800939 ], [ 13.43693217, 52.45774265 ], [ 13.43670748, 52.45772539 ] ] ] } },
{ "type": "Feature", "properties": { "id": "versorggruen_oeff_2020.618", "importid": 618, "typ": "Öffentliche Grünanlage" }, "geometry": { "type": "Polygon", "coordinates": [ [ [ 13.44944939, 52.45542944 ], [ 13.44944105, 52.45545495 ], [ 13.44953632, 52.45546657 ], [ 13.44954535, 52.45544123 ], [ 13.44954125, 52.45544072 ], [ 13.44944939, 52.45542944 ] ] ] } },
{ "type": "Feature", "properties": { "id": "versorggruen_oeff_2020.619", "importid": 619, "typ": "Öffentliche Grünanlage" }, "geometry": { "type": "Polygon", "coordinates": [ [ [ 13.44816404, 52.45916283 ], [ 13.448158, 52.45915556 ], [ 13.44783737, 52.45910671 ], [ 13.44776813, 52.45909322 ], [ 13.44773523, 52.45907582 ], [ 13.44768523, 52.45914883 ], [ 13.44778372, 52.45915922 ], [ 13.44814514, 52.45921486 ], [ 13.44815117, 52.45919827 ], [ 13.44816404, 52.45916283 ] ] ] } },
{ "type": "Feature", "properties": { "id": "versorggruen_oeff_2020.620", "importid": 620, "typ": "Öffentliche Grünanlage" }, "geometry": { "type": "Polygon", "coordinates": [ [ [ 13.45608257, 52.45802939 ], [ 13.4559107, 52.45813952 ], [ 13.4560658, 52.45821411 ], [ 13.45625698, 52.45811293 ], [ 13.45613975, 52.45805678 ], [ 13.45608257, 52.45802939 ] ] ] } },
{ "type": "Feature", "properties": { "id": "versorggruen_oeff_2020.621", "importid": 621, "typ": "Öffentliche Grünanlage" }, "geometry": { "type": "Polygon", "coordinates": [ [ [ 13.45575037, 52.45837173 ], [ 13.45559069, 52.45830724 ], [ 13.45542034, 52.45838582 ], [ 13.45550994, 52.45841974 ], [ 13.45532219, 52.45850439 ], [ 13.4548899, 52.45867217 ], [ 13.45497293, 52.45869539 ], [ 13.45539752, 52.45853054 ], [ 13.455546, 52.45846378 ], [ 13.45575037, 52.45837173 ] ] ] } },
{ "type": "Feature", "properties": { "id": "versorggruen_oeff_2020.622", "importid": 622, "typ": "Öffentliche Grünanlage" }, "geometry": { "type": "Polygon", "coordinates": [ [ [ 13.44953952, 52.45922008 ], [ 13.44924486, 52.45918083 ], [ 13.44840178, 52.45905132 ], [ 13.44832157, 52.45924208 ], [ 13.44920756, 52.45937856 ], [ 13.44948532, 52.4594153 ], [ 13.44969195, 52.45942998 ], [ 13.44998731, 52.45944831 ], [ 13.45025279, 52.45945814 ], [ 13.45054761, 52.45946414 ], [ 13.45084876, 52.45946324 ], [ 13.45114597, 52.45945461 ], [ 13.45142775, 52.45944155 ], [ 13.45164481, 52.45942686 ], [ 13.45178551, 52.45940875 ], [ 13.45243338, 52.45934562 ], [ 13.45290975, 52.45927056 ], [ 13.45341913, 52.45918081 ], [ 13.45377723, 52.45909911 ], [ 13.45417176, 52.45899598 ], [ 13.45451097, 52.45889322 ], [ 13.45418377, 52.45881924 ], [ 13.45413866, 52.45881185 ], [ 13.4524594, 52.45919368 ], [ 13.4522466, 52.45921219 ], [ 13.45096009, 52.45928359 ], [ 13.44999942, 52.45924998 ], [ 13.44964705, 52.45922736 ], [ 13.44953952, 52.45922008 ] ] ] } },
{ "type": "Feature", "properties": { "id": "versorggruen_oeff_2020.623", "importid": 623, "typ": "Öffentliche Grünanlage" }, "geometry": { "type": "Polygon", "coordinates": [ [ [ 13.50952596, 52.41694581 ], [ 13.50817228, 52.41639409 ], [ 13.50776437, 52.41676757 ], [ 13.50911387, 52.41731791 ], [ 13.50926392, 52.41718243 ], [ 13.50952596, 52.41694581 ] ] ] } },
{ "type": "Feature", "properties": { "id": "versorggruen_oeff_2020.624", "importid": 624, "typ": "Öffentliche Grünanlage" }, "geometry": { "type": "Polygon", "coordinates": [ [ [ 13.47503047, 52.46813383 ], [ 13.47488188, 52.46807611 ], [ 13.47352805, 52.46938618 ], [ 13.473677319793319, 52.469443874459664 ], [ 13.473677356453683, 52.46944383898628 ], [ 13.473880986486904, 52.469246742010974 ], [ 13.47503047, 52.46813383 ] ] ] } },
{ "type": "Feature", "properties": { "id": "versorggruen_oeff_2020.625", "importid": 625, "typ": "Öffentliche Grünanlage" }, "geometry": { "type": "Polygon", "coordinates": [ [ [ 13.47538628, 52.46024857 ], [ 13.47508061, 52.46029337 ], [ 13.47496444, 52.4603167 ], [ 13.47483865, 52.46034528 ], [ 13.47540841, 52.46104724 ], [ 13.4760062, 52.46150811 ], [ 13.47609079, 52.46150822 ], [ 13.47686691, 52.46210665 ], [ 13.47715078, 52.46195656 ], [ 13.47702442139965, 52.461859002780315 ], [ 13.475797990018275, 52.460913159638523 ], [ 13.475779642943799, 52.460883052907256 ], [ 13.47538628, 52.46024857 ] ] ] } },
{ "type": "Feature", "properties": { "id": "versorggruen_oeff_2020.626", "importid": 626, "typ": "Öffentliche Grünanlage" }, "geometry": { "type": "Polygon", "coordinates": [ [ [ 13.44368336, 52.4739981 ], [ 13.44369109, 52.47401128 ], [ 13.44506797, 52.47407216 ], [ 13.4451081, 52.47406625 ], [ 13.44513977, 52.47404562 ], [ 13.44514676, 52.47401788 ], [ 13.44513531, 52.47399492 ], [ 13.44509848, 52.47397404 ], [ 13.44371422, 52.47382865 ], [ 13.44368656, 52.47383706 ], [ 13.44368336, 52.4739981 ] ] ] } },
{ "type": "Feature", "properties": { "id": "versorggruen_oeff_2020.627", "importid": 627, "typ": "Öffentliche Grünanlage" }, "geometry": { "type": "Polygon", "coordinates": [ [ [ 13.49839052, 52.40756484 ], [ 13.498495, 52.40741263 ], [ 13.49845843, 52.40740791 ], [ 13.4984234, 52.4074404 ], [ 13.49838358, 52.40747075 ], [ 13.4983415, 52.40749994 ], [ 13.49829516, 52.4075266 ], [ 13.49824685, 52.40755193 ], [ 13.49819489, 52.40757439 ], [ 13.49814129, 52.40759535 ], [ 13.49808473, 52.40761317 ], [ 13.49802687, 52.40762937 ], [ 13.49793049, 52.40764989 ], [ 13.49816177, 52.40775232 ], [ 13.49826346, 52.40766897 ], [ 13.49839052, 52.40756484 ] ] ] } },
{ "type": "Feature", "properties": { "id": "versorggruen_oeff_2020.628", "importid": 628, "typ": "Öffentliche Grünanlage" }, "geometry": { "type": "Polygon", "coordinates": [ [ [ 13.49092488, 52.41004545 ], [ 13.49166683, 52.41053077 ], [ 13.49195616, 52.4104912 ], [ 13.49198145, 52.41048494 ], [ 13.49201809, 52.41047006 ], [ 13.49206202, 52.41042482 ], [ 13.49207429, 52.41040102 ], [ 13.49215428, 52.41030302 ], [ 13.49206062, 52.41027428 ], [ 13.49193178, 52.41001025 ], [ 13.49157631, 52.40936021 ], [ 13.49146961, 52.40938133 ], [ 13.49136109, 52.4093555 ], [ 13.491083, 52.40979536 ], [ 13.49092488, 52.41004545 ] ], [ [ 13.4916249, 52.40982661 ], [ 13.49173286, 52.40992115 ], [ 13.49177273, 52.40991665 ], [ 13.49202136, 52.41035821 ], [ 13.49200774, 52.41036918 ], [ 13.49198319, 52.41041111 ], [ 13.49198441, 52.4104446 ], [ 13.49199556, 52.4104672 ], [ 13.49200281, 52.41047165 ], [ 13.49199487, 52.41047648 ], [ 13.49198302, 52.4104688 ], [ 13.49197842, 52.41046234 ], [ 13.49196767, 52.41040935 ], [ 13.4919499, 52.41037216 ], [ 13.49192615, 52.41034153 ], [ 13.49188215, 52.41030359 ], [ 13.49183454, 52.41027657 ], [ 13.49154941, 52.41013907 ], [ 13.49144667, 52.4100771 ], [ 13.49136859, 52.41006076 ], [ 13.49155045, 52.40989463 ], [ 13.4916249, 52.40982661 ] ] ] } },
{ "type": "Feature", "properties": { "id": "versorggruen_oeff_2020.629", "importid": 629, "typ": "Öffentliche Grünanlage" }, "geometry": { "type": "Polygon", "coordinates": [ [ [ 13.48446486, 52.40729745 ], [ 13.48376217, 52.4075689 ], [ 13.48403891, 52.40778312 ], [ 13.4841344, 52.40786657 ], [ 13.48425932, 52.40765038 ], [ 13.48446486, 52.40729745 ] ] ] } },
{ "type": "Feature", "properties": { "id": "versorggruen_oeff_2020.630", "importid": 630, "typ": "Öffentliche Grünanlage" }, "geometry": { "type": "Polygon", "coordinates": [ [ [ 13.49250422, 52.41703786 ], [ 13.49248272, 52.41694587 ], [ 13.49247797, 52.41691393 ], [ 13.49246344, 52.41686107 ], [ 13.49244864, 52.41686296 ], [ 13.49236891, 52.41673892 ], [ 13.49217908, 52.41652653 ], [ 13.49208919, 52.41640881 ], [ 13.49199831, 52.41628415 ], [ 13.49189745, 52.41615408 ], [ 13.49180626, 52.41601989 ], [ 13.49158671, 52.41572632 ], [ 13.49155583, 52.4156427 ], [ 13.49151955, 52.41557292 ], [ 13.49141756, 52.41543649 ], [ 13.49122343, 52.41519416 ], [ 13.49099978, 52.41522896 ], [ 13.49111328, 52.4155004 ], [ 13.49171224, 52.41683309 ], [ 13.49113191, 52.41694277 ], [ 13.49114653, 52.41696824 ], [ 13.49116958, 52.41702407 ], [ 13.49176451, 52.41694908 ], [ 13.4918429, 52.41712369 ], [ 13.49218799, 52.4170805 ], [ 13.49223933, 52.41725715 ], [ 13.49192071, 52.41729731 ], [ 13.49203151, 52.4175443 ], [ 13.49132442, 52.41763309 ], [ 13.4913771, 52.41778925 ], [ 13.49142512, 52.41796966 ], [ 13.49142477, 52.41808247 ], [ 13.49136477, 52.41827973 ], [ 13.49134812, 52.41829605 ], [ 13.49119126, 52.41849823 ], [ 13.49147675, 52.41828642 ], [ 13.49151731, 52.41824153 ], [ 13.49155171, 52.41819223 ], [ 13.49157439, 52.41812828 ], [ 13.49161101, 52.41807278 ], [ 13.49166259, 52.41802728 ], [ 13.49182862, 52.4179021 ], [ 13.49197706, 52.41780989 ], [ 13.49214686, 52.4176734 ], [ 13.49217009, 52.41765472 ], [ 13.4921804, 52.41766283 ], [ 13.49234428, 52.41754177 ], [ 13.4923924, 52.41749806 ], [ 13.49241685, 52.41746858 ], [ 13.49244305, 52.41744511 ], [ 13.49249776, 52.41738675 ], [ 13.49255237, 52.41731223 ], [ 13.49259463, 52.41723993 ], [ 13.49259559, 52.41721226 ], [ 13.49251984, 52.41708608 ], [ 13.49251562, 52.41707485 ], [ 13.49251408, 52.41705586 ], [ 13.49250422, 52.41703786 ] ] ] } },
{ "type": "Feature", "properties": { "id": "versorggruen_oeff_2020.631", "importid": 631, "typ": "Öffentliche Grünanlage" }, "geometry": { "type": "Polygon", "coordinates": [ [ [ 13.47703424, 52.40399237 ], [ 13.47693924, 52.40411052 ], [ 13.4769841, 52.40413338 ], [ 13.47714778, 52.40421695 ], [ 13.47719536, 52.40418133 ], [ 13.47706437, 52.40411467 ], [ 13.47704982, 52.40407313 ], [ 13.47707653, 52.40403973 ], [ 13.47729061, 52.40382261 ], [ 13.47738023, 52.40373753 ], [ 13.47849853, 52.4043078 ], [ 13.47933891, 52.40481552 ], [ 13.48108636, 52.40594722 ], [ 13.48302079, 52.40740319 ], [ 13.48329434, 52.40764877 ], [ 13.48358123, 52.40753795 ], [ 13.48356468, 52.40752094 ], [ 13.48333403, 52.40734823 ], [ 13.48314572, 52.40720374 ], [ 13.48159373, 52.40604392 ], [ 13.48111619, 52.40569671 ], [ 13.48088245, 52.40554195 ], [ 13.47939199, 52.40457981 ], [ 13.47922159, 52.4044756 ], [ 13.47901349, 52.40435124 ], [ 13.47870907, 52.40417609 ], [ 13.47841503, 52.40401972 ], [ 13.47787037, 52.40374727 ], [ 13.47749311, 52.40355462 ], [ 13.47747133, 52.40356832 ], [ 13.47722766, 52.40380039 ], [ 13.477226877182137, 52.403801166989837 ], [ 13.477209212904285, 52.403819144768619 ], [ 13.477044427705334, 52.403982258141504 ], [ 13.47703424, 52.40399237 ] ] ] } },
{ "type": "Feature", "properties": { "id": "versorggruen_oeff_2020.632", "importid": 632, "typ": "Öffentliche Grünanlage" }, "geometry": { "type": "Polygon", "coordinates": [ [ [ 13.48603677, 52.40889483 ], [ 13.48597092, 52.40885386 ], [ 13.48592278, 52.40888292 ], [ 13.48587218, 52.40885159 ], [ 13.48569256, 52.40882028 ], [ 13.48574834, 52.40870046 ], [ 13.48563843, 52.40865181 ], [ 13.48580259, 52.40832453 ], [ 13.48576809, 52.40831966 ], [ 13.48559978, 52.40828618 ], [ 13.48546273, 52.40822275 ], [ 13.48550932, 52.40812899 ], [ 13.48547495, 52.40812411 ], [ 13.48527816, 52.40808575 ], [ 13.48512467, 52.40801943 ], [ 13.48483523, 52.40850894 ], [ 13.48513057, 52.4088383 ], [ 13.4853189, 52.40903762 ], [ 13.48597814, 52.40972477 ], [ 13.48621655, 52.40998783 ], [ 13.4875002, 52.41152166 ], [ 13.48755962, 52.4115974 ], [ 13.48761157, 52.41166918 ], [ 13.48766025, 52.41175065 ], [ 13.48782871, 52.41201677 ], [ 13.48876937, 52.41164879 ], [ 13.48728529, 52.41027945 ], [ 13.48744041, 52.41001938 ], [ 13.48720705, 52.40997489 ], [ 13.48707029, 52.40991119 ], [ 13.48714511, 52.40976381 ], [ 13.48711045, 52.40975901 ], [ 13.4869279, 52.4097232 ], [ 13.4868186, 52.40966511 ], [ 13.48695969, 52.40938237 ], [ 13.48689846, 52.40937259 ], [ 13.48673088, 52.40933942 ], [ 13.48659353, 52.40927599 ], [ 13.48662652, 52.40920791 ], [ 13.48659201, 52.4092031 ], [ 13.48639521, 52.4091645 ], [ 13.48625801, 52.40910107 ], [ 13.4862632, 52.40908768 ], [ 13.48596683, 52.40903197 ], [ 13.48603677, 52.40889483 ] ] ] } },
{ "type": "Feature", "properties": { "id": "versorggruen_oeff_2020.633", "importid": 633, "typ": "Öffentliche Grünanlage" }, "geometry": { "type": "Polygon", "coordinates": [ [ [ 13.48770332, 52.41198013 ], [ 13.48752863, 52.41168732 ], [ 13.48748035, 52.411616 ], [ 13.48690617, 52.41092335 ], [ 13.48614138, 52.41001128 ], [ 13.48606392, 52.40992429 ], [ 13.4859037, 52.40975281 ], [ 13.48544863, 52.40928002 ], [ 13.4853562, 52.40918698 ], [ 13.48479416, 52.40857863 ], [ 13.4845916, 52.40837017 ], [ 13.48446752, 52.40825175 ], [ 13.48433769, 52.40813666 ], [ 13.48425492, 52.4080564 ], [ 13.48425315, 52.40805936 ], [ 13.48418281, 52.40799969 ], [ 13.4838133, 52.4077088 ], [ 13.48370655, 52.4076383 ], [ 13.4836936, 52.40764368 ], [ 13.48365271, 52.40761137 ], [ 13.48337346, 52.40771959 ], [ 13.48522961, 52.40939074 ], [ 13.48523048, 52.40938941 ], [ 13.48627235, 52.4106756 ], [ 13.48652023, 52.41099433 ], [ 13.48664292, 52.4111256 ], [ 13.48663377, 52.41113789 ], [ 13.48621746, 52.41160666 ], [ 13.48667967, 52.41176286 ], [ 13.4869976, 52.41186586 ], [ 13.48630016, 52.41266853 ], [ 13.48746788, 52.41305799 ], [ 13.48768049, 52.41311665 ], [ 13.48795442, 52.4131718 ], [ 13.48817078, 52.41320458 ], [ 13.48838335, 52.41323125 ], [ 13.48863619, 52.41325833 ], [ 13.48875373, 52.41326898 ], [ 13.48873428, 52.41323912 ], [ 13.48817682, 52.41268453 ], [ 13.48803853, 52.41249538 ], [ 13.48790534, 52.41227738 ], [ 13.48774999, 52.41204777 ], [ 13.48770332, 52.41198013 ] ], [ [ 13.48764508, 52.41274203 ], [ 13.48801781, 52.41282322 ], [ 13.48826419, 52.41304393 ], [ 13.48821048, 52.41318607 ], [ 13.48748629, 52.41302517 ], [ 13.48764508, 52.41274203 ] ] ] } },
{ "type": "Feature", "properties": { "id": "versorggruen_oeff_2020.634", "importid": 634, "typ": "Öffentliche Grünanlage" }, "geometry": { "type": "Polygon", "coordinates": [ [ [ 13.46129845, 52.42771792 ], [ 13.46111971, 52.42782524 ], [ 13.46243234, 52.42863112 ], [ 13.4626096, 52.42852335 ], [ 13.46155907, 52.42787804 ], [ 13.46129845, 52.42771792 ] ] ] } },
{ "type": "Feature", "properties": { "id": "versorggruen_oeff_2020.635", "importid": 635, "typ": "Öffentliche Grünanlage" }, "geometry": { "type": "Polygon", "coordinates": [ [ [ 13.44049781, 52.43781766 ], [ 13.43784931, 52.43886265 ], [ 13.43808364, 52.43908509 ], [ 13.44073528, 52.4380433 ], [ 13.44064989, 52.43796217 ], [ 13.44049781, 52.43781766 ] ] ] } },
{ "type": "Feature", "properties": { "id": "versorggruen_oeff_2020.636", "importid": 636, "typ": "Öffentliche Grünanlage" }, "geometry": { "type": "Polygon", "coordinates": [ [ [ 13.46094709, 52.42579519 ], [ 13.46112993, 52.42580336 ], [ 13.46146496, 52.4258048 ], [ 13.46109189, 52.42557206 ], [ 13.46120292, 52.42550196 ], [ 13.46100568, 52.42538106 ], [ 13.46114936, 52.42533193 ], [ 13.46180878, 52.42514136 ], [ 13.46174042, 52.4251003 ], [ 13.46159199, 52.42512964 ], [ 13.46144465, 52.42490441 ], [ 13.45966351, 52.42554804 ], [ 13.45911105, 52.42577947 ], [ 13.45953851, 52.42578907 ], [ 13.45992385, 52.4257907 ], [ 13.46094709, 52.42579519 ] ] ] } },
{ "type": "Feature", "properties": { "id": "versorggruen_oeff_2020.637", "importid": 637, "typ": "Öffentliche Grünanlage" }, "geometry": { "type": "Polygon", "coordinates": [ [ [ 13.46345143, 52.42111135 ], [ 13.46258623, 52.42131483 ], [ 13.46287705, 52.42130005 ], [ 13.46293087, 52.42129901 ], [ 13.46300302, 52.42127352 ], [ 13.46315974, 52.42123131 ], [ 13.46357669, 52.42113164 ], [ 13.46353861, 52.42112161 ], [ 13.46345143, 52.42111135 ] ] ] } },
{ "type": "Feature", "properties": { "id": "versorggruen_oeff_2020.638", "importid": 638, "typ": "Öffentliche Grünanlage" }, "geometry": { "type": "Polygon", "coordinates": [ [ [ 13.48367538, 52.41672829 ], [ 13.48330692, 52.41686071 ], [ 13.48342937, 52.41698744 ], [ 13.48382033, 52.41684638 ], [ 13.48374038, 52.41678124 ], [ 13.48367538, 52.41672829 ] ] ] } },
{ "type": "Feature", "properties": { "id": "versorggruen_oeff_2020.639", "importid": 639, "typ": "Öffentliche Grünanlage" }, "geometry": { "type": "Polygon", "coordinates": [ [ [ 13.46268711, 52.42138304 ], [ 13.46254642, 52.42139161 ], [ 13.46226864, 52.42142152 ], [ 13.46186993, 52.42148009 ], [ 13.46168867, 52.42152216 ], [ 13.46172471, 52.42158096 ], [ 13.46182271, 52.42162701 ], [ 13.46194279, 52.42160089 ], [ 13.46217632, 52.42154456 ], [ 13.46232919, 52.42150255 ], [ 13.46244628, 52.42146754 ], [ 13.46268711, 52.42138304 ] ] ] } },
{ "type": "Feature", "properties": { "id": "versorggruen_oeff_2020.640", "importid": 640, "typ": "Öffentliche Grünanlage" }, "geometry": { "type": "Polygon", "coordinates": [ [ [ 13.47899533, 52.41859034 ], [ 13.47930751, 52.4189032 ], [ 13.4796496, 52.41835426 ], [ 13.47899533, 52.41859034 ] ] ] } },
{ "type": "Feature", "properties": { "id": "versorggruen_oeff_2020.641", "importid": 641, "typ": "Öffentliche Grünanlage" }, "geometry": { "type": "Polygon", "coordinates": [ [ [ 13.47635141, 52.41912969 ], [ 13.47614657, 52.41920008 ], [ 13.47587553, 52.41928241 ], [ 13.47559486, 52.41935179 ], [ 13.47530599, 52.41940562 ], [ 13.47501158, 52.41944829 ], [ 13.47469397, 52.41947815 ], [ 13.47435613, 52.4194992 ], [ 13.47384204, 52.41952513 ], [ 13.47386052, 52.41966823 ], [ 13.47462306, 52.41963111 ], [ 13.47508427, 52.41959028 ], [ 13.47548858, 52.41952732 ], [ 13.47581508, 52.41946027 ], [ 13.47617335, 52.41935945 ], [ 13.47647208, 52.41925441 ], [ 13.47752783, 52.41886951 ], [ 13.47765996, 52.41865633 ], [ 13.47635141, 52.41912969 ] ] ] } },
{ "type": "Feature", "properties": { "id": "versorggruen_oeff_2020.642", "importid": 642, "typ": "Öffentliche Grünanlage" }, "geometry": { "type": "Polygon", "coordinates": [ [ [ 13.51450501, 52.40351692 ], [ 13.5144243, 52.40359206 ], [ 13.51537708, 52.40397084 ], [ 13.51545764, 52.40389587 ], [ 13.51484231, 52.40365104 ], [ 13.51450501, 52.40351692 ] ] ] } },
{ "type": "Feature", "properties": { "id": "versorggruen_oeff_2020.643", "importid": 643, "typ": "Öffentliche Grünanlage" }, "geometry": { "type": "Polygon", "coordinates": [ [ [ 13.49203817, 52.43320491 ], [ 13.49180012, 52.43331035 ], [ 13.49316929, 52.43446389 ], [ 13.49313438, 52.43448057 ], [ 13.49348037, 52.43477194 ], [ 13.49374497, 52.43464338 ], [ 13.49205138, 52.4332161 ], [ 13.49203817, 52.43320491 ] ] ] } },
{ "type": "Feature", "properties": { "id": "versorggruen_oeff_2020.644", "importid": 644, "typ": "Öffentliche Grünanlage" }, "geometry": { "type": "Polygon", "coordinates": [ [ [ 13.48194859, 52.44027698 ], [ 13.47807885, 52.44216612 ], [ 13.47818715, 52.44226431 ], [ 13.47831388, 52.44236487 ], [ 13.47862057, 52.44217371 ], [ 13.47872211, 52.4421148 ], [ 13.48215996, 52.44043812 ], [ 13.48200713, 52.44032161 ], [ 13.48194859, 52.44027698 ] ] ] } },
{ "type": "Feature", "properties": { "id": "versorggruen_oeff_2020.645", "importid": 645, "typ": "Öffentliche Grünanlage" }, "geometry": { "type": "Polygon", "coordinates": [ [ [ 13.47178873, 52.44250579 ], [ 13.4721375, 52.4423404 ], [ 13.46903975, 52.44003869 ], [ 13.46897484, 52.4400236 ], [ 13.46890711, 52.44009251 ], [ 13.4688709, 52.44013867 ], [ 13.46883411, 52.44019965 ], [ 13.46879611, 52.440282 ], [ 13.47009855, 52.44124987 ], [ 13.47178873, 52.44250579 ] ] ] } },
{ "type": "Feature", "properties": { "id": "versorggruen_oeff_2020.646", "importid": 646, "typ": "Öffentliche Grünanlage" }, "geometry": { "type": "Polygon", "coordinates": [ [ [ 13.44365899, 52.42891778 ], [ 13.44293338, 52.42967885 ], [ 13.44336565, 52.42969893 ], [ 13.44337733, 52.42965252 ], [ 13.44341262, 52.42956113 ], [ 13.44345988, 52.42947552 ], [ 13.44351706, 52.42939606 ], [ 13.44358542, 52.42931998 ], [ 13.44366443, 52.42924785 ], [ 13.44395858, 52.42902362 ], [ 13.44365899, 52.42891778 ] ] ] } },
{ "type": "Feature", "properties": { "id": "versorggruen_oeff_2020.647", "importid": 647, "typ": "Öffentliche Grünanlage" }, "geometry": { "type": "Polygon", "coordinates": [ [ [ 13.442469, 52.42988212 ], [ 13.44224615, 52.43011722 ], [ 13.44246367, 52.43017282 ], [ 13.44338105, 52.43041475 ], [ 13.44337386, 52.43023535 ], [ 13.44334658, 52.43011255 ], [ 13.44268561, 52.42993898 ], [ 13.442469, 52.42988212 ] ] ] } },
{ "type": "Feature", "properties": { "id": "versorggruen_oeff_2020.1174", "importid": 1174, "typ": "Öffentliche Grünanlage" }, "geometry": { "type": "Polygon", "coordinates": [ [ [ 13.42012177, 52.47077705 ], [ 13.42054242, 52.46891362 ], [ 13.42038284, 52.46890223 ], [ 13.42005731, 52.47033902 ], [ 13.41861568, 52.47020745 ], [ 13.41873196, 52.46979076 ], [ 13.41646679, 52.46960238 ], [ 13.41725154, 52.47009172 ], [ 13.41730951, 52.47021153 ], [ 13.41753704, 52.47036102 ], [ 13.41996384, 52.47075162 ], [ 13.42012177, 52.47077705 ] ], [ [ 13.41787297, 52.4700993 ], [ 13.41783397, 52.47024202 ], [ 13.41788928, 52.47024706 ], [ 13.41789003, 52.47024356 ], [ 13.41819083, 52.47027114 ], [ 13.41817403, 52.47033931 ], [ 13.41787293, 52.47031191 ], [ 13.41787383, 52.47030832 ], [ 13.41781867, 52.47030337 ], [ 13.41781792, 52.47030616 ], [ 13.41764966, 52.47029231 ], [ 13.41766709, 52.47021408 ], [ 13.41740859, 52.47018982 ], [ 13.41744248, 52.47006001 ], [ 13.4175976, 52.47007417 ], [ 13.41787297, 52.4700993 ] ] ] } },
{ "type": "Feature", "properties": { "id": "versorggruen_oeff_2020.1175", "importid": 1175, "typ": "Öffentliche Grünanlage" }, "geometry": { "type": "Polygon", "coordinates": [ [ [ 13.50068333, 52.40307234 ], [ 13.50057596, 52.40310593 ], [ 13.50051169, 52.40369593 ], [ 13.50056854, 52.40376524 ], [ 13.50342451, 52.40489459 ], [ 13.50436852, 52.40527651 ], [ 13.50571894, 52.40578979 ], [ 13.50582037, 52.40577542 ], [ 13.50628301, 52.40532467 ], [ 13.50634281, 52.4052664 ], [ 13.50633347, 52.40524168 ], [ 13.5061872, 52.40518553 ], [ 13.50068333, 52.40307234 ] ] ] } },
{ "type": "Feature", "properties": { "id": "versorggruen_oeff_2020.1176", "importid": 1176, "typ": "Öffentliche Grünanlage" }, "geometry": { "type": "Polygon", "coordinates": [ [ [ 13.41848925, 52.41088973 ], [ 13.4185483, 52.41087646 ], [ 13.41855841, 52.41086923 ], [ 13.41889123, 52.41080383 ], [ 13.41892875, 52.4108051 ], [ 13.41902588, 52.41079751 ], [ 13.41920155, 52.41076866 ], [ 13.4192349, 52.41077037 ], [ 13.41945669, 52.41082557 ], [ 13.41947405, 52.41083362 ], [ 13.41953861, 52.41081557 ], [ 13.41962547, 52.41068619 ], [ 13.4197161, 52.4106689 ], [ 13.42118126, 52.41089401 ], [ 13.42117886, 52.41112707 ], [ 13.42147786, 52.41112746 ], [ 13.42147836, 52.41110408 ], [ 13.42193391, 52.41111006 ], [ 13.42309403, 52.41130804 ], [ 13.42305622, 52.41210043 ], [ 13.42298826, 52.4127216 ], [ 13.42405026, 52.41284799 ], [ 13.42399385, 52.41302563 ], [ 13.42397583, 52.41309303 ], [ 13.42391301, 52.41325729 ], [ 13.42395737, 52.41326474 ], [ 13.42398939, 52.41331718 ], [ 13.42415606, 52.41334133 ], [ 13.42416155, 52.41333681 ], [ 13.42460442, 52.41339252 ], [ 13.42459729, 52.41338344 ], [ 13.42489305, 52.41341832 ], [ 13.42497062, 52.41316763 ], [ 13.42411825, 52.41209521 ], [ 13.42391177, 52.41184723 ], [ 13.42387637, 52.41181714 ], [ 13.42368703, 52.41156959 ], [ 13.42331462, 52.41108786 ], [ 13.42317144, 52.41090608 ], [ 13.42314811, 52.41089158 ], [ 13.42310828, 52.4108448 ], [ 13.42281364, 52.41077376 ], [ 13.42272698, 52.41076012 ], [ 13.42245694, 52.41068987 ], [ 13.4221386, 52.41062266 ], [ 13.42176964, 52.41053395 ], [ 13.42080014, 52.41036561 ], [ 13.419583590350749, 52.410184199876014 ], [ 13.419677032537257, 52.410490561030791 ], [ 13.41943198140288, 52.410538660434547 ], [ 13.419120007838359, 52.410599764754572 ], [ 13.418395727368173, 52.410741649976792 ], [ 13.418387955025386, 52.410743173041027 ], [ 13.41848925, 52.41088973 ] ] ] } },
{ "type": "Feature", "properties": { "id": "versorggruen_oeff_2020.1177", "importid": 1177, "typ": "Öffentliche Grünanlage" }, "geometry": { "type": "Polygon", "coordinates": [ [ [ 13.42670422, 52.44671624 ], [ 13.42633419, 52.44712252 ], [ 13.42722227, 52.44713822 ], [ 13.42726602, 52.44666542 ], [ 13.4272692, 52.44660057 ], [ 13.42728284, 52.44657467 ], [ 13.42727795, 52.44654936 ], [ 13.42728681, 52.44641179 ], [ 13.42706724, 52.44640704 ], [ 13.4272981, 52.44622894 ], [ 13.42797699, 52.44569504 ], [ 13.42810242, 52.44568121 ], [ 13.42835182, 52.44569863 ], [ 13.42856318, 52.44568432 ], [ 13.42868094, 52.44570048 ], [ 13.42878099, 52.44570145 ], [ 13.42886972, 52.4457517 ], [ 13.42895359, 52.44578422 ], [ 13.42897074, 52.44590297 ], [ 13.4290662, 52.44590148 ], [ 13.42906884, 52.44591381 ], [ 13.42930867, 52.44591179 ], [ 13.42931566, 52.44589403 ], [ 13.42932041, 52.44584627 ], [ 13.42959212, 52.44584222 ], [ 13.42959912, 52.44578083 ], [ 13.4298189, 52.44578632 ], [ 13.42981249, 52.44569675 ], [ 13.42980866, 52.44569665 ], [ 13.42979143, 52.44537668 ], [ 13.42947418, 52.4453723 ], [ 13.42949004, 52.44495337 ], [ 13.42879319, 52.44494272 ], [ 13.42792358, 52.44570055 ], [ 13.42726924, 52.44621501 ], [ 13.42708913, 52.44635297 ], [ 13.42703056, 52.44640625 ], [ 13.42670422, 52.44671624 ] ], [ [ 13.42920329, 52.44548671 ], [ 13.42920914, 52.44553168 ], [ 13.42918924, 52.44556345 ], [ 13.42915701, 52.44557927 ], [ 13.42903232, 52.44554124 ], [ 13.42899798, 52.4455202 ], [ 13.42895422, 52.4454271 ], [ 13.42895339, 52.44542046 ], [ 13.42895814, 52.44539404 ], [ 13.42897735, 52.44536363 ], [ 13.42902609, 52.44534128 ], [ 13.42908087, 52.44533334 ], [ 13.42909758, 52.44533414 ], [ 13.42913712, 52.44534623 ], [ 13.42916162, 52.44537163 ], [ 13.42918073, 52.44540886 ], [ 13.42918623, 52.44542809 ], [ 13.4291873, 52.44545696 ], [ 13.42920131, 52.44548454 ], [ 13.42920329, 52.44548671 ] ] ] } },
{ "type": "Feature", "properties": { "id": "versorggruen_oeff_2020.1178", "importid": 1178, "typ": "Öffentliche Grünanlage" }, "geometry": { "type": "Polygon", "coordinates": [ [ [ 13.44823374, 52.47786615 ], [ 13.44830609, 52.47810126 ], [ 13.44866938, 52.47837643 ], [ 13.44941641, 52.4780176 ], [ 13.45074477, 52.47735895 ], [ 13.45016786, 52.47690956 ], [ 13.44882564, 52.47757337 ], [ 13.44823374, 52.47786615 ] ] ] } },
{ "type": "Feature", "properties": { "id": "versorggruen_oeff_2020.1179", "importid": 1179, "typ": "Öffentliche Grünanlage" }, "geometry": { "type": "Polygon", "coordinates": [ [ [ 13.44532371, 52.45145306 ], [ 13.44495903, 52.45142366 ], [ 13.44432654, 52.44885976 ], [ 13.44489951, 52.44880555 ], [ 13.44469762, 52.4479737 ], [ 13.44411984, 52.44802333 ], [ 13.4443254, 52.4488559 ], [ 13.44396082, 52.44889049 ], [ 13.44398597, 52.44899813 ], [ 13.44393694, 52.4490016 ], [ 13.44389661, 52.44900756 ], [ 13.44364868, 52.44906423 ], [ 13.44352463, 52.44911669 ], [ 13.44359063, 52.44933473 ], [ 13.4431629, 52.44940812 ], [ 13.44305117, 52.4492231 ], [ 13.44285195, 52.44927491 ], [ 13.44227253, 52.44872555 ], [ 13.4422724, 52.44871082 ], [ 13.44189145, 52.44834043 ], [ 13.44189273, 52.44833993 ], [ 13.4418218, 52.44828323 ], [ 13.44138502, 52.44782046 ], [ 13.44147953, 52.44755596 ], [ 13.44287004, 52.44699575 ], [ 13.44344583, 52.44676838 ], [ 13.44346984, 52.44676123 ], [ 13.44351194, 52.44675177 ], [ 13.44403269, 52.44672606 ], [ 13.44399277, 52.44609919 ], [ 13.44390982, 52.4461341 ], [ 13.44385207, 52.44616251 ], [ 13.44379883, 52.44619342 ], [ 13.44343489, 52.44642391 ], [ 13.44311895, 52.4466124 ], [ 13.44301059, 52.44667353 ], [ 13.4427895, 52.44679305 ], [ 13.44261277, 52.44688382 ], [ 13.44231595, 52.4470275 ], [ 13.44207886, 52.44713479 ], [ 13.44171539, 52.4472878 ], [ 13.44028963, 52.44784346 ], [ 13.44033864, 52.44790011 ], [ 13.44085635, 52.44773125 ], [ 13.44091389, 52.44779581 ], [ 13.44097432, 52.44786817 ], [ 13.44098639, 52.44786415 ], [ 13.44099591, 52.44787396 ], [ 13.44098309, 52.44787879 ], [ 13.44099262, 52.44788797 ], [ 13.44135309, 52.44831343 ], [ 13.44132613, 52.44832192 ], [ 13.44150094, 52.4486192 ], [ 13.44107337, 52.44872467 ], [ 13.44099307, 52.44874123 ], [ 13.44129006, 52.44917199 ], [ 13.4416683, 52.44975879 ], [ 13.44168737, 52.44983666 ], [ 13.44202704, 52.45016101 ], [ 13.44222858, 52.45009109 ], [ 13.44219021, 52.45005059 ], [ 13.44197541, 52.44978425 ], [ 13.44220289, 52.44972673 ], [ 13.44243865, 52.44966195 ], [ 13.44267394, 52.44999015 ], [ 13.44287973, 52.45023041 ], [ 13.44233706, 52.45045962 ], [ 13.44294562, 52.45101965 ], [ 13.44339276, 52.45153921 ], [ 13.44314605, 52.451908 ], [ 13.44388951, 52.45206634 ], [ 13.44458908, 52.45225135 ], [ 13.44501347, 52.45224698 ], [ 13.44505103, 52.45223392 ], [ 13.44507958, 52.45220977 ], [ 13.44522201, 52.45176831 ], [ 13.44532371, 52.45145306 ] ], [ [ 13.44473839, 52.45153682 ], [ 13.44470804, 52.45156449 ], [ 13.44466487, 52.4515871 ], [ 13.44461323, 52.45160165 ], [ 13.44455705, 52.45160703 ], [ 13.44450356, 52.45160362 ], [ 13.44444724, 52.45159147 ], [ 13.44440331, 52.4515733 ], [ 13.44434554, 52.45153354 ], [ 13.44429648, 52.45148941 ], [ 13.44425674, 52.4514419 ], [ 13.44422694, 52.45139176 ], [ 13.44420753, 52.45133975 ], [ 13.44419882, 52.45128666 ], [ 13.44419897, 52.45125999 ], [ 13.44419183, 52.45120749 ], [ 13.44417439, 52.45115831 ], [ 13.44414515, 52.45110995 ], [ 13.44410051, 52.45102329 ], [ 13.4440353, 52.45086335 ], [ 13.44402047, 52.4508173 ], [ 13.44400426, 52.45075275 ], [ 13.44398674, 52.45061469 ], [ 13.44367479, 52.45041671 ], [ 13.44360282, 52.45037698 ], [ 13.44350631, 52.45033501 ], [ 13.44344478, 52.45031463 ], [ 13.4433816, 52.45029624 ], [ 13.44331564, 52.45028195 ], [ 13.4432802, 52.45026845 ], [ 13.44323244, 52.4502437 ], [ 13.44319296, 52.450214 ], [ 13.44317664, 52.45017534 ], [ 13.44314994, 52.45016047 ], [ 13.44316403, 52.45014744 ], [ 13.44321496, 52.45011252 ], [ 13.4432753, 52.45008317 ], [ 13.44332197, 52.45006907 ], [ 13.44338936, 52.45006207 ], [ 13.44340249, 52.45005682 ], [ 13.44346029, 52.45004216 ], [ 13.44347564, 52.45004019 ], [ 13.44361226, 52.45004777 ], [ 13.4437603, 52.45006516 ], [ 13.44383231, 52.450081 ], [ 13.44386358, 52.45008516 ], [ 13.44392437, 52.45009742 ], [ 13.44397756, 52.45011276 ], [ 13.44402328, 52.45012988 ], [ 13.44408555, 52.45016093 ], [ 13.44416351, 52.45019639 ], [ 13.44419628, 52.45021412 ], [ 13.44421975, 52.45023646 ], [ 13.44423231, 52.45026129 ], [ 13.44423209, 52.4502937 ], [ 13.44425381, 52.45037686 ], [ 13.44425817, 52.45041768 ], [ 13.44427207, 52.45049903 ], [ 13.44429214, 52.4505799 ], [ 13.44431833, 52.45066011 ], [ 13.44434953, 52.45073702 ], [ 13.44444117, 52.45091815 ], [ 13.44455515, 52.45106346 ], [ 13.44457178, 52.45109781 ], [ 13.44461003, 52.45116662 ], [ 13.44463281, 52.45118028 ], [ 13.44466698, 52.45123114 ], [ 13.44469012, 52.4512567 ], [ 13.44471924, 52.45127308 ], [ 13.44473025, 52.45130581 ], [ 13.44475401, 52.45134972 ], [ 13.4447618, 52.45136889 ], [ 13.44476975, 52.45140808 ], [ 13.44476987, 52.45142784 ], [ 13.44475568, 52.45150573 ], [ 13.44473839, 52.45153682 ] ] ] } },
{ "type": "Feature", "properties": { "id": "versorggruen_oeff_2020.1180", "importid": 1180, "typ": "Öffentliche Grünanlage" }, "geometry": { "type": "Polygon", "coordinates": [ [ [ 13.44046511, 52.45516371 ], [ 13.44046675, 52.45516426 ], [ 13.44045592, 52.4552257 ], [ 13.44048123, 52.45525278 ], [ 13.44052949, 52.45526536 ], [ 13.4410911, 52.45533046 ], [ 13.44113456, 52.45531835 ], [ 13.44115939, 52.455294 ], [ 13.44136309, 52.45466984 ], [ 13.44065642, 52.45458347 ], [ 13.43977193, 52.45447509 ], [ 13.43968934, 52.45473005 ], [ 13.44057239, 52.45483831 ], [ 13.44046511, 52.45516371 ] ], [ [ 13.44032159, 52.45459256 ], [ 13.44029343, 52.45467725 ], [ 13.44005162, 52.45464793 ], [ 13.4400806, 52.45456295 ], [ 13.44018522, 52.4545758 ], [ 13.44032159, 52.45459256 ] ] ] } },
{ "type": "Feature", "properties": { "id": "versorggruen_oeff_2020.1181", "importid": 1181, "typ": "Öffentliche Grünanlage" }, "geometry": { "type": "Polygon", "coordinates": [ [ [ 13.45107722, 52.44885101 ], [ 13.45118549, 52.44888883 ], [ 13.45142086, 52.44894903 ], [ 13.45136521, 52.44907422 ], [ 13.45163024, 52.44911461 ], [ 13.4516932, 52.44896658 ], [ 13.45167364, 52.4489627 ], [ 13.45169442, 52.44891897 ], [ 13.45197619, 52.44896531 ], [ 13.45199223, 52.44896927 ], [ 13.45221533, 52.44900322 ], [ 13.45230312, 52.44878588 ], [ 13.45177644, 52.44870601 ], [ 13.45179784, 52.44865391 ], [ 13.45180961, 52.44865584 ], [ 13.45190876, 52.44842206 ], [ 13.45166212, 52.44838126 ], [ 13.45163286, 52.44845364 ], [ 13.45148803, 52.44837191 ], [ 13.45138216, 52.44832682 ], [ 13.4511564, 52.44824822 ], [ 13.45090016, 52.44818772 ], [ 13.45068522, 52.44815784 ], [ 13.45068519, 52.44816987 ], [ 13.45050414, 52.44816286 ], [ 13.45044518, 52.44816331 ], [ 13.450445, 52.44816691 ], [ 13.45022747, 52.4481663 ], [ 13.45022204, 52.44835124 ], [ 13.45035234, 52.44835235 ], [ 13.45043201, 52.4483549 ], [ 13.45044043, 52.44835517 ], [ 13.45044013, 52.44835884 ], [ 13.45049999, 52.44835975 ], [ 13.45049984, 52.44835607 ], [ 13.45058575, 52.44836101 ], [ 13.45077201, 52.44838055 ], [ 13.45077037, 52.44838524 ], [ 13.45082991, 52.44839161 ], [ 13.45082503, 52.44839906 ], [ 13.45083089, 52.44840077 ], [ 13.4508056, 52.44843587 ], [ 13.45078662, 52.44847476 ], [ 13.45077397, 52.44851051 ], [ 13.45076859, 52.44853781 ], [ 13.45076771, 52.44856827 ], [ 13.45077259, 52.44860325 ], [ 13.45079853, 52.44866645 ], [ 13.45083366, 52.44870704 ], [ 13.45087365, 52.44874432 ], [ 13.4509184, 52.44877503 ], [ 13.45095615, 52.44879442 ], [ 13.45107722, 52.44885101 ] ], [ [ 13.4510769, 52.44848793 ], [ 13.45111953, 52.44848382 ], [ 13.45115302, 52.44848386 ], [ 13.45119253, 52.44849926 ], [ 13.4512677, 52.44854306 ], [ 13.45136637, 52.44860919 ], [ 13.45145814, 52.44868787 ], [ 13.45146337, 52.44871204 ], [ 13.45145711, 52.44875525 ], [ 13.4514334, 52.4487845 ], [ 13.45140215, 52.448797 ], [ 13.45136789, 52.44879974 ], [ 13.45132832, 52.44880061 ], [ 13.4512903, 52.44879265 ], [ 13.45123862, 52.44877538 ], [ 13.45116568, 52.4487446 ], [ 13.45110264, 52.44871337 ], [ 13.45104952, 52.44867565 ], [ 13.45101467, 52.44863563 ], [ 13.450992, 52.44859516 ], [ 13.4509913, 52.44858029 ], [ 13.45100822, 52.44853524 ], [ 13.45103345, 52.44850507 ], [ 13.4510585, 52.44849519 ], [ 13.4510769, 52.44848793 ] ] ] } },
{ "type": "Feature", "properties": { "id": "versorggruen_oeff_2020.1182", "importid": 1182, "typ": "Öffentliche Grünanlage" }, "geometry": { "type": "Polygon", "coordinates": [ [ [ 13.4504523, 52.45483289 ], [ 13.45152291, 52.45335218 ], [ 13.45167304, 52.45312352 ], [ 13.45190533, 52.45270543 ], [ 13.45182149, 52.45263017 ], [ 13.4492337, 52.45258508 ], [ 13.44908768, 52.453082 ], [ 13.4489186, 52.45306324 ], [ 13.44893335, 52.4530159 ], [ 13.44881999, 52.4530035 ], [ 13.44887891, 52.45280446 ], [ 13.44883936, 52.45280016 ], [ 13.44890393, 52.45257893 ], [ 13.44756353, 52.45255621 ], [ 13.44672419, 52.45509144 ], [ 13.44666333, 52.45511588 ], [ 13.449365, 52.45544567 ], [ 13.44937336, 52.4554201 ], [ 13.44915368, 52.45539312 ], [ 13.44925775, 52.45506333 ], [ 13.44928853, 52.45507535 ], [ 13.44939509, 52.45508827 ], [ 13.44948272, 52.45509646 ], [ 13.44959645, 52.45518998 ], [ 13.44962291, 52.45522334 ], [ 13.45007416, 52.4553499 ], [ 13.45014524, 52.455255 ], [ 13.4504523, 52.45483289 ] ], [ [ 13.44717758, 52.45447061 ], [ 13.44928201, 52.45473081 ], [ 13.44908735, 52.45532085 ], [ 13.44697217, 52.45506279 ], [ 13.44713425, 52.45459553 ], [ 13.44717758, 52.45447061 ] ] ] } },
{ "type": "Feature", "properties": { "id": "versorggruen_oeff_2020.1183", "importid": 1183, "typ": "Öffentliche Grünanlage" }, "geometry": { "type": "Polygon", "coordinates": [ [ [ 13.51173941, 52.40081645 ], [ 13.51014782, 52.40057898 ], [ 13.50965328, 52.40049738 ], [ 13.50917174, 52.40041585 ], [ 13.50816933, 52.40026612 ], [ 13.50574519, 52.39990853 ], [ 13.50394575, 52.39969572 ], [ 13.50226903, 52.39950856 ], [ 13.50098376, 52.39936133 ], [ 13.50095673, 52.39961208 ], [ 13.50318642, 52.4004693 ], [ 13.5051245, 52.40121443 ], [ 13.50523397, 52.40114184 ], [ 13.50529319, 52.40112011 ], [ 13.50545462, 52.40109667 ], [ 13.50552209, 52.40109779 ], [ 13.50560975, 52.40111099 ], [ 13.50569255, 52.40113487 ], [ 13.50580653, 52.40120164 ], [ 13.5060211, 52.40116628 ], [ 13.50620587, 52.40113966 ], [ 13.50639283, 52.40111614 ], [ 13.50655734, 52.40109807 ], [ 13.50676691, 52.40107924 ], [ 13.50693408, 52.40106682 ], [ 13.50731198, 52.40104823 ], [ 13.50751642, 52.40104412 ], [ 13.50777754, 52.40104407 ], [ 13.5079445, 52.4010474 ], [ 13.50809927, 52.40105283 ], [ 13.50837886, 52.40106735 ], [ 13.50857575, 52.40108187 ], [ 13.50881048, 52.40110443 ], [ 13.50901263, 52.40112846 ], [ 13.50923473, 52.40115993 ], [ 13.50947102, 52.40119698 ], [ 13.50959159, 52.40121938 ], [ 13.50988206, 52.40128197 ], [ 13.51008718, 52.40133663 ], [ 13.5102431, 52.40138853 ], [ 13.51039807, 52.40144502 ], [ 13.51053702, 52.40150156 ], [ 13.51071949, 52.40158681 ], [ 13.51090952, 52.4016884 ], [ 13.51116305, 52.40185479 ], [ 13.51132289, 52.40196945 ], [ 13.5116037, 52.40219621 ], [ 13.51176607, 52.40234542 ], [ 13.51207319, 52.40266529 ], [ 13.5127166, 52.40206451 ], [ 13.51283494, 52.40204838 ], [ 13.513712088896771, 52.401187054313972 ], [ 13.513703309605521, 52.401185496141792 ], [ 13.513541479370367, 52.401151911320611 ], [ 13.513025464592666, 52.401046626626417 ], [ 13.512881677988217, 52.401020818609588 ], [ 13.51173941, 52.40081645 ] ] ] } },
{ "type": "Feature", "properties": { "id": "versorggruen_oeff_2020.1184", "importid": 1184, "typ": "Öffentliche Grünanlage" }, "geometry": { "type": "Polygon", "coordinates": [ [ [ 13.51194727, 52.41755489 ], [ 13.51086042, 52.41711038 ], [ 13.51079925, 52.41708536 ], [ 13.51054763, 52.41698242 ], [ 13.51025828, 52.41724302 ], [ 13.50964855, 52.41699331 ], [ 13.50963771, 52.4170031 ], [ 13.50966047, 52.41706493 ], [ 13.50966339, 52.41707928 ], [ 13.50960869, 52.41714194 ], [ 13.50948346, 52.41714241 ], [ 13.50923557, 52.41736638 ], [ 13.51138025, 52.41805067 ], [ 13.51165131, 52.41781367 ], [ 13.51194727, 52.41755489 ] ] ] } },
{ "type": "Feature", "properties": { "id": "versorggruen_oeff_2020.1185", "importid": 1185, "typ": "Öffentliche Grünanlage" }, "geometry": { "type": "Polygon", "coordinates": [ [ [ 13.47740709, 52.46229774 ], [ 13.47705556, 52.46248387 ], [ 13.47810423, 52.46402943 ], [ 13.47803617, 52.46501986 ], [ 13.47765545, 52.46538358 ], [ 13.47733728, 52.46568753 ], [ 13.47725808, 52.4657632 ], [ 13.47725799, 52.46591972 ], [ 13.47709422, 52.46591974 ], [ 13.47700208, 52.46600777 ], [ 13.47661173, 52.46638038 ], [ 13.47535105, 52.46765245 ], [ 13.47524318, 52.46760598 ], [ 13.47512603, 52.46762747 ], [ 13.47472197, 52.46759909 ], [ 13.47444376, 52.46743627 ], [ 13.47437658, 52.46729348 ], [ 13.47423079, 52.46723859 ], [ 13.47416249, 52.46728397 ], [ 13.47423425, 52.46732425 ], [ 13.47420465, 52.46734359 ], [ 13.47413341, 52.46730329 ], [ 13.47410271, 52.46732342 ], [ 13.47417461, 52.46736358 ], [ 13.47414524, 52.4673831 ], [ 13.47407345, 52.4673429 ], [ 13.47393395, 52.46743542 ], [ 13.47386559, 52.46748351 ], [ 13.47393682, 52.46752173 ], [ 13.47408222, 52.46759248 ], [ 13.47424369, 52.46766259 ], [ 13.47500521, 52.46795708 ], [ 13.47491511, 52.46804406 ], [ 13.4750661, 52.46810205 ], [ 13.47556571232489, 52.467680344596054 ], [ 13.475581238568514, 52.467667213994709 ], [ 13.475599390839784, 52.467651866448534 ], [ 13.476181202520879, 52.467265915049182 ], [ 13.476351164399025, 52.467130343669623 ], [ 13.477006471394766, 52.466504167828553 ], [ 13.477646232268325, 52.465892821341662 ], [ 13.477709562437205, 52.465832245526705 ], [ 13.477784260971751, 52.465760891856526 ], [ 13.477859324815173, 52.465689183198663 ], [ 13.478335559890892, 52.4652343369047 ], [ 13.478410945166335, 52.465137222650313 ], [ 13.478414054163039, 52.465133166120872 ], [ 13.478479137897585, 52.464986675901628 ], [ 13.478479246277255, 52.464985340492518 ], [ 13.478548907692911, 52.463987197737183 ], [ 13.478549313889918, 52.463981280994254 ], [ 13.47740709, 52.46229774 ] ] ] } },
{ "type": "Feature", "properties": { "id": "versorggruen_oeff_2020.1186", "importid": 1186, "typ": "Öffentliche Grünanlage" }, "geometry": { "type": "Polygon", "coordinates": [ [ [ 13.4684731, 52.46813624 ], [ 13.46820241, 52.46831523 ], [ 13.46910097, 52.46882197 ], [ 13.46991061, 52.46829314 ], [ 13.46996353, 52.46832742 ], [ 13.4700843, 52.46839744 ], [ 13.47004518, 52.46842435 ], [ 13.47007799, 52.46844355 ], [ 13.47009532, 52.4684343 ], [ 13.47019622, 52.46849149 ], [ 13.47018223, 52.46849956 ], [ 13.47041513, 52.46863151 ], [ 13.47014905, 52.46883514 ], [ 13.46993047, 52.468984 ], [ 13.4700456, 52.46904894 ], [ 13.47285176, 52.4671941 ], [ 13.47278817, 52.46716009 ], [ 13.4726939, 52.4672224 ], [ 13.47263055, 52.46718853 ], [ 13.4723045, 52.46740403 ], [ 13.47218233, 52.46737175 ], [ 13.47219245, 52.46734118 ], [ 13.47220519, 52.46727733 ], [ 13.47221236, 52.46719587 ], [ 13.47220887, 52.46711938 ], [ 13.47220245, 52.46709212 ], [ 13.47221791, 52.46709064 ], [ 13.47221268, 52.46707659 ], [ 13.47221006, 52.4670704 ], [ 13.47219277, 52.46707193 ], [ 13.47214921, 52.46700226 ], [ 13.47209332, 52.46694197 ], [ 13.47205595, 52.46691085 ], [ 13.47218476, 52.46682571 ], [ 13.4712494, 52.46630026 ], [ 13.46904026, 52.46776119 ], [ 13.4684731, 52.46813624 ] ] ] } },
{ "type": "Feature", "properties": { "id": "versorggruen_oeff_2020.1187", "importid": 1187, "typ": "Öffentliche Grünanlage" }, "geometry": { "type": "Polygon", "coordinates": [ [ [ 13.42919174, 52.48975928 ], [ 13.43036627, 52.48932925 ], [ 13.42974898, 52.48870569 ], [ 13.42975554, 52.48868967 ], [ 13.42964109, 52.4885723 ], [ 13.42962251, 52.48857143 ], [ 13.42961773, 52.48857311 ], [ 13.42947153, 52.48842542 ], [ 13.42915684, 52.48854612 ], [ 13.42916661, 52.4888864 ], [ 13.42919174, 52.48975928 ] ] ] } },
{ "type": "Feature", "properties": { "id": "versorggruen_oeff_2020.1188", "importid": 1188, "typ": "Öffentliche Grünanlage" }, "geometry": { "type": "Polygon", "coordinates": [ [ [ 13.44909748, 52.482175 ], [ 13.44818656, 52.48148464 ], [ 13.44708777, 52.4820435 ], [ 13.44700658, 52.48208492 ], [ 13.44794982, 52.48276279 ], [ 13.44839656, 52.48253413 ], [ 13.44909748, 52.482175 ] ] ] } },
{ "type": "Feature", "properties": { "id": "versorggruen_oeff_2020.1189", "importid": 1189, "typ": "Öffentliche Grünanlage" }, "geometry": { "type": "Polygon", "coordinates": [ [ [ 13.43918565, 52.48886733 ], [ 13.439415, 52.48904332 ], [ 13.43943228, 52.48899571 ], [ 13.4399311, 52.48763024 ], [ 13.43999541, 52.48750713 ], [ 13.44015612, 52.487248 ], [ 13.44034532, 52.48703651 ], [ 13.44050253, 52.4868845 ], [ 13.44062245, 52.48678206 ], [ 13.44072388, 52.4867053 ], [ 13.44070061, 52.48668873 ], [ 13.43993675, 52.48709045 ], [ 13.4399373, 52.48709194 ], [ 13.43982642, 52.48714473 ], [ 13.439825, 52.4871437 ], [ 13.43812581, 52.48801266 ], [ 13.43811374, 52.48802135 ], [ 13.43810726, 52.48803185 ], [ 13.43810693, 52.48804339 ], [ 13.43811303, 52.48805427 ], [ 13.43883054, 52.48859968 ], [ 13.4388303, 52.48859173 ], [ 13.4388412, 52.48858487 ], [ 13.43919128, 52.48886659 ], [ 13.43918565, 52.48886733 ] ], [ [ 13.43883919, 52.48858325 ], [ 13.43889792, 52.48854912 ], [ 13.4388412, 52.48858487 ], [ 13.43883919, 52.48858325 ] ], [ [ 13.43894056, 52.48852226 ], [ 13.43894082, 52.4885242 ], [ 13.43889792, 52.48854912 ], [ 13.43894056, 52.48852226 ] ], [ [ 13.4396469, 52.48811946 ], [ 13.4395086, 52.48809117 ], [ 13.43950904, 52.48808985 ], [ 13.4396469, 52.48811946 ] ], [ [ 13.43948609, 52.4880898 ], [ 13.43950453, 52.48809132 ], [ 13.43936917, 52.48809904 ], [ 13.43927614, 52.48810886 ], [ 13.43921349, 52.4881181 ], [ 13.43930376, 52.48810414 ], [ 13.43948609, 52.4880898 ] ], [ [ 13.43917955, 52.48812335 ], [ 13.43918241, 52.48812269 ], [ 13.43921349, 52.4881181 ], [ 13.43917955, 52.48812335 ] ], [ [ 13.43905414, 52.48815255 ], [ 13.4388093, 52.48829047 ], [ 13.4389726, 52.48840947 ], [ 13.43894101, 52.48843467 ], [ 13.43894536, 52.48842885 ], [ 13.43896884, 52.48841122 ], [ 13.43880281, 52.48828992 ], [ 13.43905011, 52.48815074 ], [ 13.43909011, 52.48814048 ], [ 13.43915644, 52.48812693 ], [ 13.43917955, 52.48812335 ], [ 13.43905414, 52.48815255 ] ], [ [ 13.43940824, 52.48881632 ], [ 13.43942195, 52.48881681 ], [ 13.43942156, 52.48881787 ], [ 13.43940824, 52.48881632 ] ] ] } },
{ "type": "Feature", "properties": { "id": "versorggruen_oeff_2020.1190", "importid": 1190, "typ": "Öffentliche Grünanlage" }, "geometry": { "type": "Polygon", "coordinates": [ [ [ 13.4459499, 52.48298952 ], [ 13.44581882, 52.4830548 ], [ 13.44575341, 52.48300511 ], [ 13.44360463, 52.48410589 ], [ 13.44372624, 52.48419951 ], [ 13.44366551, 52.48423116 ], [ 13.44406757, 52.48453422 ], [ 13.44410723, 52.48452026 ], [ 13.44415874, 52.48455774 ], [ 13.44420677, 52.48455316 ], [ 13.44424987, 52.48453199 ], [ 13.44432586, 52.48458712 ], [ 13.44435994, 52.48456965 ], [ 13.44438428, 52.48458813 ], [ 13.44646573, 52.48352253 ], [ 13.44637296, 52.48345097 ], [ 13.4464831, 52.48339458 ], [ 13.44643386, 52.48335717 ], [ 13.44600927, 52.48303462 ], [ 13.4459499, 52.48298952 ] ] ] } },
{ "type": "Feature", "properties": { "id": "versorggruen_oeff_2020.1191", "importid": 1191, "typ": "Öffentliche Grünanlage" }, "geometry": { "type": "Polygon", "coordinates": [ [ [ 13.49620206, 52.40896399 ], [ 13.49630786, 52.40886327 ], [ 13.49643051, 52.4087278 ], [ 13.49648949, 52.40866746 ], [ 13.496554, 52.40860927 ], [ 13.49663694, 52.40854174 ], [ 13.4967284, 52.40846052 ], [ 13.49704108, 52.40815048 ], [ 13.49711006, 52.40807112 ], [ 13.49717054, 52.4079892 ], [ 13.49722224, 52.40790507 ], [ 13.49726251, 52.40782843 ], [ 13.49731087, 52.40776378 ], [ 13.49737293, 52.40770366 ], [ 13.49744757, 52.40764916 ], [ 13.49753346, 52.40760124 ], [ 13.49762905, 52.40756078 ], [ 13.49801383, 52.40743942 ], [ 13.49806867, 52.40741567 ], [ 13.49811732, 52.40738732 ], [ 13.49815875, 52.40735496 ], [ 13.49819208, 52.40731928 ], [ 13.49830383, 52.40715666 ], [ 13.49865432, 52.40667966 ], [ 13.49878725, 52.40648199 ], [ 13.49897331, 52.40616388 ], [ 13.49901294, 52.4061149 ], [ 13.49906217, 52.4060693 ], [ 13.49912026, 52.40602777 ], [ 13.4991863, 52.40599096 ], [ 13.49946069, 52.40587129 ], [ 13.49949389, 52.40585213 ], [ 13.49952235, 52.40583029 ], [ 13.4995455, 52.40580622 ], [ 13.49956288, 52.4057804 ], [ 13.49957714, 52.40573949 ], [ 13.49957906, 52.40572558 ], [ 13.49957755, 52.40569767 ], [ 13.49956962, 52.40567017 ], [ 13.4995454, 52.40562127 ], [ 13.49952239, 52.4055484 ], [ 13.49951444, 52.40547433 ], [ 13.49952166, 52.40540024 ], [ 13.49963529, 52.40502026 ], [ 13.49964113, 52.40495282 ], [ 13.49963242, 52.4048855 ], [ 13.49960932, 52.40481946 ], [ 13.49957223, 52.40475586 ], [ 13.49940415, 52.40455395 ], [ 13.49940596, 52.40454361 ], [ 13.49942527, 52.40450381 ], [ 13.49945105, 52.40447693 ], [ 13.49948492, 52.40445366 ], [ 13.49952604, 52.40443525 ], [ 13.49957224, 52.40442212 ], [ 13.49962193, 52.40441522 ], [ 13.49967286, 52.40441439 ], [ 13.49986184, 52.40443149 ], [ 13.49991697, 52.40444372 ], [ 13.49996487, 52.4044644 ], [ 13.50000217, 52.40449207 ], [ 13.50002623, 52.40452478 ], [ 13.50003536, 52.4045602 ], [ 13.499892, 52.40572005 ], [ 13.49988711, 52.40574286 ], [ 13.49986943, 52.40578758 ], [ 13.49984257, 52.40583055 ], [ 13.49980696, 52.40587107 ], [ 13.49976318, 52.40590848 ], [ 13.49971196, 52.40594217 ], [ 13.4993598, 52.40612305 ], [ 13.49928718, 52.40617248 ], [ 13.499227, 52.4062278 ], [ 13.49918252, 52.40628511 ], [ 13.49916337, 52.4063194 ], [ 13.49909983, 52.40640219 ], [ 13.49918811, 52.40640228 ], [ 13.49922795, 52.40634418 ], [ 13.49980904, 52.4064176 ], [ 13.49988485, 52.40616327 ], [ 13.49996413, 52.40583031 ], [ 13.50002426, 52.40550937 ], [ 13.50006116, 52.40524609 ], [ 13.50021026, 52.40388248 ], [ 13.49624213, 52.40399926 ], [ 13.49599018, 52.40498069 ], [ 13.4958837, 52.40536251 ], [ 13.49579023, 52.40581425 ], [ 13.49562464, 52.40635597 ], [ 13.49554959, 52.40654101 ], [ 13.49540116, 52.40679751 ], [ 13.49452742, 52.40788635 ], [ 13.49347491, 52.40922913 ], [ 13.49318613, 52.40957847 ], [ 13.49380047, 52.41057633 ], [ 13.49387003, 52.41056802 ], [ 13.49407703, 52.41053835 ], [ 13.49428141, 52.41050255 ], [ 13.49448244, 52.41046025 ], [ 13.49465073, 52.41041898 ], [ 13.49471915, 52.41039458 ], [ 13.49478142, 52.41036466 ], [ 13.49483635, 52.41032978 ], [ 13.49498174, 52.41020422 ], [ 13.4950958, 52.41009493 ], [ 13.49541603, 52.40975675 ], [ 13.49578888, 52.40934827 ], [ 13.49590228, 52.4092303 ], [ 13.49602488, 52.40911582 ], [ 13.49620206, 52.40896399 ] ], [ [ 13.49902142, 52.40411734 ], [ 13.49906851, 52.40412463 ], [ 13.49910902, 52.40414101 ], [ 13.49913876, 52.4041645 ], [ 13.49915416, 52.40419268 ], [ 13.49919304, 52.40510003 ], [ 13.49910504, 52.40570519 ], [ 13.49903946, 52.405927 ], [ 13.49889992, 52.4061099 ], [ 13.49886511, 52.40611943 ], [ 13.49881501, 52.40612449 ], [ 13.49876462, 52.40612062 ], [ 13.49835878, 52.40603126 ], [ 13.49829815, 52.4060124 ], [ 13.49823918, 52.40599165 ], [ 13.49805798, 52.4059081 ], [ 13.49800726, 52.40587794 ], [ 13.49796283, 52.40584427 ], [ 13.49792532, 52.40580758 ], [ 13.4978953, 52.4057684 ], [ 13.49787581, 52.40573453 ], [ 13.49785575, 52.40570879 ], [ 13.49783051, 52.4056848 ], [ 13.49780052, 52.40566296 ], [ 13.49776624, 52.40564362 ], [ 13.49772824, 52.40562709 ], [ 13.49764428, 52.4055995 ], [ 13.49738492, 52.405523 ], [ 13.49711898, 52.4054555 ], [ 13.49684269, 52.40539636 ], [ 13.49669536, 52.40536985 ], [ 13.49654651, 52.40534673 ], [ 13.49632082, 52.4053186 ], [ 13.49628866, 52.40531308 ], [ 13.49625002, 52.40529959 ], [ 13.49621886, 52.40528017 ], [ 13.49619752, 52.4052563 ], [ 13.49618716, 52.40522296 ], [ 13.49635829, 52.40435619 ], [ 13.49638249, 52.4042812 ], [ 13.49639834, 52.40424423 ], [ 13.49640827, 52.40422898 ], [ 13.49643968, 52.40420641 ], [ 13.49648231, 52.40419364 ], [ 13.49729158, 52.40416814 ], [ 13.49902142, 52.40411734 ] ], [ [ 13.49508598, 52.40756255 ], [ 13.49509894, 52.40752811 ], [ 13.49551682, 52.4069706 ], [ 13.49561909, 52.40682128 ], [ 13.49588593, 52.40636702 ], [ 13.49590443, 52.40634515 ], [ 13.49592764, 52.40632503 ], [ 13.49595512, 52.40630703 ], [ 13.49598636, 52.4062915 ], [ 13.49602078, 52.40627872 ], [ 13.49605774, 52.40626894 ], [ 13.49609653, 52.40626233 ], [ 13.49613643, 52.40625903 ], [ 13.49681206, 52.40625968 ], [ 13.49703364, 52.40625751 ], [ 13.49732854, 52.40624634 ], [ 13.49753812, 52.40623152 ], [ 13.49767316, 52.40621696 ], [ 13.49780687, 52.40619837 ], [ 13.49793893, 52.40617579 ], [ 13.49806901, 52.40614926 ], [ 13.49816147, 52.40613678 ], [ 13.49825465, 52.40613167 ], [ 13.49868521, 52.40622308 ], [ 13.49871146, 52.40623965 ], [ 13.49872551, 52.4062606 ], [ 13.49873147, 52.40628361 ], [ 13.49800596, 52.40696024 ], [ 13.49742879, 52.4075078 ], [ 13.49675073, 52.40817729 ], [ 13.49669472, 52.40818432 ], [ 13.49663465, 52.40817545 ], [ 13.49519514, 52.40768831 ], [ 13.49515943, 52.40767324 ], [ 13.49512109, 52.40764679 ], [ 13.49509577, 52.40761502 ], [ 13.49508533, 52.40758026 ], [ 13.49508598, 52.40756255 ] ], [ [ 13.49344352, 52.40957117 ], [ 13.4935747, 52.4094625 ], [ 13.49369651, 52.40934983 ], [ 13.49380789, 52.40923318 ], [ 13.49408166, 52.40937688 ], [ 13.49415597, 52.40940685 ], [ 13.49423596, 52.40943074 ], [ 13.49432032, 52.40944813 ], [ 13.49440763, 52.40945876 ], [ 13.49449645, 52.40946243 ], [ 13.4945853, 52.40945909 ], [ 13.49467271, 52.40944879 ], [ 13.49471527, 52.40944081 ], [ 13.49476609, 52.40942729 ], [ 13.49481165, 52.40940799 ], [ 13.49485074, 52.40938397 ], [ 13.49490473, 52.40933736 ], [ 13.49498264, 52.4092591 ], [ 13.49505066, 52.40917747 ], [ 13.49510842, 52.40909293 ], [ 13.49515662, 52.40900664 ], [ 13.49523515, 52.40887929 ], [ 13.49532308, 52.40875426 ], [ 13.49587177, 52.40805293 ], [ 13.49653635, 52.40827213 ], [ 13.49656746, 52.408286 ], [ 13.49658548, 52.40830678 ], [ 13.49659687, 52.40832881 ], [ 13.49467486, 52.41019379 ], [ 13.49459372, 52.41026143 ], [ 13.49450496, 52.41032539 ], [ 13.49443732, 52.41036779 ], [ 13.49439235, 52.41038875 ], [ 13.49434289, 52.41040551 ], [ 13.49428999, 52.41041772 ], [ 13.49384427, 52.41047788 ], [ 13.49364506, 52.4101994 ], [ 13.49330266, 52.40967521 ], [ 13.49335111, 52.40964083 ], [ 13.49344352, 52.40957117 ] ], [ [ 13.49927122, 52.40526569 ], [ 13.4992793, 52.40522661 ], [ 13.4992959, 52.40518855 ], [ 13.49932073, 52.4051522 ], [ 13.49933908, 52.40511383 ], [ 13.49936807, 52.40503587 ], [ 13.49938766, 52.40495682 ], [ 13.49939774, 52.40487711 ], [ 13.49939826, 52.40479716 ], [ 13.49938921, 52.4047174 ], [ 13.49935953, 52.40458734 ], [ 13.49936549, 52.40458775 ], [ 13.49953148, 52.40477721 ], [ 13.49956431, 52.40483528 ], [ 13.49958441, 52.40489549 ], [ 13.49959143, 52.40495679 ], [ 13.49958525, 52.40501812 ], [ 13.49948696, 52.4053314 ], [ 13.49947275, 52.40540945 ], [ 13.49946904, 52.40548795 ], [ 13.49947158, 52.40552719 ], [ 13.49946228, 52.40554129 ], [ 13.49935836, 52.40545159 ], [ 13.49932474, 52.40541798 ], [ 13.49929882, 52.40538192 ], [ 13.49928107, 52.40534406 ], [ 13.49927182, 52.40530508 ], [ 13.49927122, 52.40526569 ] ], [ [ 13.49639627, 52.40580724 ], [ 13.49641893, 52.40577582 ], [ 13.49647549, 52.40572988 ], [ 13.49657952, 52.40574149 ], [ 13.49666854, 52.40574006 ], [ 13.49678133, 52.40575475 ], [ 13.49679756, 52.40577854 ], [ 13.49680626, 52.40580539 ], [ 13.4968062, 52.40582379 ], [ 13.49671329, 52.40586893 ], [ 13.49657912, 52.40587722 ], [ 13.49649389, 52.40586869 ], [ 13.49643379, 52.40584178 ], [ 13.49640875, 52.40582719 ], [ 13.49639627, 52.40580724 ] ] ] } },
{ "type": "Feature", "properties": { "id": "versorggruen_oeff_2020.1192", "importid": 1192, "typ": "Öffentliche Grünanlage" }, "geometry": { "type": "Polygon", "coordinates": [ [ [ 13.45116794, 52.43110217 ], [ 13.45100105, 52.43129064 ], [ 13.4507718, 52.4315599 ], [ 13.45060694, 52.43176338 ], [ 13.4504436, 52.43197576 ], [ 13.44960717, 52.43175596 ], [ 13.44901538, 52.43175903 ], [ 13.44906947, 52.43190847 ], [ 13.44996964, 52.43214454 ], [ 13.45008262, 52.43245934 ], [ 13.44987532, 52.43245894 ], [ 13.44987385, 52.43286307 ], [ 13.4498691, 52.43289288 ], [ 13.44984795, 52.43293064 ], [ 13.44981154, 52.43296377 ], [ 13.44976233, 52.43298999 ], [ 13.4497037, 52.43300752 ], [ 13.44963965, 52.43301519 ], [ 13.44937992, 52.43301532 ], [ 13.44937256, 52.43306272 ], [ 13.44936748, 52.43352408 ], [ 13.44942091, 52.43355592 ], [ 13.44951985, 52.43362419 ], [ 13.44960861, 52.4336975 ], [ 13.44967978, 52.43376819 ], [ 13.44973594, 52.43383463 ], [ 13.44978414, 52.43390337 ], [ 13.4498241, 52.43397406 ], [ 13.44985826, 52.43405279 ], [ 13.44988448, 52.43413944 ], [ 13.44989959, 52.43422708 ], [ 13.44990351, 52.43431517 ], [ 13.44989621, 52.43440318 ], [ 13.44987774, 52.43449059 ], [ 13.4498482, 52.43457685 ], [ 13.44980777, 52.43466145 ], [ 13.44953064, 52.43511038 ], [ 13.44942139, 52.43508848 ], [ 13.44935572, 52.4350976 ], [ 13.44902428, 52.43517406 ], [ 13.44885895, 52.43514858 ], [ 13.44897476, 52.43472887 ], [ 13.44896485, 52.43466159 ], [ 13.44893998, 52.43459608 ], [ 13.44882975, 52.43442443 ], [ 13.44494767, 52.43600048 ], [ 13.44463569, 52.43570703 ], [ 13.44385694, 52.43584149 ], [ 13.44430894, 52.43626542 ], [ 13.44495027, 52.43600292 ], [ 13.44496086, 52.43601272 ], [ 13.44270836, 52.43690715 ], [ 13.44269846, 52.43694872 ], [ 13.44057189, 52.43778848 ], [ 13.4408093, 52.43801406 ], [ 13.4418227, 52.43761594 ], [ 13.44207402, 52.43751927 ], [ 13.44238564, 52.43741033 ], [ 13.44270518, 52.43731033 ], [ 13.44303213, 52.43721973 ], [ 13.44336558, 52.43713845 ], [ 13.44370498, 52.43706697 ], [ 13.44405061, 52.43700496 ], [ 13.44433412, 52.43696199 ], [ 13.4446201, 52.43692568 ], [ 13.44498051, 52.43688996 ], [ 13.44534335, 52.4368649 ], [ 13.44570775, 52.43685061 ], [ 13.44579274, 52.43649496 ], [ 13.44665274, 52.43617868 ], [ 13.44722265, 52.43603433 ], [ 13.44808637, 52.43581609 ], [ 13.44853411, 52.43588758 ], [ 13.44842636, 52.43614001 ], [ 13.4483905, 52.43686439 ], [ 13.44890614, 52.43687374 ], [ 13.44890618, 52.43684781 ], [ 13.44888117, 52.4368385 ], [ 13.44896421, 52.43671363 ], [ 13.44898268, 52.43669326 ], [ 13.44897883, 52.43669209 ], [ 13.44912217, 52.4365018 ], [ 13.44927007, 52.43633018 ], [ 13.44944516, 52.43614884 ], [ 13.44980695, 52.43579568 ], [ 13.44996285, 52.43564362 ], [ 13.45006449, 52.43554428 ], [ 13.45009019, 52.43555421 ], [ 13.45037771, 52.43527744 ], [ 13.4503821, 52.43527325 ], [ 13.45040433, 52.43528195 ], [ 13.45040099, 52.43529034 ], [ 13.45045679, 52.43546118 ], [ 13.45049269, 52.43555928 ], [ 13.4505499, 52.4355508 ], [ 13.45096793, 52.43662613 ], [ 13.45106988, 52.43657749 ], [ 13.45113714, 52.43654088 ], [ 13.4511993, 52.43650104 ], [ 13.45128778, 52.4364361 ], [ 13.45088558, 52.43540564 ], [ 13.45078978, 52.43509798 ], [ 13.45065463, 52.4343251 ], [ 13.45051778, 52.4336648 ], [ 13.45051141, 52.43360096 ], [ 13.45050976, 52.43355302 ], [ 13.45051247, 52.43349553 ], [ 13.45051784, 52.43345256 ], [ 13.45052793, 52.43340309 ], [ 13.45054773, 52.4333339 ], [ 13.45058638, 52.4332438 ], [ 13.45061105, 52.43319973 ], [ 13.45087406, 52.4327743 ], [ 13.45124701, 52.43223569 ], [ 13.45162867, 52.43174364 ], [ 13.45199714, 52.43131087 ], [ 13.45243609, 52.43084073 ], [ 13.45265616, 52.43062043 ], [ 13.45316961, 52.43014068 ], [ 13.45356319, 52.42980048 ], [ 13.45320328, 52.42965338 ], [ 13.45298903, 52.42985095 ], [ 13.45260299, 52.42969438 ], [ 13.45215832, 52.43009563 ], [ 13.45187233, 52.43036905 ], [ 13.45170683, 52.4305333 ], [ 13.45072886, 52.43030647 ], [ 13.45071959, 52.42864716 ], [ 13.4497831, 52.42828279 ], [ 13.44916181, 52.42802924 ], [ 13.44894209, 52.42823139 ], [ 13.44867686, 52.4282318 ], [ 13.44837631, 52.4285076 ], [ 13.44858638, 52.42883636 ], [ 13.44906547, 52.42924635 ], [ 13.4493973, 52.42924693 ], [ 13.44939664, 52.4294131 ], [ 13.4490648, 52.4294126 ], [ 13.44906327, 52.42979425 ], [ 13.44937621, 52.43047016 ], [ 13.45046621, 52.43047197 ], [ 13.45046559, 52.43066527 ], [ 13.45050969, 52.43066534 ], [ 13.45050878, 52.4308945 ], [ 13.45058244, 52.43089461 ], [ 13.45058383, 52.43047215 ], [ 13.45094858, 52.43047269 ], [ 13.45161427, 52.43062717 ], [ 13.45150046, 52.43074465 ], [ 13.45140302, 52.43084742 ], [ 13.45116794, 52.43110217 ] ], [ [ 13.4493668, 52.42815511 ], [ 13.44953725, 52.42822498 ], [ 13.44936519, 52.42838238 ], [ 13.44935926, 52.42839396 ], [ 13.44935451, 52.42841266 ], [ 13.44935597, 52.42843335 ], [ 13.44936211, 52.42844945 ], [ 13.4493776, 52.4284704 ], [ 13.44964531, 52.42866912 ], [ 13.44965336, 52.42868061 ], [ 13.44966009, 52.42870393 ], [ 13.44965773, 52.42872834 ], [ 13.44964976, 52.42874829 ], [ 13.4496345, 52.42876825 ], [ 13.44960404, 52.42878998 ], [ 13.44957884, 52.42880073 ], [ 13.44955293, 52.42880774 ], [ 13.44951189, 52.42881251 ], [ 13.44946536, 52.42880962 ], [ 13.44942396, 52.42879888 ], [ 13.44935862, 52.42877016 ], [ 13.44930602, 52.42873838 ], [ 13.44926397, 52.42870308 ], [ 13.44923634, 52.42867094 ], [ 13.44921795, 52.42863689 ], [ 13.44921612, 52.42861935 ], [ 13.44921975, 52.42854521 ], [ 13.44923911, 52.42847805 ], [ 13.44927039, 52.42841757 ], [ 13.44927259, 52.42840735 ], [ 13.44926721, 52.42839018 ], [ 13.4491581, 52.42819248 ], [ 13.44924276, 52.42815823 ], [ 13.4493668, 52.42815511 ] ] ] } },
{ "type": "Feature", "properties": { "id": "versorggruen_oeff_2020.1193", "importid": 1193, "typ": "Öffentliche Grünanlage" }, "geometry": { "type": "Polygon", "coordinates": [ [ [ 13.45355177, 52.44276631 ], [ 13.45433434, 52.44260282 ], [ 13.45447176, 52.44284845 ], [ 13.45488947, 52.44276116 ], [ 13.45505611, 52.44284042 ], [ 13.45576225, 52.44269286 ], [ 13.45586366, 52.44270812 ], [ 13.45585375, 52.44275798 ], [ 13.45583903, 52.44280207 ], [ 13.45596138, 52.44250022 ], [ 13.45526129, 52.44191516 ], [ 13.45492982, 52.44206458 ], [ 13.4548684, 52.44208947 ], [ 13.45480303, 52.4421105 ], [ 13.45457616, 52.44217487 ], [ 13.45443384, 52.44222808 ], [ 13.4543142, 52.44229967 ], [ 13.4541782, 52.44240318 ], [ 13.45383133, 52.44227865 ], [ 13.45349628, 52.44214247 ], [ 13.45326343, 52.44204229 ], [ 13.45324631, 52.44207109 ], [ 13.45322299, 52.44213069 ], [ 13.45321314, 52.44219166 ], [ 13.45321692, 52.44225295 ], [ 13.45323432, 52.4423134 ], [ 13.45326502, 52.44237183 ], [ 13.45342179, 52.44257282 ], [ 13.45348704, 52.44266337 ], [ 13.45355177, 52.44276631 ] ] ] } },
{ "type": "Feature", "properties": { "id": "versorggruen_oeff_2020.1194", "importid": 1194, "typ": "Öffentliche Grünanlage" }, "geometry": { "type": "Polygon", "coordinates": [ [ [ 13.44755279, 52.44176013 ], [ 13.44746903, 52.4415255 ], [ 13.44740706, 52.44126513 ], [ 13.44737555, 52.44098247 ], [ 13.44737889, 52.44072483 ], [ 13.4474177, 52.44044248 ], [ 13.44748849, 52.44017636 ], [ 13.44756189, 52.4399687 ], [ 13.44799825, 52.43888022 ], [ 13.44804926, 52.43888884 ], [ 13.44815311, 52.43890133 ], [ 13.4482584, 52.43890805 ], [ 13.44836426, 52.43890892 ], [ 13.4484171, 52.43890692 ], [ 13.4484235, 52.43881586 ], [ 13.44795136, 52.43855214 ], [ 13.44739463, 52.4384614 ], [ 13.44729305, 52.43876467 ], [ 13.44722103, 52.43875575 ], [ 13.44682637, 52.43994247 ], [ 13.44676694, 52.44016417 ], [ 13.44674252, 52.44027547 ], [ 13.44672177, 52.44038706 ], [ 13.4467044, 52.44049882 ], [ 13.44669056, 52.44061078 ], [ 13.4466723, 52.44083505 ], [ 13.44666919, 52.44094729 ], [ 13.44667739, 52.44117188 ], [ 13.44668645, 52.44125916 ], [ 13.4467053, 52.44139542 ], [ 13.44672153, 52.44148012 ], [ 13.44675249, 52.44161764 ], [ 13.44677477, 52.44167205 ], [ 13.44680058, 52.44172601 ], [ 13.44682962, 52.44177925 ], [ 13.44686191, 52.44183169 ], [ 13.44689729, 52.44188342 ], [ 13.4469359, 52.44193443 ], [ 13.44697761, 52.44198437 ], [ 13.44702241, 52.44203342 ], [ 13.44709096, 52.44210128 ], [ 13.44716555, 52.44216682 ], [ 13.44724573, 52.44222984 ], [ 13.44733122, 52.44229009 ], [ 13.44736232, 52.4422728 ], [ 13.44792002, 52.44260907 ], [ 13.44822536, 52.44243362 ], [ 13.44835897, 52.4423772 ], [ 13.44873311, 52.44215382 ], [ 13.44895493, 52.44199356 ], [ 13.44911793, 52.44187105 ], [ 13.44974539, 52.44136676 ], [ 13.44961463, 52.44130625 ], [ 13.44950488, 52.44123834 ], [ 13.44895657, 52.44158674 ], [ 13.44884285, 52.44166502 ], [ 13.44865629, 52.44177709 ], [ 13.44848418, 52.44187354 ], [ 13.44833121, 52.44194659 ], [ 13.44813278, 52.44202639 ], [ 13.44796617, 52.44208228 ], [ 13.44774933, 52.44214182 ], [ 13.44764299, 52.44195421 ], [ 13.44755279, 52.44176013 ] ] ] } },
{ "type": "Feature", "properties": { "id": "versorggruen_oeff_2020.1195", "importid": 1195, "typ": "Öffentliche Grünanlage" }, "geometry": { "type": "Polygon", "coordinates": [ [ [ 13.41119943, 52.42211351 ], [ 13.41121261, 52.42215022 ], [ 13.41174788, 52.42207769 ], [ 13.41179541, 52.42228378 ], [ 13.41224436, 52.42224479 ], [ 13.41258276, 52.42233347 ], [ 13.41267205, 52.42195341 ], [ 13.412186, 52.42201881 ], [ 13.41213676, 52.42188243 ], [ 13.41202676, 52.42189727 ], [ 13.41201564, 52.4218665 ], [ 13.41197655, 52.42187178 ], [ 13.41196588, 52.42184227 ], [ 13.41200497, 52.42183699 ], [ 13.41199841, 52.42181884 ], [ 13.41185173, 52.42183865 ], [ 13.41183655, 52.42179665 ], [ 13.41176425, 52.42180152 ], [ 13.41173075, 52.42180153 ], [ 13.41167229, 52.42179741 ], [ 13.41161298, 52.42178507 ], [ 13.41023715, 52.42142468 ], [ 13.40978535, 52.42148574 ], [ 13.40979356, 52.42150882 ], [ 13.40980329, 52.42152106 ], [ 13.40981956, 52.42153377 ], [ 13.40984188, 52.42160619 ], [ 13.40988167, 52.42161409 ], [ 13.4098948, 52.42165125 ], [ 13.4099767, 52.42164016 ], [ 13.41000557, 52.42172011 ], [ 13.41021508, 52.42169191 ], [ 13.41025012, 52.42169365 ], [ 13.41026577, 52.42169576 ], [ 13.41029184, 52.42170353 ], [ 13.41030863, 52.42171538 ], [ 13.41032024, 52.42173556 ], [ 13.4104775, 52.42177769 ], [ 13.41043758, 52.42181237 ], [ 13.41049588, 52.42183324 ], [ 13.41053518, 52.42183993 ], [ 13.41056821, 52.42183865 ], [ 13.41060597, 52.42182954 ], [ 13.41063318, 52.42182841 ], [ 13.4107052, 52.42184848 ], [ 13.41074531, 52.42185162 ], [ 13.41114224, 52.42195576 ], [ 13.41119943, 52.42211351 ] ] ] } },
{ "type": "Feature", "properties": { "id": "versorggruen_oeff_2020.1353", "importid": 1353, "typ": "Öffentliche Grünanlage" }, "geometry": { "type": "MultiPolygon", "coordinates": [ [ [ [ 13.41578041, 52.47031036 ], [ 13.41655791, 52.46683303 ], [ 13.416557889680002, 52.466833027652804 ], [ 13.416039332412266, 52.469151595992585 ], [ 13.415780402142472, 52.470310311517686 ], [ 13.415778935870215, 52.470315683857017 ], [ 13.41578041, 52.47031036 ] ] ], [ [ [ 13.41501458, 52.47311648 ], [ 13.415018090458959, 52.473103538801169 ], [ 13.414851806773042, 52.473712825325833 ], [ 13.41501458, 52.47311648 ] ] ], [ [ [ 13.40667187, 52.47821815 ], [ 13.40674276, 52.47819986 ], [ 13.40689006, 52.4781747 ], [ 13.41088483, 52.47772374 ], [ 13.41093855, 52.47790258 ], [ 13.41348822, 52.47870854 ], [ 13.413923020596465, 52.477115579608302 ], [ 13.413587942407005, 52.478343125521633 ], [ 13.413488212027671, 52.478708490429362 ], [ 13.413186908178369, 52.478613260879413 ], [ 13.411216485166555, 52.47799039404822 ], [ 13.41093854461997, 52.47790253953621 ], [ 13.410884821869065, 52.477723694784025 ], [ 13.410769527551588, 52.477736243836283 ], [ 13.407441412483513, 52.478112328359302 ], [ 13.406890066547383, 52.478174656901537 ], [ 13.406853235806945, 52.478179618447847 ], [ 13.40681553624912, 52.478185395463505 ], [ 13.406778997364041, 52.478192060239614 ], [ 13.406742757699849, 52.478199816960547 ], [ 13.406706212400683, 52.478208288843128 ], [ 13.406671871571222, 52.478218103113242 ], [ 13.406622925219452, 52.47823356485415 ], [ 13.4066229348002, 52.478233598484614 ], [ 13.40667187, 52.47821815 ] ] ], [ [ [ 13.406630760496673, 52.47826106834421 ], [ 13.406656915036315, 52.478352876342925 ], [ 13.406751088010914, 52.478683309773096 ], [ 13.406786736193455, 52.478808210410122 ], [ 13.406630760496673, 52.47826106834421 ] ] ], [ [ [ 13.4061097, 52.4807675 ], [ 13.40623962, 52.48015746 ], [ 13.40680215, 52.47886228 ], [ 13.406802145165088, 52.478862263039765 ], [ 13.40623962432144, 52.480157418611817 ], [ 13.406109690364334, 52.480767450479156 ], [ 13.406109654060382, 52.48076762133433 ], [ 13.4061097, 52.4807675 ] ] ], [ [ [ 13.406194095896984, 52.481545666364923 ], [ 13.406200632678468, 52.481595912586585 ], [ 13.406250971263377, 52.481978389589344 ], [ 13.40625097465521, 52.481978389337833 ], [ 13.406194095896984, 52.481545666364923 ] ] ] ] } },
{ "type": "Feature", "properties": { "id": "versorggruen_oeff_2020.1673", "importid": 1673, "typ": "Öffentliche Grünanlage" }, "geometry": { "type": "Polygon", "coordinates": [ [ [ 13.43754352, 52.47066995 ], [ 13.43772165, 52.47013294 ], [ 13.43726986, 52.47007631 ], [ 13.43716786, 52.47038372 ], [ 13.4368935, 52.47034984 ], [ 13.43691683, 52.47027938 ], [ 13.43584203, 52.47014646 ], [ 13.43585514, 52.47010685 ], [ 13.4358263, 52.4701033 ], [ 13.43585507, 52.47001589 ], [ 13.43584094, 52.47001381 ], [ 13.43587885, 52.46989938 ], [ 13.43557632, 52.46986087 ], [ 13.4353935, 52.47041181 ], [ 13.43606435, 52.47049535 ], [ 13.43681561, 52.47058306 ], [ 13.43709081, 52.47061595 ], [ 13.43754352, 52.47066995 ] ], [ [ 13.43572551, 52.46988612 ], [ 13.43577078, 52.46989189 ], [ 13.43576467, 52.46991233 ], [ 13.43571987, 52.46990649 ], [ 13.43571909, 52.46990518 ], [ 13.43572551, 52.46988612 ] ] ] } },
{ "type": "Feature", "properties": { "id": "versorggruen_oeff_2020.1674", "importid": 1674, "typ": "Öffentliche Grünanlage" }, "geometry": { "type": "Polygon", "coordinates": [ [ [ 13.43616029, 52.45771048 ], [ 13.43569946, 52.45762804 ], [ 13.43569722, 52.45763352 ], [ 13.43535592, 52.45759578 ], [ 13.43480812, 52.45752112 ], [ 13.43476581, 52.4576156 ], [ 13.43435159, 52.45761244 ], [ 13.4340996, 52.45758349 ], [ 13.43401538, 52.45757004 ], [ 13.43374414, 52.45753537 ], [ 13.43339727, 52.45747049 ], [ 13.43341558, 52.45743103 ], [ 13.43314849, 52.45737994 ], [ 13.43217494, 52.4571866 ], [ 13.43199684, 52.45711142 ], [ 13.4314523, 52.45695811 ], [ 13.4316358, 52.45663389 ], [ 13.43094283, 52.45665656 ], [ 13.43025256, 52.45662493 ], [ 13.42937423, 52.45642227 ], [ 13.42864983, 52.45626451 ], [ 13.42824367, 52.45619581 ], [ 13.42817491, 52.45605352 ], [ 13.42768371, 52.45634575 ], [ 13.42853408, 52.45648727 ], [ 13.42922174, 52.45663742 ], [ 13.43009544, 52.45683209 ], [ 13.43285893, 52.45747803 ], [ 13.43308382, 52.45752721 ], [ 13.43333074, 52.45757566 ], [ 13.43383139, 52.45766896 ], [ 13.43408102, 52.45771206 ], [ 13.43436359, 52.45775296 ], [ 13.4346247, 52.45778806 ], [ 13.43490452, 52.45782043 ], [ 13.43521699, 52.45785309 ], [ 13.43577448, 52.45790459 ], [ 13.43577658, 52.45789005 ], [ 13.43605586, 52.45791223 ], [ 13.43616029, 52.45771048 ] ] ] } },
{ "type": "Feature", "properties": { "id": "versorggruen_oeff_2020.1675", "importid": 1675, "typ": "Öffentliche Grünanlage" }, "geometry": { "type": "Polygon", "coordinates": [ [ [ 13.45139159, 52.45235753 ], [ 13.45145366, 52.45235852 ], [ 13.4514852, 52.45234284 ], [ 13.45185335, 52.45234932 ], [ 13.45199047, 52.4523054 ], [ 13.45208495, 52.45206829 ], [ 13.4496003, 52.45169327 ], [ 13.44954888, 52.45171332 ], [ 13.44939755, 52.45227258 ], [ 13.44945766, 52.45232697 ], [ 13.45139143, 52.45236148 ], [ 13.45139159, 52.45235753 ] ] ] } },
{ "type": "Feature", "properties": { "id": "versorggruen_oeff_2020.1676", "importid": 1676, "typ": "Öffentliche Grünanlage" }, "geometry": { "type": "Polygon", "coordinates": [ [ [ 13.46195701, 52.42122886 ], [ 13.46156317, 52.4213215 ], [ 13.46164542, 52.42145299 ], [ 13.46261714, 52.42122861 ], [ 13.463355020870891, 52.421055709855693 ], [ 13.462708911312586, 52.420972847712115 ], [ 13.462073189547102, 52.420891337599294 ], [ 13.462072770941118, 52.420891289636394 ], [ 13.46195701, 52.42122886 ] ] ] } },
{ "type": "Feature", "properties": { "id": "versorggruen_oeff_2020.1677", "importid": 1677, "typ": "Öffentliche Grünanlage" }, "geometry": { "type": "Polygon", "coordinates": [ [ [ 13.47997615, 52.42239858 ], [ 13.47988337, 52.42240567 ], [ 13.47956078, 52.42241542 ], [ 13.47935511, 52.42240907 ], [ 13.47918902, 52.42239686 ], [ 13.47902061, 52.42237778 ], [ 13.47901953, 52.42270311 ], [ 13.47872554, 52.42270274 ], [ 13.47849035, 52.42270245 ], [ 13.47848845, 52.42326861 ], [ 13.47800348, 52.42326797 ], [ 13.47800338, 52.42328172 ], [ 13.47783377, 52.42328124 ], [ 13.47783387, 52.42326775 ], [ 13.4762406, 52.42326569 ], [ 13.47624009, 52.42341424 ], [ 13.47634587, 52.42341625 ], [ 13.48108361, 52.4235967 ], [ 13.481084, 52.42347709 ], [ 13.48094218, 52.42347306 ], [ 13.47997256, 52.42343599 ], [ 13.47997615, 52.42239858 ] ] ] } },
{ "type": "Feature", "properties": { "id": "versorggruen_oeff_2020.1678", "importid": 1678, "typ": "Öffentliche Grünanlage" }, "geometry": { "type": "Polygon", "coordinates": [ [ [ 13.4686553, 52.42386876 ], [ 13.46959044, 52.42376325 ], [ 13.46957996, 52.42369151 ], [ 13.47162171, 52.42346208 ], [ 13.47172933, 52.4234511 ], [ 13.47195211, 52.4234325 ], [ 13.47212958, 52.42342044 ], [ 13.47228128, 52.42341335 ], [ 13.47254929, 52.42340651 ], [ 13.47321653, 52.42340666 ], [ 13.47320588, 52.42325702 ], [ 13.47312929, 52.42321379 ], [ 13.4718239, 52.42324735 ], [ 13.47127883, 52.42327774 ], [ 13.46931666, 52.42343538 ], [ 13.46914494, 52.42344311 ], [ 13.46905578, 52.4234445 ], [ 13.46900841, 52.42345567 ], [ 13.46887936, 52.4235247 ], [ 13.46864995, 52.42351552 ], [ 13.46862791, 52.42342875 ], [ 13.4685676, 52.42342216 ], [ 13.46843889, 52.42340245 ], [ 13.46831328, 52.42337633 ], [ 13.46818585, 52.42334214 ], [ 13.46807648, 52.42330652 ], [ 13.46796615, 52.42326665 ], [ 13.46785863, 52.423224 ], [ 13.4677541, 52.42317866 ], [ 13.46765276, 52.42313069 ], [ 13.46753173, 52.42306869 ], [ 13.46759607, 52.4231565 ], [ 13.46773786, 52.42359136 ], [ 13.46769816, 52.42359611 ], [ 13.46742894, 52.42356903 ], [ 13.46728161, 52.42334483 ], [ 13.46738569, 52.42299344 ], [ 13.46721859, 52.42291168 ], [ 13.46706992, 52.42284907 ], [ 13.46698236, 52.42281747 ], [ 13.46689109, 52.42279006 ], [ 13.4667871, 52.42276484 ], [ 13.46657459, 52.42272654 ], [ 13.4663203, 52.42352619 ], [ 13.4660068, 52.42360435 ], [ 13.46341573, 52.42425031 ], [ 13.46365132, 52.42455605 ], [ 13.46378694, 52.42471029 ], [ 13.46397059, 52.42489818 ], [ 13.46415084, 52.42506425 ], [ 13.46427362, 52.42509302 ], [ 13.46522018, 52.42457985 ], [ 13.46535281, 52.42452006 ], [ 13.46542257, 52.42449329 ], [ 13.4655349, 52.42445776 ], [ 13.46559534, 52.42444356 ], [ 13.46559597, 52.42415391 ], [ 13.46603418, 52.42410473 ], [ 13.46608013, 52.4239619 ], [ 13.46651924, 52.42391459 ], [ 13.46650683, 52.42405168 ], [ 13.46677227, 52.42402189 ], [ 13.46677245, 52.42409386 ], [ 13.46788937, 52.4240952 ], [ 13.46803431, 52.42469992 ], [ 13.46853274, 52.42582337 ], [ 13.46883605, 52.42581496 ], [ 13.46872137, 52.4245802 ], [ 13.4686553, 52.42386876 ] ], [ [ 13.46555579, 52.42405658 ], [ 13.46554972, 52.4240379 ], [ 13.46559471, 52.42403244 ], [ 13.46560078, 52.42405113 ], [ 13.46555907, 52.42405619 ], [ 13.46555579, 52.42405658 ] ], [ [ 13.4710799, 52.42335862 ], [ 13.47108518, 52.42338647 ], [ 13.47105422, 52.42338867 ], [ 13.47104894, 52.42336082 ], [ 13.4710799, 52.42335862 ] ] ] } },
{ "type": "Feature", "properties": { "id": "versorggruen_oeff_2020.1679", "importid": 1679, "typ": "Öffentliche Grünanlage" }, "geometry": { "type": "Polygon", "coordinates": [ [ [ 13.49938096, 52.4192826 ], [ 13.49927037, 52.41935937 ], [ 13.49963666, 52.41951047 ], [ 13.50030082, 52.41891753 ], [ 13.50059172, 52.41875329 ], [ 13.50066557, 52.41878293 ], [ 13.50135666, 52.41816628 ], [ 13.5011987, 52.41813899 ], [ 13.50099809, 52.41809607 ], [ 13.50072714, 52.41832972 ], [ 13.50041605, 52.41856331 ], [ 13.49994527, 52.41889051 ], [ 13.49938096, 52.4192826 ] ] ] } },
{ "type": "Feature", "properties": { "id": "versorggruen_oeff_2020.1680", "importid": 1680, "typ": "Öffentliche Grünanlage" }, "geometry": { "type": "Polygon", "coordinates": [ [ [ 13.43751259, 52.42858142 ], [ 13.43689617, 52.42841963 ], [ 13.43689375, 52.4284384 ], [ 13.4360523, 52.42821759 ], [ 13.43605472, 52.42819872 ], [ 13.43528892, 52.42799763 ], [ 13.43527635, 52.42828777 ], [ 13.44213526, 52.43008775 ], [ 13.44235853, 52.42985337 ], [ 13.44214177, 52.42979641 ], [ 13.44213425, 52.42980422 ], [ 13.44160995, 52.42966662 ], [ 13.44161528, 52.42965828 ], [ 13.43780806, 52.42865897 ], [ 13.43751259, 52.42858142 ] ] ] } },
{ "type": "Feature", "properties": { "id": "versorggruen_oeff_2020.1681", "importid": 1681, "typ": "Öffentliche Grünanlage" }, "geometry": { "type": "Polygon", "coordinates": [ [ [ 13.44846691, 52.43843624 ], [ 13.44850484, 52.43822263 ], [ 13.44855145, 52.4380096 ], [ 13.44860671, 52.43779734 ], [ 13.44863605, 52.43770358 ], [ 13.44867053, 52.4376107 ], [ 13.44871044, 52.43751846 ], [ 13.44875492, 52.4374273 ], [ 13.44880472, 52.4373369 ], [ 13.44885978, 52.43724793 ], [ 13.44891997, 52.43715994 ], [ 13.44898462, 52.43707323 ], [ 13.44883007, 52.4370704 ], [ 13.44861638, 52.43708032 ], [ 13.4485688, 52.43721884 ], [ 13.44849961, 52.43740232 ], [ 13.44817161, 52.43735473 ], [ 13.44810415, 52.43753263 ], [ 13.44796586, 52.43751274 ], [ 13.44770991, 52.43825385 ], [ 13.44747405, 52.43822419 ], [ 13.44740352, 52.43843482 ], [ 13.44781599, 52.43850206 ], [ 13.44785129, 52.43849789 ], [ 13.44792882, 52.43830821 ], [ 13.44799113, 52.43831774 ], [ 13.44792815, 52.43847266 ], [ 13.44794329, 52.43847502 ], [ 13.44793408, 52.43849783 ], [ 13.4479188, 52.43849565 ], [ 13.44791568, 52.43850311 ], [ 13.44797579, 52.43851228 ], [ 13.44797329, 52.43851743 ], [ 13.44798325, 52.43851984 ], [ 13.44800461, 52.43854214 ], [ 13.44842676, 52.43877992 ], [ 13.44843857, 52.43865047 ], [ 13.44846691, 52.43843624 ] ] ] } },
{ "type": "Feature", "properties": { "id": "versorggruen_oeff_2020.1704", "importid": 1704, "typ": "Öffentliche Grünanlage" }, "geometry": { "type": "MultiPolygon", "coordinates": [ [ [ [ 13.42300921, 52.46131853 ], [ 13.42302076, 52.46127173 ], [ 13.423020750620926, 52.461271730910752 ], [ 13.423009211570104, 52.46131849417479 ], [ 13.421971951113379, 52.461516201658618 ], [ 13.421971979838395, 52.461516246218416 ], [ 13.42300921, 52.46131853 ] ] ], [ [ [ 13.42213354, 52.46246075 ], [ 13.42205086, 52.46188744 ], [ 13.42203122916607, 52.461613450765945 ], [ 13.422045716128023, 52.461822326752291 ], [ 13.422050268013841, 52.461886853862858 ], [ 13.422099868520188, 52.462231129512517 ], [ 13.422121962192735, 52.462385109596674 ], [ 13.422132926684613, 52.462460437591595 ], [ 13.42213354, 52.46246075 ] ] ] ] } },
{ "type": "Feature", "properties": { "id": "versorggruen_oeff_2020.1730", "importid": 1730, "typ": "Öffentliche Grünanlage" }, "geometry": { "type": "Polygon", "coordinates": [ [ [ 13.47221499, 52.4588492 ], [ 13.47337911, 52.45880947 ], [ 13.474969720189359, 52.458764520277242 ], [ 13.474969722103859, 52.45876447725032 ], [ 13.47337911202319, 52.45880942847046 ], [ 13.472214995042597, 52.4588491603132 ], [ 13.472214985321754, 52.458849159868961 ], [ 13.47221499, 52.4588492 ] ] ] } },
{ "type": "Feature", "properties": { "id": "versorggruen_oeff_2020.1742", "importid": 1742, "typ": "Öffentliche Grünanlage" }, "geometry": { "type": "Polygon", "coordinates": [ [ [ 13.43799859, 52.4473829 ], [ 13.43808766, 52.44746025 ], [ 13.43818838, 52.44753512 ], [ 13.43857157, 52.44788197 ], [ 13.43867458, 52.44798152 ], [ 13.43875698, 52.4480556 ], [ 13.43883986, 52.44806951 ], [ 13.43886208, 52.44809487 ], [ 13.43893912, 52.44806818 ], [ 13.43904133, 52.44803731 ], [ 13.43916155, 52.44800566 ], [ 13.44035385, 52.44754367 ], [ 13.44071222, 52.44740764 ], [ 13.4408979, 52.44733287 ], [ 13.44218203, 52.44683525 ], [ 13.44212155, 52.44677544 ], [ 13.44197148, 52.44683111 ], [ 13.44131874, 52.44620302 ], [ 13.44148236, 52.44614332 ], [ 13.44134399, 52.44600648 ], [ 13.44135357, 52.44600192 ], [ 13.44131079, 52.44596136 ], [ 13.44103827, 52.4457501 ], [ 13.441055, 52.44572234 ], [ 13.44111972, 52.44570889 ], [ 13.44112499, 52.44570536 ], [ 13.44112516, 52.44570042 ], [ 13.44111095, 52.4456863 ], [ 13.44110551, 52.44567364 ], [ 13.44110573, 52.4456382 ], [ 13.44114037, 52.44558073 ], [ 13.44109573, 52.44554019 ], [ 13.44114076, 52.44546307 ], [ 13.44118673, 52.44550383 ], [ 13.44127939, 52.44535013 ], [ 13.44038564, 52.44516488 ], [ 13.44052031, 52.44346438 ], [ 13.44054153, 52.44337588 ], [ 13.44057713, 52.44328899 ], [ 13.44062683, 52.44320459 ], [ 13.44069006, 52.44312366 ], [ 13.44076616, 52.443047 ], [ 13.44085439, 52.44297531 ], [ 13.44095389, 52.4429093 ], [ 13.44396643, 52.44127341 ], [ 13.44426591, 52.44107814 ], [ 13.44477907, 52.44116565 ], [ 13.44489448, 52.44117257 ], [ 13.44504136, 52.44117927 ], [ 13.44518754, 52.44117778 ], [ 13.44642322, 52.44111479 ], [ 13.44642199, 52.44097901 ], [ 13.44515173, 52.44104257 ], [ 13.44501488, 52.44104296 ], [ 13.44487835, 52.44103712 ], [ 13.44474289, 52.44102507 ], [ 13.44460925, 52.44100689 ], [ 13.44447818, 52.44098267 ], [ 13.444414, 52.4409681 ], [ 13.44446096, 52.44093084 ], [ 13.44459493, 52.44081595 ], [ 13.44471967, 52.44069724 ], [ 13.44483413, 52.44057473 ], [ 13.44493727, 52.44045086 ], [ 13.44502721, 52.44032775 ], [ 13.44510779, 52.44020223 ], [ 13.44517809, 52.44007443 ], [ 13.44523873, 52.43994481 ], [ 13.44530353, 52.43976951 ], [ 13.44533984, 52.43963655 ], [ 13.44536608, 52.43950271 ], [ 13.4456844, 52.43702644 ], [ 13.44560847, 52.43702877 ], [ 13.44515413, 52.43705325 ], [ 13.44477803, 52.43708685 ], [ 13.44464497, 52.43759271 ], [ 13.44423981, 52.43759937 ], [ 13.4443505, 52.43802496 ], [ 13.44437706, 52.4381678 ], [ 13.44438904, 52.43831132 ], [ 13.44438835, 52.43841909 ], [ 13.4443634, 52.43872894 ], [ 13.44433231, 52.43896104 ], [ 13.44427074, 52.43927838 ], [ 13.44417248, 52.43964168 ], [ 13.4440801, 52.43990836 ], [ 13.44403215, 52.43999269 ], [ 13.44396844, 52.44007302 ], [ 13.44388981, 52.44014825 ], [ 13.44379734, 52.44021733 ], [ 13.44369233, 52.44027935 ], [ 13.44358562, 52.44033 ], [ 13.44333225, 52.44043963 ], [ 13.44326326, 52.44045144 ], [ 13.44312383, 52.44047162 ], [ 13.44298295, 52.44048763 ], [ 13.442845, 52.4404991 ], [ 13.44264288, 52.44050847 ], [ 13.44276262, 52.44074303 ], [ 13.44188006, 52.4410099 ], [ 13.44188573, 52.4410971 ], [ 13.44167052, 52.44111842 ], [ 13.4415178, 52.44120451 ], [ 13.44132221, 52.4413244 ], [ 13.44113608, 52.44144978 ], [ 13.43982741, 52.44240958 ], [ 13.43979041, 52.44243843 ], [ 13.43971016, 52.44249293 ], [ 13.43962293, 52.44254325 ], [ 13.43952922, 52.44258902 ], [ 13.43942969, 52.44262993 ], [ 13.43932502, 52.44266575 ], [ 13.43922776, 52.44269281 ], [ 13.43913819, 52.44270981 ], [ 13.43904582, 52.44271971 ], [ 13.43895213, 52.44272235 ], [ 13.43885865, 52.44271769 ], [ 13.43876693, 52.44270585 ], [ 13.43867843, 52.44268703 ], [ 13.43859456, 52.44266148 ], [ 13.43851669, 52.44262963 ], [ 13.43844607, 52.44259199 ], [ 13.43841421, 52.44257099 ], [ 13.43820259, 52.44241805 ], [ 13.43799987, 52.44225661 ], [ 13.43780895, 52.4420889 ], [ 13.43761269, 52.44189661 ], [ 13.43746422, 52.44173449 ], [ 13.43732731, 52.44156862 ], [ 13.43705403, 52.44120105 ], [ 13.43689307, 52.44118597 ], [ 13.43688368, 52.44114833 ], [ 13.43685871, 52.44107372 ], [ 13.43682642, 52.44100018 ], [ 13.43678692, 52.44092915 ], [ 13.43674094, 52.44086078 ], [ 13.43668655, 52.44079196 ], [ 13.43660441, 52.44070376 ], [ 13.43651843, 52.44062585 ], [ 13.43642354, 52.44055189 ], [ 13.43600409, 52.44027176 ], [ 13.43591628, 52.44031919 ], [ 13.43583329, 52.44035641 ], [ 13.43625883, 52.44064085 ], [ 13.43629249, 52.44066654 ], [ 13.43635976, 52.44073335 ], [ 13.43643127, 52.44081445 ], [ 13.4364948, 52.44089798 ], [ 13.43655015, 52.44098367 ], [ 13.43657434, 52.44102729 ], [ 13.43659126, 52.44107249 ], [ 13.43661443, 52.44116412 ], [ 13.43662408, 52.44124845 ], [ 13.43662365, 52.44132479 ], [ 13.4366144, 52.44140092 ], [ 13.4366061, 52.44143875 ], [ 13.43655312, 52.44145372 ], [ 13.43644415, 52.44147927 ], [ 13.43634534, 52.44149723 ], [ 13.43612718, 52.44152528 ], [ 13.43605689, 52.44153007 ], [ 13.43599975, 52.44153225 ], [ 13.43588539, 52.441529 ], [ 13.4357158, 52.44151155 ], [ 13.43563949, 52.44150819 ], [ 13.43499425, 52.4414915 ], [ 13.43490519, 52.44148273 ], [ 13.43486976, 52.44161032 ], [ 13.43499588, 52.44165075 ], [ 13.43540906, 52.44166461 ], [ 13.4359044, 52.441676 ], [ 13.43599257, 52.44167293 ], [ 13.43620062, 52.44165368 ], [ 13.43647329, 52.44161531 ], [ 13.43695555, 52.44153187 ], [ 13.43706733, 52.44166541 ], [ 13.43736322, 52.44199249 ], [ 13.43756138, 52.44218334 ], [ 13.43840321, 52.44282709 ], [ 13.43874033, 52.44303109 ], [ 13.43888, 52.44312042 ], [ 13.43897967, 52.44324751 ], [ 13.43911816, 52.44349309 ], [ 13.43915635, 52.44366136 ], [ 13.43912701, 52.44409249 ], [ 13.4391313, 52.44421335 ], [ 13.43909645, 52.44495111 ], [ 13.43931669, 52.44497709 ], [ 13.43910153, 52.44495222 ], [ 13.43873056, 52.44491465 ], [ 13.43814923, 52.44486091 ], [ 13.43817289, 52.44483293 ], [ 13.43702802, 52.44475258 ], [ 13.43777297, 52.44543815 ], [ 13.43780097, 52.44547305 ], [ 13.43689136, 52.44584198 ], [ 13.43689858, 52.44584765 ], [ 13.43680147, 52.44588766 ], [ 13.4369088, 52.44597915 ], [ 13.43692282, 52.44597285 ], [ 13.43693175, 52.4459805 ], [ 13.43691804, 52.4459872 ], [ 13.43707276, 52.44611931 ], [ 13.43709912, 52.44610779 ], [ 13.43724064, 52.44622973 ], [ 13.43724604, 52.44622739 ], [ 13.43729664, 52.44627038 ], [ 13.43727822, 52.44627845 ], [ 13.43729648, 52.44629399 ], [ 13.43718541, 52.44634235 ], [ 13.43718076, 52.4463384 ], [ 13.43718211, 52.44633781 ], [ 13.43716878, 52.44632646 ], [ 13.43713418, 52.44634163 ], [ 13.4371299, 52.44633794 ], [ 13.43708348, 52.44629793 ], [ 13.43708828, 52.44629585 ], [ 13.43694648, 52.44617427 ], [ 13.43684538, 52.4460906 ], [ 13.43671555, 52.44597615 ], [ 13.43667495, 52.44594131 ], [ 13.43667574, 52.4459396 ], [ 13.43664968, 52.44591575 ], [ 13.43644508, 52.44599917 ], [ 13.43677572, 52.44629942 ], [ 13.43682622, 52.44634635 ], [ 13.43711531, 52.44665451 ], [ 13.43716586, 52.44670088 ], [ 13.43728443, 52.44679902 ], [ 13.43728861, 52.44679728 ], [ 13.43737548, 52.44676124 ], [ 13.43737094, 52.44675719 ], [ 13.43754186, 52.44668512 ], [ 13.43764413, 52.44677643 ], [ 13.43778631, 52.44671598 ], [ 13.43781269, 52.44673867 ], [ 13.43782064, 52.44673518 ], [ 13.43783251, 52.44674607 ], [ 13.43782499, 52.44674929 ], [ 13.43792464, 52.44683518 ], [ 13.43793142, 52.44683214 ], [ 13.43794759, 52.44683279 ], [ 13.43796488, 52.44684765 ], [ 13.4379597, 52.44685654 ], [ 13.43795557, 52.44685833 ], [ 13.43802606, 52.44691901 ], [ 13.43802326, 52.44692026 ], [ 13.43814855, 52.44702678 ], [ 13.43800665, 52.44708901 ], [ 13.43822616, 52.44728247 ], [ 13.43799859, 52.4473829 ] ], [ [ 13.43828504, 52.44637153 ], [ 13.43827902, 52.44637421 ], [ 13.43821601, 52.44632162 ], [ 13.43822198, 52.44631875 ], [ 13.4381865, 52.4462892 ], [ 13.43898979, 52.44592918 ], [ 13.43898866, 52.44592824 ], [ 13.43907178, 52.4458909 ], [ 13.43907295, 52.44589183 ], [ 13.43911411, 52.44587338 ], [ 13.43911617, 52.44587509 ], [ 13.43912812, 52.44586966 ], [ 13.43918978, 52.44592075 ], [ 13.43917776, 52.44592628 ], [ 13.43922066, 52.44596194 ], [ 13.43923288, 52.4459565 ], [ 13.4392523, 52.44597258 ], [ 13.43926735, 52.44596592 ], [ 13.43927414, 52.44597148 ], [ 13.43924684, 52.44598369 ], [ 13.43924925, 52.4459857 ], [ 13.43832107, 52.4464015 ], [ 13.43828504, 52.44637153 ] ], [ [ 13.43794794, 52.44582799 ], [ 13.43794762, 52.44582773 ], [ 13.43785089, 52.4457454 ], [ 13.43785896, 52.44574188 ], [ 13.43783968, 52.44572522 ], [ 13.43783039, 52.44572923 ], [ 13.4377785, 52.44568468 ], [ 13.43787796, 52.44564194 ], [ 13.4379298, 52.44568629 ], [ 13.43792742, 52.44568732 ], [ 13.43794637, 52.44570371 ], [ 13.43798483, 52.44568699 ], [ 13.43818439, 52.44585622 ], [ 13.438142, 52.44587472 ], [ 13.4381437, 52.44587617 ], [ 13.43809447, 52.44589768 ], [ 13.43809274, 52.4458962 ], [ 13.43805048, 52.44591463 ], [ 13.43804636, 52.44591113 ], [ 13.43766063, 52.44608168 ], [ 13.43767191, 52.44609121 ], [ 13.43764641, 52.44610248 ], [ 13.43763513, 52.44609295 ], [ 13.43761229, 52.44610305 ], [ 13.43761636, 52.44610635 ], [ 13.43753955, 52.44614168 ], [ 13.43751165, 52.44611902 ], [ 13.43748496, 52.44613129 ], [ 13.43743726, 52.44608993 ], [ 13.43744207, 52.44608786 ], [ 13.43738151, 52.44603741 ], [ 13.43745038, 52.44600756 ], [ 13.43745897, 52.44601519 ], [ 13.43748856, 52.44600186 ], [ 13.43749078, 52.44600374 ], [ 13.4375102, 52.44602017 ], [ 13.43776265, 52.44590951 ], [ 13.43794794, 52.44582799 ] ], [ [ 13.43944172, 52.44575094 ], [ 13.43963861, 52.44566266 ], [ 13.43973506, 52.44574298 ], [ 13.43953806, 52.44583124 ], [ 13.43952676, 52.4458218 ], [ 13.43944172, 52.44575094 ] ], [ [ 13.43928766, 52.44580525 ], [ 13.43938232, 52.44576277 ], [ 13.43950181, 52.44586233 ], [ 13.43940737, 52.44590473 ], [ 13.43939582, 52.4458952 ], [ 13.43928766, 52.44580525 ] ], [ [ 13.44018696, 52.44540927 ], [ 13.44022074, 52.44543751 ], [ 13.43995905, 52.44555482 ], [ 13.43992524, 52.44552663 ], [ 13.44018696, 52.44540927 ] ], [ [ 13.4397081, 52.44562391 ], [ 13.43974115, 52.44560916 ], [ 13.43974698, 52.44561401 ], [ 13.4397995, 52.44559046 ], [ 13.43979367, 52.4455856 ], [ 13.43982636, 52.44557094 ], [ 13.43987, 52.44560712 ], [ 13.43975141, 52.44566024 ], [ 13.4397081, 52.44562391 ] ], [ [ 13.43909923, 52.4450344 ], [ 13.43924714, 52.44504754 ], [ 13.43923987, 52.44507712 ], [ 13.43909219, 52.44506396 ], [ 13.43909923, 52.4450344 ] ], [ [ 13.43901626, 52.44507462 ], [ 13.43906469, 52.44507888 ], [ 13.43904318, 52.44516902 ], [ 13.43899496, 52.44516495 ], [ 13.43901626, 52.44507462 ] ], [ [ 13.43752686, 52.4465836 ], [ 13.43747303, 52.44653685 ], [ 13.43752802, 52.44651321 ], [ 13.43758185, 52.44655995 ], [ 13.43753777, 52.44657891 ], [ 13.43752686, 52.4465836 ] ], [ [ 13.44025861, 52.44527176 ], [ 13.4403156, 52.44529964 ], [ 13.44027778, 52.44531726 ], [ 13.44022074, 52.44528931 ], [ 13.44025861, 52.44527176 ] ], [ [ 13.43998044, 52.44521933 ], [ 13.44000462, 52.44523903 ], [ 13.43997489, 52.44525217 ], [ 13.43995123, 52.44523287 ], [ 13.43996974, 52.44522429 ], [ 13.43998044, 52.44521933 ] ], [ [ 13.43734777, 52.44638522 ], [ 13.43733083, 52.44637082 ], [ 13.43736775, 52.44635449 ], [ 13.43738484, 52.44636888 ], [ 13.43734777, 52.44638522 ] ], [ [ 13.43741609, 52.44649009 ], [ 13.43738722, 52.44650324 ], [ 13.43736674, 52.44648547 ], [ 13.4373956, 52.44647232 ], [ 13.43741609, 52.44649009 ] ], [ [ 13.43996456, 52.44515509 ], [ 13.43999237, 52.44513894 ], [ 13.44000979, 52.44515001 ], [ 13.43998208, 52.44516619 ], [ 13.43996456, 52.44515509 ] ], [ [ 13.43695171, 52.44597106 ], [ 13.43694362, 52.44596341 ], [ 13.43698459, 52.44594516 ], [ 13.43699395, 52.44595316 ], [ 13.43695171, 52.44597106 ] ] ] } },
{ "type": "Feature", "properties": { "id": "versorggruen_oeff_2020.1743", "importid": 1743, "typ": "Öffentliche Grünanlage" }, "geometry": { "type": "Polygon", "coordinates": [ [ [ 13.41547336, 52.48780009 ], [ 13.41540788, 52.4876148 ], [ 13.41536785, 52.48750152 ], [ 13.41590727, 52.48743194 ], [ 13.41840785, 52.48710385 ], [ 13.418441941545634, 52.487482183250037 ], [ 13.41851371396322, 52.487472718794251 ], [ 13.419906558680763, 52.487290614504715 ], [ 13.420360582958299, 52.487231250007973 ], [ 13.420842987388836, 52.487168189671813 ], [ 13.421081011697902, 52.487107763937615 ], [ 13.421081694988226, 52.487107594399156 ], [ 13.42101901, 52.4862466 ], [ 13.42099501, 52.48591694 ], [ 13.42091544, 52.48558357 ], [ 13.42077519, 52.48535919 ], [ 13.42082177, 52.48509327 ], [ 13.42082849, 52.4848165 ], [ 13.4225688, 52.48483408 ], [ 13.42257757, 52.48525718 ], [ 13.42301963, 52.48525615 ], [ 13.42299455, 52.48413882 ], [ 13.4223411, 52.48412992 ], [ 13.42234416, 52.48401904 ], [ 13.42149055, 52.48400699 ], [ 13.42151453, 52.48331491 ], [ 13.42067364, 52.48329389 ], [ 13.42038842, 52.4832869 ], [ 13.42038633, 52.48327461 ], [ 13.42038477, 52.48327464 ], [ 13.42033309, 52.48292785 ], [ 13.42033222, 52.4828604 ], [ 13.4204018, 52.48222747 ], [ 13.42040882, 52.48222741 ], [ 13.4204102, 52.48221574 ], [ 13.42053932, 52.48209595 ], [ 13.42054169, 52.48209036 ], [ 13.42060135, 52.48201931 ], [ 13.42071055, 52.48195911 ], [ 13.42089586, 52.48198046 ], [ 13.42092171, 52.48090033 ], [ 13.4208389, 52.48095095 ], [ 13.42082631, 52.4815036 ], [ 13.42080679, 52.48150186 ], [ 13.42080662, 52.48150635 ], [ 13.42025912, 52.48145812 ], [ 13.42026694, 52.48139056 ], [ 13.42027386, 52.48129464 ], [ 13.42027417, 52.48113311 ], [ 13.42026508, 52.48106111 ], [ 13.42022869, 52.48093675 ], [ 13.42019968, 52.48087478 ], [ 13.42015929, 52.48080822 ], [ 13.42010303, 52.4807352 ], [ 13.42014111, 52.4807031 ], [ 13.42022205, 52.48062783 ], [ 13.42030728, 52.48050286 ], [ 13.42033142, 52.48038187 ], [ 13.42033713, 52.48037508 ], [ 13.42033808, 52.48037089 ], [ 13.42034042, 52.48037116 ], [ 13.42034356, 52.48036742 ], [ 13.42009462, 52.48032477 ], [ 13.41966429, 52.48025368 ], [ 13.41946947, 52.48022441 ], [ 13.41932326, 52.48020592 ], [ 13.41918495, 52.48019642 ], [ 13.41904118, 52.48019455 ], [ 13.41889205, 52.48019698 ], [ 13.41874322, 52.48020275 ], [ 13.41847236, 52.48022023 ], [ 13.41830962, 52.48023478 ], [ 13.41816558, 52.48025348 ], [ 13.41802519, 52.4802758 ], [ 13.41772248, 52.48032936 ], [ 13.41597488, 52.48070621 ], [ 13.40997441, 52.48200015 ], [ 13.41026473, 52.48348486 ], [ 13.41046628, 52.48345638 ], [ 13.4105747, 52.48368454 ], [ 13.41059238, 52.48373174 ], [ 13.41066582, 52.48402789 ], [ 13.41066718, 52.48404976 ], [ 13.41065837, 52.48416907 ], [ 13.41064407, 52.48426767 ], [ 13.4105951, 52.48426989 ], [ 13.41041603, 52.48425834 ], [ 13.4105979, 52.48518836 ], [ 13.40779507, 52.4847294 ], [ 13.40669984, 52.48479584 ], [ 13.40671737, 52.48491234 ], [ 13.40777886, 52.48484745 ], [ 13.41073223, 52.48533106 ], [ 13.41205226, 52.48554723 ], [ 13.41334079, 52.48645515 ], [ 13.41312514, 52.48757415 ], [ 13.41228713, 52.48768585 ], [ 13.40954132, 52.48804373 ], [ 13.40930164, 52.4881399 ], [ 13.40798337, 52.48831234 ], [ 13.40790614, 52.48847862 ], [ 13.41179818, 52.48796949 ], [ 13.41176129, 52.48786391 ], [ 13.41359802, 52.48762478 ], [ 13.41368997, 52.48761281 ], [ 13.413592008586738, 52.488115835907621 ], [ 13.413713367582346, 52.488100068528681 ], [ 13.414107693421345, 52.488048696724348 ], [ 13.415497226285979, 52.487867631189552 ], [ 13.41547336, 52.48780009 ] ], [ [ 13.41631867, 52.48423518 ], [ 13.41622997, 52.48421716 ], [ 13.41615059, 52.48418703 ], [ 13.41604391, 52.48409592 ], [ 13.41601928, 52.48407048 ], [ 13.41599292, 52.48404799 ], [ 13.41595224, 52.48399128 ], [ 13.41590115, 52.48391356 ], [ 13.41583372, 52.48379362 ], [ 13.41581843, 52.48375655 ], [ 13.41581639, 52.48370811 ], [ 13.41583361, 52.48365348 ], [ 13.41610134, 52.48342862 ], [ 13.41623951, 52.48337589 ], [ 13.41642616, 52.48334719 ], [ 13.41673284, 52.48331698 ], [ 13.41673901, 52.48333841 ], [ 13.4167155, 52.48334064 ], [ 13.41669418, 52.48336359 ], [ 13.4167495, 52.4833734 ], [ 13.41676572, 52.48342439 ], [ 13.41675957, 52.48342487 ], [ 13.41676247, 52.48343869 ], [ 13.41676919, 52.48343816 ], [ 13.41677274, 52.48344955 ], [ 13.41678581, 52.48347124 ], [ 13.41684269, 52.48354607 ], [ 13.41689705, 52.48364201 ], [ 13.41695549, 52.48391109 ], [ 13.41699565, 52.48408121 ], [ 13.41699551, 52.48408985 ], [ 13.41697067, 52.48413898 ], [ 13.4169058, 52.48417716 ], [ 13.41659896, 52.48422626 ], [ 13.41648704, 52.48423665 ], [ 13.41639842, 52.4842402 ], [ 13.41631867, 52.48423518 ] ], [ [ 13.41631752, 52.48661375 ], [ 13.41629522, 52.48661199 ], [ 13.41598026, 52.48665056 ], [ 13.4159464, 52.48665739 ], [ 13.41502218, 52.48676338 ], [ 13.41479851, 52.48677292 ], [ 13.41480997, 52.48670302 ], [ 13.41481263, 52.48664932 ], [ 13.41482262, 52.48655834 ], [ 13.41484266, 52.48645242 ], [ 13.41619798, 52.4862947 ], [ 13.416288, 52.48653505 ], [ 13.41631752, 52.48661375 ] ], [ [ 13.41214618, 52.48248822 ], [ 13.4121443, 52.48250471 ], [ 13.41210668, 52.48256988 ], [ 13.41208406, 52.48260023 ], [ 13.41206826, 52.48261469 ], [ 13.41204433, 52.48262018 ], [ 13.41202633, 52.48261861 ], [ 13.41199458, 52.48260372 ], [ 13.41196679, 52.48257883 ], [ 13.41195811, 52.48256522 ], [ 13.41194667, 52.48255558 ], [ 13.41191893, 52.48255063 ], [ 13.41190344, 52.4825549 ], [ 13.41187535, 52.48257089 ], [ 13.41185888, 52.48257694 ], [ 13.41185119, 52.48258431 ], [ 13.41185081, 52.48263802 ], [ 13.41184716, 52.48265368 ], [ 13.41183432, 52.48267766 ], [ 13.4117861, 52.48268375 ], [ 13.41171577, 52.48268554 ], [ 13.41163143, 52.48266786 ], [ 13.41160128, 52.48265669 ], [ 13.41156449, 52.48263628 ], [ 13.41152855, 52.48260955 ], [ 13.41150677, 52.48258658 ], [ 13.41150689, 52.482557 ], [ 13.4115201, 52.48251847 ], [ 13.41153149, 52.48249397 ], [ 13.41159582, 52.48228779 ], [ 13.41160841, 52.4822656 ], [ 13.4116169, 52.4822405 ], [ 13.41163522, 52.48221449 ], [ 13.41168018, 52.48217162 ], [ 13.41170743, 52.48215323 ], [ 13.4118122, 52.4820944 ], [ 13.41183988, 52.4820825 ], [ 13.41186334, 52.4820745 ], [ 13.41188472, 52.48207096 ], [ 13.41193118, 52.48206892 ], [ 13.41203678, 52.48207174 ], [ 13.41207659, 52.48207009 ], [ 13.41209962, 52.48206526 ], [ 13.41211057, 52.48205674 ], [ 13.41212051, 52.48198515 ], [ 13.41213744, 52.48196408 ], [ 13.41215193, 52.48195611 ], [ 13.41217437, 52.48194846 ], [ 13.41219786, 52.48194287 ], [ 13.41226105, 52.48193992 ], [ 13.41243729, 52.4819484 ], [ 13.41246331, 52.48195357 ], [ 13.41252484, 52.48198018 ], [ 13.41258669, 52.4819986 ], [ 13.41260674, 52.48199954 ], [ 13.41262045, 52.48199727 ], [ 13.41264086, 52.48198974 ], [ 13.41275177, 52.48197683 ], [ 13.4128086, 52.48196493 ], [ 13.41283557, 52.48196439 ], [ 13.41286011, 52.48198247 ], [ 13.41284695, 52.48198594 ], [ 13.41284399, 52.48199719 ], [ 13.412851, 52.48201211 ], [ 13.41285116, 52.48203946 ], [ 13.41284302, 52.48206186 ], [ 13.4128296, 52.48208446 ], [ 13.41280595, 52.48209975 ], [ 13.41277292, 52.48210784 ], [ 13.41272804, 52.48211398 ], [ 13.41269995, 52.4821153 ], [ 13.41256584, 52.4821344 ], [ 13.41252432, 52.48214489 ], [ 13.41248062, 52.48215382 ], [ 13.4124305, 52.48217591 ], [ 13.4124016, 52.48219139 ], [ 13.41235503, 52.4822106 ], [ 13.41233657, 52.48222613 ], [ 13.41231946, 52.48224855 ], [ 13.41229979, 52.48226767 ], [ 13.41227293, 52.48227887 ], [ 13.41224057, 52.48229784 ], [ 13.41221557, 52.48232353 ], [ 13.41214922, 52.48238255 ], [ 13.41213553, 52.4824074 ], [ 13.41213146, 52.48243364 ], [ 13.41213595, 52.4824507 ], [ 13.41214473, 52.48247133 ], [ 13.41214618, 52.48248822 ] ] ] } },
{ "type": "Feature", "properties": { "id": "versorggruen_oeff_2020.1744", "importid": 1744, "typ": "Öffentliche Grünanlage" }, "geometry": { "type": "Polygon", "coordinates": [ [ [ 13.45965693, 52.42667565 ], [ 13.45964909, 52.42665063 ], [ 13.45964711, 52.4266252 ], [ 13.45965097, 52.42660008 ], [ 13.45966043, 52.42657576 ], [ 13.45967531, 52.42655249 ], [ 13.45969533, 52.42653069 ], [ 13.45972009, 52.42651081 ], [ 13.46022123, 52.42620691 ], [ 13.46051848, 52.42620733 ], [ 13.46051954, 52.42615873 ], [ 13.46058158, 52.42615899 ], [ 13.4605825, 52.42591205 ], [ 13.45944513, 52.42590163 ], [ 13.4584591, 52.42589098 ], [ 13.45812798, 52.42588527 ], [ 13.45725035, 52.42587514 ], [ 13.45724745, 52.42662983 ], [ 13.45713916, 52.42668459 ], [ 13.45656556, 52.42698473 ], [ 13.45639634, 52.42707681 ], [ 13.45568674, 52.42748204 ], [ 13.45498648, 52.42791437 ], [ 13.45458844, 52.42817607 ], [ 13.4538691, 52.42868173 ], [ 13.45388787, 52.42868527 ], [ 13.45445719, 52.42867423 ], [ 13.45490905, 52.42836136 ], [ 13.45559891, 52.42791526 ], [ 13.45577488, 52.42780703 ], [ 13.45639716, 52.42818924 ], [ 13.45685674, 52.42791707 ], [ 13.45719388, 52.42772632 ], [ 13.45781697, 52.42739263 ], [ 13.4583281, 52.42713554 ], [ 13.45909447, 52.42677625 ], [ 13.45912795, 52.42676617 ], [ 13.45918089, 52.42675523 ], [ 13.45923631, 52.42675085 ], [ 13.45929105, 52.42675245 ], [ 13.45933184, 52.426758 ], [ 13.45937094, 52.42676702 ], [ 13.45940755, 52.42677934 ], [ 13.45944094, 52.42679471 ], [ 13.46096937, 52.42773292 ], [ 13.46106339, 52.42767572 ], [ 13.46109634, 52.42759372 ], [ 13.4608717, 52.42745581 ], [ 13.46085208, 52.42744091 ], [ 13.46080672, 52.42740044 ], [ 13.46077465, 52.42736213 ], [ 13.46075051, 52.4273208 ], [ 13.46073804, 52.42728853 ], [ 13.46073, 52.4272508 ], [ 13.46072845, 52.42698625 ], [ 13.46002103, 52.42698408 ], [ 13.45999036, 52.42696524 ], [ 13.45999055, 52.42691448 ], [ 13.45971595, 52.42674515 ], [ 13.45968944, 52.42672241 ], [ 13.45967047, 52.42669973 ], [ 13.45965693, 52.42667565 ] ] ] } },
{ "type": "Feature", "properties": { "id": "versorggruen_oeff_2020.1745", "importid": 1745, "typ": "Öffentliche Grünanlage" }, "geometry": { "type": "Polygon", "coordinates": [ [ [ 13.41052489, 52.43368007 ], [ 13.41064057, 52.43359285 ], [ 13.41219509, 52.43436305 ], [ 13.41236091, 52.43437 ], [ 13.41298856, 52.434681 ], [ 13.4127663, 52.43484855 ], [ 13.41304045, 52.43498439 ], [ 13.41288445, 52.43544206 ], [ 13.41322639, 52.43548483 ], [ 13.41320632, 52.43553305 ], [ 13.41340763, 52.4355575 ], [ 13.4131932, 52.43617664 ], [ 13.41221714, 52.43902329 ], [ 13.41390903, 52.4393753 ], [ 13.41453132, 52.43763606 ], [ 13.41467638, 52.4376524 ], [ 13.41499307, 52.43677246 ], [ 13.41687959, 52.43702538 ], [ 13.41681523, 52.43720447 ], [ 13.41747973, 52.43729335 ], [ 13.41753085, 52.43715118 ], [ 13.41781937, 52.43729356 ], [ 13.41801019, 52.4371536 ], [ 13.41799769, 52.43714808 ], [ 13.41795508, 52.43712095 ], [ 13.41792584, 52.43708785 ], [ 13.41791209, 52.4370512 ], [ 13.41791482, 52.43701362 ], [ 13.41793384, 52.43697786 ], [ 13.41796777, 52.43694648 ], [ 13.41801415, 52.43692176 ], [ 13.41806963, 52.43690549 ], [ 13.4181302, 52.43689885 ], [ 13.41819148, 52.43690231 ], [ 13.41823515, 52.43691151 ], [ 13.41860315, 52.43658487 ], [ 13.41863826, 52.43656406 ], [ 13.41868296, 52.43655191 ], [ 13.41873174, 52.43654965 ], [ 13.41876055, 52.43655336 ], [ 13.41880394, 52.43656716 ], [ 13.4188369, 52.43658925 ], [ 13.41900035, 52.43644653 ], [ 13.41952817, 52.43670239 ], [ 13.41942614, 52.43676438 ], [ 13.42010622, 52.43709511 ], [ 13.4202083, 52.43702067 ], [ 13.42052307, 52.43715179 ], [ 13.42059457, 52.43708974 ], [ 13.4206757, 52.43714584 ], [ 13.42075741, 52.43707759 ], [ 13.42100111, 52.4371775 ], [ 13.42087865, 52.43725811 ], [ 13.42209668, 52.43786334 ], [ 13.42211355, 52.43786603 ], [ 13.42216147, 52.43787869 ], [ 13.42220435, 52.43789691 ], [ 13.42223989, 52.43792029 ], [ 13.42226716, 52.4379475 ], [ 13.42228432, 52.43797764 ], [ 13.42229137, 52.43800926 ], [ 13.42228725, 52.43804108 ], [ 13.4222729, 52.43807176 ], [ 13.42224819, 52.43809987 ], [ 13.42248941, 52.43819035 ], [ 13.42167357, 52.43895931 ], [ 13.42197603, 52.43909565 ], [ 13.42194865, 52.43916915 ], [ 13.42195588, 52.43919331 ], [ 13.42195854, 52.43921698 ], [ 13.42195708, 52.43923389 ], [ 13.42172635, 52.43985857 ], [ 13.42169529, 52.43996415 ], [ 13.42166545, 52.440132 ], [ 13.42190406, 52.44022905 ], [ 13.42202898, 52.44024632 ], [ 13.42210348, 52.4402489 ], [ 13.42206852, 52.44034299 ], [ 13.42208383, 52.44040053 ], [ 13.42208029, 52.44041786 ], [ 13.42201053, 52.4405382 ], [ 13.42188433, 52.44085743 ], [ 13.42185344, 52.4409508 ], [ 13.42200446, 52.4409703 ], [ 13.42198244, 52.4410549 ], [ 13.42249824, 52.44116217 ], [ 13.42298529, 52.43985104 ], [ 13.42327478, 52.43999434 ], [ 13.42426108, 52.43925248 ], [ 13.42702817, 52.44088183 ], [ 13.42594396, 52.4413159 ], [ 13.42648069, 52.44158083 ], [ 13.42634031, 52.44196136 ], [ 13.42682366, 52.44206184 ], [ 13.42685968, 52.44196763 ], [ 13.42659386, 52.44191955 ], [ 13.42667922, 52.44167903 ], [ 13.42701039, 52.44184288 ], [ 13.42733611, 52.44191092 ], [ 13.42719728, 52.4421394 ], [ 13.43015815, 52.44275569 ], [ 13.43030269, 52.44263715 ], [ 13.43006712, 52.44253428 ], [ 13.42999339, 52.44249839 ], [ 13.42992443, 52.44245912 ], [ 13.42978825, 52.44238854 ], [ 13.42947942, 52.44212606 ], [ 13.42832197, 52.44126194 ], [ 13.4280592, 52.44109426 ], [ 13.42743531, 52.44071883 ], [ 13.42595941, 52.43983185 ], [ 13.42602944, 52.43975425 ], [ 13.42179232, 52.43721058 ], [ 13.42317197, 52.43406118 ], [ 13.42396775, 52.43422666 ], [ 13.42414987, 52.43408406 ], [ 13.42410408, 52.4340383 ], [ 13.42410453, 52.43393991 ], [ 13.42406445, 52.4339047 ], [ 13.42416818, 52.43385217 ], [ 13.4244101, 52.43369944 ], [ 13.42326273, 52.43301332 ], [ 13.42285766, 52.43276182 ], [ 13.42263951, 52.43261749 ], [ 13.42243391, 52.43247638 ], [ 13.42270165, 52.43231113 ], [ 13.42322116, 52.43199593 ], [ 13.42310553, 52.43191003 ], [ 13.42292922, 52.43177537 ], [ 13.42237529, 52.43134319 ], [ 13.42308395, 52.43091318 ], [ 13.42340098, 52.43072754 ], [ 13.42374418, 52.43054003 ], [ 13.42335127, 52.43015548 ], [ 13.42315252, 52.42989153 ], [ 13.42284484, 52.42941435 ], [ 13.42268581, 52.42916711 ], [ 13.42305364, 52.42908649 ], [ 13.42343288, 52.42902764 ], [ 13.4238331, 52.42898589 ], [ 13.42417583, 52.42897586 ], [ 13.42450982, 52.42899189 ], [ 13.42484054, 52.42903337 ], [ 13.42496236, 52.42905514 ], [ 13.42508234, 52.42908272 ], [ 13.42519391, 52.42911581 ], [ 13.42532123, 52.42916431 ], [ 13.42539387, 52.42919851 ], [ 13.42551489, 52.42926846 ], [ 13.42573216, 52.42940641 ], [ 13.42642772, 52.42996392 ], [ 13.42704624, 52.43009055 ], [ 13.42753774, 52.42987554 ], [ 13.42773313, 52.42994277 ], [ 13.42786373, 52.42995056 ], [ 13.42794093, 52.43000528 ], [ 13.42816815, 52.43022629 ], [ 13.43007045, 52.42951405 ], [ 13.43056741, 52.4293429 ], [ 13.43087913, 52.42925979 ], [ 13.43125997, 52.42917994 ], [ 13.43161984, 52.42913288 ], [ 13.4316429, 52.42913012 ], [ 13.43217104, 52.42899584 ], [ 13.43434479, 52.42891635 ], [ 13.43438919, 52.42899251 ], [ 13.43449608, 52.42902533 ], [ 13.43468815, 52.42902209 ], [ 13.43477986, 52.42815739 ], [ 13.43475026, 52.4281496 ], [ 13.43475354, 52.42809082 ], [ 13.43476572, 52.42786017 ], [ 13.43452494, 52.42779768 ], [ 13.43447991, 52.42786171 ], [ 13.43160226, 52.42710524 ], [ 13.43158471, 52.42701822 ], [ 13.43106374, 52.42687897 ], [ 13.43030616, 52.42668594 ], [ 13.43030677, 52.42668746 ], [ 13.43021903, 52.42666455 ], [ 13.43010355, 52.42640285 ], [ 13.43006068, 52.42632325 ], [ 13.42998763, 52.42620574 ], [ 13.42990368, 52.42609099 ], [ 13.42988586, 52.42606327 ], [ 13.42976409, 52.42590467 ], [ 13.4297476, 52.42586425 ], [ 13.42970881, 52.42586712 ], [ 13.42965946, 52.42580129 ], [ 13.42886965, 52.42602407 ], [ 13.42869652, 52.42627355 ], [ 13.42823506, 52.42614247 ], [ 13.42823431, 52.42614356 ], [ 13.41892597, 52.42370242 ], [ 13.41820443, 52.42351334 ], [ 13.41508579, 52.4226961 ], [ 13.41505337, 52.4229287 ], [ 13.4150442, 52.42297811 ], [ 13.42076057, 52.42447665 ], [ 13.42033805, 52.4246959 ], [ 13.41918622, 52.42528647 ], [ 13.41882146, 52.42550578 ], [ 13.41891421, 52.42554894 ], [ 13.41862626, 52.42571629 ], [ 13.41848725, 52.42567888 ], [ 13.41709782, 52.42654095 ], [ 13.41588753, 52.42730257 ], [ 13.41442735, 52.4282128 ], [ 13.41427319, 52.42830477 ], [ 13.41372503, 52.42864991 ], [ 13.41226528, 52.42955523 ], [ 13.41139633, 52.43009734 ], [ 13.411241, 52.43010856 ], [ 13.4101403, 52.43018788 ], [ 13.41085341, 52.43060076 ], [ 13.41139381, 52.43094207 ], [ 13.41166719, 52.43110738 ], [ 13.41231796, 52.43070811 ], [ 13.41159867, 52.4302741 ], [ 13.41172468, 52.43019927 ], [ 13.41266602, 52.42961184 ], [ 13.41322436, 52.42925693 ], [ 13.4137236, 52.42894602 ], [ 13.41375528, 52.42892843 ], [ 13.4145082, 52.42846698 ], [ 13.41472759, 52.4283643 ], [ 13.41519874, 52.42807199 ], [ 13.41539711, 52.4280161 ], [ 13.41564304, 52.42785068 ], [ 13.41629323, 52.42739792 ], [ 13.41659045, 52.42717571 ], [ 13.41665853, 52.42714546 ], [ 13.41653949, 52.42706803 ], [ 13.4168991, 52.42684639 ], [ 13.41702372, 52.42676543 ], [ 13.41713172, 52.42683184 ], [ 13.41756236, 52.42657297 ], [ 13.41806108, 52.42626586 ], [ 13.41822514, 52.42616029 ], [ 13.41932766, 52.42549647 ], [ 13.41999791, 52.42514984 ], [ 13.42054488, 52.42486972 ], [ 13.42069775, 52.42479454 ], [ 13.42113209, 52.42457398 ], [ 13.42233155, 52.42488868 ], [ 13.42219531, 52.4249588 ], [ 13.42225284, 52.42498983 ], [ 13.42265996, 52.42522265 ], [ 13.42280215, 52.4250126 ], [ 13.42480824, 52.42553854 ], [ 13.42475455, 52.42562889 ], [ 13.42474565, 52.42564073 ], [ 13.42473232, 52.42566546 ], [ 13.42472458, 52.42569107 ], [ 13.42472256, 52.42571708 ], [ 13.4247263, 52.42574302 ], [ 13.42473573, 52.42576841 ], [ 13.42475068, 52.4257928 ], [ 13.42477087, 52.42581572 ], [ 13.42479595, 52.42583678 ], [ 13.42484182, 52.42586389 ], [ 13.42485346, 52.42587336 ], [ 13.42487613, 52.42587597 ], [ 13.42510933, 52.42561747 ], [ 13.42718401, 52.42616162 ], [ 13.42698836, 52.42644763 ], [ 13.42689814, 52.42657409 ], [ 13.42660663, 52.4266211 ], [ 13.42600233, 52.42672181 ], [ 13.4261063, 52.42691643 ], [ 13.42630782, 52.42688327 ], [ 13.42665741, 52.42730479 ], [ 13.42676761, 52.42744043 ], [ 13.42732106, 52.42810771 ], [ 13.42683632, 52.42817506 ], [ 13.42615192, 52.42828551 ], [ 13.4259462, 52.4283224 ], [ 13.42574405, 52.4282303 ], [ 13.42486364, 52.42819675 ], [ 13.42480166, 52.42819956 ], [ 13.42388195, 52.42816158 ], [ 13.42389807, 52.42802397 ], [ 13.42360617, 52.42801618 ], [ 13.42358606, 52.42798483 ], [ 13.42326644, 52.42804473 ], [ 13.42300822, 52.4277122 ], [ 13.42323736, 52.42763322 ], [ 13.42348676, 52.42755427 ], [ 13.42380535, 52.4274565 ], [ 13.42404517, 52.42738773 ], [ 13.42447347, 52.42726976 ], [ 13.4247049, 52.42721117 ], [ 13.42503413, 52.42713089 ], [ 13.42532636, 52.42706439 ], [ 13.42552911, 52.42702323 ], [ 13.42543042, 52.4268362 ], [ 13.42519759, 52.42688426 ], [ 13.42492035, 52.42694772 ], [ 13.42464411, 52.42701445 ], [ 13.42436916, 52.42708518 ], [ 13.4241882, 52.42713437 ], [ 13.42382528, 52.42723679 ], [ 13.42355181, 52.42731952 ], [ 13.42328306, 52.42740516 ], [ 13.42295046, 52.42751732 ], [ 13.42287723, 52.42754353 ], [ 13.42201697, 52.42784304 ], [ 13.42189346, 52.4278899 ], [ 13.42140806, 52.42808556 ], [ 13.42093723, 52.4282941 ], [ 13.4204819, 52.42851513 ], [ 13.42004294, 52.4287482 ], [ 13.4196212, 52.42899288 ], [ 13.41921752, 52.42924867 ], [ 13.41883267, 52.4295151 ], [ 13.41846739, 52.42979163 ], [ 13.41722319, 52.4305816 ], [ 13.41480524, 52.43207868 ], [ 13.41470488, 52.43213915 ], [ 13.41397018, 52.43170386 ], [ 13.41370958, 52.43185351 ], [ 13.41371052, 52.43165963 ], [ 13.41317273, 52.43200896 ], [ 13.4132535, 52.43203037 ], [ 13.41329379, 52.43206206 ], [ 13.41330938, 52.43211313 ], [ 13.41326939, 52.43215686 ], [ 13.41319258, 52.43218086 ], [ 13.41312116, 52.43217154 ], [ 13.41306388, 52.43215246 ], [ 13.41297896, 52.43201723 ], [ 13.41201409, 52.43145642 ], [ 13.41199921, 52.43146575 ], [ 13.41073629, 52.43070497 ], [ 13.41075368, 52.43066717 ], [ 13.41066882, 52.43061561 ], [ 13.41066777, 52.43061633 ], [ 13.41039408, 52.43045839 ], [ 13.40910976, 52.43140025 ], [ 13.40824987, 52.43105327 ], [ 13.40729579, 52.43052486 ], [ 13.407023784122554, 52.430371700475021 ], [ 13.407306146664348, 52.430790372133096 ], [ 13.407377814856448, 52.430896363610621 ], [ 13.407675132630084, 52.431334840330656 ], [ 13.407935852670748, 52.431742037618001 ], [ 13.408245486592671, 52.432225616563436 ], [ 13.408287167927465, 52.432290716426017 ], [ 13.408347691931738, 52.432360745350628 ], [ 13.40860566920138, 52.432729673595794 ], [ 13.408605758759229, 52.432729828219635 ], [ 13.41052489, 52.43368007 ] ], [ [ 13.43309504, 52.42771182 ], [ 13.43356278, 52.42783714 ], [ 13.43353231, 52.4278543 ], [ 13.43336158, 52.42803322 ], [ 13.43339974, 52.42804919 ], [ 13.43337848, 52.42806901 ], [ 13.43334371, 52.42805278 ], [ 13.43329074, 52.42809565 ], [ 13.43329683, 52.42809842 ], [ 13.43319321, 52.42817752 ], [ 13.43232517, 52.42818706 ], [ 13.43179818, 52.42819481 ], [ 13.43129168, 52.42820887 ], [ 13.4309698, 52.42822401 ], [ 13.43108112, 52.42798441 ], [ 13.43088896, 52.42794883 ], [ 13.4307582, 52.42823463 ], [ 13.43056623, 52.4282452 ], [ 13.43029189, 52.4282667 ], [ 13.43001546, 52.42829438 ], [ 13.42939232, 52.42674082 ], [ 13.43309504, 52.42771182 ] ], [ [ 13.4276796, 52.44166309 ], [ 13.42732066, 52.44154235 ], [ 13.42711075, 52.44146535 ], [ 13.42708035, 52.44143837 ], [ 13.42706697, 52.44139693 ], [ 13.42706707, 52.44137414 ], [ 13.42709091, 52.44135347 ], [ 13.42719615, 52.44132879 ], [ 13.42726402, 52.44131855 ], [ 13.42748117, 52.44129406 ], [ 13.42758292, 52.44129216 ], [ 13.42773559, 52.44127999 ], [ 13.42784756, 52.44126568 ], [ 13.4279629, 52.44125966 ], [ 13.42805779, 52.44127432 ], [ 13.42817967, 52.44132009 ], [ 13.42830146, 52.44138658 ], [ 13.42834526, 52.44145086 ], [ 13.42849052, 52.44157538 ], [ 13.42851745, 52.441621 ], [ 13.42852397, 52.441679 ], [ 13.42848637, 52.44174522 ], [ 13.42841472, 52.44184245 ], [ 13.42836372, 52.44186929 ], [ 13.42831622, 52.44187543 ], [ 13.42826874, 52.44187535 ], [ 13.42812995, 52.44181919 ], [ 13.4276796, 52.44166309 ] ], [ [ 13.42883353, 52.42855403 ], [ 13.42883816, 52.42859329 ], [ 13.42883005, 52.42866205 ], [ 13.42881057, 52.42872163 ], [ 13.4287566, 52.42884515 ], [ 13.42869564, 52.42892189 ], [ 13.42864168, 52.42897591 ], [ 13.42855555, 52.42904326 ], [ 13.42844732, 52.42915477 ], [ 13.42832661, 52.42922722 ], [ 13.42807219, 52.42901652 ], [ 13.42775003, 52.42876971 ], [ 13.42801177, 52.4287113 ], [ 13.4284548, 52.42862401 ], [ 13.42868519, 52.42857634 ], [ 13.42873532, 52.42856873 ], [ 13.42883353, 52.42855403 ] ], [ [ 13.42300721, 52.4332556 ], [ 13.42291266, 52.43325543 ], [ 13.42295837, 52.43322667 ], [ 13.42300721, 52.4332556 ] ], [ [ 13.4234495, 52.43351765 ], [ 13.4234017, 52.43354771 ], [ 13.42339653, 52.43354464 ], [ 13.42341671, 52.43349822 ], [ 13.4234495, 52.43351765 ] ] ] } },
{ "type": "Feature", "properties": { "id": "versorggruen_oeff_2020.1746", "importid": 1746, "typ": "Öffentliche Grünanlage" }, "geometry": { "type": "Polygon", "coordinates": [ [ [ 13.44532925, 52.43138344 ], [ 13.44638413, 52.43120325 ], [ 13.44884474, 52.43184926 ], [ 13.44881437, 52.43176536 ], [ 13.44870173, 52.43151824 ], [ 13.44494164, 52.43053128 ], [ 13.4443843, 52.4293166 ], [ 13.44431065, 52.42920891 ], [ 13.4442155, 52.4291082 ], [ 13.44412758, 52.42903807 ], [ 13.44378286, 52.42930102 ], [ 13.44371107, 52.42936665 ], [ 13.44364898, 52.42943589 ], [ 13.44359707, 52.42950818 ], [ 13.44355567, 52.42958295 ], [ 13.44352509, 52.42965962 ], [ 13.44350563, 52.42973764 ], [ 13.44349744, 52.4298164 ], [ 13.44352219, 52.43045181 ], [ 13.44476547, 52.43077815 ], [ 13.44495966, 52.4312376 ], [ 13.44388193, 52.43140418 ], [ 13.44376704, 52.43153959 ], [ 13.44528448, 52.43128076 ], [ 13.44530946, 52.43134018 ], [ 13.44532925, 52.43138344 ] ] ] } },
{ "type": "Feature", "properties": { "id": "versorggruen_oeff_2020.1804", "importid": 1804, "typ": "Öffentliche Grünanlage" }, "geometry": { "type": "MultiPolygon", "coordinates": [ [ [ [ 13.52271657, 52.41568369 ], [ 13.52271753, 52.41574803 ], [ 13.52270875, 52.4157942 ], [ 13.52269815, 52.41582912 ], [ 13.52266959, 52.41588587 ], [ 13.52255009, 52.41609632 ], [ 13.52239412, 52.41636275 ], [ 13.52232845, 52.41650935 ], [ 13.52221238, 52.41683455 ], [ 13.52219952, 52.41686549 ], [ 13.52217773, 52.41689273 ], [ 13.52210498, 52.41696726 ], [ 13.52207543, 52.41698291 ], [ 13.52203359, 52.4170006 ], [ 13.52198763, 52.41701222 ], [ 13.52193776, 52.41702271 ], [ 13.52186726, 52.41703228 ], [ 13.52174765, 52.41704505 ], [ 13.52165395, 52.41705248 ], [ 13.52151928, 52.41705703 ], [ 13.52135829, 52.41705806 ], [ 13.5210005, 52.41705006 ], [ 13.52091424, 52.4170448 ], [ 13.52083371, 52.41703671 ], [ 13.52064419, 52.41700683 ], [ 13.51925891, 52.41672251 ], [ 13.51920935, 52.41671414 ], [ 13.51910828, 52.41670157 ], [ 13.51905481, 52.41669973 ], [ 13.519013, 52.41670148 ], [ 13.5189758, 52.41670606 ], [ 13.51903449, 52.41671807 ], [ 13.51898514, 52.41676484 ], [ 13.51764307, 52.41648969 ], [ 13.51532394, 52.41935304 ], [ 13.51537914, 52.41937524 ], [ 13.51596661, 52.41962666 ], [ 13.51698171, 52.42008377 ], [ 13.51730899, 52.42022722 ], [ 13.51802759, 52.41957941 ], [ 13.52009924, 52.42006225 ], [ 13.520181106015391, 52.421027453021345 ], [ 13.520181107932515, 52.421027450734464 ], [ 13.520503618012148, 52.4208362369044 ], [ 13.520648186500624, 52.420190229730757 ], [ 13.520845381461033, 52.419543361297343 ], [ 13.521591085836389, 52.418898156251061 ], [ 13.522123236221539, 52.418431860979908 ], [ 13.522156344776935, 52.418296644406546 ], [ 13.522148390561822, 52.418117622456656 ], [ 13.522133388344411, 52.41787056679027 ], [ 13.522130938618826, 52.417350590879465 ], [ 13.522143003084194, 52.41722550490794 ], [ 13.522147296722641, 52.417208799204211 ], [ 13.522222496013795, 52.416922096517261 ], [ 13.522369431087386, 52.416567436710778 ], [ 13.522498771789227, 52.416254725002567 ], [ 13.522805756607013, 52.415702075177705 ], [ 13.52271657, 52.41568369 ] ], [ [ 13.51896597, 52.4168779 ], [ 13.51917239, 52.41688617 ], [ 13.51947215, 52.41692565 ], [ 13.51983082, 52.41696742 ], [ 13.5198014, 52.41705563 ], [ 13.51946407, 52.41711185 ], [ 13.51912444, 52.41713571 ], [ 13.51885405, 52.41720746 ], [ 13.51869701, 52.4171693 ], [ 13.51896597, 52.4168779 ] ], [ [ 13.51727465, 52.4199258 ], [ 13.51713367, 52.4198675 ], [ 13.51712544, 52.41982311 ], [ 13.51707399, 52.41978458 ], [ 13.51705263, 52.41971209 ], [ 13.51701803, 52.41963136 ], [ 13.51707674, 52.41952583 ], [ 13.51710077, 52.41948842 ], [ 13.51715142, 52.41948075 ], [ 13.51722898, 52.41949325 ], [ 13.51732069, 52.41951172 ], [ 13.51739775, 52.4195326 ], [ 13.51758702, 52.41959313 ], [ 13.51765136, 52.4196412 ], [ 13.51763181, 52.41969066 ], [ 13.51758221, 52.41976034 ], [ 13.51741846, 52.41988068 ], [ 13.51729471, 52.41992148 ], [ 13.51727465, 52.4199258 ] ], [ [ 13.52047434, 52.42032033 ], [ 13.52049259, 52.42053572 ], [ 13.52021369, 52.42054455 ], [ 13.52019544, 52.42032916 ], [ 13.52047434, 52.42032033 ] ], [ [ 13.51959698, 52.41987132 ], [ 13.52045288, 52.42007096 ], [ 13.5204145, 52.42013577 ], [ 13.52032838, 52.42011569 ], [ 13.52033839, 52.42009879 ], [ 13.51959685, 52.41992583 ], [ 13.51959692, 52.41989646 ], [ 13.51959698, 52.41987132 ] ] ], [ [ [ 13.5223404, 52.41454626 ], [ 13.52295892, 52.41545122 ], [ 13.522808820984954, 52.415697098535425 ], [ 13.522920112833612, 52.415516481500454 ], [ 13.52296083247295, 52.415450375323147 ], [ 13.522926551304781, 52.415400379153965 ], [ 13.522792238733297, 52.415204709265403 ], [ 13.522704661394448, 52.415076660775632 ], [ 13.522613411782734, 52.414944115735423 ], [ 13.522610623869445, 52.414939980959339 ], [ 13.522522591955617, 52.414811486079785 ], [ 13.522431496411741, 52.414678762991812 ], [ 13.522340419793581, 52.414546255072572 ], [ 13.5223404, 52.41454626 ] ] ], [ [ [ 13.52233687365405, 52.414405066147587 ], [ 13.522514296299576, 52.41434659719885 ], [ 13.52256609591209, 52.41432936735702 ], [ 13.52233687365405, 52.414405066147587 ] ] ], [ [ [ 13.523506572603839, 52.41380984459871 ], [ 13.523526839371554, 52.413801989235154 ], [ 13.523637176584915, 52.413758832332441 ], [ 13.523506572603839, 52.41380984459871 ] ] ], [ [ [ 13.523784618607836, 52.413701243339588 ], [ 13.523804122328517, 52.413693674884868 ], [ 13.524034176590646, 52.413603831334328 ], [ 13.524052255386838, 52.413596707792344 ], [ 13.523784618607836, 52.413701243339588 ] ] ], [ [ [ 13.52359753, 52.41317348 ], [ 13.524063280597895, 52.413592363556539 ], [ 13.524063305474222, 52.413592353754581 ], [ 13.523787214803797, 52.413344043170341 ], [ 13.523597532201949, 52.413173433148593 ], [ 13.52348340373614, 52.413013741324633 ], [ 13.52359753, 52.41317348 ] ] ], [ [ [ 13.52091042, 52.41226596 ], [ 13.52079821, 52.41236418 ], [ 13.52070205, 52.41232275 ], [ 13.52050662, 52.41249315 ], [ 13.52102815, 52.41361434 ], [ 13.52168359, 52.4141801 ], [ 13.52189373, 52.41412825 ], [ 13.52122993, 52.4135553 ], [ 13.52075196, 52.41252779 ], [ 13.52084885, 52.4124505 ], [ 13.52283216, 52.41210546 ], [ 13.52292618, 52.41230774 ], [ 13.52290281, 52.41237252 ], [ 13.52275432, 52.41239836 ], [ 13.52323861, 52.41343908 ], [ 13.52318881, 52.41380848 ], [ 13.52329026, 52.41378342 ], [ 13.52326798103641, 52.412712269829584 ], [ 13.52325490206386, 52.412693965543987 ], [ 13.523226628945915, 52.412654312306032 ], [ 13.523254175797714, 52.412625039781815 ], [ 13.523265908029733, 52.412612595358041 ], [ 13.52325936, 52.41229806 ], [ 13.523445974474395, 52.412421593102827 ], [ 13.523445999085691, 52.412421566950208 ], [ 13.52344297843235, 52.412419560172545 ], [ 13.523255107274155, 52.412295231325764 ], [ 13.523254519705484, 52.412294774431373 ], [ 13.52301358320554, 52.41213531943913 ], [ 13.523183077296359, 52.411966566943022 ], [ 13.52091042, 52.41226596 ] ] ], [ [ [ 13.523480365958829, 52.41166988383732 ], [ 13.52348038497993, 52.411669864900972 ], [ 13.523433331786459, 52.411615743183887 ], [ 13.523480365958829, 52.41166988383732 ] ] ], [ [ [ 13.518666136064276, 52.422242733345087 ], [ 13.518682106519641, 52.422229675762011 ], [ 13.518734832332571, 52.422186594784947 ], [ 13.518792862499192, 52.422138736443301 ], [ 13.518666136064276, 52.422242733345087 ] ] ], [ [ [ 13.519510707878482, 52.421418596736821 ], [ 13.519756045744975, 52.421375487847946 ], [ 13.519896203816193, 52.421350241181123 ], [ 13.519510707878482, 52.421418596736821 ] ] ] ] } },
{ "type": "Feature", "properties": { "id": "versorggruen_oeff_2020.1850", "importid": 1850, "typ": "Öffentliche Grünanlage" }, "geometry": { "type": "Polygon", "coordinates": [ [ [ 13.4427427, 52.47410714 ], [ 13.44274027, 52.47407386 ], [ 13.44271189, 52.47407062 ], [ 13.44241754, 52.47473598 ], [ 13.44177811, 52.47465368 ], [ 13.44155091, 52.47524294 ], [ 13.4421247, 52.475322 ], [ 13.44220266, 52.47511224 ], [ 13.44343158, 52.47527561 ], [ 13.44377239, 52.47532232 ], [ 13.44393388, 52.47534666 ], [ 13.44417984, 52.47519659 ], [ 13.4440803, 52.47517649 ], [ 13.44351771, 52.47509546 ], [ 13.44360805, 52.47488583 ], [ 13.44380136, 52.47490557 ], [ 13.44402807, 52.47492083 ], [ 13.44413343, 52.47475694 ], [ 13.44390232, 52.47470494 ], [ 13.44388209, 52.47474511 ], [ 13.44363769, 52.47470609 ], [ 13.44363853, 52.47470409 ], [ 13.4437542, 52.4744349 ], [ 13.44384782, 52.47416703 ], [ 13.44356291, 52.47415157 ], [ 13.44356045, 52.47414984 ], [ 13.44331916, 52.47414056 ], [ 13.44298046, 52.47410165 ], [ 13.44274581, 52.47407292 ], [ 13.4427427, 52.47410714 ] ], [ [ 13.44297927, 52.47410608 ], [ 13.44296168, 52.47413059 ], [ 13.44295966, 52.47413174 ], [ 13.44298046, 52.47410165 ], [ 13.44297927, 52.47410608 ] ], [ [ 13.44280659, 52.47415056 ], [ 13.44276754, 52.47413378 ], [ 13.44281347, 52.4741521 ], [ 13.44280659, 52.47415056 ] ], [ [ 13.4429296, 52.47414881 ], [ 13.44292841, 52.47414905 ], [ 13.44294355, 52.47414089 ], [ 13.4429296, 52.47414881 ] ] ] } },
{ "type": "Feature", "properties": { "id": "versorggruen_oeff_2020.1866", "importid": 1866, "typ": "Öffentliche Grünanlage" }, "geometry": { "type": "Polygon", "coordinates": [ [ [ 13.48957398, 52.41467399 ], [ 13.48974806, 52.41485269 ], [ 13.49005599, 52.41526512 ], [ 13.49035557, 52.41519506 ], [ 13.49046481, 52.4152297 ], [ 13.49117241, 52.41512977 ], [ 13.49092615, 52.41484541 ], [ 13.49079298, 52.41465059 ], [ 13.49068595, 52.41456726 ], [ 13.49037071, 52.41433614 ], [ 13.49028986, 52.41428303 ], [ 13.48993964, 52.41410101 ], [ 13.48965532, 52.4139903 ], [ 13.4896217, 52.41403189 ], [ 13.4894652, 52.4142101 ], [ 13.48933874, 52.41433692 ], [ 13.4892691, 52.41427231 ], [ 13.48946095, 52.41406243 ], [ 13.48955197, 52.41395371 ], [ 13.48936016, 52.41386711 ], [ 13.48914123, 52.41376181 ], [ 13.48902324, 52.41370102 ], [ 13.48890426, 52.41363384 ], [ 13.48881157, 52.41356912 ], [ 13.48874365, 52.41343621 ], [ 13.48856428, 52.41341642 ], [ 13.48840461, 52.41339538 ], [ 13.48826667, 52.41342109 ], [ 13.48822367, 52.41349717 ], [ 13.4885431, 52.41356503 ], [ 13.48864178, 52.41359057 ], [ 13.48872013, 52.41361893 ], [ 13.48878033, 52.41364583 ], [ 13.48875249, 52.41366673 ], [ 13.48886295, 52.41373048 ], [ 13.48881367, 52.41384563 ], [ 13.48860711, 52.41410412 ], [ 13.4890345, 52.41423843 ], [ 13.48894388, 52.41431839 ], [ 13.48886755, 52.41438266 ], [ 13.48877767, 52.41445228 ], [ 13.48868444, 52.41451947 ], [ 13.48859858, 52.41457824 ], [ 13.48850269, 52.41463951 ], [ 13.4884033, 52.41469969 ], [ 13.48825946, 52.41478031 ], [ 13.48809314, 52.41486342 ], [ 13.48798437, 52.41491345 ], [ 13.48787076, 52.41496084 ], [ 13.48763311, 52.41505242 ], [ 13.48702249, 52.41527169 ], [ 13.48660507, 52.41542397 ], [ 13.48366974, 52.41648347 ], [ 13.48381408, 52.41660165 ], [ 13.48467915, 52.41629203 ], [ 13.4859096, 52.41583554 ], [ 13.48688629, 52.41549224 ], [ 13.48785946, 52.41513957 ], [ 13.48823104, 52.41498579 ], [ 13.48856682, 52.41481238 ], [ 13.48884356, 52.41463424 ], [ 13.48904917, 52.41448216 ], [ 13.48919924, 52.41433442 ], [ 13.48941459, 52.41452821 ], [ 13.48926771, 52.41440591 ], [ 13.48912327, 52.41452556 ], [ 13.48889975, 52.41470207 ], [ 13.48865004, 52.41484735 ], [ 13.48829278, 52.41503466 ], [ 13.48790926, 52.41519993 ], [ 13.48690265, 52.41556783 ], [ 13.48583926, 52.41596038 ], [ 13.48469642, 52.41636071 ], [ 13.48387929, 52.41665484 ], [ 13.48402399, 52.41677283 ], [ 13.48806734, 52.4153121 ], [ 13.48832662, 52.41520601 ], [ 13.48845322, 52.41514799 ], [ 13.48857569, 52.41508758 ], [ 13.48869639, 52.41502427 ], [ 13.48880974, 52.41495987 ], [ 13.48891991, 52.41489323 ], [ 13.48902915, 52.41482407 ], [ 13.48913372, 52.4147524 ], [ 13.48923449, 52.41467919 ], [ 13.4893413, 52.41460546 ], [ 13.48942743, 52.41453968 ], [ 13.48957398, 52.41467399 ] ] ] } },
{ "type": "Feature", "properties": { "id": "versorggruen_oeff_2020.1867", "importid": 1867, "typ": "Öffentliche Grünanlage" }, "geometry": { "type": "Polygon", "coordinates": [ [ [ 13.48889235, 52.4134522 ], [ 13.48891203, 52.41349806 ], [ 13.48894586, 52.41353656 ], [ 13.48902214, 52.41358572 ], [ 13.48920348, 52.41368361 ], [ 13.48941844, 52.41379332 ], [ 13.4896079, 52.41387971 ], [ 13.48978967, 52.41365671 ], [ 13.48988123, 52.41370093 ], [ 13.48970552, 52.41391776 ], [ 13.49000698, 52.41404743 ], [ 13.49040784, 52.41425683 ], [ 13.49087336, 52.41461592 ], [ 13.49102703, 52.41482711 ], [ 13.49128115, 52.41511481 ], [ 13.49162754, 52.41554708 ], [ 13.49166815, 52.41563035 ], [ 13.4916954, 52.41570353 ], [ 13.49180385, 52.41585427 ], [ 13.49190168, 52.41598037 ], [ 13.49229158, 52.4165051 ], [ 13.49246553, 52.4167208 ], [ 13.49256186, 52.41689642 ], [ 13.49259335, 52.41703045 ], [ 13.49261074, 52.41706461 ], [ 13.49267337, 52.417155 ], [ 13.49269674, 52.41719979 ], [ 13.4926975, 52.41724571 ], [ 13.49264784, 52.41733399 ], [ 13.49259205, 52.41741157 ], [ 13.49250077, 52.41750709 ], [ 13.49246081, 52.41753399 ], [ 13.49232282, 52.41763788 ], [ 13.49228247, 52.41768681 ], [ 13.49207877, 52.41785511 ], [ 13.49199401, 52.41798578 ], [ 13.49189427, 52.41806403 ], [ 13.49185475, 52.41810541 ], [ 13.49182739, 52.41816056 ], [ 13.49179815, 52.418253 ], [ 13.49176753, 52.41831821 ], [ 13.49167233, 52.41844706 ], [ 13.49333144, 52.41719096 ], [ 13.49382586, 52.41684446 ], [ 13.49339075, 52.41661859 ], [ 13.49325292, 52.41655921 ], [ 13.49318147, 52.4165204 ], [ 13.49297752, 52.41640361 ], [ 13.49256522, 52.41617786 ], [ 13.49210626, 52.4156446 ], [ 13.49181628, 52.41525282 ], [ 13.49211521, 52.41499783 ], [ 13.49255332, 52.41491916 ], [ 13.49254774, 52.4149036 ], [ 13.49216683, 52.41495288 ], [ 13.49216504, 52.41495449 ], [ 13.49164851, 52.41503522 ], [ 13.49154045, 52.4148951 ], [ 13.49119062, 52.41447646 ], [ 13.49109525, 52.4143349 ], [ 13.49103154, 52.41426142 ], [ 13.49095368, 52.41420102 ], [ 13.49061525, 52.41400715 ], [ 13.49107332, 52.4136218 ], [ 13.49051104, 52.41353353 ], [ 13.49008539, 52.41350042 ], [ 13.48994155, 52.41368727 ], [ 13.48981432, 52.41362619 ], [ 13.48992127, 52.41349203 ], [ 13.48966085, 52.41348625 ], [ 13.4896259, 52.41353105 ], [ 13.48889235, 52.4134522 ] ] ] } },
{ "type": "Feature", "properties": { "id": "versorggruen_oeff_2020.1868", "importid": 1868, "typ": "Öffentliche Grünanlage" }, "geometry": { "type": "MultiPolygon", "coordinates": [ [ [ [ 13.46354768, 52.42108045 ], [ 13.46734456, 52.42156659 ], [ 13.46727931, 52.4216898 ], [ 13.46694875, 52.42172395 ], [ 13.46665984, 52.42174217 ], [ 13.46635496, 52.42174894 ], [ 13.46607526, 52.42174119 ], [ 13.46574347, 52.42171369 ], [ 13.4653537, 52.42166013 ], [ 13.46426862, 52.42145322 ], [ 13.46379305, 52.42139119 ], [ 13.46349648, 52.42137235 ], [ 13.46321487, 52.42136869 ], [ 13.46278668, 52.42152253 ], [ 13.46288109, 52.42151655 ], [ 13.46317626, 52.42151075 ], [ 13.4635437, 52.42152204 ], [ 13.46381908, 52.42154373 ], [ 13.4641974, 52.42159286 ], [ 13.46458417, 52.42166385 ], [ 13.46500002, 52.42174566 ], [ 13.46535226, 52.42180886 ], [ 13.46570239, 52.4218532 ], [ 13.46605389, 52.42188 ], [ 13.46635329, 52.42188904 ], [ 13.46667609, 52.42188408 ], [ 13.46684575, 52.42187389 ], [ 13.46662228, 52.42257671 ], [ 13.46665431, 52.42258169 ], [ 13.46679044, 52.42253892 ], [ 13.46684142, 52.42253899 ], [ 13.46692982, 52.42255659 ], [ 13.4669293, 52.42257476 ], [ 13.46695715, 52.42258155 ], [ 13.46700293, 52.42263645 ], [ 13.46699272, 52.42265036 ], [ 13.46704754, 52.42266583 ], [ 13.46715372, 52.42270096 ], [ 13.46720489, 52.42272056 ], [ 13.46736272, 52.42278676 ], [ 13.46746938, 52.42283702 ], [ 13.46782126, 52.42301763 ], [ 13.46793863, 52.42307195 ], [ 13.46806045, 52.42312246 ], [ 13.46818641, 52.42316904 ], [ 13.46831008, 52.42320928 ], [ 13.46843282, 52.42324057 ], [ 13.46849608, 52.4232531 ], [ 13.46862494, 52.42327308 ], [ 13.46844261, 52.42144345 ], [ 13.46848187, 52.42143694 ], [ 13.46851198, 52.42142692 ], [ 13.46857582, 52.42139201 ], [ 13.46861527, 52.42137281 ], [ 13.46870991, 52.42133706 ], [ 13.46884507, 52.42128174 ], [ 13.46895098, 52.42123363 ], [ 13.46913314, 52.42123367 ], [ 13.46918077, 52.42120898 ], [ 13.46926551, 52.42116163 ], [ 13.46964395, 52.420933 ], [ 13.46981288, 52.42082777 ], [ 13.47005958, 52.42069205 ], [ 13.47139496, 52.42069381 ], [ 13.47139638, 52.42051023 ], [ 13.47168438, 52.42030782 ], [ 13.47227675, 52.42030854 ], [ 13.47227549, 52.42069496 ], [ 13.47231959, 52.42069502 ], [ 13.47232168, 52.42005309 ], [ 13.47246813, 52.41995371 ], [ 13.47351714, 52.41988534 ], [ 13.47365048, 52.41996523 ], [ 13.47366277, 52.41990816 ], [ 13.47365891, 52.419822 ], [ 13.47280374, 52.41986554 ], [ 13.47265773, 52.4198827 ], [ 13.47229735, 52.4199109 ], [ 13.47193767, 52.4199541 ], [ 13.47168736, 52.41999619 ], [ 13.47142008, 52.42005057 ], [ 13.47109655, 52.42013849 ], [ 13.47077531, 52.42024501 ], [ 13.47041465, 52.42039606 ], [ 13.47000545, 52.42060283 ], [ 13.46976111, 52.42073694 ], [ 13.46957878, 52.42084193 ], [ 13.46932494, 52.42100282 ], [ 13.46911974, 52.4211244 ], [ 13.46884496, 52.42126207 ], [ 13.46844032, 52.42142051 ], [ 13.46830166, 52.42019477 ], [ 13.46814484, 52.41998914 ], [ 13.468033719956551, 52.419996361157118 ], [ 13.46801799981044, 52.420032806647718 ], [ 13.467149489040734, 52.420231941343104 ], [ 13.466319632839927, 52.420428523165768 ], [ 13.465348090174555, 52.42065645530662 ], [ 13.464457306893362, 52.420866520125273 ], [ 13.463675219454618, 52.421050477962481 ], [ 13.46360747711876, 52.421066373821212 ], [ 13.46354768, 52.42108045 ] ], [ [ 13.47205543, 52.4200665 ], [ 13.47205644, 52.42010386 ], [ 13.47213378, 52.42010519 ], [ 13.47213287, 52.4201495 ], [ 13.47205964, 52.42014953 ], [ 13.47205819, 52.42021821 ], [ 13.47186638, 52.42021648 ], [ 13.47186752, 52.42006403 ], [ 13.47205543, 52.4200665 ] ], [ [ 13.46584006, 52.42179497 ], [ 13.46584, 52.42181294 ], [ 13.46578116, 52.42181286 ], [ 13.46578122, 52.42179543 ], [ 13.46584006, 52.42179497 ] ] ], [ [ [ 13.46804884, 52.41996198 ], [ 13.46804651045815, 52.419962396374729 ], [ 13.468037390163614, 52.419987539660717 ], [ 13.46804884, 52.41996198 ] ] ] ] } },
{ "type": "Feature", "properties": { "id": "versorggruen_oeff_2020.1876", "importid": 1876, "typ": "Öffentliche Grünanlage" }, "geometry": { "type": "Polygon", "coordinates": [ [ [ 13.45259178, 52.44966269 ], [ 13.45304466, 52.44973083 ], [ 13.45329644, 52.44910671 ], [ 13.4536434, 52.44824695 ], [ 13.4531927, 52.44817924 ], [ 13.45288707, 52.44893376 ], [ 13.45241607, 52.44886262 ], [ 13.45237375, 52.44896733 ], [ 13.45284487, 52.44903849 ], [ 13.45259178, 52.44966269 ] ] ] } },
{ "type": "Feature", "properties": { "id": "versorggruen_oeff_2020.1877", "importid": 1877, "typ": "Öffentliche Grünanlage" }, "geometry": { "type": "Polygon", "coordinates": [ [ [ 13.43678133, 52.4716879 ], [ 13.43682709, 52.47169258 ], [ 13.43680949, 52.47174742 ], [ 13.43681239, 52.4717478 ], [ 13.43680982, 52.47175503 ], [ 13.43681864, 52.47179903 ], [ 13.43678269, 52.47182791 ], [ 13.43676559, 52.47188259 ], [ 13.43671873, 52.47187676 ], [ 13.43663052, 52.47214292 ], [ 13.43745494, 52.47224463 ], [ 13.43724282, 52.47294318 ], [ 13.43733379, 52.4729693 ], [ 13.43775284, 52.47312481 ], [ 13.43782607, 52.47310506 ], [ 13.43782997, 52.47309352 ], [ 13.43784342, 52.47308026 ], [ 13.43791792, 52.47298485 ], [ 13.43820471, 52.47216092 ], [ 13.43816058, 52.47211637 ], [ 13.43819721, 52.4720066 ], [ 13.43822552, 52.47191975 ], [ 13.43910969, 52.47202161 ], [ 13.43942996, 52.47107081 ], [ 13.43665919, 52.47073877 ], [ 13.43631846, 52.47069782 ], [ 13.4360246, 52.47158236 ], [ 13.43637112, 52.47162178 ], [ 13.43678752, 52.47166922 ], [ 13.43678133, 52.4716879 ] ] ] } },
{ "type": "Feature", "properties": { "id": "versorggruen_oeff_2020.1878", "importid": 1878, "typ": "Öffentliche Grünanlage" }, "geometry": { "type": "Polygon", "coordinates": [ [ [ 13.49783201, 52.42051052 ], [ 13.49841008, 52.42067436 ], [ 13.49915264, 52.42104496 ], [ 13.49949491, 52.42132409 ], [ 13.50014471, 52.42226174 ], [ 13.50011698, 52.42228276 ], [ 13.50020303, 52.42237189 ], [ 13.50027262, 52.4224533 ], [ 13.50033017, 52.42252957 ], [ 13.5003915, 52.42262112 ], [ 13.50044064, 52.4227078 ], [ 13.50047595, 52.4227806 ], [ 13.50051937, 52.42288555 ], [ 13.50054792, 52.42297563 ], [ 13.50057637, 52.42310264 ], [ 13.50130635, 52.42304995 ], [ 13.50127995, 52.42292509 ], [ 13.50125448, 52.42283637 ], [ 13.50122342, 52.42274808 ], [ 13.50118794, 52.4226642 ], [ 13.50188945, 52.42212565 ], [ 13.50185679, 52.42208302 ], [ 13.50202754, 52.42194885 ], [ 13.50124068, 52.42158792 ], [ 13.50123854, 52.42158968 ], [ 13.50124038, 52.42159052 ], [ 13.50118302, 52.42163742 ], [ 13.50173886, 52.42189094 ], [ 13.50165752, 52.42196104 ], [ 13.50086045, 52.42260769 ], [ 13.50072738, 52.42250286 ], [ 13.50053226, 52.42219903 ], [ 13.50046077, 52.42212625 ], [ 13.50039684, 52.4221781 ], [ 13.500396, 52.42217673 ], [ 13.50037597, 52.42219316 ], [ 13.49939966, 52.42070427 ], [ 13.49942988, 52.42067986 ], [ 13.49880372, 52.42036717 ], [ 13.49897649, 52.42022759 ], [ 13.49945159, 52.41984438 ], [ 13.49965603, 52.41967864 ], [ 13.49930987, 52.4195298 ], [ 13.49912652, 52.41968807 ], [ 13.49902061, 52.4197795 ], [ 13.49884754, 52.41970571 ], [ 13.49879277, 52.41973584 ], [ 13.498604, 52.41989482 ], [ 13.49834339, 52.4201034 ], [ 13.49783201, 52.42051052 ] ] ] } },
{ "type": "Feature", "properties": { "id": "versorggruen_oeff_2020.1891", "importid": 1891, "typ": "Öffentliche Grünanlage" }, "geometry": { "type": "Polygon", "coordinates": [ [ [ 13.43511893, 52.47600031 ], [ 13.43492183, 52.47658593 ], [ 13.43503259, 52.47659931 ], [ 13.43488658, 52.47704527 ], [ 13.4355592, 52.47713551 ], [ 13.43569611, 52.47671768 ], [ 13.43557953, 52.47662978 ], [ 13.43555377, 52.47652361 ], [ 13.43541108, 52.47650431 ], [ 13.43552098, 52.47613729 ], [ 13.43560288, 52.47609744 ], [ 13.43605946, 52.47614958 ], [ 13.43644447, 52.47611003 ], [ 13.43675751, 52.47600736 ], [ 13.43690567, 52.47602297 ], [ 13.43685332, 52.47617782 ], [ 13.43683813, 52.47622273 ], [ 13.43706349, 52.47624878 ], [ 13.43712934, 52.47605695 ], [ 13.4371393, 52.47602794 ], [ 13.43734017, 52.47544266 ], [ 13.4373513, 52.47541022 ], [ 13.43746088, 52.47509093 ], [ 13.43747309, 52.47505537 ], [ 13.43756381, 52.47479107 ], [ 13.43754388, 52.47477324 ], [ 13.43645351, 52.47463327 ], [ 13.43649999, 52.47449981 ], [ 13.4362323, 52.47446604 ], [ 13.4355722, 52.47450702 ], [ 13.43551103, 52.47449892 ], [ 13.43508414, 52.47452377 ], [ 13.43407566, 52.47474481 ], [ 13.43374329, 52.47573171 ], [ 13.43409485, 52.4757766 ], [ 13.4344174, 52.47595775 ], [ 13.43505229, 52.47603103 ], [ 13.43506686, 52.4759934 ], [ 13.43511893, 52.47600031 ] ], [ [ 13.43509371, 52.47479781 ], [ 13.43502685, 52.47478928 ], [ 13.43506501, 52.47467618 ], [ 13.43533675, 52.47471059 ], [ 13.43529857, 52.47482386 ], [ 13.43527799, 52.47482123 ], [ 13.43517724, 52.47511978 ], [ 13.4349925, 52.47509728 ], [ 13.43509371, 52.47479781 ] ], [ [ 13.43449068, 52.47508458 ], [ 13.4346677, 52.47510668 ], [ 13.43466222, 52.47512278 ], [ 13.43487884, 52.47515005 ], [ 13.43485919, 52.47520786 ], [ 13.4348012, 52.47520054 ], [ 13.43479411, 52.47522578 ], [ 13.43463433, 52.47520573 ], [ 13.43459749, 52.47531616 ], [ 13.43458049, 52.47531401 ], [ 13.43457336, 52.47533821 ], [ 13.43447971, 52.47532684 ], [ 13.43448801, 52.47530234 ], [ 13.43441989, 52.47529378 ], [ 13.43449068, 52.47508458 ] ] ] } },
{ "type": "Feature", "properties": { "id": "versorggruen_oeff_2020.1892", "importid": 1892, "typ": "Öffentliche Grünanlage" }, "geometry": { "type": "Polygon", "coordinates": [ [ [ 13.43911085, 52.47388965 ], [ 13.43914494, 52.47376687 ], [ 13.43874373, 52.47365683 ], [ 13.43861637, 52.47362168 ], [ 13.43808485, 52.47345396 ], [ 13.43709704, 52.47310003 ], [ 13.43688965, 52.47302834 ], [ 13.43677725, 52.47299192 ], [ 13.4367215, 52.47297648 ], [ 13.43667013, 52.47296491 ], [ 13.43637037, 52.47292524 ], [ 13.43609074, 52.47289011 ], [ 13.43562622, 52.47434616 ], [ 13.43639219, 52.47431073 ], [ 13.4364796, 52.47431734 ], [ 13.43732845, 52.47442467 ], [ 13.43789655, 52.47425415 ], [ 13.4379681, 52.47423267 ], [ 13.43911085, 52.47388965 ] ] ] } },
{ "type": "Feature", "properties": { "id": "versorggruen_oeff_2020.1893", "importid": 1893, "typ": "Öffentliche Grünanlage" }, "geometry": { "type": "Polygon", "coordinates": [ [ [ 13.40824923, 52.42090385 ], [ 13.40820842, 52.42089326 ], [ 13.40818646, 52.42110788 ], [ 13.40844278, 52.42135157 ], [ 13.40843691, 52.42135238 ], [ 13.40843648, 52.42135132 ], [ 13.40782561, 52.42143715 ], [ 13.40790333, 52.42165208 ], [ 13.40927736, 52.42146644 ], [ 13.40930546, 52.42147382 ], [ 13.40974442, 52.42142184 ], [ 13.40972231, 52.42141558 ], [ 13.40998857, 52.42137871 ], [ 13.40997362, 52.42133837 ], [ 13.41014757, 52.42131428 ], [ 13.41015118, 52.42132402 ], [ 13.41024461, 52.42131108 ], [ 13.41027785, 52.42130988 ], [ 13.41031859, 52.4213178 ], [ 13.41036296, 52.42119468 ], [ 13.41032432, 52.42109038 ], [ 13.40960012, 52.42119077 ], [ 13.4094697, 52.4211945 ], [ 13.4094735, 52.42120837 ], [ 13.40943288, 52.42121401 ], [ 13.40898842, 52.42109767 ], [ 13.40824923, 52.42090385 ] ] ] } },
{ "type": "Feature", "properties": { "id": "versorggruen_oeff_2020.1912", "importid": 1912, "typ": "Öffentliche Grünanlage" }, "geometry": { "type": "MultiPolygon", "coordinates": [ [ [ [ 13.47364577, 52.46943168 ], [ 13.47356031, 52.46941465 ], [ 13.47357101, 52.46941877 ], [ 13.47357282, 52.46941917 ], [ 13.47357456, 52.46941968 ], [ 13.47357626, 52.46942024 ], [ 13.47357786, 52.46942089 ], [ 13.47357942, 52.46942159 ], [ 13.47358087, 52.46942237 ], [ 13.47358225, 52.46942319 ], [ 13.4735835, 52.46942408 ], [ 13.47358469, 52.46942501 ], [ 13.47358573, 52.469426 ], [ 13.47358669, 52.46942702 ], [ 13.4735875, 52.46942809 ], [ 13.47358823, 52.46942918 ], [ 13.47358878, 52.46943031 ], [ 13.47358925, 52.46943145 ], [ 13.47358955, 52.46943261 ], [ 13.47358976, 52.46943378 ], [ 13.47358979, 52.46943496 ], [ 13.47358973, 52.46943614 ], [ 13.47358949, 52.46943731 ], [ 13.47358917, 52.46943847 ], [ 13.47358867, 52.46943961 ], [ 13.4736378, 52.4694494 ], [ 13.473661964720236, 52.46945873237059 ], [ 13.473677319793421, 52.469443874459564 ], [ 13.47364577, 52.46943168 ] ] ], [ [ [ 13.47497994, 52.45947277 ], [ 13.47517339, 52.45990536 ], [ 13.47522157, 52.45997013 ], [ 13.47528113, 52.4600634 ], [ 13.47533247, 52.46014829 ], [ 13.475332487454045, 52.460148288559729 ], [ 13.475332464027467, 52.460148249832045 ], [ 13.475281127634986, 52.460063350655588 ], [ 13.475234390351462, 52.459990190151181 ], [ 13.475221558202618, 52.459970082513408 ], [ 13.475173382860952, 52.459905319084825 ], [ 13.474979938761388, 52.459472727893029 ], [ 13.474963446669806, 52.459309002242335 ], [ 13.47497994, 52.45947277 ] ] ], [ [ [ 13.47495145, 52.45919036 ], [ 13.474951709017549, 52.45919255772467 ], [ 13.474951449643031, 52.459190308132293 ], [ 13.47495145, 52.45919036 ] ] ] ] } },
{ "type": "Feature", "properties": { "id": "versorggruen_oeff_2020.1913", "importid": 1913, "typ": "Öffentliche Grünanlage" }, "geometry": { "type": "MultiPolygon", "coordinates": [ [ [ [ 13.4220466, 52.46182237 ], [ 13.42205086, 52.46188744 ], [ 13.42210048, 52.46223151 ], [ 13.42211801, 52.46219113 ], [ 13.42213378, 52.46215763 ], [ 13.42215071, 52.46212415 ], [ 13.42216937, 52.46209119 ], [ 13.42218984, 52.4620587 ], [ 13.42224067, 52.46197603 ], [ 13.4222814, 52.46191732 ], [ 13.42229801, 52.46189497 ], [ 13.4223286, 52.46185969 ], [ 13.42236423, 52.46182625 ], [ 13.42239382, 52.46180153 ], [ 13.42242494, 52.46177753 ], [ 13.42245682, 52.46175389 ], [ 13.42249017, 52.46173102 ], [ 13.42254183, 52.46169729 ], [ 13.42259661, 52.46166544 ], [ 13.42265541, 52.46166247 ], [ 13.42272505, 52.46165858 ], [ 13.42279459, 52.46165405 ], [ 13.42286406, 52.4616492 ], [ 13.42293342, 52.46164372 ], [ 13.42300512, 52.46163769 ], [ 13.42307666, 52.46163098 ], [ 13.42314811, 52.46162394 ], [ 13.42321938, 52.46161622 ], [ 13.42329054, 52.46160816 ], [ 13.42336149, 52.46159943 ], [ 13.42343233, 52.46159036 ], [ 13.42350293, 52.46158062 ], [ 13.42351371, 52.46154065 ], [ 13.42368801, 52.46151768 ], [ 13.42375129, 52.46150963 ], [ 13.42381475, 52.46150213 ], [ 13.42387829, 52.46149489 ], [ 13.42394198, 52.46148819 ], [ 13.42400576, 52.46148176 ], [ 13.42406967, 52.46147587 ], [ 13.42413365, 52.46147025 ], [ 13.42419774, 52.46146517 ], [ 13.42431769, 52.46145621 ], [ 13.42533619, 52.46156319 ], [ 13.42635677, 52.46167041 ], [ 13.42649776, 52.46168801 ], [ 13.42674377, 52.4617187 ], [ 13.42698905, 52.46174931 ], [ 13.42749369, 52.46181234 ], [ 13.42754433, 52.46181865 ], [ 13.42770343, 52.46183848 ], [ 13.42775395, 52.46184478 ], [ 13.42833682, 52.46191756 ], [ 13.4289784, 52.46199764 ], [ 13.42905908, 52.46200768 ], [ 13.42916631, 52.46202104 ], [ 13.42935498, 52.462044 ], [ 13.43030455, 52.46215964 ], [ 13.43084837, 52.46222585 ], [ 13.43109381, 52.46225565 ], [ 13.43174167, 52.46233454 ], [ 13.43242549, 52.46244252 ], [ 13.43266761, 52.46248075 ], [ 13.43293931, 52.4625237 ], [ 13.433019, 52.46253858 ], [ 13.43339051, 52.46260784 ], [ 13.43343136, 52.46261546 ], [ 13.43349861, 52.46244283 ], [ 13.43374753, 52.46248548 ], [ 13.43405201, 52.46253756 ], [ 13.43406336, 52.46253951 ], [ 13.4342521, 52.46257185 ], [ 13.43427582, 52.46249712 ], [ 13.43426016, 52.46247661 ], [ 13.43428735, 52.46238229 ], [ 13.43422322, 52.46235613 ], [ 13.43392894, 52.46232981 ], [ 13.43386189, 52.46232409 ], [ 13.43379481, 52.4623185 ], [ 13.43372771, 52.46231297 ], [ 13.43366059, 52.46230756 ], [ 13.43359345, 52.46230222 ], [ 13.43352628, 52.462297 ], [ 13.43345911, 52.46229185 ], [ 13.4333919, 52.46228682 ], [ 13.43332469, 52.46228186 ], [ 13.43325745, 52.46227702 ], [ 13.43319019, 52.46227225 ], [ 13.43312292, 52.4622676 ], [ 13.43278002, 52.46225398 ], [ 13.43278098, 52.46224072 ], [ 13.43278491, 52.46218579 ], [ 13.43278587, 52.46217236 ], [ 13.43278656, 52.46216495 ], [ 13.43314246, 52.46218529 ], [ 13.4332105, 52.46219005 ], [ 13.43327851, 52.46219494 ], [ 13.43334651, 52.46219989 ], [ 13.43341449, 52.46220498 ], [ 13.43348245, 52.46221012 ], [ 13.43355038, 52.4622154 ], [ 13.4336183, 52.46222074 ], [ 13.4336862, 52.46222621 ], [ 13.43375408, 52.46223174 ], [ 13.43382193, 52.4622374 ], [ 13.43388977, 52.46224313 ], [ 13.43395758, 52.46224898 ], [ 13.43425356, 52.46227429 ], [ 13.43432471, 52.46228038 ], [ 13.43435186, 52.46219844 ], [ 13.43435768, 52.46218075 ], [ 13.43435977, 52.46217438 ], [ 13.43435447, 52.46217382 ], [ 13.43429285, 52.46216732 ], [ 13.43423987, 52.46216172 ], [ 13.43424023, 52.46216035 ], [ 13.43425583, 52.46210118 ], [ 13.43431005, 52.46210693 ], [ 13.43437165, 52.46211346 ], [ 13.43437961, 52.46211431 ], [ 13.4344112, 52.46201899 ], [ 13.43441773, 52.46199921 ], [ 13.4343943, 52.46199678 ], [ 13.43398858, 52.46195476 ], [ 13.43392075, 52.46194898 ], [ 13.43385289, 52.46194334 ], [ 13.433785, 52.46193778 ], [ 13.43371709, 52.46193236 ], [ 13.43364916, 52.46192702 ], [ 13.4335812, 52.46192183 ], [ 13.43351323, 52.46191671 ], [ 13.43344523, 52.46191174 ], [ 13.43337721, 52.46190684 ], [ 13.43330916, 52.46190209 ], [ 13.432763, 52.46187575 ], [ 13.4323075, 52.46186019 ], [ 13.43230749, 52.46186019 ], [ 13.43230848, 52.46184958 ], [ 13.43231355, 52.46179569 ], [ 13.43231472, 52.4617831 ], [ 13.432315, 52.46178006 ], [ 13.43114013, 52.46172246 ], [ 13.43114058, 52.46172093 ], [ 13.43090197, 52.46171478 ], [ 13.4302984, 52.46163057 ], [ 13.43006301, 52.46159772 ], [ 13.42940601, 52.46150558 ], [ 13.42940193, 52.46151301 ], [ 13.42939681, 52.46152019 ], [ 13.42939118, 52.46152723 ], [ 13.42938457, 52.46153394 ], [ 13.42937749, 52.46154047 ], [ 13.42936949, 52.4615466 ], [ 13.42936107, 52.4615525 ], [ 13.42935184, 52.46155794 ], [ 13.42934223, 52.46156313 ], [ 13.42933191, 52.46156778 ], [ 13.42932127, 52.46157215 ], [ 13.42931005, 52.46157594 ], [ 13.42929856, 52.46157943 ], [ 13.42928662, 52.46158229 ], [ 13.42927449, 52.46158483 ], [ 13.42926204, 52.46158672 ], [ 13.42924947, 52.46158827 ], [ 13.42923673, 52.46158914 ], [ 13.42922393, 52.46158968 ], [ 13.42921111, 52.46158953 ], [ 13.42919831, 52.46158904 ], [ 13.42918563, 52.46158787 ], [ 13.42910591, 52.46157673 ], [ 13.42878172, 52.46153134 ], [ 13.42845985, 52.46148633 ], [ 13.42821212, 52.46145176 ], [ 13.42801286, 52.46142383 ], [ 13.42791708, 52.46162147 ], [ 13.42781153, 52.46160287 ], [ 13.42755412, 52.46155651 ], [ 13.42670708, 52.4614033 ], [ 13.42675906, 52.46129671 ], [ 13.42676539, 52.46129511 ], [ 13.42677788, 52.46126664 ], [ 13.42678435, 52.46125189 ], [ 13.42666787, 52.46123554 ], [ 13.42638628, 52.46119614 ], [ 13.42639052, 52.46113218 ], [ 13.42639052, 52.46113217 ], [ 13.42638382, 52.46113161 ], [ 13.42595065, 52.46109494 ], [ 13.4259284, 52.46110317 ], [ 13.42586591, 52.46109462 ], [ 13.42571737, 52.46114577 ], [ 13.42545733, 52.46112996 ], [ 13.42538498, 52.46105768 ], [ 13.42533849, 52.46105805 ], [ 13.42444675, 52.46106461 ], [ 13.42334831, 52.46094104 ], [ 13.42310804, 52.46091395 ], [ 13.42302076, 52.46127173 ], [ 13.42300921, 52.46131853 ], [ 13.4223949, 52.46143586 ], [ 13.421971979844605, 52.461516246228051 ], [ 13.422030817741735, 52.461607518765582 ], [ 13.422031050988988, 52.46161088177228 ], [ 13.4220466, 52.46182237 ] ] ], [ [ [ 13.43490793, 52.46241344 ], [ 13.43494442, 52.46241759 ], [ 13.43503219, 52.46242753 ], [ 13.43512513, 52.46243806 ], [ 13.43529941, 52.46245781 ], [ 13.43537101, 52.46246592 ], [ 13.43554306, 52.46248543 ], [ 13.43554852, 52.46248607 ], [ 13.43571337, 52.46250476 ], [ 13.43588691, 52.46252436 ], [ 13.43607631, 52.46254515 ], [ 13.43622897, 52.46256193 ], [ 13.43639967, 52.46258064 ], [ 13.43674277, 52.4626182 ], [ 13.43685705, 52.4626307 ], [ 13.43691544, 52.46263718 ], [ 13.43695101, 52.46264101 ], [ 13.43709322, 52.4626567 ], [ 13.43726705, 52.46267575 ], [ 13.43743926, 52.46269527 ], [ 13.43758806, 52.46271213 ], [ 13.43754336, 52.46286529 ], [ 13.4374741, 52.4631026 ], [ 13.43747008, 52.46311638 ], [ 13.43751764, 52.46315911 ], [ 13.43752159, 52.4631456 ], [ 13.43753923, 52.46308505 ], [ 13.43754367, 52.46307981 ], [ 13.43754884, 52.46307482 ], [ 13.43755436, 52.46306998 ], [ 13.43756054, 52.46306544 ], [ 13.43756703, 52.46306107 ], [ 13.43757412, 52.46305705 ], [ 13.43758148, 52.46305323 ], [ 13.43758936, 52.46304981 ], [ 13.43759747, 52.4630466 ], [ 13.437606, 52.46304383 ], [ 13.43761472, 52.46304128 ], [ 13.43762377, 52.46303921 ], [ 13.43763295, 52.46303737 ], [ 13.43764236, 52.46303603 ], [ 13.43765186, 52.46303493 ], [ 13.43766148, 52.46303434 ], [ 13.43767113, 52.463034 ], [ 13.43768079, 52.46303418 ], [ 13.43769042, 52.4630346 ], [ 13.43769997, 52.46303553 ], [ 13.43775024, 52.46303906 ], [ 13.43779643, 52.4630423 ], [ 13.43779991, 52.46304255 ], [ 13.43780563, 52.46300909 ], [ 13.43775721, 52.46300563 ], [ 13.43783411, 52.46273949 ], [ 13.43795983, 52.46275342 ], [ 13.43800078, 52.46275797 ], [ 13.43825925, 52.46278671 ], [ 13.4383069, 52.46279199 ], [ 13.43834014, 52.46279573 ], [ 13.43848189, 52.46281151 ], [ 13.43857999, 52.46282236 ], [ 13.43865659, 52.46283091 ], [ 13.43883192, 52.46285034 ], [ 13.4389038, 52.46285836 ], [ 13.43900748, 52.46286986 ], [ 13.43935689, 52.4629087 ], [ 13.43953323, 52.46292829 ], [ 13.43970955, 52.46294788 ], [ 13.43987379, 52.46296611 ], [ 13.44004117, 52.46298471 ], [ 13.4401635, 52.46269536 ], [ 13.44016706, 52.46268694 ], [ 13.43848314, 52.46249789 ], [ 13.43722169, 52.46235349 ], [ 13.43487642, 52.46208498 ], [ 13.43485652, 52.46209358 ], [ 13.43484915, 52.4620968 ], [ 13.43479508, 52.46224301 ], [ 13.43473988, 52.46239444 ], [ 13.43490793, 52.46241344 ] ] ], [ [ [ 13.43772645, 52.46232025 ], [ 13.43791762, 52.4623425 ], [ 13.43811025, 52.46236402 ], [ 13.43818804, 52.46211614 ], [ 13.43820361, 52.46206651 ], [ 13.43816289, 52.46206206 ], [ 13.43826617, 52.46175208 ], [ 13.43804102, 52.4617264 ], [ 13.43782044, 52.46170122 ], [ 13.4377847, 52.4618048 ], [ 13.43778322, 52.46180461 ], [ 13.43773181, 52.46195715 ], [ 13.43771334, 52.46201192 ], [ 13.43762232, 52.46230814 ], [ 13.43772645, 52.46232025 ] ] ] ] } },
{ "type": "Feature", "properties": { "id": "versorggruen_oeff_2020.1915", "importid": 1915, "typ": "Öffentliche Grünanlage" }, "geometry": { "type": "MultiPolygon", "coordinates": [ [ [ [ 13.51599154, 52.40204701 ], [ 13.515989526393602, 52.402088905711501 ], [ 13.515991547749714, 52.40204696756053 ], [ 13.515997123798815, 52.401924687735089 ], [ 13.51599154, 52.40204701 ] ] ], [ [ [ 13.51598488, 52.40218558 ], [ 13.51617146, 52.40230806 ], [ 13.51640734, 52.40246294 ], [ 13.51644577, 52.40248814 ], [ 13.51666653, 52.40263312 ], [ 13.51671993, 52.40266822 ], [ 13.51692544, 52.40280312 ], [ 13.51696775, 52.40283091 ], [ 13.516979547100577, 52.402838654966203 ], [ 13.516979565333386, 52.402838627172621 ], [ 13.516925441090738, 52.402803080582011 ], [ 13.516719931423085, 52.40266817977183 ], [ 13.51666652751692, 52.402633082663037 ], [ 13.516445760987548, 52.402488099684618 ], [ 13.516407328087086, 52.402462900752035 ], [ 13.516171460539651, 52.40230801731272 ], [ 13.515984881730322, 52.402185543998371 ], [ 13.51598488, 52.40218558 ] ] ], [ [ [ 13.51665215, 52.40333731 ], [ 13.51704153, 52.40356845 ], [ 13.51687805, 52.40372062 ], [ 13.51682754, 52.40376757 ], [ 13.51674845, 52.40384119 ], [ 13.51665818, 52.40392513 ], [ 13.51661885, 52.40396185 ], [ 13.51655832, 52.40401805 ], [ 13.51648881, 52.40408287 ], [ 13.51632754, 52.40423289 ], [ 13.51615008, 52.40439799 ], [ 13.51598881, 52.40454809 ], [ 13.51582739, 52.40469838 ], [ 13.51566597, 52.40484849 ], [ 13.5155047, 52.40499859 ], [ 13.51542267, 52.4050749 ], [ 13.51536346, 52.40512993 ], [ 13.51522236, 52.40526128 ], [ 13.51492235, 52.40554039 ], [ 13.51484164, 52.40561544 ], [ 13.51476092, 52.40569058 ], [ 13.51473323, 52.40571635 ], [ 13.51452571, 52.40590946 ], [ 13.51438461, 52.4060408 ], [ 13.51424336, 52.40617214 ], [ 13.51410211, 52.40630357 ], [ 13.51403466, 52.40636309 ], [ 13.51397618, 52.40641731 ], [ 13.51397, 52.40642306 ], [ 13.51396028, 52.40643203 ], [ 13.51381975, 52.40656634 ], [ 13.51367865, 52.40669768 ], [ 13.51353739, 52.40682902 ], [ 13.51339614, 52.40696045 ], [ 13.51325503, 52.40709179 ], [ 13.51311377, 52.40722322 ], [ 13.51297266, 52.40735456 ], [ 13.51283141, 52.4074859 ], [ 13.51269015, 52.40761733 ], [ 13.51254904, 52.40774867 ], [ 13.51240778, 52.4078801 ], [ 13.51226666, 52.40801144 ], [ 13.5121254, 52.40814277 ], [ 13.51196942, 52.40828398 ], [ 13.5118887, 52.40835894 ], [ 13.51180797, 52.40843408 ], [ 13.51199235, 52.40850786 ], [ 13.51215394, 52.40835758 ], [ 13.51415422, 52.4064971 ], [ 13.51421873, 52.40643704 ], [ 13.51605893, 52.40717695 ], [ 13.51599427, 52.40723692 ], [ 13.51463818, 52.40849369 ], [ 13.51424135, 52.4088632 ], [ 13.51384978, 52.40922593 ], [ 13.51385046, 52.4092262 ], [ 13.51527732, 52.4098168 ], [ 13.51680581, 52.41044947 ], [ 13.51686057, 52.41047216 ], [ 13.51761909, 52.41078507 ], [ 13.51774676, 52.41067371 ], [ 13.5189529, 52.40962157 ], [ 13.51846623, 52.40942 ], [ 13.51828377, 52.40934444 ], [ 13.51962532, 52.40817398 ], [ 13.5208733, 52.40708511 ], [ 13.52102256, 52.40695488 ], [ 13.52110245, 52.40698315 ], [ 13.52137454, 52.40750883 ], [ 13.5220439, 52.40880198 ], [ 13.52245758, 52.4096464 ], [ 13.52243622, 52.40964949 ], [ 13.52242131, 52.40965165 ], [ 13.52244823, 52.40973886 ], [ 13.52254348, 52.41004732 ], [ 13.52255288, 52.41007784 ], [ 13.52269051, 52.41059139 ], [ 13.52290054, 52.41040853 ], [ 13.52298344, 52.41077529 ], [ 13.523025518143136, 52.41096469575443 ], [ 13.523083889339468, 52.410916430625171 ], [ 13.523184761220989, 52.410832041714897 ], [ 13.52319816489511, 52.410820822451612 ], [ 13.523175387177881, 52.410730382304642 ], [ 13.523121575264502, 52.410590677705258 ], [ 13.523013450924179, 52.410309946630214 ], [ 13.522979428188515, 52.410221906660752 ], [ 13.52280503, 52.40979444 ], [ 13.52273606, 52.40961066 ], [ 13.52267491, 52.40944759 ], [ 13.52266818, 52.4094297 ], [ 13.52266527, 52.40942145 ], [ 13.52265876, 52.40940701 ], [ 13.52265271, 52.40939364 ], [ 13.52229621, 52.40860387 ], [ 13.52217978, 52.40834596 ], [ 13.52217173, 52.40832811 ], [ 13.5221675, 52.40832006 ], [ 13.52216236, 52.40831024 ], [ 13.52215321, 52.40829276 ], [ 13.52204298, 52.40808257 ], [ 13.52187104, 52.40775479 ], [ 13.52185973, 52.40773326 ], [ 13.52185276, 52.40771909 ], [ 13.52184402, 52.40770144 ], [ 13.52162648, 52.40726095 ], [ 13.521623066764429, 52.407254036525195 ], [ 13.52101599150456, 52.406714941110984 ], [ 13.520975513885373, 52.406679045695618 ], [ 13.520621266940497, 52.406423419478983 ], [ 13.520595298433872, 52.40640470767989 ], [ 13.520706654444131, 52.406293280960575 ], [ 13.520622014054794, 52.406232808522716 ], [ 13.519813024154853, 52.405660081010211 ], [ 13.519464641250172, 52.405414163100467 ], [ 13.519053344147212, 52.405123426500246 ], [ 13.519330755634675, 52.404940165501621 ], [ 13.518769847718746, 52.404664124322657 ], [ 13.518362767063362, 52.404390916769565 ], [ 13.517547118179124, 52.403863009358332 ], [ 13.517126331647081, 52.403614944501506 ], [ 13.517041821840523, 52.403564900745423 ], [ 13.516653618357402, 52.403335075082317 ], [ 13.51665215, 52.40333731 ] ] ], [ [ [ 13.52322064, 52.41184859 ], [ 13.523237664564157, 52.411911872622873 ], [ 13.523256335307645, 52.411893165174362 ], [ 13.523306867762223, 52.411842610150764 ], [ 13.523374547123124, 52.411775231177273 ], [ 13.523386996591595, 52.411762837179751 ], [ 13.52338344, 52.41172859 ], [ 13.52335724, 52.41156566 ], [ 13.52335129, 52.41153343 ], [ 13.52334846, 52.41151816 ], [ 13.52318272, 52.41132752 ], [ 13.523133796572912, 52.4112711049506 ], [ 13.523079678614856, 52.411208728799409 ], [ 13.52308364, 52.41122657 ], [ 13.52311443, 52.4113652 ], [ 13.52313595, 52.41146316 ], [ 13.52314555, 52.41150679 ], [ 13.52316265, 52.41158453 ], [ 13.52322064, 52.41184859 ] ] ], [ [ [ 13.523265908029733, 52.412612595358041 ], [ 13.523440647813551, 52.412427248195094 ], [ 13.52344015, 52.41241773 ], [ 13.52325936, 52.41229806 ], [ 13.523265908029733, 52.412612595358041 ] ] ], [ [ [ 13.523635250140623, 52.413759585834967 ], [ 13.523758374425762, 52.413711427442763 ], [ 13.523787156635926, 52.413700258453112 ], [ 13.524052179991717, 52.413596737500093 ], [ 13.524063280598067, 52.413592363556468 ], [ 13.52378722, 52.41334408 ], [ 13.52359753, 52.41317348 ], [ 13.523482566651158, 52.413012570051301 ], [ 13.52342537265301, 52.412932542568072 ], [ 13.52326798103641, 52.412712269829584 ], [ 13.52329026, 52.41378342 ], [ 13.52321292, 52.41380252 ], [ 13.52318881, 52.41380848 ], [ 13.52318271, 52.41385364 ], [ 13.52312568, 52.41386771 ], [ 13.523181455896589, 52.413936790147197 ], [ 13.523187046079297, 52.413934607178739 ], [ 13.523451085298408, 52.413831495881162 ], [ 13.52348888286172, 52.413816701111671 ], [ 13.523507464952781, 52.413809498725826 ], [ 13.523635250140623, 52.413759585834967 ] ] ] ] } }
]
}
